ts_code,trade_date,pe_ttm,pb,ps_ttm,total_mv,circ_mv
920491.BJ,20251009,52.0286,4.6383,7.1622,475087.9439,389025.689
603829.SH,20251009,28.8163,3.3043,1.6326,357778.4895,357778.4895
002646.SZ,20251009,328.3614,1.6,3.9246,458985.4391,455940.5798
003025.SZ,20251009,30.01,3.3374,6.1788,399522.6561,318567.2107
300552.SZ,20251009,,3.2798,6.1037,594215.1163,384081.6437
300801.SZ,20251009,47.4794,2.3516,2.19,582552.81,364021.8304
601369.SH,20251009,14.8685,1.7305,1.4614,1482188.0631,1466984.5488
002518.SZ,20251009,57.4978,5.5458,5.5853,2474456.6495,2401846.7595
600597.SH,20251009,17.6368,1.1896,0.4835,1162053.3822,1162037.871
603515.SH,20251009,14.4517,2.2274,1.8461,1282341.5993,1266993.0721
603105.SH,20251009,24.5155,2.3278,6.6945,477506.3746,477506.3746
603132.SH,20251009,28.3767,4.7801,9.0636,1463088.0,1463088.0
002913.SZ,20251009,43.2599,3.2273,2.836,1413206.3243,1343404.0798
600956.SH,20251009,20.1036,1.5557,1.6519,3326703.2207,1857338.1435
601818.SH,20251009,4.7459,0.4097,1.5094,19852745.1565,15592690.0285
600926.SH,20251009,5.9319,0.8602,2.8266,11061977.8882,11061977.8882
002166.SZ,20251009,42.8985,1.9179,3.1031,584388.2269,580355.2429
920047.BJ,20251009,,21.8581,93.8649,681840.1274,447744.5775
000529.SZ,20251009,27.7449,1.0882,1.5302,345603.8754,337371.5512
300559.SZ,20251009,178.507,5.121,13.8703,614453.404,478528.4492
603189.SH,20251009,672.2184,4.1618,21.9901,624813.073,624813.073
688426.SH,20251009,,2.2304,21.5504,314307.4425,106153.3696
001389.SZ,20251009,39.7967,9.9485,7.5805,3375940.665,1192771.8731
600841.SH,20251009,,2.774,1.5956,890981.5853,669621.7187
300968.SZ,20251009,229.109,3.4901,5.3758,656447.44,656447.44
300634.SZ,20251009,50.0369,4.3912,6.9171,1238573.9205,1192904.2575
300295.SZ,20251009,,2.079,25.6042,233604.0956,206391.894
688370.SH,20251009,86.359,1.4108,6.5834,370876.8127,118341.3588
301106.SZ,20251009,32.0144,2.4611,3.4882,306794.8104,306794.8104
300126.SZ,20251009,,2.7995,6.4623,293623.0416,203490.5121
920578.BJ,20251009,266.7028,8.1436,9.1631,219495.0084,66010.0
301093.SZ,20251009,124.297,3.0922,11.4511,700155.7247,669166.5376
600827.SH,20251009,9.9317,0.7954,0.6192,1595046.2966,1434378.2285
300718.SZ,20251009,113.5089,16.8716,22.698,2721279.4052,1765513.2366
002069.SZ,20251009,276.3058,44.0474,1.7726,279467.0922,279114.9642
300099.SZ,20251009,50.6576,2.2115,8.5531,501340.3734,395360.3232
301051.SZ,20251009,,2.2087,2.6239,464157.3404,368064.2103
603109.SH,20251009,24.246,3.1698,1.958,612343.3915,612343.3915
002873.SZ,20251009,92.8051,2.1707,3.3267,257529.5153,251795.6062
688190.SH,20251009,35.8277,5.011,6.5922,1302360.0,1302360.0
920139.BJ,20251009,,6.2727,22.401,681314.687,658464.3174
002310.SZ,20251009,,11.0851,46.7304,1703807.4812,1192530.1196
300415.SZ,20251009,18.6924,3.9966,2.2448,1221072.7909,1180758.1142
002569.SZ,20251009,,54.7835,11.4653,131625.14,127920.1725
600279.SH,20251009,12.5814,0.9132,1.3721,611236.1357,611236.1357
002682.SZ,20251009,,2.2595,0.906,249691.6557,249687.9261
600802.SH,20251009,,2.1533,1.4584,261659.8364,261659.8364
300805.SZ,20251009,183.2935,3.108,1.9961,481701.8224,327238.7644
300520.SZ,20251009,,4.2478,4.4589,775634.3838,738390.398
002330.SZ,20251009,,1.3145,0.943,301774.7628,301709.8896
688577.SH,20251009,576.1007,13.5611,17.5347,1321446.7819,1321446.7819
301151.SZ,20251009,42.898,1.7164,3.9517,350514.5034,115598.4219
603599.SH,20251009,15.0032,1.0969,2.5343,1075938.3658,1075938.3658
000547.SZ,20251009,,2.5911,7.3608,1246805.2498,1238913.5429
002453.SZ,20251009,,6.1562,13.4073,584904.3307,441189.4579
002493.SZ,20251009,209.9635,2.3724,0.3135,9839600.6202,9221765.5264
002810.SZ,20251009,21.8776,2.0952,2.3145,461281.4097,424013.3732
605080.SH,20251009,15.7461,1.6777,3.3295,362143.8363,359018.3696
300590.SZ,20251009,62.5631,3.1729,6.6987,568917.9945,438346.3173
300697.SZ,20251009,58.6039,7.3791,3.0682,857059.84,656186.44
300400.SZ,20251009,56.0553,7.5595,7.3366,564590.2366,558301.7518
600365.SH,20251009,,4.2407,1.6908,143055.76,135447.76
603606.SH,20251009,59.5599,6.9861,5.2717,4985248.7026,4985248.7026
002140.SZ,20251009,20.8107,2.0423,0.99,917585.9781,704300.1101
002472.SZ,20251009,37.0421,4.511,4.8094,4178555.1734,3714486.2594
300751.SZ,20251009,38.0663,4.3064,3.5628,3268479.7602,2261836.4805
002200.SZ,20251009,,,2.8784,132391.5479,132391.5479
002068.SZ,20251009,,2.948,0.8618,819909.8935,819531.4904
603038.SH,20251009,206.9141,3.4624,3.9135,472334.3523,472334.3523
002030.SZ,20251009,,1.1702,11.3877,901012.3525,901012.3525
600157.SH,20251009,74.6312,0.7973,1.5126,3709019.9047,3709019.9047
001208.SZ,20251009,61.2092,4.1389,1.5576,685131.568,337675.9117
002772.SZ,20251009,24.2651,1.2487,2.1086,406611.5652,403400.0584
603212.SH,20251009,,1.9847,1.9089,516238.9505,516238.9505
920099.BJ,20251009,30.1564,2.8934,4.5758,243039.9938,121979.668
002394.SZ,20251009,10.6485,0.8428,0.9591,358335.9,357877.1658
002723.SZ,20251009,,2.8744,2.2711,294794.34,281279.8368
300050.SZ,20251009,,8.2438,12.2051,332356.498,332153.6309
603819.SH,20251009,85.8552,3.1256,1.7734,247994.683,247994.683
920656.BJ,20251009,30.4718,2.646,8.9543,175600.0,56852.7494
000612.SZ,20251009,14.0406,1.6212,1.6195,1074171.654,1073469.5497
301101.SZ,20251009,49.5852,5.4607,11.588,909021.0831,861225.9104
605337.SH,20251009,21.7605,3.1061,3.6047,489187.7124,489187.7124
300239.SZ,20251009,45.2615,1.9284,4.0028,324109.9314,322009.9335
601333.SH,20251009,18.8249,0.8493,0.8409,2365901.358,1887847.158
688678.SH,20251009,,4.8081,5.9431,854032.2079,854032.2079
301391.SZ,20251009,496.704,3.5106,11.1019,725913.156,376779.5422
300583.SZ,20251009,,1.609,3.146,286829.6145,281457.1761
300636.SZ,20251009,37.9861,1.5436,4.5114,362838.0917,317397.039
002952.SZ,20251009,221.0672,3.5205,3.6886,303864.66,246370.0642
601969.SH,20251009,30.6133,2.5495,4.1647,1788432.1846,1770395.954
000411.SZ,20251009,11.4048,1.277,0.1766,589216.6427,364415.2838
603238.SH,20251009,28.6878,2.3663,1.2997,334249.447,334249.447
603386.SH,20251009,,3.2976,1.821,454893.6486,454893.6486
300456.SZ,20251009,,3.6477,15.1894,1858356.9341,1516325.76
000657.SZ,20251009,34.2316,4.6776,2.8255,4459913.7217,2456088.1286
603395.SH,20251009,164.438,6.3643,2.6728,888420.0,183139.2132
688027.SH,20251009,,12.7552,134.4019,4101993.8589,3205249.5012
603429.SH,20251009,,5.1622,22.9936,639347.7818,639347.7818
300917.SZ,20251009,60.5013,6.5905,2.5594,745290.0,745290.0
301266.SZ,20251009,98.632,2.1381,1.2261,381498.4749,361921.6029
688399.SH,20251009,,1.9493,16.6469,578882.6183,578882.6183
600330.SH,20251009,220.153,1.7143,4.4553,1375279.3738,1375279.3738
300378.SZ,20251009,105.3122,7.2619,7.0261,1666351.9762,1653996.7612
000708.SZ,20251009,13.4468,1.7089,0.6538,6990313.5932,6990313.5932
603501.SH,20251009,45.4118,7.2486,6.5565,18092570.7962,18092570.7962
603399.SH,20251009,,3.2594,1.0773,531757.6937,531757.6937
301616.SZ,20251009,43.3044,3.2089,4.4301,415360.0,103840.0
603288.SH,20251009,33.8293,6.0476,8.2292,23021079.3297,21875402.5401
300158.SZ,20251009,,1.8175,2.2746,664516.3587,664108.7769
688017.SH,20251009,452.5588,9.5268,70.7982,3302142.2115,3302142.2115
002626.SZ,20251009,27.2282,2.8877,3.6294,1250366.2806,1250176.6556
600816.SH,20251009,525.2796,2.1564,,3041934.5105,1689963.617
688670.SH,20251009,,1.5356,23.4576,190097.6,190097.6
301179.SZ,20251009,45.2637,2.8568,5.5686,676573.8629,397346.6162
002909.SZ,20251009,476.1119,2.8051,2.0632,251940.0,245756.0894
688638.SH,20251009,,2.8406,4.8673,256480.0,121191.4808
002043.SZ,20251009,14.6611,3.1302,1.0015,892815.8205,792067.0084
688563.SH,20251009,45.2309,2.3682,8.9412,2488500.0,646949.1313
000833.SZ,20251009,30.1312,3.0797,4.0426,1137352.5894,643349.4729
600833.SH,20251009,63.1105,2.6999,1.4787,298489.5323,298489.5323
603680.SH,20251009,18.7771,1.7555,1.9417,980432.1775,980432.1775
002188.SZ,20251009,168.4115,5.7257,4.732,183505.2677,144380.6469
000778.SZ,20251009,109.2991,0.6048,0.446,1569420.1849,1541867.7764
920027.BJ,20251009,40.8949,5.1096,6.1085,222086.614,107632.942
300593.SZ,20251009,,4.9431,11.9522,1177221.6777,977071.7972
603530.SH,20251009,45.5604,8.5976,10.0349,1503125.6902,1488432.3431
688357.SH,20251009,51.7614,2.331,5.112,398733.0468,398733.0468
301389.SZ,20251009,156.1179,7.7115,53.3339,1666980.0,482613.0364
002107.SZ,20251009,51.6203,5.3708,4.5508,361333.2096,356580.0229
603833.SH,20251009,12.3539,1.7896,1.7469,3246174.8449,3246174.8449
600545.SH,20251009,,1.5594,1.2999,509554.9833,509554.9833
002676.SZ,20251009,98.365,5.2902,2.375,687600.0,687577.5183
600758.SH,20251009,25.1047,0.9157,0.9741,514264.7663,513769.1803
000524.SZ,20251009,54.6285,3.8626,1.9523,873281.8019,872943.4597
000566.SZ,20251009,,19.3343,8.3578,708361.3588,636578.5242
920753.BJ,20251009,65.2712,5.2607,8.745,202045.6414,78212.8461
920496.BJ,20251009,41.1862,3.1523,2.678,180807.9,158469.3277
002128.SZ,20251009,10.3475,1.498,1.7764,5364085.3687,5364085.3687
002236.SZ,20251009,19.5087,1.8754,2.1443,6967921.8169,4485839.546
300254.SZ,20251009,298.5831,9.0998,3.3082,270770.1711,239784.7784
603486.SH,20251009,50.1861,7.4114,3.2368,5904775.3136,5831474.3876
301288.SZ,20251009,,2.254,29.0961,179728.64,78362.6255
301118.SZ,20251009,,2.0789,1.9944,279568.2668,266518.0986
300597.SZ,20251009,,2.5751,4.7703,246675.8772,245591.8754
002161.SZ,20251009,101.7117,3.5174,9.7035,562955.3814,536309.1353
688217.SH,20251009,,1.7641,7.5864,161032.5482,161032.5482
601088.SH,20251009,14.5632,1.9516,2.5409,78361442.7025,65040653.6945
603638.SH,20251009,44.0815,4.5796,5.3772,1563277.3143,1563277.3143
600860.SH,20251009,,6.1092,4.1431,654793.2416,528950.1216
603317.SH,20251009,21.3814,2.9109,3.5715,1214095.7752,1214095.7752
600765.SH,20251009,63.2483,1.8096,2.4328,2586958.1152,2568807.4472
603282.SH,20251009,23.9263,1.8948,2.8277,239403.98,114825.9972
600729.SH,20251009,8.4842,1.527,0.721,1168141.2302,510464.5023
300467.SZ,20251009,346.9597,8.2259,18.2256,521220.5608,432349.4078
002529.SZ,20251009,,8.4124,6.5615,190060.0,190060.0
300928.SZ,20251009,,2.3369,2.5466,260640.0,174584.7453
300773.SZ,20251009,122.1314,5.6508,3.6244,1967053.92,1832901.1908
001301.SZ,20251009,23.07,3.3963,3.3982,2216819.975,1372354.5375
301050.SZ,20251009,47.6702,3.928,12.6907,1194339.0361,1014564.9382
000829.SZ,20251009,,3.4325,0.1261,1000498.0275,999550.5569
688498.SH,20251009,1205.0165,16.8386,105.0611,3540186.8339,2477548.4725
920510.BJ,20251009,641.9487,8.9367,16.7181,358480.3058,182727.6058
603261.SH,20251009,,2.3734,6.7873,160255.9785,159427.8303
688211.SH,20251009,,1.2592,2.0618,439836.2687,439836.2687
002726.SZ,20251009,,3.908,0.4892,534184.5411,533171.0286
600143.SH,20251009,56.8179,3.2131,0.8507,5853280.1873,5849313.7822
600569.SH,20251009,,2.4549,0.2412,663529.3402,663529.3402
002585.SZ,20251009,,0.77,1.1597,661967.115,514205.837
600809.SH,20251009,18.8254,6.4755,6.239,23226898.8227,23226898.8227
301228.SZ,20251009,,5.5021,9.4021,385800.0,385009.11
920088.BJ,20251009,54.4375,4.6309,7.4991,309042.8935,84742.35
002320.SZ,20251009,157.7093,5.7411,4.965,2272462.9025,2272462.9025
600499.SH,20251009,18.396,1.9852,1.5599,2385813.3504,2385813.3504
002852.SZ,20251009,11.4448,1.7236,0.6333,378365.1355,313794.7978
301586.SZ,20251009,57.7118,3.4749,5.6032,442010.5045,281857.2646
600871.SH,20251009,59.8001,4.3198,0.4942,4018893.7166,2871966.6184
002067.SZ,20251009,115.7576,1.464,1.6742,909789.709,819204.709
601225.SH,20251009,10.1825,2.2348,1.116,19797190.0,19797190.0
688800.SH,20251009,61.659,7.449,5.5279,1648068.4464,1648068.4464
002398.SZ,20251009,81.5794,0.9775,1.3229,348313.6746,289104.609
003010.SZ,20251009,95.6245,26.1659,5.7838,1328846.0815,966079.4015
000958.SZ,20251009,35.3035,1.7082,7.5627,3434621.0158,3434610.2495
000050.SZ,20251009,929.2907,0.9024,0.7078,2482325.1376,2482293.8529
300837.SZ,20251009,75.5756,1.8233,4.3868,248503.8468,175398.253
601990.SH,20251009,29.4579,1.7508,10.403,3170270.4892,3147418.4084
000048.SZ,20251009,12.6616,2.1503,1.5795,891934.7445,885336.8472
002075.SZ,20251009,58.5054,1.9254,0.9222,1252674.3291,1252672.3163
300669.SZ,20251009,285.1662,7.0191,18.9986,609720.2843,577429.8007
301265.SZ,20251009,58.9575,1.7802,4.6353,372959.987,207359.7527
600332.SH,20251009,14.8708,1.1229,0.5498,4166902.2023,3603298.5023
688485.SH,20251009,81.3686,1.5724,6.0304,199287.2742,116897.4788
600234.SH,20251009,35.5179,5.0496,5.2534,248344.8405,248344.8405
603881.SH,20251009,178.8489,7.9829,14.9567,2621357.6694,2621357.6694
002025.SZ,20251009,467.5681,3.529,4.5167,2275763.662,2267956.3243
002915.SZ,20251009,,6.6557,5.6641,868024.1561,768315.6941
000725.SZ,20251009,25.474,1.2041,0.7763,16013140.8386,15710189.486
600113.SH,20251009,169.4203,9.8362,32.3513,2408288.1419,2352563.3729
000543.SZ,20251009,8.1616,1.0503,0.5784,1693346.9083,1693346.9083
603089.SH,20251009,22.3228,2.5181,1.3887,373251.7317,373251.7317
601860.SH,20251009,6.3773,0.5167,2.3154,1036058.6936,1005093.8762
600131.SH,20251009,31.2515,3.7702,2.7427,2237486.0414,2230363.1029
920263.BJ,20251009,60.9259,3.7128,6.1174,211864.344,153890.6055
002799.SZ,20251009,,1.9974,2.4287,256992.12,256988.7474
603390.SH,20251009,103.868,2.8185,5.3464,447652.9756,446204.2622
688612.SH,20251009,36.6985,4.9992,2.5541,1675830.3823,1012454.5882
002700.SZ,20251009,35.6953,2.1013,3.9498,282094.4222,179683.0441
688192.SH,20251009,,19.9474,63.3571,3239779.7285,2889402.4625
300945.SZ,20251009,47.3863,3.3231,2.0481,550088.3493,500402.9581
002110.SZ,20251009,,0.5298,0.2275,1025070.1678,1025070.1678
002831.SZ,20251009,17.2941,2.3775,1.4334,2534173.6655,1406764.3319
920007.BJ,20251009,32.0063,4.9663,3.7595,315154.4468,76788.1628
300739.SZ,20251009,273.5476,2.319,3.5558,590577.8934,545686.8384
600894.SH,20251009,10.6427,1.0664,1.1892,851678.362,843144.445
002623.SZ,20251009,,1.3876,1.793,398921.25,398066.7945
688036.SH,20251009,27.3586,5.6562,1.6916,10696488.3935,10696488.3935
920346.BJ,20251009,47.9774,4.9719,8.1183,224687.1244,124277.0546
300939.SZ,20251009,48.2813,3.0732,3.5317,422280.0,422280.0
603236.SH,20251009,33.2121,6.6294,1.2895,2823024.429,2823024.429
920033.BJ,20251009,57.6444,3.0859,9.9868,229216.221,159232.0832
000576.SZ,20251009,169.5071,2.9276,10.9354,473950.1804,471123.3734
301076.SZ,20251009,149.3713,8.02,21.0464,925296.4292,581012.9216
920957.BJ,20251009,303.9457,4.049,2.558,156981.8516,62477.0258
000786.SZ,20251009,12.1111,1.5461,1.5795,4072434.8691,3915718.3411
301665.SZ,20251009,38.4255,3.9553,2.8047,1315350.0,104954.0827
301468.SZ,20251009,81.5289,1.5004,7.5769,342144.0,199295.5856
600467.SH,20251009,84.3125,1.0129,2.5759,346255.65,346255.65
603336.SH,20251009,437.8523,4.0694,4.9818,555151.6778,555151.6778
301595.SZ,20251009,55.2167,4.6613,4.0006,421425.76,89901.7206
300962.SZ,20251009,40.5346,4.5699,12.4017,445899.204,445899.204
001979.SZ,20251009,22.488,0.9304,0.5108,9151444.5388,8543002.2204
688472.SH,20251009,29.6701,2.2135,1.1401,5159816.0363,1948431.5126
603626.SH,20251009,,3.6585,2.4342,784599.8817,784599.8817
688347.SH,20251009,1172.4977,5.0873,14.2113,22274557.2625,5233471.25
688283.SH,20251009,112.1332,4.2186,16.199,401940.0,401940.0
002635.SZ,20251009,65.8557,1.7017,2.1482,981613.9227,588283.3103
002463.SZ,20251009,45.4682,11.1655,8.6695,14227857.0581,14216372.246
603959.SH,20251009,,36.9319,2.7602,323107.0357,323107.0357
688361.SH,20251009,1042.9861,15.7588,24.5714,3977447.4937,3070863.7806
300624.SZ,20251009,,14.7903,10.5404,1575304.368,1395208.244
002628.SZ,20251009,,1.3269,4.9186,380821.5087,379153.7554
301584.SZ,20251009,44.0748,5.9769,0.6245,1185927.1528,141943.1462
301132.SZ,20251009,40.2787,2.9674,3.6327,526742.7877,526568.3773
301314.SZ,20251009,181.2544,2.1942,13.0988,228514.0,67210.0
688662.SH,20251009,100.1258,6.1677,7.9945,426199.2,426199.2
002576.SZ,20251009,38.2748,2.2896,1.5914,294538.4,289057.1867
600665.SH,20251009,,1.0208,0.2515,280839.8193,280839.8193
300629.SZ,20251009,101.3937,2.9414,13.5716,499326.9201,430632.3975
920690.BJ,20251009,33.1689,3.8807,6.4767,217994.4,141709.775
600568.SH,20251009,,2.1591,6.5098,372666.6303,312115.5812
002601.SZ,20251009,25.9155,2.045,1.7554,4748723.5794,3955753.3644
300382.SZ,20251009,,4.6653,5.9932,1056891.9902,1056791.3019
600774.SH,20251009,,1.649,2.58,274085.1015,273908.3397
301362.SZ,20251009,21.1525,1.8106,2.7094,444847.5,126097.5
600318.SH,20251009,133.6929,4.5692,14.914,491193.0715,491193.0715
603318.SH,20251009,,2.1383,1.1685,300232.3843,250838.1625
300110.SZ,20251009,,2.8537,3.1674,381854.7932,381413.7771
301129.SZ,20251009,44.5886,2.2659,8.66,387772.3422,106603.7715
002171.SZ,20251009,52.2984,1.9334,0.2828,1632675.4992,1623423.9188
002775.SZ,20251009,,21.478,4.2363,258895.3111,188815.7551
001227.SZ,20251009,7.1197,0.4446,1.7352,1349880.2288,998512.7786
301508.SZ,20251009,52.8319,3.6969,8.6743,725733.492,188864.844
000750.SZ,20251009,45.1051,1.3298,7.6221,2956798.7829,2683642.4414
300190.SZ,20251009,,1.1514,1.7794,327119.1014,324927.7638
301458.SZ,20251009,84.7004,6.2651,14.1683,1006666.7925,243681.2179
600678.SH,20251009,180.6085,12.0821,6.8159,330144.54,330144.54
300973.SZ,20251009,23.588,3.0131,1.7357,715802.34,492556.5052
603908.SH,20251009,44.7128,4.228,2.1555,231734.412,231734.412
300287.SZ,20251009,,7.6007,16.3736,842505.7253,773796.2952
603169.SH,20251009,79.5319,3.3343,1.824,1118185.7791,1118185.7791
920523.BJ,20251009,18.6178,4.7129,5.5005,300865.0659,240687.3536
002199.SZ,20251009,,12.8644,10.9217,255371.0388,255371.0388
002758.SZ,20251009,11.4848,0.988,0.1082,464566.7754,461815.5902
688307.SH,20251009,59.9063,3.7144,6.2762,321273.106,213243.5023
000839.SZ,20251009,,7.8628,3.1783,1050513.4623,1050513.4623
300274.SZ,20251009,23.8501,7.7443,3.6451,32941256.3159,25258893.4352
301356.SZ,20251009,111.4852,1.6862,3.6618,503064.0,127652.49
600152.SH,20251009,,2.1188,2.4607,365064.7688,365064.7688
300049.SZ,20251009,214.4745,10.7067,13.5735,1927169.7207,1698255.2604
600540.SH,20251009,,5.6008,0.7261,274409.9251,274409.9251
300741.SZ,20251009,,1.6408,8.6098,1120285.72,1120279.7173
002686.SZ,20251009,127.9705,2.2333,2.1711,369754.1538,341344.393
300810.SZ,20251009,,7.295,23.9174,548932.5,530055.9413
920876.BJ,20251009,,7.8258,4.0067,196842.0812,118523.3378
600927.SH,20251009,49.7894,1.6944,1.4353,2178966.6673,2178966.6673
688157.SH,20251009,97.2667,4.3019,7.3244,563777.6123,563777.6123
002587.SZ,20251009,,3.0406,5.6918,399396.5676,320839.4762
920199.BJ,20251009,188.7491,4.5944,8.2082,236885.8844,129386.7996
603327.SH,20251009,95.9431,4.7343,3.6628,927668.4435,927668.4435
601311.SH,20251009,16.0058,1.3636,0.8291,1331520.8439,1331520.8439
002512.SZ,20251009,,12.2365,2.3112,417186.237,410419.4183
600966.SH,20251009,49.5877,0.9747,0.3476,668422.144,668422.144
600358.SH,20251009,,44.0247,7.5857,272160.8597,272160.8597
002893.SZ,20251009,40.1593,2.303,2.4965,294749.52,226706.4949
300648.SZ,20251009,,5.6284,7.1901,781303.5162,476047.255
002382.SZ,20251009,,0.7151,0.9356,563992.501,559829.321
002243.SZ,20251009,41.3342,1.607,4.9354,1168233.0713,1161997.3099
688147.SH,20251009,71.7927,9.5789,9.1161,2700998.2065,592478.2065
002898.SZ,20251009,,4.8835,9.7475,237072.0,136400.6697
002760.SZ,20251009,,2.6748,3.764,218569.1409,218569.1409
002963.SZ,20251009,,1.5981,6.3937,205241.3045,155899.3145
688728.SH,20251009,346.3003,6.1984,6.662,4816286.5073,4627939.0444
301668.SZ,20251009,48.6538,5.7389,6.6156,582340.0,122016.4614
300059.SZ,20251009,38.0262,4.9416,133.5901,42291604.8183,35795208.9574
600616.SH,20251009,252.546,1.8666,6.4577,359255.6582,359255.6582
300831.SZ,20251009,116.7611,5.027,30.151,468480.0,270084.9274
688126.SH,20251009,,6.5436,21.8171,7670118.7033,7626790.9703
301011.SZ,20251009,51.4806,4.7723,4.1536,430521.9945,391619.3062
600230.SH,20251009,233.5079,1.2834,1.0778,513311.6586,513311.6586
301552.SZ,20251009,24.9738,3.4616,5.9488,384798.4,96199.6
688528.SH,20251009,,4.1463,7.7604,200928.0,200928.0
605028.SH,20251009,26.5112,3.3833,13.3786,443360.0,443360.0
600237.SH,20251009,43.8338,2.4834,3.4267,471770.4479,465013.7639
002465.SZ,20251009,,2.6094,7.1334,3251202.4719,3246032.1128
300732.SZ,20251009,,1.0633,1.8446,308305.9799,307964.458
002428.SZ,20251009,228.4265,13.2179,20.3419,1929969.6,1929720.2719
600007.SH,20251009,16.8545,2.2171,5.3037,2034710.7187,2034710.7187
688701.SH,20251009,,6.7672,7.3437,121789.5764,121789.5764
000756.SZ,20251009,25.2481,2.1831,1.2918,1081569.6069,772434.3128
688118.SH,20251009,73.0357,3.2667,7.0665,273511.2858,273511.2858
300068.SZ,20251009,,4.848,3.0082,1854763.7521,1761451.4304
301157.SZ,20251009,91.7633,2.7283,11.7369,296520.0,102101.9918
301279.SZ,20251009,56.298,2.2498,4.5623,297491.4651,85102.3401
000889.SZ,20251009,,42.021,2.1569,331447.0551,307926.7853
688679.SH,20251009,301.9133,2.3662,1.6879,267198.3506,267198.3506
603177.SH,20251009,119.1348,6.1474,2.4503,237283.254,235024.992
002967.SZ,20251009,30.1616,3.4055,3.3374,1115166.0576,1033251.7616
688709.SH,20251009,366.5749,10.9098,45.6633,3101445.0166,1061281.3624
688367.SH,20251009,83.2429,3.1644,6.9116,187429.0194,187429.0194
600017.SH,20251009,16.4652,0.6868,1.1891,953452.7053,953452.7053
688570.SH,20251009,42.308,2.0431,5.1798,872928.0,379411.2
300570.SZ,20251009,69.1745,15.6748,14.4795,2456377.0666,2078567.5437
601038.SH,20251009,18.3053,1.8885,1.3045,1438265.952,936582.752
600313.SH,20251009,124.6565,3.4539,1.0478,681785.1577,681785.1577
301081.SZ,20251009,66.5809,2.1479,2.6957,230623.139,221201.3816
688608.SH,20251009,86.4138,7.9435,14.5422,5337209.2691,5337209.2691
601519.SH,20251009,,22.9764,39.0254,3180666.84,3180666.84
002094.SZ,20251009,143.29,3.5315,2.9706,540281.8833,539934.6753
301535.SZ,20251009,69.6292,7.6355,11.6979,863772.3537,129565.8537
603067.SH,20251009,25.5297,4.0246,3.1685,1352576.8071,1352576.8071
601677.SH,20251009,11.4452,1.0165,0.5449,1852850.2042,1814829.8742
300379.SZ,20251009,,0.3838,1.414,118279.6395,111647.1636
001289.SZ,20251009,25.7626,2.0289,4.4858,15181426.1538,9156152.4418
000685.SZ,20251009,13.9067,1.0854,3.3304,1895518.086,1611341.3769
002986.SZ,20251009,33.8782,1.0925,0.5781,428753.1699,337668.8603
301325.SZ,20251009,,3.3462,4.9884,952281.6239,383147.1246
300268.SZ,20251009,,,0.6353,176464.6,135445.6975
600202.SH,20251009,,2.7022,1.7825,222337.5898,222337.5898
600675.SH,20251009,31.6418,1.1844,1.3996,1759425.3813,1759425.3813
603018.SH,20251009,15.9878,1.0175,1.2368,527204.8386,527204.8386
000661.SZ,20251009,28.5587,2.3088,3.926,5272592.5623,5165145.4476
301187.SZ,20251009,24.9838,4.5023,3.5625,678123.1765,176375.8513
002795.SZ,20251009,,4.604,2.8811,221539.7768,216156.5059
300575.SZ,20251009,,1.5149,1.2142,309568.0676,222417.6322
300247.SZ,20251009,50.0526,2.9565,4.1723,328852.488,328539.603
603341.SH,20251009,46.4844,4.3248,0.5472,2408396.7023,1365938.0359
300784.SZ,20251009,45.4148,3.8052,5.87,300477.4968,90450.8456
688553.SH,20251009,50.3487,2.4416,8.8992,903538.8,732770.2334
300109.SZ,20251009,31.2037,2.3514,5.6766,860308.5089,796186.9383
000070.SZ,20251009,,6.0931,2.3044,919252.0,907341.1079
300566.SZ,20251009,27.8569,2.4619,2.3808,507175.0007,438861.3064
600227.SH,20251009,,1.6001,1.6386,400228.4613,302791.1533
688177.SH,20251009,,20.0322,14.923,1168119.68,1168119.68
601186.SH,20251009,5.2019,0.4061,0.1051,10931530.9075,9260112.6275
600506.SH,20251009,88.4966,8.06,1.5734,374052.8834,287732.9886
600892.SH,20251009,,55.8444,12.073,238331.7441,238270.1223
002290.SZ,20251009,77.1404,11.4336,4.0751,1030906.7312,1027907.3405
600787.SH,20251009,29.3643,0.9327,0.2081,1293367.4309,1293367.4309
600985.SH,20251009,11.6242,0.8289,0.6987,3431211.5953,3431211.5953
002581.SZ,20251009,,2.6992,22.8399,503378.2521,305803.6558
002803.SZ,20251009,37.7192,3.2781,1.3614,858922.8842,550684.7485
603077.SH,20251009,,1.1157,2.654,2022383.6677,2022383.6677
000919.SZ,20251009,115.5375,1.1499,1.2653,426616.7016,403779.0079
603629.SH,20251009,193.0773,3.8284,2.2663,651644.51,642824.884
300581.SZ,20251009,,9.6088,59.8795,925284.2564,925284.2564
603733.SH,20251009,17.5074,2.0456,1.393,1624451.0383,1624451.0383
688660.SH,20251009,,5.9407,2.4202,2876000.1438,2876000.1438
920021.BJ,20251009,,3.2948,3.9978,210119.9884,171279.7403
300616.SZ,20251009,,0.8704,0.7538,273684.9796,188955.047
300561.SZ,20251009,,8.5725,55.8887,516113.8447,379183.5639
688227.SH,20251009,,2.9113,7.1905,381900.719,216518.9262
002826.SZ,20251009,82.4651,4.7317,5.9136,361525.014,330522.8335
002027.SZ,20251009,21.4461,6.9878,9.2074,11423779.9833,11423779.9833
688092.SH,20251009,40.5294,3.2452,4.5823,206809.3332,206809.3332
002121.SZ,20251009,,23.7269,3.2477,1654173.4212,1394322.7144
002282.SZ,20251009,20.7846,1.0456,2.1634,372474.712,357040.4001
001223.SZ,20251009,79.3319,2.4067,6.8588,463399.328,115919.328
300460.SZ,20251009,,4.7236,5.0525,268168.0597,268168.0597
000638.SZ,20251009,248.1311,7.8986,2.2927,113656.0911,113203.1444
601919.SH,20251009,4.4758,0.9598,0.9213,22274267.3147,18133086.8737
300052.SZ,20251009,,7.9861,14.9117,304017.9623,304009.2548
301560.SZ,20251009,47.809,4.6229,4.27,442502.4,84059.4444
688004.SH,20251009,,3.8328,13.4799,225768.072,225768.072
600624.SH,20251009,,5.3419,5.2068,339673.471,339673.471
300923.SZ,20251009,44.4121,1.7889,3.8926,201294.6,195835.8285
600720.SH,20251009,10.4145,1.1635,1.4802,1753071.0117,770914.025
300555.SZ,20251009,,4.3053,12.9988,210800.0,208676.0456
600989.SH,20251009,15.1266,3.1021,3.4023,13236714.8,13236714.8
600562.SH,20251009,68.6252,7.0513,12.2069,4348986.1557,4348986.1557
001380.SZ,20251009,28.1914,4.3248,3.6684,767059.1171,249226.9117
300388.SZ,20251009,19.3114,1.4973,1.9196,685128.4844,683883.0795
601058.SH,20251009,12.846,2.3973,1.4042,4807202.5787,4807202.5787
601798.SH,20251009,,2.7292,4.5936,342828.7675,342828.7675
301055.SZ,20251009,80.8198,5.0558,3.4272,325572.0,325572.0
000009.SZ,20251009,143.6792,3.1563,1.5068,3169853.963,3165929.1515
002848.SZ,20251009,,10.5952,9.465,134054.3,132270.822
002221.SZ,20251009,33.5305,1.2066,0.4083,1341284.7297,1243204.7203
603322.SH,20251009,,30.5282,3.7214,916839.9791,916839.9791
603091.SH,20251009,24.4754,3.6601,4.9099,743276.0251,224037.7943
688113.SH,20251009,29.1891,2.6899,5.0981,258749.3921,258749.3921
300765.SZ,20251009,,16.7668,30.1942,6215323.7772,5518295.5205
301010.SZ,20251009,83.9232,2.434,1.8817,201420.0,201420.0
688205.SH,20251009,247.7748,8.1431,21.2828,1842124.6589,1842124.6589
300375.SZ,20251009,91.9576,1.6605,1.4168,376830.4537,252730.4636
002316.SZ,20251009,179.9281,27.2015,3.2654,209139.84,181277.67
603305.SH,20251009,48.1631,2.6131,3.8937,1695952.5619,1695952.5619
001230.SZ,20251009,20.441,1.6224,1.978,306974.9924,121388.6404
600737.SH,20251009,26.362,3.154,1.1654,3415740.6201,3415740.6201
920046.BJ,20251009,103.5405,5.9166,7.891,145959.45,74226.0975
688390.SH,20251009,,5.6962,2.0131,1545249.7313,1545249.7313
300394.SZ,20251009,80.2586,29.6612,30.7098,12749620.6124,12723979.1304
920682.BJ,20251009,25.8057,2.9464,0.9087,328373.76,190584.3151
688302.SH,20251009,,4.5919,389.0778,522307.2795,429992.258
301656.SZ,20251009,63.91,8.5463,3.9809,7671283.0029,532352.5911
603027.SH,20251009,26.9641,3.5754,4.2049,1178277.7678,1104467.7359
603990.SH,20251009,,5.69,13.734,471062.8403,471062.8403
603666.SH,20251009,,3.3597,9.8704,701886.3843,701886.3843
001339.SZ,20251009,89.9501,6.9072,3.5657,1530532.5512,723962.0571
002006.SZ,20251009,71.5203,4.8982,6.3471,1160178.9581,1160178.9581
603353.SH,20251009,177.9236,1.7434,0.9779,282957.276,280508.028
002958.SZ,20251009,5.8887,0.4905,1.5966,1744464.8342,1551048.1789
002982.SZ,20251009,32.9539,1.8756,0.6566,294427.977,188190.069
002300.SZ,20251009,51.6017,2.4241,0.3461,454347.8973,454307.9608
600657.SH,20251009,,0.5662,1.5682,1140751.438,1140751.438
002867.SZ,20251009,14.6503,2.352,1.4271,1468646.1772,1460017.9758
300369.SZ,20251009,,2.553,2.6132,616266.8743,615433.4549
600858.SH,20251009,49.0698,1.0423,0.5294,285516.5574,284133.8679
920394.BJ,20251009,51.5202,8.1876,13.3631,614396.25,608362.5638
301581.SZ,20251009,50.3526,4.5231,5.4689,448800.0,112200.0
603095.SH,20251009,34.6985,1.7884,3.0003,411422.8356,411422.8356
600150.SH,20251009,51.2256,1.5741,3.1812,26369776.9932,26369776.9932
300536.SZ,20251009,,5.2095,16.6514,266598.9129,266579.5857
605319.SH,20251009,20.6363,3.5092,3.2163,868563.9019,742201.6099
300595.SZ,20251009,30.8894,3.241,8.5383,1537797.4944,1147137.0082
603255.SH,20251009,,3.1482,5.8537,498063.1679,224498.4176
000561.SZ,20251009,,3.0316,7.1868,955604.1712,665518.4875
600428.SH,20251009,11.3907,1.1451,0.9226,1852146.2666,1650567.7685
300546.SZ,20251009,147.9929,4.416,8.7565,492896.9369,353666.8344
600531.SH,20251009,17.8408,2.7186,0.362,1553618.1488,1553618.1488
002498.SZ,20251009,22.2962,1.496,1.3144,1250875.296,1250875.296
000599.SZ,20251009,,3.1526,1.021,441866.612,441859.1056
688560.SH,20251009,,1.123,4.6982,301147.6693,301147.6693
002863.SZ,20251009,46.3085,1.1327,0.5992,317726.2836,317726.2836
002743.SZ,20251009,50.6422,0.6888,0.5934,223727.9977,223369.4827
601700.SH,20251009,280.0582,2.0489,1.9684,527717.9754,527717.9754
603378.SH,20251009,,2.2774,1.9905,254586.4053,254586.4053
002919.SZ,20251009,147.0694,4.8521,2.8254,403253.9379,400019.3012
601992.SH,20251009,,0.4453,0.164,1815221.0928,1416806.9049
688550.SH,20251009,26.8379,2.7791,5.5072,865446.4707,865446.4707
920396.BJ,20251009,73.5798,8.1082,10.9221,267967.8989,189173.9062
001215.SZ,20251009,66.0283,2.1381,2.1333,397191.9032,395648.5483
300211.SZ,20251009,,6.5086,19.9063,305449.3716,298571.0541
300071.SZ,20251009,,45.7227,3.8195,421217.4548,413118.3284
000608.SZ,20251009,,0.6445,3.4726,146233.0953,145358.374
002687.SZ,20251009,39.4034,1.5206,1.7767,225636.4325,184811.9864
300785.SZ,20251009,98.3187,4.1815,5.7036,789256.4595,485544.7772
600831.SH,20251009,,2.0462,2.6238,350496.8671,350496.8671
603800.SH,20251009,493.3475,13.8671,9.8254,1058512.0,1058512.0
300740.SZ,20251009,67.35,4.1576,1.9316,858402.1187,790196.9364
603822.SH,20251009,,15.8225,3.453,625900.4932,625900.4932
301418.SZ,20251009,158.0084,1.7279,9.4286,278006.6692,111593.1422
300834.SZ,20251009,60.7973,1.5108,2.8985,444376.1378,441427.0287
002876.SZ,20251009,85.4492,1.8244,1.4029,432973.4807,370884.0309
301313.SZ,20251009,,3.4629,5.4047,257702.4194,188040.05
301163.SZ,20251009,82.8686,2.0487,2.8983,230928.0,154873.5584
300172.SZ,20251009,47.8504,1.902,4.5282,362039.85,280079.127
300666.SZ,20251009,54.905,5.7317,6.6346,2701760.515,2252042.8817
000514.SZ,20251009,40.8301,1.2002,13.2551,459011.405,459011.405
600282.SH,20251009,12.7978,1.2164,0.5584,3187352.0527,3187352.0527
000166.SZ,20251009,18.3888,1.2488,5.3011,13546610.007,12191709.458
688566.SH,20251009,28.7861,3.0855,7.7357,709973.8794,709973.8794
600741.SH,20251009,9.9964,1.0699,0.3807,6708996.638,6708996.638
688631.SH,20251009,142.6323,8.0452,10.3037,1472374.29,584284.09
001317.SZ,20251009,,4.9554,2.7179,389928.4551,143160.0977
605305.SH,20251009,20.4271,3.3302,5.7634,891521.4,891521.4
300558.SZ,20251009,90.5086,5.1532,9.2323,2882868.2922,2873678.5063
000707.SZ,20251009,,1.2668,1.5488,373049.5691,296124.9981
603138.SH,20251009,,6.2802,12.3125,493706.1528,475636.5432
600732.SH,20251009,,5.2902,2.4546,3544276.3711,2653821.0648
002599.SZ,20251009,,3.5971,2.1821,439993.5041,328753.5639
920006.BJ,20251009,,7.7583,28.153,249644.108,94817.0371
601666.SH,20251009,16.4449,0.8777,0.8273,1997708.9676,1997708.9676
300789.SZ,20251009,68.3452,3.9058,6.6769,410545.2087,282249.0499
301192.SZ,20251009,80.1687,6.1053,8.3448,363636.0,174242.25
003001.SZ,20251009,64.0365,3.3716,5.4492,403151.6728,246057.807
603730.SH,20251009,21.1976,3.0259,2.1085,1321378.8648,1321378.8648
688707.SH,20251009,,1.9556,4.8284,821615.4311,821615.4311
300752.SZ,20251009,50.1599,4.1124,3.5787,504525.6948,347240.1264
920873.BJ,20251009,,3.9617,15.2722,117034.2825,84085.2835
300445.SZ,20251009,34.0525,3.3436,7.0457,411689.3652,275321.4719
000025.SZ,20251009,53.5901,4.3647,4.0357,771594.3928,703073.1928
300017.SZ,20251009,38.9344,2.9782,5.8594,2919366.8853,2737390.1136
300867.SZ,20251009,27.1217,1.3979,3.4304,527449.3839,371949.6025
300803.SZ,20251009,342.9156,38.4645,69.0276,10139692.4362,9980289.5861
002077.SZ,20251009,406.1286,3.0357,28.7604,1009226.0641,1009226.0641
300256.SZ,20251009,,10.6083,6.5891,975409.156,964659.156
002187.SZ,20251009,360.566,1.0898,0.9576,440862.7242,325262.7976
002895.SZ,20251009,16.6381,2.7644,2.7938,1894704.7176,1860282.3094
603129.SH,20251009,22.8132,5.9451,2.3186,4026219.3712,4026219.3712
300469.SZ,20251009,,45.7507,63.0293,1871968.9718,1871921.6897
300532.SZ,20251009,27.9586,3.3836,2.9105,620147.3496,589798.6103
002154.SZ,20251009,17.1415,1.328,1.1785,596867.4952,482526.9844
600198.SH,20251009,1247.722,44.2672,11.4159,1065044.093,1063692.9899
600556.SH,20251009,233.5645,2.5951,2.5595,999684.446,999684.446
603995.SH,20251009,9.6539,1.1762,0.1576,657015.0231,657015.0231
301617.SZ,20251009,59.9037,6.8666,8.2417,1136741.84,284185.46
300475.SZ,20251009,172.3673,14.3276,1.3628,4577447.0803,4384922.8603
920926.BJ,20251009,45.8731,6.2882,3.4046,166738.5977,151304.1492
300253.SZ,20251009,,3.614,8.6819,2081607.8386,1799649.6582
000985.SZ,20251009,144.9708,3.7734,1.1707,229591.5545,229591.5545
002137.SZ,20251009,,3.2866,8.3793,492034.1356,337782.8388
603183.SH,20251009,47.951,1.3404,2.477,213775.8979,213775.8979
000498.SZ,20251009,4.1678,0.626,0.1361,971827.6021,907290.6048
603115.SH,20251009,25.2307,2.2453,2.0983,445078.336,445078.336
000555.SZ,20251009,,2.484,1.3366,1380720.8284,1375243.5402
301058.SZ,20251009,23.9918,2.6276,2.0078,565038.4922,565038.4922
600587.SH,20251009,16.7253,1.2509,1.0306,991918.3976,988131.9289
688058.SH,20251009,,3.7323,10.9491,246484.8012,246484.8012
000737.SZ,20251009,52.275,5.1246,1.3654,3344682.0599,3344369.009
605208.SH,20251009,228.7732,2.3355,0.9994,498869.28,498869.28
300345.SZ,20251009,,7.2325,3.7679,383501.5863,295666.0886
301168.SZ,20251009,127.9972,2.3418,3.1711,502800.0,399362.8778
688293.SH,20251009,203.6963,3.362,21.1828,701958.3972,701958.3972
300342.SZ,20251009,102.3081,4.9052,8.2699,765913.2736,754675.5511
300964.SZ,20251009,113.5965,3.3371,4.8096,335938.3423,239294.0065
688184.SH,20251009,,0.9568,2.5917,157616.0864,99583.1264
301043.SZ,20251009,37.201,4.3213,5.9028,354076.0,295485.5343
300828.SZ,20251009,54.8681,3.4903,4.3474,269104.374,201701.6532
603316.SH,20251009,,5.5662,7.7735,355435.08,355435.08
301571.SZ,20251009,45.1127,4.3282,8.3215,823923.7695,547214.8181
600468.SH,20251009,,4.2439,4.0359,841907.1385,841907.1385
300217.SZ,20251009,43.7271,2.0707,2.5191,857226.6252,711619.697
600864.SH,20251009,25.3047,1.1767,9.1641,1539622.1848,1539622.1848
688056.SH,20251009,67.2852,3.0716,6.0943,244919.8823,244919.8823
600626.SH,20251009,,1.7796,0.5145,565278.7175,474214.8879
002930.SZ,20251009,365.6486,2.0836,3.7669,491343.8723,465022.3533
688052.SH,20251009,,4.7977,10.7659,2836885.9304,2836885.9304
000407.SZ,20251009,25.3443,1.0392,0.7478,313310.1375,311778.4675
000668.SZ,20251009,,1.9123,5.8609,135535.0645,135535.0645
603551.SH,20251009,14.5378,3.3981,2.4478,446341.4956,440335.4956
603617.SH,20251009,42.6723,2.0449,2.689,306910.4709,301542.0909
603601.SH,20251009,68.7617,2.4111,3.7221,514926.8979,514926.8979
600724.SH,20251009,34.442,2.5553,4.6356,715394.3301,715246.6187
300993.SZ,20251009,32.3921,3.771,7.2702,561723.1776,438967.781
603986.SH,20251009,129.597,8.6302,19.0528,15046450.9906,15023882.2152
600232.SH,20251009,,2.4871,1.869,229407.9642,229407.9642
603083.SH,20251009,148.5085,12.931,7.8546,3082764.2112,3082764.2112
002749.SZ,20251009,18.3874,3.7301,3.3893,699071.4665,680022.897
001330.SZ,20251009,,1.8904,5.3543,799970.0487,620113.4218
300231.SZ,20251009,,3.179,3.0698,511807.1098,511780.8269
688247.SH,20251009,40.7931,3.7346,9.469,485980.48,485980.48
605488.SH,20251009,78.6345,6.5851,3.6673,996991.2112,982514.4208
300412.SZ,20251009,81.5625,2.5095,1.8582,258335.6946,242820.1943
301622.SZ,20251009,48.8939,6.4094,7.511,971045.4269,242761.3567
603056.SH,20251009,27.4724,1.9046,0.3751,1592951.6361,1592951.6361
301196.SZ,20251009,46.6998,3.6884,5.6968,1191690.3125,1185228.1658
300026.SZ,20251009,,1.294,2.0022,1117545.5994,1018732.5938
002973.SZ,20251009,26.5182,2.5696,1.6694,640787.6028,349494.6403
688210.SH,20251009,258.6707,7.8824,11.5751,984688.6794,984688.6794
300932.SZ,20251009,54.2542,2.0507,1.5762,355955.6458,253529.1034
300586.SZ,20251009,,4.0718,4.3986,772381.2765,580571.7642
688107.SH,20251009,,12.0733,23.2369,1295946.0035,1295946.0035
002767.SZ,20251009,96.4047,3.3811,4.448,284850.0,247246.9914
603863.SH,20251009,,11.6665,7.9477,472741.5,472741.5
002139.SZ,20251009,32.1125,2.8203,1.7906,1967505.6111,1690053.6916
688297.SH,20251009,2136.2173,6.0666,40.7496,3471525.0,3471525.0
300503.SZ,20251009,101.9091,7.3769,6.6783,931091.4891,727970.364
920060.BJ,20251009,42.5698,5.3585,4.8646,544319.8935,250962.5609
300817.SZ,20251009,69.6424,4.5079,5.1529,452750.5498,259791.8387
300955.SZ,20251009,,4.0298,3.4751,352598.4,352598.4
002060.SZ,20251009,13.6956,1.07,0.2043,1452950.1847,604809.2734
002877.SZ,20251009,355.8609,2.587,2.8899,303534.6718,205158.9982
301600.SZ,20251009,73.8918,11.854,13.8195,1441065.4945,444747.9395
002250.SZ,20251009,32.8222,1.5622,1.7561,1027072.4229,1021663.9938
000503.SZ,20251009,,7.699,31.9282,1005845.3453,1003716.3588
002492.SZ,20251009,45.437,1.8663,9.5036,320760.0,315085.1022
301086.SZ,20251009,84.8917,3.7978,8.4651,718920.0,378138.4442
688411.SH,20251009,82.4115,13.7655,6.1712,5618885.7504,1183526.8848
688095.SH,20251009,,2.9391,9.36,745232.1206,745232.1206
300860.SZ,20251009,152.8023,1.6949,9.2826,534416.8291,313201.1837
301510.SZ,20251009,260.6076,10.2277,31.5114,1424035.6,993806.9656
000537.SZ,20251009,16.7503,0.9824,4.4559,1946739.4156,1946739.4156
600312.SH,20251009,20.7464,2.166,1.8345,2394966.1104,2394966.1104
002938.SZ,20251009,31.9641,4.1643,3.388,13006584.2508,12943352.4161
002659.SZ,20251009,,1.5479,9.8912,335037.015,335035.4403
002883.SZ,20251009,,2.6575,4.5229,177394.5406,174177.2557
300713.SZ,20251009,,5.666,9.0115,299823.6101,168326.4816
603610.SH,20251009,37.5552,2.1266,2.2414,663271.2559,663271.2559
301512.SZ,20251009,65.8474,2.447,4.2617,246613.6416,114737.1616
920748.BJ,20251009,,11.3571,16.2626,291688.74,236983.1326
688139.SH,20251009,38.7052,2.471,4.7185,1064504.9968,1064504.9968
002521.SZ,20251009,77.2232,1.3292,1.5512,512455.8608,382843.169
603358.SH,20251009,75.3684,5.38,3.4753,1957419.3977,1829479.68
300731.SZ,20251009,172.206,9.052,4.9141,551874.8245,524582.16
000910.SZ,20251009,38.913,0.6474,0.8532,432444.025,432275.755
002933.SZ,20251009,161.1365,2.5802,8.9272,391362.25,380486.9717
600867.SH,20251009,40.9071,2.7102,6.2765,1658885.7762,1658885.7762
600389.SH,20251009,27.7338,2.711,1.9336,1087391.25,1087391.25
002172.SZ,20251009,89.3616,18.7193,1.6529,310887.3382,310700.4239
300985.SZ,20251009,,3.4442,2.9543,342809.9382,342809.9382
600495.SH,20251009,107.8206,1.8807,4.104,612552.7792,612552.7792
301263.SZ,20251009,240.4841,8.2342,21.2912,1432224.585,1021870.6611
301103.SZ,20251009,,1.7412,3.0883,330749.4038,330749.4038
300201.SZ,20251009,21.5903,3.4667,2.953,552955.8966,550982.827
605218.SH,20251009,80.5436,3.4379,2.1388,452271.1025,452271.1025
002245.SZ,20251009,34.9271,3.158,3.0776,2282948.7462,2147097.956
000703.SZ,20251009,791.6911,1.0502,0.2057,2399343.594,2386711.239
688005.SH,20251009,104.9856,2.747,1.5785,2280688.9748,2280348.4376
920039.BJ,20251009,42.4149,3.7787,6.2877,197658.7,197658.5715
601398.SH,20251009,7.1674,0.6947,3.145,260532973.9321,197086527.366
002031.SZ,20251009,,8.5494,21.7998,1847492.3628,1628553.0164
920261.BJ,20251009,20.3895,2.8113,0.6222,441066.1132,258905.4493
300341.SZ,20251009,54.6373,5.134,6.9072,960313.5836,956524.0028
605123.SH,20251009,34.0133,2.0458,2.787,932410.0139,932410.0139
600717.SH,20251009,15.4117,0.6908,1.1011,1357286.4868,1357286.4868
301262.SZ,20251009,24.7573,2.7202,10.6175,1015395.0,297253.5795
605068.SH,20251009,,2.964,3.3972,447019.0522,447019.0522
300564.SZ,20251009,65.8904,2.1891,7.0935,262943.776,184502.5525
601009.SH,20251009,6.3212,0.7527,2.5509,13402106.8936,13402106.8936
603300.SH,20251009,28.4649,2.6495,3.0958,1738930.4793,1738930.4793
002195.SZ,20251009,731.9405,4.6435,71.5934,4581808.1944,4525819.4633
301295.SZ,20251009,117.5963,3.0353,4.0369,288691.2,84201.6
002573.SZ,20251009,,0.9318,0.6166,547708.3596,546733.2744
002374.SZ,20251009,,3.485,5.0855,299517.7621,299517.7621
300792.SZ,20251009,101.55,2.7999,7.0737,811291.9075,727715.2964
688155.SH,20251009,37.4208,4.4512,3.5839,919136.1142,919136.1142
603332.SH,20251009,47.0591,2.2694,1.7495,284496.547,284496.547
301397.SZ,20251009,54.6042,3.3857,4.7207,651916.2168,296249.898
002645.SZ,20251009,,2.7116,1.7136,1034912.9936,921671.5316
300527.SZ,20251009,551.4768,2.9298,7.2307,831718.1643,831718.1643
688716.SH,20251009,194.6183,4.7519,20.4298,560336.4,322014.6179
000717.SZ,20251009,,0.8514,0.2431,673829.074,673749.9483
688793.SH,20251009,,8.5593,2.9814,258351.9295,258351.9295
300908.SZ,20251009,24.0816,2.4787,3.9024,423108.0,356896.4493
601089.SH,20251009,23.1387,3.0131,3.1485,1078080.0,1078080.0
002168.SZ,20251009,,,11.981,318370.3274,318370.3274
300230.SZ,20251009,17.721,1.3137,1.7523,421244.5624,326248.0545
000782.SZ,20251009,,2.3599,1.44,410575.7424,315827.4946
300600.SZ,20251009,,3.7453,17.893,461948.1336,461948.1336
002774.SZ,20251009,30.6387,2.7687,2.1721,326923.9509,273600.5489
000972.SZ,20251009,,,8.7157,268406.6855,268406.6855
000856.SZ,20251009,161.7105,5.8155,0.9445,245841.0,245841.0
603896.SH,20251009,29.182,1.8145,6.3683,406796.5054,406796.5054
002430.SZ,20251009,27.1883,2.7975,1.8314,2621981.878,2620224.937
920152.BJ,20251009,,6.5125,3.8099,240720.7554,177632.5685
688376.SH,20251009,34.5334,3.6185,3.5813,680736.0,258242.0083
002971.SZ,20251009,103.3293,5.1165,5.1845,812253.0,617452.4339
301299.SZ,20251009,51.5459,5.9144,10.7548,341693.589,201438.6015
301386.SZ,20251009,35.1441,2.2602,6.1529,329980.0,101164.8064
301587.SZ,20251009,79.9856,1.8747,5.9648,373329.2534,186130.0034
688221.SH,20251009,,5.138,39.1368,536396.6311,536396.6311
601319.SH,20251009,7.4508,1.2433,0.5324,34804280.5888,27936734.4308
600610.SH,20251009,302.5395,116.1296,12.0247,1245892.3656,824249.1579
002215.SZ,20251009,18.5403,2.9815,2.2661,1261515.0941,985980.7376
600694.SH,20251009,11.6834,0.7004,0.9176,614505.7521,608480.2821
600121.SH,20251009,105.1398,3.0266,1.3094,508077.8198,508077.8198
920367.BJ,20251009,113.285,3.201,10.4005,151572.2138,89371.4135
000752.SZ,20251009,67.0266,8.1616,6.6313,282221.5854,282221.5854
301272.SZ,20251009,58.1551,3.0776,5.3419,308190.1164,165038.538
603014.SH,20251009,34.5257,2.3418,4.332,1621303.5301,147914.9501
301606.SZ,20251009,49.8965,8.9865,3.631,2644635.1034,1396009.9536
601162.SH,20251009,165.9858,1.9739,16.896,5405564.5954,4618848.7283
603216.SH,20251009,56.9213,2.303,3.6869,407745.39,407745.39
920808.BJ,20251009,696.1853,26.7262,33.4238,1833400.0092,1783928.1028
601881.SH,20251009,16.0715,1.7056,6.0675,19496039.2224,12915013.6218
002837.SZ,20251009,155.3944,25.0177,13.8256,7534121.24,6551665.2658
600503.SH,20251009,,1.4945,15.9559,533562.57,533562.57
688008.SH,20251009,90.9545,14.8406,39.0417,17988037.0916,17988037.0916
603181.SH,20251009,28.388,3.758,4.9983,1208601.1,1208601.1
688669.SH,20251009,,2.088,0.7068,272757.3348,272757.3348
300242.SZ,20251009,,9.907,1.2267,265244.0836,265243.939
002366.SZ,20251009,,3.7535,18.7135,1729259.1788,1044121.9081
600031.SH,20251009,25.8492,2.6802,2.3567,19694482.446,19694482.446
603033.SH,20251009,,4.0085,2.4681,1204399.0311,1182636.229
603499.SH,20251009,40.6174,6.128,5.0403,525303.861,525303.861
603201.SH,20251009,13.4945,2.1376,1.2116,358982.7681,354325.6275
002541.SZ,20251009,20.6972,1.398,0.6021,1308955.2472,941242.6243
002478.SZ,20251009,9.2943,0.9082,0.9176,523368.4185,419903.77
300638.SZ,20251009,46.6168,7.2095,3.2923,2574985.7153,1792764.9142
600660.SH,20251009,21.307,5.2618,4.4285,18758836.508,14397465.7544
600016.SH,20251009,5.5426,0.3117,1.2218,17294055.3083,14007538.6691
601619.SH,20251009,24.3619,2.0903,6.6201,1651442.6742,1380366.9772
300162.SZ,20251009,,3.5988,2.7726,321344.683,262095.9235
301079.SZ,20251009,934.315,6.0613,8.7689,289432.9457,184728.4537
601595.SH,20251009,172.6251,7.6207,19.2101,1289919.6,1289919.6
600398.SH,20251009,14.7328,1.7468,1.4645,3097786.8409,3097786.8409
002423.SZ,20251009,35.3272,1.4278,118.5774,3119758.9486,3119758.9486
600855.SH,20251009,,4.3439,6.5518,674701.5283,673401.2083
600379.SH,20251009,51.3249,5.4131,3.3404,419025.7847,419025.7847
301175.SZ,20251009,22.3803,2.1995,4.6517,790399.56,333949.56
920985.BJ,20251009,,2.3137,0.8225,282551.7706,200237.2053
600838.SH,20251009,79.4346,2.187,36.2583,334335.5722,334335.5722
300300.SZ,20251009,81.2526,19.507,18.4903,319419.7427,319399.4091
002305.SZ,20251009,,,1.4039,341640.5067,341618.3454
300769.SZ,20251009,,2.4386,1.7625,1260846.135,1132908.651
688768.SH,20251009,35.3117,4.1109,6.8958,427625.1452,424100.8481
688349.SH,20251009,25.0837,2.9905,1.888,3984587.2945,803302.3027
920564.BJ,20251009,250.2136,6.4598,9.9388,200928.6654,91362.5607
002833.SZ,20251009,15.5859,2.5738,2.9312,714405.5041,485932.0863
600320.SH,20251009,42.4089,1.5673,0.7,2423442.6105,1528118.9241
688552.SH,20251009,1007.6767,5.4703,21.2654,1427233.536,367454.1958
603116.SH,20251009,,1.2375,1.6294,326705.8536,326705.8536
000060.SZ,20251009,20.6142,1.5576,0.3757,2264986.6672,2264952.5797
688120.SH,20251009,52.2927,8.3079,14.853,5732230.8842,5732230.8842
300873.SZ,20251009,21.4354,1.9127,3.4266,586189.7222,424106.4793
300641.SZ,20251009,7.6813,3.7816,3.341,1178293.2963,1178293.2963
300232.SZ,20251009,71.2116,1.8512,1.07,858701.32,698090.094
002367.SZ,20251009,14.7093,1.5863,1.3011,531298.4737,529192.4318
300913.SZ,20251009,97.4307,13.8883,9.1299,1783076.2004,1458479.5868
603858.SH,20251009,,2.0222,1.7135,1925641.9751,1925641.9751
002124.SZ,20251009,6.6233,1.5943,0.6409,642138.8774,570010.4933
000582.SZ,20251009,18.0859,1.0899,2.7491,2026054.6625,1584641.6211
002422.SZ,20251009,26.9732,2.4336,3.022,5762580.4594,4709029.3514
300505.SZ,20251009,20.6808,2.2477,1.6539,593438.9822,469282.8783
002053.SZ,20251009,27.9118,1.568,3.6513,1166564.2309,1166555.9637
603237.SH,20251009,32.8148,1.8726,1.4964,338465.1154,336552.1335
688729.SH,20251009,141.9217,10.5163,18.0916,9091302.56,614546.9406
300440.SZ,20251009,121.327,3.8398,5.9237,616159.0168,613806.3082
301199.SZ,20251009,44.6682,2.6768,4.8112,507385.368,194883.318
000632.SZ,20251009,,1.9596,0.2403,178759.5149,178744.9367
603035.SH,20251009,16.6447,1.2796,1.056,641473.7371,641473.7371
600649.SH,20251009,23.9502,0.5718,0.8106,1192142.3656,1192142.3656
600184.SH,20251009,,3.1471,7.3655,1061729.4467,926962.225
300212.SZ,20251009,,32.2246,36.4868,1580883.7587,1533931.7459
000078.SZ,20251009,,3.6092,0.2359,660411.9375,659236.7256
603970.SH,20251009,19.3139,2.3497,0.335,362073.7805,362073.7805
300882.SZ,20251009,41.548,4.3455,5.3128,540347.8429,502825.4326
300128.SZ,20251009,,11.8463,4.3101,847023.2486,846111.5081
300491.SZ,20251009,285.5521,4.7102,4.1088,548767.7055,487144.7098
002677.SZ,20251009,185.3343,3.1753,7.3971,466449.2891,386176.6591
688702.SH,20251009,,22.2533,49.0526,5187730.0,2568455.0303
603717.SH,20251009,,4.8544,3.2523,257069.5686,257069.5686
001202.SZ,20251009,31.6364,3.3048,2.083,262038.4249,183647.2573
603351.SH,20251009,26.365,2.1499,2.8845,369884.2695,369884.2695
600051.SH,20251009,31.1144,0.6596,1.1436,221968.32,221968.32
002988.SZ,20251009,62.267,4.3686,1.5498,1105899.1151,1105557.2602
600636.SH,20251009,,1.7455,10.7326,354418.536,354418.536
605089.SH,20251009,46.5923,2.9867,5.2317,359628.0,359628.0
000530.SZ,20251009,47.5577,1.6699,1.1849,529537.4544,376826.0388
300950.SZ,20251009,63.6637,6.4708,10.158,492967.84,292181.6476
002674.SZ,20251009,39.6039,1.9106,1.5135,458399.5141,453766.2243
300777.SZ,20251009,34.3412,3.5978,16.0272,1579429.4729,1521626.0175
301519.SZ,20251009,,1.6009,3.3803,227197.44,107953.73
301060.SZ,20251009,,2.3507,2.2914,369677.191,332450.3461
688432.SH,20251009,83.6115,3.9727,17.7904,1742926.618,709069.2242
000990.SZ,20251009,142.7161,0.5022,0.7845,893199.5882,893198.9267
301198.SZ,20251009,,2.0852,4.6745,190125.0,174998.655
920718.BJ,20251009,23.3524,2.8009,1.3157,163109.3933,76897.0299
600676.SH,20251009,,1.2889,1.421,657206.9912,657206.9912
300686.SZ,20251009,,3.9117,2.3772,379468.8643,281984.7824
688055.SH,20251009,,3.2638,4.6673,1360000.0272,1360000.0272
002119.SZ,20251009,72.267,4.8785,3.5213,690522.56,690522.56
000652.SZ,20251009,76.5717,1.0716,0.3477,616789.8701,616325.2661
002786.SZ,20251009,,21.4195,1.9614,451006.92,449641.92
000421.SZ,20251009,38.2597,1.3345,0.5211,363030.7439,362955.2597
605108.SH,20251009,55.061,2.2051,1.9418,501800.0,501800.0
600433.SH,20251009,136.8701,1.2533,0.7454,561839.6338,561839.6338
002368.SZ,20251009,48.6686,3.3704,1.9436,1750033.4511,1742166.6538
603458.SH,20251009,,0.9191,1.7476,266328.3272,266328.3272
600990.SH,20251009,,4.475,4.973,815122.7114,808921.1769
603517.SH,20251009,76.4658,1.3054,1.4219,815678.6059,815678.6059
600115.SH,20251009,,7.1563,0.6981,9406927.1525,7222326.9306
600589.SH,20251009,130.6722,14.7879,26.8326,1089747.6993,1085196.8993
603222.SH,20251009,,4.049,8.5221,576549.4953,576549.4953
000937.SZ,20251009,38.1451,1.1159,1.33,2116594.5632,2056604.939
002838.SZ,20251009,84.1418,3.7492,2.2712,1330904.3544,1170197.4562
688262.SH,20251009,,5.1337,22.3335,1079567.7205,1079567.7205
300733.SZ,20251009,69.8778,3.4369,3.03,574365.7301,423684.4022
002507.SZ,20251009,18.7102,1.7121,6.1893,1481632.032,1475206.2373
002333.SZ,20251009,72.0568,1.9288,2.1928,366484.1664,354341.7633
000534.SZ,20251009,37.9257,5.3625,6.7594,812168.4549,796792.1817
003042.SZ,20251009,,1.6688,1.0876,226970.64,202893.6318
002475.SZ,20251009,32.4048,6.3825,1.6346,47355665.3093,47269832.1814
600361.SH,20251009,20.8201,1.5115,0.2013,1637647.4631,640598.164
603100.SH,20251009,16.8482,2.7618,1.7493,1247010.8177,1239301.3584
300865.SZ,20251009,,3.3468,8.1646,290675.84,170891.8686
300096.SZ,20251009,77.1329,10.2756,6.9538,359480.0,359480.0
600038.SH,20251009,54.8519,1.7291,0.9316,2965553.7514,2419538.6944
600128.SH,20251009,64.1645,1.2135,0.342,257872.0375,257872.0375
603698.SH,20251009,56.9786,3.2602,2.5917,1112715.24,1112715.24
002730.SZ,20251009,62.9684,3.6481,4.909,586569.4056,560568.4056
002284.SZ,20251009,31.8956,3.2115,2.03,985959.8642,975439.7068
002537.SZ,20251009,87.6991,2.5423,1.565,1054267.037,1049941.371
600593.SH,20251009,,31.943,8.6187,422592.8,422592.8
000809.SZ,20251009,,0.9613,6.7225,258159.6747,258159.6747
601882.SH,20251009,23.8263,4.0352,3.331,1111338.0,1111338.0
002127.SZ,20251009,,2.0881,2.7389,864114.3819,702146.0149
603333.SH,20251009,,2.4742,3.276,509031.0929,509031.0929
600821.SH,20251009,15.6617,1.2389,3.2384,1182379.9642,1182379.9642
600653.SH,20251009,223.3606,5.3474,0.9541,406793.4863,406793.4863
002344.SZ,20251009,75.4166,0.6788,5.5189,572047.1642,571526.741
301162.SZ,20251009,74.1565,5.1919,12.0292,777603.5413,499847.839
920077.BJ,20251009,81.1141,3.3014,4.0944,833920.4983,449761.7233
300283.SZ,20251009,,3.2401,0.9843,345399.8643,255216.8589
688156.SH,20251009,,2.3986,7.0562,196996.8911,196996.8911
002105.SZ,20251009,,2.8801,1.9885,246600.2,244196.2233
601728.SH,20251009,18.0782,1.3738,1.1738,61858825.7605,52477696.6005
002461.SZ,20251009,24.0333,2.0638,3.7319,2217755.137,2217755.137
300501.SZ,20251009,77.3735,2.1699,2.9498,339271.9703,219477.8579
002253.SZ,20251009,,2.1448,17.7067,235102.391,217052.8138
002360.SZ,20251009,,1.0089,4.2144,203699.5437,166053.7706
300949.SZ,20251009,,3.6264,7.298,244510.5999,139022.2083
301046.SZ,20251009,82.6491,5.0423,2.9763,409371.1884,304183.7004
603988.SH,20251009,146.9412,10.8968,10.0695,726768.0,726768.0
688578.SH,20251009,26.4065,8.098,11.065,4819050.0,4819050.0
001391.SZ,20251009,31.8845,3.2615,3.5733,8057861.6085,566785.0716
300998.SZ,20251009,,2.6212,2.8407,330852.1828,259725.559
001218.SZ,20251009,24.1686,1.2272,0.6485,270900.9591,193339.8208
603619.SH,20251009,15.0841,2.1548,2.1498,902484.6759,902484.6759
002439.SZ,20251009,,1.7035,6.7102,1928549.1264,1154745.9541
603037.SH,20251009,44.626,3.9443,4.9652,373159.7987,371127.2003
300078.SZ,20251009,,7.1892,4.5573,382312.3027,380771.5646
002946.SZ,20251009,23.0499,4.6262,1.3578,1470036.0837,1453010.3759
001267.SZ,20251009,143.9044,8.2563,12.75,1293087.554,949595.3216
300465.SZ,20251009,295.0567,16.2462,9.0682,1078754.6869,1078754.6869
688033.SH,20251009,,1.1068,5.6736,382857.2439,382857.2439
600689.SH,20251009,148.8933,5.9912,2.0025,281387.8802,213085.8002
301550.SZ,20251009,110.8222,12.0332,26.7794,2157875.5,1318491.3561
603615.SH,20251009,,5.1462,8.7182,583995.3,583995.3
300346.SZ,20251009,99.4471,8.9174,12.1403,2984415.5072,2834987.5591
600551.SH,20251009,13.2243,0.9974,0.7589,577703.0636,577703.0636
002020.SZ,20251009,25.0268,3.1961,4.3381,1746167.0959,1468207.7834
300757.SZ,20251009,,25.2539,67.9593,4307528.4527,3807972.4695
603011.SH,20251009,,4.953,4.9741,1068924.0128,1068924.0128
300484.SZ,20251009,87.0268,6.9163,10.3745,460939.6775,370134.5906
605198.SH,20251009,46.1389,5.6423,8.7274,1513222.0,1199827.16
605050.SH,20251009,22.3647,1.8441,0.6921,788526.6896,788526.6896
300166.SZ,20251009,,2.1132,4.6573,1260591.543,1002695.7611
600571.SH,20251009,101.3317,7.0161,3.8411,789010.5788,774515.8815
002091.SZ,20251009,13.0602,0.988,0.3798,1513697.8995,1485443.8253
920914.BJ,20251009,53.8933,3.9242,3.8829,369100.0,368809.3338
300321.SZ,20251009,447.2611,5.4284,9.1087,342590.4,342188.7822
002861.SZ,20251009,534.6405,3.2363,4.2409,360645.7504,290725.9256
300668.SZ,20251009,,2.728,3.7049,208861.5087,172968.8506
920058.BJ,20251009,32.5508,5.9714,2.8516,199052.9405,97803.0687
920634.BJ,20251009,91.0213,7.3917,2.0794,203240.3063,127191.6302
688710.SH,20251009,177.621,2.8108,7.2017,656260.1078,422180.4024
301305.SZ,20251009,20.1255,1.3287,2.7831,487763.4285,250148.604
001260.SZ,20251009,48.3388,2.8098,3.858,227700.0,62865.0
603273.SH,20251009,122.9241,4.6137,6.8426,405266.6394,106006.4344
688158.SH,20251009,,5.1362,7.7634,1214227.8205,1078966.0692
600241.SH,20251009,171.2896,2.0609,6.016,241327.7343,241327.7343
601766.SH,20251009,14.4867,1.3639,0.8095,22356415.1246,18951354.6794
688420.SH,20251009,131.5298,1.5653,4.2467,224965.92,86773.296
300960.SZ,20251009,71.4849,6.4677,8.6622,384655.0777,348528.8197
688048.SH,20251009,,4.4364,36.9638,1328269.3705,1328269.3705
601169.SH,20251009,4.3885,0.4192,1.6353,11544069.4125,11544069.4125
001358.SZ,20251009,54.9815,2.7898,8.434,394856.0,163379.0671
001896.SZ,20251009,351.837,2.6777,0.7681,868169.5768,868169.5768
603787.SH,20251009,75.9614,1.8027,0.6953,277093.1232,277093.1232
300323.SZ,20251009,,2.1084,3.0298,1444468.9293,782541.2807
688499.SH,20251009,,5.3061,5.572,1202528.0908,1202528.0908
601963.SH,20251009,5.8628,0.5665,2.1832,3095855.9496,1674547.0279
301459.SZ,20251009,31.2826,3.588,4.6528,438352.8622,109876.7521
002454.SZ,20251009,28.8865,1.3535,1.0294,540580.176,539202.1361
688567.SH,20251009,,2.5459,2.764,2504090.8604,2504090.8604
688530.SH,20251009,529.1335,3.546,6.7749,297683.3726,126067.4594
301363.SZ,20251009,44.6032,3.8326,8.502,1377805.998,378445.7542
920533.BJ,20251009,158.2068,12.9545,6.446,449412.9363,248185.4263
600301.SH,20251009,31.6081,4.9837,4.2283,2183622.9375,950458.7708
600170.SH,20251009,13.3848,0.8796,0.1059,2745755.3809,2745755.3809
603589.SH,20251009,13.964,1.9129,3.6903,1985158.5276,1985158.5276
002442.SZ,20251009,24.6705,1.735,0.7104,315557.9726,306274.8301
688169.SH,20251009,34.2701,3.9231,3.4051,5254677.143,5254677.143
600149.SH,20251009,22.5959,8.4288,5.0932,199203.84,199203.84
300478.SZ,20251009,,51.9915,7.4228,317569.211,317569.211
002209.SZ,20251009,22.6042,3.7232,1.5967,298543.575,234605.676
601019.SH,20251009,13.5545,1.0745,1.4899,1606913.0,1606913.0
300237.SZ,20251009,,308.622,1.7873,320105.1145,320102.1175
002212.SZ,20251009,52.8973,1.2735,4.2738,1185351.1484,1172684.1827
002347.SZ,20251009,785.6089,3.4123,3.4898,402247.714,393226.1721
688322.SH,20251009,712.6258,12.3117,45.8917,3609898.56,2629762.92
688225.SH,20251009,,4.7781,1.4189,859621.49,859621.49
300768.SZ,20251009,76.0628,3.663,10.1956,1226494.3193,801371.9856
600865.SH,20251009,25.0245,1.4848,19.0603,346141.0907,346141.0907
601898.SH,20251009,8.9981,0.9962,0.908,15512636.178,10707840.468
603170.SH,20251009,23.7122,4.2836,2.0755,572414.31,572414.31
688010.SH,20251009,317.6037,2.9498,7.6784,498864.8228,498864.8228
688119.SH,20251009,,1.6518,2.3866,493875.0,493875.0
301505.SZ,20251009,136.189,2.7643,9.4898,264378.3792,173144.3445
301323.SZ,20251009,40.5182,2.6517,6.1006,561757.1531,358756.3507
600502.SH,20251009,6.1591,0.7233,0.0849,791322.1454,791322.1454
603931.SH,20251009,46.1665,3.7922,9.5839,600072.0487,600072.0487
301580.SZ,20251009,29.2409,2.3819,5.051,484655.5143,327533.2796
601010.SH,20251009,39.732,1.1472,2.8239,493416.0,493416.0
301126.SZ,20251009,,1.3132,0.428,228613.7616,153464.0784
688581.SH,20251009,20.3518,2.4734,8.8925,600295.7999,307019.8918
920885.BJ,20251009,108.0254,8.3735,19.3845,337198.4826,172127.2629
000883.SZ,20251009,22.3613,0.8855,1.608,3007392.5615,3006606.9947
600408.SH,20251009,,1.6361,0.4335,232570.8,232570.8
688096.SH,20251009,,2.1479,3.7461,193078.7601,193078.7601
603269.SH,20251009,42.223,4.1857,2.5159,434722.4893,434722.4893
301251.SZ,20251009,119.8727,4.8897,5.8586,753477.9907,301825.1653
600055.SH,20251009,101.282,2.6545,7.5256,1254963.9885,1254963.9885
001322.SZ,20251009,137.781,1.6731,1.1456,788237.8124,134974.432
002669.SZ,20251009,,1.5714,1.0536,421119.2,419034.9098
002510.SZ,20251009,516.3515,2.9724,2.8671,733945.2859,726504.342
002041.SZ,20251009,209.6064,2.2682,6.7715,817520.0,817520.0
603339.SH,20251009,24.3111,1.6422,2.4588,422077.7627,422077.7627
603508.SH,20251009,19.1867,3.384,7.7176,1270024.9498,1270024.9498
000878.SZ,20251009,25.3094,2.5066,0.2121,3852977.2401,3852909.6794
920768.BJ,20251009,54.7736,2.0917,0.8575,142707.42,98471.3207
000888.SZ,20251009,29.6715,2.5406,6.8892,662856.6823,662856.6823
600725.SH,20251009,,15.3719,6.3022,435061.91,435061.91
002616.SZ,20251009,20.0123,1.8583,1.3589,509941.6135,324889.3294
002875.SZ,20251009,,5.5934,6.776,378317.9647,324007.3341
300034.SZ,20251009,99.2021,3.5057,3.6433,1315783.5405,1265732.6418
688636.SH,20251009,101.8935,5.0685,9.9632,571106.5688,571106.5688
000620.SZ,20251009,,1.9953,4.2722,957105.8515,761495.0568
300130.SZ,20251009,261.6242,3.8032,5.1483,1594677.8348,1220402.1378
600851.SH,20251009,50.8521,1.805,10.4555,796657.4167,487216.0326
920239.BJ,20251009,30.874,7.179,1.6883,685509.3781,675571.6756
301236.SZ,20251009,276.9909,5.2484,1.5392,5321223.5324,4373040.4366
600726.SH,20251009,,4.5941,1.1394,1953112.0439,678594.174
600933.SH,20251009,20.7858,2.6,3.1803,2209150.8146,2191276.4696
603767.SH,20251009,1527.9884,6.2347,9.9892,858304.2015,858304.2015
300940.SZ,20251009,61.3388,5.4177,8.443,624294.8191,441572.2993
601778.SH,20251009,38.4643,0.8925,2.7772,1381966.8881,1381966.8881
688317.SH,20251009,,1.31,31.4027,451379.1397,451379.1397
600378.SH,20251009,30.9011,2.3567,2.2464,4103488.7912,3411830.4197
000504.SZ,20251009,,12.8132,23.076,299330.9499,298514.015
002001.SZ,20251009,10.5978,2.5265,3.3684,7701994.7301,7610375.9916
688131.SH,20251009,64.0771,6.1436,7.1787,1813022.5426,1813022.5426
300905.SZ,20251009,57.868,3.7454,5.1611,708530.8836,551013.166
605366.SH,20251009,,1.9559,2.7084,399838.4954,399838.4954
688558.SH,20251009,28.6727,2.5848,3.6469,423984.0,423984.0
603007.SH,20251009,,10.7941,69.471,517368.6996,294900.159
300189.SZ,20251009,,6.3752,25.0294,452608.0,391718.1127
002266.SZ,20251009,22.1076,2.0132,1.0957,2327795.0453,2183973.2674
300623.SZ,20251009,53.9157,4.7041,8.5701,2727557.9745,2379994.1192
603062.SH,20251009,23.9806,2.9826,2.6103,592272.0,207769.0176
300585.SZ,20251009,,4.1586,6.687,295508.8887,295508.8887
601717.SH,20251009,10.3813,2.2245,1.1697,4451002.0255,3844619.1649
603030.SH,20251009,,5.0337,5.6036,446440.4633,446440.4633
300735.SZ,20251009,83.2419,4.7457,3.3375,2298544.7636,2268464.7566
603202.SH,20251009,14.2134,2.417,3.5472,1580160.0,321401.1072
600699.SH,20251009,46.336,3.4755,0.8082,4778776.0077,4639703.6771
600538.SH,20251009,,3.8214,9.2634,294075.2732,294075.2732
301318.SZ,20251009,30.8093,2.2838,5.4999,423229.9036,238231.5742
300474.SZ,20251009,,6.2317,139.9958,4335126.4548,3371702.9415
301501.SZ,20251009,29.3069,3.5179,4.0699,704891.4,176222.85
300473.SZ,20251009,72.7632,2.8176,1.0135,472998.7254,470106.6124
600727.SH,20251009,20.6558,1.2296,0.7225,398023.1007,397977.9207
002871.SZ,20251009,29.2926,3.7748,6.6613,405988.3981,247109.1671
301373.SZ,20251009,24.6702,2.1269,6.9771,342663.3355,121535.332
600846.SH,20251009,29.6544,2.3092,2.4523,946513.6967,946513.6967
600928.SH,20251009,6.4837,0.5033,1.7736,1733333.3336,1725108.0857
920974.BJ,20251009,63.3875,2.2454,1.4667,142014.6,111646.1199
002902.SZ,20251009,,6.4376,3.4588,567076.8666,428626.6096
301019.SZ,20251009,29.6662,2.9713,6.5977,312815.9907,201895.2765
300640.SZ,20251009,143.6163,2.476,1.9957,199346.7867,141500.1923
002460.SZ,20251009,,3.3367,7.7864,13777024.0592,8088876.3995
002520.SZ,20251009,,16.7866,3.1161,459900.2898,439790.8248
688111.SH,20251009,88.4113,12.6948,27.5345,14772177.1916,14772177.1916
000564.SZ,20251009,,2.9921,31.2908,4604806.1553,3752329.3564
000617.SZ,20251009,32.9349,1.3404,160.9265,13843076.5915,13843076.5915
002578.SZ,20251009,391.3549,2.0883,1.6182,319134.2622,292795.2707
300396.SZ,20251009,,1.9362,5.4877,378780.5236,378211.0447
002286.SZ,20251009,27.4702,1.7403,1.4127,369474.0934,359204.6704
002574.SZ,20251009,,1.0122,0.8856,304656.0,304656.0
300131.SZ,20251009,232.2569,7.1772,2.3594,1282572.0181,1177762.2931
600829.SH,20251009,30.561,1.5588,0.4509,460431.546,460431.546
001225.SZ,20251009,66.2113,2.2529,12.4394,312669.6996,99871.0554
301379.SZ,20251009,39.607,4.6161,3.7987,635371.8405,408104.1688
300343.SZ,20251009,116.6342,2.8116,5.8732,539829.4051,538440.7914
300683.SZ,20251009,,1.8858,6.9356,443470.1967,413555.0037
301182.SZ,20251009,,5.2746,6.5352,409733.5892,409733.5892
600530.SH,20251009,221.2369,20.466,20.6519,652482.64,652482.64
603577.SH,20251009,19.6686,1.6518,0.6949,317095.0585,317095.0585
920016.BJ,20251009,81.5961,4.4561,7.2697,165819.0751,72672.6601
300022.SZ,20251009,,7.8819,1.5802,427023.6883,427014.2275
603073.SH,20251009,23.3818,1.4623,2.5547,199520.0,87535.6986
301013.SZ,20251009,,8.3177,13.3813,661025.3624,535175.3523
920964.BJ,20251009,608.99,2.2288,1.9876,198779.288,100723.9647
300354.SZ,20251009,54.0724,8.399,13.1699,670299.694,394021.4465
600455.SH,20251009,43.7565,5.1136,5.4746,161141.64,161141.64
600525.SH,20251009,,1.2103,0.5768,452341.5921,452341.5921
600380.SH,20251009,16.4575,1.5677,1.5023,2295963.9994,2295963.9994
603191.SH,20251009,62.322,2.1406,1.4082,529771.3308,526079.6268
300633.SZ,20251009,797.295,4.825,7.6484,1503242.895,1503242.895
002500.SZ,20251009,25.6335,1.2979,6.9295,2351300.3633,2351300.3633
002312.SZ,20251009,43.3174,2.1973,2.3388,2070715.1264,2064665.841
688592.SH,20251009,,4.0201,8.1721,378486.7283,181206.4202
920415.BJ,20251009,196.0138,4.4693,14.2636,238166.9705,180381.8847
301320.SZ,20251009,79.3494,3.1008,3.6328,327071.97,122567.0356
601330.SH,20251009,14.7316,1.2229,2.8383,971237.4526,689398.6776
603365.SH,20251009,12.111,1.5044,1.0167,438072.678,433350.2364
603281.SH,20251009,18.653,1.9724,4.6974,933333.335,629234.79
300005.SZ,20251009,186.9671,3.6759,5.0161,770588.3062,770250.0574
603130.SH,20251009,69.5447,4.3576,2.2272,588973.3186,218704.7564
688057.SH,20251009,25.4627,1.0777,9.1206,338928.0,338928.0
600310.SH,20251009,,1.9837,1.5707,573092.8923,573092.8923
603587.SH,20251009,23.2011,1.6473,2.7022,582660.0352,582660.0352
300187.SZ,20251009,31.494,2.8993,3.9797,320228.5938,318497.1332
300774.SZ,20251009,120.8903,3.9601,6.0315,574721.706,274001.9141
000933.SZ,20251009,12.1485,2.1348,1.1757,4770872.5568,4767277.2073
600396.SH,20251009,92.7571,3.2702,1.0801,468320.7678,468320.7678
920008.BJ,20251009,103.907,6.5244,9.7683,198135.0,103105.7524
300411.SZ,20251009,399.1074,5.6085,11.6277,542704.2093,412669.1925
000419.SZ,20251009,26.2072,0.8813,1.5291,313647.1919,313647.1919
300470.SZ,20251009,18.9082,2.76,4.521,768626.58,729256.5958
002654.SZ,20251009,273.837,8.7209,2.4975,1354174.6755,1354078.5555
688573.SH,20251009,,3.9515,5.1772,284465.2691,154859.2148
603706.SH,20251009,19.8453,2.4885,2.752,409066.6622,409066.6622
600513.SH,20251009,,4.0562,2.326,539512.3503,539512.3503
300672.SZ,20251009,231.7622,5.1468,11.2181,2096058.9068,2030389.4416
603979.SH,20251009,22.4349,4.7803,3.897,4670865.2915,4670865.2915
300603.SZ,20251009,,3.8336,6.2648,538236.3515,428018.2867
600885.SH,20251009,22.3699,4.0773,2.5735,3916501.04,3916501.04
600071.SH,20251009,140.551,13.3089,4.0413,660290.7697,660290.7697
601599.SH,20251009,35.9394,2.5329,1.2813,413153.1133,413153.1133
603043.SH,20251009,19.0348,2.5094,1.7358,903208.0383,903208.0383
301227.SZ,20251009,,2.4529,7.0062,403396.398,143748.3423
603188.SH,20251009,,3.0847,3.1431,230918.85,230918.85
300032.SZ,20251009,,6.101,2.4994,409616.5001,409616.5001
688755.SH,20251009,58.6912,3.3973,5.7363,407616.0,76616.7401
603978.SH,20251009,,3.2104,1.7435,505570.8461,505570.8461
002272.SZ,20251009,,5.6086,4.7546,835928.4652,666313.67
601668.SH,20251009,4.8734,0.4846,0.1068,22974137.0869,22974137.0869
002297.SZ,20251009,,2.3536,6.0145,484846.6769,484846.6769
601163.SH,20251009,12.6334,0.8343,1.1279,1120000.0,1120000.0
688031.SH,20251009,,7.4836,18.8085,721970.0594,560076.3622
000417.SZ,20251009,27.2928,0.9964,0.6661,468710.4042,468195.4981
600136.SH,20251009,,14.8108,5.4353,363267.0157,345869.9299
002987.SZ,20251009,60.4144,6.7404,3.947,1876094.1665,1824370.7217
603602.SH,20251009,149.9077,3.2383,2.1741,338044.6439,338044.6439
001359.SZ,20251009,38.2824,4.9861,8.3715,951631.2365,237929.4
688148.SH,20251009,,13.9317,1.7264,348958.3683,348958.3683
001207.SZ,20251009,16.4988,2.2208,2.0901,504940.8707,460010.6908
002106.SZ,20251009,25.0131,1.5639,1.4156,863918.9798,861819.5114
300895.SZ,20251009,,8.1677,24.7975,657679.8688,645402.5984
600998.SH,20251009,9.0368,0.9542,0.1593,2480895.3551,2480895.3551
600158.SH,20251009,553.8809,3.3465,3.856,868359.3256,868359.3256
300155.SZ,20251009,,2.1846,14.8463,269389.3171,158748.8525
002226.SZ,20251009,20.2768,1.8707,1.8922,1825107.8471,1825070.9946
301005.SZ,20251009,462.3862,8.8012,9.1259,671067.7205,661594.1864
002566.SZ,20251009,68.724,1.1606,3.9758,257811.2964,180564.7746
301111.SZ,20251009,,3.3234,8.8584,248960.0,248960.0
000906.SZ,20251009,17.5013,0.9062,0.0206,432894.5392,427756.256
600979.SH,20251009,32.0241,1.3522,1.922,616950.2701,602575.0373
002787.SZ,20251009,35.4213,1.4728,1.1481,273168.9282,204451.8079
000768.SZ,20251009,70.8228,3.4799,1.7665,7472947.5538,7450314.3778
688586.SH,20251009,152.9547,3.5918,9.1022,884717.1764,884717.1764
600436.SH,20251009,43.8795,8.5905,11.257,11837686.9774,11837686.9774
601788.SH,20251009,26.0889,1.4657,8.2949,8742053.3635,7407100.9987
300509.SZ,20251009,41.2472,4.7979,2.4216,278319.6,232030.2081
600707.SH,20251009,27.7564,0.9801,1.9128,2153033.8392,2152601.8392
920087.BJ,20251009,75.9913,5.0398,6.7303,259859.6,252662.6924
600153.SH,20251009,11.4067,0.5342,0.0423,2951730.2449,2951730.2449
603839.SH,20251009,,1.8043,1.5413,333013.532,333013.532
002698.SZ,20251009,34.1832,4.7496,6.5204,1807887.6235,1487662.4742
300671.SZ,20251009,,5.3816,11.3026,860882.5662,858616.861
002054.SZ,20251009,48.6791,1.3404,1.0899,330731.2001,263681.7089
000678.SZ,20251009,,8.1356,4.0522,630127.7737,630127.7737
002321.SZ,20251009,,6.5299,1.3284,614272.3404,611773.0802
002872.SZ,20251009,,0.7927,2.9999,156138.0,105524.8038
688696.SH,20251009,39.5472,2.7943,2.3598,809550.0,809550.0
002153.SZ,20251009,,4.459,10.9645,3086718.2342,1809332.8623
002410.SZ,20251009,80.5335,4.065,3.9379,2382103.7412,2290012.9159
002929.SZ,20251009,280.1855,2.241,1.4496,1397688.7733,1035958.8556
002489.SZ,20251009,17.2954,1.788,1.3972,806874.0684,711646.7612
002283.SZ,20251009,22.1185,1.2782,2.0727,758878.4805,668348.6017
600255.SH,20251009,160.7676,5.3173,1.8036,771224.7498,771224.7498
002583.SZ,20251009,,8.398,3.7382,2116872.9595,1493087.301
300040.SZ,20251009,,1.7512,2.9246,416700.604,330871.1837
920445.BJ,20251009,65.0253,5.0476,4.326,159272.1471,114104.8654
688310.SH,20251009,,3.9825,12.7225,318643.1457,318643.1457
000796.SZ,20251009,,11.2341,14.3219,930197.5713,771844.7498
002948.SZ,20251009,5.8602,0.6923,1.9578,2747207.4297,1469062.9065
300611.SZ,20251009,46.3252,5.4733,3.6423,650110.0144,456773.1784
300951.SZ,20251009,31.3557,2.9373,4.9007,664722.3458,593957.8226
688011.SH,20251009,,3.4973,26.4814,375000.0,375000.0
688668.SH,20251009,73.9203,7.0953,9.5609,1304180.9709,1304180.9709
000723.SZ,20251009,,1.6302,1.1759,2170913.6404,2167348.575
688037.SH,20251009,212.2357,11.0974,17.107,3026425.713,3026425.713
603590.SH,20251009,154.6107,2.68,9.4846,835824.7219,829882.1369
002258.SZ,20251009,26.1326,1.336,1.2099,1026960.9635,1025309.8926
688369.SH,20251009,,3.3915,3.9739,310858.3556,310858.3556
601107.SH,20251009,10.6587,1.0408,1.8677,1703339.42,1204646.18
000980.SZ,20251009,,209.2146,30.9662,1825402.2815,1821362.6996
920198.BJ,20251009,129.8181,4.1337,8.0947,166043.4243,72187.3732
300994.SZ,20251009,26.7302,3.2853,1.2808,411167.232,205795.296
000521.SZ,20251009,10.5133,1.1945,0.2324,737425.3799,626915.0566
688509.SH,20251009,,2.7461,5.3094,344960.0,172386.9056
300863.SZ,20251009,47.0852,5.3028,2.0029,766816.5317,737040.4986
300427.SZ,20251009,,2.4052,5.0132,297484.3743,294257.8595
300743.SZ,20251009,25.4655,4.6222,3.2885,274199.0247,230995.9544
002449.SZ,20251009,288.4235,1.4978,1.7353,572709.8585,572709.8585
002846.SZ,20251009,,5.9854,3.9504,839567.2784,513779.1739
003033.SZ,20251009,33.7715,4.1338,2.8556,541348.5,534685.8873
002798.SZ,20251009,,1.9352,1.0469,264576.0001,219604.5774
688019.SH,20251009,57.2845,12.6313,17.7511,3868320.2211,3868320.2211
300125.SZ,20251009,,,29.9166,258233.9952,256138.4137
002524.SZ,20251009,,19.2179,2.638,223459.3089,219885.4784
603099.SH,20251009,97.5182,10.3764,16.3119,1181614.77,1181614.77
600333.SH,20251009,,1.8953,1.5932,356891.9808,356891.9808
002594.SZ,20251009,23.9325,4.7914,1.1901,100836205.0689,38568894.5624
002950.SZ,20251009,15.5861,1.66,1.7382,594636.2172,424423.5013
300418.SZ,20251009,,4.5222,9.101,6274274.0511,6269944.5336
002048.SZ,20251009,685.9997,2.9526,1.1651,3216268.4981,2805135.0656
300438.SZ,20251009,,3.9228,2.3127,1963039.104,1576240.5282
601636.SH,20251009,41.6012,1.4109,1.2699,1921441.984,1921441.984
002715.SZ,20251009,126417.6073,6.978,6.4013,333822.0,333822.0
002858.SZ,20251009,,4.526,4.9753,243584.8793,218409.9589
600900.SH,20251009,19.8092,3.2795,7.8406,67728026.6379,66452086.0003
301017.SZ,20251009,,2.3008,0.4629,445888.0426,267688.0426
600073.SH,20251009,47.3109,1.2826,0.2923,656410.6304,656410.6304
603916.SH,20251009,42.8962,1.0953,1.2387,454004.4807,447646.4307
688328.SH,20251009,,3.2839,4.366,274301.0807,274301.0807
002579.SZ,20251009,1965.3693,3.1474,2.3601,759034.4702,722803.7858
605088.SH,20251009,27.5113,2.9645,1.9919,831556.6413,818832.5373
002568.SZ,20251009,37.7513,5.8295,9.1596,2664361.8783,1836528.7768
001300.SZ,20251009,299.062,3.4328,6.7962,360300.8009,97871.8106
300462.SZ,20251009,166.3048,1.3284,2.8737,188652.0375,143693.4377
603536.SH,20251009,,5.8349,1.3932,246110.1538,241975.4536
600235.SH,20251009,65.2715,1.6708,1.975,252233.4,252233.4
300820.SZ,20251009,52.1324,5.658,8.0917,1379799.8193,691463.7688
003000.SZ,20251009,20.8461,3.9581,2.2523,541974.7791,360956.042
920402.BJ,20251009,,2.9843,8.9519,484102.8968,484102.8968
001236.SZ,20251009,824.5535,5.9379,5.0996,1106540.0002,832369.4002
688653.SH,20251009,,4.4403,10.2137,639266.88,467634.6744
002179.SZ,20251009,27.8031,3.7085,3.8298,8682793.034,8528825.5762
688222.SH,20251009,107.5493,6.8687,21.3566,980864.64,980864.64
601702.SH,20251009,14.0292,2.972,1.449,1725460.8768,1725460.8768
603373.SH,20251009,38.7442,2.786,1.8315,500537.6357,211477.1527
603697.SH,20251009,25.9549,2.9049,3.4576,492273.6048,492273.6048
301270.SZ,20251009,271.3068,3.6291,19.6111,371600.0,351135.4083
601900.SH,20251009,12.0153,1.4902,1.267,1155380.8231,1155380.8231
600906.SH,20251009,28.9131,1.978,9.1577,2372095.0,1552815.7485
000058.SZ,20251009,356.5632,5.9505,7.2949,1211501.4612,968983.5243
600522.SH,20251009,23.1705,1.9186,1.3587,6825899.304,6825899.304
603185.SH,20251009,,1.3216,2.3456,1529157.9989,1529157.9989
300725.SZ,20251009,50.4264,2.0988,5.232,974976.612,845316.9713
600753.SH,20251009,,401.2694,3.1579,161675.6369,161675.6369
002972.SZ,20251009,36.9035,2.5763,9.1605,308495.0352,168846.9493
300670.SZ,20251009,,4.4737,10.9446,267480.8843,189641.9267
000926.SZ,20251009,,0.4645,0.5217,407798.9821,402741.5411
688651.SH,20251009,,3.0303,9.4258,286516.2,123326.8188
603900.SH,20251009,,1.8512,2.5044,364977.3658,363365.4058
688697.SH,20251009,22.8783,4.2488,2.7547,710238.7391,710238.7391
920026.BJ,20251009,175.1062,5.3579,13.7364,316243.6288,166328.0417
603797.SH,20251009,16.9394,0.8054,2.5812,262436.2731,262436.2731
603137.SH,20251009,35.5461,2.062,1.2222,255923.7343,103152.9343
688623.SH,20251009,56.1108,1.9312,10.9773,405600.6366,131280.6366
688067.SH,20251009,68.6015,3.4488,8.0466,173536.0,173536.0
301260.SZ,20251009,99.982,2.0982,1.8368,993861.5724,421137.6862
603738.SH,20251009,116.7958,3.496,6.8793,610068.7837,610068.7837
002497.SZ,20251009,59.7877,1.6326,2.4132,1738064.2802,1596295.4207
000711.SZ,20251009,,8.1206,8.5049,499970.839,400003.4
002073.SZ,20251009,20.1993,1.5598,1.1871,929989.8594,904117.833
300252.SZ,20251009,656.2561,4.3547,4.0855,948866.4441,800748.8772
603928.SH,20251009,71.122,2.6931,2.6784,409368.96,409368.96
301257.SZ,20251009,35.2844,3.0733,4.6634,372823.5096,355429.9316
600843.SH,20251009,,2.8603,1.9762,850094.4442,559313.4942
600135.SH,20251009,,1.6473,2.9234,398381.1113,398381.1113
002239.SZ,20251009,99.2925,1.9499,1.2884,1095224.0024,1073482.2839
603668.SH,20251009,267.352,3.5111,1.3867,806877.0848,806877.0848
300227.SZ,20251009,,3.404,4.5897,528332.1607,420508.7649
002149.SZ,20251009,72.7589,3.0415,3.0518,897337.8356,897199.9856
600905.SH,20251009,21.0716,1.4006,4.2209,12407040.1616,12407040.1616
600346.SH,20251009,20.2046,1.9604,0.5393,12276190.0268,12276190.0268
920870.BJ,20251009,121.1796,6.3154,26.326,280060.0,137946.061
600104.SH,20251009,190.6905,0.6855,0.319,20139726.187,20139726.187
300319.SZ,20251009,33.8201,2.4745,3.2743,1143703.7165,1078518.324
603220.SH,20251009,119.4973,5.4877,3.5206,1076076.9318,1076076.9318
301507.SZ,20251009,50.5582,3.1068,6.9413,490262.2038,150155.3048
300695.SZ,20251009,77.2713,4.2648,16.3037,1116134.3255,1116134.3255
300214.SZ,20251009,,1.493,0.8925,361229.3311,313567.3523
920522.BJ,20251009,91.972,9.8983,10.9662,1053208.0877,873721.6937
600735.SH,20251009,,1.7779,1.5305,216533.0006,214853.1726
300446.SZ,20251009,18.1111,2.6668,1.7779,1442269.6494,637293.6517
688272.SH,20251009,,4.0762,7.6504,196460.0,196460.0
605001.SH,20251009,42.784,1.1068,1.6567,295057.386,295057.386
600796.SH,20251009,26.9061,1.4714,2.9517,497420.2297,178788.3083
002979.SZ,20251009,73.0706,9.4041,8.9786,1483687.2204,1043693.9951
600760.SH,20251009,69.3286,9.3598,5.6329,20188709.4584,19569832.4419
002907.SZ,20251009,81.252,4.0606,8.4891,678176.4139,487061.1642
002951.SZ,20251009,399.7005,3.5525,10.7907,626940.0,626934.7755
688101.SH,20251009,15.8965,1.3082,3.8689,555124.1744,555124.1744
605589.SH,20251009,27.7384,2.8916,2.6784,2877766.7932,2655037.22
920149.BJ,20251009,,6.6484,2.0661,103596.5436,85515.9019
301486.SZ,20251009,55.5354,4.4334,11.0377,1160702.5749,653532.8701
000589.SZ,20251009,16.8504,0.8631,0.6881,736922.3035,728616.6859
603396.SH,20251009,81.9258,1.5984,1.5761,411703.6646,411703.6646
301348.SZ,20251009,471.5743,3.7475,7.7325,563520.0,364266.7712
301372.SZ,20251009,,2.2781,8.1202,179040.0037,107496.0319
688392.SH,20251009,83.8026,6.6131,17.5064,1161962.9344,1161962.9344
000676.SZ,20251009,64.9097,2.9556,3.1455,1256432.1905,1255676.8323
300989.SZ,20251009,,3.6073,11.6943,356521.6125,254536.2404
300819.SZ,20251009,56.3199,4.0582,6.2428,354361.875,320060.3438
001378.SZ,20251009,38.1002,1.596,1.9887,298667.264,147300.6438
688505.SH,20251009,,4.1557,13.7037,947426.8994,649462.8994
605158.SH,20251009,30.7801,1.7434,0.6598,437264.1,437264.1
603987.SH,20251009,16.6553,1.5068,1.7311,391801.4194,391801.4194
688708.SH,20251009,69.8163,9.2445,33.7346,2925673.14,280927.8144
603379.SH,20251009,27.0691,5.2286,7.7923,3761161.347,3761161.347
000762.SZ,20251009,,4.5624,36.8274,1339417.5398,1338457.5883
002724.SZ,20251009,,2.1666,3.2785,588652.9694,436257.165
300163.SZ,20251009,38.6902,3.0484,6.5369,166848.0,159734.0649
300205.SZ,20251009,,1.9287,5.9557,196965.648,196965.648
002828.SZ,20251009,270.7931,3.0924,2.0105,210635.0048,202852.9498
002362.SZ,20251009,,5.6038,3.176,608447.6139,516701.2967
001216.SZ,20251009,17.1932,2.2329,2.6195,389134.0515,380107.0012
600703.SH,20251009,330.6487,2.2856,4.6527,8102166.4126,8102166.4126
002441.SZ,20251009,29.8682,1.1145,0.4461,504791.9255,369946.9088
002607.SZ,20251009,132.3352,21.8084,7.346,1714537.0301,1413351.2711
600598.SH,20251009,23.6738,3.29,4.9023,2575858.1881,2575858.1881
600281.SH,20251009,,22.6722,8.7743,325616.4818,325616.4818
600008.SH,20251009,6.7782,1.1758,1.2218,2400373.1514,2400373.1514
000819.SZ,20251009,,3.215,1.9543,676193.246,668924.12
002661.SZ,20251009,21.7929,1.3546,0.7263,312816.3397,295382.9362
300107.SZ,20251009,314.336,2.6743,7.7097,402335.8396,248257.1642
000001.SZ,20251009,5.0858,0.5027,1.5922,22122746.7457,22122384.7444
002130.SZ,20251009,38.9901,6.5102,4.9447,3845210.4112,3493049.8641
603789.SH,20251009,,7.8433,4.6668,152805.041,146900.0
002078.SZ,20251009,12.723,1.3463,1.0107,3973828.9392,3949455.9573
002361.SZ,20251009,151.5257,2.7021,2.4311,596298.9256,507320.111
600696.SH,20251009,,5.7712,15.7232,191316.5145,191316.5145
688403.SH,20251009,84.0101,5.1314,9.729,1647672.5338,1647672.5338
601939.SH,20251009,6.8044,0.6744,2.9904,226807530.725,8317701.1444
603727.SH,20251009,78.4715,1.2316,1.4867,389899.4794,389899.4794
002066.SZ,20251009,86.3828,5.0098,0.894,364105.85,358050.0
688313.SH,20251009,120.6459,23.3844,20.1014,3252908.5055,3252908.5055
688336.SH,20251009,42.742,5.7405,26.4046,3271431.8461,3271431.8461
301658.SZ,20251009,67.5915,4.7482,6.3019,1483711.3437,148371.1362
002939.SZ,20251009,21.0815,1.5374,9.6554,4728348.3924,4222317.0875
603272.SH,20251009,76.2869,3.49,8.2174,194196.998,194196.998
000815.SZ,20251009,,6.5736,14.8538,879507.7393,879507.7393
001239.SZ,20251009,38.7478,2.9792,2.612,406560.0,193116.0
000002.SZ,20251009,,0.4232,0.265,8100951.7308,6597435.3481
300929.SZ,20251009,,1.7535,4.0802,141910.7947,136126.6603
301563.SZ,20251009,103.1751,9.1373,3.8338,1071550.5251,229589.3398
600182.SH,20251009,37.0912,4.9315,1.0978,523940.0,261970.0
603187.SH,20251009,15.9654,1.4362,1.9697,597785.7175,597785.7175
301108.SZ,20251009,143.2401,1.9798,6.3699,364682.2565,209484.4615
688511.SH,20251009,8697.9569,2.8023,20.1384,235478.7352,235478.7352
002211.SZ,20251009,,102.8708,3.4432,153528.9015,153528.9015
301366.SZ,20251009,231.5657,4.0979,8.9059,869994.3066,316753.5348
688799.SH,20251009,61.0025,4.0631,5.3897,748130.04,748130.04
002702.SZ,20251009,,2.2313,1.4711,235086.48,194048.6063
300800.SZ,20251009,64.9256,1.353,3.4269,270615.537,267898.0545
920266.BJ,20251009,,1.3966,2.8744,125240.0071,81573.3449
688393.SH,20251009,,2.038,6.2406,250948.5687,250948.5687
603168.SH,20251009,,1.7829,5.9516,287582.6288,246783.2617
920010.BJ,20251009,77.3727,4.5671,5.9306,309540.0,229241.896
002407.SZ,20251009,,2.9432,3.0594,2424911.1431,2201082.0326
002468.SZ,20251009,25.3912,2.6917,0.5298,2681965.3948,2570534.3404
300168.SZ,20251009,,7.5555,4.996,1009880.6318,1008866.964
688238.SH,20251009,,3.4619,20.8757,532210.094,525739.474
688607.SH,20251009,261.2994,2.9246,7.9824,250727.0818,250727.0818
002716.SZ,20251009,120.3328,6.2233,2.2016,2091908.6867,1625086.4242
002287.SZ,20251009,24.2247,3.4095,5.9516,1489795.8006,1486857.4262
688239.SH,20251009,48.3621,4.5147,4.9372,848285.3351,848285.3351
688383.SH,20251009,,5.5517,9.7585,756605.7088,756605.7088
688093.SH,20251009,30.3293,4.143,10.9495,1119568.4845,1048686.8288
600508.SH,20251009,19.9102,0.6996,1.1003,894724.884,894724.884
603078.SH,20251009,90.6457,4.2692,7.0292,814080.2305,814080.2305
601128.SH,20251009,5.5635,0.7858,1.9641,2251913.2688,2251913.2688
300455.SZ,20251009,,7.4962,9.4088,1266860.407,1250718.5995
603598.SH,20251009,,21.2195,0.567,446662.3581,446164.6581
002797.SZ,20251009,34.0701,1.9871,8.7782,3370324.8,3370324.8
301120.SZ,20251009,,3.7026,13.7816,556418.7004,327492.405
300961.SZ,20251009,,3.8164,8.5637,283116.16,243652.2666
603296.SH,20251009,30.8329,4.6055,0.7036,10865526.7423,6109895.9866
600519.SH,20251009,20.0059,7.7338,10.0878,179923679.9508,179923679.9508
300296.SZ,20251009,,2.488,2.8244,1985167.3265,1664703.603
601567.SH,20251009,15.0118,2.887,2.2546,3511618.2906,3511618.2906
605336.SH,20251009,116.2382,1.455,8.3314,272000.6634,272000.6634
002445.SZ,20251009,57.5319,2.7864,5.9345,625047.7807,622358.1959
002397.SZ,20251009,88.7461,2.2151,1.6868,267705.7566,231934.6297
688496.SH,20251009,,4.1773,5.3062,414900.0,219385.8432
300083.SZ,20251009,55.6112,3.2763,3.483,1736451.6803,1557235.7282
300854.SZ,20251009,324.437,2.045,3.1709,201238.2563,163576.4996
600560.SH,20251009,66.6364,3.9194,5.6994,372146.112,372146.112
301180.SZ,20251009,,4.6207,4.8702,604415.11,248012.521
000903.SZ,20251009,,3.7547,1.2512,553398.9633,549194.8313
301235.SZ,20251009,37.6835,2.0431,1.8239,362750.6223,244833.7787
002547.SZ,20251009,,,2.814,612535.0422,599910.2911
601965.SH,20251009,19.597,2.4789,3.893,1793462.138,1777265.8618
603729.SH,20251009,884.3126,4.3376,3.9821,154381.052,154381.052
000995.SZ,20251009,94.4634,16.798,15.1508,249435.648,249435.648
002357.SZ,20251009,20.1304,1.8656,3.7678,313489.036,313477.786
603701.SH,20251009,128.4783,6.4864,6.4968,519848.8211,519848.8211
300864.SZ,20251009,20.1312,2.4659,3.8147,316468.243,316468.243
600403.SH,20251009,,1.9342,2.2048,937198.4616,937198.4616
601966.SH,20251009,13.6215,1.0013,0.975,2290381.6989,2290381.6989
603444.SH,20251009,37.2596,8.2852,9.3875,3993382.3106,3993382.3106
300280.SZ,20251009,,0.0503,0.0571,6158.4983,6098.0184
000035.SZ,20251009,111.2907,1.3482,2.6146,1462958.1615,1419112.1067
600197.SH,20251009,28.7453,1.8737,3.7055,720171.9193,720171.9193
603580.SH,20251009,,4.5424,10.3605,189345.4668,189345.4668
600596.SH,20251009,,1.1707,1.022,1454865.6188,1454865.6188
600516.SH,20251009,312.2551,1.3249,6.6588,2137790.2654,2137790.2654
300436.SZ,20251009,,51.686,35.0129,1513036.5,1298838.2805
603557.SH,20251009,,12.0619,5.2254,148377.9793,148377.9793
603861.SH,20251009,28.4583,1.5268,1.1418,582689.1355,569816.2233
601598.SH,20251009,11.9857,1.2007,0.4708,4697839.8273,3395322.3013
300275.SZ,20251009,75.9867,4.2562,8.0654,395968.2887,348936.6562
920608.BJ,20251009,41.5794,3.1322,9.2585,145828.32,95827.641
301630.SZ,20251009,60.2175,4.9556,7.7273,809520.0,202380.0
603319.SH,20251009,81.074,5.7925,6.8234,1420358.8515,1420358.8515
603110.SH,20251009,411.0014,5.2927,8.5988,367037.5592,367037.5592
600667.SH,20251009,30.8624,2.1898,0.5473,1871930.2493,1871930.2493
920278.BJ,20251009,68.1267,4.7537,5.2788,174325.5,73973.952
688416.SH,20251009,,3.7715,13.2018,487293.2308,383329.4213
002218.SZ,20251009,,1.2593,4.6888,517165.5209,509617.7591
603178.SH,20251009,,3.9011,2.7675,480861.766,480861.766
920493.BJ,20251009,684.0944,21.1317,10.4857,882803.5529,610575.3762
600731.SH,20251009,13.0377,1.2557,1.6744,401177.0547,400631.5535
603600.SH,20251009,11.6914,1.578,0.7236,353563.4919,321040.6964
301273.SZ,20251009,,2.0901,6.8218,195223.8832,94364.8207
002771.SZ,20251009,,5.2811,6.7221,333734.6831,277652.8161
920427.BJ,20251009,116.4999,4.8063,19.0034,156807.495,76993.2694
600594.SH,20251009,,1.3082,1.6164,323106.3792,323106.3792
603993.SH,20251009,22.0111,5.1102,1.8025,36947973.674,30154874.438
301037.SZ,20251009,,3.1445,1.0218,200066.5962,97848.8126
600060.SH,20251009,12.9919,1.62,0.5317,3206316.8281,3194514.5475
603156.SH,20251009,27.4576,4.6816,7.0653,3943408.504,3943408.504
600755.SH,20251009,43.0057,0.6799,0.0429,1333875.5645,1330466.8959
600415.SH,20251009,30.1246,4.8994,5.9884,9991202.8772,9989771.8784
600486.SH,20251009,23.0668,2.6049,2.6176,2871440.2954,2861451.6363
002513.SZ,20251009,,,1.555,332807.8834,248223.3774
300682.SZ,20251009,,3.2051,4.7694,2133488.4886,2042287.2665
002714.SZ,20251009,10.4672,3.7289,1.8326,28870739.5029,20138990.0563
688419.SH,20251009,49.4673,3.588,11.9479,358890.379,96411.8059
300225.SZ,20251009,91.7839,2.8608,3.2531,244370.8093,244179.3443
300988.SZ,20251009,30.3857,2.5803,1.6496,320860.0555,243953.9401
002494.SZ,20251009,304.5577,1.5221,4.6334,185636.8733,141091.0555
601512.SH,20251009,22.2482,0.9998,4.5276,1483901.1,1483901.1
688571.SH,20251009,27.0428,2.1527,2.7133,339760.7307,339760.7307
002575.SZ,20251009,,5.4397,10.7608,450045.0,431516.87
600650.SH,20251009,52.2273,2.0814,5.1948,889747.1026,629973.401
300157.SZ,20251009,,,8.5473,358874.3485,336924.5248
600651.SH,20251009,432.8097,8.4094,10.6789,2085847.3085,2085847.3085
605033.SH,20251009,114.7431,2.5572,3.4065,293384.0,293384.0
000816.SZ,20251009,,2.2456,3.4804,460150.2351,456784.8901
300538.SZ,20251009,,3.0146,0.8893,289978.2054,192850.4853
300766.SZ,20251009,,10.2222,34.4695,1626368.9988,1475990.1566
688021.SH,20251009,,1.6724,4.4781,143046.4782,143046.4782
001210.SZ,20251009,31.5678,1.9143,2.2297,254036.5351,154384.448
688468.SH,20251009,41.8954,2.2516,8.3466,313265.348,313265.348
600663.SH,20251009,24.7471,1.7562,2.6278,4375548.5471,2742289.1023
002552.SZ,20251009,38.6032,3.7281,2.3138,649875.4294,536391.6083
300344.SZ,20251009,,11.4174,11.5613,270158.4011,269437.5439
688401.SH,20251009,44.5209,6.6267,9.3433,956615.2466,956615.2466
300226.SZ,20251009,42.3956,3.9405,0.1156,830269.3043,798056.5047
300627.SZ,20251009,43.1333,7.3873,7.8907,2840896.6108,2340693.4
300421.SZ,20251009,95.1241,4.343,5.1081,545426.5478,427288.2536
600082.SH,20251009,262.3741,1.5284,8.101,266845.8361,261980.5252
603958.SH,20251009,,4.8271,3.0903,340446.72,340446.72
301429.SZ,20251009,39.9605,1.6472,2.2602,221780.72,82621.1655
605180.SH,20251009,68.6484,2.2948,7.548,261950.0,261950.0
002647.SZ,20251009,,12.5009,8.9767,801376.7848,480514.8155
002890.SZ,20251009,153.8077,4.1162,7.954,246149.1068,233990.6203
600129.SH,20251009,,3.4426,1.1819,1208708.6615,1208708.6615
603029.SH,20251009,30.1045,2.4363,2.6175,217930.232,217930.232
688166.SH,20251009,243.64,10.0525,20.9567,2435800.9371,2435800.9371
000957.SZ,20251009,19.9924,2.1679,0.9503,657530.465,657530.465
002905.SZ,20251009,334.3267,34.8589,3.5266,377825.28,350837.76
300878.SZ,20251009,,3.0049,19.1132,322592.8374,321108.1807
688228.SH,20251009,356.306,11.1837,23.3334,1451912.233,1451912.233
001287.SZ,20251009,59.9957,3.4832,0.322,1849596.8361,1064618.2081
600987.SH,20251009,9.9983,1.1725,0.6506,736010.4074,736010.4074
603158.SH,20251009,23.3977,2.3199,1.3302,528100.0533,528100.0533
603310.SH,20251009,38.4685,1.5626,6.743,616086.56,329255.04
301177.SZ,20251009,140.613,2.1785,9.0802,1352927.979,1352031.5185
688469.SH,20251009,,3.47,8.636,6152892.3842,3251473.2
603221.SH,20251009,31.668,1.8462,2.4615,296871.56,294115.78
600116.SH,20251009,97.977,1.1437,1.2597,1260102.1737,1260102.1737
605555.SH,20251009,26.218,2.7672,1.9171,824369.5751,824369.5751
002100.SZ,20251009,14.7039,1.3947,0.5437,980250.5878,980250.5878
920807.BJ,20251009,135.0174,3.7738,5.9801,353210.96,240094.8141
600172.SH,20251009,,6.2054,5.564,751378.112,664929.2458
600543.SH,20251009,,2.3782,6.4252,184965.12,184965.12
000908.SZ,20251009,33.9153,105.2098,13.0578,518187.0927,518187.0927
301326.SZ,20251009,,7.3487,10.3679,919850.7689,345457.922
600339.SH,20251009,34.3799,0.7441,0.2212,1987600.4997,1987600.4997
002307.SZ,20251009,,2.0863,0.5617,621462.8752,621462.8752
301065.SZ,20251009,35.9645,1.8344,3.6245,243633.96,198288.675
300265.SZ,20251009,205.5719,1.9252,1.6064,429427.5207,429146.7721
603172.SH,20251009,47.73,2.237,4.1742,240350.76,90244.16
600605.SH,20251009,200.6931,4.7668,53.1054,674956.1077,674956.1077
688521.SH,20251009,,30.0602,45.8147,10829167.7105,10317067.4864
688187.SH,20251009,19.9624,1.899,2.8764,7719936.7222,4939739.2057
300200.SZ,20251009,35.4484,2.814,3.9062,451228.9467,443156.4259
002866.SZ,20251009,,2.673,2.6434,548065.6306,343137.4959
688193.SH,20251009,,2.0832,11.0667,190251.7428,190251.7428
300612.SZ,20251009,,5.1625,4.6743,253899.4759,253090.4509
300235.SZ,20251009,294.7764,4.4746,38.8105,311410.5875,251277.118
600360.SH,20251009,47.6903,2.3318,3.581,797045.1023,797045.1023
300161.SZ,20251009,,3.991,3.5409,604634.685,593369.4898
001282.SZ,20251009,31.024,2.8898,2.8667,462146.048,162582.784
300779.SZ,20251009,2550.9489,24.9103,28.8665,3230009.8845,2582769.4179
300434.SZ,20251009,32.2264,1.5336,3.5562,381254.9345,324672.9106
000695.SZ,20251009,,20.8557,5.18,250582.424,250203.2186
920112.BJ,20251009,24.2613,3.8313,3.0737,333799.9,91201.922
000905.SZ,20251009,28.7463,1.2035,0.2996,609025.6791,609024.4476
301332.SZ,20251009,31.7693,1.5722,1.2644,454639.0625,260924.0375
301278.SZ,20251009,72.7603,2.1755,3.7167,307698.9305,154291.2132
920725.BJ,20251009,,4.0818,13.5875,248176.725,114409.4349
920068.BJ,20251009,96.6506,10.1011,16.8175,1277108.8292,122147.9004
000573.SZ,20251009,44.0797,1.6006,5.6118,265524.7313,263313.3647
300521.SZ,20251009,,8.5376,24.3297,451881.365,451881.365
600639.SH,20251009,14.2952,0.8573,5.4383,1214450.7502,919956.1126
301149.SZ,20251009,29.5613,2.3669,0.8169,463970.0194,281865.7824
600835.SH,20251009,30.844,2.0197,1.3889,2782873.6571,2194498.2003
000973.SZ,20251009,63.3019,2.6891,3.4573,773938.5368,773938.5368
000501.SZ,20251009,32.4752,0.6709,1.1838,739002.0145,738267.6519
000822.SZ,20251009,,1.0155,1.0736,502146.5705,502146.5705
688588.SH,20251009,33.083,6.0193,6.8123,748018.7056,748018.7056
300812.SZ,20251009,,4.4223,6.5587,353414.3442,233902.4278
301205.SZ,20251009,137.7061,8.7338,13.97,1338958.08,701329.4496
600386.SH,20251009,211.4936,2.0191,0.8324,358848.0,358848.0
605116.SH,20251009,22.9885,3.8256,5.8841,922063.1812,917346.1212
002651.SZ,20251009,125.4199,4.2255,15.7334,1172977.1,641801.2325
300971.SZ,20251009,46.592,2.7455,6.4513,282475.2,221134.1202
300808.SZ,20251009,,4.4402,12.0382,439680.0,326736.0403
603809.SH,20251009,42.0511,4.0367,5.8341,1445002.7664,1445002.7664
603010.SH,20251009,113.2862,1.7122,1.929,617288.7869,617288.7869
600107.SH,20251009,,5.2354,9.6988,246240.0,246240.0
603279.SH,20251009,13.0166,2.0242,1.6022,933860.34,933724.26
300572.SZ,20251009,,3.762,14.9017,668876.3199,536287.132
002125.SZ,20251009,33.9766,3.2282,4.9915,975067.1734,975067.1734
003017.SZ,20251009,33.5531,2.5718,2.8586,277872.0,229204.6643
600748.SH,20251009,,0.8938,3.4129,920436.8831,920436.8831
000965.SZ,20251009,35.6304,0.8323,1.8566,461689.6523,461689.6523
603275.SH,20251009,38.9258,2.7148,11.4267,780308.3585,217856.1259
300838.SZ,20251009,676.9122,2.0505,2.2779,201309.902,148460.3626
600323.SH,20251009,12.7799,1.6169,1.8845,2228343.75,2228343.75
002088.SZ,20251009,18.439,2.5129,2.0865,644995.0906,635779.7621
600103.SH,20251009,95.4286,2.0708,3.4332,817901.7627,807500.1022
920663.BJ,20251009,34.9353,7.2736,7.8974,271645.8053,128676.6105
600192.SH,20251009,,3.9522,2.5767,419660.6,419660.6
300815.SZ,20251009,18.9645,2.5068,1.4362,1078589.952,1056379.3962
600363.SH,20251009,107.9835,6.7849,9.2948,2979136.4221,2979136.4221
600743.SH,20251009,,7.5797,2.4949,490335.0827,490335.0827
688339.SH,20251009,,3.1313,26.3658,750784.3945,634546.0527
002561.SZ,20251009,454.5,1.618,8.8386,354230.076,353102.5111
002590.SZ,20251009,38.1824,2.7031,1.7168,792593.1324,755799.1329
688275.SH,20251009,,1.5811,0.9324,840201.2005,563583.7151
000513.SZ,20251009,16.1481,2.5634,2.9708,3506101.4675,2265319.3824
603136.SH,20251009,29.0035,2.3278,5.9686,309835.3364,309835.3364
688117.SH,20251009,54.3901,6.4185,10.7182,637413.2109,637413.2109
600938.SH,20251009,9.8492,1.6604,3.1348,125811788.1956,7914530.0
300496.SZ,20251009,79.5183,3.6723,5.8412,3670268.8922,2935707.6545
600085.SH,20251009,32.4432,3.5044,2.5301,4706885.9392,4706885.9392
002953.SZ,20251009,32.9829,3.1836,1.3889,609489.7246,362364.4664
920839.BJ,20251009,40.8189,8.7902,7.8203,522757.775,289668.1669
002138.SZ,20251009,30.4208,4.6586,4.4944,2889844.9807,2711326.9012
002840.SZ,20251009,32.2303,2.1381,0.9428,864637.5471,676581.0793
300370.SZ,20251009,,8.7685,11.2565,464916.7388,393479.6255
600088.SH,20251009,79.5292,5.0536,5.8944,654227.028,654227.028
300380.SZ,20251009,298.9267,17.6452,6.5531,680566.3698,626129.0094
002409.SZ,20251009,44.1364,5.0439,4.8884,3861201.2516,2584175.0464
301538.SZ,20251009,39.6622,5.6718,7.7006,754364.8,300395.6744
600558.SH,20251009,26.0512,2.0502,1.3396,476628.1653,476628.1653
002208.SZ,20251009,,1.0376,0.61,672355.3153,672181.6286
002254.SZ,20251009,,1.2128,2.2132,858927.6094,820455.9566
601068.SH,20251009,87.6172,5.0695,0.6394,1470015.4434,1259318.6082
301057.SZ,20251009,74.0426,3.6969,3.1872,278504.2319,196639.5589
300120.SZ,20251009,,1.8339,1.877,551418.1718,506349.1219
603880.SH,20251009,,6.5553,2.877,174581.368,174581.368
603595.SH,20251009,150.1447,3.6429,2.7851,553445.1782,553445.1782
300218.SZ,20251009,20.4933,2.7242,1.6824,399690.054,398381.1177
000560.SZ,20251009,86.5584,0.7591,0.5765,713716.7579,683549.3561
301555.SZ,20251009,61.4509,2.5583,1.4601,280767.5681,147120.6818
688619.SH,20251009,,3.6705,17.7366,310237.8443,310237.8443
300182.SZ,20251009,125.8724,2.0191,6.0506,1683537.7994,1427626.1
603956.SH,20251009,,1.9545,3.4561,385256.6493,385256.6493
688287.SH,20251009,,2.3251,42.7722,182664.1908,182664.1908
001222.SZ,20251009,26.5188,3.1821,2.8014,436374.54,245539.0314
300338.SZ,20251009,,,10.4793,155815.7558,135202.8007
002222.SZ,20251009,97.4094,13.9404,24.2046,2312219.25,2301901.9777
002240.SZ,20251009,,1.6866,5.0186,1815027.7482,1717828.8873
603055.SH,20251009,12.6821,1.574,1.1646,795031.3213,791985.209
600285.SH,20251009,16.0751,4.1095,3.4113,1260130.6099,1257353.1099
002062.SZ,20251009,51.7775,2.4933,2.1374,1237270.889,1124694.023
600854.SH,20251009,20.0979,1.0931,28.0452,265443.3129,265443.3129
688308.SH,20251009,,1.462,3.2091,369485.0345,369485.0345
000626.SZ,20251009,,1.4244,0.0394,334373.7302,332452.9039
603042.SH,20251009,,2.8737,2.9075,252126.0488,252126.0488
688377.SH,20251009,90.7736,4.0676,6.5936,740902.602,740902.602
002017.SZ,20251009,70.4189,7.7346,10.3164,1344860.7332,1344058.9886
000525.SZ,20251009,52.2862,3.102,2.9314,828141.4436,631671.1472
300351.SZ,20251009,67.1319,2.9194,3.291,722609.629,487887.0826
001331.SZ,20251009,,2.5865,0.6487,388644.48,231164.81
688327.SH,20251009,,18.2432,40.783,1819537.007,1460188.7021
300139.SZ,20251009,119.9576,7.8278,19.0102,829946.0,707753.7925
600171.SH,20251009,67.0707,6.0427,8.7486,2672640.8523,2672640.8523
601579.SH,20251009,48.5035,2.6734,5.644,966598.2325,966598.2325
600476.SH,20251009,187.9403,20.1766,3.9734,278651.1,278651.1
300492.SZ,20251009,97.0439,33.4339,4.5897,1400369.133,1400369.133
600352.SH,20251009,16.1407,0.9812,2.15,3318398.4972,3318398.4972
688230.SH,20251009,89.3607,4.4085,25.8088,979608.0,979608.0
600706.SH,20251009,62.6517,4.0574,2.5814,261946.3992,260889.0
300260.SZ,20251009,95.755,9.1071,6.5389,1857151.9486,1309898.6475
301517.SZ,20251009,803.3153,4.8228,11.6455,646086.0874,254044.6474
301193.SZ,20251009,,2.3629,1.5288,364202.7638,257311.193
300101.SZ,20251009,239.0853,7.6512,14.8704,1377171.3225,1372655.2814
000669.SZ,20251009,,468.3689,1.6213,204122.6391,204122.6391
605389.SH,20251009,102.567,4.7147,11.0674,971435.0259,918710.4959
600477.SH,20251009,46.0899,1.2504,0.8027,630144.9959,630144.9959
000928.SZ,20251009,10.7953,1.0897,0.5919,906695.4005,906684.3089
002969.SZ,20251009,22.8292,1.4423,1.0797,332497.1248,330522.0626
688337.SH,20251009,77.7005,2.5175,9.516,783792.0731,753150.8166
688091.SH,20251009,1151.9542,8.3331,56.9142,1206115.7394,1206115.7394
002662.SZ,20251009,22.5814,1.3673,2.0318,589500.0,589492.5723
600482.SH,20251009,28.3529,1.3097,0.9547,5201858.0001,5201858.0001
603713.SH,20251009,16.5515,2.2349,0.7621,1003000.5505,1003000.5505
301210.SZ,20251009,114.7929,3.0633,3.7841,559203.3356,212060.4559
300798.SZ,20251009,,2.2203,3.3084,375551.3732,298617.1542
688538.SH,20251009,,4.4458,7.81,4087593.537,1702661.7746
002888.SZ,20251009,134.553,7.575,9.4937,286871.1495,145575.4279
301173.SZ,20251009,28.0676,2.9873,1.8467,422046.0795,85328.1894
000791.SZ,20251009,9.8854,1.5596,1.8937,2157153.4284,1287188.4877
002625.SZ,20251009,159.9165,11.6052,65.5938,10816031.0672,10815995.2997
600373.SH,20251009,33.6077,0.8065,1.8475,1418102.8084,1397210.9916
300507.SZ,20251009,62.5322,3.9564,3.7232,826267.608,799791.4839
605338.SH,20251009,18.35,2.4796,3.125,544535.0227,544535.0227
603489.SH,20251009,133.991,2.3439,4.6137,608129.8016,608129.8016
301303.SZ,20251009,19.1099,1.9821,3.8873,646721.6,160944.4773
002158.SZ,20251009,21.6773,3.381,4.3588,1450706.5891,1447621.9352
688356.SH,20251009,237.2841,4.4411,24.8966,568236.4083,568236.4083
002103.SZ,20251009,32.7568,4.4093,1.8131,508627.8513,361981.519
300609.SZ,20251009,,4.5462,12.5621,459917.9878,459218.5061
002479.SZ,20251009,13.7051,1.0839,0.8133,450665.0,449660.9517
688627.SH,20251009,233.9234,10.0894,19.1708,1696912.1597,1305947.9684
601921.SH,20251009,14.4981,1.3466,1.6425,1815555.5562,1815555.5562
002925.SZ,20251009,62.0046,3.4202,4.1219,1573542.1708,1490017.5746
002123.SZ,20251009,278.9013,5.9368,2.9456,1064766.02,951930.9113
603799.SH,20251009,25.6976,3.0068,1.9606,13349984.835,13243190.7076
001360.SZ,20251009,68.4866,2.3726,4.4792,332520.0,133303.268
002049.SZ,20251009,69.5298,6.206,13.8648,7882807.7422,7880953.9978
301300.SZ,20251009,37.2675,3.2264,5.3521,256372.488,122186.8164
000565.SZ,20251009,1010.8179,2.8314,10.06,354244.8437,354244.8437
605138.SH,20251009,79.8752,1.7162,1.1741,416672.8013,416672.8013
605365.SH,20251009,22.807,2.1028,1.1222,770589.7647,770589.7647
002434.SZ,20251009,39.2832,2.2192,2.1458,1306037.0,1304784.3448
000523.SZ,20251009,11.4531,3.0553,3.001,581843.5021,420075.7688
002530.SZ,20251009,415.1175,7.0686,8.1186,918674.6483,819550.4108
688219.SH,20251009,36.1692,2.5857,1.1556,737035.8835,737035.8835
688575.SH,20251009,53.6246,3.1104,4.4621,829970.994,829970.994
688186.SH,20251009,32.1908,1.7756,1.7763,827163.1108,827163.1108
603226.SH,20251009,,15.7291,40.8539,1440808.1438,1440808.1438
300986.SZ,20251009,34.5626,2.3913,1.8318,491896.9262,491708.6897
603312.SH,20251009,29.2341,4.7151,2.9603,804444.8,261444.56
000430.SZ,20251009,,12.0993,6.878,310495.1652,254443.6596
601238.SH,20251009,,0.7038,0.7592,7831346.6112,5670679.753
301613.SZ,20251009,32.6422,4.8879,2.974,754015.8168,188504.4168
600929.SH,20251009,212.9992,1.285,2.0923,972942.0085,972297.9203
300008.SZ,20251009,54.133,4.9458,2.5733,1100754.5577,1049323.7752
600028.SH,20251009,17.9955,0.7952,0.2234,64951200.9421,50835218.1201
002348.SZ,20251009,,8.7644,10.7446,376038.4,358702.6006
300331.SZ,20251009,,5.9137,4.8806,922320.4399,746687.1254
603389.SH,20251009,,42.0979,46.3515,954052.512,954052.512
002825.SZ,20251009,18.83,2.092,1.7198,333338.284,250386.9518
605018.SH,20251009,64.2888,2.0319,2.7332,547093.1457,545746.3857
920163.BJ,20251009,55.7687,4.4488,2.6772,211736.4382,101966.5341
605300.SH,20251009,200.4837,1.8933,2.2283,539825.5332,539825.5332
920207.BJ,20251009,,7.7907,8.1164,219792.88,134253.6917
002074.SZ,20251009,68.6603,3.4049,2.3535,8941468.5241,8557315.8742
301419.SZ,20251009,66.6541,4.4594,10.4117,415200.0,146773.2
002693.SZ,20251009,,8.4939,19.4867,318481.728,315633.8657
600215.SH,20251009,,1.5896,2.5095,327337.7337,323016.1962
301287.SZ,20251009,32.2349,2.2927,4.1154,259279.63,66234.9202
603718.SH,20251009,25.6185,2.9179,16.3425,446505.9582,441955.1757
600273.SH,20251009,10.7521,1.1364,1.1936,1138421.919,1138421.919
920230.BJ,20251009,125.8648,3.6383,4.6657,146954.6852,68335.2875
300481.SZ,20251009,29.6001,1.8728,3.1341,443036.5549,440334.7972
920765.BJ,20251009,363.445,6.4681,3.7697,201043.5546,126383.8941
920030.BJ,20251009,1078.8705,2.8428,0.5427,130552.9671,82106.0499
603206.SH,20251009,97.499,2.2971,1.1932,518839.9796,518839.9796
601077.SH,20251009,6.18,0.5599,2.5857,7325265.0,5700316.6638
300738.SZ,20251009,158.8336,6.2892,9.6118,2164413.1381,2163800.2542
603977.SH,20251009,49.3519,2.4936,3.5728,816933.0038,816933.0038
600801.SH,20251009,13.6999,1.2533,1.123,3821194.0029,2470778.6429
603335.SH,20251009,,12.1285,2.5098,243186.1328,243186.1328
603759.SH,20251009,13.5965,1.274,1.9906,357402.24,357402.24
002004.SZ,20251009,,0.9673,0.7742,904823.0703,859900.0791
301355.SZ,20251009,129.4127,1.5135,1.4312,227484.184,116839.529
300244.SZ,20251009,,1.5957,0.9391,1024966.275,822392.86
920786.BJ,20251009,,2.8409,1.389,207171.523,140916.6869
300896.SZ,20251009,33.5723,7.6953,20.4628,5459365.9646,3763409.1059
300687.SZ,20251009,94.8885,4.4906,5.4486,1213390.8933,977715.8103
603203.SH,20251009,36.6593,5.78,8.3071,829471.8559,814731.3499
600850.SH,20251009,37.9253,4.2137,1.8016,1990203.8037,1990203.8037
603703.SH,20251009,,5.6692,5.2935,468099.8314,468099.8314
605151.SH,20251009,,1.9586,1.4479,262246.1787,262246.1787
300281.SZ,20251009,398.3524,2.4938,6.7171,314611.6086,298391.7599
300677.SZ,20251009,15.1244,1.3332,2.4213,2403093.0368,1706970.2554
300058.SZ,20251009,,3.1188,0.393,2448530.8768,2373380.295
002737.SZ,20251009,102.9452,2.1493,4.1483,895856.0,895856.0
002193.SZ,20251009,,2.6266,3.9991,150224.7257,150223.8647
603393.SH,20251009,10.2754,1.4052,3.1971,1235306.7469,1233266.9585
301009.SZ,20251009,102.2577,2.7577,3.3484,370545.18,205860.7432
002313.SZ,20251009,,174.8309,1.5427,413337.6,413308.5372
002385.SZ,20251009,23.9806,2.0195,0.6046,1767332.2902,1448396.0116
300652.SZ,20251009,53.4417,5.4615,8.7422,799276.3074,717349.8186
603609.SH,20251009,11.8403,1.0954,0.2063,721772.2558,721772.2558
002238.SZ,20251009,,3.0628,5.1533,654888.2746,654888.2746
605183.SH,20251009,15.1429,2.4002,3.754,840499.836,833519.9083
001400.SZ,20251009,35.9205,3.5745,4.1124,433980.0,108495.0
688038.SH,20251009,,3.8236,9.0648,229255.598,229255.598
603128.SH,20251009,16.9746,1.3189,0.4446,786736.9429,786736.9429
688163.SH,20251009,56.205,2.3101,12.7832,252693.7,252693.7
300920.SZ,20251009,218.7354,3.8181,10.8977,448500.0,248385.1798
600536.SH,20251009,,13.8753,8.7782,4789391.3893,4327111.0855
600268.SH,20251009,24.1217,3.1835,1.0875,1075807.1539,1070376.6199
300588.SZ,20251009,,13.4412,22.2826,381793.2338,352583.1278
600009.SH,20251009,36.7538,1.8943,6.2809,7950697.8813,6537863.0504
920419.BJ,20251009,25.2062,3.2674,2.2876,186984.584,174929.5297
603028.SH,20251009,,4.4923,1.3949,230780.16,230780.16
688691.SH,20251009,,11.3912,18.8713,1467120.0,873731.2123
603112.SH,20251009,17.8585,2.2449,2.4429,946244.3381,886623.7483
002421.SZ,20251009,,2.213,2.5976,729480.0838,690302.2217
600736.SH,20251009,42.2821,0.9442,1.5048,691927.0371,691927.0371
688311.SH,20251009,,3.7295,32.9477,590219.9666,590219.9666
601007.SH,20251009,84.3962,1.7947,1.5479,281190.0,281190.0
600059.SH,20251009,43.38,1.488,4.497,872346.0892,872346.0892
000932.SZ,20251009,17.944,0.8034,0.3348,4393890.2694,4393835.6268
002841.SZ,20251009,32.5371,2.247,1.2442,2842531.5698,2129174.8015
688475.SH,20251009,53.9993,5.1297,4.9832,2833425.0,1473381.0
300987.SZ,20251009,144.1255,3.8172,9.4283,300273.376,300273.376
688138.SH,20251009,59.6375,3.8556,8.9017,1044506.4,885242.4
688018.SH,20251009,75.4571,13.9339,14.525,3387599.4442,3387599.4442
002637.SZ,20251009,35.1967,1.3065,0.3905,496743.456,467515.6464
601005.SH,20251009,,0.8266,0.54,1363171.6201,1280300.0313
920171.BJ,20251009,,11.616,12.8081,251685.6531,169178.8962
688443.SH,20251009,,6.0275,146.2365,1103706.8,351206.8
301390.SZ,20251009,60.9444,2.1895,3.037,209400.0,107058.9608
300029.SZ,20251009,,,16.3671,118499.3415,118412.9078
002910.SZ,20251009,,1.9955,2.401,212355.7308,185773.2777
603357.SH,20251009,10.316,1.234,1.4348,470885.4436,466706.4856
688233.SH,20251009,101.0126,4.7062,22.3008,860895.4955,860895.4955
600563.SH,20251009,25.8175,5.3784,5.6439,2908800.0,2908800.0
688016.SH,20251009,33.6237,3.4474,12.2568,1389410.5828,1389410.5828
603630.SH,20251009,491.9032,2.722,5.9612,518871.3523,518871.3523
300709.SZ,20251009,67.2804,4.274,3.6943,950107.5332,762239.3095
600981.SH,20251009,13.8775,1.2725,0.1159,652548.0589,652548.0589
300888.SZ,20251009,28.1368,2.007,2.2069,2260021.9848,2257569.0376
600176.SH,20251009,21.4763,2.2131,3.953,6809335.5743,6809335.5743
600637.SH,20251009,57.4615,1.1392,4.3623,3388795.0155,3388795.0155
300857.SZ,20251009,79.0912,16.6616,6.9041,6058844.0613,6041474.7251
600032.SH,20251009,43.9647,1.4347,3.7558,1810720.519,1810720.519
300138.SZ,20251009,30.1611,1.9361,0.8811,630928.7215,520197.1594
300868.SZ,20251009,,2.4939,6.0765,377842.256,236772.2221
688078.SH,20251009,975.0371,3.0917,8.294,227426.16,227426.16
920017.BJ,20251009,35.6373,1.4238,3.5663,226429.6944,223384.9908
920627.BJ,20251009,103.3781,6.3636,3.7818,283727.8,140639.77
301395.SZ,20251009,49.9934,1.7603,1.1858,271021.0888,153372.3688
002230.SZ,20251009,190.9809,7.8182,5.5304,13786934.5531,13055765.568
300984.SZ,20251009,223.6196,8.427,7.2202,860414.842,540753.513
002387.SZ,20251009,,2.8476,1.5746,1278061.6239,1276414.8984
603918.SH,20251009,,6.6341,8.5454,675993.3781,675448.9231
001229.SZ,20251009,49.6154,3.5931,16.8145,342000.0,180163.654
002540.SZ,20251009,19.482,1.5562,1.092,827678.5229,576685.3769
600186.SH,20251009,39.3935,5.7249,3.403,1036415.9275,1032718.6349
300737.SZ,20251009,,1.2349,0.8505,559424.883,447006.6312
600708.SH,20251009,,0.8503,1.5121,802309.2275,801099.9976
002961.SZ,20251009,19.7809,3.3028,5.0491,936800.279,936795.5428
002670.SZ,20251009,127.9437,3.7566,28260.9338,4249445.898,3564877.9923
920146.BJ,20251009,,5.9733,2.9871,132965.5864,106934.6161
688076.SH,20251009,26.4698,4.3372,7.0038,1289807.7917,1289807.7917
300519.SZ,20251009,43.6133,3.0403,9.4393,247680.0,176626.8
300468.SZ,20251009,273.776,12.556,28.9471,2040346.4624,2037058.1799
300123.SZ,20251009,,3.9927,6.7379,610034.9714,597250.0343
920924.BJ,20251009,94.8894,8.4027,6.3815,262983.7215,151505.2807
300188.SZ,20251009,,4.2343,7.7147,1371725.7868,1365386.1236
603118.SH,20251009,,2.1445,1.2596,1075419.5706,1075419.5706
300781.SZ,20251009,,10.2494,6.597,680014.2583,501867.8572
002999.SZ,20251009,77.2019,1.9238,0.1645,228020.352,225476.958
603021.SH,20251009,,,3.6294,141736.995,141736.995
000936.SZ,20251009,33.8377,1.2985,2.0644,690204.039,690106.2355
605287.SH,20251009,,2.009,0.9221,312200.0,312200.0
002593.SZ,20251009,70.3508,1.7134,1.2638,409967.5948,285013.0502
688589.SH,20251009,59.5273,4.1559,8.2421,398635.5543,398635.5543
000032.SZ,20251009,94.3635,4.0759,0.4427,2549028.6842,2440174.8314
600518.SH,20251009,2903.9365,4.1095,5.3307,2821094.9248,2819759.8464
603036.SH,20251009,40.7591,3.3213,10.3266,444973.014,444973.014
920018.BJ,20251009,40.4689,4.2883,1.6414,398159.5466,91144.958
600178.SH,20251009,369.6197,2.3834,1.1859,607818.4378,607818.4378
002474.SZ,20251009,,3.0647,8.882,420607.2,358797.7788
300238.SZ,20251009,146.3156,7.1561,10.4178,404892.7554,404859.7432
002162.SZ,20251009,,4.744,3.4318,389033.5082,388523.0132
920693.BJ,20251009,300.0074,9.8157,12.9792,344307.2,173384.96
002554.SZ,20251009,,1.6694,1.8126,401449.7417,401374.628
300726.SZ,20251009,55.5319,3.4069,9.8663,1669186.8918,869118.9284
603124.SH,20251009,71.2967,7.5332,1.3904,1308791.887,262446.5615
301382.SZ,20251009,75.8442,5.8146,5.8502,1045559.2789,647677.6803
301515.SZ,20251009,,1.7727,3.6695,213700.0,134719.7924
300279.SZ,20251009,58.3303,3.7064,1.9453,376117.5078,355792.8109
301529.SZ,20251009,56.7353,4.9751,4.2024,649853.0286,346526.9866
300619.SZ,20251009,,3.9916,4.4491,608128.8047,508396.8443
605188.SH,20251009,2226.3101,6.5427,2.7777,771120.2975,771120.2975
920005.BJ,20251009,55.064,5.8592,8.6673,382879.0,87647.0
000656.SZ,20251009,,,1.0504,1456869.1836,1042590.5166
002931.SZ,20251009,174.6119,3.5595,6.7092,336062.0065,308540.5977
600391.SH,20251009,146.0701,5.3608,2.6249,930634.6856,930634.6856
300065.SZ,20251009,481.5971,8.2183,20.1258,1435945.5445,1307102.2937
600698.SH,20251009,2504.0912,13.5133,22.1748,1040853.151,808756.294
002836.SZ,20251009,35.3032,6.6729,5.6006,232012.8,232012.8
300673.SZ,20251009,27.416,2.4221,2.9062,447894.612,291586.5162
603009.SH,20251009,210.8228,11.115,8.6168,1866633.2904,1865987.0606
600662.SH,20251009,10.9374,2.4672,0.5041,1210253.1371,1203142.745
002562.SZ,20251009,86.6237,2.4795,2.2569,790329.502,521235.8858
300459.SZ,20251009,,8.2938,16.6898,1719231.5492,1607437.599
002180.SZ,20251009,,3.5032,1.308,3394024.9892,3258483.677
300833.SZ,20251009,30.8878,2.3067,5.1196,545174.055,350211.0757
600218.SH,20251009,46.3732,1.2538,0.9727,405979.1245,405979.1245
601106.SH,20251009,,4.06,1.7102,2153343.8391,2153343.8391
002598.SZ,20251009,81.7646,3.0832,1.7437,370077.7452,334552.1838
688197.SH,20251009,,9.5123,3129.1787,670278.0789,288470.0032
688478.SH,20251009,502.8939,3.6995,14.7665,567992.8241,424495.8579
600785.SH,20251009,21.7988,1.2696,0.4755,289259.301,289259.301
603123.SH,20251009,,5.1814,4.6001,1003213.2512,819258.5919
600633.SH,20251009,24.7923,1.8307,5.935,1838707.9844,1838707.9844
003038.SZ,20251009,77.4908,1.3645,0.4905,412089.5386,279856.9692
301301.SZ,20251009,22.4057,3.1405,4.9674,2439712.99,675853.8986
688292.SH,20251009,834.8504,3.7344,10.649,383040.5875,243905.2228
603912.SH,20251009,703.6005,2.8411,5.7133,504987.5069,504987.5069
688276.SH,20251009,437.4713,2.2475,10.217,915010.6068,915010.6068
002901.SZ,20251009,52.0456,7.6636,10.1129,2408765.4859,1678596.5488
002544.SZ,20251009,,4.8116,3.9049,1780276.6562,1780107.0243
603330.SH,20251009,,2.1569,2.9176,329264.6469,329264.6469
601375.SH,20251009,70.3535,1.5074,15.1848,2145012.7314,1592754.1014
301575.SZ,20251009,36.0443,3.6042,4.4381,481625.19,91863.1727
688082.SH,20251009,67.5881,7.4961,14.6646,9501391.8847,8634493.0855
002132.SZ,20251009,219.9044,1.5735,1.0783,546602.4322,545798.0408
688020.SH,20251009,,4.0291,14.8535,547231.3595,547231.3595
300659.SZ,20251009,,3.0901,4.8297,384599.5423,281121.4407
600118.SH,20251009,,6.9959,8.0976,4409501.9844,4409501.9844
300036.SZ,20251009,,3.2356,5.8798,860863.2799,766020.6764
000837.SZ,20251009,264.0582,2.9825,3.6668,1448408.2885,1430509.8985
688699.SH,20251009,,3.6089,7.2016,433984.8755,433984.8755
300413.SZ,20251009,58.731,2.7286,4.7714,6242595.3597,3409412.7598
920855.BJ,20251009,33.0646,2.6685,5.3528,150811.866,135356.1614
002324.SZ,20251009,78.9526,3.6063,1.8652,1613999.8958,1126376.4209
300004.SZ,20251009,83.4559,3.6234,10.2948,641271.4469,641271.4469
300756.SZ,20251009,294.6323,5.7484,14.0693,810054.6246,674524.0144
300915.SZ,20251009,70.1222,2.0047,2.8982,313088.0988,143314.4925
001318.SZ,20251009,32.6711,2.7519,7.7609,389222.82,389222.82
300373.SZ,20251009,32.321,4.2881,5.7534,3810498.0302,3802082.9422
002303.SZ,20251009,22.3057,1.5424,1.67,686033.0109,433187.7791
603119.SH,20251009,151.8765,20.3987,31.7376,3837843.4247,2151132.4251
605117.SH,20251009,22.7865,7.8857,6.1685,7398385.6298,7398385.6298
688162.SH,20251009,130.121,2.0537,1.2507,489662.428,489312.666
301276.SZ,20251009,18.9903,1.3044,2.4317,271382.4,96458.238
920204.BJ,20251009,103.3591,3.8745,6.3106,186689.8381,98974.1372
600595.SH,20251009,22.6127,1.3511,0.9795,2188316.1922,2188316.1922
603398.SH,20251009,,4.6909,17.9778,368595.2954,368595.2954
002588.SZ,20251009,11.55,1.5005,0.9703,1065500.0815,794202.7523
002649.SZ,20251009,48.3423,2.0005,1.2153,835871.9917,783319.9324
000672.SZ,20251009,15.1987,1.2441,2.0067,1069243.1814,1069243.1814
688083.SH,20251009,2768.8216,6.0264,16.9203,1545593.5614,1545593.5614
000892.SZ,20251009,,7.223,13.2758,630770.4441,457067.8399
600839.SH,20251009,53.3584,3.2977,0.4524,4930148.8291,4928775.8179
603063.SH,20251009,30.8104,3.417,3.8439,1628277.0974,1628277.0974
688548.SH,20251009,72.6581,2.8372,7.4343,1669039.1291,874379.3875
000659.SZ,20251009,,19.8189,3.6328,368996.6232,368996.6232
300076.SZ,20251009,,2.8804,25.1465,261608.0,261608.0
600658.SH,20251009,,1.0859,4.4123,614103.1897,614103.1897
002032.SZ,20251009,16.961,7.4351,1.659,3805657.372,3800945.8321
002614.SZ,20251009,60.4455,0.9412,0.8237,408377.4108,288864.2486
002816.SZ,20251009,,9.0079,21.0065,200000.0,200000.0
000713.SZ,20251009,65.7478,2.1428,1.5352,421828.2913,421828.2913
600420.SH,20251009,13.784,1.0583,1.4507,1429690.0897,1429690.0897
301286.SZ,20251009,55.631,5.7954,9.9563,1069067.2,430938.5515
600423.SH,20251009,160.4961,5.1923,18.0861,288328.9044,288328.9044
600491.SH,20251009,,0.5266,0.7824,533885.5263,533885.5263
300746.SZ,20251009,,4.0637,2.8777,308358.556,305363.0847
688282.SH,20251009,472.1555,3.447,22.604,437184.0,437184.0
301033.SZ,20251009,50.7887,6.6311,15.1575,476208.6804,400826.0499
002278.SZ,20251009,63.2444,2.9621,4.3018,347533.7138,318966.8113
301128.SZ,20251009,83.7721,10.607,5.9189,879147.3537,749878.2946
300869.SZ,20251009,,3.7568,13.4965,655340.6555,413231.7812
601633.SH,20251009,17.7236,2.6393,1.0429,21180733.1035,15367876.576
603922.SH,20251009,452.7873,3.9451,5.9084,407321.6,407321.6
600789.SH,20251009,43.5757,2.2261,1.4376,878000.2305,878000.2305
600916.SH,20251009,27.0711,2.0469,0.2606,1470000.0,1470000.0
003016.SZ,20251009,,1.2572,2.3906,337258.3328,329528.0393
605189.SH,20251009,56.4741,1.782,0.9986,316149.975,316149.975
301421.SZ,20251009,578.1141,10.9708,28.8002,1294884.42,518191.9472
300213.SZ,20251009,155.8177,2.5414,5.4752,558702.7804,519088.5559
001285.SZ,20251009,37.9547,3.0654,5.1269,1102690.4861,248614.5409
002491.SZ,20251009,251.0064,2.7239,2.2356,669117.008,639999.0658
688234.SH,20251009,467.4569,5.5731,24.9401,4114411.4386,3648246.7636
301255.SZ,20251009,120.0588,4.8733,11.9708,505702.4,126425.6
002766.SZ,20251009,115.5799,4.4259,4.2068,503291.0972,498603.5395
002115.SZ,20251009,,4.4772,0.9797,929396.0665,862016.0797
300904.SZ,20251009,,9.6997,12.21,648047.0761,196815.8761
688700.SH,20251009,206.2345,6.6137,14.439,1156902.0727,1156902.0727
002408.SZ,20251009,,1.218,0.5698,1407207.5964,1407125.7357
301488.SZ,20251009,152.3504,11.6423,9.4614,1535572.0,390772.8299
603208.SH,20251009,196.8866,2.1992,1.1377,276035.0261,276035.0261
688122.SH,20251009,50.824,7.4495,9.548,5074529.3861,5074529.3861
603920.SH,20251009,44.0727,5.1709,6.4024,3332529.2599,3332529.2599
601377.SH,20251009,22.2629,1.0299,4.5949,5682479.6395,5682479.6395
300916.SZ,20251009,43.3326,4.1623,3.7214,557602.647,360154.0149
300039.SZ,20251009,17.9831,1.499,5.1177,639106.0,560241.9241
003026.SZ,20251009,129.1306,7.5412,11.7003,490219.058,361919.67
688351.SH,20251009,152.9388,5.8264,23.6185,1035790.6,274816.5981
301099.SZ,20251009,52.013,4.9346,1.2471,647969.4028,396649.7056
300132.SZ,20251009,42.7053,2.424,1.5919,321313.3111,316026.5586
605166.SH,20251009,14.0705,1.8921,0.5437,363197.6203,363197.6203
600326.SH,20251009,,4.3489,4.8686,1641622.928,1641622.928
001373.SZ,20251009,,2.3643,3.5649,207159.6542,99925.3037
920029.BJ,20251009,19.4267,3.8923,4.0422,1331645.3632,304834.4864
301337.SZ,20251009,,2.6754,12.752,293635.6,104225.914
300390.SZ,20251009,,2.0268,3.4131,2168259.5567,1755320.4477
301100.SZ,20251009,,2.0344,3.6943,405600.0,177450.0
300706.SZ,20251009,,9.1155,5.0738,645058.3008,478152.8508
300069.SZ,20251009,69.6866,8.0924,8.1261,227682.0,227682.0
600730.SH,20251009,218.3553,2.7331,38.4798,492204.3857,492204.3857
301520.SZ,20251009,48.2762,1.8382,8.1681,276666.6681,93055.4168
300604.SZ,20251009,89.8255,15.9211,14.0727,6023470.7691,4639046.689
920675.BJ,20251009,39.2963,3.1868,3.3724,194373.156,89211.1752
301127.SZ,20251009,26.2924,2.6794,4.4781,904139.8808,892114.9407
601298.SH,20251009,10.1635,1.2548,2.8611,5523926.1,4588655.825
601117.SH,20251009,7.8303,0.7242,0.251,4659547.4272,4631090.1214
688209.SH,20251009,70.7921,4.8277,6.4135,970718.3067,675969.7524
000722.SZ,20251009,92.0058,1.8292,17.5576,571378.8451,571378.8451
300710.SZ,20251009,,4.1738,6.4559,191419.3372,143491.945
600734.SH,20251009,,23.4112,21.023,801615.543,801449.943
301618.SZ,20251009,102.9036,5.4846,9.6962,512696.7324,188415.9437
603607.SH,20251009,38.012,4.3346,4.3525,426833.6688,426833.6688
300144.SZ,20251009,24.8247,2.7865,9.6104,2229157.249,2002197.8174
000402.SZ,20251009,,0.3804,0.6456,908634.6917,908554.8203
605162.SH,20251009,24.4697,2.768,4.4297,351267.3068,351267.3068
301322.SZ,20251009,47.1787,1.7126,6.1791,481080.693,311243.9404
603466.SH,20251009,355.5001,2.7141,3.5737,562072.6292,562072.6292
300294.SZ,20251009,41.1975,1.6711,6.8336,1262134.5912,1262134.5912
002595.SZ,20251009,20.8814,4.3476,4.7223,4694400.0,4662503.6703
688285.SH,20251009,62.7904,1.9706,2.9556,328501.094,328501.094
600973.SH,20251009,,2.1525,0.1551,762479.6339,762479.6339
600645.SH,20251009,157.0577,3.138,7.6394,1145538.8827,1145101.3639
600180.SH,20251009,,0.6132,0.1823,484635.8489,484635.8489
689009.SH,20251009,27.7998,8.1346,2.4958,4809735.5433,3705415.8547
002469.SZ,20251009,19.2335,2.2184,2.0672,574243.4276,556571.9962
600999.SH,20251009,13.7228,1.2977,6.8085,14853667.7846,12676785.0046
002936.SZ,20251009,9.5242,0.3998,1.3803,1818418.2716,1340126.6034
300430.SZ,20251009,85.7973,2.4239,7.6231,550462.3407,523866.0853
301062.SZ,20251009,804.9608,2.4569,3.0699,370029.2721,266737.5437
300463.SZ,20251009,,1.1169,2.9758,697785.2841,567537.3846
601177.SH,20251009,29.8323,2.7536,3.1927,756385.65,741711.24
600671.SH,20251009,50.7938,35.6791,8.5505,223464.254,223357.1781
603985.SH,20251009,,2.4276,2.4572,775910.0853,775910.0853
000403.SZ,20251009,23.7552,1.9658,6.2032,1553899.7261,1538061.0658
300620.SZ,20251009,327.5794,14.4616,24.6952,2899464.8216,2875345.0227
601880.SH,20251009,25.3433,1.0561,3.6645,4172202.7967,3259110.0649
920670.BJ,20251009,,6.3527,17.9137,150885.1904,94707.4062
300836.SZ,20251009,150.0818,9.6011,10.4327,514497.8211,350877.8052
300348.SZ,20251009,,5.8366,7.2442,1229099.3134,1073640.5098
002210.SZ,20251009,,20.6476,44.9283,1040542.0146,1038596.3595
300381.SZ,20251009,1005.807,1.286,3.939,332448.6091,331283.704
002748.SZ,20251009,38.2568,1.7176,1.162,235920.0,235920.0
688611.SH,20251009,104.6882,6.9464,14.7936,615859.244,615859.244
003022.SZ,20251009,116.4106,4.048,5.0477,2960954.256,2958435.356
603257.SH,20251009,50.0019,3.4546,3.3577,839040.0,174100.8
000558.SZ,20251009,,6.3578,13.4054,680710.2451,680425.473
300334.SZ,20251009,212.6468,3.6292,9.5016,209633.3571,209608.6541
688518.SH,20251009,52.1102,2.8467,2.782,897684.9999,897684.9999
301016.SZ,20251009,71.9682,4.9948,12.8669,490526.4,465259.2549
600661.SH,20251009,,49.9667,2.2344,289700.8671,289700.8671
300918.SZ,20251009,62.233,3.0427,7.2788,1143357.6706,982000.5287
002395.SZ,20251009,8.8565,3.3843,1.9522,492431.724,492390.3791
300843.SZ,20251009,67.0226,5.7251,6.1313,895956.7152,859754.7686
300684.SZ,20251009,46.6371,6.2012,7.2648,1213311.8624,823345.3694
603667.SH,20251009,184.2912,5.7004,4.9553,1688194.7697,1688194.7697
688779.SH,20251009,,2.2441,2.5316,1502861.5192,1502861.5192
300267.SZ,20251009,,1.5783,5.8777,705410.8655,486458.0267
300553.SZ,20251009,125.2568,5.1093,13.3316,431063.0169,330354.1619
601933.SH,20251009,,10.0761,0.7033,4201742.1278,4201742.1278
920942.BJ,20251009,71.6623,4.7523,13.1558,234208.1949,156463.3569
601658.SH,20251009,7.8781,0.6924,1.9479,68454180.4904,38259765.264
002819.SZ,20251009,,2.2348,3.0444,900028.7404,706178.1571
688718.SH,20251009,76.5053,3.4021,7.1263,267755.5134,267755.5134
603306.SH,20251009,61.1532,5.7021,7.3218,1722631.8065,1722631.8065
002424.SZ,20251009,,2.2563,2.3378,735136.7584,638150.8333
603328.SH,20251009,27.3932,2.9245,3.1656,1199129.5758,1199129.5758
603989.SH,20251009,31.1004,1.9928,1.903,751317.6194,751317.6194
603194.SH,20251009,20.1501,3.4713,2.5555,1748360.0,224344.3232
600884.SH,20251009,,1.6026,1.7762,3502335.8277,2736017.218
688325.SH,20251009,102.8779,5.3432,20.3346,904287.3795,565242.9322
002237.SZ,20251009,33.3778,1.9157,0.2345,1826596.7628,1448552.2524
300113.SZ,20251009,55.2953,7.4005,8.609,1758131.9629,1332809.3763
601808.SH,20251009,18.7004,1.4677,1.3364,6560939.0,4070643.5
603488.SH,20251009,,2.4409,4.9666,228628.5145,228628.5145
603006.SH,20251009,59.0115,2.7677,4.4931,354430.4245,354430.4245
600797.SH,20251009,,3.543,3.4649,1182682.8519,1182682.8519
300041.SZ,20251009,63.8651,2.497,1.6578,686985.065,668565.3118
300678.SZ,20251009,1272.9007,12.5815,21.4036,1063730.4056,1045398.1597
688180.SH,20251009,,6.6155,18.0876,4215588.6103,3146814.4661
920242.BJ,20251009,18.539,3.4281,2.6573,217020.9038,121000.6418
688251.SH,20251009,180.6515,3.8936,3.8024,322073.1331,191704.7162
603127.SH,20251009,87.6254,3.2949,14.5323,2670387.741,2246407.8221
000929.SZ,20251009,,3.2834,8.0164,154185.78,154176.0051
920130.BJ,20251009,,4.8167,7.9801,247119.6292,151800.8628
300487.SZ,20251009,35.8875,7.6337,11.8484,2970351.3612,1794074.068
605011.SH,20251009,42.4175,3.6664,2.5807,871817.9,871817.9
301291.SZ,20251009,20.6439,3.1434,2.0034,1491691.6,772301.371
600345.SH,20251009,64.4232,2.6106,9.6519,907422.1994,582422.7446
000931.SZ,20251009,70.5917,2.4299,1.5831,395391.6656,394290.5043
605580.SH,20251009,52.4454,8.5826,9.1276,805280.0,805280.0
688084.SH,20251009,,4.4356,33.6942,688497.5006,321463.0601
002191.SZ,20251009,521.4419,1.0233,2.6074,680884.2731,675601.3995
600582.SH,20251009,7.9004,0.9923,0.8415,2503846.2797,2503846.2797
300845.SZ,20251009,48.3529,2.7843,5.8992,221251.8709,155398.4766
603565.SH,20251009,10.6558,2.399,2.1103,2291168.8454,2291168.8454
002076.SZ,20251009,,7.1238,9.606,206297.1553,193863.0072
688409.SH,20251009,255.1935,5.2087,7.2965,2376501.7937,1375354.183
688503.SH,20251009,59.8494,3.7722,1.4751,1793469.2946,1338726.3977
002270.SZ,20251009,27.6934,6.2002,7.9682,1850705.515,1850665.9703
301112.SZ,20251009,177.7862,4.5607,7.9187,556625.7968,556625.7968
301109.SZ,20251009,16.8972,1.5077,4.0359,1129203.3049,293835.5455
002908.SZ,20251009,289.0285,3.9844,7.1669,441786.4581,329558.6632
300195.SZ,20251009,125.9965,1.2487,2.072,334305.4195,247676.9475
603165.SH,20251009,16.6667,1.7595,1.7301,375948.245,375948.245
300085.SZ,20251009,,72.9333,46.0171,3658984.6902,3376122.5891
688112.SH,20251009,47.7321,4.0697,11.2785,623108.8744,623108.8744
300806.SZ,20251009,274.86,5.8088,4.7389,1303238.9461,909104.2445
605399.SH,20251009,,1.8273,3.606,396546.4866,395677.8066
600388.SH,20251009,23.3102,1.9136,1.9625,1968571.7542,1968571.7542
300364.SZ,20251009,,26.8287,16.3846,2053641.8326,1861699.6605
301626.SZ,20251009,84.8274,10.1943,15.6468,1555433.28,349972.488
000592.SZ,20251009,,3.5449,4.8903,674191.5313,668367.2647
600061.SH,20251009,16.0253,0.9582,24.2246,5038457.5977,5038457.5977
688252.SH,20251009,36.4178,5.1493,4.8158,1188206.9956,529696.2039
002467.SZ,20251009,166.7052,4.6194,11.2826,884364.1143,878906.3844
300164.SZ,20251009,57.096,2.3713,2.8431,340129.0876,337095.8297
601236.SH,20251009,44.6653,1.7465,20.1579,4400762.9633,4400762.9633
603235.SH,20251009,17.7408,2.5092,5.1873,1174563.74,394575.9316
002697.SZ,20251009,14.2509,1.6631,0.7829,762960.0,642290.3025
002376.SZ,20251009,91.6789,1.6662,2.3907,627375.4067,604733.7101
300661.SZ,20251009,100.739,11.1436,14.6628,5262982.9449,5047559.8414
002515.SZ,20251009,178.6376,3.727,30.9417,973333.7879,973322.1379
002906.SZ,20251009,24.9437,2.6863,1.5615,1760571.7555,1759936.3134
600939.SH,20251009,,0.8013,0.2426,631399.0575,631399.0575
603103.SH,20251009,603.6741,7.6483,4.8081,1047698.4,1047698.4
301048.SZ,20251009,31.2638,2.3352,2.0025,633066.7458,633066.7458
603686.SH,20251009,65.7785,2.8196,1.9012,950920.1948,950920.1948
603879.SH,20251009,,8.5075,6.1091,220278.1417,220278.1417
300196.SZ,20251009,18.6695,1.331,2.1059,609396.874,366958.0062
002768.SZ,20251009,17.7055,2.5281,0.6737,1323700.0,862530.85
301566.SZ,20251009,49.6114,5.1284,20.4797,718817.97,372878.952
688306.SH,20251009,1503.2677,8.8211,6.3236,1627474.71,1627474.71
002135.SZ,20251009,47.3751,0.7924,0.5225,498636.1571,466608.4203
003013.SZ,20251009,12.1719,2.2029,2.1864,615348.6353,602720.2616
000526.SZ,20251009,21.685,5.5435,1.7438,537407.4907,527127.5602
600353.SH,20251009,138.9606,8.3507,9.6198,1529646.2085,1527498.966
600750.SH,20251009,17.0306,3.5467,3.1778,1399531.2325,1382552.4849
002921.SZ,20251009,,1.8894,2.0903,227626.3541,196350.4906
002328.SZ,20251009,34.7451,1.5069,1.1233,492389.26,364165.2296
002024.SZ,20251009,25.1545,1.2984,0.2849,1621334.3332,1619527.2307
603806.SH,20251009,48.5153,2.7004,2.5972,4244414.6955,4244414.6955
000563.SZ,20251009,13.2553,1.0112,6.432,1856371.24,1856371.24
600078.SH,20251009,,2.9403,1.4042,493616.7814,493616.7814
603210.SH,20251009,34.9042,4.028,3.8224,715180.4,158395.8565
301080.SZ,20251009,68.5778,3.9586,14.122,1035119.8371,781166.7794
603663.SH,20251009,208.9905,9.1022,11.9902,1210213.9853,1208841.6653
600815.SH,20251009,1172.7343,3.1846,8.1688,486101.8875,486101.8875
002050.SZ,20251009,56.2657,6.8515,6.8081,20787885.193,18196873.9295
300788.SZ,20251009,37.751,2.494,3.2546,554862.1208,554862.1208
603788.SH,20251009,19.2465,1.9268,2.5572,388133.2183,388133.2183
605259.SH,20251009,18.1501,2.5231,1.7155,437581.76,437581.76
002117.SZ,20251009,36.6094,4.435,5.1384,605945.1449,605752.7648
920227.BJ,20251009,55.7656,5.8317,15.0875,228508.722,103415.8951
688681.SH,20251009,44.4581,3.1133,3.9399,180765.09,180765.09
002935.SZ,20251009,117.1622,4.3012,7.3982,668385.5526,654183.2316
600496.SH,20251009,12.4487,0.8162,0.353,732365.7575,732365.7575
300966.SZ,20251009,,3.0704,4.1242,249583.4473,165983.176
920685.BJ,20251009,34.3815,2.598,8.065,139012.7144,83227.6505
300504.SZ,20251009,,1.8055,2.7839,385125.9282,310135.4256
002223.SZ,20251009,20.6844,2.9365,4.9331,3905650.1154,3662856.2069
002036.SZ,20251009,,5.7845,1.288,1223175.266,1220868.5303
688207.SH,20251009,,2.2795,41.0908,445433.8128,445433.8128
002401.SZ,20251009,254.216,4.0022,3.8133,652649.7806,652115.0786
688137.SH,20251009,,1.4803,22.0159,308210.5281,143510.5281
600644.SH,20251009,303.5148,3.1454,1.9968,644249.3913,644249.3913
301160.SZ,20251009,33.4153,4.2569,4.8869,718844.7514,473294.9813
600160.SH,20251009,35.3094,5.8296,4.3614,11214745.2205,11214745.2205
002843.SZ,20251009,159.4605,4.1771,3.5875,584031.1438,581838.7438
603803.SH,20251009,,2.3431,3.0948,369223.811,369223.811
600617.SH,20251009,,1.6846,0.3647,582615.9164,536213.8921
001395.SZ,20251009,26.0461,4.0253,5.5887,446232.6,100700.8413
600382.SH,20251009,47.6779,1.5893,7.3831,433310.6475,433310.6475
603725.SH,20251009,26.8635,3.726,0.9352,295102.2342,277484.6342
300689.SZ,20251009,303.3568,9.164,15.3168,631176.0,552454.67
002046.SZ,20251009,51.3594,3.3097,4.7697,1421643.3796,1401813.8386
000598.SZ,20251009,9.8467,1.0769,2.1787,2011509.002,2008077.331
920374.BJ,20251009,163.6982,8.8279,11.2933,224908.162,94119.2872
002706.SZ,20251009,39.8162,3.2013,2.8092,1281485.6478,1044003.1222
000488.SZ,20251009,,1.1503,0.5587,611822.8896,349728.5734
603608.SH,20251009,,2.869,2.9378,305972.6782,305972.6782
002064.SZ,20251009,28.3593,1.7883,1.8871,4778929.7728,4765478.2758
002045.SZ,20251009,48.8383,2.315,1.187,1037781.3785,1036581.6673
603223.SH,20251009,36.8659,1.7475,4.6101,674192.5714,674192.5714
920976.BJ,20251009,36.3602,7.1076,7.0753,184904.5604,114975.6776
600267.SH,20251009,27.1216,1.511,1.2189,1261188.3022,1260494.7712
001914.SZ,20251009,13.8686,1.1749,0.6613,1219397.969,1219392.909
603392.SH,20251009,,6.0663,42.6696,7351628.4397,7351628.4397
600362.SH,20251009,17.9766,1.693,0.2678,13518495.5971,8101765.8691
603041.SH,20251009,56.1467,1.5032,3.6272,224172.775,224172.775
002835.SZ,20251009,19.4451,3.1615,3.356,378627.031,219572.1433
920770.BJ,20251009,66.0289,4.3612,15.3011,259483.557,163296.2372
688080.SH,20251009,28.9418,3.8711,5.9271,416230.8019,416230.8019
688077.SH,20251009,118.5148,4.0762,3.0922,434331.4442,434331.4442
688178.SH,20251009,,2.314,4.139,232129.112,232129.112
688396.SH,20251009,94.8441,3.429,7.3617,7785959.9193,7785959.9193
002531.SZ,20251009,362.422,1.7078,3.1993,1532737.4953,1524196.8038
603533.SH,20251009,,3.6381,3.1019,861554.4871,861554.4871
300298.SZ,20251009,36.1368,3.6638,2.445,1118291.1116,900793.7621
603388.SH,20251009,,0.7778,3.2906,56026.1744,56026.1744
600452.SH,20251009,30.0568,2.728,4.7656,1458178.0296,1458178.0296
688516.SH,20251009,19.729,4.5159,1.962,1600880.8446,1597987.4247
920821.BJ,20251009,154.3575,7.9819,9.5266,416746.0398,219434.5071
600206.SH,20251009,81.5269,4.882,2.2198,1931834.7036,1931834.7036
000559.SZ,20251009,43.3497,4.7197,3.2205,4319912.0525,4318851.1108
002981.SZ,20251009,34.3974,4.0558,2.2054,424694.7811,374959.6931
301053.SZ,20251009,80.4083,4.6794,4.8577,316488.8689,291223.4065
603093.SH,20251009,28.0817,3.0103,3.0878,1289069.2319,1289069.2319
600269.SH,20251009,8.0492,0.5995,1.9495,1139678.6228,1139678.6228
300875.SZ,20251009,,4.4932,30.758,430287.7768,378382.0934
300557.SZ,20251009,84.2407,3.335,4.8508,327160.9479,322670.4315
300691.SZ,20251009,,3.2542,2.6902,518456.9721,425362.3572
300563.SZ,20251009,137.602,7.2012,8.7317,767424.3597,530878.6688
301357.SZ,20251009,,9.8986,84.3781,1113840.0,278460.0
002725.SZ,20251009,79.8865,4.1799,6.427,426752.0,353427.0196
000010.SZ,20251009,69.7603,15.4883,4.9743,473656.7443,322000.2937
603218.SH,20251009,31.4129,1.5155,2.488,1526046.4663,1522521.6863
301312.SZ,20251009,79.0811,5.3279,10.1378,641268.0989,320324.1163
600036.SH,20251009,6.8457,1.0057,3.0406,101711637.3088,83196532.8822
603790.SH,20251009,76.0663,3.6152,5.1916,446442.88,446442.88
600853.SH,20251009,10.0732,1.285,0.2266,416767.0476,415702.5987
002596.SZ,20251009,,6.4669,3.694,440670.9189,440265.7029
920371.BJ,20251009,48.0635,3.7015,2.3209,211814.3476,199656.9348
688256.SH,20251009,499.683,82.5374,139.7306,55757299.5045,55757299.5045
002476.SZ,20251009,55.4551,3.8618,6.0978,362304.0,362260.9764
300578.SZ,20251009,185.2658,3.159,8.4984,374928.0783,374826.6735
002495.SZ,20251009,94.8437,2.2458,9.1307,246069.5328,184303.4323
688776.SH,20251009,,5.9003,26.0634,1086001.8584,1086001.8584
603023.SH,20251009,3658.2342,3.0164,22.3822,232176.8413,232176.8413
002327.SZ,20251009,13.7308,1.6887,2.1146,590963.105,343860.7693
688305.SH,20251009,70.7562,4.9671,14.3296,923435.5987,918621.3295
001872.SZ,20251009,10.9509,0.8047,3.0276,5033149.3454,3510860.1518
000877.SZ,20251009,24.6713,0.5707,0.561,4671593.043,4671592.0575
600664.SH,20251009,16.631,1.6162,0.5611,906663.5554,906663.5554
603085.SH,20251009,,4.9038,1.6671,417749.2,417749.2
002978.SZ,20251009,18.5605,1.899,7.4829,1585414.2689,1242796.2689
688098.SH,20251009,,3.0664,14.3358,428301.692,428301.692
300432.SZ,20251009,81.2318,8.0461,3.34,3569979.3853,3529880.2828
301221.SZ,20251009,58.0767,2.5082,7.5144,500253.0423,338767.8898
002246.SZ,20251009,278.5328,4.1954,5.6308,1218857.2427,1218857.2427
000952.SZ,20251009,,2.1928,3.4526,216372.2115,214653.5258
603215.SH,20251009,34.7396,3.6895,1.847,435099.5066,433433.6997
301130.SZ,20251009,55.7172,2.4935,8.8803,227112.7198,173428.5978
920344.BJ,20251009,525.4359,5.167,12.3163,317436.86,295939.4344
002832.SZ,20251009,12.6466,1.7405,2.1698,905141.4352,617617.3984
605499.SH,20251009,39.4848,21.0864,8.3835,15678911.963,15678911.963
600630.SH,20251009,190.9146,5.0801,2.2222,387048.9149,387048.9149
688646.SH,20251009,1469.8107,2.0372,3.9665,307565.5491,190639.4812
600807.SH,20251009,,40.0117,8.3075,268928.9582,239253.6131
601328.SH,20251009,6.296,0.5306,2.2764,59380462.9979,17520679.3904
600559.SH,20251009,19.3629,2.9969,2.8979,1555985.4022,1547075.5642
300420.SZ,20251009,,1.9819,4.5651,464415.5614,464379.4942
300639.SZ,20251009,,0.934,5.0438,363979.8795,357597.5409
688382.SH,20251009,,10.0981,100.2447,1735045.473,1252899.885
301258.SZ,20251009,51.4946,1.6036,7.0546,308102.87,299507.1125
688100.SH,20251009,28.0816,5.8345,6.4513,1864470.1836,1864470.1836
920471.BJ,20251009,,2.3132,2.4834,121388.8,77371.6556
601222.SH,20251009,26.837,0.8278,2.2281,1283485.3842,1283485.3842
301596.SZ,20251009,67.7782,8.3773,10.7831,687465.6577,278999.7052
600261.SH,20251009,21.3415,1.405,1.7007,483289.1737,483289.1737
688182.SH,20251009,148.9031,5.1058,22.0512,1124800.0,1124800.0
000629.SZ,20251009,,2.3627,2.8232,2909325.6241,2907854.7366
300433.SZ,20251009,45.8297,3.3912,2.419,17898017.5507,16824290.5976
000813.SZ,20251009,,1.8863,23.6148,908046.6988,907897.3138
603004.SH,20251009,32.1073,2.8115,7.8205,571842.56,142960.64
600722.SH,20251009,85.5278,3.7022,9.1494,453773.2239,453773.2239
000600.SZ,20251009,12.9574,1.2736,0.5934,1418490.7108,854599.8868
600322.SH,20251009,,,1.1581,270896.5,270896.5
600448.SH,20251009,,1.8176,0.6978,212879.0458,212879.0458
688253.SH,20251009,25.4013,2.0778,8.8267,420815.8188,213002.6496
603377.SH,20251009,,2.8988,3.4723,233769.8678,233769.8678
002487.SZ,20251009,37.5408,4.0918,6.0365,3177905.0061,3143875.6855
300263.SZ,20251009,64.8088,2.2413,2.9602,889070.4134,837979.5364
603421.SH,20251009,,1.7971,2.2275,524361.1708,524361.1708
688006.SH,20251009,62.3342,3.9932,7.0261,2150280.2054,2150280.2054
603258.SH,20251009,,2.3018,10.6926,505112.499,499385.3265
300146.SZ,20251009,39.5153,1.7749,3.4201,1969112.0641,1304632.9191
920505.BJ,20251009,159.136,11.2518,24.1651,371367.7543,207686.9185
601801.SH,20251009,15.8929,1.0699,1.2623,1278529.0978,1278529.0978
920221.BJ,20251009,39.8168,5.5827,6.628,219779.76,116982.7358
300879.SZ,20251009,37.7364,4.8196,2.2092,710015.1062,705207.7956
603190.SH,20251009,43.1439,1.2813,1.6284,273600.0,92384.4144
688711.SH,20251009,,5.75,4.3391,596628.5948,596628.5948
920833.BJ,20251009,56.074,2.8075,3.8332,169661.6,128681.505
601991.SH,20251009,11.0225,1.9768,0.5385,6588388.9394,4413007.7217
002129.SZ,20251009,,1.4348,1.4955,3828830.637,3825917.684
300645.SZ,20251009,1350.3561,2.4847,2.0894,249680.8306,244785.7038
600572.SH,20251009,18.6612,1.6982,1.7247,1108153.3759,1105193.7024
300386.SZ,20251009,,5.1039,10.0886,751643.112,450862.2601
600233.SH,20251009,16.0839,1.9442,0.857,6200869.9882,6200869.9882
301500.SZ,20251009,51.2991,2.2556,0.771,1046507.4845,260945.8743
300598.SZ,20251009,,7.7072,5.404,1151088.136,1150765.7724
600577.SH,20251009,41.7118,4.0916,1.0148,2415681.2806,2415681.2806
688798.SH,20251009,66.9038,5.2982,7.8659,2140354.0071,1246258.6864
920260.BJ,20251009,33.6999,3.1175,4.6799,131819.15,125976.9826
601003.SH,20251009,,1.556,0.2032,1360843.1892,1360843.1892
601001.SH,20251009,10.7153,1.3146,1.7684,2408454.3,2408454.3
300832.SZ,20251009,30.5973,6.2453,11.5106,5190458.2937,4505274.58
600400.SH,20251009,,2.6674,3.7277,650749.606,650749.606
688213.SH,20251009,76.3108,10.5761,6.6903,4882375.0998,3924987.917
301393.SZ,20251009,39.5647,2.4592,11.471,570240.0,222313.212
600111.SH,20251009,101.6131,8.2557,4.9448,19206844.8185,19206844.8185
688410.SH,20251009,60.2407,2.8098,7.4643,482937.4159,352534.0187
300621.SZ,20251009,210.0934,2.1156,0.2283,184754.3496,179845.7635
300919.SZ,20251009,35.8185,2.352,1.1539,4783945.1358,4654145.4744
301125.SZ,20251009,139.3699,4.8076,4.7429,289611.4306,239758.1446
600776.SH,20251009,84.001,4.6067,6.2916,1634056.0833,1243756.0833
600231.SH,20251009,,1.2273,0.4013,613218.1227,606127.4227
301102.SZ,20251009,80.634,1.4805,7.0432,452284.0,452284.0
600155.SH,20251009,182.634,0.856,5.3471,1700000.6223,1700000.6223
600110.SH,20251009,,2.1259,2.027,1197274.8431,1197274.8431
300266.SZ,20251009,,71.4945,3.7834,402436.0943,402179.9951
000705.SZ,20251009,68.8391,1.6241,1.0661,326772.5737,275757.6145
603439.SH,20251009,21.3754,3.4674,2.6639,513072.3744,505607.9504
300204.SZ,20251009,,15.3738,60.0729,1610093.5104,1528849.3684
300328.SZ,20251009,,10.8743,7.312,1168887.1548,1162018.8654
688151.SH,20251009,461852.9085,1.7073,13.0276,715182.0,715182.0
603768.SH,20251009,293.3407,1.206,0.8374,289116.3663,289116.3663
002155.SZ,20251009,34.7007,5.0646,0.8976,3692545.0597,3692211.7373
300027.SZ,20251009,,23.1664,22.4648,696400.9857,623729.6755
688215.SH,20251009,369.2388,11.8892,13.8455,539149.7744,539149.7744
600800.SH,20251009,,3.2278,1.0736,455118.5386,454989.3886
600716.SH,20251009,,0.6984,3.3401,347278.4789,347278.4789
002701.SZ,20251009,12.1373,1.4388,0.764,1389949.9347,1388671.3282
920925.BJ,20251009,174.6504,8.5846,13.502,318914.0227,179100.6767
002634.SZ,20251009,,15.0978,3.437,226460.7889,220131.6672
000859.SZ,20251009,,2.0842,2.5073,573424.8134,573392.1734
688360.SH,20251009,69.9726,4.3601,4.0675,627714.6875,600440.7633
688737.SH,20251009,,1.5383,1.7369,279063.564,279063.564
300286.SZ,20251009,31.2961,2.8436,5.6896,609657.4963,427274.7455
603883.SH,20251009,30.3141,1.8819,0.5658,1255677.9527,1253686.6699
300517.SZ,20251009,229.4271,2.4023,7.2453,245305.02,151806.4446
600638.SH,20251009,24.8705,0.879,1.3604,402017.8812,402017.8812
300417.SZ,20251009,,3.7799,11.4884,173182.8384,112692.6003
002756.SZ,20251009,32.1169,1.7299,2.9834,2170422.8,1565029.5607
920245.BJ,20251009,85.3157,4.3996,4.4923,150426.765,115013.777
688022.SH,20251009,,4.1693,6.5279,281757.075,281757.075
002404.SZ,20251009,21.3593,1.7771,0.7506,344431.6977,280309.064
600057.SH,20251009,11.8253,1.2074,0.0539,1977039.824,1565452.2835
000921.SZ,20251009,10.4536,2.4907,0.3813,3563247.793,2362329.0973
002496.SZ,20251009,,1.767,7.2401,236691.5793,174655.0065
601018.SH,20251009,13.6078,0.9062,2.4539,7159214.9308,7159214.9308
600749.SH,20251009,193.0938,3.947,19.4488,412396.3444,412396.3444
002657.SZ,20251009,,6.341,9.1833,1111289.9197,1094941.3052
001259.SZ,20251009,,2.6163,4.8985,187062.9533,120858.1165
000981.SZ,20251009,,37.5709,10.2554,4658821.4338,4433223.9393
301032.SZ,20251009,37.3627,2.5753,1.3258,305516.0178,202558.8059
000408.SZ,20251009,31.1784,6.7914,30.3507,9612922.0109,9612820.9979
600117.SH,20251009,,2.434,1.7912,1057912.3285,1057912.3285
000601.SZ,20251009,915.4298,1.3433,1.1974,550000.7995,542459.2433
600919.SH,20251009,5.497,0.7466,2.1811,18332973.1385,18332973.1385
300980.SZ,20251009,108.1009,2.7041,6.957,376210.459,267685.4215
605266.SH,20251009,23.1884,1.2285,0.3448,319131.1463,319131.1463
603326.SH,20251009,16.2108,2.4785,1.8895,272896.2752,272896.2752
688236.SH,20251009,57.2132,3.1568,10.0499,917879.4205,690208.204
002241.SZ,20251009,48.5108,4.1586,1.4124,13858695.2457,12246678.1296
300775.SZ,20251009,42.1289,2.415,10.2208,1360087.7454,1320433.383
300043.SZ,20251009,,5.0281,4.4461,836101.3255,835658.5447
920247.BJ,20251009,132.3816,10.1906,10.9155,461604.4064,334709.0276
603171.SH,20251009,219.4596,8.457,10.192,2092676.75,2090333.5
000735.SZ,20251009,,1.7251,2.8706,723150.527,722763.6407
603303.SH,20251009,20.5686,2.0994,1.447,642444.3425,642444.3425
002099.SZ,20251009,,1.8376,5.1894,946948.423,945183.2499
920726.BJ,20251009,106.7343,4.2505,8.0349,190021.23,104509.2561
300997.SZ,20251009,90.1373,7.3382,4.5405,752454.377,663932.4803
600548.SH,20251009,18.9517,1.1008,2.6815,2522628.9902,1704139.4271
600381.SH,20251009,,2.6972,10.8606,278853.852,278853.852
600602.SH,20251009,155.3815,6.0059,4.8854,2865275.8882,2250664.7641
002707.SZ,20251009,93.7994,7.7665,1.0423,699693.1035,587547.5442
000603.SZ,20251009,52.2542,6.5096,9.5457,1973312.3296,1906808.7867
301002.SZ,20251009,,6.3308,5.2918,476023.7392,284056.2966
000042.SZ,20251009,,1.5706,1.4702,537848.3915,537282.1424
601069.SH,20251009,79.4962,6.219,3.3091,2996276.1155,2917962.789
002205.SZ,20251009,,7.4339,3.8386,265012.4431,265012.4431
301066.SZ,20251009,122.5314,2.9167,5.2889,367889.5918,295639.8829
301238.SZ,20251009,281.4528,2.2937,8.1282,1645599.9252,1645599.9252
600980.SH,20251009,42.1419,3.2988,3.7069,467859.4363,464228.7852
600252.SH,20251009,,1.5712,3.7747,872297.345,869276.5181
002136.SZ,20251009,,2.0873,1.3452,239962.32,239332.6282
300199.SZ,20251009,,26.6398,21.8132,1928115.8365,1627858.3956
603080.SH,20251009,20.1469,2.4479,2.3117,357995.0,357995.0
002827.SZ,20251009,65.8493,11.0172,6.1437,1068843.468,1064808.0
688433.SH,20251009,559.023,11.1024,43.0271,2169830.3432,1058824.5325
603868.SH,20251009,33.7723,4.9914,3.9683,1565110.8,1565110.8
603506.SH,20251009,19.4756,2.0927,1.3976,255753.335,255753.335
688358.SH,20251009,29.9155,2.7973,8.4299,385484.1582,385484.1582
605277.SH,20251009,46.6804,5.3827,2.1466,826309.421,810607.4271
605167.SH,20251009,21.0796,2.5508,1.5595,489037.23,489037.23
603650.SH,20251009,47.1439,8.032,7.8076,2614440.5611,2607160.099
920469.BJ,20251009,176.2292,4.2085,2.6356,196337.778,144103.2897
300804.SZ,20251009,68.014,2.0962,3.5277,283864.0,105490.0
601696.SH,20251009,38.259,2.1616,12.7295,4005876.0,4005876.0
001356.SZ,20251009,49.4137,4.272,3.9985,873961.56,185716.8315
603658.SH,20251009,19.5671,2.651,5.1852,2242270.7896,2242270.7896
002912.SZ,20251009,56.848,3.1363,6.914,495693.056,470930.4979
002227.SZ,20251009,,3.3465,9.7478,326360.7259,323898.7208
300822.SZ,20251009,154.4426,4.3111,6.281,536465.3364,497627.0677
601188.SH,20251009,26.6723,0.9915,5.2749,455293.9856,455293.9856
300983.SZ,20251009,,1.3597,19.203,386208.0,264361.3093
301122.SZ,20251009,105.6856,1.7282,8.7903,309281.5147,191370.8647
002010.SZ,20251009,47.7126,0.9808,0.6819,1773149.2431,1768703.0294
601611.SH,20251009,15.3949,1.3599,0.2612,2935474.5225,2935474.5225
600693.SH,20251009,111.8952,1.4369,2.7818,505380.6689,504861.5663
002940.SZ,20251009,96.5262,4.7894,5.3326,754463.4156,692930.2466
000039.SZ,20251009,13.351,0.9566,0.2588,4518932.0826,1928579.1842
002508.SZ,20251009,11.6876,1.6315,1.612,1787824.4291,1766279.981
603020.SH,20251009,21.2159,1.1655,1.5483,382088.0607,382088.0607
300515.SZ,20251009,25.5403,5.1328,6.4952,415006.8265,406952.4917
688562.SH,20251009,,4.4533,7.0393,746000.0,322682.3
301338.SZ,20251009,63.8429,4.6516,7.3967,703304.0,390981.5
000911.SZ,20251009,128.6544,21.5186,1.04,289431.2284,289431.2284
601555.SH,20251009,15.7827,1.1575,4.5313,4943859.3228,4943859.3228
002980.SZ,20251009,41.5162,4.6116,5.9314,488654.9928,258968.9448
600425.SH,20251009,30.25,1.1862,1.8592,751001.3349,645273.7602
002606.SZ,20251009,21.9466,2.2423,2.5996,392092.3855,376079.8551
920703.BJ,20251009,27.4399,2.2308,6.7837,237691.748,120270.1368
002543.SZ,20251009,13.4455,1.8539,1.2032,916115.2,815104.7557
002642.SZ,20251009,248.137,5.2252,3.6724,615269.6911,615269.6911
688123.SH,20251009,68.7177,10.1785,22.2519,2422021.7863,2422021.7863
688777.SH,20251009,47.8971,4.5077,5.2446,4571493.087,4525455.3524
301339.SZ,20251009,43.4441,3.3734,9.5548,914024.979,264695.8687
603808.SH,20251009,,1.127,0.9753,288630.6306,288630.6306
688280.SH,20251009,,7.9333,2.8046,490474.2053,432572.1845
600048.SH,20251009,322.9696,0.4869,0.3261,9432709.4134,9432709.4134
000881.SZ,20251009,,1.4806,1.2809,760122.3553,676639.0514
300335.SZ,20251009,44.2226,1.4416,2.418,277144.1974,223197.6363
300811.SZ,20251009,64.0908,8.7883,14.1648,2446981.3463,2006025.2758
300498.SZ,20251009,10.9947,3.0276,1.1585,12509382.3483,11209888.9175
601168.SH,20251009,18.1333,3.4741,1.0177,5766860.0,5766860.0
301388.SZ,20251009,172.193,3.205,6.3604,310006.4376,82781.0353
688133.SH,20251009,240.4746,1.5144,1.5604,422274.1569,422274.1569
002648.SZ,20251009,9.8426,2.1382,1.3384,6653075.2378,6648802.9079
920576.BJ,20251009,102.3644,8.4615,8.8858,373153.75,366912.215
603151.SH,20251009,46.6766,3.2559,1.0533,425450.3045,206745.7925
002785.SZ,20251009,,9.5162,6.9153,849143.9972,725025.8512
300209.SZ,20251009,70.5457,6.5962,31.3816,631472.5657,333212.6072
600037.SH,20251009,,0.8782,5.0822,1112030.5293,1112030.5293
920262.BJ,20251009,49.9028,5.3528,3.2069,178936.625,80739.0187
002247.SZ,20251009,118.544,3.6301,2.9771,234840.1335,177617.2255
688232.SH,20251009,56.182,1.7426,4.583,931260.0,931260.0
601689.SH,20251009,48.6593,6.1194,5.0583,13815792.861,13815792.861
300705.SZ,20251009,16.3827,3.3498,2.7674,851361.4282,629384.5662
002624.SZ,20251009,,5.1883,5.5171,3587001.579,3379478.3928
000987.SZ,20251009,13.9202,1.2862,4.61,3948483.2476,3946352.6119
002265.SZ,20251009,139.8972,8.39,7.8625,3079493.4533,1201632.2315
603901.SH,20251009,194.587,2.3378,1.4759,558386.6659,549838.1531
001366.SZ,20251009,,2.4969,1.7055,199243.2,69043.2
601608.SH,20251009,67.376,2.8406,3.2069,2605765.9057,2589273.1522
000886.SZ,20251009,,2.1764,18.0449,653615.5063,646350.1896
601968.SH,20251009,34.8561,1.4011,0.7364,632786.6122,632786.6122
000801.SZ,20251009,83.2111,5.5332,3.8873,1662060.7998,1662060.7998
601021.SH,20251009,25.0624,2.9755,2.5529,5215495.478,5215495.478
000665.SZ,20251009,,1.7212,4.8077,715267.0324,715248.3416
688545.SH,20251009,80.9291,5.0554,11.1343,1445040.0,292554.6259
688295.SH,20251009,,5.653,15.0148,2622600.0,2622600.0
688626.SH,20251009,102.6359,4.1745,10.9656,838560.0,838560.0
688775.SH,20251009,115.4057,21.0997,16.8633,11495066.0,874357.977
300900.SZ,20251009,,4.204,4.7641,557156.0925,413040.4519
603798.SH,20251009,68.2077,3.6652,4.1059,425706.419,425706.419
600862.SH,20251009,28.7637,4.5193,6.2959,3319636.022,3319636.022
300159.SZ,20251009,,,5.9222,409806.9829,403283.9416
603882.SH,20251009,,2.0242,2.1908,1381436.1761,1372121.3086
000590.SZ,20251009,,4.8176,8.2581,279941.9111,279825.1982
301380.SZ,20251009,52.1921,5.0601,3.3481,370386.5577,160102.4383
600219.SH,20251009,9.0413,0.9291,1.3572,4761605.0477,4761605.0477
000731.SZ,20251009,33.5586,0.9279,0.8584,380562.6382,380562.6382
688046.SH,20251009,69.2841,3.3361,10.0274,723240.0,723240.0
000818.SZ,20251009,,6.7993,3.6551,1569480.0927,1565226.8019
603155.SH,20251009,55.8222,2.3801,7.9091,511890.4028,511890.4028
301327.SZ,20251009,45.3657,2.1218,3.2007,1312394.0853,574108.5373
002080.SZ,20251009,39.8976,2.9726,2.1247,5688838.9498,5688838.9498
300715.SZ,20251009,,2.4319,1.9575,451776.2389,399319.8568
603968.SH,20251009,,1.3037,0.8376,239241.6,239241.6
688081.SH,20251009,,8.0949,20.7992,328285.44,328285.44
600876.SH,20251009,,1.9452,2.1104,694100.5852,425350.5852
300990.SZ,20251009,51.6764,6.7744,5.047,1324384.3507,606418.057
603633.SH,20251009,93.2605,2.5602,3.2541,501502.7112,501502.7112
001323.SZ,20251009,16.017,2.8801,2.2092,1204303.5548,248275.6327
000404.SZ,20251009,10.3825,1.1964,0.4206,499029.1169,496679.9331
002052.SZ,20251009,37.4313,38.0697,10.8744,1155747.37,1058898.6701
002034.SZ,20251009,12.5509,1.0739,2.2159,727791.3977,724179.4953
300814.SZ,20251009,372.6678,6.7175,6.6846,1095554.6454,1095554.6454
000065.SZ,20251009,14.4914,1.182,0.7709,1187095.5484,1080258.2151
920249.BJ,20251009,,8.9272,2.9108,638347.82,188749.7381
300824.SZ,20251009,41.7796,5.6261,4.5211,390304.6517,378528.3872
000766.SZ,20251009,397.266,10.6254,18.2437,2414303.7781,2413087.1871
000591.SZ,20251009,16.8222,0.7645,3.3315,1829971.3555,1829713.6065
002993.SZ,20251009,27.5085,2.6528,1.9343,1286898.48,1111639.6016
603259.SH,20251009,24.3025,5.1624,7.8196,33467840.4719,27910967.5761
000541.SZ,20251009,26.5989,1.4608,1.1346,981362.289,786310.7186
688152.SH,20251009,468.7504,4.5359,19.4851,567057.433,222736.313
600222.SH,20251009,87.0371,2.3524,2.119,376469.4016,376469.4016
601318.SH,20251009,8.303,1.0614,0.9638,99664461.5405,58672998.2168
300531.SZ,20251009,,4.5038,4.5618,610050.0335,586641.6022
300696.SZ,20251009,2572.16,4.1081,19.4362,761025.1439,690241.72
688143.SH,20251009,171.9561,4.5748,14.1986,548115.0541,423366.6179
003032.SZ,20251009,,2.0153,8.5139,253139.4775,173742.3077
600020.SH,20251009,10.2962,0.8218,1.303,955133.0286,955133.0286
300782.SZ,20251009,,4.4952,11.5423,4508501.2727,3777830.0986
000636.SZ,20251009,61.9119,1.4918,3.4559,1838493.9923,1838493.9923
000826.SZ,20251009,,11.5168,0.6895,343510.1328,343466.6831
920392.BJ,20251009,108.9627,7.4929,3.3695,249952.4,119358.872
688290.SH,20251009,223.6966,5.3579,23.597,686714.8781,686714.8781
688288.SH,20251009,61.6354,4.0324,4.8914,300239.6216,300239.6216
605599.SH,20251009,14.4965,2.8698,0.4605,1127777.81,1127777.81
603082.SH,20251009,36.854,4.1568,3.1079,644854.4834,161213.6775
688758.SH,20251009,72.966,5.7406,21.2691,735059.1083,74976.028
920943.BJ,20251009,28.43,3.9877,2.3849,247610.6409,126359.3047
688331.SH,20251009,,24.7367,28.1307,5831654.4903,1678530.4036
920019.BJ,20251009,63.5616,5.0658,3.2115,465740.7405,123740.7535
300569.SZ,20251009,,1.3103,1.9014,678057.1411,675997.5362
603385.SH,20251009,25.4624,0.6546,0.7442,245909.5693,245909.5693
002812.SZ,20251009,,1.916,4.2468,4732330.4611,3950393.6795
000017.SZ,20251009,159.8903,13.1211,6.9188,474848.4188,208756.6409
600965.SH,20251009,70.5096,1.8482,3.6453,398707.3651,398707.3651
301577.SZ,20251009,86.3925,3.4581,6.3351,271257.708,113499.1177
301565.SZ,20251009,188.0344,4.3024,4.4774,1027225.68,328729.68
688559.SH,20251009,,4.2106,2.8182,1069328.0339,1069328.0339
600780.SH,20251009,11.5997,0.8308,0.5997,667264.4684,667264.4684
603344.SH,20251009,30.6317,2.8843,2.3309,593124.958,164740.458
601166.SH,20251009,5.3854,0.5676,1.9856,41627298.6421,41627298.6421
600629.SH,20251009,80.4741,5.1987,3.4934,2746058.405,2697321.2515
600343.SH,20251009,,6.9362,11.0102,965606.2045,965606.2045
920436.BJ,20251009,,4.4857,1.5752,171001.56,160851.3533
001296.SZ,20251009,27.8921,2.0019,3.179,347948.866,178756.2145
301052.SZ,20251009,139.685,8.4655,9.312,605631.1547,490799.0243
002294.SZ,20251009,103.7895,7.5671,15.7575,6461476.6369,6460023.0059
000014.SZ,20251009,,2.9928,47.8059,480219.7084,480219.7084
002055.SZ,20251009,,3.3611,1.0255,473315.6833,465094.1833
603586.SH,20251009,23.1016,1.6813,1.9991,385439.7655,385439.7655
301190.SZ,20251009,134.5423,3.2634,11.155,626738.58,465313.68
002156.SZ,20251009,87.433,4.5462,2.5953,6706260.7541,6705621.369
920190.BJ,20251009,106.3328,3.4042,0.9335,291000.0029,287144.3984
000062.SZ,20251009,111.6544,4.4953,1.3427,3037320.6711,3034468.7079
300556.SZ,20251009,,5.0914,4.364,248477.8237,218728.2233
600189.SH,20251009,573.2819,4.1474,3.9961,512081.6334,512081.6334
688136.SH,20251009,78.1486,4.6433,5.7965,781079.3873,781079.3873
601121.SH,20251009,60.5099,1.9009,4.402,587200.0,278920.0
600995.SH,20251009,31.3917,1.9186,6.3742,4183571.5987,4183571.5987
300233.SZ,20251009,64.5674,1.9332,2.378,707480.8638,685051.0489
688579.SH,20251009,74.9916,3.4548,8.5033,472411.81,472411.81
300701.SZ,20251009,71.5171,3.8604,8.3233,363597.363,320370.6644
300847.SZ,20251009,43.6737,3.652,4.3471,523641.69,523641.69
603737.SH,20251009,63.2833,11.9993,2.9025,3529718.7908,3529718.7908
601158.SH,20251009,27.2818,1.3271,3.1184,2256000.0,2256000.0
603897.SH,20251009,21.149,2.3416,0.4212,545403.0692,545403.0692
600539.SH,20251009,,7.4987,5.0031,241730.0,241730.0
001299.SZ,20251009,29.3162,2.489,3.9999,290923.6886,78450.6563
002406.SZ,20251009,47.261,1.4269,4.2109,566654.6636,467317.2088
300121.SZ,20251009,38.4329,1.9787,2.0006,693424.3863,668964.9521
003011.SZ,20251009,19.0684,1.4981,1.6265,209048.336,158988.7276
688334.SH,20251009,23.8683,2.2384,6.9153,625244.4454,309886.7786
000021.SZ,20251009,47.0255,3.8982,3.0977,4805282.5373,4804511.9748
688371.SH,20251009,179.8797,4.3396,16.8508,832977.8599,832977.8599
603360.SH,20251009,68.5507,11.7997,12.6441,1867961.5648,1867961.5648
002928.SZ,20251009,26.1824,3.5665,1.818,1289745.724,1289739.2916
688515.SH,20251009,,6.4162,21.0126,973680.0,606351.9174
000875.SZ,20251009,31.4943,1.3213,1.7135,2299689.5769,2119084.6857
600521.SH,20251009,40.3348,3.3834,3.5205,3145725.2166,3145725.2166
300215.SZ,20251009,,2.3163,8.3359,453951.0773,302921.46
001306.SZ,20251009,136.5961,4.7369,8.5685,645601.3632,159216.0
300884.SZ,20251009,,2.6447,4.9807,334337.3339,252086.8199
688488.SH,20251009,,6.1682,10.1891,610555.8544,610555.8544
002663.SZ,20251009,,1.5039,1.8434,356733.2227,267628.6686
600221.SH,20251009,,27.6569,1.0645,7087363.7357,5391118.9716
002572.SZ,20251009,10.7535,1.7692,1.1967,1210550.2851,818889.7703
002112.SZ,20251009,38.3774,4.5079,1.878,389135.6861,346731.2447
600187.SH,20251009,226.6187,1.4284,26.6604,455086.271,455086.271
002759.SZ,20251009,,3.474,4.8848,1087498.8702,1086543.3997
000716.SZ,20251009,62.0787,1.8221,1.9123,462642.5837,453749.2769
603685.SH,20251009,230.101,2.6423,2.4561,299653.1786,299653.1786
688526.SH,20251009,18.2247,2.0215,7.9659,819453.1224,819453.1224
000301.SZ,20251009,,1.9399,0.5189,6525283.6527,6522643.8501
920002.BJ,20251009,80.0118,7.0344,14.1699,492842.6464,345053.6406
002164.SZ,20251009,140.9338,5.5401,5.2038,778037.9333,701431.3687
301077.SZ,20251009,30.3027,4.3868,6.1774,490167.508,274950.3768
300248.SZ,20251009,63.8769,2.9984,6.5452,628303.5304,539620.1908
605298.SH,20251009,147.6325,7.5951,14.9989,771124.25,757996.46
603948.SH,20251009,21.1729,2.0509,1.8543,418734.5834,418734.5834
002796.SZ,20251009,182.2879,6.304,5.9557,541708.2304,484301.7325
600655.SH,20251009,,0.6382,0.5819,2238163.507,2236661.607
600307.SH,20251009,,1.5642,0.3272,1077297.4769,1077297.4769
601006.SH,20251009,16.1386,0.7302,1.5624,11765951.7861,11765951.7861
603828.SH,20251009,632.5841,3.8928,1.3279,293212.3977,293202.2955
603955.SH,20251009,11291.4578,2.9407,37.8357,452897.64,452897.64
002763.SZ,20251009,44.4158,1.5345,0.9631,286536.876,212215.8408
603711.SH,20251009,28.8541,1.6229,1.701,534671.9595,534671.9595
600982.SH,20251009,16.8098,1.1755,1.2642,506285.2507,506285.2507
300921.SZ,20251009,187.9413,5.1521,7.4738,420528.6503,262436.0413
920275.BJ,20251009,152.8002,6.6164,21.3065,152524.3632,126324.6603
300953.SZ,20251009,93.0318,7.6983,3.8587,3103343.1299,2231717.0431
600246.SH,20251009,,4.6455,54.8046,2448084.1564,2448084.1564
600739.SH,20251009,40.7215,0.6338,1.6937,1904488.7209,1904488.7209
300790.SZ,20251009,60.0427,4.9528,4.2613,1240204.422,1076126.9456
300054.SZ,20251009,56.7966,7.3366,9.8208,3486736.6428,2711790.6648
688049.SH,20251009,69.9585,5.7295,13.3879,1098476.3332,1098476.3332
301069.SZ,20251009,104.3429,6.1077,9.773,943918.7137,879560.7937
688130.SH,20251009,,2.3761,19.4383,297996.5467,148602.7567
688319.SH,20251009,180.9935,12.1048,16.7613,1120376.736,1118929.668
688395.SH,20251009,60.1837,2.8337,5.4801,218399.4498,218399.4498
600963.SH,20251009,21.9409,0.9769,0.8647,782117.695,782117.695
600599.SH,20251009,,11.6966,5.0025,128318.0,128318.0
688720.SH,20251009,126.5046,4.6562,8.7784,461994.9368,289791.6828
600284.SH,20251009,16.8741,1.1999,0.5958,945029.344,945029.344
002582.SZ,20251009,,1.3153,2.6509,408757.3045,314293.1313
001298.SZ,20251009,238.6576,6.6092,1.3542,1052580.4418,546384.8852
688510.SH,20251009,57.0886,5.9072,9.3871,688072.8851,688072.8851
301528.SZ,20251009,68.722,2.4399,19.3315,368800.2,189762.0438
301167.SZ,20251009,92.845,1.9786,5.4485,185696.0,117913.4716
001286.SZ,20251009,12.1678,1.3648,1.5188,3408750.0,954450.0
600203.SH,20251009,,4.8591,0.7597,810021.72,810021.72
000852.SZ,20251009,104.7764,1.9666,0.8135,620423.0302,613784.4721
002390.SZ,20251009,77.5888,1.0845,1.2468,727000.5986,721004.0195
300708.SZ,20251009,43.7741,3.5553,2.8916,873191.0839,660313.2562
301171.SZ,20251009,67.6863,4.566,5.1531,1647825.5803,1303868.9789
301662.SZ,20251009,56.3801,7.6043,5.8414,1115200.0,219921.9705
001309.SZ,20251009,,20.0417,7.0406,4721049.5478,3337226.6376
603416.SH,20251009,43.0365,3.6883,5.5127,985730.6448,875114.865
000550.SZ,20251009,13.3026,1.7206,0.4743,1828287.252,1098104.9729
300173.SZ,20251009,80.9097,4.5416,3.2262,443774.3216,443774.3216
002455.SZ,20251009,71.5086,2.4335,0.7451,434401.5476,379561.0306
600512.SH,20251009,155.2526,0.6264,1.0802,392077.5008,390501.6701
601877.SH,20251009,15.3354,1.6115,1.0608,6911084.2268,6911084.2268
600126.SH,20251009,,1.7088,0.5512,3296136.545,3296136.545
300151.SZ,20251009,86.3438,4.9968,7.3166,770540.2727,533322.2211
000726.SZ,20251009,9.1254,0.569,0.9009,548412.7038,395018.3415
002813.SZ,20251009,,11.5386,7.7081,314520.0,314142.7726
002274.SZ,20251009,74.3832,1.1077,0.8735,603799.1856,594596.3484
601228.SH,20251009,27.5684,1.1947,1.7667,2512328.9399,2512328.9399
601326.SH,20251009,12.4975,0.9685,2.8121,1927657.14,1641357.855
300587.SZ,20251009,,5.1216,6.7416,1204793.4436,976198.0102
688070.SH,20251009,,8.2726,9.1281,479763.24,479763.24
002997.SZ,20251009,19.5799,3.4876,2.7435,813631.9903,813631.9903
002170.SZ,20251009,15.1476,3.1537,2.5162,1083212.5998,878377.556
300075.SZ,20251009,,2.9124,20.5868,1021137.9798,847380.8545
000820.SZ,20251009,,10.6967,21.6189,162285.3499,74538.6861
000901.SZ,20251009,144.2851,3.2465,2.1496,1404036.2732,1404022.1572
300264.SZ,20251009,,127.5972,15.2629,251189.933,215960.0796
600601.SH,20251009,167.4269,10.3604,11.6051,4692569.6899,4578982.0291
603778.SH,20251009,,2.909,1.1018,226541.5314,221785.714
603927.SH,20251009,64.6199,5.7373,2.6324,1765128.96,1765128.96
920111.BJ,20251009,35.6066,4.9795,3.9183,432260.437,102771.361
603107.SH,20251009,31.0938,2.5694,2.4252,530290.62,342969.5249
000006.SZ,20251009,,2.7467,3.1092,1464744.6249,1464736.3247
600635.SH,20251009,42.9555,2.1433,3.1589,1907272.8001,1562539.4221
000797.SZ,20251009,,0.8358,0.8413,427245.147,427195.7116
002251.SZ,20251009,10.0315,1.8336,3.8834,1494917.0271,1196774.4982
605005.SH,20251009,30.4873,3.7258,4.2405,743855.0,743855.0
002842.SZ,20251009,,3.3682,2.0496,364470.0781,299067.235
301408.SZ,20251009,30.154,2.485,1.0435,508012.7,189447.5548
600390.SH,20251009,203.6817,0.6391,30.9676,2712333.4718,2712333.4718
688617.SH,20251009,58.9094,15.9324,19.5383,4452087.5673,4452087.5673
603369.SH,20251009,15.3184,3.0085,4.3518,4870000.9445,4870000.9445
300657.SZ,20251009,264.5376,13.411,2.5763,1631038.4553,1583912.1124
603409.SH,20251009,29.8848,3.1099,3.8826,449170.92,112293.4571
600992.SH,20251009,,2.4045,1.6466,340184.92,340184.92
603262.SH,20251009,67.8601,7.9736,11.2167,1209230.23,117300.3958
601020.SH,20251009,70.7963,6.4103,12.6629,2309840.5543,2309840.5543
603578.SH,20251009,,2.3191,1.7939,228692.7166,228692.7166
000838.SZ,20251009,,6.6113,7.7344,280617.8534,268710.293
603052.SH,20251009,105.8873,5.4176,6.8146,589621.6709,177170.4821
300748.SZ,20251009,113.455,7.6714,7.822,5404073.7386,4465033.099
001326.SZ,20251009,92.9621,3.1374,2.6038,382250.4,125867.584
001279.SZ,20251009,90.2094,6.1792,4.2521,612960.0,144137.4176
002126.SZ,20251009,41.4389,5.2391,2.4828,3405972.5107,3199507.999
301479.SZ,20251009,49.0214,7.2505,6.288,844281.0102,199306.2848
920735.BJ,20251009,22.2965,3.7151,4.5166,433834.531,383694.2402
600366.SH,20251009,102.8314,2.8401,3.3248,1690325.1364,1634958.6514
600350.SH,20251009,12.8143,1.4501,1.5416,4177069.1928,4177069.1928
688320.SH,20251009,,5.5945,8.647,723204.4561,530987.0173
688819.SH,20251009,26.2291,1.9712,0.727,3223483.6,3223483.6
688170.SH,20251009,,3.3548,5.6495,407961.92,407961.92
003012.SZ,20251009,24.2354,1.0887,1.2929,815671.7164,806879.7305
002941.SZ,20251009,25.3348,2.9509,1.7215,1273499.4864,1273499.4864
000063.SZ,20251009,30.8495,3.1946,1.8339,23908107.3652,20128745.6648
600918.SH,20251009,39.6769,1.3155,4.4788,4948989.228,2806980.8331
600520.SH,20251009,285.6893,11.7425,14.5434,450416.49,450416.49
600483.SH,20251009,9.6686,1.1111,1.9934,2844080.9694,2844080.9694
688480.SH,20251009,39.2811,4.2021,4.5211,449462.934,301034.734
920701.BJ,20251009,42.0229,3.2614,3.126,264247.2,192999.1442
301533.SZ,20251009,63.577,3.4874,4.4796,388901.3052,112495.5852
600528.SH,20251009,12.3638,0.7683,0.6585,1883875.7466,1883875.7466
600903.SH,20251009,,2.6126,1.1575,792356.2892,792356.2892
301298.SZ,20251009,34.4795,2.6466,3.8373,244128.4,179944.0702
605056.SH,20251009,28.7678,4.2987,1.7384,696248.9613,690124.4883
001337.SZ,20251009,40.4808,8.1367,18.6358,1280160.0,879213.888
300284.SZ,20251009,67.203,1.2899,2.4485,1088557.5412,1032117.7335
603677.SH,20251009,55.3855,3.1928,1.7591,367482.4504,367482.4504
002567.SZ,20251009,23.6514,1.1864,0.2648,687864.6686,687096.9552
601618.SH,20251009,15.0638,0.8287,0.1748,8579578.3364,7390984.3364
002203.SZ,20251009,37.9091,1.9067,0.3434,3018465.5674,2925193.0624
300398.SZ,20251009,42.9183,3.0407,4.9575,1472926.8771,1464882.9261
301020.SZ,20251009,38.4625,3.5492,5.9743,334231.2,334231.2
002331.SZ,20251009,509.2179,2.0618,2.9121,347152.3072,323009.7607
688318.SH,20251009,134.8381,11.5452,111.8889,4187809.4867,4187809.4867
603869.SH,20251009,285.9564,1.2465,7.1326,456563.7273,456563.7273
000807.SZ,20251009,16.1024,2.4462,1.2745,7504659.8244,7504581.1544
603135.SH,20251009,167.2557,2.3779,7.909,706341.7258,283481.329
600438.SH,20251009,,2.434,1.1521,10219508.4288,10219508.4288
603012.SH,20251009,19.5625,1.0223,1.232,385960.5,385960.5
002488.SZ,20251009,339.5578,3.1705,3.1193,1107923.6793,1024053.4909
002345.SZ,20251009,42.8912,3.4781,1.7626,1267019.1202,1236755.8466
300087.SZ,20251009,91.1412,4.6196,1.8348,868703.2157,821331.7458
688620.SH,20251009,,3.886,10.3165,536256.0,317811.7354
688683.SH,20251009,132.609,5.2017,7.7129,526829.069,526829.069
600283.SH,20251009,22.2693,1.7356,2.2281,525492.9294,509884.6561
600063.SH,20251009,26.1538,1.5303,1.5783,1297329.7435,1297329.7435
300562.SZ,20251009,45.0486,3.1322,3.0788,309956.349,229916.7335
300958.SZ,20251009,,1.578,3.2884,202346.9235,117544.8103
603888.SH,20251009,50.0688,3.7986,6.2505,1350151.0742,1350151.0742
300802.SZ,20251009,87.5458,4.2689,8.4486,620828.261,429058.5765
000401.SZ,20251009,,0.4893,0.5105,1318475.254,1305151.4044
600191.SH,20251009,167.9457,2.3101,7.792,379701.756,379701.756
300355.SZ,20251009,114.1464,1.597,3.0124,686615.6107,555744.714
920299.BJ,20251009,59.4693,5.9471,13.3387,163548.3359,81821.0785
300476.SZ,20251009,86.7573,22.4785,16.5201,24626309.946,24412605.9405
300416.SZ,20251009,37.5816,3.4953,4.3669,916911.6942,910773.6295
600250.SH,20251009,127.8482,5.4218,4.5069,332024.8567,332024.8567
605358.SH,20251009,,3.2841,6.9574,2295400.1078,2295400.1078
603682.SH,20251009,39.8537,2.8418,2.7209,266962.5,266962.5
605289.SH,20251009,,6.3337,9.2741,806873.515,801914.175
301518.SZ,20251009,69.0987,3.5592,1.814,511370.0882,195004.6717
688298.SH,20251009,,0.8132,6.464,525369.6,525369.6
603505.SH,20251009,75.1208,9.5666,4.8209,1619370.7962,1619370.7962
600573.SH,20251009,39.0051,2.158,4.3687,284250.0,284250.0
300249.SZ,20251009,,22.1884,5.0021,703018.8384,595986.3431
000059.SZ,20251009,,0.7833,0.2447,820514.0215,820514.0215
600830.SH,20251009,74.8461,2.0018,11.3354,442056.0328,442056.0328
688061.SH,20251009,,1.8356,7.4423,437958.3585,165051.0992
600868.SH,20251009,,2.6844,17.2736,520092.738,520092.738
605168.SH,20251009,48.3008,2.4766,1.6789,663651.8719,663651.8719
920971.BJ,20251009,160.1093,9.6635,15.1036,421718.152,343925.3444
002202.SZ,20251009,34.9873,1.8655,1.0551,6861509.8587,5449035.0987
600052.SH,20251009,,1.6328,7.0411,444890.6285,444890.6285
601577.SH,20251009,4.5197,0.5329,1.3891,3631463.0399,3630677.3134
301035.SZ,20251009,27.1709,3.2055,1.5826,2238586.9757,2235188.8831
600125.SH,20251009,17.2036,1.0865,0.7162,819867.7369,819867.7369
002535.SZ,20251009,64.9638,4.6853,1.8846,322276.5957,300028.071
002242.SZ,20251009,102.699,2.1854,0.847,715709.946,714479.9466
603217.SH,20251009,22.8989,1.4322,2.1581,474855.9032,474855.9032
600308.SH,20251009,,0.5933,0.4213,544556.3932,544556.3932
920015.BJ,20251009,33.5295,4.1221,5.6521,657906.6683,156252.8367
002462.SZ,20251009,40.0504,0.9109,0.1913,399347.0473,399023.0036
603659.SH,20251009,47.3873,3.4487,4.6308,6577972.755,6577972.755
300499.SZ,20251009,,7.1643,11.9161,984731.8675,875548.1297
688026.SH,20251009,30.886,2.4941,4.63,273427.5526,273340.2393
301181.SZ,20251009,31.1508,2.6904,7.0685,377472.3588,294622.0555
920679.BJ,20251009,103.5736,2.6209,11.9989,129013.5,60474.0675
300943.SZ,20251009,62.0123,3.4583,6.5887,337525.92,222467.5153
688179.SH,20251009,55.1179,4.4765,7.7261,440697.9137,440697.9137
300858.SZ,20251009,49.0657,2.5213,13.7655,451630.6323,332112.485
002605.SZ,20251009,22.5725,3.2534,4.1148,1152643.6393,930714.308
300887.SZ,20251009,,1.5415,3.2313,445321.5658,295552.9315
600076.SH,20251009,,0.9876,7.8379,381850.3162,381850.3162
300277.SZ,20251009,628.6745,10.5191,22.7551,512208.3,511630.8043
002204.SZ,20251009,23.5687,1.6702,0.8576,1263116.0009,1263116.0009
300366.SZ,20251009,,2.2145,2.8597,382165.3984,333686.0662
601390.SH,20251009,5.6514,0.463,0.1277,14374526.1819,11895892.4637
603225.SH,20251009,20.3065,1.4104,0.353,2446910.2839,2426393.5689
300551.SZ,20251009,,10.5299,20.4715,459424.8955,458087.4312
000890.SZ,20251009,,866.8681,7.72,189615.7935,189609.9528
920433.BJ,20251009,,3.8578,9.6841,170186.5879,112621.3556
003015.SZ,20251009,60.2178,4.6175,7.9552,481748.2672,424046.5001
301082.SZ,20251009,,4.5472,2.0664,460765.4783,425995.3564
603307.SH,20251009,23.1444,1.9732,3.0492,271168.615,67915.0
920729.BJ,20251009,57.6539,3.9343,9.4125,255582.25,71831.4133
688028.SH,20251009,86.4675,4.001,10.9742,765764.277,765764.277
002319.SZ,20251009,,13.8322,6.1841,247387.0343,236200.0
603032.SH,20251009,,4.6835,10.8492,524707.486,520546.8509
600549.SH,20251009,30.3838,3.201,1.3746,5115201.5314,5006768.8396
600917.SH,20251009,26.3646,1.5715,0.8603,896036.8222,896036.8222
000683.SZ,20251009,17.7248,1.6766,1.9683,2383711.7375,2127132.5542
600874.SH,20251009,10.9244,0.9499,1.9584,937539.5967,734559.5967
688372.SH,20251009,60.0818,4.8204,10.2442,1312490.3775,909909.7868
300825.SZ,20251009,,2.5408,5.0662,557805.3387,542539.424
603280.SH,20251009,47.7318,2.8562,4.2355,382350.3145,98550.2595
600481.SH,20251009,,2.9021,1.1085,1157989.0146,1157989.0146
002845.SZ,20251009,,2.0224,0.478,478880.5927,365844.0832
002615.SZ,20251009,14.9851,2.1513,1.064,373480.4533,244994.4263
301030.SZ,20251009,,3.277,2.8948,309444.1116,309019.6306
920223.BJ,20251009,,10.999,8.0367,282798.43,146687.5825
002056.SZ,20251009,15.2874,3.437,1.6129,3375427.5536,3371940.5887
600188.SH,20251009,11.905,2.3676,1.086,13701160.9426,8086138.6297
002459.SZ,20251009,,1.8289,0.7838,4441592.6455,4435876.8809
688188.SH,20251009,43.5257,7.8287,22.9644,4490327.8247,4490327.8247
600416.SH,20251009,88.7865,2.4901,4.9918,2402573.7212,2157761.6925
300897.SZ,20251009,71.2529,4.482,7.704,437485.7885,272749.9882
300119.SZ,20251009,24.7492,2.1598,2.6785,985279.9767,710119.4845
603937.SH,20251009,,1.6823,1.4728,257967.9424,257967.9424
600580.SH,20251009,83.8035,7.5087,4.8187,7854326.8453,7854326.8453
600682.SH,20251009,42.3622,0.5552,1.4713,979984.2569,848163.8802
603298.SH,20251009,17.3064,3.4088,2.1456,3697599.4143,3697599.4143
300745.SZ,20251009,,1.7189,1.5798,385513.0993,325126.6246
603936.SH,20251009,,1.9188,2.4224,837798.9473,837798.9473
002090.SZ,20251009,59.8234,2.9893,2.6255,451450.359,446311.736
920422.BJ,20251009,88.817,2.9587,2.4906,123433.3805,92380.6805
920640.BJ,20251009,100.1487,6.1016,6.907,547414.848,526636.1173
688615.SH,20251009,56.2467,8.6762,14.6586,2335200.0,1612459.6699
603418.SH,20251009,26.1922,2.9383,2.8121,1254751.8176,262705.2426
301678.SZ,20251009,115.2928,10.7167,22.2248,2005079.2588,380941.91
002536.SZ,20251009,40.0765,4.2267,3.1602,1427768.1458,1352332.3248
688273.SH,20251009,44.825,3.1173,9.5202,416400.0,153346.7536
301001.SZ,20251009,194.4303,3.1793,6.6078,249120.0,156634.2
601226.SH,20251009,62.9094,1.9398,0.9844,833491.4445,830989.9455
688265.SH,20251009,114.709,2.2922,9.6911,387790.5137,387790.5137
300112.SZ,20251009,,2.559,2.4072,254528.109,208413.3583
002104.SZ,20251009,226.6783,7.0666,17.5575,1513680.1691,1281516.1685
002415.SZ,20251009,24.9125,4.0924,3.3636,31316366.0864,30911663.618
300016.SZ,20251009,201.0479,2.3415,4.4255,484070.9202,483418.6317
301165.SZ,20251009,83.8194,15.5076,5.4964,7312613.6322,877513.6322
000850.SZ,20251009,11.9508,0.9617,1.3252,434085.9041,433962.5643
300241.SZ,20251009,105.1147,1.8607,2.4509,411587.6285,344623.8482
688378.SH,20251009,242.3287,3.7377,13.165,620954.6292,600232.7824
603193.SH,20251009,36.8614,5.4158,7.7187,1134075.0591,289651.6881
920000.BJ,20251009,28.7524,3.1322,4.286,196286.88,103423.7883
301383.SZ,20251009,51.7799,3.1288,2.9151,631704.0108,273206.127
300221.SZ,20251009,55.2077,2.9552,1.8067,403165.2369,388475.4085
002426.SZ,20251009,,5.0427,3.7172,1231750.5816,1231741.1605
603919.SH,20251009,25.5409,2.9633,3.3032,999809.4541,999809.4541
002516.SZ,20251009,55.7718,2.5775,4.3334,939865.9178,933543.0128
002335.SZ,20251009,110.1106,5.8981,4.7268,3667686.3158,3235450.5347
301539.SZ,20251009,46.6348,3.5282,2.6594,281792.0,142917.6653
603811.SH,20251009,17.4261,3.212,5.3196,412403.4432,412403.4432
301268.SZ,20251009,,5.5788,3.1899,950141.7345,428070.9374
002586.SZ,20251009,,1.4752,1.7767,434805.0113,340829.9036
603519.SH,20251009,20.4591,2.8407,1.9065,325985.2749,325985.2749
300925.SZ,20251009,99.9515,5.3213,2.5229,1147653.8458,935734.9445
300153.SZ,20251009,303.7368,14.0029,8.311,1254080.0,1247535.7324
688035.SH,20251009,80.3527,3.8214,6.3011,878189.76,878189.76
301025.SZ,20251009,411.613,6.1875,10.2079,382695.7864,264956.1074
002083.SZ,20251009,12.8233,1.0555,0.9061,477106.062,476948.058
301311.SZ,20251009,493.3145,2.5484,2.0769,460320.0,167330.8599
600335.SH,20251009,25.3131,0.7887,0.227,903456.37,903456.37
301293.SZ,20251009,115.8572,5.3565,8.0652,1252400.881,978549.8074
300537.SZ,20251009,,5.9381,10.9107,535933.0177,371182.5466
300658.SZ,20251009,122.5988,2.3347,1.8656,310136.1459,210179.061
002733.SZ,20251009,74.0731,3.1271,2.3889,854493.9665,820350.776
688071.SH,20251009,,3.4154,7.2021,369513.6172,369513.6172
601665.SH,20251009,6.551,0.739,2.736,3519997.9243,3519997.9243
300523.SZ,20251009,,4.9412,3.6446,555073.4043,554407.2856
603197.SH,20251009,32.3263,2.8671,1.1991,934172.3776,934172.3776
000977.SZ,20251009,44.8478,5.4745,0.7314,11182338.3867,11169844.0985
300795.SZ,20251009,32.813,7.8947,5.8265,426521.5525,247249.4404
600196.SH,20251009,24.5409,1.7117,1.9862,7968561.1058,6321570.6538
002329.SZ,20251009,,3.1355,1.5387,293838.6067,229587.2902
600757.SH,20251009,9.5679,1.0816,1.4914,1051021.1364,1050888.4912
301598.SZ,20251009,35.7961,4.2386,7.1781,389487.3357,97371.8356
002949.SZ,20251009,30.1651,2.1654,2.4427,304846.4654,236175.2162
601816.SH,20251009,19.797,1.2458,5.9556,25196724.8756,25196724.8756
688329.SH,20251009,,2.0598,5.0151,157333.6,157333.6
603050.SH,20251009,37.6858,4.1807,1.6533,741300.6767,741300.6767
603311.SH,20251009,29.6605,1.9524,3.1209,265841.1632,265841.1632
603355.SH,20251009,12.2776,2.4676,1.3231,1296069.1392,1295873.7622
000615.SZ,20251009,,,2.4338,252546.287,252387.595
002420.SZ,20251009,56.8607,5.4907,1.1616,333967.48,324442.1922
300154.SZ,20251009,26.5134,2.1763,4.0332,379424.5896,265932.7114
300719.SZ,20251009,,4.0088,6.2682,410576.8473,290086.5132
301308.SZ,20251009,,11.5801,4.1913,7804484.8715,5109288.8608
688549.SH,20251009,,5.0623,13.6374,1534889.764,612302.441
000651.SZ,20251009,6.9679,1.8208,1.2115,22618476.3822,22270198.1392
300931.SZ,20251009,,3.9403,5.7309,242307.314,186640.2169
002809.SZ,20251009,87.4165,1.5652,3.5315,245879.5428,161641.674
688103.SH,20251009,141.6706,6.4774,7.0643,726018.4377,726018.4377
600826.SH,20251009,26.6714,1.7825,4.6736,750979.7535,750979.7535
002182.SZ,20251009,153.206,2.9759,1.7203,1592817.2341,1390013.0124
001209.SZ,20251009,83.8262,1.9002,1.3234,243053.9866,177582.8873
601200.SH,20251009,18.1905,0.9512,1.6952,1086407.8126,1086407.8126
300866.SZ,20251009,27.6288,7.464,2.3834,6656396.6661,3749003.0013
000729.SZ,20251009,24.315,2.242,2.243,3404795.5239,3031604.8537
000538.SZ,20251009,19.6996,2.6513,2.5054,10230961.7656,10165201.4497
002134.SZ,20251009,250.3084,10.0017,3.922,498091.63,497782.6407
300727.SZ,20251009,63.0288,5.6196,5.2257,707957.9014,636743.3299
000993.SZ,20251009,24.4684,1.772,7.4387,457493.5035,439307.8244
600315.SH,20251009,,2.4208,2.8911,1687287.2098,1687287.2098
301026.SZ,20251009,39.4808,3.1737,2.1487,489066.6198,344784.2579
000810.SZ,20251009,126.4868,2.4378,1.8599,1550286.7963,1508212.6917
301078.SZ,20251009,55.4352,3.1503,1.3939,1355961.899,1348270.4083
000066.SZ,20251009,,5.0214,3.8861,5632245.2076,5631879.8571
300930.SZ,20251009,63.2543,3.5276,5.446,317000.0,149386.2532
605060.SH,20251009,34.0073,2.8769,6.1078,676304.112,671661.4644
300903.SZ,20251009,,3.1294,1.5289,557349.3032,441269.0594
002042.SZ,20251009,,1.5599,0.8776,894558.3927,894558.3927
002650.SZ,20251009,,4.0705,6.199,771840.134,771815.009
300289.SZ,20251009,,2.4479,11.8541,405832.5693,405194.7393
600566.SH,20251009,11.8347,1.7188,3.3715,2269428.5269,2261339.1364
601886.SH,20251009,12.8422,1.1432,0.3785,825958.5017,825958.5017
001234.SZ,20251009,61.566,3.2168,3.4967,291368.6831,243719.0915
600529.SH,20251009,16.9588,1.7832,2.8959,1422788.6583,1422788.6583
300729.SZ,20251009,16.7386,1.4075,0.7984,510027.1848,478219.8201
601388.SH,20251009,,1.4745,0.9088,666970.4526,666970.4526
600449.SH,20251009,21.5578,0.8712,0.9191,635024.4238,635024.4238
920526.BJ,20251009,140.768,10.5898,20.0203,234289.1,148357.0878
301365.SZ,20251009,66.3628,1.9246,5.8569,337680.0,86952.6
688456.SH,20251009,81.3146,4.3451,1.5252,534678.28,534678.28
300796.SZ,20251009,,2.0742,2.4878,357892.5862,357892.5862
688506.SH,20251009,,23.173,342.9792,15131825.3931,3770959.548
605007.SH,20251009,22.0109,1.637,0.6623,552727.8893,465396.2507
601678.SH,20251009,39.9382,0.7901,0.6917,900894.2889,889068.2889
002235.SZ,20251009,231.7149,5.6493,11.7269,424826.4842,405772.8954
002688.SZ,20251009,35.5133,2.2516,1.9383,522396.4874,506032.8687
300506.SZ,20251009,,175.2396,35.67,272673.855,256191.3997
688129.SH,20251009,29.8348,3.106,4.3943,276860.2824,276860.2824
300018.SZ,20251009,45.2336,3.4963,7.8842,464466.108,429991.8242
001221.SZ,20251009,41.3381,9.8291,7.9418,2479261.98,216462.9559
601858.SH,20251009,32.2281,2.9,5.2107,1556494.5,1556494.5
001313.SZ,20251009,,1.9815,0.7984,496300.0,495680.2284
000702.SZ,20251009,,6.9359,2.0779,245410.4632,188777.2798
001387.SZ,20251009,25.1016,1.9961,1.2894,246186.648,153209.3979
301007.SZ,20251009,141.368,10.9423,11.171,734958.62,733297.8455
300622.SZ,20251009,70.3673,9.2489,5.8598,754880.8321,516074.6337
002829.SZ,20251009,,2.9824,11.5015,496664.4517,349056.9762
300229.SZ,20251009,,4.8896,31.7333,1982245.8947,1980905.5987
920455.BJ,20251009,68.9072,5.181,11.808,171949.05,89906.8006
300360.SZ,20251009,12.1529,1.9858,4.2775,811901.472,789936.8098
601789.SH,20251009,20.8682,1.3649,0.3044,615128.0019,615128.0019
300115.SZ,20251009,86.9904,6.9007,3.1341,5604543.911,5588385.3864
300859.SZ,20251009,93.315,8.8324,20.3399,637980.0,637980.0
688551.SH,20251009,93.8872,2.7819,7.992,358645.6446,358645.6446
688380.SH,20251009,90.9632,5.5028,16.6161,1639895.04,692490.24
688722.SH,20251009,28.7946,3.1054,4.9074,430686.0639,429609.6684
601336.SH,20251009,6.4339,2.4957,1.3106,19266319.8016,12879673.3638
601615.SH,20251009,132.8824,1.4973,1.2076,3925146.308,3925146.308
000727.SZ,20251009,,5.1569,0.2368,1263749.1874,1263749.1874
600114.SH,20251009,44.3554,6.7899,3.6318,2077251.6393,2027901.6393
002285.SZ,20251009,,1.6541,2.0699,468314.8239,464307.4131
002882.SZ,20251009,115.3043,6.8402,3.3758,1421210.7,810038.0635
600611.SH,20251009,82.6634,1.4332,6.443,1451571.4385,959876.2475
002506.SZ,20251009,,7.6346,0.9688,1532782.9039,1531240.9946
300012.SZ,20251009,24.1526,3.1852,3.6763,2298743.3403,1955797.3938
601601.SH,20251009,7.0328,1.236,0.8185,33555750.995,23875504.595
002539.SZ,20251009,15.0816,1.4266,0.6255,1299510.7679,948173.5726
300261.SZ,20251009,,3.4179,5.3883,686839.6528,667491.5372
920982.BJ,20251009,38.5248,19.0668,18.4792,3138982.4752,1670037.2154
001332.SZ,20251009,31.2049,3.1855,5.2832,787462.23,336750.75
002886.SZ,20251009,152.1432,3.4118,3.0605,610895.4744,485270.4186
300437.SZ,20251009,,1.585,2.3596,222637.0075,155064.9466
603356.SH,20251009,,4.4046,1.7817,179342.3,179342.3
002869.SZ,20251009,108.1714,2.5819,9.7274,555726.8754,493688.4144
601518.SH,20251009,9.8711,0.9467,3.4537,516121.0151,516121.0151
300308.SZ,20251009,65.0872,19.4196,15.9096,44312510.2783,44088464.7226
300425.SZ,20251009,49.44,1.4682,2.1555,346570.2253,344967.7261
603182.SH,20251009,20.3877,2.1611,1.6696,231686.4,231686.4
300003.SZ,20251009,135.6797,2.1363,5.3619,3264742.0605,2805548.0793
002252.SZ,20251009,22.7027,1.3887,5.714,4500553.7195,4498183.9569
300946.SZ,20251009,126.6447,7.8405,15.6337,946967.346,460132.101
000812.SZ,20251009,927.8656,1.9314,2.4623,349755.1394,349513.2414
002612.SZ,20251009,19.9956,2.6516,1.3105,758793.8181,436877.7743
301548.SZ,20251009,37.6422,3.0309,8.274,446745.0,134716.6326
920953.BJ,20251009,65.5722,8.0763,15.675,444178.1373,207623.9057
300047.SZ,20251009,379.9443,3.1699,1.1826,1043988.0281,894852.53
002802.SZ,20251009,43.3276,3.678,5.2423,231888.1313,231431.337
300942.SZ,20251009,209.5162,5.3096,19.1532,440309.3323,440309.3323
000157.SZ,20251009,17.3961,1.2168,1.5183,6953422.3297,5684615.5599
300305.SZ,20251009,,1.1042,2.4028,230495.7793,197385.1539
601096.SH,20251009,35.213,2.5637,1.1639,1152991.8429,708122.8892
688501.SH,20251009,19.9292,3.3613,1.7795,353422.97,353422.97
688141.SH,20251009,,14.3737,12.4627,2636592.0,1557282.6744
300203.SZ,20251009,72.086,2.7011,2.2838,798752.928,798095.9745
603825.SH,20251009,,10.85,1.953,240669.7244,240669.7244
600668.SH,20251009,7.1556,0.8478,1.7226,485158.198,485158.198
603848.SH,20251009,40.8916,3.1932,5.1369,781473.4444,781473.4444
300290.SZ,20251009,,21.1297,22.1399,1650510.028,1650019.5055
300778.SZ,20251009,,2.0886,17.24,263128.2575,263076.3759
600027.SH,20251009,9.4774,1.2582,0.5051,6049734.3499,4433880.6447
300353.SZ,20251009,390.4038,8.0654,16.7883,1677427.7794,1465642.612
603755.SH,20251009,44.022,4.3056,7.3588,309745.572,309745.572
301023.SZ,20251009,36.2501,3.8952,11.0879,322288.3391,171478.6707
600959.SH,20251009,43.4034,0.8024,2.2277,1815260.52,1815260.52
002163.SZ,20251009,,9.4106,2.2305,806089.8051,766585.6268
002065.SZ,20251009,77.7288,2.9183,2.6693,3529236.0949,3201621.7355
688041.SH,20251009,268.2776,28.9627,56.2819,61141713.4838,61141713.4838
603016.SH,20251009,62.7523,5.2039,6.7533,422107.84,422107.84
920856.BJ,20251009,39.9684,3.8116,2.8189,178362.4275,99572.6475
002926.SZ,20251009,22.258,1.1189,5.8348,2672250.0,2672250.0
000776.SZ,20251009,15.0184,1.4184,5.7231,17637955.74,13691490.3522
600265.SH,20251009,,31.0039,8.7143,301525.4,301525.4
600702.SH,20251009,99.7913,2.814,4.1313,1977918.7768,1977086.6168
002201.SZ,20251009,92.4165,4.5504,3.2791,515444.2666,476200.5252
603722.SH,20251009,,4.6086,10.1092,442867.5884,433712.9484
301398.SZ,20251009,76.4531,5.1554,13.9737,571200.0,170646.0
600824.SH,20251009,265.3016,1.8577,6.3565,449015.5331,449015.5331
600011.SH,20251009,9.5685,1.9793,0.4786,11428211.9654,8006332.821
301208.SZ,20251009,72.5777,3.2967,4.9114,503040.2515,210138.9235
600305.SH,20251009,61.2036,2.6543,3.8112,882964.2793,880184.6059
600292.SH,20251009,,1.8825,2.1329,972897.8449,972897.8449
920781.BJ,20251009,1181.9221,4.2812,4.5126,171414.8629,113209.1931
600406.SH,20251009,23.9128,3.9476,3.0512,18779022.3495,18695407.2842
000055.SZ,20251009,101.6796,0.7563,1.1847,460692.0434,289940.6062
000997.SZ,20251009,27.3006,4.4794,3.7918,2934944.6598,2918551.8868
000049.SZ,20251009,27.9021,1.7193,0.5183,1124298.4349,1123995.4016
301213.SZ,20251009,,5.3942,27.185,423599.9947,273810.0045
002440.SZ,20251009,31.4237,0.8681,1.4225,812651.9313,684217.3177
920892.BJ,20251009,27.4919,7.3479,4.8452,277672.7054,238338.5038
605196.SH,20251009,48.7175,3.9806,1.8956,1277506.9525,1261001.9525
002534.SZ,20251009,60.6389,2.9122,2.3835,1487964.6151,1468040.2776
600881.SH,20251009,,3.3276,0.8519,623805.1407,623805.1407
688231.SH,20251009,69.1249,1.832,3.3663,506304.0003,259346.4109
003037.SZ,20251009,53.1594,1.7114,0.734,477462.5184,477462.5184
688386.SH,20251009,66.1415,9.4892,12.809,733642.0,733642.0
603111.SH,20251009,17.7438,1.8197,1.608,703417.0284,690095.0491
002984.SZ,20251009,11.198,1.473,2.3401,1993868.6229,1373358.346
600372.SH,20251009,78.7239,1.6162,2.6018,6135720.9268,6135720.9268
301098.SZ,20251009,516.091,1.2467,1.9375,161494.894,131426.6865
603120.SH,20251009,40.0439,3.1873,6.0461,371634.4,91033.2522
301469.SZ,20251009,38.3503,1.7873,2.3857,243475.08,125325.6819
688012.SH,20251009,110.7039,9.6608,18.889,19980922.8917,19980922.8917
600971.SH,20251009,44.8692,0.6937,1.5153,826803.3651,826803.3651
300992.SZ,20251009,348.3952,2.8454,3.1441,246924.2597,200707.0047
002192.SZ,20251009,79.9006,3.1645,17.5198,1076011.1612,1073794.2248
688373.SH,20251009,,19.1425,43.9458,599879.0243,480824.728
300736.SZ,20251009,,19.7999,3.7518,169936.5875,166134.3914
688212.SH,20251009,,5.4193,10.4143,683560.809,683560.809
002022.SZ,20251009,,1.0199,1.9863,326592.2215,326545.7871
300236.SZ,20251009,76.5944,4.1463,11.1968,1915700.5104,1703857.9493
300909.SZ,20251009,66.5374,2.984,3.8944,593816.2369,422104.4498
600622.SH,20251009,,1.3643,2.4487,425910.6542,425910.6542
603588.SH,20251009,21.1142,1.2698,0.8791,1200308.7521,1200308.7521
002432.SZ,20251009,9.1943,0.8391,9.1054,1827036.5247,1722631.622
688050.SH,20251009,36.2172,5.1115,9.436,1425768.2061,1399276.0763
300592.SZ,20251009,61.0716,1.8904,0.4401,441967.0856,383675.9802
600684.SH,20251009,123.6107,10.6428,3.116,510369.5124,510369.5124
920378.BJ,20251009,86.7402,4.4877,4.6135,168745.71,120849.7564
002815.SZ,20251009,75.4052,2.152,2.6623,1832707.0136,1169598.7311
688068.SH,20251009,,5.1226,32.2924,1504835.2821,1504835.2821
002862.SZ,20251009,288.026,6.9844,6.8665,323400.0,243027.2383
300408.SZ,20251009,38.5687,4.5678,11.4426,9264348.2914,9038651.9542
600819.SH,20251009,47.5096,1.8963,1.2078,664725.3251,531412.8236
300580.SZ,20251009,49.3058,4.577,10.5157,1447072.3137,1361122.0453
603086.SH,20251009,39.0307,1.9471,1.5957,410028.7938,410028.7938
300103.SZ,20251009,,4.5329,13.668,224861.508,224677.1519
603982.SH,20251009,,1.4881,1.2796,319519.8887,319519.8887
603022.SH,20251009,39.6236,2.4938,2.2224,200800.0,200800.0
300009.SZ,20251009,26.1819,4.3346,6.804,1721024.3745,1257129.514
603079.SH,20251009,62.9291,2.0465,3.7844,319271.0349,289138.1501
300681.SZ,20251009,109.7337,3.702,2.9031,805658.6328,563467.2714
002560.SZ,20251009,77.6315,1.5056,0.5467,392726.7118,338343.1935
300299.SZ,20251009,,10.3825,12.4338,445933.8549,445238.1129
002879.SZ,20251009,56.1206,1.9909,2.3671,342766.061,244744.1089
920267.BJ,20251009,86.6037,5.0666,2.345,134554.0772,78030.1397
920057.BJ,20251009,,1.8167,1.0658,129784.5207,82616.0746
300399.SZ,20251009,200.3648,10.722,10.9404,552687.2,552633.2878
688201.SH,20251009,,3.7638,9.5083,487782.569,465292.2981
603387.SH,20251009,21.7192,1.5282,3.8043,403187.046,403187.046
300767.SZ,20251009,,4.1633,14.875,675255.2724,586296.0407
300758.SZ,20251009,49.8502,3.1057,3.4588,549370.2204,495612.9556
000528.SZ,20251009,14.2662,1.2488,0.6975,2244713.5894,2243897.7822
300133.SZ,20251009,52.7146,2.1076,6.4593,1525367.2215,1303705.4313
300956.SZ,20251009,341.8536,2.8549,1.8274,391216.6306,382181.5511
600348.SH,20251009,16.1952,1.0143,1.1481,2766952.5,2766952.5
002471.SZ,20251009,1347.2293,4.0971,1.2585,722705.28,689038.2909
300193.SZ,20251009,19.0557,1.9363,3.5749,435768.5716,383984.9399
300783.SZ,20251009,37.6978,3.2843,0.8769,966800.1933,674580.7653
300700.SZ,20251009,,5.5973,13.8077,500998.2191,341078.8495
600873.SH,20251009,10.008,2.0962,1.2292,3036993.707,3036993.707
002932.SZ,20251009,201.3005,0.7904,13.1291,439929.6506,295313.1246
002597.SZ,20251009,18.464,1.5829,2.2826,1188925.1848,1185784.9673
920751.BJ,20251009,45.2994,5.3479,9.0554,202718.08,194044.804
601869.SH,20251009,125.0428,6.4546,5.6114,7425954.2482,3981302.8006
600777.SH,20251009,14.1446,1.1021,3.2314,2577387.9177,2412771.7562
600759.SH,20251009,22.3779,1.1011,4.2156,958421.1437,957191.4152
603059.SH,20251009,,3.3306,2.4604,343434.1053,343434.1053
600096.SH,20251009,9.9113,2.3407,0.9547,5206461.5277,5206461.5277
601811.SH,20251009,10.826,1.2059,1.5121,1824850.839,1171225.8681
600355.SH,20251009,,15.3264,10.8559,171739.1308,171739.1308
300534.SZ,20251009,90.6999,4.238,2.9766,293031.27,291781.7374
300525.SZ,20251009,35.8507,4.2827,5.0205,1069834.722,877415.876
300763.SZ,20251009,41.4576,4.4127,5.5885,3901515.681,3150789.229
000088.SZ,20251009,16.8286,1.3062,29.8428,2313770.089,1407488.0383
300548.SZ,20251009,135.4549,17.3802,13.977,3068278.0881,2833315.1381
001336.SZ,20251009,79.6982,2.3231,5.6087,182528.2185,105790.3564
002072.SZ,20251009,,88.2959,4.907,273921.6,220994.714
000155.SZ,20251009,50.4811,1.9041,7.3634,2016015.8295,2016015.8295
600327.SH,20251009,,1.2372,1.1835,419385.4915,419385.4915
600859.SH,20251009,277.1452,0.8012,1.4656,1567884.3365,1567740.1493
601718.SH,20251009,,1.2478,1.9761,1559028.4384,1559028.4384
002311.SZ,20251009,20.8902,4.3546,0.8653,10481624.811,10473884.2089
688001.SH,20251009,,4.052,7.2587,1379335.1798,1379335.1798
600266.SH,20251009,,0.579,0.3531,1118825.7503,1118825.7503
688750.SH,20251009,91.504,4.1788,14.2527,1021662.5,183899.25
603655.SH,20251009,103.9281,6.7477,14.6206,365488.0,365488.0
603267.SH,20251009,62.566,3.1068,8.1105,1360373.2112,1360373.2112
603008.SH,20251009,18.2492,1.718,0.7372,648165.3826,648165.3826
920118.BJ,20251009,29.2963,2.4337,0.8494,135128.88,82042.4205
301359.SZ,20251009,53.8947,2.9053,7.5055,242755.52,72445.0113
603153.SH,20251009,26.0858,2.1361,1.7006,754554.2961,248535.0
002555.SZ,20251009,17.0055,3.8095,2.8609,4776221.1533,3452170.3856
300830.SZ,20251009,341.4467,4.0388,11.7236,497478.2953,366999.0397
002811.SZ,20251009,29.7781,2.7313,2.8566,372335.736,342283.345
301499.SZ,20251009,77.7031,2.894,4.1085,366928.4144,91732.1049
002667.SZ,20251009,,7.7553,8.3422,284301.183,277103.3618
002523.SZ,20251009,80.1101,2.3305,2.9048,569489.6016,567440.1586
600272.SH,20251009,211.4052,4.3049,2.9091,333830.6221,203360.0
600969.SH,20251009,,0.7382,0.6173,266436.3485,266436.3485
300439.SZ,20251009,28.9998,1.3396,2.5855,395464.0606,300809.6805
600022.SH,20251009,,0.8964,0.228,1679719.38,1679719.38
688146.SH,20251009,77.2577,4.1888,11.4251,2347941.1778,642945.6843
688698.SH,20251009,77.5131,8.9035,11.0388,1950022.1337,1950022.1337
603363.SH,20251009,8.5819,3.9953,1.5752,1270245.3711,779805.3711
300007.SZ,20251009,241.8895,7.0231,8.8854,2035401.9677,1760961.9624
600228.SH,20251009,,5.7001,7.9103,231858.8816,231316.6704
605598.SH,20251009,71.1926,3.3169,4.1137,609505.344,605597.888
001201.SZ,20251009,85.1434,1.1988,2.0524,406267.5856,320140.21
600376.SH,20251009,,2.5948,0.6098,2040436.1064,2040436.1064
600463.SH,20251009,,3.5842,5.7592,333600.0,333600.0
002249.SZ,20251009,27.6696,3.0278,2.2951,2882057.9388,2159209.0205
300898.SZ,20251009,33.5412,3.4055,4.2764,323516.0,299342.8036
688726.SH,20251009,25.2245,5.1256,3.1278,1954482.8834,175093.8119
300690.SZ,20251009,41.7613,4.4098,6.1315,677765.219,454092.8725
300851.SZ,20251009,63.9345,1.7864,7.378,227417.7744,141551.8254
601061.SH,20251009,19.6557,2.2521,0.3913,5071500.0,518694.2316
301206.SZ,20251009,52.8334,1.3563,8.928,583911.9702,375997.0901
688085.SH,20251009,141.7421,3.2016,13.3852,657588.0461,618781.4663
603726.SH,20251009,29.5225,3.7639,2.5087,492718.2848,490210.2548
920799.BJ,20251009,136.7179,28.306,21.1189,1130504.6895,650476.9331
603066.SH,20251009,95.103,2.2935,2.5029,329481.6829,329481.6829
301302.SZ,20251009,,2.1991,14.123,357554.31,318843.06
300397.SZ,20251009,,4.4084,17.3523,645493.021,505665.2438
603297.SH,20251009,56.4641,6.3066,13.5663,1226959.902,1224663.846
600133.SH,20251009,21.9332,1.2416,2.9952,1085432.1928,1085432.1928
300011.SZ,20251009,531.5673,3.4049,2.8612,455858.7158,413920.8993
300872.SZ,20251009,296.6224,3.0646,6.0461,1109011.1006,958878.7265
301110.SZ,20251009,97.0494,5.0997,5.7108,729270.9594,515154.0406
301036.SZ,20251009,33.8204,2.0192,2.2161,333800.0,235107.4736
001219.SZ,20251009,26.2807,2.5969,4.9705,268492.6238,261578.0843
603950.SH,20251009,39.0298,4.1906,5.3552,1167195.0108,1165308.0868
301088.SZ,20251009,31.9515,1.2502,4.8822,312906.7,257918.05
688097.SH,20251009,33.5195,3.4189,3.1203,1559247.3476,1553525.5986
000951.SZ,20251009,13.4553,1.3257,0.4409,2058371.1187,2058371.1187
300529.SZ,20251009,26.9436,5.8971,7.6478,1771306.5,1134697.7059
920098.BJ,20251009,29.1866,2.8065,5.0639,249572.2125,133617.2903
003005.SZ,20251009,139.765,2.8913,11.4898,523863.9964,287478.6584
688525.SH,20251009,,11.5445,6.9511,4981644.4049,3445001.6595
603716.SH,20251009,,5.2694,3.8399,544680.9256,544680.9256
300549.SZ,20251009,181.2795,4.6899,7.1801,256812.84,194631.3041
600608.SH,20251009,,33.7889,141.2729,127927.1005,123846.4905
688102.SH,20251009,100.3386,11.2914,9.0332,1334939.5792,1334939.5792
300081.SZ,20251009,,2.6247,7.4058,292720.9818,292676.6595
603051.SH,20251009,1834.2123,2.2782,2.1475,364452.6822,364452.6822
000966.SZ,20251009,42.4888,1.1381,0.9581,1538617.4771,1441593.0864
600101.SH,20251009,26.3669,1.743,1.7271,522660.7973,522660.7973
605296.SH,20251009,16.7848,3.1162,2.7094,1595200.3951,1595200.3951
002144.SZ,20251009,82.7283,1.0415,3.6816,219539.0598,170954.1908
300485.SZ,20251009,64.6167,1.5958,13.636,543319.6992,308865.7813
688181.SH,20251009,89.7533,2.5205,6.6698,518426.3598,518426.3598
301609.SZ,20251009,61.7133,6.9836,12.0373,833456.96,177816.9985
301345.SZ,20251009,38.9949,7.3133,6.9911,2306496.9007,614604.6158
600461.SH,20251009,9.6358,1.3181,1.4439,1150603.0395,1150603.0395
603117.SH,20251009,440.9126,3.1491,11.9098,322967.5829,322967.5829
600405.SH,20251009,,13.5942,7.4615,368923.412,367291.877
920906.BJ,20251009,45.3554,3.222,2.6294,186009.11,95003.5674
601956.SH,20251009,48.2161,1.8353,0.7245,461239.5098,461239.5098
300389.SZ,20251009,43.6481,4.0362,1.7096,629685.1408,397807.3336
301123.SZ,20251009,,3.8967,5.7693,1113337.6,1113337.6
000663.SZ,20251009,,2.1817,6.884,219517.9217,199708.3798
605588.SH,20251009,,4.1951,3.0992,431993.0219,429825.4187
688248.SH,20251009,93.2446,10.7278,11.5653,3311400.8,1339337.6
601113.SH,20251009,9.641,1.1719,0.8412,461535.6305,461535.6305
688429.SH,20251009,,4.2374,7.157,639601.2792,191603.7999
000793.SZ,20251009,,42.671,20.0868,595179.1462,584380.5673
300444.SZ,20251009,67.4406,3.7802,1.5859,662060.1996,515179.3135
000709.SZ,20251009,30.9304,0.5364,0.2138,2760011.3316,2759555.1103
002391.SZ,20251009,,0.9134,1.0597,388456.3449,277544.245
003028.SZ,20251009,28.2608,2.6669,3.3694,468718.929,228473.2201
001376.SZ,20251009,31.4856,5.091,5.3252,577507.7,267832.2747
600356.SH,20251009,18.55,1.0895,0.9798,286782.1229,286782.1229
002349.SZ,20251009,28.7386,2.2501,4.227,597365.9338,586210.2538
300206.SZ,20251009,36.8743,3.457,3.8666,706029.9554,412146.3102
688150.SH,20251009,51.5592,5.6405,20.0356,1037886.5317,1037886.5317
002109.SZ,20251009,,1.1106,1.1962,478601.1941,478601.1941
300035.SZ,20251009,30.8684,3.2718,2.254,1562087.3832,1329450.3883
688128.SH,20251009,24.2431,3.9062,2.6734,1281456.0,1281456.0
300137.SZ,20251009,,2.2585,3.8191,372924.636,368373.7037
603890.SH,20251009,22.3128,2.1909,1.5522,619961.2414,619961.2414
601827.SH,20251009,11.6909,1.2029,2.4175,1379344.9725,1379344.9725
301267.SZ,20251009,37.7814,2.8762,4.0863,1681680.0,658315.4078
300514.SZ,20251009,17.9071,2.8532,3.3517,295400.0,236701.546
600825.SH,20251009,162.9903,2.85,4.866,704254.4109,704254.4109
688202.SH,20251009,,4.3792,8.6378,912788.7381,912788.7381
000633.SZ,20251009,198.7558,13.4173,7.4983,259946.8018,259944.878
002757.SZ,20251009,,2.7249,1.7006,534479.7466,510235.5431
920719.BJ,20251009,,2.6048,5.5906,146622.105,115280.0177
002007.SZ,20251009,25.4443,2.4644,6.5429,2960479.7989,2549398.664
301367.SZ,20251009,37.8682,2.5151,7.322,735974.4,464294.584
002084.SZ,20251009,,1.8054,0.9301,259714.5281,259143.0457
920438.BJ,20251009,184.4257,6.5563,12.9474,641000.16,617794.4296
300072.SZ,20251009,,1.4318,3.9454,850598.7493,843952.7797
000825.SZ,20251009,,0.7143,0.2435,2352550.3397,2352550.3397
300332.SZ,20251009,55.7262,1.2154,1.609,513879.1915,492803.2696
301045.SZ,20251009,111.4386,2.9898,4.8391,303375.4845,175884.456
688116.SH,20251009,96.6059,6.6084,16.6922,2428970.5768,2285291.3637
300181.SZ,20251009,21.4053,4.1231,4.5567,1252677.7803,1076798.9013
603637.SH,20251009,33.7376,2.8816,5.9378,289764.6547,289764.6547
000968.SZ,20251009,15.2383,1.1052,3.062,679186.8673,679186.8673
605179.SH,20251009,236.4736,7.3762,2.9508,820446.0,820446.0
600089.SH,20251009,23.0926,1.4925,1.0061,9893367.854,9893367.854
600756.SH,20251009,,2.3291,2.9238,506566.3509,506566.3509
300327.SZ,20251009,89.8068,5.3974,6.9692,935354.2713,932463.5329
002679.SZ,20251009,87.4869,3.4005,14.7839,250844.384,250844.384
603313.SH,20251009,,1.3101,0.5565,490704.7211,490704.7211
688605.SH,20251009,77.2926,10.3364,12.9308,1606896.0566,321379.44
301047.SZ,20251009,75.7043,1.7131,14.2049,898408.9764,883222.4667
002176.SZ,20251009,,5.1529,7.4103,1748983.7205,1748669.5939
920639.BJ,20251009,317.7283,2.0179,0.8219,172569.6,100238.5698
000909.SZ,20251009,,2.3632,8.2479,242493.6917,242491.6558
688060.SH,20251009,,2.8347,7.8932,255930.9755,255930.9755
600331.SH,20251009,,9.159,8.3481,2887268.8,2220976.0
688281.SH,20251009,61.0196,4.6027,17.9308,2098794.1975,2098794.1975
002675.SZ,20251009,76.6668,2.7452,4.3502,1231945.9833,1110615.687
920001.BJ,20251009,127.6887,4.4898,16.2389,340809.4605,196716.6824
603818.SH,20251009,,1.1988,0.7614,265005.928,265005.928
002485.SZ,20251009,,1.6071,2.442,193120.0,193120.0
600480.SH,20251009,24.883,2.2451,0.8951,1714971.7492,1689439.265
002577.SZ,20251009,185.3181,4.7546,13.3173,567739.952,567709.727
002281.SZ,20251009,64.9894,5.7466,5.1527,5361529.892,5180696.0649
603276.SH,20251009,110.2973,2.0479,4.6278,354457.6914,129121.4539
002556.SZ,20251009,50.0823,1.4639,0.3475,521531.4621,521037.257
300245.SZ,20251009,,3.7359,9.2703,466424.7496,465425.6826
002630.SZ,20251009,,14.3772,1.6778,357782.4,312172.6848
002703.SZ,20251009,65.3336,5.7637,3.7043,1145104.2785,815778.919
688350.SH,20251009,,2.0331,1.8123,275693.0172,275693.0172
300876.SZ,20251009,,3.7351,5.3855,275967.6865,197762.0065
603048.SH,20251009,51.5267,2.3159,4.3487,294494.4,294494.4
603877.SH,20251009,39.9763,1.5245,1.0061,659505.5614,657052.5164
601015.SH,20251009,,1.2278,0.6027,727129.1595,727129.1595
603270.SH,20251009,47.7763,2.5409,3.5414,565295.2009,182449.0009
301071.SZ,20251009,117.8077,1.7544,16.8927,925007.8004,691587.6695
000595.SZ,20251009,,14.3686,23.9919,549971.0248,549971.0248
300856.SZ,20251009,30.6009,2.37,3.9642,631236.718,605846.7798
603283.SH,20251009,27.7907,4.5899,3.8278,1452572.5511,1416731.5151
603381.SH,20251009,39.7719,1.5648,0.5503,569415.1824,341130.4464
002340.SZ,20251009,41.0214,2.2785,1.3722,4586247.656,4551927.5152
688330.SH,20251009,24.9359,1.4674,6.2246,561540.0,561540.0
002927.SZ,20251009,131.1089,3.2711,3.7093,335904.2309,332210.4372
301392.SZ,20251009,322.3154,22.1928,33.8361,1664800.0,679170.3263
002014.SZ,20251009,14.5431,3.0827,1.8912,684765.9062,675850.101
300902.SZ,20251009,,4.6973,13.1123,385604.9456,257177.9821
001213.SZ,20251009,33.7679,0.9761,1.6116,1866666.6665,1866666.6665
002851.SZ,20251009,143.0067,6.8157,4.777,4220523.4447,3509814.1685
300447.SZ,20251009,,2.3074,5.6387,459096.2513,295891.7651
002761.SZ,20251009,51.7645,1.4973,0.1243,1004977.7039,1004977.7039
600072.SH,20251009,,1.7787,1.985,1848227.9087,1332504.8987
002343.SZ,20251009,,3.8478,7.4041,374735.3023,374735.3023
002334.SZ,20251009,26.6756,2.6953,1.8891,802407.3916,723818.2271
000777.SZ,20251009,35.0499,3.5571,4.2447,808244.286,808230.0233
920651.BJ,20251009,27.4577,4.606,6.9997,226188.0,56639.2217
600740.SH,20251009,6826.0278,0.6854,1.5363,1042783.3097,1042783.3097
000811.SZ,20251009,24.3375,2.3404,2.1393,1369840.6401,1350264.1229
603500.SH,20251009,36.5728,4.0396,5.6644,391372.8541,390236.1595
600354.SH,20251009,45.2306,4.6711,2.57,329876.3,329876.3
605006.SH,20251009,669.8922,1.8753,2.2455,475943.4324,467413.2266
300512.SZ,20251009,150.6638,2.3961,3.6447,386851.1904,311598.0062
300191.SZ,20251009,,6.2079,13.755,654080.0,452122.58
300807.SZ,20251009,,5.5961,13.8948,269164.6062,205480.5305
300582.SZ,20251009,,3.5195,2.0519,501541.2998,372186.9698
600895.SH,20251009,70.5781,5.7999,31.1148,7659818.5143,7659818.5143
603933.SH,20251009,177.9946,2.785,1.7693,366938.8086,366938.8086
605566.SH,20251009,126.949,1.834,4.3295,364151.54,364151.54
300219.SZ,20251009,303.0117,2.0271,1.2065,524586.1379,523626.8282
002338.SZ,20251009,212.7306,9.9239,18.1278,1344000.0,1344000.0
000783.SZ,20251009,16.7782,1.3578,5.4053,4672911.6411,4672911.6411
600193.SH,20251009,,19.5956,37.5534,176104.422,176104.422
600690.SH,20251009,11.7275,2.0776,0.7779,23870131.5217,15911450.7857
002029.SZ,20251009,22.6021,0.8899,1.9141,584464.5122,551621.54
301197.SZ,20251009,54.0957,1.8433,6.2589,242405.94,165491.223
300821.SZ,20251009,331.4918,2.2618,2.3592,1118400.0,1118204.979
301396.SZ,20251009,,9.8169,7.3558,1226605.2005,607887.7813
920425.BJ,20251009,62.5944,6.7042,19.0594,169538.3497,141519.7822
300457.SZ,20251009,51.3222,3.4224,2.6769,2238082.0184,2198487.4104
920339.BJ,20251009,36.4223,3.7949,3.1447,222405.838,152406.1064
688291.SH,20251009,86.5707,3.7749,15.196,358101.4496,117429.4496
920809.BJ,20251009,,2.257,1.562,370212.9,283728.2175
000960.SZ,20251009,24.2394,2.1327,0.9338,4135900.3054,4135900.3054
300651.SZ,20251009,102.5326,3.0491,8.9311,315038.8139,195063.081
601872.SH,20251009,14.2048,1.6624,2.6745,6726090.5722,6726090.5722
002526.SZ,20251009,56.0387,2.1384,3.0374,686375.6269,681867.5086
300442.SZ,20251009,52.0023,8.8502,18.89,8871216.9142,8838814.1317
688278.SH,20251009,34.814,12.0177,10.5525,3311352.0,3311352.0
920414.BJ,20251009,,4.3182,17.9365,124486.8949,86285.58
000686.SZ,20251009,17.5514,1.0646,3.4607,2057258.1123,2057258.1123
000893.SZ,20251009,24.2545,2.9677,8.5174,3723926.2836,3271594.5982
600208.SH,20251009,,0.9027,8.205,3752442.8928,3752017.5646
000036.SZ,20251009,618.0783,1.2338,13.9336,586796.2271,585681.1109
600872.SH,20251009,17.9231,2.5796,2.8498,1434122.8102,1419388.816
601008.SH,20251009,47.0804,1.746,2.7655,710885.5774,710885.5774
603383.SH,20251009,44.7612,6.3029,13.8009,886655.5883,883616.7657
300565.SZ,20251009,,5.25,4.7198,311381.6512,284571.8158
920375.BJ,20251009,60.0989,2.206,2.7831,177382.177,106462.5483
688277.SH,20251009,,6.7027,34.0641,837436.8897,837436.8897
600615.SH,20251009,186.0191,4.0288,6.6095,297598.8606,296972.0718
002482.SZ,20251009,,13.2423,5.9099,667671.3006,666353.6446
300541.SZ,20251009,73.0061,4.0035,2.655,680330.3863,611567.1601
688663.SH,20251009,38.522,4.5293,2.9283,611338.0597,611338.0597
600141.SH,20251009,21.5855,1.5538,1.1102,3287702.6803,3287702.6803
600280.SH,20251009,,5.6863,1.7562,375735.4844,375735.4844
688400.SH,20251009,182.6368,5.2889,8.4192,2116344.1812,2116344.1812
920037.BJ,20251009,52.3598,11.3478,12.2559,849690.4153,274652.4213
301559.SZ,20251009,40.8864,2.277,3.2393,1027800.0,154170.0
300271.SZ,20251009,,1.724,3.9535,638934.3497,627429.8506
603728.SH,20251009,531.6076,11.6956,13.979,3446565.21,3446565.21
600613.SH,20251009,49.094,1.4089,1.7153,325783.6931,292385.1866
300518.SZ,20251009,,3.4939,14.3066,267610.335,267586.3803
600018.SH,20251009,8.8313,0.9424,3.4016,12874594.9899,12837661.498
301557.SZ,20251009,38.5132,3.6759,3.2946,362792.8477,90723.04
600199.SH,20251009,,3.2574,9.21,683450.9001,683450.9001
000597.SZ,20251009,20.4234,1.4672,1.0862,780617.281,770895.8449
002857.SZ,20251009,177.3246,6.0326,4.2686,308846.1873,306048.0
002275.SZ,20251009,17.0346,2.7614,4.0694,864313.4106,822349.7758
600869.SH,20251009,,4.4095,0.6996,1939714.3,1939714.3
002234.SZ,20251009,,1.6053,1.3955,292777.6179,252881.8481
600570.SH,20251009,52.4663,7.6509,10.8295,6683614.4962,6683614.4962
600628.SH,20251009,68.6589,1.1196,4.2745,473512.7811,473512.7811
300021.SZ,20251009,66.7844,2.0204,1.1264,499937.6923,426769.4742
603167.SH,20251009,15.7946,1.3599,2.4052,428328.9312,428328.9312
600159.SH,20251009,,1.4072,3.3581,241530.9405,241530.9405
688618.SH,20251009,119.5425,3.278,7.5477,281193.7278,280842.1081
301117.SZ,20251009,526.7112,3.6445,13.8451,481153.1095,295950.8291
002805.SZ,20251009,,2.7951,2.5367,410011.5117,407786.3635
688168.SH,20251009,,5.9496,6.2015,604004.4195,604004.4195
300550.SZ,20251009,63.3484,2.8842,7.849,317435.2105,317140.4804
920792.BJ,20251009,41.8715,2.1993,3.3553,219837.12,133276.5369
002186.SZ,20251009,198.8586,4.0132,2.5397,341603.7274,341147.1192
605020.SH,20251009,37.4211,3.367,3.1473,1534339.8945,1510545.1602
300490.SZ,20251009,,2.4426,3.2408,549368.1888,541902.0993
688176.SH,20251009,,3.3068,24.0463,604298.3742,460955.734
300306.SZ,20251009,37.0089,2.3046,7.8562,334584.7198,196057.4976
600794.SH,20251009,42.9746,1.9302,6.4738,505264.0581,505264.0581
300844.SZ,20251009,268.6627,5.9386,9.7708,492712.7117,475950.8057
300665.SZ,20251009,,3.8728,3.5162,209750.0093,208911.9691
002196.SZ,20251009,,3.5601,1.9291,496367.8019,488773.6924
000090.SZ,20251009,16.2941,0.6059,0.311,676413.4471,676382.4961
600429.SH,20251009,64.9124,1.3696,1.095,710821.9163,705349.5476
300077.SZ,20251009,,14.6739,11.4164,1466563.6505,1424313.411
301509.SZ,20251009,56.778,2.0444,7.618,444448.2086,209374.0243
300105.SZ,20251009,45.5331,1.9368,2.8973,371386.3824,371386.3824
603239.SH,20251009,29.9103,4.6336,4.177,560390.4,560390.4
603906.SH,20251009,,3.8028,1.526,1179020.7921,972500.7921
002765.SZ,20251009,55.9743,3.6175,2.5302,928630.4002,848540.4394
603929.SH,20251009,16.8707,5.891,2.2402,943904.64,943904.64
300374.SZ,20251009,,4.855,2.0664,402558.4957,319107.9402
002718.SZ,20251009,,3.4954,5.7345,320601.2549,137817.8657
603350.SH,20251009,41.9493,3.5804,2.557,463215.285,175076.0
300835.SZ,20251009,60.9742,6.9709,6.6584,802655.1917,553851.7597
920575.BJ,20251009,,8.5007,2570.0216,344713.38,230600.7604
300124.SZ,20251009,46.7365,7.8791,5.8025,24003003.0663,21027607.751
603700.SH,20251009,31.6716,1.4921,1.5302,239820.3298,239820.3298
002960.SZ,20251009,34.5914,1.8065,2.3213,1116242.6027,953399.1816
920802.BJ,20251009,64.1002,3.4109,7.5686,145728.7313,39269.1998
300594.SZ,20251009,,1.9278,1.9317,162156.6393,160611.6906
002734.SZ,20251009,24.9692,2.3221,1.8109,795189.1899,720513.0336
002729.SZ,20251009,54.3265,4.8098,6.0384,263293.7149,252492.2801
000045.SZ,20251009,79.0736,2.1626,1.9268,638217.5297,575847.5297
688622.SH,20251009,,21.2118,53.7747,817400.0436,817400.0436
000899.SZ,20251009,11.5483,1.5983,1.3669,939577.6829,939577.6829
600719.SH,20251009,,6.7986,4.1229,248424.1544,248424.1544
688656.SH,20251009,338.0683,12.0361,25.1838,980127.1856,980127.1856
603693.SH,20251009,28.6991,1.7023,5.5419,1166050.451,1166050.451
600857.SH,20251009,187.729,4.4145,6.1642,381343.8623,381343.8623
301448.SZ,20251009,295.029,8.6926,7.4895,583544.0,268430.24
301000.SZ,20251009,87.5118,9.8227,14.8737,1182812.5581,1116541.5981
301061.SZ,20251009,23.2552,5.0671,6.3822,1929080.2033,1280999.0362
002259.SZ,20251009,45.4858,11.7925,3.3697,315977.8721,315977.8721
688108.SH,20251009,986.6769,13.0771,24.0791,1169094.88,1169094.88
301113.SZ,20251009,203.8833,2.817,5.8502,193921.0,117455.32
001333.SZ,20251009,23.3184,1.833,1.8351,308864.0,106172.0
300999.SZ,20251009,54.1669,1.802,0.6986,17121386.0707,1713679.5323
300329.SZ,20251009,,5.0889,26.7204,352779.8481,351719.2394
600249.SH,20251009,40.896,1.5029,3.0714,325050.0,325050.0
300707.SZ,20251009,,2.3102,3.4614,258455.9069,209768.9692
603826.SH,20251009,313.8974,6.6234,12.5542,1268467.2,1268467.2
600397.SH,20251009,,,1.6452,734550.2324,734550.2324
000428.SZ,20251009,,2.237,5.8642,322999.542,322999.542
600866.SH,20251009,10.0999,1.5816,0.7561,1285979.8048,971965.4568
002146.SZ,20251009,,0.5845,0.2171,704402.5439,633666.4589
300976.SZ,20251009,34.8589,2.7223,3.2563,935665.1663,598941.3149
600648.SH,20251009,16.3086,0.985,2.0505,1487743.9665,1022662.0367
300911.SZ,20251009,,8.0318,17.5956,940543.2853,878316.1187
920879.BJ,20251009,48.6042,6.8892,10.4578,394040.5412,318227.1153
688114.SH,20251009,,3.8374,10.1822,2970176.7013,2945887.41
600967.SH,20251009,60.6154,2.7095,2.9703,3187461.4113,3187461.4113
920403.BJ,20251009,29.4828,5.1105,7.3441,246316.1173,143842.3141
600039.SH,20251009,10.2768,1.4672,0.6651,6982559.2879,5392599.9838
000031.SZ,20251009,,1.2564,0.3877,1354475.0151,1354472.2855
000738.SZ,20251009,44.6765,2.1162,4.8636,2631683.186,2631683.186
600888.SH,20251009,12.5045,1.0735,1.5464,1193154.5719,1193154.5719
600340.SH,20251009,,,0.4016,833622.4328,829284.6282
688489.SH,20251009,,3.3026,12.1554,606463.7345,268328.0414
603209.SH,20251009,15.7242,1.4713,3.1414,480675.0,414120.0
603159.SH,20251009,206.078,7.2171,7.8979,363580.0,363580.0
600812.SH,20251009,57.0932,1.8641,1.028,1019143.8398,1019143.8398
688561.SH,20251009,,3.1861,5.8023,2499773.9844,2499773.9844
600955.SH,20251009,,0.9456,0.8292,796400.0,796400.0
002712.SZ,20251009,,2.1437,0.4227,292820.5945,291004.3469
603566.SH,20251009,35.4155,1.8356,4.2746,478258.0613,478258.0613
920208.BJ,20251009,19.3673,4.1594,3.6946,357258.1592,233941.2909
688717.SH,20251009,57.781,3.083,4.2491,1400480.0,850262.3674
002470.SZ,20251009,,2.8778,0.6727,575054.8549,575006.148
600498.SH,20251009,45.7737,2.4505,1.3692,3534710.5968,3244288.8034
300656.SZ,20251009,,4.3099,11.3995,431577.4316,335168.4836
300477.SZ,20251009,,2.0753,1.1145,216547.7748,200151.8129
301161.SZ,20251009,74.2207,5.1242,5.9835,460440.0,460440.0
300893.SZ,20251009,41.0334,8.3674,5.2889,1224566.4017,617409.811
300853.SZ,20251009,,5.2158,18.209,348114.7423,261197.6082
301516.SZ,20251009,,3.6976,6.0659,485333.3344,121333.334
688301.SH,20251009,50.5159,5.408,13.2858,2486912.3738,2486912.3738
603886.SH,20251009,13.1845,2.0039,1.311,286080.0,286080.0
001324.SZ,20251009,43.9898,2.396,5.6179,271722.0,160775.9384
605099.SH,20251009,22.0134,4.4268,4.035,1260659.0712,1257156.8688
000019.SZ,20251009,20.432,1.5452,1.4237,760673.2676,274702.8286
605177.SH,20251009,,1.2673,2.2818,220388.6863,216273.7065
002315.SZ,20251009,30.8356,6.4008,8.8419,1579517.3918,1007327.6845
603097.SH,20251009,37.8411,3.5787,2.0226,374418.495,364320.0
600763.SH,20251009,38.9305,4.8097,6.8561,1996251.3292,1996251.3292
603000.SH,20251009,117.1905,6.0755,10.7101,2204747.9657,2204747.9657
603801.SH,20251009,10.7343,1.2329,0.8133,402207.9537,402207.9537
300095.SZ,20251009,,2.4176,3.1184,397825.3853,320774.5438
603060.SH,20251009,28.2307,2.6813,1.965,516934.0019,516934.0019
600422.SH,20251009,17.1774,2.0275,1.2927,1059766.0598,1059766.0598
603320.SH,20251009,43.7244,2.7373,3.0651,312610.4415,312610.4415
002451.SZ,20251009,209.7573,3.8293,1.8844,296570.91,295547.277
300471.SZ,20251009,,4.0907,5.5865,460344.91,417498.7187
000677.SZ,20251009,86.2637,7.7746,3.8439,416437.3709,416437.3709
002483.SZ,20251009,13.4926,1.4797,0.7795,640030.1942,639151.0769
300516.SZ,20251009,278.6463,5.1229,12.0158,658800.0,658800.0
002267.SZ,20251009,12.7708,1.3826,0.9947,911901.8649,911901.8649
300184.SZ,20251009,104.271,3.7285,1.6911,1424050.7117,1294697.0295
301330.SZ,20251009,38.9744,2.2929,3.8184,770305.6232,372843.3728
601002.SH,20251009,18.2856,1.1954,1.8952,502035.8187,502035.8187
300829.SZ,20251009,57.8589,1.7482,2.6957,416595.2711,290062.042
000970.SZ,20251009,140.3869,2.7889,2.8224,1801705.5956,1801705.5956
600692.SH,20251009,,2.9333,4.5176,272968.9137,197888.1612
603113.SH,20251009,506.0449,0.7224,0.3273,586783.0456,586783.0456
688237.SH,20251009,2486.1986,4.1696,12.9419,500434.4864,500434.4864
000821.SZ,20251009,21.9949,1.9076,0.9573,802262.7141,778790.184
002782.SZ,20251009,30.3752,4.069,1.6126,843634.7861,827538.5412
920116.BJ,20251009,120.3493,21.2088,35.878,1098453.125,278992.8625
000567.SZ,20251009,129.3781,2.3884,21.0613,1282212.4537,1279135.8248
300402.SZ,20251009,73.6359,3.1023,3.0095,458289.9529,452399.5489
002849.SZ,20251009,72.1875,2.4822,2.3623,334481.1683,293448.0571
002358.SZ,20251009,50.454,1.4288,1.6105,465808.2455,465807.6067
300141.SZ,20251009,,4.3252,7.8022,282597.6816,279193.681
600010.SH,20251009,379.5371,2.245,1.8197,11684463.7918,8096245.958
600861.SH,20251009,8.9893,1.5142,0.24,1052403.5428,681462.6424
300560.SZ,20251009,,3.2124,3.1083,309234.9152,251654.6006
601958.SH,20251009,18.4591,3.0741,3.7854,5275498.194,5275498.194
000701.SZ,20251009,,,0.1084,379127.7865,374525.5949
601208.SH,20251009,97.4641,3.5464,4.3137,2061688.6139,2061688.6139
002425.SZ,20251009,,1.2857,7.7374,377882.7011,377644.0547
688271.SH,20251009,99.1437,6.2444,11.823,12984609.1009,12984609.1009
600592.SH,20251009,85.6599,4.3246,6.7,1076796.8738,1076796.8738
600997.SH,20251009,16.1394,0.7852,0.5796,1120986.6948,1120986.6948
603176.SH,20251009,51.7324,2.525,0.9735,287041.8391,278935.5551
600216.SH,20251009,9.1573,1.2801,1.4964,1390528.1865,1390522.0049
600419.SH,20251009,65.4993,1.4139,1.1812,325602.9939,325602.9939
603758.SH,20251009,35.3514,2.7196,4.5186,676625.0496,676625.0496
688648.SH,20251009,15.932,4.1025,9.6383,924256.0,449412.1675
300403.SZ,20251009,39.6307,4.466,8.0166,929826.0,658532.0604
301105.SZ,20251009,,2.4775,11.1314,208250.0,68462.175
301611.SZ,20251009,80.1091,16.678,27.7204,2753340.0,925669.6747
000885.SZ,20251009,7.7966,1.0941,1.3942,966969.852,966969.852
605098.SH,20251009,16.6807,4.9919,5.9631,440036.559,440036.559
301568.SZ,20251009,54.7704,5.014,12.1408,489135.0408,225689.7227
300601.SZ,20251009,256.0587,2.0807,6.6543,1890960.2265,1524369.7305
600418.SH,20251009,,10.84,2.8571,11479155.4615,11479155.4615
000030.SZ,20251009,14.5716,1.2065,0.5779,966533.6949,939049.4221
600557.SH,20251009,32.014,1.8479,2.6241,860561.3851,860561.3851
920075.BJ,20251009,54.7944,4.8359,3.3788,192370.92,103520.4684
000520.SZ,20251009,,9.682,6.0646,445316.7202,445316.7202
002884.SZ,20251009,13.2304,2.7683,3.6189,607702.5828,463950.1571
601012.SH,20251009,,2.4749,1.8613,14307376.7721,14307362.5253
300472.SZ,20251009,,,65.7974,132399.3967,127388.6995
605069.SH,20251009,,2.4458,6.0697,219318.898,87191.084
603678.SH,20251009,63.8389,3.0368,5.9137,1860892.2271,1860892.2271
300136.SZ,20251009,46.1417,3.8792,3.2917,2864003.1685,2440721.061
300449.SZ,20251009,,8.2783,15.7936,277945.9121,277945.9121
600383.SH,20251009,,0.351,0.278,1941270.936,1941270.936
002636.SZ,20251009,237.6355,2.6409,2.1646,893256.0,888735.0167
300303.SZ,20251009,32.1106,2.7619,3.0601,1014989.1629,952174.556
000863.SZ,20251009,315.5287,0.9323,4.2565,419148.3438,413083.4734
301589.SZ,20251009,28.8595,4.4397,4.9986,1624311.36,605549.3472
600683.SH,20251009,,82.2083,2.3905,302237.2596,302237.2596
603859.SH,20251009,60.5083,4.2257,8.1964,1265821.2073,1265821.2073
000728.SZ,20251009,15.1232,1.0555,4.9094,4005948.1039,4005948.1039
603375.SH,20251009,152.1344,2.7231,8.4077,428538.0014,271515.4148
920642.BJ,20251009,,6.578,10.5876,156231.1089,151588.9461
688244.SH,20251009,,3.5559,10.2131,348721.1089,168382.1
002738.SZ,20251009,103.6858,3.2469,6.2308,3868639.4445,3812605.5579
688009.SH,20251009,16.4743,1.2775,1.7614,5792630.993,4715696.846
000420.SZ,20251009,1093.6597,2.3794,2.2137,1049936.7825,1049579.2981
920553.BJ,20251009,60.7036,4.6144,3.5869,161508.077,103256.505
688690.SH,20251009,111.9611,6.2346,13.2183,1131892.7863,1131892.7863
300995.SZ,20251009,310.9508,6.6507,11.2945,414908.8,296014.9776
688533.SH,20251009,23.0851,3.0231,1.657,481213.3342,481213.3342
301158.SZ,20251009,24.6967,2.0145,3.7253,270215.8065,263297.2145
601118.SH,20251009,102.4812,2.3538,0.4302,2293773.2992,2293773.2992
603285.SH,20251009,34.3818,2.7459,7.2985,450240.0,175303.1389
000989.SZ,20251009,53.7476,2.2931,4.27,835399.4037,677494.0629
601179.SH,20251009,30.2008,1.6249,1.5626,3623998.8229,3623998.8229
300453.SZ,20251009,19.9651,3.6451,2.9955,471724.9651,326040.1689
300991.SZ,20251009,274.0414,9.1782,7.9337,583632.0,373451.526
301008.SZ,20251009,148.2508,3.7923,5.0104,561308.4209,496504.1009
002194.SZ,20251009,370.8767,3.753,6.1043,931318.5536,696348.2153
002322.SZ,20251009,19.8211,1.7725,4.4933,485309.4016,467225.1891
300056.SZ,20251009,,27.895,10.5176,459890.0985,459484.2399
300567.SZ,20251009,,6.4303,8.09,2285517.0748,1651854.0889
002231.SZ,20251009,,6.0738,10.4362,109604.6054,97272.9266
688502.SH,20251009,420.6564,18.5849,38.1841,2217072.0,705432.0
600795.SH,20251009,13.5574,1.5899,0.5392,9221015.0654,9221015.0654
300965.SZ,20251009,102.8646,2.9551,19.5555,364740.0,338683.8863
300922.SZ,20251009,107.5568,4.9511,18.287,453069.8025,356175.3846
300614.SZ,20251009,,2.2464,5.7447,245466.3655,245466.3655
001696.SZ,20251009,41.5997,5.4399,2.318,2849972.0039,2218690.182
000712.SZ,20251009,146.4279,5.0718,17.6019,1269632.0,1269255.2551
000679.SZ,20251009,,12.6393,5.8614,277992.0,277992.0
603290.SH,20251009,54.5483,4.0728,7.3109,2773102.7363,2773102.7363
603207.SH,20251009,26.0969,4.8467,11.2089,540926.5288,183273.6
603039.SH,20251009,69.5832,6.9523,6.7387,1539121.7491,1539121.7491
601929.SH,20251009,,2.4951,5.8675,1277262.4695,1277262.4695
002101.SZ,20251009,25.1798,1.1625,1.0333,896907.9227,893986.4687
688633.SH,20251009,28.1314,2.3778,5.7545,373801.1602,373801.1602
300269.SZ,20251009,187.1417,31.2318,4.4358,270164.0019,258634.3647
301588.SZ,20251009,52.2376,2.6625,2.9334,247363.7961,152660.4598
601828.SH,20251009,,0.2775,1.7774,1232389.3465,1022605.512
001228.SZ,20251009,31.281,1.4996,0.5832,250209.8431,192393.8431
600507.SH,20251009,25.3457,1.2891,0.6487,1242181.8969,1242181.8969
601187.SH,20251009,6.559,0.6427,2.9972,1665289.6973,810233.0405
301172.SZ,20251009,85.7655,2.7393,9.4837,401878.4,230124.9664
600469.SH,20251009,27.812,1.253,0.602,425999.3087,425999.3087
603708.SH,20251009,44.836,2.7759,0.3637,651105.4485,651105.4485
600552.SH,20251009,80.9064,2.9081,2.2307,1213819.8588,1213819.8588
603139.SH,20251009,,2.6768,4.0246,218737.2,218737.2
301222.SZ,20251009,31.4455,2.3382,4.9205,326587.1328,260058.9357
600930.SH,20251009,30.3529,2.4705,7.329,26905714.2855,1615838.0375
300891.SZ,20251009,,2.9842,2.2526,383207.5874,318459.9599
601616.SH,20251009,74.0265,1.4551,3.4949,349153.2055,349153.2055
301022.SZ,20251009,79.3706,2.6205,4.6856,354083.6982,237378.5851
003039.SZ,20251009,30.4385,3.01,4.0251,820682.3922,820682.3922
002553.SZ,20251009,41.9281,8.0455,12.7864,1067316.0,769203.6
920284.BJ,20251009,,13.2654,20.0938,412960.2269,267051.2834
603286.SH,20251009,,6.9068,5.5704,573381.0551,563570.6198
600764.SH,20251009,89.6329,2.7025,6.5159,2215742.4255,2215742.4255
300632.SZ,20251009,149.928,2.288,5.1583,403450.1016,292440.3577
002093.SZ,20251009,47.6452,3.1273,20.0357,1153587.5,1153587.5
300198.SZ,20251009,,45.9715,24.4215,231066.873,229872.4985
300183.SZ,20251009,348.5539,2.5864,8.2511,806790.3349,709000.7233
003019.SZ,20251009,37.0645,3.9189,3.0001,630157.153,609091.8995
601928.SH,20251009,13.7287,1.3465,1.9951,2689959.3,2689959.3
002269.SZ,20251009,,20.3322,12.0709,595462.5,595462.5
603887.SH,20251009,,2.8798,4.3852,1037032.349,1013760.854
300591.SZ,20251009,,14.7348,7.6604,414192.9263,357804.1684
300057.SZ,20251009,,1.0856,0.9026,566474.0517,457566.307
002769.SZ,20251009,,2.775,4.4695,327399.9334,327129.9717
600609.SH,20251009,22.0774,4.2251,1.4897,632710.9006,632710.9006
920717.BJ,20251009,99.1979,2.3987,7.6024,135207.72,52206.12
600075.SH,20251009,151.2382,0.9006,0.7241,804167.8143,804167.8143
002377.SZ,20251009,,5.7795,3.3695,271232.2595,258215.1918
002911.SZ,20251009,19.8303,3.7782,0.5284,1733356.2797,1694688.8391
300349.SZ,20251009,19.8233,1.26,1.7615,549695.0979,487402.221
300482.SZ,20251009,25.4289,1.9031,3.6725,1004509.8971,923448.2279
002557.SZ,20251009,17.8344,2.0976,1.5353,1072412.8056,1070119.5486
603406.SH,20251009,40.1207,3.9989,4.8529,1823645.59,162026.395
300053.SZ,20251009,,5.7036,47.3358,976320.9265,911797.3181
001258.SZ,20251009,,2.3736,7.3563,690666.6672,690665.0022
603628.SH,20251009,29.4997,2.7503,1.6188,364378.5782,363072.6456
600459.SH,20251009,23.0749,1.8729,0.2573,1353976.2985,1343342.0924
600962.SH,20251009,104.4529,5.9161,2.4454,555885.2,555885.2
601985.SH,20251009,21.8849,1.6542,2.3189,18737449.8894,17202672.5138
600642.SH,20251009,10.185,1.0991,1.3498,3900581.2627,3900369.0853
600295.SH,20251009,16.0551,1.4466,1.0948,2935916.2904,2072379.4904
600444.SH,20251009,54.2485,3.7387,3.4461,270880.5742,270880.5742
605100.SH,20251009,126.0865,2.7893,6.8701,502614.684,499090.284
301399.SZ,20251009,76.7508,2.7987,7.2637,365414.5,108000.0824
600606.SH,20251009,,0.4308,0.1189,2614084.6064,2614084.6064
300320.SZ,20251009,31.4684,2.5191,1.6811,606645.2987,490159.8398
003036.SZ,20251009,60.1174,2.73,2.473,375264.6813,375264.6813
301233.SZ,20251009,33.1196,3.1152,6.7973,293430.47,113536.1276
300313.SZ,20251009,,,20.6409,272290.3345,171696.9264
605118.SH,20251009,52.3506,8.5074,16.9487,1183180.604,1172901.196
300890.SZ,20251009,479.0961,1.976,2.9294,400900.5304,365742.3658
301309.SZ,20251009,21.1712,1.8364,3.0289,291900.0,72975.0
002436.SZ,20251009,,7.4258,6.011,3824265.5168,3398618.826
301290.SZ,20251009,34.5935,1.2482,6.8331,276879.0952,188403.6376
002173.SZ,20251009,,5.4534,11.8892,962441.1717,907959.9902
300936.SZ,20251009,556.0485,3.005,12.5261,300198.4,189461.4178
002268.SZ,20251009,75.0155,2.7657,6.477,1499312.7752,1498713.1909
688507.SH,20251009,153.3357,3.4122,24.8031,953463.9888,526822.311
001316.SZ,20251009,30.753,3.1197,3.8987,373611.777,361945.4666
603838.SH,20251009,,2.6121,6.9304,249612.48,249612.48
002519.SZ,20251009,,2.288,23.6303,528296.0912,524710.3812
603529.SH,20251009,13.2757,3.4172,1.2422,2986917.8248,2913065.2048
000900.SZ,20251009,16.3731,0.5685,0.7759,625345.2736,625317.4636
600958.SH,20251009,20.6186,1.2144,5.2066,9694672.2782,8522679.9478
601156.SH,20251009,9.311,1.3706,1.046,2513100.4451,1495294.7651
600770.SH,20251009,109.0011,2.2479,18.4679,756600.0,756600.0
600097.SH,20251009,23.1387,1.1562,1.0597,265512.088,265512.088
688089.SH,20251009,26.4234,2.6695,7.2165,434069.2205,434069.2205
603813.SH,20251009,,4.306,7.1533,240589.365,240589.365
300174.SZ,20251009,23.8133,1.7821,3.302,607138.6701,605024.5857
000061.SZ,20251009,44.3823,1.9283,2.3676,1605833.6092,1372818.8019
605507.SH,20251009,15.1424,1.5647,2.0925,1260705.816,680685.2516
002082.SZ,20251009,239.3798,2.7822,5.885,746872.3362,675521.8178
601108.SH,20251009,15.833,1.1089,6.354,3951840.5489,3951840.5489
920519.BJ,20251009,76.4821,2.3684,2.6664,119695.1175,84475.4287
301229.SZ,20251009,91.2474,3.9114,3.7107,377042.4143,254978.2376
301378.SZ,20251009,,2.2468,7.1589,294726.6,140085.2341
920981.BJ,20251009,956.4419,5.6346,5.2766,282625.728,137896.3481
601100.SH,20251009,52.6205,8.5129,14.3345,13944538.3168,13944538.3168
688075.SH,20251009,36.125,0.9543,9.4262,492318.7866,492318.7866
600478.SH,20251009,98.8614,3.8962,2.5754,1102588.0864,1102588.0864
688600.SH,20251009,68.6027,4.1414,4.0453,304037.0619,304037.0619
301336.SZ,20251009,63.8151,2.4595,5.5086,202280.0,153886.0119
301285.SZ,20251009,,9.768,11.4498,1006069.56,382137.0653
603266.SH,20251009,45.3892,3.1973,3.7138,493636.9135,493636.9135
603076.SH,20251009,120.4683,2.2931,2.0578,295356.1888,295356.1888
300880.SZ,20251009,27.398,3.6788,4.4354,384615.5789,384574.5584
300175.SZ,20251009,,5.7308,12.2861,295191.6,295191.6
301281.SZ,20251009,54.6452,2.6521,8.0615,366345.07,232926.316
300508.SZ,20251009,37.9136,3.9707,6.4884,316812.001,238616.4377
002058.SZ,20251009,24.0563,13.2805,27.9965,403089.8129,402160.9646
688303.SH,20251009,,1.6133,14.648,6294033.5942,6294033.5942
600262.SH,20251009,19.0431,2.3132,1.1971,388110.0,388110.0
002375.SZ,20251009,16.5221,0.6351,0.4558,513218.6587,508161.9863
000799.SZ,20251009,,5.2553,20.0602,1986940.7127,1986766.4352
300333.SZ,20251009,,7.2813,33.0654,426384.0,424835.905
301230.SZ,20251009,185.5716,4.7305,7.6022,480038.3346,264322.5889
002386.SZ,20251009,,0.9326,0.5621,698984.4782,698854.2364
300720.SZ,20251009,106.7684,8.1523,20.5474,467705.4144,419164.7784
600006.SH,20251009,258.7732,1.8867,1.5515,1578000.0,1578000.0
603520.SH,20251009,,1.9259,2.0746,501540.9039,501540.9039
300703.SZ,20251009,47.1235,6.2576,2.6937,566791.1613,533076.6938
002983.SZ,20251009,35.4983,3.4788,3.9119,466532.7394,267532.2433
002668.SZ,20251009,9.5541,3.4231,0.556,1049419.8623,1049419.8623
688121.SH,20251009,52.0191,1.2082,1.2563,307202.4139,266506.6671
002047.SZ,20251009,,,2.8734,347220.9507,347203.322
300210.SZ,20251009,,11.8067,14.1289,487125.2727,486658.4837
002611.SZ,20251009,31.1725,4.2767,4.792,2288498.3192,1884131.6892
603528.SH,20251009,,3.2583,15.2184,624042.2358,624042.2358
688609.SH,20251009,,6.0315,2.2438,510000.0,510000.0
301041.SZ,20251009,111.346,4.4125,4.2302,292836.6,216637.1541
300067.SZ,20251009,,2.1068,5.2472,529857.9295,430305.0096
920527.BJ,20251009,48.947,2.9747,3.0119,113780.9165,68879.4354
603329.SH,20251009,47.3277,2.0709,0.398,229704.338,229704.338
000700.SZ,20251009,17.9866,2.5817,1.4456,1009816.9279,1009816.9279
603069.SH,20251009,,8.2457,9.197,684456.0,684456.0
600976.SH,20251009,17.9596,2.4497,1.8691,616815.7706,616413.6706
300947.SZ,20251009,104.058,2.3466,2.4152,297287.848,297169.8969
300846.SZ,20251009,,13.9501,9.3575,1228113.7591,958210.4976
000007.SZ,20251009,45.0822,13.9988,6.0569,255678.6565,255678.6565
003816.SZ,20251009,19.9769,1.6644,2.2277,19290469.4402,15025964.6902
000788.SZ,20251009,24.1604,2.2912,1.8213,365936.279,365936.279
920931.BJ,20251009,49.3437,4.1043,4.2575,157802.4,48343.344
002632.SZ,20251009,35.8867,3.291,4.5321,683311.4045,636583.296
301277.SZ,20251009,35.8055,3.3293,7.2894,501860.352,129303.552
300142.SZ,20251009,1268.809,1.9721,7.3667,1872837.1415,1822011.0552
920508.BJ,20251009,280.597,8.4478,19.7883,161040.0,83861.58
002332.SZ,20251009,26.6691,1.6245,2.6134,975355.9979,970789.679
002762.SZ,20251009,84.1476,3.7367,10.2195,311187.975,185801.6435
603232.SH,20251009,247.5844,2.7142,7.9734,360122.6923,355739.3923
300025.SZ,20251009,,5.5772,4.8186,308328.5107,306873.6253
300605.SZ,20251009,,5.2982,6.4031,248685.4736,179706.0782
300033.SZ,20251009,104.1894,30.0529,44.67,20444390.4,10477201.7398
301223.SZ,20251009,22.324,1.1568,1.1169,337973.23,196026.355
000655.SZ,20251009,21.2207,1.6935,3.602,582242.7449,582242.7449
605009.SH,20251009,20.2947,2.0846,2.0557,694023.2743,692577.5783
688458.SH,20251009,,2.9312,11.423,543183.3832,414283.7947
603271.SH,20251009,23.7643,3.0139,0.9222,812060.16,162478.08
600674.SH,20251009,15.1464,1.6582,41.1586,7068179.9006,7068179.9006
301095.SZ,20251009,192.506,5.768,28.9572,1798323.8892,1566874.424
002400.SZ,20251009,145.5967,3.0136,0.6684,1495783.2558,1481049.2422
600984.SH,20251009,,1.2369,1.8732,473905.5597,473905.5597
603605.SH,20251009,19.2354,5.6002,2.8473,3171606.0633,3171371.0472
600986.SH,20251009,57.0497,2.2696,1.5496,1182462.3793,1182462.3793
600848.SH,20251009,26.9436,1.6022,2.7642,3011849.4828,2858331.254
603456.SH,20251009,27.9044,2.148,3.4803,1833148.2637,1833148.2637
000988.SZ,20251009,58.9879,8.4703,6.2877,8889649.4326,8885078.1935
603025.SH,20251009,28.5761,7.8758,6.9937,1890496.5307,1877832.8907
600023.SH,20251009,9.4284,0.9383,0.8305,6918906.0985,6918906.0985
002683.SZ,20251009,33.2883,5.0352,1.9051,3291569.7318,2860128.2666
600212.SH,20251009,451.4568,11.9751,5.1309,618346.613,452009.513
000720.SZ,20251009,,1.7574,3.1069,415911.95,415911.95
000969.SZ,20251009,56.1487,2.8182,2.1283,1567671.4007,1541524.6334
603585.SH,20251009,54.1078,1.3619,1.3148,337891.5224,330379.2824
600728.SH,20251009,74.0036,2.0212,1.5891,1571725.6554,1571725.6554
688362.SH,20251009,186.2549,6.2594,3.9464,1574612.9031,1076565.8431
300791.SZ,20251009,21.6148,3.0482,1.6822,716975.1337,598717.5497
002821.SZ,20251009,38.3403,2.3954,6.4998,4092017.5346,3597507.9287
601127.SH,20251009,35.9858,9.7656,1.8335,26133857.376,24156515.088
000516.SZ,20251009,,3.1197,2.4414,1081387.1317,1064945.5779
000902.SZ,20251009,11.7285,1.6171,1.0839,1793013.9214,1633036.2025
600746.SH,20251009,42.5727,1.5479,1.3204,840846.8765,839579.2898
603773.SH,20251009,,6.6873,3.3146,785148.5762,784812.261
301072.SZ,20251009,,3.3429,3.2881,253160.8239,161807.2144
600004.SH,20251009,18.0452,1.1926,2.9055,2234182.0592,2234182.0592
300901.SZ,20251009,,3.6586,10.4089,358800.0,358800.0
600590.SH,20251009,,2.575,1.8737,836665.2248,827541.7021
601083.SH,20251009,9.9011,1.6487,2.2237,1483061.52,222461.52
920370.BJ,20251009,,2.3331,3.2317,141733.7379,123457.4585
688766.SH,20251009,89.5203,7.8783,9.7288,1765041.394,1765041.394
000099.SZ,20251009,53.2606,3.211,7.7116,1726864.325,1726864.325
300014.SZ,20251009,52.1143,4.8577,3.35,18466727.9534,16803170.5494
301335.SZ,20251009,74.9663,2.0492,1.3291,391622.0408,156194.5077
688007.SH,20251009,,3.866,4.3382,997193.3484,997193.3484
002416.SZ,20251009,37.8878,2.7055,0.2955,1544145.1303,1524984.7628
000953.SZ,20251009,33.2656,17.8906,16.3183,267635.3245,267635.3245
301428.SZ,20251009,64.7317,2.92,3.2378,368421.3346,228508.3546
600810.SH,20251009,,1.5574,0.7774,1057757.5273,1047518.8353
300073.SZ,20251009,78.6727,2.7146,4.6004,3903129.8932,3628320.2784
603477.SH,20251009,13.6797,3.288,1.3469,1018610.455,1018610.455
301119.SZ,20251009,33.6112,3.9699,9.1056,394056.0,318692.79
000858.SZ,20251009,14.5655,3.3479,5.1512,47029562.5886,47027581.7074
603162.SH,20251009,21.1696,1.9986,2.209,833313.2652,249799.8924
300322.SZ,20251009,,11.3446,4.95,1114672.4447,1067163.7387
300371.SZ,20251009,33.9184,2.3416,5.8291,267216.5691,178496.986
603180.SH,20251009,15.9062,1.1073,0.8989,307742.8906,307742.8906
603001.SH,20251009,,1.3349,1.4846,333214.38,333214.38
603161.SH,20251009,28.6106,1.765,1.1511,258367.8399,253505.0888
688323.SH,20251009,,3.5814,7.2368,281520.3503,281520.3503
301602.SZ,20251009,68.1989,8.3228,26.6572,1065684.1393,145184.5629
002742.SZ,20251009,,,2.1089,199584.0,199518.4339
920599.BJ,20251009,10.9755,2.9119,1.3801,897298.5,676234.2312
688365.SH,20251009,,7.1619,13.4205,678338.7216,678338.7216
603173.SH,20251009,20.1974,4.5781,2.7605,823840.0,255081.46
000570.SZ,20251009,95.6899,1.1438,1.6127,400127.6515,315077.6515
003021.SZ,20251009,135.5301,10.0789,19.8927,3314231.307,2853769.8322
688206.SH,20251009,,9.4466,43.2337,1908690.0633,1908690.0633
600259.SH,20251009,273.6153,6.0159,2.0391,2068071.5388,2068071.5388
300647.SZ,20251009,,5.4125,4.0836,315094.1855,314626.4365
300276.SZ,20251009,339.316,7.2292,7.8145,1422058.6349,1072980.9219
300122.SZ,20251009,,1.6595,3.9412,5017383.3097,2964385.8958
301387.SZ,20251009,100.0234,2.7132,3.0396,445883.0711,178292.4213
002419.SZ,20251009,83.2784,1.5261,0.5466,638190.8715,638116.9775
300031.SZ,20251009,65.3102,2.5995,3.2505,1038073.0569,872364.7903
600893.SH,20251009,317.7071,2.8559,2.614,11352765.8596,11350766.3443
688029.SH,20251009,30.4359,4.6868,6.1763,1844849.5315,1844849.5315
301116.SZ,20251009,,3.049,0.2454,479061.2257,479058.825
300885.SZ,20251009,81.6518,6.7098,20.0283,581915.971,391656.6824
688199.SH,20251009,,1.6604,2.9528,423382.7611,423382.7611
603087.SH,20251009,49.1452,4.1794,11.8997,4518612.0905,4220200.1577
600579.SH,20251009,,2.5704,0.7347,423509.4512,423509.4512
603559.SH,20251009,,3.4672,8.1444,337473.9393,337473.9393
002658.SZ,20251009,28.5367,2.0725,3.5858,516873.6312,291588.7499
603867.SH,20251009,28.1947,2.669,2.1673,642523.9282,642523.9282
688658.SH,20251009,,2.8406,3.296,988200.0,988200.0
601279.SH,20251009,,1.5693,1.5035,662858.5417,662858.5417
600908.SH,20251009,5.6131,0.5872,2.6808,1290472.8367,1175595.847
001335.SZ,20251009,30.3162,3.8135,2.4992,362209.6598,88731.4315
301252.SZ,20251009,40.9578,3.8473,4.1415,488452.8,137377.35
300180.SZ,20251009,167.7564,2.8084,3.1487,1319034.0561,1282604.2967
605339.SH,20251009,66.4194,2.1184,2.2977,723415.5003,723415.5003
601000.SH,20251009,12.8964,1.1088,4.2507,2269630.6592,2269630.6592
002262.SZ,20251009,23.2308,3.6814,4.7488,2822870.9142,2456381.6548
600138.SH,20251009,45.5639,1.1154,0.6733,705020.16,705020.16
300324.SZ,20251009,,4.1377,4.1283,1155758.1081,1143983.8773
920592.BJ,20251009,264.8884,9.9749,17.5455,352670.175,216659.3111
300850.SZ,20251009,31.8313,2.8042,4.3947,1800861.1099,1301098.5989
300082.SZ,20251009,,2.0323,1.2443,559040.7204,557486.9456
002708.SZ,20251009,129.5884,4.67,3.2056,784126.664,717023.1952
600733.SH,20251009,,13.8996,2.1951,4453229.032,3903192.4399
600119.SH,20251009,,24.8843,12.6803,309384.0034,309384.0034
301321.SZ,20251009,,3.3099,1.0983,315261.585,249534.2768
688002.SH,20251009,57.8313,7.2601,8.3157,4022937.8843,4022937.8843
000860.SZ,20251009,,1.6354,1.4407,1157156.5028,1157156.5028
300257.SZ,20251009,48.7739,2.4769,3.6502,1625586.8894,1561873.1672
301628.SZ,20251009,57.0523,5.9353,7.6534,658256.8614,164564.652
600517.SH,20251009,18.8825,1.5401,4.3525,3408187.7034,3408187.7034
000572.SZ,20251009,,5.4474,4.9941,916062.4893,914734.9583
001256.SZ,20251009,37.8926,2.68,6.2268,315031.1406,90442.8219
300493.SZ,20251009,295.5202,10.7649,4.3453,1211214.8361,1196954.1311
601857.SH,20251009,9.4677,0.9999,0.5347,151541369.6333,134071480.4333
603707.SH,20251009,23.8442,2.5727,4.485,1686722.9076,1686722.9076
601500.SH,20251009,46.9541,1.1729,0.9024,712013.4493,709184.3293
001205.SZ,20251009,31.9341,1.4591,2.0008,300993.4018,255229.8878
300486.SZ,20251009,,6.4849,10.3353,945425.0541,922035.4817
688389.SH,20251009,21.2871,3.0571,5.8985,628160.0802,628160.0802
600977.SH,20251009,,2.4164,6.3051,2628736.0,2628736.0
601218.SH,20251009,74.9546,2.0181,4.3542,588203.3418,588203.3418
300926.SZ,20251009,18.7254,4.5845,2.7388,1373719.9142,896051.6186
300046.SZ,20251009,154.7324,9.0793,28.307,1022761.6482,1022761.6482
600053.SH,20251009,,2.8374,30.7683,731816.8704,731816.8704
300224.SZ,20251009,295.2696,3.4246,2.7225,1649201.1389,1639874.0397
002514.SZ,20251009,,37.0551,18.8849,493223.4708,379513.4708
600880.SH,20251009,278.4289,1.7727,8.2486,539012.7214,538863.8763
300140.SZ,20251009,26.3811,1.3528,3.1618,1881133.6787,619213.5988
301503.SZ,20251009,25.3229,3.0102,2.1543,313280.0,127191.68
300100.SZ,20251009,48.1117,8.7977,4.8366,2579071.0765,2488003.2228
688196.SH,20251009,36.7888,2.1264,2.0655,607800.0,607800.0
300483.SZ,20251009,,1.8164,1.5335,347803.5686,347649.9686
603370.SH,20251009,56.84,5.0173,6.0742,937032.2,183621.9922
600367.SH,20251009,43.0757,2.5365,2.7741,620175.9798,585347.2449
301487.SZ,20251009,,6.8928,6.5393,1298416.4374,770643.0613
600251.SH,20251009,32.9166,1.7747,2.0184,665106.507,665106.507
002943.SZ,20251009,,8.5039,9.5054,750333.204,483776.1379
688343.SH,20251009,,8.1081,25.183,3207551.5137,2358378.3366
688314.SH,20251009,30.9223,4.2977,8.6316,292542.2584,292542.2584
002991.SZ,20251009,17.8255,3.2216,2.3461,506721.2573,271439.6258
300428.SZ,20251009,21.5068,2.0767,0.5353,1561651.1612,1360547.6529
600935.SH,20251009,,1.4548,1.7527,869926.6096,848791.2385
002591.SZ,20251009,,2.8462,4.5456,186724.079,139024.7514
600820.SH,20251009,7.3343,0.6655,0.3249,2040518.365,2040518.365
301169.SZ,20251009,,6.8457,9.3704,310494.7102,310397.7352
000690.SZ,20251009,11.4592,0.8365,1.2041,1029194.9587,1028524.9604
000733.SZ,20251009,32.683,1.8807,5.4191,2817397.3872,2817017.6124
603949.SH,20251009,62.3361,4.1392,11.3332,429663.1438,427767.7326
300513.SZ,20251009,,2.2905,3.1274,297692.9061,273575.6626
600258.SH,20251009,18.5854,1.3446,2.0473,1572177.2014,1572177.2014
300848.SZ,20251009,80.9968,4.5404,4.1742,692322.1805,409552.2244
300972.SZ,20251009,44.3433,20.8891,0.7702,3388515.6348,3012695.9532
600446.SH,20251009,,4.661,4.8367,1718754.4167,1718754.4167
300197.SZ,20251009,,5.4863,7.269,661261.4718,661244.7468
300401.SZ,20251009,23.6308,2.5155,6.0746,776615.4376,764063.103
002532.SZ,20251009,12.6452,2.026,1.9058,5647388.8938,5013826.6187
002807.SZ,20251009,5.0542,0.5753,2.6029,1090397.0055,1088901.2683
601688.SH,20251009,11.4953,1.212,5.0243,20220174.8806,16367138.1574
300251.SZ,20251009,24.8164,4.9019,14.5528,5083908.7527,4809707.5623
300454.SZ,20251009,93.9967,5.9078,6.7438,5274811.9886,3479524.7606
688229.SH,20251009,,7.1237,19.4839,280608.0,280608.0
000056.SZ,20251009,,16.2022,4.7139,279076.6599,213279.4618
920145.BJ,20251009,,7.0172,26.0359,183288.9,126457.0005
600067.SH,20251009,,0.7582,0.4868,421675.6279,421675.6279
002039.SZ,20251009,34.6629,1.8495,3.7838,735399.9767,735397.9127
920273.BJ,20251009,38.8495,5.8496,5.1359,366628.4101,240748.3204
301186.SZ,20251009,32.5055,2.2623,4.6114,346076.1481,325337.1861
688721.SH,20251009,93.4291,6.0986,30.3801,724638.0,190004.3392
920579.BJ,20251009,,6.674,7.9587,341827.2,117676.4688
300409.SZ,20251009,74.8407,2.6372,2.847,2069830.7296,1819097.5927
000930.SZ,20251009,156.3306,1.0386,0.5847,1108296.1104,1108239.8038
002346.SZ,20251009,21.4934,3.0637,8.7913,797926.7767,710738.3256
600351.SH,20251009,19.5271,1.6553,1.9456,463400.0305,463400.0305
300723.SZ,20251009,,14.0214,22.6712,2542578.5798,2351048.6125
002178.SZ,20251009,,10.8398,9.9528,470733.1337,470488.6674
003035.SZ,20251009,,2.6863,5.3492,1837121.2117,1837121.2117
600803.SH,20251009,13.058,2.4681,0.4233,5707932.4597,5669745.4684
605055.SH,20251009,,3.9987,2.8933,439120.0,439120.0
603338.SH,20251009,14.6105,2.5648,3.2777,2712505.5878,2712505.5878
605111.SH,20251009,34.197,3.7143,8.2025,1545867.8144,1545867.8144
301029.SZ,20251009,44.1247,4.9777,7.477,2044669.5435,1489103.5993
920694.BJ,20251009,20.5137,2.9021,3.6942,246873.3616,116794.6342
600960.SH,20251009,,1.3147,1.3161,475257.759,475257.759
601099.SH,20251009,115.5931,3.2063,22.61,3149138.1629,3149138.1629
600526.SH,20251009,18.1471,1.0654,1.0566,466568.991,378362.2883
300938.SZ,20251009,32.5645,3.3418,7.9558,580738.79,404866.505
002968.SZ,20251009,25.9893,2.1692,0.8472,268139.1729,252590.0472
300793.SZ,20251009,256.1894,2.2159,2.8238,662136.5098,647418.7198
002378.SZ,20251009,90.8908,7.3471,3.7324,1589475.5721,1581145.5712
600488.SH,20251009,109.0958,1.4793,1.48,444397.8788,444397.8788
001268.SZ,20251009,38.061,3.3338,4.0902,339558.2688,197988.2688
601198.SH,20251009,21.1813,1.3002,5.6151,3785193.7039,3785193.7039
600276.SH,20251009,64.2072,8.0773,15.6655,47223677.1035,45386601.1795
605333.SH,20251009,23.1661,6.6764,1.9723,1602531.4412,1602531.4412
002035.SZ,20251009,11.6816,1.4045,0.8797,534021.7793,491411.3507
605081.SH,20251009,,1.5454,23.1435,141785.3341,141785.3341
301317.SZ,20251009,13.1748,3.9332,6.9365,530673.44,151244.8
301306.SZ,20251009,,4.9414,15.075,474159.2,327529.4
688348.SH,20251009,71.0323,2.5732,6.1256,933132.5644,933132.5644
002114.SZ,20251009,,3.0833,2.4304,261950.1663,261946.5666
688590.SH,20251009,359.2552,4.3241,3.1462,617799.2409,617799.2409
002301.SZ,20251009,83.2133,1.4909,0.4138,462358.3851,460231.7329
603639.SH,20251009,22.2202,1.4203,1.1932,490444.4388,490444.4388
600130.SH,20251009,946.5047,3.0424,6.5858,294000.0,294000.0
605377.SH,20251009,16.0056,1.3621,1.4963,516033.3384,516033.3384
300094.SZ,20251009,,3.1667,1.348,409524.7128,401302.8158
300862.SZ,20251009,,2.2086,8.0589,434959.7771,356865.6925
000692.SZ,20251009,,42.3336,0.8833,185425.8756,185425.8756
600299.SH,20251009,19.1577,1.5213,1.5259,2561215.7157,2561215.7157
688408.SH,20251009,18.9194,2.4381,1.0899,1055678.5046,1055678.5046
300596.SZ,20251009,19.7927,1.9186,1.5108,885643.0556,860283.7589
920092.BJ,20251009,,6.1574,10.7155,230439.8464,118523.065
920185.BJ,20251009,40.5024,3.047,2.4674,3710071.4939,3650288.3331
688529.SH,20251009,,1.8741,2.1074,353001.3253,353001.3253
688616.SH,20251009,21.7921,2.8428,4.1342,233191.7445,233191.7445
603198.SH,20251009,13.8858,3.3255,4.8378,3250400.0,3250400.0
002603.SZ,20251009,,2.4892,4.55,2706542.7091,2230491.7172
002351.SZ,20251009,29.1004,4.5006,4.2834,1249195.335,732084.7689
300816.SZ,20251009,50.8419,3.3872,3.0574,296880.0,210297.067
001266.SZ,20251009,95.3666,3.0992,3.8745,293311.6277,164001.19
002190.SZ,20251009,,5.0383,6.6226,1564777.3942,1564777.3942
002728.SZ,20251009,80.2795,2.5264,5.1789,448066.4709,329038.0278
300963.SZ,20251009,127.8183,9.5453,10.501,1032398.64,651467.9427
002444.SZ,20251009,14.8688,1.9557,2.3428,3542822.2878,3402099.2195
603648.SH,20251009,32.8369,2.1657,2.7369,391405.824,391405.824
601825.SH,20251009,6.3515,0.6291,2.9926,7831288.8893,7612046.4192
301232.SZ,20251009,,2.1197,1.2802,296740.946,176346.3622
000753.SZ,20251009,129.2221,2.613,2.1654,713866.3711,713866.3711
603569.SH,20251009,142.8865,1.788,1.1355,531086.3809,531086.3809
002291.SZ,20251009,,2.0169,1.6592,610911.1155,567523.286
300721.SZ,20251009,,2.0018,1.4558,230950.2813,193830.6883
002167.SZ,20251009,42.8448,6.5376,8.4036,1138769.751,1113380.8856
920641.BJ,20251009,,4.4489,3.0658,149474.325,88912.7739
001368.SZ,20251009,28.9124,1.9642,2.6396,276851.4478,78033.3928
300169.SZ,20251009,,263.266,4.6248,231448.8814,214232.4052
603721.SH,20251009,,5.8316,8.6039,266240.0,266240.0
300171.SZ,20251009,88.7708,1.441,2.1735,1118874.7664,822042.3957
301203.SZ,20251009,21.7068,1.9084,8.8163,276560.0,151563.5225
301087.SZ,20251009,27.3334,1.744,2.7535,804044.553,747656.78
300959.SZ,20251009,182.7914,6.3214,7.5863,713666.064,464914.3447
688661.SH,20251009,283.1181,6.6957,10.5804,824295.2317,823000.1596
600166.SH,20251009,49.4804,1.4541,0.4054,2193119.9017,2193119.9017
002955.SZ,20251009,55.7152,2.0078,1.9475,652889.5172,541535.9351
301097.SZ,20251009,,2.1868,5.7735,255418.9455,79499.1455
601838.SH,20251009,5.5194,0.9326,3.1037,7345208.4719,7332423.8571
002456.SZ,20251009,,11.8445,2.1808,4522335.9199,4462000.5854
000802.SZ,20251009,,3.7302,6.8067,317859.7132,317666.5732
301225.SZ,20251009,70.7851,6.6256,10.5449,987175.62,285343.218
301170.SZ,20251009,24.8692,1.5744,2.5739,273700.0,91895.9382
002207.SZ,20251009,,45.4045,6.2729,219602.4068,218560.4141
920108.BJ,20251009,56.737,5.4793,4.8993,272076.0,55936.503
688652.SH,20251009,102.2826,7.7858,13.2885,1668744.0,1182722.31
688671.SH,20251009,,1.5686,4.9689,169208.2295,100955.5479
603186.SH,20251009,,4.106,1.4792,594320.333,594320.333
688767.SH,20251009,57.0974,2.6985,12.6452,626602.6695,626602.6695
688522.SH,20251009,103.4744,5.8543,30.9097,1321060.8422,527602.9068
300660.SZ,20251009,85.3601,7.785,6.8418,2637658.4967,2635546.7667
301269.SZ,20251009,962.8278,13.937,56.167,7189958.5487,7189958.5487
301256.SZ,20251009,58.9241,3.1202,3.6136,526560.0,526560.0
920566.BJ,20251009,21.3623,2.226,4.2123,174265.1292,134591.1801
301085.SZ,20251009,1193.3423,4.582,4.0733,498786.5799,338624.693
688261.SH,20251009,189.7006,3.3018,8.0458,965104.2135,961510.6384
920779.BJ,20251009,51.1902,7.6615,20.7801,349926.5264,87545.0927
688508.SH,20251009,59.1855,3.6186,8.1453,934535.7325,934535.7325
002903.SZ,20251009,342.6592,4.4032,7.1106,352742.52,239200.2575
300952.SZ,20251009,45.8428,3.3775,4.1583,560907.0643,340562.8005
000948.SZ,20251009,85.102,2.7277,0.7178,725583.0084,724167.7496
603889.SH,20251009,11.8973,1.4724,1.064,514859.6973,508064.4138
002438.SZ,20251009,23.0503,1.9387,3.2202,695326.3216,642366.5138
301155.SZ,20251009,132.8511,3.8783,7.1927,2173914.78,1233491.96
300786.SZ,20251009,,2.9543,6.1009,330308.5028,263226.777
301166.SZ,20251009,,1.3283,2.518,269446.6708,176960.1388
920128.BJ,20251009,63.3842,5.1484,4.1973,264354.64,71501.76
920970.BJ,20251009,,3.5835,7.9956,101894.766,64627.2735
601997.SH,20251009,4.2432,0.3384,1.5041,2109626.2899,2109626.2899
600201.SH,20251009,232.6774,2.0345,8.5628,1081730.6347,1081730.6347
002399.SZ,20251009,43.0142,1.4324,3.3108,1741680.5941,1480428.4226
000630.SZ,20251009,38.2538,2.2209,0.5271,7911588.1909,6574376.7555
002899.SZ,20251009,38.4713,2.0019,2.8344,344810.345,344810.345
002780.SZ,20251009,,3.0638,2.4662,209591.3564,173768.1362
000999.SZ,20251009,16.9068,2.2098,1.6624,4708175.5929,4703761.3345
688160.SH,20251009,175.8557,7.3685,15.1938,914680.3144,845880.0
600713.SH,20251009,11.7917,0.9566,0.1193,649228.6372,638304.3413
002213.SZ,20251009,,9.3303,4.4752,514548.4154,447883.3347
600309.SH,20251009,19.3078,2.1362,1.2054,21202684.3229,21202684.3229
300106.SZ,20251009,,6.0853,2.6147,230563.5502,230563.5502
600271.SH,20251009,,1.1351,2.363,1554570.2113,1554570.2113
600095.SH,20251009,211.7133,3.1458,113.8345,3756972.6943,3756972.6943
301083.SZ,20251009,94.144,3.711,7.9916,304685.6006,146649.7878
603075.SH,20251009,28.0916,4.5048,4.4812,898342.3038,92058.9873
002033.SZ,20251009,24.3064,1.9232,5.8561,469265.0672,469256.0746
688195.SH,20251009,205.8766,16.0365,30.3245,1505634.0,1505634.0
002856.SZ,20251009,,15.3361,3.1122,143296.2637,131214.8051
002600.SZ,20251009,60.4712,5.9084,2.4714,12040056.6519,11853664.1627
600754.SH,20251009,54.9282,1.5436,1.7409,2384613.6081,2026605.321
002789.SZ,20251009,,,0.2916,159623.514,156466.099
688072.SH,20251009,119.4976,14.0751,16.2969,7807360.0082,7807360.0082
300240.SZ,20251009,,2.0393,0.458,291676.9158,285252.42
301329.SZ,20251009,52.3219,2.2396,4.1277,343633.8,121026.936
300405.SZ,20251009,,4.0759,2.9698,172614.2113,132825.7789
002393.SZ,20251009,14.1069,1.1981,4.5326,599679.5327,582505.3605
920826.BJ,20251009,41.4174,5.0142,3.0963,173958.5777,74506.0737
300724.SZ,20251009,11.2309,3.0242,1.8327,3782080.6749,3123178.5874
001288.SZ,20251009,35.4192,2.7869,3.2969,601164.4844,387724.6024
603214.SH,20251009,22.4355,2.1654,0.6886,248402.2845,248402.2845
688677.SH,20251009,44.3373,4.9046,12.6503,617366.55,617366.55
300780.SZ,20251009,,2.4263,4.5957,250952.37,183992.4055
300365.SZ,20251009,,2.0286,3.4162,382707.7892,326480.3056
300948.SZ,20251009,,3.5302,30.9311,271102.0081,253243.4981
920454.BJ,20251009,66.8629,6.0082,12.1772,189600.4,113975.1415
605299.SH,20251009,52.4294,3.1242,2.5898,378125.3073,378125.3073
300663.SZ,20251009,,11.4904,13.4356,874606.5872,818200.3239
688597.SH,20251009,29.768,3.5781,3.0558,287667.247,287667.247
301489.SZ,20251009,320.9107,18.3687,23.3472,1927352.5437,1136084.7613
920022.BJ,20251009,26.5917,4.4187,3.3942,187230.18,53666.45
600035.SH,20251009,8.7848,0.7315,1.3046,639216.0127,639216.0127
300293.SZ,20251009,,8.8291,6.6426,847110.5793,701680.8003
002970.SZ,20251009,24.4316,5.0449,3.2457,902572.9785,615880.4415
600183.SH,20251009,60.4515,9.4978,5.7584,13496984.8391,13303850.5785
688216.SH,20251009,,4.8467,4.2446,288361.7139,286759.1019
600470.SH,20251009,,1.7614,0.4677,296790.4,296790.4
301368.SZ,20251009,894.1437,8.9057,17.1414,866161.2,462443.8253
600847.SH,20251009,,3.2515,3.1117,171988.4628,171988.4628
300414.SZ,20251009,241.3205,3.9801,8.8111,393505.4955,378428.9961
000415.SZ,20251009,,0.7614,0.4281,2170766.97,1892927.4623
000429.SZ,20251009,13.1223,2.2016,5.193,2314522.3815,1442786.2059
601952.SH,20251009,20.0436,1.9143,1.2436,1299454.0,1299454.0
300192.SZ,20251009,44.9018,6.5004,7.6949,608586.0153,600255.1147
300693.SZ,20251009,31.315,6.8722,4.2793,1269951.0414,1091543.2815
301292.SZ,20251009,,2.0108,1.3714,565010.093,215734.0888
688110.SH,20251009,,15.414,67.3547,4833789.8549,4833789.8549
002005.SZ,20251009,,15.3072,5.8008,411819.8416,411718.3921
002151.SZ,20251009,,3.1867,9.6278,1639048.0463,1336870.1444
300393.SZ,20251009,,2.2312,1.1259,711526.6648,624205.9977
300675.SZ,20251009,,4.0376,6.602,222200.0505,222200.0505
002859.SZ,20251009,79.0303,4.9669,7.3075,1417783.5722,1334458.522
000557.SZ,20251009,18.8536,1.1939,5.659,756896.4875,756658.5068
688500.SH,20251009,,7.6515,11.8995,559303.9619,544590.5795
002255.SZ,20251009,17.3115,1.7759,2.8615,763579.6895,586296.4913
002059.SZ,20251009,,4.2963,15.263,568988.3649,552471.8846
301006.SZ,20251009,27.383,1.8018,6.0193,226330.0,139889.9125
002793.SZ,20251009,,3.7721,2.1616,532918.3581,532108.3186
688025.SH,20251009,75.1061,6.204,7.4693,1300276.1066,1300276.1066
920252.BJ,20251009,375.1003,13.2539,8.308,344392.9811,228915.8068
002830.SZ,20251009,56.5134,3.4727,3.4587,224011.2,112312.2
601515.SH,20251009,,1.6674,6.3188,846010.1349,846010.1349
002696.SZ,20251009,99.3042,1.5647,0.5937,210588.2553,203368.0644
002900.SZ,20251009,,2.0309,3.9864,407468.5244,225340.2368
002741.SZ,20251009,,5.6533,3.9536,1067691.2238,978918.9208
603656.SH,20251009,164.2588,3.2236,7.1158,418645.9423,418645.9423
600844.SH,20251009,,19.2944,3.578,301907.6993,244350.9983
600033.SH,20251009,11.6289,0.7534,3.0482,924862.8,924862.8
688398.SH,20251009,92.0788,3.1801,3.4012,323209.9585,323209.9585
600721.SH,20251009,81.9415,4.6148,9.2715,363012.9674,363012.9674
002608.SZ,20251009,9.4811,0.9351,0.928,3143362.3137,3143362.3137
920509.BJ,20251009,78.7491,14.5244,23.005,479474.3367,251158.0387
600641.SH,20251009,89.5997,2.4014,18.1918,1963629.1312,1963629.1312
600993.SH,20251009,20.8128,2.8111,3.1053,1164276.5596,1162259.2502
601139.SH,20251009,14.2711,1.2477,0.6454,1936046.654,1936046.654
300410.SZ,20251009,,16.1293,5.1158,377394.0113,377394.0113
300301.SZ,20251009,,9.4039,4.0192,180081.5229,171403.248
300285.SZ,20251009,40.9623,3.6243,5.8449,2482650.2645,2094948.669
300458.SZ,20251009,206.478,14.2335,16.8292,4312179.5002,3529722.1913
605090.SH,20251009,16.6696,2.503,1.1307,2397953.2139,2392413.6746
688686.SH,20251009,101.3183,5.6835,15.969,1711296.37,1711296.37
002057.SZ,20251009,39.6322,2.7122,2.9279,857919.6574,857397.5544
002233.SZ,20251009,14.3469,0.9018,2.4597,1071855.2394,1071144.9844
688332.SH,20251009,67.455,4.9828,10.874,2000603.5398,735130.7687
301376.SZ,20251009,22.2947,2.3434,0.9304,785864.6917,378027.3164
300488.SZ,20251009,44.5987,3.9459,9.536,628485.5168,523278.4682
301185.SZ,20251009,40.6068,2.7307,13.7475,289959.264,264354.9861
600029.SH,20251009,,3.3682,0.6363,11180606.5967,7819456.6865
000519.SZ,20251009,,2.5053,5.2389,2563701.0859,2563701.0859
002379.SZ,20251009,,10.7969,6.1114,1988654.0678,1988654.0678
300649.SZ,20251009,,4.4187,12.3364,213985.2401,171484.7714
920132.BJ,20251009,146.8561,6.8909,6.767,178402.896,60577.4267
688418.SH,20251009,,6.5637,6.188,573042.5908,573042.5908
605008.SH,20251009,,5.1053,2.6278,1022558.5014,1022558.5014
603777.SH,20251009,,2.6151,1.234,434082.5675,434082.5675
000596.SZ,20251009,14.7,3.275,3.4842,8240874.0,6370074.0
600195.SH,20251009,81.3809,1.3117,1.155,731142.1542,731142.1542
600456.SH,20251009,41.8389,2.2726,2.6904,1585743.6519,1585743.6519
000034.SZ,20251009,49.5301,3.0645,0.2418,3317223.4853,2770934.7925
300680.SZ,20251009,61.5204,7.7206,5.4238,1389068.0758,1072612.654
603213.SH,20251009,44.701,3.2434,1.9493,602745.0733,602745.0733
301567.SZ,20251009,97.5668,4.0593,7.7655,300672.0,88697.6136
000895.SZ,20251009,17.0751,4.607,1.4184,8564642.5185,8563532.4768
600479.SH,20251009,18.0782,1.7958,1.2353,435247.4017,435247.4017
688218.SH,20251009,917.7477,3.8853,5.6611,349875.0888,349875.0888
920122.BJ,20251009,114.6958,10.7203,18.1313,360205.4317,139502.7589
603309.SH,20251009,16.7788,2.1112,2.4921,393321.7482,391983.3144
002381.SZ,20251009,31.2005,1.2954,0.9874,273698.9417,214147.2474
600983.SH,20251009,20.2742,2.9334,1.8622,783300.658,783300.658
600064.SH,20251009,6.7435,0.7455,4.8639,1405035.7909,1405035.7909
002355.SZ,20251009,,3.2773,4.992,397746.195,367809.1568
920950.BJ,20251009,26.8548,4.962,7.0242,149499.48,75544.95
002609.SZ,20251009,117.3998,2.7735,3.834,655664.179,468128.7946
000950.SZ,20251009,27.2562,0.7735,0.1088,891743.3031,891743.3031
688333.SH,20251009,187.9781,4.314,14.7052,2093352.5098,2093352.5098
688062.SH,20251009,,23.1435,102.1095,1893304.8,967357.46
688003.SH,20251009,81.4346,5.9804,6.6897,1113566.964,1113566.964
605199.SH,20251009,,5.0145,3.4148,352495.8105,352495.8105
302132.SZ,20251009,256.2171,12.9584,11.1305,24112952.577,5288691.159
002023.SZ,20251009,106.4212,2.1426,6.621,931261.3154,931261.3154
603998.SH,20251009,18.0756,3.305,3.0554,519872.3302,519872.3302
001206.SZ,20251009,25.9699,3.1699,3.0791,576868.681,331704.2383
000792.SZ,20251009,23.8796,3.0346,8.079,11858414.0644,11858345.0528
601865.SH,20251009,,2.0033,2.7223,4280515.136,3473172.971
603558.SH,20251009,11.4418,1.5395,1.3368,344351.2392,344351.2392
301377.SZ,20251009,97.5555,11.4763,16.3993,2904850.0,503205.04
688316.SH,20251009,,68.1251,13.9734,318618.3541,318618.3541
603126.SH,20251009,,2.0435,1.6808,412698.0,412698.0
920090.BJ,20251009,,15.0482,19.5097,136742.8126,92848.3164
601878.SH,20251009,23.1628,1.4799,3.8206,5319325.4912,5319325.4912
688375.SH,20251009,107.7653,7.7331,20.1673,4757390.9318,4757390.9318
688255.SH,20251009,423.6297,4.0931,7.7578,427680.5809,427680.5809
300717.SZ,20251009,38.6489,2.8188,5.9696,200822.35,199021.5436
603196.SH,20251009,,7.7631,6.2844,523744.1032,523744.1032
600490.SH,20251009,173.8254,2.5673,2.4826,1606556.0194,1446643.1262
300302.SZ,20251009,,9.6075,35.0973,1005016.1844,773402.7378
002694.SZ,20251009,,27.926,3.6146,318206.3616,299731.5519
603289.SH,20251009,33.8428,2.2092,2.7615,318898.163,318898.163
000029.SZ,20251009,,8.4419,33.59,3057236.52,2694596.52
002016.SZ,20251009,191.1316,1.0065,4.6605,482220.9967,482220.9967
300760.SZ,20251009,32.7986,8.0363,9.1376,30097645.1647,30096757.0861
301603.SZ,20251009,34.4188,4.1626,4.2873,928644.4,290162.925
301216.SZ,20251009,,1.904,0.6728,1131014.4014,1129349.6827
601899.SH,20251009,21.3767,6.3926,2.6815,86058184.4177,66663744.3449
002887.SZ,20251009,24.566,1.2675,6.3557,288851.4448,183702.7398
002392.SZ,20251009,37.0013,2.1657,1.8083,1196443.2932,1149600.7899
300573.SZ,20251009,32.7316,10.3898,7.4436,1648254.2125,1266012.1721
002713.SZ,20251009,,,3.2435,251302.651,246488.9978
000963.SZ,20251009,20.1638,3.1644,1.718,7321283.8544,7312581.8157
600715.SH,20251009,,9.4806,29.5187,1063681.617,697541.5271
300650.SZ,20251009,94.1273,3.5341,1.715,444232.6164,346652.7689
301370.SZ,20251009,42.175,2.0289,0.6861,505424.4,347705.9545
688173.SH,20251009,,4.7434,8.9055,696299.2353,690044.0412
002511.SZ,20251009,75.7541,1.9659,1.2515,1058688.9401,1041375.5829
300061.SZ,20251009,,14.5159,16.3113,788156.4377,744114.9672
603367.SH,20251009,19.5528,1.503,2.5051,914563.3406,914563.3406
002966.SZ,20251009,6.8722,0.7275,2.9238,3607824.2429,3547750.3664
000758.SZ,20251009,27.0212,2.3998,1.5414,1427226.164,1416855.3434
920106.BJ,20251009,39.6473,10.0014,12.8509,508039.35,266403.41
920225.BJ,20251009,24.4606,3.9658,5.5596,277952.3779,181292.9173
688379.SH,20251009,30.6267,4.4223,2.1563,486551.8935,486551.8935
000507.SZ,20251009,18.0762,0.9486,1.0472,493897.6386,484564.3423
000757.SZ,20251009,108.1554,1.9731,0.9401,311638.9156,311633.0217
000876.SZ,20251009,18.2427,2.0009,0.4245,4462047.7153,4458509.0188
688087.SH,20251009,17.7846,1.9839,1.6797,529963.5905,508636.4332
002747.SZ,20251009,,11.5786,5.2262,2293391.5867,2060072.7678
600300.SH,20251009,14.1422,1.5838,1.5682,538508.3459,538508.3459
000609.SZ,20251009,,23.0344,8.3913,132574.6262,128938.8145
002705.SZ,20251009,11.1408,1.5408,0.7604,1285199.3597,1279227.6822
601368.SH,20251009,92.231,0.9143,1.7582,433539.7808,433539.7808
603348.SH,20251009,148.2906,1.5976,1.1507,687447.1417,687447.1417
601996.SH,20251009,,0.9886,1.3794,253326.658,253326.658
001212.SZ,20251009,1140.1606,6.3017,22.6465,1064953.5254,911864.4317
688296.SH,20251009,,2.3524,3.8607,157963.6382,157223.5862
002673.SZ,20251009,25.5142,1.3369,6.3439,3915353.5736,3599640.6796
603926.SH,20251009,43.8434,2.46,1.7354,415683.1181,408815.1801
002448.SZ,20251009,25.3129,1.8114,1.8541,659607.2132,510657.4355
300347.SZ,20251009,165.7501,2.3874,7.544,4900099.2506,3222325.0463
600370.SH,20251009,,1.6147,0.3654,822189.6411,822189.6411
603690.SH,20251009,,2.4012,3.2546,1199273.1759,1197146.2455
600783.SH,20251009,71.7327,2.2546,120.1716,1026471.4664,1026471.4664
920706.BJ,20251009,39.8605,3.569,4.9311,206063.6964,94433.5201
600511.SH,20251009,11.1578,1.244,0.4223,2173723.1372,1594191.0475
600784.SH,20251009,17.0559,1.3329,1.2928,431066.1527,431066.1527
920066.BJ,20251009,45.7042,4.7592,3.8909,184034.5385,49934.8469
002660.SZ,20251009,313.6879,3.0178,2.7573,373387.4419,359107.0854
600288.SH,20251009,,3.3644,3.3916,616324.8,616324.8
603122.SH,20251009,,2.2915,3.0842,254753.6851,254753.6851
600079.SH,20251009,25.4107,1.9033,1.4164,3489699.1132,3299316.2103
920556.BJ,20251009,59.6145,3.3604,5.0092,173575.1552,127146.5504
300996.SZ,20251009,45.7873,3.9798,5.8456,499382.5008,415191.3823
301202.SZ,20251009,62.1063,4.9601,4.5277,605616.0,165079.2
300384.SZ,20251009,19.2073,2.0446,6.0473,554434.6266,382764.3787
603776.SH,20251009,,1.6992,14.4405,585666.5532,585666.5532
603538.SH,20251009,50.1944,2.2334,3.3729,486480.8954,476665.3995
002302.SZ,20251009,,1.0161,0.4499,876073.887,876073.887
688739.SH,20251009,46.1678,1.2086,7.5261,1130661.75,1130661.75
688523.SH,20251009,84.505,5.7526,17.5134,958609.28,227391.5476
301219.SZ,20251009,32.8639,2.6287,3.4797,2391335.2147,2344600.23
920871.BJ,20251009,66.8188,5.7037,8.8044,146940.0626,76526.299
002356.SZ,20251009,,8.1806,6.9626,457627.8278,457625.2103
300160.SZ,20251009,19.5986,1.7497,2.7025,451400.6345,445217.9579
600223.SH,20251009,34.9072,1.8853,2.0349,782757.9568,782757.9568
002685.SZ,20251009,67.3809,5.2781,8.2975,822275.5631,822165.9539
688315.SH,20251009,33.1753,2.5504,3.0422,655515.0,655515.0
603071.SH,20251009,11.4258,1.4185,0.1802,778346.4466,778346.4466
000531.SZ,20251009,21.8627,0.9443,1.5344,637337.6152,556764.2387
920169.BJ,20251009,75.7567,7.552,12.8257,249732.1665,155306.2407
301578.SZ,20251009,63.611,3.2372,3.3825,300681.0928,85496.931
300111.SZ,20251009,1354.6882,14.1559,30.6743,973131.2998,973131.2998
300607.SZ,20251009,,6.0832,7.6918,1718531.6004,1196374.0026
002011.SZ,20251009,14.1775,2.5774,1.2007,1568322.0599,1353335.3706
601998.SH,20251009,5.8074,0.5773,1.9202,40398387.8037,29593937.4824
002413.SZ,20251009,,2.1632,5.6941,734880.2124,721538.3052
300145.SZ,20251009,39.7108,3.1576,1.7294,885535.0088,877740.9118
002690.SZ,20251009,27.0503,7.3312,7.6547,1839460.0793,904111.388
002244.SZ,20251009,11.9172,1.3205,0.4261,3851967.5358,3325143.4139
300753.SZ,20251009,,5.5383,9.7058,372219.744,259585.7122
605155.SH,20251009,25.6349,2.4439,3.625,315450.5669,313201.9905
300037.SZ,20251009,38.7922,4.0484,4.603,3918362.8141,2830941.7282
002403.SZ,20251009,235.8061,3.0572,1.7387,505167.0127,440690.4363
001217.SZ,20251009,86.6218,1.7656,2.1882,398244.0,394299.6264
000680.SZ,20251009,12.2568,2.7286,1.043,1534645.8921,1344939.9455
605318.SH,20251009,,8.421,9.0375,539126.0721,539126.0721
603231.SH,20251009,24.4416,1.8871,2.32,361283.3311,200523.908
300967.SZ,20251009,15.9003,5.0085,3.083,411342.8938,273670.2595
301328.SZ,20251009,55.8569,2.7227,8.2557,520895.6356,239449.5941
301027.SZ,20251009,,3.054,4.5768,282387.0,227143.4506
300969.SZ,20251009,73.8897,10.0952,14.5527,1350160.0,365993.2839
301039.SZ,20251009,19.2249,1.2346,0.887,1778544.0746,1378353.6975
600371.SH,20251009,71.6288,4.7145,8.5769,261564.732,261564.732
300674.SZ,20251009,40.8604,4.1057,4.6014,1786896.8183,1784243.9357
600704.SH,20251009,8.9262,0.8055,0.0533,3164762.0927,3164762.0927
300539.SZ,20251009,283.4187,12.2942,16.3188,1415035.294,910645.14
000581.SZ,20251009,15.9269,1.1428,1.9949,2241009.2364,1840183.8196
003002.SZ,20251009,30.4718,3.6684,4.2593,527800.0,482605.8055
603709.SH,20251009,,3.5059,1.1371,183327.1895,181783.7693
002092.SZ,20251009,,0.564,0.4218,1217309.173,1210536.943
603661.SH,20251009,20.1482,1.1968,0.3908,452245.9848,452245.9848
002627.SZ,20251009,33.3879,1.38,5.5375,424616.4075,420225.0343
002384.SZ,20251009,99.4856,6.1163,3.4408,12764472.8905,9661276.0876
003020.SZ,20251009,30.5356,3.0106,3.5736,529467.1947,383425.072
603992.SH,20251009,42.1389,4.2295,4.9531,1341125.0396,1315894.9276
300662.SZ,20251009,22.8537,2.6747,0.4216,561685.3486,560193.3716
001308.SZ,20251009,20.3398,2.0574,1.0333,1645088.5449,1160897.5814
300749.SZ,20251009,,3.3495,1.8768,177471.531,136147.194
002228.SZ,20251009,33.0668,1.307,0.3653,399203.8719,397866.8423
000635.SZ,20251009,,2.0096,1.8717,327525.0407,251865.7973
603070.SH,20251009,51.6268,2.5526,2.7409,545761.0,538162.4118
002923.SZ,20251009,,4.1481,3.9008,442059.1375,340671.9796
603810.SH,20251009,191.9401,1.7766,2.3671,270177.2035,270177.2035
300840.SZ,20251009,166.6871,3.8361,6.9945,484320.0,357357.8024
003008.SZ,20251009,25.5628,2.1489,9.8949,222456.0,166517.5672
688198.SH,20251009,79.5217,11.8657,25.9572,1451589.8256,1451589.8256
601126.SH,20251009,22.205,3.8019,2.2761,1705699.596,1677549.6614
688125.SH,20251009,,2.2876,5.7612,426892.7985,118045.2077
002306.SZ,20251009,,,3.8975,155687.4875,145691.5747
920832.BJ,20251009,182.5065,1.4995,2.8167,112259.9668,99118.7471
600718.SH,20251009,640.5303,1.4509,1.1275,1347367.6244,1347367.6244
300530.SZ,20251009,,65.8371,49.1016,612662.6743,563835.8888
688115.SH,20251009,,2.9579,17.4811,370218.51,370218.51
600814.SH,20251009,27.0878,1.5187,3.2101,545428.3197,541283.1738
601212.SH,20251009,,2.2199,0.4344,3421005.8241,3421005.8241
603211.SH,20251009,95.3954,4.1583,4.0824,501213.952,501213.952
300317.SZ,20251009,,2.2551,5.9843,356981.0142,356432.7642
300118.SZ,20251009,,1.141,0.7142,1230074.9582,1000045.3403
603518.SH,20251009,12.2843,0.9207,0.7757,334429.3777,332971.9735
600691.SH,20251009,,1.9235,0.665,722298.5134,722178.1294
001269.SZ,20251009,,5.8773,8.668,521050.3258,521050.3258
000789.SZ,20251009,91.8626,0.7471,0.8632,481634.0787,481634.0787
600435.SH,20251009,90.2113,7.7685,5.413,2250498.8578,2250498.8578
002184.SZ,20251009,,4.755,2.161,545809.8819,372816.2027
300979.SZ,20251009,17.0492,4.1323,2.4581,6193269.0,6193214.8686
600489.SH,20251009,26.9512,4.1346,1.6218,11691717.9044,11691717.9044
920014.BJ,20251009,36.4802,2.0013,2.6024,159293.6806,89137.591
003027.SZ,20251009,35.6695,1.509,3.1007,256086.7488,205422.6363
600377.SH,20251009,13.6459,1.5712,2.7854,6307259.87,4760333.1173
603163.SH,20251009,38.294,4.2548,1.936,459100.0,160697.6253
000739.SZ,20251009,19.4682,2.9725,1.7097,1887104.5853,1886395.6917
002314.SZ,20251009,,0.8539,0.6666,763594.6687,377394.1884
301353.SZ,20251009,38.7365,2.0898,2.8881,266071.1848,86398.1848
600744.SH,20251009,146.3086,10.2184,1.4593,1301950.6596,1301950.6596
002276.SZ,20251009,48.6132,3.1767,1.0147,1876436.1966,1863422.8989
688352.SH,20251009,70.1712,2.8934,8.6945,1757397.1117,540772.2998
605077.SH,20251009,21.6769,1.9233,1.7248,571854.9934,565023.1099
002517.SZ,20251009,32.6012,7.0319,11.2203,5768396.7318,5100423.2496
301220.SZ,20251009,36.6138,2.7435,5.063,477358.9657,277573.2774
301212.SZ,20251009,146.2414,2.0355,4.085,275508.0,239156.25
300042.SZ,20251009,,5.9547,6.752,603204.0,603148.4655
688450.SH,20251009,,1.8864,8.3765,183348.0,135929.4068
601136.SH,20251009,61.6357,4.4818,25.146,6152734.3838,1083820.0338
002773.SZ,20251009,27.4887,3.8109,7.3231,3377562.6174,2517933.5503
600329.SH,20251009,9.5601,3.808,5.5824,3345289.8825,2463436.1625
920541.BJ,20251009,31.7571,4.9292,6.9863,207373.9,136619.0236
600336.SH,20251009,,2.2433,0.766,555418.2792,555418.2792
603150.SH,20251009,26.1965,2.0676,0.9365,342444.898,342444.898
920547.BJ,20251009,38.1368,2.923,5.3957,200124.288,97162.5984
601199.SH,20251009,13.3032,1.1845,3.5188,527458.6047,527458.6047
600936.SH,20251009,,19.6114,4.5436,606582.5248,606582.5248
301629.SZ,20251009,159.1049,7.7439,22.415,900391.1184,225095.6326
003004.SZ,20251009,,2.5052,5.0184,159302.6989,128045.4631
600161.SH,20251009,26.1904,3.3807,6.0505,3812372.1479,3812372.1479
002142.SZ,20251009,6.1197,0.8077,2.4927,17288200.6935,17278505.1242
002098.SZ,20251009,15.4551,2.2292,1.137,314682.0,314672.1113
002337.SZ,20251009,72.3496,2.6329,5.2013,343162.9823,342801.9782
002295.SZ,20251009,208.2645,3.009,0.9203,406749.768,406227.162
601908.SH,20251009,,1.1641,3.1821,1026206.2159,1026206.2159
300074.SZ,20251009,,2.5572,4.4424,254153.469,252714.6195
600179.SH,20251009,15.9104,1.365,1.8304,1540275.8204,1362902.0842
920123.BJ,20251009,41.1775,4.991,2.4513,195975.78,111802.9983
300937.SZ,20251009,,3.0492,0.5885,253803.7073,166921.8599
603960.SH,20251009,118.041,5.3073,10.2039,587061.0981,587061.0981
603689.SH,20251009,12.7595,1.277,0.7533,418134.6913,413960.9537
603002.SH,20251009,211.839,2.5775,3.6867,885715.3155,885715.3155
600584.SH,20251009,57.5619,3.0226,2.152,8410248.479,8410248.479
688606.SH,20251009,17.4691,1.3885,6.0293,542598.1716,542598.1716
688621.SH,20251009,45.2883,6.4351,6.4977,718592.0,718592.0
600535.SH,20251009,22.144,1.9107,2.8105,2364922.8579,2364922.8579
920305.BJ,20251009,,2.4137,,147334.6271,90265.2739
301275.SZ,20251009,42.364,5.9899,5.3804,2337139.2,186971.136
002779.SZ,20251009,357.712,32.3178,25.4737,2537488.8,2276714.2479
002962.SZ,20251009,85.1988,2.511,3.9303,442456.339,317332.1356
603065.SH,20251009,125.492,1.7186,2.482,348581.0199,163632.3146
300770.SZ,20251009,14.8113,2.9092,6.6168,1074942.4723,1074942.4723
600925.SH,20251009,62.5773,2.185,2.5645,3341111.1112,778933.5642
002564.SZ,20251009,,62.5594,3.2582,816818.1576,816818.1576
688159.SH,20251009,76.955,6.8118,1.6837,632709.0642,631483.2642
600889.SH,20251009,,18.3027,12.151,613995.9128,613995.9128
000593.SZ,20251009,203.2595,2.9695,1.4629,259648.8505,259541.8144
688183.SH,20251009,85.798,14.5319,10.144,6575546.3884,6575546.3884
300533.SZ,20251009,15.065,5.6664,3.2036,909477.9816,639955.7365
603256.SH,20251009,280.5899,19.9521,31.3973,3068489.52,3068489.52
600316.SH,20251009,662.8141,4.9844,4.9152,2660494.8395,2660494.8395
300502.SZ,20251009,59.0085,28.7965,21.3394,34903339.1405,31090539.7289
600080.SH,20251009,37.8798,1.7367,4.6531,270247.6863,270247.6863
601888.SH,20251009,40.2115,2.6109,2.7009,14411672.1005,13600944.6395
002402.SZ,20251009,90.276,9.359,4.4551,4694316.7027,4090402.3335
920089.BJ,20251009,19.604,2.2417,1.4683,264121.004,163906.9357
000790.SZ,20251009,,2.3985,3.3518,233894.7615,233480.4803
601988.SH,20251009,7.1155,0.6389,2.6248,168517091.3787,110230364.2645
920834.BJ,20251009,48.5076,6.6894,6.5238,189000.0079,98904.3914
600236.SH,20251009,26.0069,3.1859,5.9276,5289075.5051,5289075.5051
688667.SH,20251009,66.921,2.0522,2.6731,345138.0499,345138.0499
920978.BJ,20251009,42.7054,9.7776,7.0529,692620.9362,388567.1436
002745.SZ,20251009,51.7412,1.0313,0.8238,1371369.7527,983760.6508
603871.SH,20251009,18.9363,3.5357,2.49,2041068.9177,2041068.9177
300363.SZ,20251009,,2.6917,4.3427,1424753.3262,1307159.1194
600620.SH,20251009,87.6581,2.9329,10.1666,425053.1329,425053.1329
600056.SH,20251009,33.5774,1.448,0.5066,1693335.8747,1692737.8731
002431.SZ,20251009,,3.1377,1.3997,435075.9036,435075.9036
301246.SZ,20251009,597.673,1.3589,3.3525,588410.0028,235422.8853
603699.SH,20251009,27.0452,8.3385,5.1838,3527092.8256,3432329.6334
002293.SZ,20251009,14.459,1.7147,1.4343,664771.7074,658806.631
600098.SH,20251009,10.8665,0.8895,0.495,2412339.1252,2412035.1069
688693.SH,20251009,,3.4063,15.9907,293484.2124,154956.281
300654.SZ,20251009,95.1597,4.3679,6.9309,362829.7283,349091.1802
300288.SZ,20251009,,4.3902,13.7856,478187.0838,363045.6883
002437.SZ,20251009,29.0215,3.4324,3.0313,702932.1842,656093.1462
002783.SZ,20251009,26.0772,1.9136,1.3077,495362.7858,436903.9471
002732.SZ,20251009,31.8378,1.7449,1.5766,259312.8,257910.0405
002752.SZ,20251009,15.6522,1.5253,0.7394,527535.9727,527454.9727
603997.SH,20251009,,3.284,0.7554,1644612.1321,1644612.1321
301526.SZ,20251009,,2.8774,2.9373,2360569.658,879149.9698
000998.SZ,20251009,,2.3272,1.758,1432711.8595,1282174.2824
300135.SZ,20251009,725.6082,4.304,3.0364,408268.8,408268.8
600410.SH,20251009,51.853,4.6997,4.8635,2130489.1691,2130489.1691
600654.SH,20251009,,5.5905,2.8676,943527.2797,759487.8527
601566.SH,20251009,16.2726,1.2411,1.5763,489016.2147,489016.2147
688023.SH,20251009,,2.3989,2.7112,563401.8084,563401.8084
603496.SH,20251009,,7.45,10.5436,1022428.1129,1022428.1129
300177.SZ,20251009,9863.4106,4.7362,5.6451,725564.8394,591145.6697
603966.SH,20251009,22.3678,2.2995,1.808,452924.0361,451812.3465
002739.SZ,20251009,,3.1871,1.8645,2392645.2762,2362820.0811
000767.SZ,20251009,16.2394,1.4637,0.5604,895390.1857,847463.7129
600123.SH,20251009,43.9604,0.6191,0.9568,982651.094,982651.094
000631.SZ,20251009,74.4377,1.3065,20.1071,759303.4696,759303.4696
300602.SZ,20251009,67.5788,5.2645,3.5105,2016738.6518,1370469.8238
002097.SZ,20251009,152.4605,2.9032,1.964,1352943.1354,1350528.216
603669.SH,20251009,,5.7713,9.4838,388750.9229,388750.9229
300826.SZ,20251009,323.1954,2.216,4.4071,295880.1615,285973.4381
688598.SH,20251009,,1.4961,12.4022,749667.8676,749667.8676
688266.SH,20251009,,23.9845,42.2521,2822053.9709,2822053.9709
603195.SH,20251009,20.2594,5.6406,4.9917,8292374.5495,8256338.8612
603200.SH,20251009,152.8233,15.4396,35.4526,1658111.4932,1658111.4932
920237.BJ,20251009,39.4506,4.8134,6.601,241727.0544,236536.9211
601366.SH,20251009,320.6734,1.03,0.5653,414011.6232,414011.6232
600588.SH,20251009,,7.4059,6.2611,5590207.7611,5590207.7611
002855.SZ,20251009,,10.7852,2.6578,428523.827,428189.1564
002865.SZ,20251009,,2.6022,1.7293,1252259.7426,962425.5898
002012.SZ,20251009,897.8666,1.6497,4.2886,253453.0047,253000.9242
000785.SZ,20251009,36.4801,0.8789,1.3823,1805844.1561,1710302.1046
001328.SZ,20251009,36.9754,4.5592,3.7855,643069.143,160767.4725
603823.SH,20251009,37.7458,2.7653,2.8687,662024.6494,653540.0914
002371.SZ,20251009,54.8343,9.8148,9.858,33166881.5294,33140344.311
601669.SH,20251009,8.9986,0.705,0.1557,9991172.4137,7581484.993
920212.BJ,20251009,155.5642,3.8766,3.5779,159892.7,77357.5154
301310.SZ,20251009,57.9372,2.7496,1.93,622142.0286,228912.393
002225.SZ,20251009,98.0941,1.7276,1.3131,694384.2491,583531.9302
002644.SZ,20251009,81.1134,2.4183,4.8166,438654.363,438654.363
301296.SZ,20251009,24.7348,1.4232,1.8163,388080.0,266865.4786
002998.SZ,20251009,55.8141,1.9643,1.1996,303890.7767,225385.5721
603227.SH,20251009,19.951,2.0626,1.7043,1015964.6692,923423.5342
603368.SH,20251009,9.1402,0.9878,0.3596,749457.7237,749457.7237
002292.SZ,20251009,,4.4474,5.147,1342659.3249,924224.845
000736.SZ,20251009,,,0.1606,362342.7245,349814.0318
002480.SZ,20251009,,5.5774,2.5724,529957.2136,528957.6648
603088.SH,20251009,40.4693,5.3421,6.9928,574731.8331,500925.385
300776.SZ,20251009,32.8832,5.7001,8.9206,2032828.2687,1245442.2507
600293.SH,20251009,,2.0332,2.3438,349203.6588,349203.6588
301049.SZ,20251009,,3.2182,9.0105,201419.3748,91519.9292
300228.SZ,20251009,19.9856,1.9532,1.4302,441153.7464,414143.4481
002791.SZ,20251009,139.5683,1.3845,1.2341,762976.088,412391.6683
688388.SH,20251009,,2.2961,1.935,1560035.7685,1560035.7685
300554.SZ,20251009,,4.5343,12.3176,292952.695,202990.8194
605133.SH,20251009,62.0083,2.9325,4.2638,1084280.4737,1078898.0361
300091.SZ,20251009,,9.175,4.1739,440792.6073,436905.8497
601033.SH,20251009,16.4008,1.3535,3.5296,1410300.0,376080.0
301038.SZ,20251009,4031.7026,6.3466,7.016,553238.4,553238.4
301239.SZ,20251009,,2.5897,2.0225,549550.7633,549550.7633
300606.SZ,20251009,,5.3038,6.4992,344071.0433,292656.4467
301031.SZ,20251009,46.4204,9.3009,7.2195,1202483.9304,838440.8584
300907.SZ,20251009,40.7805,4.3039,2.9274,342816.0,342816.0
000868.SZ,20251009,260.7361,5.7967,1.6014,509216.9864,397464.0026
300702.SZ,20251009,58.7004,2.4591,3.0469,893605.3443,542270.3923
001319.SZ,20251009,29.6603,2.8295,3.5827,367215.8,212954.1948
000715.SZ,20251009,26.8284,1.5224,3.879,295617.7382,294829.3903
603535.SH,20251009,28.4374,2.24,4.2501,582957.5966,582957.5966
300001.SZ,20251009,27.4525,3.8817,1.885,2883729.0319,2818211.2816
000887.SZ,20251009,24.1644,2.3967,1.7176,3268844.0418,3263582.2197
605577.SH,20251009,27.5126,1.5843,3.965,602222.223,602222.223
603106.SH,20251009,58.2277,4.0661,11.8198,530409.88,530409.88
688568.SH,20251009,98.3927,9.6125,10.2925,3603223.8686,3603223.8686
601101.SH,20251009,17.1419,0.9005,1.2193,1072798.4549,1072798.4549
000795.SZ,20251009,51.2999,4.9631,3.3168,1261790.4066,1261790.4066
603567.SH,20251009,,1.4399,6.2135,1091555.9574,1089867.0078
002995.SZ,20251009,,3.4532,2.4529,310545.34,196730.114
301188.SZ,20251009,74.0079,2.7382,4.0499,412594.5956,412594.5956
603939.SH,20251009,18.5072,2.8209,1.2411,2981334.1137,2980787.3452
300441.SZ,20251009,7.0294,2.212,2.9954,537442.8339,522542.0003
301349.SZ,20251009,,1.5147,4.2633,408918.0,196069.5621
603331.SH,20251009,104.6196,1.7348,1.4839,227447.5905,227447.5905
002565.SZ,20251009,158.4156,4.57,5.7059,817251.4589,817216.7639
603345.SH,20251009,17.2396,1.5647,1.5417,2341354.7473,2060391.9798
600375.SH,20251009,39.14,3.9712,2.554,1320930.8064,896253.0662
601699.SH,20251009,27.7563,0.9389,1.3517,4361474.6136,4361474.6136
300667.SZ,20251009,,2.8395,4.4156,320460.0371,270339.3223
688787.SH,20251009,525.6433,10.619,25.6833,773972.0594,773972.0594
300755.SZ,20251009,,2.6302,1.1181,835263.9936,834557.5435
600163.SH,20251009,15.9008,1.4303,5.774,991460.9905,991460.9905
301063.SZ,20251009,55.316,1.8243,1.7145,283026.2835,272411.2551
688757.SH,20251009,155.0471,14.9188,27.9682,1311972.264,114000.6336
688531.SH,20251009,79.1838,3.6087,13.634,1182175.1305,763614.8109
300318.SZ,20251009,,3.3387,5.9081,454196.6752,443987.9531
300610.SZ,20251009,26.1207,2.1892,2.863,253494.4084,190087.8698
603915.SH,20251009,44.7125,3.0942,4.3506,1135974.1904,1135974.1904
300510.SZ,20251009,,1.624,3.4919,364513.2894,364513.2894
301226.SZ,20251009,98.7339,3.9293,6.8338,357734.4,357734.4
600337.SH,20251009,,1.2304,0.9999,326198.5771,326198.5771
920179.BJ,20251009,95.2228,3.9252,9.4446,290133.9,230887.9539
688580.SH,20251009,40.5367,3.0415,11.7733,493222.1332,493222.1332
300849.SZ,20251009,,3.4528,6.4162,203700.0,164953.5752
002633.SZ,20251009,674.6753,5.6126,7.8548,237450.0,236529.8813
301607.SZ,20251009,57.9366,5.6066,2.1819,599145.6381,417516.7503
300543.SZ,20251009,86.6335,2.6679,2.3335,390010.7082,318503.0826
920992.BJ,20251009,110.8684,3.3659,6.9374,207391.1225,59813.6915
002309.SZ,20251009,,4.9508,4.633,896284.2847,362255.3193
688309.SH,20251009,73.1499,2.6249,7.9254,194746.1241,194746.1241
002800.SZ,20251009,,4.3962,1.4484,223355.2493,205499.1204
000755.SZ,20251009,15.0854,1.3387,4.4881,708710.8247,708710.8247
301248.SZ,20251009,,2.841,6.6152,432833.28,286027.3152
002996.SZ,20251009,33.8598,1.6987,0.3628,534210.3916,332338.1316
688486.SH,20251009,65.924,6.9407,20.6461,1014092.5246,565749.9179
600012.SH,20251009,12.423,1.8939,2.9055,2260467.0691,1542088.8
002405.SZ,20251009,,2.7447,6.4398,2325606.4865,2311090.0458
600105.SH,20251009,58.624,6.1192,4.4924,2043868.7332,2043868.7332
688543.SH,20251009,54.7989,4.8423,9.4309,1075118.7601,596972.5201
000898.SZ,20251009,,0.5508,0.2613,2567166.6247,2180312.8514
601999.SH,20251009,28.2813,1.4278,1.5749,373520.1666,373520.1666
603969.SH,20251009,30.3205,3.6548,2.9421,933647.616,917921.367
002216.SZ,20251009,18.0771,2.123,1.4449,944243.6676,676895.1899
600547.SH,20251009,45.57,6.594,2.1327,19942555.1252,15636081.9191
001382.SZ,20251009,65.8488,5.6515,2.7928,886624.0,133424.0
002522.SZ,20251009,55.3076,1.8611,2.5405,427527.8707,427169.3829
300861.SZ,20251009,,1.8675,6.5369,1173033.4082,736576.0962
600561.SH,20251009,149.7017,2.0561,1.2233,189461.5488,189461.5488
300368.SZ,20251009,,52.2159,73.7755,1057358.0065,1057358.0065
000553.SZ,20251009,,0.7764,0.4958,1467781.4126,1371555.3354
601600.SH,20251009,11.9565,2.0785,0.6135,14891088.6437,11427760.2597
300631.SZ,20251009,53.5661,3.3021,7.0996,427773.5535,412570.739
603199.SH,20251009,18.4277,2.4869,4.6136,393246.04,393246.04
301522.SZ,20251009,95.3752,6.604,5.1075,1238316.0011,247663.2022
688189.SH,20251009,,2.7912,22.7409,249704.0,249704.0
002429.SZ,20251009,22.3476,1.8821,1.5677,3023996.3255,3022254.456
000869.SZ,20251009,54.0687,1.3828,4.5197,1457857.863,987576.3202
001367.SZ,20251009,28.4063,2.5455,7.0774,355963.6489,90694.9832
603166.SH,20251009,48.129,5.0053,6.6554,1241366.8186,1227535.6186
600156.SH,20251009,,8.7142,3.9266,345815.2037,345815.2037
002549.SZ,20251009,248.3402,7.6644,25.4231,1570095.5605,1563347.8097
002373.SZ,20251009,,1.6563,2.6961,1885164.5405,1643469.7923
603860.SH,20251009,40.9685,2.5467,7.5019,202240.44,202240.44
002003.SZ,20251009,18.2542,2.7168,2.5307,1193436.3357,1037962.9318
603230.SH,20251009,12.6441,1.5898,2.3876,432358.629,432358.629
301289.SZ,20251009,51.1783,4.2626,12.9456,410982.0,408622.0149
000920.SZ,20251009,27.505,3.2113,3.2814,618188.4223,551946.57
300019.SZ,20251009,30.1789,3.3681,2.3602,875077.7742,751359.3565
300024.SZ,20251009,,7.3482,7.7574,3209520.8975,3156850.1532
920061.BJ,20251009,324.8602,9.6145,24.5791,265816.45,140772.697
300772.SZ,20251009,35.3175,2.5042,0.6655,1627987.9016,1443793.509
600392.SH,20251009,67.7367,4.2283,3.6499,4420628.6095,4420628.6095
600475.SH,20251009,24.4149,1.6802,1.8612,1446376.148,1426586.108
000509.SZ,20251009,,26.3755,3.5297,346620.3608,346619.313
603081.SH,20251009,60.7191,1.8207,2.5498,557698.8767,557698.8767
600200.SH,20251009,441.2591,0.4028,0.6912,71087.948,71087.948
601698.SH,20251009,401.48,5.8246,35.1038,9175365.1149,9175365.1149
002847.SZ,20251009,27.1886,9.8946,3.258,1884907.5819,1697933.9273
920504.BJ,20251009,75.4097,6.0138,9.8708,117346.0348,46300.5797
301536.SZ,20251009,114.3826,9.2824,10.958,2820431.4716,1252285.2102
300977.SZ,20251009,,2.0307,6.0627,279640.4975,174151.5642
300185.SZ,20251009,205.1722,1.8922,1.9848,1262628.5126,1201146.9458
002746.SZ,20251009,16.818,1.1667,0.969,524928.6235,432902.4985
301003.SZ,20251009,27.1077,3.3093,5.5817,345988.8965,267649.9409
600066.SH,20251009,14.1344,5.1288,1.6719,6187960.1283,6187960.1283
301068.SZ,20251009,,4.7521,4.065,378160.9256,269681.4597
300870.SZ,20251009,78.0279,9.6711,5.6976,2460629.8479,2460629.8479
920082.BJ,20251009,38.3617,5.5813,3.8802,287076.125,77207.5196
600782.SH,20251009,60.3568,0.5053,0.3496,1323937.534,1308591.294
301018.SZ,20251009,118.8975,6.9742,5.442,1846936.8993,1381453.932
300259.SZ,20251009,21.4212,1.5516,4.6781,457392.3928,457287.4933
603676.SH,20251009,18.9965,3.3847,4.0246,504352.1785,504352.1785
605303.SH,20251009,,2.845,3.9425,271201.3203,271201.3203
301413.SZ,20251009,182.8339,13.4181,15.1298,1637113.8244,956958.0106
688539.SH,20251009,116.4404,3.7965,17.517,651649.6,367043.6
688479.SH,20251009,58.415,1.4959,5.4282,276223.5036,119275.5036
000552.SZ,20251009,101.5567,0.8349,1.7801,1370062.7459,953798.6412
688719.SH,20251009,221.4616,3.0184,5.1495,516926.6726,401955.895
002709.SZ,20251009,144.3842,5.7588,5.2676,7425740.9423,5372044.7495
920857.BJ,20251009,274.2477,5.0367,4.3533,193158.6667,193158.6667
000068.SZ,20251009,,5.9477,3.3705,368441.7558,368441.7558
301135.SZ,20251009,72.3903,2.3106,2.1127,289237.824,157250.6545
603026.SH,20251009,,2.555,2.0814,1235642.3843,1076230.8
002079.SZ,20251009,83.1194,2.8873,1.819,883905.3065,883075.2322
688335.SH,20251009,,3.8921,16.9461,446768.3987,446768.3987
002558.SZ,20251009,55.4522,5.9815,26.0629,8230429.0992,8230429.0992
603205.SH,20251009,41.4893,3.1191,4.424,445692.0,111423.0
300571.SZ,20251009,,3.4434,4.4231,502301.8584,416293.83
000338.SZ,20251009,11.2367,1.3987,0.5788,12521416.3224,7163683.7532
688512.SH,20251009,,3.4277,9.7516,609697.6737,423888.8066
002735.SZ,20251009,,3.4714,2.7962,599750.2882,440327.7107
603096.SH,20251009,33.2192,1.4896,4.0159,273920.6922,273920.6922
688596.SH,20251009,24.9331,3.5975,2.2882,1289156.1211,1289156.1211
301491.SZ,20251009,38.4502,4.4772,6.1044,907386.0,190385.8946
300547.SZ,20251009,44.8351,7.3423,6.4456,910138.3061,741152.1981
603391.SH,20251009,18.1569,2.3157,4.7675,482300.0,120575.0
003043.SZ,20251009,123.9421,4.0947,8.5329,698089.5985,415930.6802
300062.SZ,20251009,,2.6727,3.4942,318393.0928,220472.8053
600761.SH,20251009,14.6317,1.8083,1.0845,1920333.5927,1920333.5927
300070.SZ,20251009,657.2738,0.587,1.9861,1594652.1197,1483608.8067
300981.SZ,20251009,,1.0638,2.249,572534.7203,524701.5635
300407.SZ,20251009,48.706,1.8341,1.4125,342065.53,260193.0097
301307.SZ,20251009,,2.4286,1.8671,721515.6,373405.3586
601727.SH,20251009,166.0406,3.0029,1.3452,16130646.2582,13095033.9422
600897.SH,20251009,13.8092,1.3455,3.0768,599134.158,599134.158
002131.SZ,20251009,42.3404,3.0986,2.0237,4076610.7792,3521533.8221
002008.SZ,20251009,43.3185,2.6375,2.5867,4146212.924,3852727.6326
002717.SZ,20251009,,2.9939,6.5445,280315.9679,248740.8108
601211.SH,20251009,13.8758,1.0581,6.5635,32948462.3744,25220273.4684
300258.SZ,20251009,71.0047,1.9284,4.4877,899802.6597,876495.6462
001255.SZ,20251009,122.7936,3.5193,6.4829,257263.86,248629.74
300978.SZ,20251009,33.2824,3.0061,2.2722,480613.0142,217416.4362
688786.SH,20251009,61.1225,6.0736,10.5133,437583.4091,437583.4091
600711.SH,20251009,18.0776,2.154,1.2474,3507844.1104,3507844.1104
603719.SH,20251009,,2.514,0.8445,515285.0,515285.0
300730.SZ,20251009,,16.3178,16.9311,421752.0183,338115.0692
000100.SZ,20251009,38.2531,1.5312,0.5513,9381188.9636,8161632.3991
300272.SZ,20251009,40.79,2.9711,2.2556,394397.8094,299584.4497
600239.SH,20251009,,3.2864,2.1988,420689.9702,420689.9702
000759.SZ,20251009,,3.0875,0.5029,467115.086,462272.7476
000539.SZ,20251009,262.5756,1.0741,0.4541,2462383.1894,1197785.0558
001238.SZ,20251009,494.7261,4.8641,3.6732,561000.0,528702.1794
600493.SH,20251009,32.0436,1.5817,1.9739,176528.0,176528.0
920489.BJ,20251009,,6.3827,5.5357,302939.424,190151.3228
301371.SZ,20251009,23.4644,2.3515,6.6556,1291418.232,192505.5002
001278.SZ,20251009,,1.8034,1.0982,229030.5234,93539.3614
300797.SZ,20251009,43.4352,5.6044,5.9101,673699.488,666337.3464
600537.SH,20251009,,16.4753,1.9074,471118.5772,471118.5772
301631.SZ,20251009,35.3993,3.7348,2.1048,900707.8567,189504.2368
301333.SZ,20251009,36.6846,2.7755,7.036,523953.3138,310148.5195
688368.SH,20251009,787.0093,8.9729,6.9335,1040294.0946,1040294.0946
301200.SZ,20251009,97.7222,7.6467,9.8938,4116375.5364,4076489.4023
002372.SZ,20251009,18.0662,3.4945,2.6608,1596814.102,1475270.6833
300002.SZ,20251009,20.9343,3.7156,4.494,2734371.6737,2567401.5294
002063.SZ,20251009,38.9701,3.2921,5.0462,1215451.248,1122084.5633
920100.BJ,20251009,87.8513,11.2166,11.2975,525142.1805,126284.5191
300311.SZ,20251009,,5.3042,6.3778,317279.8007,253119.6828
003009.SZ,20251009,2573.0565,4.9541,10.0277,779455.3961,779451.4335
002689.SZ,20251009,88.8841,3.4914,3.3619,419410.9115,419250.4326
600578.SH,20251009,10.4118,1.2724,0.7925,2871992.4154,2871992.4154
300685.SZ,20251009,29.9611,4.7674,7.8493,898966.9866,894515.5454
600621.SH,20251009,39.9917,2.0298,14.93,1754727.429,1754727.429
688090.SH,20251009,681.2597,5.4159,5.6858,481648.5719,481648.5719
301636.SZ,20251009,32.5024,3.3911,4.0514,366601.304,86909.9886
300404.SZ,20251009,271.5695,3.8124,5.0643,385941.6341,280884.9664
601155.SH,20251009,104.9863,0.5592,0.4476,3455614.2154,3455614.2154
603366.SH,20251009,39.0399,1.8493,1.5974,769143.5035,769143.5035
300480.SZ,20251009,,5.1896,10.5871,659085.6965,442059.5474
603616.SH,20251009,,8.5856,2.1676,204659.314,200985.239
688789.SH,20251009,32.0179,4.4849,7.3957,1488010.4449,1488010.4449
301259.SZ,20251009,,7.3263,23.4815,605124.0,383520.7564
300452.SZ,20251009,26.0261,3.406,3.3682,304315.4341,242469.2128
000571.SZ,20251009,,27.3788,7.0156,469073.111,455021.6957
600581.SH,20251009,,,0.3986,718929.101,718929.101
000721.SZ,20251009,,20.0217,7.9691,497009.7907,443704.0267
002165.SZ,20251009,141.6142,3.1444,2.3533,638214.2185,631582.4025
300842.SZ,20251009,53.7308,5.8387,0.6568,1057689.4007,941019.483
002263.SZ,20251009,167.5632,2.5222,5.299,696871.5971,696866.0321
603885.SH,20251009,32.1589,3.2686,1.3474,2992087.2172,2992087.2172
603511.SH,20251009,54.9896,1.4534,2.0271,631531.1066,628149.8687
300676.SZ,20251009,,2.2668,5.7841,2097860.1311,2086473.3229
000607.SZ,20251009,,2.7609,3.4331,429468.729,373484.1134
002870.SZ,20251009,36.4193,2.8246,0.7971,469132.6591,458071.5322
600501.SH,20251009,,6.2007,4.7785,1086673.468,1086363.588
300579.SZ,20251009,,11.4912,8.9452,926100.0,899615.5706
688584.SH,20251009,130.189,4.2305,14.4539,1722206.2176,879372.3611
300080.SZ,20251009,,2.092,2.8735,1035979.3811,1034585.8836
002990.SZ,20251009,64.5017,3.0215,6.3528,722955.2243,371041.9386
688593.SH,20251009,583.4944,6.5161,17.9171,1006369.4123,706672.9734
300326.SZ,20251009,,1.5187,3.9837,420169.4317,417259.7998
002656.SZ,20251009,,3.7218,4.8021,163167.0443,154939.0649
002589.SZ,20251009,548.5629,0.7961,0.5694,425833.0633,386462.4081
002945.SZ,20251009,80.2206,6.4177,27.4922,4541400.0,4541400.0
600328.SH,20251009,89.8416,0.9786,0.9377,1174513.9359,1174513.9359
600970.SH,20251009,7.8614,1.1012,0.5036,2362259.3911,2028923.0119
002892.SZ,20251009,166.1344,8.5156,6.1654,1089595.1564,708398.0295
000400.SZ,20251009,24.3548,2.3157,1.6377,2735000.7386,2716417.8804
603359.SH,20251009,,1.5127,12.8579,403270.784,403270.784
301028.SZ,20251009,22.2526,3.1299,4.2649,495040.0478,320264.2156
002148.SZ,20251009,431.0085,4.4063,15.5979,536627.8368,431344.9066
300220.SZ,20251009,1125.2875,36.8539,9.145,233150.4,232871.8346
300655.SZ,20251009,,6.6958,10.6641,1609457.2245,1516402.035
300013.SZ,20251009,,11.6402,5.0533,232835.6588,185965.9676
688059.SH,20251009,55.7044,5.2697,7.7342,671131.8768,671131.8768
688385.SH,20251009,129.6627,8.9848,14.9146,5421420.18,3544842.18
002481.SZ,20251009,72.2607,2.6365,2.7389,687168.9505,622810.9982
603049.SH,20251009,12.3394,1.9213,1.0342,4404783.9571,427255.5212
603866.SH,20251009,19.9613,1.6969,1.5327,870247.2203,870247.2203
920837.BJ,20251009,34.0132,4.6687,4.404,248960.6835,224468.7585
002678.SZ,20251009,,1.7682,10.6204,588152.6999,587829.736
688733.SH,20251009,,2.5494,10.282,551978.85,551978.85
300143.SZ,20251009,69.5286,3.4094,5.392,851377.0221,728588.5725
002298.SZ,20251009,,4.8648,4.9605,992488.7182,885936.3596
300292.SZ,20251009,60.6708,4.5287,1.4653,652097.7774,542349.1791
688258.SH,20251009,220.3549,10.4191,26.3084,896452.5538,896452.5538
688073.SH,20251009,50.4785,3.6004,5.8598,701616.3586,333767.8078
300855.SZ,20251009,67.9189,5.9032,10.1828,1145459.224,848400.9756
301215.SZ,20251009,50.781,3.1464,20.4615,902899.8,901876.8
002839.SZ,20251009,5.4673,0.5846,2.2155,1053512.6838,1052538.2148
601916.SH,20251009,5.5284,0.4686,1.2515,8211926.1529,6441786.3529
301632.SZ,20251009,111.7843,4.5039,10.2618,1207545.6,198671.0734
000949.SZ,20251009,51.7224,1.2371,1.1098,811057.3728,810839.7435
002380.SZ,20251009,25.3136,2.9819,3.779,701975.5733,414624.2783
603013.SH,20251009,24.159,2.8941,1.4955,1281498.16,1281498.16
603268.SH,20251009,75.056,6.0842,6.6402,4542271.6797,580985.8152
603739.SH,20251009,57.5624,1.9861,2.5327,345384.4021,345384.4021
301178.SZ,20251009,,5.9181,16.1851,453261.984,335449.5988
002446.SZ,20251009,,3.1453,6.9876,791753.2913,733246.051
600515.SH,20251009,156.3719,1.9728,10.4758,4638675.6984,3725461.0782
300148.SZ,20251009,59.903,3.9433,7.7928,391774.1519,378363.8252
603878.SH,20251009,89.9971,2.12,2.4613,551530.9892,551530.9892
002443.SZ,20251009,26.5027,1.2265,0.981,421113.2357,420216.0967
301141.SZ,20251009,257.3174,6.4726,12.7496,819359.3886,294050.2686
300886.SZ,20251009,74.1314,3.7545,5.971,217512.584,126923.4404
600050.SH,20251009,18.6797,1.0291,0.4445,17445549.3325,17167888.9789
300149.SZ,20251009,,4.7137,5.6179,583613.7986,556176.0797
002197.SZ,20251009,,2.7872,6.8239,586102.2333,509436.0114
688270.SH,20251009,195.2721,6.6173,37.297,1455550.88,1455550.88
300093.SZ,20251009,,,13.3899,283176.0,282726.0648
600026.SH,20251009,16.9611,1.525,2.4085,5596120.7113,4075912.7113
002145.SZ,20251009,44.5859,1.9226,3.0935,2318263.3594,2270883.5894
300310.SZ,20251009,,2.7675,2.1054,525468.4845,412366.7058
600338.SH,20251009,32.21,3.1285,6.3831,1296350.0182,1296350.0182
300255.SZ,20251009,,29.5523,47.4529,4530051.0677,4523322.9827
301591.SZ,20251009,46.7058,4.0149,8.1842,352799.28,142380.9527
300391.SZ,20251009,,,12.2,132427.0503,132427.0503
002947.SZ,20251009,23.2534,3.9735,4.3963,1226217.8821,920853.2447
603015.SH,20251009,88.7769,3.5258,5.8751,497997.808,497997.808
301176.SZ,20251009,,2.9738,3.0103,452422.4009,150807.4679
301059.SZ,20251009,42.5019,4.4193,6.1842,258199.018,230925.258
600768.SH,20251009,130.8389,4.3308,1.1827,164910.2976,164910.2976
300051.SZ,20251009,,13.2416,4.7174,257518.5895,254469.8797
002028.SZ,20251009,35.533,6.5206,4.9031,8722031.1848,6799053.5005
002965.SZ,20251009,40.5266,2.8373,1.6704,1196334.6584,898992.6134
300635.SZ,20251009,,5.1998,2.9737,196327.734,168702.9491
300643.SZ,20251009,33.3382,4.2963,4.6649,526333.0707,525416.5619
300207.SZ,20251009,42.1524,2.599,1.0703,6323863.9527,5866464.7527
601995.SH,20251009,23.2183,1.888,7.1689,18102213.255,10963284.15
603019.SH,20251009,86.7729,8.6575,13.5634,18019733.9957,18014697.737
601288.SH,20251009,8.2075,0.8756,3.2857,234488632.6949,213893621.2206
600612.SH,20251009,14.9566,2.0891,0.5264,2641744.7082,1601403.6315
002248.SZ,20251009,199.1867,38.3745,10.1157,327482.814,327482.814
300376.SZ,20251009,81.2484,1.8268,3.9592,1219998.0094,1219575.8881
600686.SH,20251009,42.6603,2.8055,0.3764,885553.56,885553.56
000623.SZ,20251009,10.5811,0.8107,10.4458,2428863.531,2418968.5112
300045.SZ,20251009,,9.583,29.9497,1532767.8209,1194232.3761
000518.SZ,20251009,,6.8046,8.8004,246063.9371,246059.0306
600167.SH,20251009,27.2374,1.7699,5.5626,1923414.3936,1923414.3936
603299.SH,20251009,13.2511,1.377,1.717,837155.9343,832432.0671
002108.SZ,20251009,45.7292,1.3547,2.4102,682811.8057,675829.1195
300079.SZ,20251009,208.3825,2.0008,11.7033,844208.6127,758635.9564
600025.SH,20251009,19.7169,2.8701,6.6356,17226000.0,17226000.0
688132.SH,20251009,,2.1307,14.9417,297752.499,212217.6244
688259.SH,20251009,91.0392,3.3993,10.6612,522644.3,522644.3
301316.SZ,20251009,473.3072,21.1804,10.6775,2135948.0,1283823.7214
601116.SH,20251009,48.746,2.3846,1.9515,761272.976,761272.976
605016.SH,20251009,29.2202,4.8485,6.8089,864385.3546,864385.3546
600148.SH,20251009,23042.9548,5.9178,3.9436,278362.8572,278362.8572
002352.SZ,20251009,18.3621,2.1991,0.6867,20384496.0044,19302815.5363
688312.SH,20251009,46.8717,3.3697,8.5478,472736.0535,472736.0535
300577.SZ,20251009,17.3722,2.5231,1.1479,555120.1028,323447.1283
000912.SZ,20251009,,1.0398,1.4612,667968.0,667968.0
600094.SH,20251009,,1.1313,2.5387,1149318.0939,1052740.1277
002778.SZ,20251009,,9.112,8.6285,273209.727,270308.9406
300894.SZ,20251009,,4.3085,4.8856,514546.3818,371120.1765
000011.SZ,20251009,,1.6118,1.8345,544128.911,480672.1708
600941.SH,20251009,16.0126,1.7014,2.1973,228031298.3915,9518784.3896
002918.SZ,20251009,188.5177,2.2453,1.6424,691700.3087,360546.385
002592.SZ,20251009,19.7421,2.0097,2.831,189265.2129,175494.5352
002396.SZ,20251009,36.4132,2.6574,0.9753,1789298.5244,1781921.2493
300304.SZ,20251009,27.4662,3.4992,5.107,1131927.2525,1102785.2389
300935.SZ,20251009,,2.7162,16.6466,219308.1075,166415.5615
920932.BJ,20251009,112.4756,4.058,6.7382,276228.6177,225967.2244
301107.SZ,20251009,39.0564,3.3047,4.5125,306947.1056,178551.2201
300877.SZ,20251009,78.6524,2.2191,3.3385,351000.0,350996.9288
600822.SH,20251009,142.332,4.4625,1.8301,544578.2596,434970.403
000637.SZ,20251009,,3.8608,0.6583,218347.6495,153125.7231
688513.SH,20251009,41.66,3.4213,7.1264,951155.7953,951155.7953
688556.SH,20251009,,2.4046,2.8272,927143.7103,927143.7103
603277.SH,20251009,20.6223,3.7877,3.9677,1115705.3365,1108518.2735
001965.SZ,20251009,13.1145,1.0292,5.4166,6711211.9957,6711211.9957
600120.SH,20251009,17.8955,1.3668,4.2534,2175598.0104,2175598.0104
688175.SH,20251009,,1.8123,11.293,315404.163,315404.163
603098.SH,20251009,88.6012,2.7876,2.3653,781485.5681,780182.3681
600603.SH,20251009,20.8722,1.4565,3.1391,1054902.9695,1054902.9695
000925.SZ,20251009,117.2551,1.6448,2.5776,543124.996,540615.1793
688326.SH,20251009,,4.2662,2.6074,1674628.1984,1256960.9268
605222.SH,20251009,70.7113,1.7201,0.3498,791944.164,791944.164
688536.SH,20251009,,4.0595,13.968,2321496.6266,2269341.1126
000505.SZ,20251009,224.7419,1.4294,0.4461,449982.2054,391443.428
688203.SH,20251009,217.509,2.0002,3.5929,295504.6231,180964.0542
300722.SZ,20251009,140.3787,14.1843,22.2742,868185.0778,868185.0778
688981.SH,20251009,255.2669,7.3573,17.3973,111123959.7749,27775923.3682
300584.SZ,20251009,171.5349,7.3628,13.2845,765720.0,523948.6702
003040.SZ,20251009,,6.827,9.3531,959162.8218,950248.5366
688032.SH,20251009,84.7733,2.4883,7.009,1465432.64,1465432.64
605128.SH,20251009,61.436,4.6279,4.267,940834.0739,940834.0739
000983.SZ,20251009,18.9366,1.157,0.9771,4081835.6614,3336313.5274
688338.SH,20251009,28.6427,1.7078,9.849,281489.6448,281489.6448
002638.SZ,20251009,,1.8128,9.5409,400809.8234,375828.9753
301195.SZ,20251009,24.597,1.9521,4.2222,462904.7892,307431.7061
002081.SZ,20251009,16.8151,0.6837,0.505,937329.2622,933545.5258
300423.SZ,20251009,,2.739,2.7846,368158.3546,246686.7574
603102.SH,20251009,21.4933,1.6929,3.4028,275584.0,275584.0
300359.SZ,20251009,,6.2178,9.43,349600.0489,349582.5367
002452.SZ,20251009,20.4615,1.9476,2.7409,483238.6942,401889.8314
688088.SH,20251009,122.9915,9.5629,29.672,2506111.4888,2506111.4888
002853.SZ,20251009,,2.321,3.0632,215109.1548,151356.8624
002044.SZ,20251009,73.5731,2.6627,1.9191,2035412.04,2014598.366
000151.SZ,20251009,,13.6257,3.8502,414628.6247,378451.7402
603233.SH,20251009,17.9246,2.6487,0.7092,1891626.3536,1891626.3536
300827.SZ,20251009,40.146,8.1112,3.6588,1841099.4241,1404955.3862
688455.SH,20251009,,3.0485,1.9304,271092.9013,194643.9013
301558.SZ,20251009,,5.135,3.8878,691033.6713,192090.8367
300912.SZ,20251009,,3.704,3.5729,197711.922,147699.8341
301511.SZ,20251009,,5.6655,2.3015,2284917.25,1357727.6224
688355.SH,20251009,36.4797,2.3051,4.1751,245433.0226,245433.0226
600019.SH,20251009,20.3209,0.7795,0.5041,15639536.8498,15639536.8498
603507.SH,20251009,71.2585,2.0736,1.3127,501852.459,494965.992
600886.SH,20251009,16.0954,1.6944,1.9098,10774049.2767,10033326.0068
688171.SH,20251009,399.8809,5.8178,44.6737,477089.513,477089.513
002666.SZ,20251009,53.7546,1.1709,0.782,417639.6295,265354.1465
000409.SZ,20251009,124.5216,4.9305,5.7035,771553.1947,481764.6128
600395.SH,20251009,189.338,1.1199,1.1692,1169910.5672,1169910.5672
300906.SZ,20251009,34.0765,2.6337,15.7208,233360.0,210598.649
601890.SH,20251009,37.5942,2.6871,4.7414,968994.0,968994.0
301498.SZ,20251009,53.5182,8.5542,6.1527,3715613.316,1662755.5837
300535.SZ,20251009,,2.1098,2.6693,197026.7504,143716.6865
000533.SZ,20251009,47.0993,5.3646,2.0065,487716.096,483541.0944
003031.SZ,20251009,45.5525,4.4961,9.7551,2755030.8628,2077677.0992
002009.SZ,20251009,,3.5221,2.4239,701896.9462,617943.8829
600106.SH,20251009,44.639,1.6041,76.2038,859879.2151,859879.2151
000586.SZ,20251009,517.2741,8.0239,5.3791,266753.76,266753.76
688013.SH,20251009,69.8059,8.6597,16.8154,497402.6724,497402.6724
601800.SH,20251009,6.752,0.4998,0.1936,14553078.614,10529922.8792
603568.SH,20251009,12.902,2.5268,5.0147,3490935.0277,3484618.9957
688425.SH,20251009,19.2233,1.681,2.8995,2922756.356,2922756.356
688428.SH,20251009,,7.0243,35.7164,4718657.9276,717593.8833
002273.SZ,20251009,35.7149,4.321,5.9345,3942442.3465,3861870.6061
600487.SH,20251009,21.4495,1.9879,0.9091,5947297.258,5895331.6924
002881.SZ,20251009,71.2206,8.1541,3.7661,1326525.9464,923144.3482
301092.SZ,20251009,39.865,2.1619,6.5499,413695.9983,186617.3958
920720.BJ,20251009,63.9633,8.1903,5.997,401324.8901,107883.6932
600673.SH,20251009,91.5678,7.3805,5.2367,6970129.5166,6951608.1589
002116.SZ,20251009,13.6604,1.8535,0.6937,474445.2706,465377.4743
000959.SZ,20251009,45.2559,0.663,0.3187,3319126.0344,2785108.8409
000027.SZ,20251009,16.7332,1.0082,0.7692,3273084.2622,3273084.2622
688685.SH,20251009,158.3037,11.4683,15.8391,915751.7221,915751.7221
688191.SH,20251009,159.3676,8.5013,7.1897,718347.7974,718347.7974
603976.SH,20251009,130.0793,2.5393,4.4969,298627.2127,298627.2127
688063.SH,20251009,499.2035,1.9289,7.6446,1754318.6304,1754318.6304
002217.SZ,20251009,10.7662,13.579,16.8695,2535516.2366,1925634.3755
920689.BJ,20251009,50.0099,5.7046,4.8402,266368.6,137650.2091
000532.SZ,20251009,31.0343,3.3668,9.6627,505342.4264,503643.9276
002326.SZ,20251009,,5.8045,3.1514,1594465.5698,1393042.7604
002808.SZ,20251009,,4.8676,7.038,129292.8,79367.8514
603903.SH,20251009,,2.003,3.0142,305617.4176,305617.4176
300086.SZ,20251009,,2.8796,6.4459,312670.4704,302748.8926
600298.SH,20251009,24.2521,3.0906,2.1825,3474838.0594,3431173.3354
600509.SH,20251009,53.6995,1.6672,1.4609,1283687.1781,1283687.1781
002224.SZ,20251009,99.4543,1.2504,4.0912,404148.1132,361258.4053
002613.SZ,20251009,118.8317,2.0126,2.6303,446830.889,313536.1544
300711.SZ,20251009,61.8666,7.1192,8.859,519022.3723,517473.0327
003007.SZ,20251009,270.8753,4.2242,9.0802,356512.0,253903.8562
603337.SH,20251009,25.5519,4.7816,3.5795,2230632.5765,2206564.7555
300243.SZ,20251009,267.2686,2.545,1.3322,269959.7681,209685.3202
688106.SH,20251009,83.5374,3.5009,3.9523,1030467.9976,1030467.9976
920300.BJ,20251009,,6.8029,13.2859,145081.6429,112438.4986
001379.SZ,20251009,55.7622,2.8616,2.1861,423800.0,142606.581
000426.SZ,20251009,44.5472,7.598,14.1341,6424250.1037,6422693.3688
688235.SH,20251009,,17.4802,14.3404,46944556.013,3503202.5565
002085.SZ,20251009,51.3571,5.1874,2.3686,3881387.8666,3881387.8666
600600.SH,20251009,19.7125,3.0314,2.7895,9082822.2145,4721360.5285
000568.SZ,20251009,14.5821,4.805,6.2172,19114762.218,19082229.1713
605388.SH,20251009,,2.5474,2.9929,439554.288,439554.288
603618.SH,20251009,63.4161,2.2778,0.7029,667868.8451,667868.8451
600790.SH,20251009,43.9978,0.8761,5.7338,568726.8801,568726.8801
603817.SH,20251009,18.174,1.1427,2.801,358012.7765,358012.7765
002620.SZ,20251009,,179.6858,3.7917,228006.376,190477.623
603228.SH,20251009,51.4107,5.2985,4.3018,5974152.2688,5916710.5328
600100.SH,20251009,,1.647,1.7284,2794148.2926,2794148.2926
600162.SH,20251009,,1.1748,2.6445,683103.5675,683103.5675
920195.BJ,20251009,21.3324,2.3324,1.6661,176944.15,127719.9679
002889.SZ,20251009,41.4763,2.407,1.4355,588783.5888,391752.6181
000012.SZ,20251009,,1.0828,1.0324,1430942.5219,913041.5347
301121.SZ,20251009,73.6339,3.1015,4.2889,517057.9302,264695.4709
301056.SZ,20251009,45.1016,4.1262,5.7005,329748.3204,217530.8459
600278.SH,20251009,32.0333,0.8585,0.1876,649086.3654,645217.5122
601098.SH,20251009,13.6009,1.3907,1.7158,2194712.0,2194712.0
000897.SZ,20251009,20.6242,1.2064,2.2156,368738.0694,368731.0926
600567.SH,20251009,,0.6837,0.3679,1060296.5903,1060296.5903
920475.BJ,20251009,5665.975,5.4752,6.8297,194035.2,80735.7312
301280.SZ,20251009,40.0066,3.9189,4.1064,701682.1182,194543.1432
920023.BJ,20251009,,1.17,2.7068,141722.632,116394.0935
301139.SZ,20251009,94.1463,1.3639,2.5121,265532.4672,166349.0512
301218.SZ,20251009,260.3357,2.5466,4.0546,235720.68,144832.284
920866.BJ,20251009,34.5533,2.1408,3.08,161284.2805,83780.7146
002484.SZ,20251009,40.5758,4.5096,5.2573,2701264.0366,2605819.9136
688051.SH,20251009,,5.2518,15.4548,356587.074,356587.074
601138.SH,20251009,51.119,8.9626,1.9314,135929256.2075,135929256.2075
300813.SZ,20251009,216.5183,5.429,12.7986,433287.2079,271882.586
600238.SH,20251009,,28.7547,18.6387,266230.8,264491.3185
601975.SH,20251009,11.5236,1.2857,2.5607,1464566.1251,1464566.1251
300618.SZ,20251009,66.721,3.2356,2.7079,1775951.9482,1562807.5661
002671.SZ,20251009,31.9607,1.6304,2.0531,276210.2295,269629.1263
000923.SZ,20251009,36.657,1.3076,2.4978,1285876.0532,1236965.6674
002427.SZ,20251009,277.1177,7.1246,2.9035,670094.2884,669599.7305
601799.SH,20251009,24.8689,3.5549,2.6454,3781252.7899,3781252.7899
300357.SZ,20251009,43.7229,6.1229,15.4131,1511063.424,1397009.2956
002639.SZ,20251009,216.4349,3.485,3.5626,869950.0524,732597.3386
688630.SH,20251009,92.4833,8.6634,16.1237,1868478.575,1868478.575
600546.SH,20251009,12.2879,1.2585,0.7973,2006245.6137,2006245.6137
301231.SZ,20251009,,2.2912,6.3964,199015.2,127096.2
301551.SZ,20251009,52.8396,5.9975,24.5037,1492037.3,576485.3756
600961.SH,20251009,18.2199,5.3506,0.8641,1823883.5951,1278081.0766
603596.SH,20251009,24.8082,4.5455,2.8392,3159921.3722,3159921.3722
301137.SZ,20251009,217.8014,6.1796,5.0343,838159.774,830488.734
605122.SH,20251009,,1.1278,1.8133,227507.28,227507.28
301012.SZ,20251009,92.0715,4.1191,3.3518,475067.9107,346006.6147
600828.SH,20251009,,0.9643,2.8155,677205.1755,676961.8308
600165.SH,20251009,,,5.7098,255461.6481,255461.6481
000682.SZ,20251009,22.6266,3.1278,2.1042,1659820.0347,1659609.4905
920110.BJ,20251009,31.5308,4.2883,7.5214,148122.0,61675.722
688565.SH,20251009,105.6189,3.0857,3.7633,151227.3,151227.3
002721.SZ,20251009,,4.5838,15.9082,946738.7869,946738.7869
603583.SH,20251009,45.2452,3.627,4.0327,1646337.6352,1646337.6352
600108.SH,20251009,61.2086,1.352,1.3599,580180.7061,580180.7061
600583.SH,20251009,11.4867,0.8948,0.8512,2369846.1728,2369846.1728
603308.SH,20251009,72.3834,4.8569,8.8851,2335885.357,2335885.357
688135.SH,20251009,,6.4685,12.9474,700983.9271,700983.9271
300626.SZ,20251009,,3.8066,2.4873,198000.0,197891.6775
688583.SH,20251009,70.5285,7.5178,23.8804,857745.2,171549.0497
600523.SH,20251009,30.9823,1.9103,2.3698,592316.0838,591925.3683
603895.SH,20251009,,17.0007,7.7342,324240.0,324240.0
002602.SZ,20251009,57.2599,5.457,5.0816,15524693.7166,14325349.9441
002631.SZ,20251009,,1.9054,3.0671,419370.7954,417419.0572
301091.SZ,20251009,167.3318,7.6763,13.9982,1773242.64,1773242.64
600058.SH,20251009,55.4026,2.0193,0.1699,1011883.7112,1011883.7112
002015.SZ,20251009,32.5443,1.6073,1.8494,1944742.8876,1944742.8876
688200.SH,20251009,68.1292,7.7286,26.7967,2842402.7947,2842402.7947
301261.SZ,20251009,122.467,5.3316,7.9366,830562.3522,354217.3835
002643.SZ,20251009,49.7069,1.7459,3.434,1238611.28,1220274.6549
001211.SZ,20251009,74.165,2.1764,1.3008,188568.0,175464.0299
002466.SZ,20251009,,2.0101,7.3399,8424390.3855,7575515.6393
603005.SH,20251009,70.8678,4.9467,17.2702,2179557.8415,2179557.8415
002956.SZ,20251009,29.0416,2.8531,2.0763,430196.7474,430153.228
600975.SH,20251009,23.9687,2.5826,1.0595,794613.9808,640682.3518
000710.SZ,20251009,,2.8342,4.7847,465941.2909,434320.4385
300147.SZ,20251009,,8.3842,4.3566,688391.4858,684351.6855
603380.SH,20251009,35.4159,5.1025,3.2262,748297.7568,748297.7568
002753.SZ,20251009,26.204,1.1376,0.6551,261110.3081,168751.3244
002655.SZ,20251009,56.7827,6.9639,3.7121,492840.0,492704.5717
600585.SH,20251009,14.3424,0.6673,1.4446,12532850.5993,9459296.5993
300451.SZ,20251009,,1.7295,5.9039,751325.4756,740446.4785
301358.SZ,20251009,89.9331,3.8507,1.7507,4582314.7886,2325589.9427
605369.SH,20251009,33.0683,2.4712,3.7458,418936.6031,418936.6031
002364.SZ,20251009,167.7467,6.2384,7.2091,1494574.2739,1480091.1715
300747.SZ,20251009,135.5901,4.5638,4.6159,1511411.4659,1362816.266
601065.SH,20251009,15.8615,1.2247,2.2225,536718.026,347573.826
002501.SZ,20251009,,31.493,37.3567,926550.0,925628.4628
300540.SZ,20251009,56.3089,4.2417,5.0683,463709.4022,417588.9521
603856.SH,20251009,27.0082,1.2382,1.6516,325774.7493,325774.7493
301090.SZ,20251009,,1.7604,0.6818,1128146.3694,1122871.4712
002152.SZ,20251009,39.3987,2.782,3.0579,3496603.1204,3494844.2679
002369.SZ,20251009,,13.4972,2.9664,523300.6464,522616.8207
688109.SH,20251009,169.3389,12.0986,20.436,919064.6911,919064.6911
600679.SH,20251009,,3.0945,2.8282,645148.4098,430305.2098
603260.SH,20251009,163.8339,1.874,2.5804,5985513.7423,5985513.7423
300970.SZ,20251009,,1.2304,1.6794,179381.0592,138803.481
601339.SH,20251009,14.4832,0.8957,1.0894,821763.812,821763.812
002019.SZ,20251009,38.8282,1.9318,3.282,1694431.3884,1172173.3934
301633.SZ,20251009,47.6202,4.8694,7.2377,432689.28,108172.32
600439.SH,20251009,,1.2089,2.5182,318087.9086,318087.9086
002304.SZ,20251009,33.1784,2.0814,4.8976,10185075.1453,10184834.7918
300771.SZ,20251009,57.4938,1.5551,6.0074,300240.0,226680.1216
688639.SH,20251009,56.0849,3.2995,3.2731,867651.339,867651.339
920478.BJ,20251009,28.0806,3.3957,5.7897,171191.4225,102673.2044
002559.SZ,20251009,80.3064,3.6767,3.112,638826.9579,581473.5429
600421.SH,20251009,,307.5488,11.2902,144939.6,144939.6
301369.SZ,20251009,209.1409,4.1434,18.743,619722.5698,319306.9978
688363.SH,20251009,507.4652,3.8498,5.6164,2707513.3983,2707513.3983
600877.SH,20251009,450.0421,7.0529,17.3698,1741751.5127,1741751.5127
300841.SZ,20251009,48.6159,2.9268,8.551,1004489.5293,919323.2958
002801.SZ,20251009,34.8352,4.8238,5.6147,829430.784,418279.3524
920806.BJ,20251009,39.781,2.937,2.0676,439075.5338,439075.5338
300839.SZ,20251009,,5.6445,1.8045,407049.7335,399770.8987
002731.SZ,20251009,13.4747,1.8279,0.72,330185.084,296027.0996
300883.SZ,20251009,,1.6352,2.6142,232512.0,222213.3144
002102.SZ,20251009,,3.3984,0.8561,965494.4481,847424.7538
603131.SH,20251009,,5.7177,6.7371,690040.5937,690040.5937
920570.BJ,20251009,,6.0552,16.9945,206498.9832,101371.614
000975.SZ,20251009,25.234,5.0079,4.1635,6797416.1047,6187154.6156
002037.SZ,20251009,166.2049,2.7187,0.7342,520174.8335,520174.8335
600289.SH,20251009,,3.5923,15.9758,416494.3655,373508.9714
300395.SZ,20251009,111.2072,9.4268,23.3143,4044440.8597,3973011.0246
601607.SH,20251009,11.1749,0.9032,0.2445,6782593.7487,5101460.5266
002458.SZ,20251009,28.9607,2.2917,3.0739,947089.4552,641031.6158
600882.SH,20251009,73.0482,2.7198,2.2602,1240450.4695,1240450.4695
001283.SZ,20251009,50.1621,2.6021,1.4495,805241.2908,642487.0709
000718.SZ,20251009,157.4957,0.8433,4.5543,795074.7326,597908.398
002897.SZ,20251009,84.0923,3.5828,1.5819,944392.8702,888593.2125
300150.SZ,20251009,56.0704,2.0878,3.7364,328829.6018,258645.4564
603101.SH,20251009,58.1117,3.4809,2.0068,489216.0,489216.0
002095.SZ,20251009,,5.5853,7.9201,492298.56,490327.9924
301237.SZ,20251009,,2.8498,6.6102,375280.0,308960.9875
600879.SH,20251009,82.5071,1.8801,3.1447,3896472.5135,3896472.5135
300461.SZ,20251009,,5.868,14.1174,297151.2613,215704.5834
603836.SH,20251009,94.9984,1.5443,0.2784,276862.3347,276862.3347
300316.SZ,20251009,59.18,3.6319,4.7082,6228142.7385,5857277.6393
600808.SH,20251009,,1.3172,0.4086,3141877.9239,2434842.4839
605288.SH,20251009,103.3955,2.8932,4.7268,646728.7328,642390.2437
688391.SH,20251009,51.3856,2.0793,6.9059,384591.2288,384591.2288
002051.SZ,20251009,38.8526,0.9004,0.9009,1035711.2803,1035651.6691
002141.SZ,20251009,,4.6073,3.7373,383219.1811,378038.1946
920174.BJ,20251009,61.3271,6.4507,6.7745,527001.0439,509389.4439
600500.SH,20251009,,1.2921,0.298,1532299.5742,1531530.6155
300542.SZ,20251009,,10.5983,4.2057,583983.1624,484430.0094
000423.SZ,20251009,18.6152,3.2087,4.8943,3046010.3775,3041475.5421
300015.SZ,20251009,33.4779,5.4945,5.4266,11908531.5476,10127834.8639
300699.SZ,20251009,40.0868,4.7893,10.3209,2574697.144,2544009.1228
600460.SH,20251009,106.2598,4.402,4.4085,5414889.7836,5414889.7836
002389.SZ,20251009,1038.759,2.8582,9.5453,2251518.024,2251156.8474
688625.SH,20251009,26.3109,5.1283,7.5603,709969.9853,709969.9853
000650.SZ,20251009,19.5275,1.3565,2.3056,849762.508,808151.2012
605058.SH,20251009,29.9798,2.5141,3.1958,431630.329,431630.329
300809.SZ,20251009,225.7384,6.7088,22.363,1093514.5696,649406.2708
002279.SZ,20251009,,4.3606,1.8707,587162.8792,537804.3247
002957.SZ,20251009,48.0852,2.7096,3.3052,830725.3177,828146.789
301067.SZ,20251009,206.2363,3.9553,3.7735,329727.276,216443.7999
000917.SZ,20251009,179.9198,1.1607,2.9455,1199252.6619,1199170.6211
600604.SH,20251009,474.5141,1.8457,4.2286,1155829.0641,868399.6141
688267.SH,20251009,27.5331,1.7297,6.619,484373.8,484373.8
301150.SZ,20251009,,2.9305,1.9721,1035556.5935,523745.7922
600685.SH,20251009,50.7837,2.1721,1.8436,3843323.8418,2233482.2571
600099.SH,20251009,106.7141,4.317,1.9207,229637.76,229637.76
920819.BJ,20251009,,1.0294,0.8866,524642.4,516813.21
688466.SH,20251009,37.9126,2.1775,3.8417,249439.1447,249439.1447
603815.SH,20251009,47.008,3.283,1.8116,785414.8542,785414.8542
300443.SZ,20251009,34.0202,1.568,3.8401,974169.5817,738761.4189
603938.SH,20251009,90.4666,2.2628,2.9732,556336.0186,556336.0186
688208.SH,20251009,36.089,8.4837,5.9782,2651915.698,2651915.698
300422.SZ,20251009,,2.127,1.4848,269609.5964,258283.2045
300127.SZ,20251009,71.5243,7.6946,13.8258,1093527.2822,781081.8178
002653.SZ,20251009,164.8603,14.5836,14.6888,5927725.8152,2548565.7805
600169.SH,20251009,44.7522,1.7093,0.8715,903717.8559,899948.205
002692.SZ,20251009,56.2109,3.2501,0.8141,390671.424,390433.6824
000688.SZ,20251009,48.0733,5.1709,7.8855,1755619.3528,1755612.6136
688066.SH,20251009,,17.428,9.203,940598.6652,940598.6652
688628.SH,20251009,22.718,3.3067,3.417,404598.6686,404509.2546
603696.SH,20251009,63.6344,4.8411,4.3811,276360.0,276360.0
300429.SZ,20251009,,4.4385,8.3775,767987.3781,570864.0778
301556.SZ,20251009,63.8428,8.6603,15.6042,820820.0,186286.8989
000425.SZ,20251009,20.1591,2.2892,1.38,13363129.712,10561762.4175
600325.SH,20251009,,0.7627,0.2004,1469649.2299,1469649.2299
605376.SH,20251009,119.6306,10.3416,16.1469,1655928.0,1655928.0
600996.SH,20251009,,4.6981,9.2059,1218123.4574,1218123.4574
600132.SH,20251009,24.0801,16.0437,1.7756,2596505.4773,2596505.4773
002096.SZ,20251009,22.3555,2.2699,1.8437,1722972.2295,973610.8868
600845.SH,20251009,41.7763,6.6116,5.9237,6881256.7884,5114576.0288
000153.SZ,20251009,21.8636,1.4292,0.7476,299314.277,291290.037
002086.SZ,20251009,,3.7725,15.0652,513243.983,414296.9417
300020.SZ,20251009,,0.9757,18.3008,282905.3587,272923.6919
605567.SH,20251009,74.1986,1.8542,0.7702,198800.0,198800.0
000506.SZ,20251009,,18.0411,25.7958,1110176.2244,1109658.3114
603527.SH,20251009,23.7252,1.8166,0.3706,373392.0736,373392.0736
688655.SH,20251009,,4.1357,5.2445,282119.85,282119.85
600988.SH,20251009,28.2325,5.256,6.0389,6100319.8814,5341155.5234
002548.SZ,20251009,86.8685,2.7382,0.8791,420712.2183,408671.5179
301131.SZ,20251009,50.1792,2.7513,1.3456,228642.8554,147349.0275
000605.SZ,20251009,173.9125,1.1301,1.4345,240865.8238,240865.8238
000913.SZ,20251009,15.1592,1.9685,1.5481,904687.633,795851.474
601233.SH,20251009,28.5886,0.9422,0.3625,3525407.1472,3512386.6043
920357.BJ,20251009,40.5311,5.8739,4.802,215415.2,119744.274
000967.SZ,20251009,44.0179,1.3318,1.6988,2267531.4157,2266451.9025
600062.SH,20251009,12.6252,1.7801,1.7828,1965329.207,1953737.5171
601111.SH,20251009,187.8123,3.2571,0.827,13888943.116,9263935.1413
601216.SH,20251009,13.9065,1.5929,1.7029,4463711.1993,4463711.1993
002175.SZ,20251009,400.1725,9.2195,17.6013,600086.9417,600086.9417
688576.SH,20251009,40.3065,1.7497,8.7906,298889.8941,143153.218
301040.SZ,20251009,,2.9708,3.4433,224102.0326,211174.544
605186.SH,20251009,337.5553,2.5086,8.1478,270096.0,270096.0
688603.SH,20251009,124.6056,8.1681,22.1252,931567.4698,354191.9827
688321.SH,20251009,,8.6975,17.0096,1296792.7969,1296792.7969
605368.SH,20251009,18.7567,2.1743,1.5663,687479.7502,687479.7502
688359.SH,20251009,,10.4524,11.8313,653519.2493,653519.2493
603058.SH,20251009,29.0114,3.3233,4.2226,401418.8189,400414.407
002922.SZ,20251009,41.7777,2.5059,1.8255,922364.8103,817562.7404
603786.SH,20251009,47.6864,7.4276,6.4741,4060779.1185,4060779.1185
301585.SZ,20251009,47.0147,3.6176,7.5487,342368.0,85592.0
920271.BJ,20251009,25.1196,3.8149,5.9831,221875.808,98186.835
003003.SZ,20251009,34.8635,1.6914,2.091,215517.1277,143598.2914
300424.SZ,20251009,,5.0106,2.2296,381641.7482,380910.0181
002533.SZ,20251009,16.105,2.3132,0.4979,948985.7932,824475.5449
000761.SZ,20251009,,1.5521,0.3116,1483071.826,1338671.826
300712.SZ,20251009,137.0655,3.9696,2.5252,510500.3073,508306.3072
688692.SH,20251009,65.2494,8.7833,24.8713,3023394.76,1952675.4184
000935.SZ,20251009,52.4023,2.2369,13.927,1700945.0619,1700945.0619
002150.SZ,20251009,31.0244,3.7207,2.1215,736639.6735,727073.4454
301191.SZ,20251009,118.2384,4.5536,4.7297,745703.868,487137.316
688439.SH,20251009,78.2085,2.4245,13.0986,1201400.0,1201400.0
000915.SZ,20251009,14.2975,2.68,3.465,745174.1223,744691.5573
600243.SH,20251009,,3.8464,10.5466,245317.15,245317.15
300759.SZ,20251009,45.4415,4.4,4.7871,6277030.2033,5010427.6839
601059.SH,20251009,35.3715,3.1129,16.8191,6278448.0,1338937.6
600054.SH,20251009,26.9001,1.7902,4.0926,833680.6999,586701.9
603579.SH,20251009,40.8681,2.5999,4.2865,678190.8059,678190.8059
002528.SZ,20251009,,20.5538,5.0521,336827.698,295111.7011
002271.SZ,20251009,,1.4401,1.1217,2961987.8338,2374577.2125
301152.SZ,20251009,,2.713,2.1145,373437.322,223293.0564
688520.SH,20251009,,,11.5171,2510802.7555,2510802.7555
002823.SZ,20251009,27.3477,2.8794,1.9196,563152.7475,375444.8794
301070.SZ,20251009,,6.9369,17.8415,537679.6166,353695.2532
000545.SZ,20251009,,2.771,1.3798,265458.1028,265073.4328
920062.BJ,20251009,46.8056,2.8274,1.3949,213049.3867,150732.7956
600643.SH,20251009,,0.7488,7.0608,892175.6357,890596.961
600875.SH,20251009,23.3682,1.6916,1.0013,7338640.6118,4294034.7653
002299.SZ,20251009,14.3507,1.9807,1.1821,2199185.9419,2168493.6238
603613.SH,20251009,15.9212,2.6774,0.4362,2263929.8084,2263929.8084
600688.SH,20251009,,1.1885,0.3475,2888677.195,2008094.899
688153.SH,20251009,,3.9801,7.7913,1572363.7312,618316.9046
002806.SZ,20251009,32.8465,2.2318,2.1615,248813.1303,203877.9328
000020.SZ,20251009,101.6721,9.9784,4.8237,417096.4874,266856.6209
300927.SZ,20251009,13.807,3.9568,3.4606,376779.6,367720.1073
600257.SH,20251009,,3.1597,2.582,251205.8121,251205.8121
002061.SZ,20251009,8.3717,0.7221,0.2343,1124302.152,1094237.0559
603816.SH,20251009,16.0241,2.5232,1.2746,2469283.2661,2441371.6904
002878.SZ,20251009,,3.76,1.6531,478658.8852,431049.295
605136.SH,20251009,,1.6256,2.5012,398456.2075,398456.2075
300291.SZ,20251009,,1.8506,9.3213,578320.2457,570392.8874
002232.SZ,20251009,492.0696,6.2539,9.7124,872659.4999,872659.4999
688279.SH,20251009,124.5031,5.3943,38.9572,2699889.306,1323840.1221
000546.SZ,20251009,,0.9684,0.4804,398155.9101,356713.0655
002977.SZ,20251009,,3.9718,38.9884,423302.88,234769.4791
688065.SH,20251009,69.0896,2.178,11.937,3801197.2144,3074402.2655
002563.SZ,20251009,16.7872,1.3592,1.0308,1527549.1207,1252186.8068
300044.SZ,20251009,,30.5696,44.275,304783.822,285435.903
603219.SH,20251009,70.7517,6.9017,3.3424,1057116.2,1057116.2
002264.SZ,20251009,19.6526,2.6457,1.4931,514665.0795,468169.7092
688687.SH,20251009,32.6924,2.6066,4.0137,481721.3812,481721.3812
300615.SZ,20251009,164.2361,5.0067,7.0279,264917.2332,171721.0747
688459.SH,20251009,35.6254,1.4507,4.1982,490080.0,179272.2523
603688.SH,20251009,127.8478,4.0664,23.7431,2346550.3479,2346550.3479
688582.SH,20251009,98.7002,13.5428,60.7099,3158841.5478,1964409.3878
300489.SZ,20251009,88.8272,9.743,3.3468,636599.189,634246.0169
600000.SH,20251009,7.4962,0.5361,2.0794,35986491.4305,35986491.4305
301156.SZ,20251009,47.1775,3.5529,4.8343,250596.7215,132832.0853
601901.SH,20251009,20.7326,1.3455,6.9544,6717394.7383,6717394.7383
002026.SZ,20251009,21.4592,1.846,3.2737,672692.2709,645911.4547
688249.SH,20251009,117.4741,3.7881,7.9248,7964356.5733,4711443.9331
002412.SZ,20251009,16.9169,1.4121,3.0839,318525.6,315135.885
601777.SH,20251009,1202.7675,5.1277,6.5745,5411756.785,5411756.785
920699.BJ,20251009,32.5843,8.6502,6.4749,269143.6447,123143.3947
301360.SZ,20251009,169.9212,3.8322,12.2887,438614.82,209357.58
000333.SZ,20251009,12.7554,2.5714,1.2653,55800623.3941,50334468.5096
605228.SH,20251009,4102.7719,4.8637,4.929,758202.3114,752935.0494
300511.SZ,20251009,,3.0033,2.0131,378925.7186,327716.2237
301148.SZ,20251009,72.4291,2.2351,7.4996,389333.2414,127320.4414
000610.SZ,20251009,,16.0633,5.2963,290252.9266,288728.2644
300497.SZ,20251009,,2.6799,5.3059,535955.6893,438638.4736
002570.SZ,20251009,53.7243,4.0353,2.4855,673947.0398,673917.0878
600793.SH,20251009,,16.3114,1.4633,399626.1405,399626.1405
920580.BJ,20251009,134.6382,4.1559,11.0751,137600.0,89445.6976
002229.SZ,20251009,,6.7241,8.3846,867838.9125,862544.3624
000619.SZ,20251009,,1.0014,0.5108,256319.0908,209160.0
002790.SZ,20251009,21.3136,1.4403,1.4147,302121.6729,188484.2925
300097.SZ,20251009,,4.2245,7.1385,163030.563,152555.6206
601918.SH,20251009,7.7441,1.0337,1.3187,1655356.2102,1655356.2102
002985.SZ,20251009,322.3434,3.8236,15.0468,982618.5096,520161.2181
002538.SZ,20251009,18.7878,0.859,1.0293,455798.7774,455795.9942
603053.SH,20251009,18.8545,1.977,1.7235,926223.38,926223.38
603679.SH,20251009,,3.4286,7.3315,268601.1572,268601.1572
600619.SH,20251009,393.5532,4.0546,1.2279,2479425.5779,1822993.7834
300679.SZ,20251009,44.4327,4.9541,4.9131,2476700.6,2093816.86
603757.SH,20251009,40.3565,4.1333,4.2937,872108.4358,872108.4358
603516.SH,20251009,4709.5118,22.2797,78.9934,3081547.1096,3081547.1096
600771.SH,20251009,101.627,5.6599,6.9494,931991.1325,931991.1325
000962.SZ,20251009,53.3758,4.8415,8.8375,1312142.2325,1303724.7369
002920.SZ,20251009,34.6022,8.5781,2.7041,8266524.7877,8239511.0556
605500.SH,20251009,26.1087,1.4791,1.5706,377932.8,377932.8
688039.SH,20251009,,6.5624,21.9753,706743.0994,706743.0994
300852.SZ,20251009,46.0723,3.6492,3.5853,580722.6487,558157.1658
002652.SZ,20251009,,7.4442,6.0904,189463.68,189463.68
920662.BJ,20251009,112.5801,6.0404,7.3777,273856.4063,76888.3889
600575.SH,20251009,18.1438,1.1067,0.4744,1325215.0232,1325215.0232
600458.SH,20251009,27.6059,1.8938,0.7035,1452641.58,1263208.8643
002584.SZ,20251009,,2.37,0.7282,526694.7798,421583.8743
002318.SZ,20251009,15.3716,3.3207,2.1102,2572890.5058,2514403.6978
000823.SZ,20251009,29.6155,1.6251,1.2395,757695.0178,757662.926
920429.BJ,20251009,38.7609,2.6726,2.0231,221610.0,201654.226
000551.SZ,20251009,20.8212,1.9704,1.3848,555504.0707,553497.7788
600792.SH,20251009,,1.4828,0.7479,423990.8152,404869.6192
603382.SH,20251009,38.0558,3.698,1.2327,635829.7989,124607.1769
300176.SZ,20251009,98.289,2.9294,1.5495,276905.772,276905.772
000016.SZ,20251009,,7.0095,1.1919,1305106.4111,865353.8396
300339.SZ,20251009,358.0029,13.6159,13.6707,4874830.7578,4760220.0887
600287.SH,20251009,53.5547,1.1056,0.8159,244438.3215,243295.4132
688387.SH,20251009,,3.9366,4.0441,2440987.5,1439978.9208
600151.SH,20251009,,2.5393,2.9076,1187560.8936,1187560.8936
000536.SZ,20251009,,16.2883,8.356,1333227.811,1331805.7727
688269.SH,20251009,47.4041,5.0359,2.6867,507392.928,507392.928
002885.SZ,20251009,118.9892,3.5395,1.4827,505260.1453,430642.7728
001388.SZ,20251009,50.2205,5.3209,6.9691,731016.0,143263.6207
002289.SZ,20251009,,43.8982,37.9048,992938.976,991876.076
600901.SH,20251009,10.5576,1.3442,5.7228,3243732.6673,3242653.3614
002353.SZ,20251009,20.5885,2.6382,3.7411,5723354.1065,3875233.3451
300435.SZ,20251009,,2.5486,2.9928,793411.641,758651.6939
300084.SZ,20251009,,3.6543,7.5114,475551.0419,321161.6583
002365.SZ,20251009,241.2776,2.6776,6.7329,525418.8975,437833.6601
300653.SZ,20251009,37.9714,4.2303,10.2277,361080.0,361080.0
002206.SZ,20251009,14.1605,1.921,1.2314,732190.5486,544971.5372
603045.SH,20251009,81.1926,2.7937,0.625,275766.3356,275766.3356
002363.SZ,20251009,63.2122,1.4858,1.3785,314755.9523,313897.4161
688535.SH,20251009,338.6981,9.6433,27.5837,980300.511,637229.9971
600640.SH,20251009,681.1814,2.9829,5.7975,1184791.2547,1184791.2547
002695.SZ,20251009,122.7902,2.5078,4.1815,695417.3579,635590.8767
301315.SZ,20251009,94.0157,4.3657,17.2628,441760.0,185740.0
000628.SZ,20251009,281.8576,9.0267,2.9731,1962199.6,1070768.9185
003029.SZ,20251009,,4.3873,13.2562,486567.6305,435344.5333
002818.SZ,20251009,13.0735,1.6334,6.499,874200.0419,348481.1991
000548.SZ,20251009,49.1246,1.2897,5.1874,264085.164,264063.0455
301211.SZ,20251009,119.0606,2.1945,11.2879,495273.6,495273.6
920368.BJ,20251009,59.6813,1.7516,1.7485,740967.0686,704954.5649
002339.SZ,20251009,74.2631,2.2842,1.4149,397224.7119,377289.36
300522.SZ,20251009,425.4557,5.4323,6.1965,434987.0829,354929.4827
301096.SZ,20251009,,2.4528,10.3972,633414.8189,480082.851
920961.BJ,20251009,234.7725,5.3878,16.3238,408095.3314,296817.1727
688353.SH,20251009,,2.2827,11.6459,758582.0,566301.4572
002989.SZ,20251009,,4.2592,21.7251,650289.2979,602956.0704
301153.SZ,20251009,350.969,4.7647,11.4989,806263.5753,752290.5683
002880.SZ,20251009,24.1059,2.6643,5.055,605782.8,603680.723
603031.SH,20251009,59.0531,3.526,2.2558,1072293.3141,878048.08
002792.SZ,20251009,236.0129,3.3002,7.8513,926507.4598,588458.0688
603040.SH,20251009,46.0541,8.1413,15.0255,1115097.9403,1109282.9428
300617.SZ,20251009,42.3627,2.0782,6.5098,604002.803,507297.6089
600863.SH,20251009,13.0867,1.6659,1.2961,2767400.4319,2767400.4319
301159.SZ,20251009,,4.4511,7.9163,266161.35,182424.529
688659.SH,20251009,,3.1649,2.5721,170880.0,170880.0
301021.SZ,20251009,163.7158,6.1015,12.7802,602978.1065,602528.2347
300102.SZ,20251009,90.3867,2.7591,3.9988,1161461.3351,1156420.9387
300088.SZ,20251009,43.3885,1.951,1.4677,1690965.633,1682685.969
002261.SZ,20251009,,18.0206,12.5749,4633986.7777,4216422.5513
000719.SZ,20251009,9.8927,1.0466,1.2069,1195101.9788,779228.3302
300568.SZ,20251009,89.6009,2.0253,5.2569,1990025.3006,1800171.5116
603068.SH,20251009,196.994,3.8966,7.6325,659763.9009,659763.9009
000882.SZ,20251009,,0.7885,3.7651,541995.6855,541631.8247
603229.SH,20251009,43.1846,3.6183,10.8024,847733.385,847733.385
600818.SH,20251009,,5.8093,3.2134,331412.7952,245334.6052
002317.SZ,20251009,,3.6579,5.9992,1441482.089,1291703.1206
920895.BJ,20251009,,6.8787,21.2793,133114.02,67675.3995
601137.SH,20251009,15.4314,2.5183,1.0739,2148206.8913,2145671.5313
603898.SH,20251009,51.6502,1.0255,1.7141,311345.062,311345.062
600666.SH,20251009,,10.4667,24.4051,942357.8795,825135.7508
603909.SH,20251009,25.6485,2.5065,0.3991,273446.1239,273446.1239
601066.SH,20251009,23.4517,2.6063,9.3155,20811212.1404,17427885.3869
603061.SH,20251009,71.8577,5.8161,15.5383,825000.0,575112.0925
605086.SH,20251009,33.0913,3.6471,13.6854,457139.2,457139.2
688223.SH,20251009,,2.0474,0.7531,5803017.5532,5803017.5532
601399.SH,20251009,55.1596,1.7355,1.8809,2539171.6733,2539171.6733
002820.SZ,20251009,5487.253,2.6833,4.9926,238028.9296,238028.9296
920167.BJ,20251009,,3.4621,0.7189,213378.4131,126958.78
002198.SZ,20251009,89.9788,4.4021,7.9808,315163.6156,315145.5445
601866.SH,20251009,19.5623,1.1358,1.2247,3444588.169,2545267.777
688599.SH,20251009,,1.7674,0.5875,4016570.4543,4016570.4543
600714.SH,20251009,58.5465,4.569,9.7386,353015.9344,353015.9344
603665.SH,20251009,,6.1523,2.811,434355.4097,431812.1381
603121.SH,20251009,243.2001,5.032,5.076,595819.3384,595819.3384
002937.SZ,20251009,35.7164,3.9338,3.3128,586026.7832,584403.1439
300358.SZ,20251009,,1.2929,1.0187,551934.9282,538809.1336
600369.SH,20251009,40.6881,1.2367,11.0594,3183007.2704,3183007.2704
301015.SZ,20251009,29.3825,6.8985,1.7308,1428108.2223,1427924.8248
300450.SZ,20251009,173.7114,8.0073,7.7487,9851165.4839,9808716.3433
600359.SH,20251009,,3.8349,5.0682,259810.2304,259810.2304
601949.SH,20251009,20.7351,1.3493,2.2382,1287082.4045,1287082.4045
603899.SH,20251009,18.9693,2.9363,1.044,2504118.4551,2504118.4551
000862.SZ,20251009,43.6295,1.2023,4.101,530577.8143,362964.9769
300048.SZ,20251009,106.231,4.2303,1.0243,774771.0218,773182.7636
002976.SZ,20251009,,3.5897,1.5337,299172.4335,161018.9213
300030.SZ,20251009,,3.748,4.4908,233127.2355,205258.4417
300387.SZ,20251009,31.0627,1.7922,2.0646,263620.0004,263528.4602
603687.SH,20251009,44.6918,1.621,2.4017,523080.3027,523080.3027
002722.SZ,20251009,24.8525,1.2656,1.5069,336616.227,287251.9273
301297.SZ,20251009,274.5931,3.7808,36.3896,3216481.6233,609408.9144
002111.SZ,20251009,105.7437,1.7533,1.766,534668.3164,480584.4504
600229.SH,20251009,,1.376,2.0491,436727.8452,436727.8452
920351.BJ,20251009,75.8368,4.9029,1.1115,224930.5466,90090.4216
688099.SH,20251009,49.6422,6.8033,7.6075,4747495.6391,4747495.6391
300352.SZ,20251009,,6.6742,22.1835,868444.6281,764689.9183
600248.SH,20251009,5.9579,0.5238,0.1023,1447277.5557,1434121.1037
605066.SH,20251009,29.5851,2.1713,1.3424,381591.0945,379839.4425
301502.SZ,20251009,90.5468,3.3143,6.1926,272859.13,112745.86
003018.SZ,20251009,23.7271,1.9532,3.6335,302640.0,114047.4687
301601.SZ,20251009,109.1558,3.5801,9.1079,451924.16,101682.936
603556.SH,20251009,16.1149,1.966,3.1773,1393633.1112,1393633.1112
002727.SZ,20251009,99.4078,1.1145,0.4622,813989.7338,552264.2819
002959.SZ,20251009,23.6391,2.8008,1.5193,784241.7623,757593.2283
688435.SH,20251009,,2.654,15.319,293001.5,165563.6592
001270.SZ,20251009,183.3166,6.5064,26.7763,912882.8965,901299.5557
002159.SZ,20251009,19.5518,1.8734,3.8685,260455.6464,203416.195
688127.SH,20251009,50.5133,7.4512,11.2562,1387788.2408,1387788.2408
603192.SH,20251009,23.2431,1.946,1.2011,304346.7333,297717.334
603893.SH,20251009,99.2412,23.6586,23.7969,9360789.509,9358164.127
688257.SH,20251009,29.5369,2.4124,2.5599,542173.4666,542173.4666
300340.SZ,20251009,,,2.2119,396734.6589,393242.0402
000880.SZ,20251009,63.8718,7.0674,3.0948,1497767.9044,733069.5372
605286.SH,20251009,29.4079,3.4123,3.0327,704256.0,704256.0
603291.SH,20251009,43.6998,2.5678,3.7716,448613.8402,137739.6616
000779.SZ,20251009,17.8936,1.0793,2.1187,423924.4602,423874.5647
301024.SZ,20251009,,6.3709,18.5974,261843.03,247944.78
300063.SZ,20251009,65.9687,4.0239,0.9971,683432.9622,564525.5531
002864.SZ,20251009,25.8764,1.8893,2.86,312466.0224,218120.7403
300055.SZ,20251009,141.3286,0.973,1.8905,502886.5132,380253.3875
603983.SH,20251009,44.1311,4.6003,4.5716,1548261.0,1548261.0
688517.SH,20251009,25.4308,2.6726,3.0692,209428.0111,209428.0111
300494.SZ,20251009,,4.747,5.6489,694071.7575,563662.5162
300010.SZ,20251009,99.1768,9.7148,19.4616,1704955.4437,1372249.3802
688286.SH,20251009,238.1919,5.6559,9.902,598159.933,598159.933
603179.SH,20251009,41.7154,7.1457,2.8313,4122102.8104,4122102.8104
002414.SZ,20251009,,8.4067,15.8388,5483625.1627,4363818.3614
002021.SZ,20251009,273.7131,5.8284,4.1932,369402.4928,369390.3083
002755.SZ,20251009,75.2203,5.8642,9.8822,1840541.976,1840524.5752
300278.SZ,20251009,1230.8735,4.4824,3.574,791779.125,789305.3053
688069.SH,20251009,,2.0844,7.0735,248374.0,248374.0
688695.SH,20251009,88.3663,3.2131,13.1328,254303.6202,153294.8901
688601.SH,20251009,91.4903,4.7747,8.0696,586910.953,586910.953
603315.SH,20251009,54.0794,2.5846,3.5137,441226.9655,432001.0655
688299.SH,20251009,,3.1367,5.3687,652094.4765,652094.4765
300975.SZ,20251009,76.5512,4.079,1.1984,910969.4309,652489.1812
300941.SZ,20251009,116.6438,3.9449,24.6707,500204.25,259661.8259
920896.BJ,20251009,43.1147,5.2383,5.4717,216012.5282,94753.4625
600426.SH,20251009,17.5692,1.7847,1.7281,5705092.1346,5694979.7552
002942.SZ,20251009,36.6879,2.4148,2.8973,293948.056,258775.7836
002040.SZ,20251009,30.9294,1.4937,4.9035,495754.1368,493715.1873
688185.SH,20251009,,3.9514,20.9409,1937532.7092,898719.5622
300006.SZ,20251009,,2.4272,5.6864,449818.1733,449779.7025
300694.SZ,20251009,86.9479,1.8931,1.8512,261179.4931,261179.4931
002822.SZ,20251009,,2.5744,2.4742,355598.9314,298812.185
688165.SH,20251009,,8.585,10.9661,1318016.28,1318016.28
600791.SH,20251009,,4.5441,0.4699,215570.88,215301.3193
301446.SZ,20251009,40.3212,2.8681,6.6351,332800.0,101670.4
000544.SZ,20251009,8.0223,0.9442,1.6657,827507.1303,827507.1303
000681.SZ,20251009,140.71,4.3872,19.436,1576999.8084,1521906.8806
600210.SH,20251009,12.2365,1.8367,1.0114,1134518.6462,1134518.6462
920363.BJ,20251009,,5.2286,10.6569,182118.6,99004.918
600137.SH,20251009,69.9073,3.3212,4.7485,177227.6629,177227.6629
300250.SZ,20251009,,10.1604,22.0181,530887.3479,391031.6366
600909.SH,20251009,16.5488,1.3116,5.5477,2989496.6639,2989496.6639
688610.SH,20251009,144.2861,3.4795,15.7314,518160.0,311906.1682
603017.SH,20251009,79.909,1.9627,2.5264,300218.8485,300218.8485
300194.SZ,20251009,29.4596,1.1783,2.767,519904.3109,423166.4224
300350.SZ,20251009,,3.9972,10.1533,368118.0427,308875.3481
000639.SZ,20251009,,1.1536,0.7292,333543.2814,333542.8725
300152.SZ,20251009,,6.2945,8.0464,148262.4,148224.6324
600302.SH,20251009,,3.7401,5.9398,235286.6667,235286.6667
300448.SZ,20251009,,3.8063,10.1528,470179.3699,322858.0272
002383.SZ,20251009,,3.9475,5.0835,662622.473,662622.473
603681.SH,20251009,29.0635,1.2501,0.4808,315366.3035,315366.3035
300426.SZ,20251009,,10.1823,24.0329,433718.646,385200.0
688045.SH,20251009,,2.382,4.9039,327120.3442,176563.7032
920946.BJ,20251009,38.5978,3.9172,8.9552,470890.929,470746.1603
300787.SZ,20251009,36.7244,2.941,1.5932,442880.569,269824.5809
002296.SZ,20251009,14.5061,1.8116,3.2025,430096.7837,383546.6502
300406.SZ,20251009,17.2242,2.1254,5.234,787998.796,570415.7155
300625.SZ,20251009,,1.6935,1.7449,334359.207,193880.1919
688448.SH,20251009,60.0953,2.838,5.965,286465.8954,191793.2554
688595.SH,20251009,,8.2724,7.93,575795.9956,575795.9956
600618.SH,20251009,14.3656,1.3946,1.5782,1241973.5742,805328.1342
688778.SH,20251009,77.6512,4.9801,3.0027,4363054.4125,4363054.4125
605169.SH,20251009,22.5486,2.141,1.3183,413004.8,413004.8
688366.SH,20251009,30.5879,2.1598,4.6657,1211980.086,1011204.2164
000670.SZ,20251009,,248.6077,1.8629,775688.1686,754563.311
301608.SZ,20251009,42.7224,4.0349,5.3622,824047.4,369818.009
000800.SZ,20251009,212.974,1.3348,0.6834,3489188.2113,3488890.2242
002672.SZ,20251009,,1.5391,1.4903,511733.4363,419069.7738
300628.SZ,20251009,18.7381,5.9397,8.4514,4736306.7865,2713381.6326
603324.SH,20251009,43.7776,2.4964,3.0764,419557.6868,419557.6868
002975.SZ,20251009,393.1055,4.333,7.1802,957006.4802,631978.1106
301456.SZ,20251009,74.4115,2.279,8.7237,494371.4872,198803.2234
605378.SH,20251009,64.865,6.0941,5.5019,746928.0112,746928.0112
920304.BJ,20251009,34.9631,4.4004,3.2535,218926.512,106340.124
603090.SH,20251009,81.507,8.8269,6.9851,525000.0,525000.0
600217.SH,20251009,,2.2861,1.9674,704502.811,704502.811
002490.SZ,20251009,,9.3464,3.0436,471528.4044,320157.702
300383.SZ,20251009,119.8498,2.1576,3.8747,2743126.6845,2736963.6039
688047.SH,20251009,,23.9137,120.1748,6347429.0,6347429.0
605003.SH,20251009,39.2798,1.8516,4.8711,263120.0,263120.0
002550.SZ,20251009,27.0328,4.4403,7.6082,1165897.8,857469.804
600834.SH,20251009,82.1889,2.394,6.0946,410548.4383,410548.4383
920665.BJ,20251009,37.8822,2.4519,5.4936,174576.57,86048.2501
688676.SH,20251009,40.9388,5.6177,3.5378,2525595.5115,2525595.5115
300613.SZ,20251009,70.4449,4.6058,7.3701,1236670.9414,1166433.4081
601022.SH,20251009,19.8103,2.2095,2.2528,1296855.634,246395.634
600883.SH,20251009,40.7962,1.9652,34.8843,190759.104,190759.104
001390.SZ,20251009,28.8066,3.1457,4.9335,489600.0,119949.1775
600368.SH,20251009,10.2722,0.9738,3.6786,679273.9281,679273.9281
003023.SZ,20251009,26.1834,1.4996,1.9549,234279.7184,233747.1015
920476.BJ,20251009,71.4171,5.3089,6.7317,232540.854,220119.8536
300165.SZ,20251009,,1.7817,2.949,225953.3466,191763.8136
002868.SZ,20251009,,,6.9794,430501.8685,426695.2819
002527.SZ,20251009,,10.527,3.7781,1316839.7239,1051150.7314
002133.SZ,20251009,,0.8981,0.4928,267853.8846,266375.0895
920395.BJ,20251009,32.7113,9.717,11.1922,213009.6428,144818.2815
001338.SZ,20251009,18.8684,1.5609,1.3095,567959.3041,267100.4725
002457.SZ,20251009,18.0585,1.5486,1.4159,378174.0312,377986.75
000510.SZ,20251009,,2.9717,1.9713,370318.3893,346405.6105
601231.SH,20251009,33.366,2.7704,0.8304,5025347.8018,5025347.8018
600207.SH,20251009,,2.3326,1.6555,591496.7168,591496.7168
600226.SH,20251009,70.2512,3.9541,8.8205,1403907.9377,1403907.9377
688161.SH,20251009,48.5437,3.2785,9.1692,1323200.0,1323200.0
301381.SZ,20251009,65.7751,3.724,0.849,971527.3456,470297.3296
000069.SZ,20251009,,0.4364,0.4836,2065703.8196,1772940.6577
601360.SH,20251009,,2.8181,10.0624,8133486.2554,8133486.2554
600109.SH,20251009,16.3749,1.1079,4.8528,3809086.0573,3809086.0573
001203.SZ,20251009,29.1927,3.221,5.2761,2026783.0115,1737045.908
000955.SZ,20251009,,4.4253,5.8048,286426.14,286212.2627
600527.SH,20251009,115.8287,1.8742,7.0512,386182.6811,386182.6811
002719.SZ,20251009,,7.1482,2.6092,162123.8345,150692.6794
688772.SH,20251009,60.163,3.9332,2.1801,2679606.9703,2679606.9703
301209.SZ,20251009,223.2677,18.6187,25.5603,1393952.0,677011.5954
000008.SZ,20251009,,2.649,3.6521,776884.0173,776860.9283
300134.SZ,20251009,,2.4807,4.0488,954000.0215,885535.5815
301138.SZ,20251009,41.3504,3.7817,6.1296,431160.0,246336.583
603323.SH,20251009,5.0678,0.5526,2.4295,1015326.3428,1015326.3428
300528.SZ,20251009,,13.8887,10.8307,751550.4449,751550.4449
000691.SZ,20251009,,,9.6524,406673.66,406673.66
002551.SZ,20251009,6701.6611,1.2704,2.4772,333124.8637,240807.5685
301361.SZ,20251009,41.5003,3.238,13.9504,382396.432,95599.108
000096.SZ,20251009,71.3723,2.1591,3.6921,598752.0,579301.632
300698.SZ,20251009,152.5719,12.7897,9.4434,637706.0,564160.1427
688602.SH,20251009,,1.6284,5.9415,457569.375,228704.2178
600712.SH,20251009,,4.6655,5.9861,365463.7466,361433.0569
300167.SZ,20251009,149.4269,19.813,4.6247,209093.838,192725.6753
600773.SH,20251009,204.7353,2.1703,5.8539,1039132.8566,1039132.8566
920790.BJ,20251009,175.2287,10.3767,15.6585,340347.8562,234244.009
605398.SH,20251009,491.2624,4.8806,9.7253,501491.8801,501491.8801
603855.SH,20251009,14.8744,3.4396,1.6283,684171.283,676113.958
002824.SZ,20251009,62.242,2.6709,1.6395,585822.9598,357504.8079
603278.SH,20251009,,1.7717,0.7237,360897.918,360897.918
300246.SZ,20251009,,1.9127,2.1319,223302.1297,178302.6787
300314.SZ,20251009,63.8871,3.2925,7.6937,394272.0,196782.0423
688569.SH,20251009,27.0674,1.5788,3.6857,448720.071,448720.071
603325.SH,20251009,15.8314,2.6624,4.6092,697874.892,298180.0536
600805.SH,20251009,146.2807,1.0127,1.6716,443316.0314,442993.4667
688246.SH,20251009,,2.9399,8.2931,423075.7139,423075.7139
603766.SH,20251009,15.6626,2.666,1.3304,2515588.7663,2515588.7663
603408.SH,20251009,11.2679,1.5607,1.0496,519632.253,519632.253
000004.SZ,20251009,,69.6557,17.1714,154620.1694,147504.113
601628.SH,20251009,10.2187,2.1919,2.0987,111984761.21,82502825.86
301042.SZ,20251009,118.9391,4.3145,7.8877,452227.1204,427966.5617
002350.SZ,20251009,58.5019,2.4309,1.7944,398071.2116,389424.7797
600505.SH,20251009,133.2996,4.0785,3.2859,493988.9625,493988.9625
688172.SH,20251009,,2.472,26.5717,4640928.8153,1902068.3858
688449.SH,20251009,215.941,16.0253,22.8641,2872700.0,437150.0
300750.SZ,20251009,32.0444,6.4413,4.999,187026822.647,174433919.7374
920056.BJ,20251009,37.5817,4.3295,3.6197,221057.7402,82886.3224
300315.SZ,20251009,734.7997,2.971,20.5423,1456694.7196,1389668.8795
000938.SZ,20251009,55.0574,6.2942,1.0035,8880548.0088,8880548.0088
001231.SZ,20251009,32.2255,2.0747,2.9375,206300.0,102954.015
600887.SH,20251009,21.5175,3.279,1.4877,17476971.5229,17390127.8191
002354.SZ,20251009,,9.5074,6.5565,1183028.8613,1162540.8645
300307.SZ,20251009,53.4759,1.7404,2.7514,563122.3822,554587.7649
300637.SZ,20251009,,4.3754,3.4868,308461.6708,308139.4964
001311.SZ,20251009,22.4346,1.7894,2.1486,815087.0018,206972.5061
300762.SZ,20251009,,6.6961,37.4894,1576822.0535,1576822.0535
000625.SZ,20251009,18.0128,1.6705,0.7845,12214154.0259,10176465.1296
301136.SZ,20251009,,2.1195,5.3094,304926.9406,304926.9406
002681.SZ,20251009,464.1986,5.4343,4.3465,1301122.8682,1111193.5655
301234.SZ,20251009,106.0107,4.0449,6.3133,304436.0,304436.0
000922.SZ,20251009,41.4081,1.9642,1.8,884716.101,747621.4468
688226.SH,20251009,287.0914,5.6069,2.7834,935422.8872,935422.8872
600256.SH,20251009,14.0617,1.4,0.9495,3317449.5383,3317449.5383
600030.SH,20251009,17.6811,1.6175,6.5936,43942921.348,36103473.6379
603057.SH,20251009,31.6619,4.1982,2.525,800976.1338,798044.0
000828.SZ,20251009,11.3314,1.2004,7.3144,1185049.3709,1185047.8319
002183.SZ,20251009,145.7713,1.5321,0.1944,1417966.9637,1417958.7737
002617.SZ,20251009,79.8102,2.8943,5.0957,1819163.5842,1789315.2589
301089.SZ,20251009,,2.5635,10.2199,393300.306,282754.3808
300688.SZ,20251009,,12.7855,27.4883,526575.7937,466798.6289
688682.SH,20251009,350.9886,4.749,12.2317,302257.8404,302257.8404
688167.SH,20251009,,6.8309,20.8814,1464979.8198,1464979.8198
688689.SH,20251009,58.5802,3.1691,3.8822,376397.2476,376397.2476
300644.SZ,20251009,38.3703,4.0934,1.4644,387312.4416,309604.1959
300222.SZ,20251009,87.2694,6.253,3.7783,1068580.1343,870212.2179
920184.BJ,20251009,291.7208,4.6379,11.4707,285119.4744,188606.0303
600533.SH,20251009,,0.8394,0.5634,281400.0,281400.0
002736.SZ,20251009,13.1975,1.4662,5.8699,13785386.1588,12938329.9414
688220.SH,20251009,,8.4843,13.0287,4727636.6475,4073333.0017
920418.BJ,20251009,29.9559,5.5906,6.677,476906.976,457849.1669
300337.SZ,20251009,425.6615,4.9682,1.4873,849043.36,734859.6038
300871.SZ,20251009,28.3991,2.0745,2.6659,422875.0441,422875.0441
920407.BJ,20251009,88.4778,6.4998,6.9512,172987.984,70425.5733
300500.SZ,20251009,,2.0915,2.5679,230168.7517,221732.0945
603125.SH,20251009,40.3557,2.9337,6.7654,691460.5285,172874.1098
688300.SH,20251009,55.4646,9.7413,14.587,1511597.1294,1511597.1294
603072.SH,20251009,105.8683,6.3284,5.8001,1312414.48,328103.62
300664.SZ,20251009,21.846,0.9261,2.3031,400059.5996,397937.7806
003006.SZ,20251009,37.7971,7.9231,3.2095,1118802.8452,1116004.0009
300066.SZ,20251009,117.4779,2.9886,6.1307,751944.0484,727273.1816
002691.SZ,20251009,,3.4842,8.2695,301240.0,297678.5502
600968.SH,20251009,10.3526,1.45,0.7489,4005051.0544,4005051.0544
001277.SZ,20251009,28.4246,1.9136,2.6294,289256.0,172727.0167
000831.SZ,20251009,506.5769,12.5792,16.1149,6039407.6126,6039407.6126
603917.SH,20251009,,1.7196,4.5532,286191.36,286191.36
002788.SZ,20251009,10.1706,0.9911,0.1532,315087.0729,309634.7726
000848.SZ,20251009,14.1927,2.644,2.9492,895723.517,887213.517
600168.SH,20251009,50.5424,0.9005,1.197,483784.6161,483784.6161
601568.SH,20251009,67.5538,1.3852,1.6294,1576972.2229,1576972.2229
601086.SH,20251009,151.5201,4.5836,9.9594,711954.0,711954.0
002189.SZ,20251009,,10.2197,4.2174,609900.3025,609808.4155
688613.SH,20251009,,2.6571,18.4516,379787.7948,379787.7948
300933.SZ,20251009,208.9639,2.5773,1.5863,505501.754,505501.754
600510.SH,20251009,63.9627,0.7364,1.5147,781243.2709,781243.2709
002157.SZ,20251009,51.2055,2.3595,2.2376,2793549.1019,2160629.6483
301319.SZ,20251009,69.0749,4.9602,4.1916,566797.3934,425841.2544
301283.SZ,20251009,34.1404,2.2065,1.6905,347887.498,198335.0002
300957.SZ,20251009,72.9663,3.2069,3.6592,1940511.6,1940511.6
600623.SH,20251009,19.1421,0.8473,0.4077,1885074.1766,1662195.6747
301115.SZ,20251009,126.3272,1.1626,2.104,294773.6693,194030.3873
002277.SZ,20251009,,1.3832,7.8112,932701.6032,932701.6032
002219.SZ,20251009,123.3719,3.8162,2.1464,765548.2762,739481.8807
600681.SH,20251009,14.3587,1.4738,0.9781,513547.3922,513146.7597
000089.SZ,20251009,24.6037,1.252,2.8493,1429386.3478,1429367.4549
300479.SZ,20251009,113.6708,8.1267,3.8219,395263.9752,395038.3002
600319.SH,20251009,,7.1203,3.5718,320635.6606,320635.6606
002891.SZ,20251009,36.2707,5.8435,3.336,1648198.3143,1648197.5021
301133.SZ,20251009,51.7003,3.0725,2.8061,310914.1377,280931.6653
300982.SZ,20251009,,1.3577,2.1602,397580.0455,372476.4175
600081.SH,20251009,77.7821,1.5384,1.0734,708426.5238,708426.5238
603662.SH,20251009,67.4148,7.7278,14.9733,2133745.3371,2133745.3371
300716.SZ,20251009,,105.1901,17.9393,220507.56,220507.56
601016.SH,20251009,19.374,1.2133,4.3619,2106003.9974,1940363.3511
600769.SH,20251009,253.8836,41.8211,64.7246,490470.1776,490470.1776
688015.SH,20251009,42.0736,1.8655,2.1126,477739.6387,477739.6387
003041.SZ,20251009,14.1535,2.3654,3.5664,338256.0,321398.1666
002174.SZ,20251009,,2.331,7.9591,1130858.4421,1130223.7283
002214.SZ,20251009,,5.0019,20.7511,717287.8082,573385.6245
000697.SZ,20251009,,202.757,4.441,791029.3937,535352.1647
000026.SZ,20251009,42.7512,1.9962,1.824,665452.9715,597883.2921
603636.SH,20251009,,2.9829,8.2835,682503.975,682503.975
920571.BJ,20251009,,4.0895,6.095,555407.453,281574.463
002640.SZ,20251009,,9.1022,1.4402,782136.7477,777227.5265
600021.SH,20251009,24.9529,3.1854,1.5219,6557379.2056,6557379.2056
001226.SZ,20251009,156.145,4.4317,5.0824,321141.4767,145918.7367
300910.SZ,20251009,20.4423,4.5713,4.7653,1581774.0609,1109013.0388
000978.SZ,20251009,,2.7047,6.7568,292113.12,292106.1
603683.SH,20251009,151.2073,6.1641,4.9045,968720.901,865656.8617
000037.SZ,20251009,136.9755,3.5484,12.3568,520786.8829,292816.6416
920175.BJ,20251009,,2.0106,5.8673,145656.0,97033.6526
601606.SH,20251009,,14.1317,19.5494,3107664.0644,3107664.0644
600084.SH,20251009,348.6404,4.7923,37.79,620297.2102,620297.2102
300170.SZ,20251009,103.5297,3.6147,5.9803,1966861.0021,1894849.2006
002323.SZ,20251009,,10.0072,10.8971,369028.7947,368946.4548
920405.BJ,20251009,54.7044,3.8712,5.7978,311236.94,244290.2781
600409.SH,20251009,48.1009,0.8504,0.5836,1176679.1854,1176679.1854
688260.SH,20251009,,25.7729,8.5162,432600.0,432600.0
300761.SZ,20251009,16.9494,2.0954,1.0158,1856226.7941,1392311.7602
300385.SZ,20251009,,12.1242,3.3331,169571.2794,147947.2802
601609.SH,20251009,32.7006,2.8092,0.1855,2330177.7757,2330177.7757
002177.SZ,20251009,484.4508,3.3784,92.2769,576983.0009,511588.574
605268.SH,20251009,28.9297,2.7042,1.3498,439607.9625,431130.8063
002486.SZ,20251009,87.2461,2.1226,1.8457,222556.437,221526.0563
300589.SZ,20251009,,5.9261,3.66,479638.3549,294140.7808
301331.SZ,20251009,55.8105,2.9845,3.7011,323183.4171,322567.5612
600550.SH,20251009,106.3579,23.3757,2.6963,1583714.4928,1583714.4928
300270.SZ,20251009,,5.4229,20.1674,307953.7305,265366.0622
000798.SZ,20251009,,6.3438,0.6009,283906.3605,283888.9005
301282.SZ,20251009,45.7442,2.4976,2.3853,425156.73,223960.4212
603712.SH,20251009,,4.0148,10.8158,1712296.0,1712296.0
688079.SH,20251009,,4.2009,9.9934,560587.1237,545944.8653
601686.SH,20251009,15.236,1.4246,0.172,916261.9288,916261.9288
002860.SZ,20251009,27.8128,2.172,2.2213,481295.3464,467821.8082
000751.SZ,20251009,124.1017,1.8007,0.3758,651099.1298,568177.1179
002580.SZ,20251009,29.7819,2.8497,1.9848,654479.0879,652272.5496
605258.SH,20251009,43.6359,2.5427,3.2026,299552.0,299552.0
000028.SZ,20251009,24.8966,0.7755,0.1916,1406439.9496,1208041.7302
301004.SZ,20251009,12.3379,4.6855,2.8928,888680.6629,829626.3092
688268.SH,20251009,47.9955,4.4437,5.9052,799305.4168,798767.2528
600742.SH,20251009,14.6112,0.8733,0.3806,746773.1694,746773.1694
300642.SZ,20251009,125.7597,2.5916,10.1424,385582.9293,326640.9234
688591.SH,20251009,88.5754,6.2577,15.4702,1519091.7122,1062839.7164
600399.SH,20251009,,1.7475,1.314,1055073.5,1055073.5
600015.SH,20251009,3.8943,0.34,1.1019,10392448.2896,10047857.2609
920274.BJ,20251009,246.0718,5.5784,4.1189,270352.0022,270352.0022
688289.SH,20251009,43.9463,1.742,7.6881,1237572.7808,1237572.7808
300823.SZ,20251009,67.023,2.1646,4.8245,200534.555,129812.6112
600586.SH,20251009,,1.2751,1.3407,710086.1877,710086.1877
301592.SZ,20251009,136.7841,10.6847,18.5766,933730.0,233432.5
300545.SZ,20251009,29.3976,2.8961,4.4107,599782.09,386653.5958
920593.BJ,20251009,177.6204,10.6039,30.3255,740880.4712,629633.6392
603980.SH,20251009,51.5212,0.9806,2.402,379703.515,379703.515
002342.SZ,20251009,,2.9685,3.0327,722880.0,718881.57
000830.SZ,20251009,16.7401,1.4469,0.8909,2713654.5907,2713440.7238
003030.SZ,20251009,,2.3484,1.2546,229345.64,145911.1923
000156.SZ,20251009,27.017,0.9914,1.5531,1473081.2914,1351401.3222
688657.SH,20251009,55.7157,2.7074,12.2892,376248.556,231956.3185
300098.SZ,20251009,,3.836,6.2049,1027029.3245,911170.4836
002181.SZ,20251009,50.0253,2.1487,14.9902,912591.7248,891732.8623
000927.SZ,20251009,31.8842,1.691,0.4521,1603343.7149,1603342.904
603657.SH,20251009,275.546,5.1321,1.9662,487089.7502,487089.7502
603612.SH,20251009,16.7718,2.3398,0.8226,1281622.773,1281622.773
603779.SH,20251009,,4.1445,5.6179,231129.5968,231129.5968
300576.SZ,20251009,121.9426,8.7638,14.3693,1454112.8933,923404.1586
600697.SH,20251009,,0.8805,0.2873,201723.6791,197016.787
300179.SZ,20251009,47.6578,4.3305,9.8448,514091.5421,397383.9843
301207.SZ,20251009,51.8699,1.7619,9.05,1042782.7125,1042124.5403
002629.SZ,20251009,175.3512,78.6454,12.6727,353661.34,295438.8594
688557.SH,20251009,33.9436,3.3316,3.0187,395316.614,395316.614
002545.SZ,20251009,21.7716,1.8605,3.9021,1703120.9916,1547194.1163
688629.SH,20251009,291.3668,27.2749,25.6666,4396027.6364,1733483.1362
002992.SZ,20251009,,14.5357,7.1204,1043612.024,911887.9265
000422.SZ,20251009,31.745,2.9644,0.8158,1624075.1403,1578242.3505
300466.SZ,20251009,,7.6414,10.3499,546240.5062,457849.6052
600173.SH,20251009,392.8448,1.726,1.4675,661978.4006,661893.3506
688484.SH,20251009,98.5494,5.5301,7.9344,2211526.6226,1523254.2368
300892.SZ,20251009,91.6203,3.2047,4.0206,338200.0,218350.375
603321.SH,20251009,49.9106,1.903,3.5956,271560.4869,235356.67
600303.SH,20251009,,2.1895,1.5547,262504.017,259432.017
301525.SZ,20251009,56.9733,3.1452,7.5894,1015926.3649,532149.6941
000410.SZ,20251009,140.0026,6.996,6.7685,1795176.6418,1279177.0334
300234.SZ,20251009,98.1234,2.3683,7.7165,271209.2175,185409.0167
603400.SH,20251009,37.9105,5.019,4.4456,614300.0,120388.2042
300599.SZ,20251009,,1.3814,2.7326,275761.3066,163502.5253
000554.SZ,20251009,20.9242,2.9681,1.0092,324054.6963,244428.2548
002038.SZ,20251009,427.0646,1.3093,12.958,742774.05,615933.4381
000158.SZ,20251009,,7.0168,3.8096,3703994.9426,3679239.014
002122.SZ,20251009,,3.5232,7.3793,756567.2174,751546.8153
300223.SZ,20251009,124.7929,3.7352,10.6549,4640111.5924,4044205.0626
301183.SZ,20251009,89.2026,8.1272,10.3267,732000.0,536436.8304
600177.SH,20251009,13.0178,0.8058,2.5076,3407476.6818,3407476.6818
002160.SZ,20251009,76.2382,1.2239,0.5445,454423.7135,349153.3311
301439.SZ,20251009,31.703,2.0441,1.584,595325.7678,280367.7937
002817.SZ,20251009,40.532,2.3754,4.6345,223426.333,216659.3534
603876.SH,20251009,35.4825,1.5021,0.4191,1083525.5704,1083525.5704
603611.SH,20251009,13.5084,2.1061,0.9393,631379.5387,631379.5387
688053.SH,20251009,,1.7945,15.2844,289200.0,289200.0
601229.SH,20251009,5.3444,0.5236,2.354,12731239.1288,12731239.1288
603160.SH,20251009,54.8311,4.3592,8.9967,3931832.2021,3931832.2021
301217.SZ,20251009,,4.8855,4.6603,2631295.3367,2631295.3367
300419.SZ,20251009,,5.9699,7.4527,262576.1918,262576.1918
301073.SZ,20251009,233.2736,4.3349,6.1367,412236.2175,377740.54
603991.SH,20251009,,24.9766,13.8232,512129.9713,512129.9713
000803.SZ,20251009,36.2065,2.2263,2.3318,320811.7533,316333.9926
688105.SH,20251009,,2.3872,6.8829,918766.7966,918766.7966
920101.BJ,20251009,34.2286,3.815,4.3981,400542.7458,91691.1806
601868.SH,20251009,12.2852,0.9486,0.2275,10339408.5817,8042324.4537
600779.SH,20251009,17.2931,4.326,4.1675,2082126.1587,2082126.1587
601456.SH,20251009,44.8298,1.2688,11.4858,6441792.242,2945773.3623
002664.SZ,20251009,,3.5773,2.0939,1236846.0,1219805.5466
603301.SH,20251009,38.8742,2.4284,3.1647,1367694.0199,1367694.0199
300377.SZ,20251009,,6.5262,12.5499,1622166.6528,1429244.393
301590.SZ,20251009,43.0311,4.954,6.3634,953400.0,185335.5574
000517.SZ,20251009,,1.0985,0.4597,643152.342,503381.256
002546.SZ,20251009,10.1405,1.4781,6.2818,502931.6049,483142.9539
300899.SZ,20251009,59.8965,2.588,10.2872,172342.9251,110609.2503
600497.SH,20251009,25.9993,2.13,1.7578,3437539.4894,3437539.4894
002917.SZ,20251009,35.7419,3.0394,2.9063,497088.3017,372483.5843
002641.SZ,20251009,47.8219,0.968,0.8294,527281.2707,486483.7061
600127.SH,20251009,559.101,6.3601,1.0131,431920.1057,431920.1057
601011.SH,20251009,,0.9801,6.7993,568952.3681,568952.3681
300129.SZ,20251009,44.9752,1.7158,1.4073,771291.8664,548226.7535
600185.SH,20251009,,13.0734,2.1967,1125348.4596,1125348.4596
600738.SH,20251009,47.3407,1.8804,5.9344,376099.6066,375769.1008
603999.SH,20251009,55.1808,1.8332,4.3886,367488.0,367488.0
600751.SH,20251009,128.7395,1.7373,10.3166,1313400.0157,1165654.6406
920270.BJ,20251009,34.8787,4.9196,8.0667,194481.144,150873.3113
002622.SZ,20251009,,7.0529,3.3147,262920.0,262912.2533
002916.SZ,20251009,70.6064,10.4408,7.9284,15888433.1449,15847441.6606
600576.SH,20251009,44.4285,2.7328,7.9813,794074.9753,497273.7325
600775.SH,20251009,,3.4281,4.314,1051828.1469,773286.1469
300092.SZ,20251009,38.0383,2.9227,4.3362,473613.3356,362858.7566
600710.SH,20251009,11.0517,1.7408,0.1162,1352485.6642,1352485.6642
688519.SH,20251009,224.4371,7.1451,4.5503,1845300.0757,1845300.0757
300818.SZ,20251009,100.6114,2.7901,5.4416,494334.9571,320673.9847
600798.SH,20251009,3677.0667,1.201,1.8358,468135.27,468135.27
300464.SZ,20251009,,30.5373,2.6774,384110.6973,298132.5043
601528.SH,20251009,5.3021,0.5452,2.3353,1043869.8621,922730.8782
601588.SH,20251009,,0.7926,0.9539,643100.82,508060.0
301201.SZ,20251009,,2.2971,13.8884,488276.8285,342565.8234
603967.SH,20251009,14.9477,1.7066,0.3697,391386.7156,391386.7156
000159.SZ,20251009,,1.3732,1.72,280720.6199,280712.9549
688030.SH,20251009,,4.5153,3.6235,374162.998,374162.998
002418.SZ,20251009,,3.7377,2.0209,536380.8,536379.5435
603660.SH,20251009,,5.1778,3.4159,473557.1756,469860.6012
301189.SZ,20251009,,1.8091,6.3461,383642.7486,368353.9494
600778.SH,20251009,279.9509,8.9781,1.3525,206518.7664,206335.4668
688665.SH,20251009,40.0414,5.6608,5.9821,622726.8408,622726.8408
300881.SZ,20251009,20.7758,3.789,1.3709,388850.0,202931.0938
002120.SZ,20251009,15.2813,1.0642,0.4274,2142505.3733,2080376.5991
688680.SH,20251009,,3.2318,2.4383,423294.3974,423294.3974
600817.SH,20251009,23.6072,2.7194,1.5581,619699.6501,614981.9301
920810.BJ,20251009,,6.0981,14.3356,142603.3,92800.0194
002542.SZ,20251009,,9.9304,5.6507,662844.8428,645469.0612
300608.SZ,20251009,,2.9098,5.0912,414368.6812,359746.2007
300889.SZ,20251009,,2.7645,3.9218,413586.4562,274877.1866
603108.SH,20251009,,2.2733,1.2394,947752.8945,947752.8945
002850.SZ,20251009,33.001,4.373,3.9738,5256799.4083,3783220.4595
002777.SZ,20251009,85.0838,4.7713,5.6537,782578.8998,775448.5282
600211.SH,20251009,15.4478,3.9663,5.4096,1537784.8841,1537784.8841
688345.SH,20251009,,3.6195,1.6573,391145.1165,386700.0
002388.SZ,20251009,,2.7522,1.3064,270669.728,268298.4524
688788.SH,20251009,,4.2705,31.5283,882575.4194,882575.4194
002256.SZ,20251009,,5.3379,16.1812,638062.329,624349.935
002896.SZ,20251009,251.5846,16.0223,19.2166,1896443.7655,1896443.7655
