ts_code,trade_date,pe_ttm,pb,ps_ttm,total_mv,circ_mv
600230.SH,20251203,95.5248,1.285,1.1064,517037.3077,517037.3077
301552.SZ,20251203,22.6304,3.1017,5.3501,357095.2,89273.8
688528.SH,20251203,,3.794,6.7675,188160.0,188160.0
605028.SH,20251203,28.5069,3.5599,14.3764,468640.0,468640.0
600237.SH,20251203,45.8973,2.7112,3.7323,521592.3362,514126.1802
002465.SZ,20251203,,2.494,6.9607,3000537.2431,2995765.5148
300732.SZ,20251203,,0.983,1.7429,286442.9357,286125.6323
002428.SZ,20251203,409.6729,11.7571,16.0904,1711174.4,1710953.3375
002646.SZ,20251203,679.4923,1.5433,3.8467,441737.552,438807.1133
003025.SZ,20251203,27.848,3.2512,5.9171,403498.0059,321737.0337
300552.SZ,20251203,,2.8898,5.2074,518979.1277,335451.5073
300801.SZ,20251203,49.9137,2.4986,2.2243,626894.1,391729.5288
601369.SH,20251203,16.2298,1.8344,1.584,1611448.65,1595307.558
002518.SZ,20251203,53.7555,5.5812,5.3488,2597306.1443,2521091.3869
600597.SH,20251203,16.4327,1.2049,0.4725,1138619.3282,1138604.1298
600007.SH,20251203,16.9538,2.1164,5.3073,2007514.0903,2007514.0903
688701.SH,20251203,,9.7189,11.1609,142602.5691,142602.5691
000756.SZ,20251203,31.6764,2.351,1.4251,1210557.8189,864554.9866
688118.SH,20251203,74.4172,2.8171,6.2381,232265.2987,232265.2987
300068.SZ,20251203,,3.8907,2.479,1495781.5528,1420544.2571
920491.BJ,20251203,42.4487,3.7054,5.7874,388990.6041,318524.8957
603829.SH,20251203,44.7481,3.391,2.2321,508506.6141,508506.6141
600569.SH,20251203,,2.4739,0.2347,675019.0257,675019.0257
002585.SZ,20251203,,0.7582,1.196,653977.8567,507999.9045
600809.SH,20251203,18.6108,5.9017,6.0904,22886528.8047,22886528.8047
301228.SZ,20251203,,7.7781,13.8679,537000.0,535899.15
002700.SZ,20251203,39.6306,2.1591,4.2703,295330.5241,188113.92
688783.SH,20251203,,7.5399,36.2117,9488830.0,386851.3271
688192.SH,20251203,,19.2924,46.2667,2811862.5897,2763574.3497
300945.SZ,20251203,35.9263,2.6408,1.5296,435563.0474,396221.8753
002110.SZ,20251203,48.4162,0.5818,0.2479,1144094.9029,1144094.9029
002831.SZ,20251203,18.5057,2.3717,1.5602,2730243.041,1515605.8876
603515.SH,20251203,15.8138,2.0386,1.9571,1357467.1802,1343718.3529
603105.SH,20251203,23.7976,2.1622,6.5002,461006.6578,461006.6578
603132.SH,20251203,28.1,4.214,8.2228,1329102.0,1329102.0
002913.SZ,20251203,33.5477,2.7133,2.2635,1197401.1816,1138258.1615
600956.SH,20251203,19.7858,1.4436,1.7147,3434159.4286,1786895.4832
601818.SH,20251203,5.2048,0.4217,1.6479,20975370.6267,16474419.5242
600926.SH,20251203,6.0327,0.8801,2.9563,11460673.0284,11460673.0284
002166.SZ,20251203,48.847,2.0923,3.4351,643716.9809,642185.8289
920047.BJ,20251203,,23.2714,97.604,685954.207,450446.1739
000529.SZ,20251203,35.4216,1.1604,1.7168,367787.9079,359027.1575
300559.SZ,20251203,131.7544,3.7847,10.6125,457843.6938,356562.8106
603189.SH,20251203,963.5496,3.6717,20.8978,553382.7605,553382.7605
688426.SH,20251203,,2.118,17.6177,294508.5485,99466.5432
001389.SZ,20251203,32.8334,8.181,6.0944,2979386.8125,1051545.1928
600841.SH,20251203,,2.6418,1.5464,835468.714,627900.7394
300968.SZ,20251203,252.3791,3.3488,4.9604,635365.06,635365.06
300634.SZ,20251203,49.2897,3.9129,6.3947,1140209.9443,1098167.2345
300295.SZ,20251203,,2.5098,28.8194,282903.6613,249948.6249
688370.SH,20251203,107.9935,1.243,5.8752,328373.3702,104779.1328
301106.SZ,20251203,32.6265,2.452,3.4517,313696.7731,313696.7731
300126.SZ,20251203,,2.7441,6.1135,286632.0168,198645.4999
920578.BJ,20251203,297.504,7.009,8.7831,188062.0995,56557.0
301093.SZ,20251203,156.0276,3.6356,13.0658,790302.4163,755323.2987
600827.SH,20251203,66.3619,0.8123,0.6416,1611103.8097,1448818.2778
300718.SZ,20251203,96.6355,14.2915,19.3443,2393817.5884,1553062.3684
600330.SH,20251203,538.4881,1.4659,3.9582,1175462.9984,1175462.9984
300378.SZ,20251203,73.0631,5.0324,4.8312,1145948.7226,1137457.0276
000708.SZ,20251203,14.3247,1.9864,0.753,8050216.7373,8050216.7373
603501.SH,20251203,34.6549,5.3385,5.0376,14410049.8396,14410049.8396
603399.SH,20251203,,3.4164,1.1134,566593.4578,566593.4578
301616.SZ,20251203,20.4905,2.8652,4.2369,409120.0,102280.0
603288.SH,20251203,31.0979,5.3868,7.5744,21306494.6211,20246146.5807
300158.SZ,20251203,,1.8029,2.2356,651943.1078,651537.9924
688017.SH,20251203,293.0177,7.6052,51.4667,2666536.6681,2666536.6681
002626.SZ,20251203,23.4821,2.5579,3.2329,1132038.935,1131867.255
600816.SH,20251203,454.6437,2.071,,2874578.8902,1596988.2723
688670.SH,20251203,,3.1547,32.2372,375760.0,375760.0
301179.SZ,20251203,43.0934,2.5739,5.063,624405.2865,366708.4133
002909.SZ,20251203,5086.5758,3.0462,2.3475,273780.0,267060.0229
688638.SH,20251203,,2.5172,3.6943,215040.0,101610.3245
002043.SZ,20251203,15.108,3.4417,1.223,1106062.7218,981250.2994
688563.SH,20251203,44.5325,2.3295,8.7475,2427750.0,631155.6172
000833.SZ,20251203,32.7507,4.1756,5.5834,1629831.0731,921922.5168
600833.SH,20251203,45.2598,2.6907,1.4977,312320.8858,312320.8858
603680.SH,20251203,16.5101,1.5199,1.6744,833093.0493,833093.0493
002188.SZ,20251203,76.6085,6.2631,5.1163,203131.4995,159822.4273
000778.SZ,20251203,41.4503,0.6069,0.4378,1589236.0963,1561335.8039
920027.BJ,20251203,34.6664,4.2664,4.9286,180425.573,87442.169
300593.SZ,20251203,,6.23,12.7271,1486988.3035,1234172.2562
603530.SH,20251203,47.28,10.7784,10.9107,1759546.3277,1742346.4188
688357.SH,20251203,37.1565,1.8612,4.0221,323093.3364,323093.3364
301389.SZ,20251203,129.2527,6.564,38.8314,1438479.0,429103.3445
002107.SZ,20251203,48.4182,5.421,4.6221,375186.24,370250.8225
603833.SH,20251203,13.7396,1.7412,1.8065,3298562.7748,3298562.7748
600545.SH,20251203,,1.5219,1.2497,486312.1244,486312.1244
002676.SZ,20251203,80.2943,4.3237,1.9651,563760.0,563741.5674
600758.SH,20251203,127.4866,0.9568,1.0464,530128.975,529618.101
000524.SZ,20251203,100.3495,3.5489,1.8137,807601.3594,807288.4643
000566.SZ,20251203,,37.8903,12.7748,1054757.8474,947872.4179
920753.BJ,20251203,60.4671,4.7207,7.718,186334.5984,72131.0252
920088.BJ,20251203,54.6455,4.086,6.3,274342.7225,75227.25
002320.SZ,20251203,146.6059,7.0433,5.7602,2835710.2388,2835710.2388
600499.SH,20251203,16.5965,1.917,1.4486,2410745.4835,2410745.4835
002852.SZ,20251203,13.2037,1.6752,0.6053,371485.7694,308089.4378
301586.SZ,20251203,58.3633,2.9376,4.9665,375132.2491,239210.9429
600871.SH,20251203,70.4228,4.607,0.5405,4398034.6333,3142906.8654
002067.SZ,20251203,129.9234,1.2189,1.4338,806745.0576,731669.3076
601225.SH,20251203,11.4639,2.3224,1.2404,21930090.0,21930090.0
688800.SH,20251203,47.8085,6.3023,4.5933,1445273.552,1445273.552
002398.SZ,20251203,87.2418,1.2309,1.7263,443943.4656,362083.9953
003010.SZ,20251203,72.2113,14.0571,4.0096,1102705.8424,801674.0352
000958.SZ,20251203,42.7703,1.9493,8.6511,3838377.4048,3838365.3729
000050.SZ,20251203,192.7847,0.8213,0.6249,2258670.1005,2258641.6344
300837.SZ,20251203,62.9394,1.8863,4.3238,260104.5674,179245.9799
601990.SH,20251203,24.229,1.6476,9.7084,2952775.1882,2952775.1882
000048.SZ,20251203,16.4186,1.5929,1.3363,672928.1753,667950.3324
002075.SZ,20251203,44.5156,1.9667,0.9241,1283387.8853,1283385.8232
300669.SZ,20251203,314.404,5.8735,15.8911,513367.5213,486179.8322
301265.SZ,20251203,65.9104,1.9036,4.585,402651.3589,223867.6777
600332.SH,20251203,14.1372,1.1138,0.5445,4222179.0946,3651098.7946
688485.SH,20251203,132.803,1.895,7.7806,237461.458,139289.6052
600234.SH,20251203,51.5405,6.1429,6.4024,307149.5384,307149.5384
603881.SH,20251203,155.3514,6.9516,12.8341,2283002.1028,2283002.1028
002025.SZ,20251203,234.116,2.9258,3.5407,1904591.4818,1898057.5041
002915.SZ,20251203,,5.5549,4.7276,725794.4763,642423.6963
000725.SZ,20251203,22.7934,1.127,0.7207,15077793.827,14792538.231
600113.SH,20251203,156.2802,8.8757,30.6032,2255401.0143,2203213.8618
000543.SZ,20251203,7.8161,1.086,0.6362,1865628.5214,1865628.5214
603089.SH,20251203,19.5998,2.0522,1.1224,307002.5498,307002.5498
601860.SH,20251203,6.9685,0.5118,2.4061,1028737.4147,997991.4299
600131.SH,20251203,26.6657,3.1497,2.1194,1961707.207,1957696.7289
920263.BJ,20251203,60.6833,3.1236,5.5625,180932.1498,131422.5771
002799.SZ,20251203,,2.3254,3.2531,295396.92,295393.0434
688612.SH,20251203,25.1784,3.8181,2.0167,1333018.123,803117.338
002628.SZ,20251203,,1.1178,3.9284,320253.4755,318850.9712
301584.SZ,20251203,46.6777,6.7334,0.7248,1398677.8499,167407.192
301132.SZ,20251203,35.3822,2.6667,3.066,484242.0342,484081.6963
301314.SZ,20251203,165.817,2.3644,14.2896,247464.75,72783.75
688662.SH,20251203,79.974,4.8867,6.4766,351195.2,351195.2
002576.SZ,20251203,32.8354,2.1298,1.5218,278193.5,273016.4571
600665.SH,20251203,,1.1908,0.2868,316268.8427,316268.8427
300629.SZ,20251203,249.6054,2.7545,13.5187,468653.2623,404178.645
920690.BJ,20251203,28.1129,3.4395,5.3834,201021.6,130676.4106
600568.SH,20251203,,3.2744,9.8488,561989.25,470676.9727
002601.SZ,20251203,33.8056,1.8437,1.6582,4325025.9736,3605511.4538
300382.SZ,20251203,,4.3763,4.8849,1006965.1907,1006869.2588
600774.SH,20251203,,1.7403,2.8068,290606.916,290419.499
301362.SZ,20251203,21.9674,1.707,2.5931,425378.88,120578.88
600318.SH,20251203,124.1468,4.2542,14.1377,465043.9622,465043.9622
603390.SH,20251203,67.6961,2.6724,4.6439,431828.6364,430431.1343
603318.SH,20251203,,2.2107,1.2455,314004.512,314004.512
300110.SZ,20251203,,3.1139,3.3608,422050.0346,421562.5957
301129.SZ,20251203,47.4446,1.9516,7.0328,328871.708,160403.65
002171.SZ,20251203,33.5828,2.2022,0.3241,1910197.8753,1899373.7102
002775.SZ,20251203,,7.3685,4.5272,272942.6704,202235.7484
001227.SZ,20251203,7.114,0.3339,1.7476,1349880.2288,998512.7786
301508.SZ,20251203,47.5595,3.5383,8.1026,708551.0168,184393.2776
000750.SZ,20251203,28.1125,1.1868,6.8195,2669420.9314,2422813.2624
300190.SZ,20251203,,1.1559,1.792,334863.7321,332220.153
301458.SZ,20251203,68.6035,5.3339,11.8093,882133.4436,213535.7533
600678.SH,20251203,202.5977,13.6774,7.0703,385633.95,385633.95
300973.SZ,20251203,21.136,2.7298,1.5505,660936.0144,454801.9967
603908.SH,20251203,81.7031,4.2894,2.1928,228626.7555,228626.7555
300287.SZ,20251203,,6.8223,16.1013,733424.9159,673611.4256
603169.SH,20251203,169.7469,3.6349,1.7698,1203094.746,1203094.746
920523.BJ,20251203,17.1918,3.9656,5.1008,268043.4224,212828.9144
002199.SZ,20251203,,11.5783,9.3073,220802.2232,220802.2232
002758.SZ,20251203,12.0829,1.1024,0.1193,528698.8892,525567.9107
688307.SH,20251203,67.0949,4.242,6.2624,371696.738,246711.9492
603341.SH,20251203,37.3846,3.7615,0.5046,2159155.1024,1224579.0226
300784.SZ,20251203,45.5764,3.633,5.5788,290748.392,87522.1545
688553.SH,20251203,171.3834,2.1697,8.2242,809499.6,656504.4145
300109.SZ,20251203,34.7809,2.2382,5.7581,833089.7086,770996.8431
000070.SZ,20251203,,8.0017,2.976,1206461.9784,1190829.6617
300566.SZ,20251203,26.5875,2.3671,2.3083,499526.4957,432243.0132
600227.SH,20251203,,1.883,2.009,450890.2919,341119.1474
688177.SH,20251203,,20.4318,11.7025,989237.12,989237.12
601186.SH,20251203,4.9465,0.3091,0.1017,10551303.7455,8938021.7535
600506.SH,20251203,89.0135,10.0103,2.0001,480239.3539,369414.8894
600892.SH,20251203,,273.2924,8.1238,206442.2854,206388.9088
002290.SZ,20251203,69.1059,11.3761,4.2296,1079288.6355,1076148.4793
600787.SH,20251203,26.7802,0.8911,0.1947,1239115.4413,1239115.4413
600985.SH,20251203,18.0753,0.78,0.7894,3229217.1921,3229217.1921
002581.SZ,20251203,,2.661,19.2997,497440.6318,302196.5354
002803.SZ,20251203,28.0988,2.8841,1.1073,738664.6723,473583.1083
603077.SH,20251203,,1.1478,2.7208,2084208.3298,2084208.3298
000919.SZ,20251203,122.5623,1.2119,1.3355,459602.2262,459485.612
603629.SH,20251203,36.0203,3.5708,2.102,676690.56,662055.784
300581.SZ,20251203,,9.5753,75.0465,914832.175,914832.175
603733.SH,20251203,17.2306,2.0065,1.3769,1662443.7606,1662443.7606
688660.SH,20251203,,4.9556,1.8815,2176000.1088,2176000.1088
920021.BJ,20251203,,3.1996,4.6616,199922.989,150649.1842
300616.SZ,20251203,,1.0035,0.8752,315669.4679,217941.5883
300561.SZ,20251203,,7.4819,46.7086,448851.7098,329766.7612
688227.SH,20251203,,6.4615,15.344,836609.035,836609.035
002826.SZ,20251203,40.4348,4.3287,5.5288,347224.1828,317448.3544
002027.SZ,20251203,19.3173,7.3317,8.3166,10485037.0011,10485037.0011
688092.SH,20251203,38.0803,3.18,4.5133,206395.8799,206395.8799
002121.SZ,20251203,,16.7093,2.4207,1237308.4326,1042942.191
002282.SZ,20251203,21.9237,1.1062,2.3449,400397.1445,383805.8049
001223.SZ,20251203,72.2515,2.5196,5.7832,490938.168,122808.168
300460.SZ,20251203,,5.5337,5.8226,308884.6761,308884.6761
000638.SZ,20251203,,12.9472,3.9468,180604.1996,179884.4486
002069.SZ,20251203,,165.9906,2.0063,300800.4581,300421.4501
300099.SZ,20251203,56.919,2.3834,9.4786,544839.0234,429663.6454
301051.SZ,20251203,,1.9527,2.4485,430655.1702,341497.8959
603109.SH,20251203,22.8783,2.6235,1.6911,521703.2033,521703.2033
002873.SZ,20251203,346.44,2.0578,3.4418,259970.5534,254182.2944
688190.SH,20251203,32.9064,4.3295,5.8117,1144920.0,1144920.0
920139.BJ,20251203,,5.214,17.6306,558419.3162,535844.7643
002310.SZ,20251203,,9.5277,41.9913,1463834.5965,1024568.1309
300415.SZ,20251203,16.9143,3.7519,2.0544,1169999.5237,1131371.0711
002569.SZ,20251203,,53.8575,12.9929,155386.79,151012.9826
600279.SH,20251203,12.3988,0.925,1.4833,623104.7986,623104.7986
002682.SZ,20251203,,3.3993,1.5651,366101.9547,366096.4863
600802.SH,20251203,,3.3116,2.1181,366598.72,366598.72
300805.SZ,20251203,121.8445,3.2411,2.0351,505898.4985,343678.2649
300520.SZ,20251203,,5.5223,5.9252,977135.7862,930216.2168
002330.SZ,20251203,,1.4921,1.0433,341799.626,341726.1487
688577.SH,20251203,297.9637,11.7578,14.1571,1173444.7423,1173444.7423
301151.SZ,20251203,39.5784,1.565,3.6293,320262.7695,319959.0105
603599.SH,20251203,14.4138,1.0482,2.7385,1044989.2081,1044989.2081
000547.SZ,20251203,,5.8485,11.5723,2749365.4227,2731963.1971
002453.SZ,20251203,,6.1074,16.0511,559720.9498,422193.8007
002493.SZ,20251203,132.6933,2.2359,0.3161,9769674.5244,9156230.1369
002810.SZ,20251203,27.8874,2.0384,2.3203,454318.6715,420281.8964
605080.SH,20251203,16.1126,1.5001,3.2037,329931.698,327158.6472
300590.SZ,20251203,66.3025,3.1374,6.6882,572137.4173,440826.8542
300697.SZ,20251203,41.5254,5.6234,2.2588,689628.16,527996.56
300400.SZ,20251203,41.0711,5.7314,5.8374,447644.601,442658.673
600365.SH,20251203,,6.0142,2.031,157496.72,149120.72
603606.SH,20251203,39.8731,5.1488,3.9906,3947486.2123,3947486.2123
002140.SZ,20251203,17.044,1.6878,0.846,780231.2869,598831.1452
002472.SZ,20251203,27.7267,3.4666,3.8607,3283616.8133,2918855.7068
300751.SZ,20251203,39.6257,4.1879,3.9814,3291390.9707,2277691.378
002200.SZ,20251203,,,2.7679,142150.5911,142150.5911
002068.SZ,20251203,,2.585,0.7498,693430.5198,693110.4892
920496.BJ,20251203,38.7305,2.9437,2.5575,169714.375,148623.3928
002128.SZ,20251203,11.8992,1.6169,1.9771,6020866.4022,6020866.4022
002236.SZ,20251203,16.2474,1.6561,1.9392,6330291.2355,4075342.9083
300254.SZ,20251203,130.7941,9.0621,3.1363,266352.9055,233353.0212
603486.SH,20251203,29.3374,5.4866,2.4594,4720417.3984,4673031.5599
301288.SZ,20251203,,2.4044,15.6863,191069.69,138175.9195
301118.SZ,20251203,,2.053,1.8522,275160.4108,262316.0001
300597.SZ,20251203,,2.7542,5.3105,260031.8086,258889.1151
002161.SZ,20251203,49.241,3.2003,9.1525,537803.6298,512347.8862
688217.SH,20251203,,1.6827,7.8463,150475.7838,150475.7838
601088.SH,20251203,16.0182,2.086,2.7797,82732517.0926,68668682.0446
603638.SH,20251203,44.1848,4.7602,5.4791,1677136.6818,1677136.6818
600860.SH,20251203,,8.8941,4.2501,686547.429,556827.1482
603317.SH,20251203,23.727,3.1584,3.9358,1386625.1748,1386625.1748
600765.SH,20251203,102.8537,1.7539,2.3527,2495579.5704,2478070.0344
603282.SH,20251203,21.9691,2.0308,2.6117,268442.92,128754.0248
600729.SH,20251203,8.6865,1.5244,0.7619,1201176.8985,524900.7156
300467.SZ,20251203,341.9853,8.6443,19.4593,551904.5003,457801.5562
002529.SZ,20251203,,9.5619,5.4001,184860.0,184860.0
300928.SZ,20251203,,2.242,2.414,246160.0,164885.5928
300773.SZ,20251203,92.8361,4.7968,3.0282,1646529.677,1557262.6462
001301.SZ,20251203,22.6531,3.2551,3.0938,2201171.834,1362667.329
301050.SZ,20251203,89.3903,3.5612,16.083,1122837.6807,955480.855
000829.SZ,20251203,,3.9404,0.1432,1149137.591,1148049.3589
688498.SH,20251203,472.1815,21.812,103.5859,4736407.2844,3314706.0263
920510.BJ,20251203,,7.7125,14.9973,309110.9729,157562.6529
603261.SH,20251203,,2.8167,6.6776,190250.4129,189267.2637
688211.SH,20251203,,1.2057,2.1424,407197.3116,407197.3116
002726.SZ,20251203,,4.2071,0.4561,483463.9887,482546.7087
600143.SH,20251203,38.9968,2.4644,0.6752,4703717.0514,4700529.634
920799.BJ,20251203,132.1881,23.9224,19.6128,989532.4959,569363.4614
603066.SH,20251203,496.0253,2.2735,2.6539,326245.7021,326245.7021
301302.SZ,20251203,,2.2977,14.247,360827.475,321761.85
300397.SZ,20251203,,5.1256,18.7639,737632.3616,577845.2064
603297.SH,20251203,48.8015,5.3568,11.6984,1070539.155,1068535.815
600133.SH,20251203,25.5456,1.1215,2.6095,984139.4046,984139.4046
300011.SZ,20251203,634.5552,3.3326,3.1939,520777.6328,436240.1634
300872.SZ,20251203,184.9935,2.538,4.9203,924989.4523,799769.0082
301110.SZ,20251203,63.5024,4.2641,4.5525,621837.4378,439263.4378
301036.SZ,20251203,48.7002,2.1492,2.3465,356100.0,250814.1742
001219.SZ,20251203,28.6138,2.8452,5.3531,296570.2838,288932.6553
603950.SH,20251203,27.7068,3.3417,4.2127,967854.5688,966289.9048
301088.SZ,20251203,40.0437,1.3576,5.2596,336608.3,277454.45
688097.SH,20251203,32.3657,3.2818,2.8945,1543614.6758,1537950.2918
000951.SZ,20251203,12.5145,1.3159,0.3853,1997277.912,1997277.912
300529.SZ,20251203,33.2675,4.8419,7.8659,1602800.7869,1026753.0639
920098.BJ,20251203,31.1829,2.3203,4.4665,217288.026,116332.8119
003005.SZ,20251203,,2.826,13.6683,507898.1767,278717.1622
688525.SH,20251203,,11.2007,6.3516,5236933.8455,3958457.9895
603716.SH,20251203,,4.243,3.5995,449133.0656,449133.0656
300549.SZ,20251203,272.2905,4.7944,7.8499,264413.22,200391.4205
002259.SZ,20251203,58.1255,11.1124,3.2106,301683.6351,301683.6351
688108.SH,20251203,221.4759,8.2447,14.7319,742645.68,742645.68
301113.SZ,20251203,309.894,3.321,6.7182,227955.0,138069.2523
001333.SZ,20251203,22.5199,1.7015,1.7533,291584.0,100232.0
300999.SZ,20251203,41.2346,1.6372,0.6359,15749723.4121,1576389.8168
300329.SZ,20251203,,6.3389,33.7016,429658.0372,428366.2994
600249.SH,20251203,170.574,1.6012,3.258,350900.0,350900.0
300707.SZ,20251203,117.6773,2.4268,3.4955,277522.3262,225243.7292
603826.SH,20251203,319.1135,5.8608,11.0765,1143324.0,1143324.0
600397.SH,20251203,,41.197,1.5973,640504.0437,640504.0437
000428.SZ,20251203,,2.566,6.5391,357643.026,357643.026
600478.SH,20251203,59.151,3.8562,2.4543,1119243.4956,1119243.4956
688600.SH,20251203,45.0149,3.9599,3.7458,300938.7667,300938.7667
301336.SZ,20251203,72.1672,2.7453,6.1878,227560.0,173117.9596
301285.SZ,20251203,,10.9728,12.7151,1118084.7,424683.9613
603266.SH,20251203,36.871,2.59,3.0448,406723.4038,406723.4038
603076.SH,20251203,205.883,2.25,1.954,291735.1484,291735.1484
300880.SZ,20251203,40.0814,3.4039,4.8152,356710.9478,356672.9035
300175.SZ,20251203,,5.3183,10.2432,274476.4,274476.4
301281.SZ,20251203,58.1706,2.2166,6.9769,303861.74,193198.712
300508.SZ,20251203,45.7501,4.7072,7.682,398299.7031,299991.3387
002058.SZ,20251203,15.8219,74.5002,4.7068,298085.6339,297398.7489
688303.SH,20251203,,1.5235,12.8106,5955091.0898,5955091.0898
600262.SH,20251203,16.6362,2.3793,1.2089,418880.0,418880.0
002375.SZ,20251203,16.7702,0.6444,0.4935,527958.6202,522756.717
000799.SZ,20251203,,4.8011,18.2079,1806280.1998,1806121.7683
300333.SZ,20251203,,6.2047,30.3012,359856.0,358549.4518
301230.SZ,20251203,115.0596,4.1414,6.3073,420993.2007,378857.3433
002386.SZ,20251203,,0.9701,0.6135,728922.3609,728786.5407
300720.SZ,20251203,147.5021,9.7517,25.4688,570990.3601,511730.3336
600006.SH,20251203,60.0796,1.7615,1.4785,1474000.0,1474000.0
603520.SH,20251203,,1.6589,1.8045,431395.3229,431395.3229
300703.SZ,20251203,34.5565,4.7366,2.05,441960.008,415670.8784
002983.SZ,20251203,37.836,3.7945,4.5236,521139.4989,298539.3328
002668.SZ,20251203,10.0867,3.4749,0.6299,1181681.4565,1181681.4565
920694.BJ,20251203,23.9314,2.8719,3.4846,251232.2814,118856.8188
600960.SH,20251203,,1.281,1.4396,473356.728,473356.728
601099.SH,20251203,84.01,2.7827,18.5576,2767424.4462,2767424.4462
600526.SH,20251203,16.7689,1.0713,1.0247,479010.8308,470550.8485
300938.SZ,20251203,45.1303,4.6751,11.0092,848584.7728,591597.3878
002968.SZ,20251203,24.6346,2.152,0.8838,272438.4507,256640.0142
300793.SZ,20251203,,2.2309,3.0894,667083.6609,652255.9104
002378.SZ,20251203,71.6708,6.8994,3.2675,1545023.1185,1536926.0805
600488.SH,20251203,296.841,1.6001,1.6827,483705.7992,483705.7992
001268.SZ,20251203,47.2294,3.7162,4.7245,381544.3357,222469.3357
600276.SH,20251203,54.1863,6.8007,13.0609,40467007.6318,38892776.8646
605333.SH,20251203,21.7064,4.1736,1.7342,1425532.1272,1341776.1208
002035.SZ,20251203,12.1909,1.3699,0.8941,532326.4721,491119.6549
605081.SH,20251203,,1.2961,12.8837,115625.2605,115625.2605
301317.SZ,20251203,12.4415,3.6633,5.7988,492790.65,140448.0
301306.SZ,20251203,,5.4799,16.6317,501589.2,346476.9
688348.SH,20251203,141.0343,2.2221,6.8151,804828.7903,804828.7903
002114.SZ,20251203,,3.5083,2.3845,296553.4598,296549.3847
688590.SH,20251203,669.4723,3.3244,2.3248,476633.0914,476633.0914
002301.SZ,20251203,128.2384,1.8532,0.5337,572718.4988,570084.2371
603639.SH,20251203,22.6329,1.2648,1.0718,437763.2968,437763.2968
600130.SH,20251203,664.1858,3.1251,6.2699,300000.0,300000.0
605377.SH,20251203,17.5059,1.2162,1.3972,467046.3549,467046.3549
300094.SZ,20251203,,4.6247,1.5983,476086.5808,466528.3424
300862.SZ,20251203,,2.5042,9.3101,498652.9533,409123.1899
000692.SZ,20251203,,,1.0536,220592.8521,220592.8521
600299.SH,20251203,20.4165,1.4382,1.4234,2432484.4546,2432484.4546
688408.SH,20251203,29.4258,2.2517,1.1378,958194.1854,958194.1854
300596.SZ,20251203,19.6196,2.0766,1.669,989890.3844,961546.094
920092.BJ,20251203,,5.0666,8.9813,188163.5707,96495.2343
920185.BJ,20251203,34.698,2.8594,2.1786,3562390.1308,3504986.6705
688529.SH,20251203,,1.7769,2.6332,314825.384,314825.384
688616.SH,20251203,23.3073,2.6098,4.2599,221711.5355,221711.5355
603289.SH,20251203,28.246,2.0283,2.5607,295440.9154,295440.9154
000029.SZ,20251203,,6.3488,21.1891,2325806.34,2049926.34
002016.SZ,20251203,37.5267,1.0535,3.5576,516203.0132,516203.0132
300760.SZ,20251203,28.1211,6.4226,7.3132,24188205.8103,24187492.0991
301603.SZ,20251203,25.0653,3.5672,3.4068,830104.24,259373.205
301216.SZ,20251203,,1.7636,0.647,1068705.5132,1010007.6357
601899.SH,20251203,17.4843,4.7495,2.4326,79652897.39,61702051.205
002887.SZ,20251203,24.769,1.2825,6.0059,293747.3971,186816.5107
002392.SZ,20251203,25.3028,1.5646,1.3303,902392.056,867062.0883
300573.SZ,20251203,27.194,9.3646,7.2982,1757288.957,1351547.9641
002645.SZ,20251203,,2.2813,1.3028,910648.1224,811003.8765
300527.SZ,20251203,727.4167,2.903,8.1973,844936.1791,844936.1791
688716.SH,20251203,218.009,3.661,14.8846,432937.44,248800.8709
000717.SZ,20251203,,0.8036,0.2241,630199.8534,630125.8509
688793.SH,20251203,,8.5628,2.9605,236865.5748,236865.5748
300908.SZ,20251203,23.9815,2.4542,3.9833,432014.0,364408.7624
601089.SH,20251203,25.7588,3.2366,3.4885,1192800.0,1192800.0
002168.SZ,20251203,,126.9857,8.6084,287787.9561,287787.9561
300230.SZ,20251203,17.8081,1.2254,1.678,399287.7995,309242.847
000782.SZ,20251203,,2.0966,1.3611,360455.2922,277273.3021
300600.SZ,20251203,,3.8641,19.4365,471952.1059,471952.1059
002774.SZ,20251203,33.434,2.765,2.3429,331637.5815,277545.356
000972.SZ,20251203,,,8.2734,301571.8794,301571.8794
000856.SZ,20251203,129.9622,5.8067,0.9259,243571.0,243571.0
603896.SH,20251203,30.0991,1.7773,6.1324,398470.2611,398470.2611
002430.SZ,20251203,27.5675,2.7352,1.8718,2768741.9955,2767728.0772
920152.BJ,20251203,,8.7243,4.6809,313538.2272,231366.0096
688376.SH,20251203,34.2627,3.2495,3.1464,631505.6535,631505.6535
002971.SZ,20251203,94.1582,4.256,4.3155,678674.775,516019.5699
301299.SZ,20251203,49.8882,5.6615,9.9452,336198.9581,336198.9581
301386.SZ,20251203,35.2078,2.3015,6.3716,341320.0,104641.4078
301587.SZ,20251203,74.5814,1.7388,5.253,344010.9734,171512.8484
688221.SH,20251203,,7.3273,50.9331,719191.0138,719191.0138
603931.SH,20251203,53.4379,4.2265,10.8964,681890.9845,681890.9845
688567.SH,20251203,,2.0015,2.1322,1926035.7228,1926035.7228
688530.SH,20251203,,3.284,5.3306,271275.9767,114884.0558
301363.SZ,20251203,38.5731,3.2731,7.4241,1211695.6134,794922.407
920533.BJ,20251203,134.0594,10.2228,5.2025,360628.7106,199154.9042
600301.SH,20251203,38.5078,5.2406,4.3988,2355048.7243,1025074.7404
600170.SH,20251203,11.8772,0.4776,0.0986,2408089.6706,2408089.6706
603589.SH,20251203,16.887,1.7521,3.8017,1835030.5401,1835030.5401
002442.SZ,20251203,37.8946,1.8801,0.7707,344752.876,338293.5486
688169.SH,20251203,26.9603,3.0217,2.445,4157620.7809,4157620.7809
600149.SH,20251203,127.304,8.785,9.8454,204906.24,204906.24
300478.SZ,20251203,,73.7674,8.4782,378878.943,378878.943
002209.SZ,20251203,23.9279,3.8209,1.6553,313669.7828,246349.1666
601019.SH,20251203,11.4879,1.1498,1.5331,1773865.0,1773865.0
300237.SZ,20251203,,,2.1247,389317.0311,389313.3861
002212.SZ,20251203,620.9435,1.1228,4.2819,1044996.1368,1033829.0406
002347.SZ,20251203,,2.9633,2.9245,339159.9295,331553.3095
688322.SH,20251203,301.9469,10.691,34.3156,3183079.5444,2318926.6218
688225.SH,20251203,,4.0624,0.9782,721618.04,721618.04
300692.SZ,20251203,54.2034,1.5479,3.8535,377008.4076,336734.8402
300768.SZ,20251203,74.8998,3.5812,10.0828,1216193.0547,794641.3023
600865.SH,20251203,146.3785,1.6049,19.9682,368715.5097,368715.5097
601898.SH,20251203,10.6264,1.1775,1.145,18270438.1652,12611456.5512
301075.SZ,20251203,,6.6047,22.2601,394240.0,394240.0
603170.SH,20251203,23.9106,4.2622,2.1081,601615.04,601615.04
688010.SH,20251203,,2.6736,7.0205,448769.6105,448769.6105
688119.SH,20251203,,1.5589,2.2633,464625.0,464625.0
301505.SZ,20251203,118.1149,2.612,8.6403,249620.7804,163479.4287
301323.SZ,20251203,39.7682,2.6269,6.023,568067.1522,364080.5409
600502.SH,20251203,6.9723,0.499,0.0949,830802.426,830802.426
301580.SZ,20251203,25.7977,2.239,4.6977,466752.6721,315434.425
601010.SH,20251203,51.7794,1.2908,3.273,552552.0,552552.0
301126.SZ,20251203,,1.6396,0.5318,286126.6576,192071.3937
688581.SH,20251203,17.449,1.9142,7.1223,476267.7258,243997.0046
688019.SH,20251203,44.3092,9.9972,14.2212,3320518.8826,3320518.8826
300125.SZ,20251203,,,22.6852,230671.1957,228799.2877
002524.SZ,20251203,,21.3752,2.7943,239629.1819,237548.6557
603099.SH,20251203,93.5496,8.975,17.3778,1363958.1469,1335483.36
600333.SH,20251203,,2.0427,1.7054,381862.2389,381862.2389
002594.SZ,20251203,22.5972,3.5297,1.0303,86658962.8553,33146233.5276
002950.SZ,20251203,16.2265,1.9672,2.1134,733954.6067,523862.4472
300418.SZ,20251203,,3.6026,6.6226,5059088.5206,5055597.5331
002048.SZ,20251203,67.1658,1.941,0.7963,2182700.4332,1903687.3092
300438.SZ,20251203,,5.3781,2.8323,2802112.4851,2249982.3129
601636.SH,20251203,30.5409,1.2082,1.155,1828293.0151,1828293.0151
002715.SZ,20251203,,5.4469,4.7502,256956.0,256956.0
002858.SZ,20251203,,4.3844,4.8832,238503.3643,213853.6273
600900.SH,20251203,21.1766,3.1284,8.2443,69171651.4831,67868514.134
301017.SZ,20251203,,2.9375,0.587,583307.7215,350189.7215
600073.SH,20251203,2302.6547,1.2512,0.2794,627341.0168,627341.0168
603916.SH,20251203,36.7386,0.9711,1.1191,409243.5168,403512.3168
688328.SH,20251203,,2.8993,3.7992,240296.8145,240296.8145
002579.SZ,20251203,217.2254,2.8591,2.1224,691646.422,658632.344
605088.SH,20251203,22.1978,2.3359,1.5772,670820.5094,660857.7722
002568.SZ,20251203,34.6366,5.0635,8.2018,2404321.8366,1657284.7246
001300.SZ,20251203,,3.5363,7.2851,366395.1987,366395.1987
300462.SZ,20251203,53.5041,1.4273,2.8084,204055.9022,155426.3313
603536.SH,20251203,,8.8563,2.1155,356784.5082,354063.4867
600235.SH,20251203,81.1172,1.5902,2.032,240640.5,240640.5
300820.SZ,20251203,51.5179,4.3592,6.8454,1095905.8957,549195.0428
003000.SZ,20251203,21.2754,3.9862,2.1676,530702.4251,353448.6368
920402.BJ,20251203,,2.7994,8.9587,448227.7912,289791.4202
001236.SZ,20251203,662.7063,5.5007,7.6066,1026925.5558,772481.2558
688653.SH,20251203,,3.6168,7.7466,519988.0,384280.5302
002179.SZ,20251203,27.3699,2.9703,3.146,7055960.8676,6930829.4376
688222.SH,20251203,78.2686,6.0732,17.9157,893115.72,893115.72
601702.SH,20251203,15.0898,3.0669,1.5276,1880233.1198,1880233.1198
603373.SH,20251203,33.1955,2.4053,1.5665,429569.8936,181493.2815
300421.SZ,20251203,124.6025,5.5144,6.4681,699792.5519,548218.8914
600755.SH,20251203,29.4854,0.4459,0.0469,1447169.4827,1443471.2957
600415.SH,20251203,21.0619,3.9895,4.8668,8850464.5908,8850464.5908
600486.SH,20251203,20.2295,2.2107,2.1525,2491581.5411,2482914.2675
002513.SZ,20251203,,,1.1673,256361.6281,191206.2554
300682.SZ,20251203,,2.4506,3.9113,1652935.5136,1582144.8941
002714.SZ,20251203,12.0196,3.7626,1.7428,26658322.641,18595704.4198
688419.SH,20251203,43.2889,3.0656,10.7831,313871.5731,163056.1478
300225.SZ,20251203,94.8093,3.0513,3.3969,263387.9929,263181.6279
300988.SZ,20251203,32.8136,2.6521,1.7581,337555.4409,256647.6519
002494.SZ,20251203,138.7256,1.7017,5.2383,208652.8271,158584.0522
601512.SH,20251203,17.1801,0.9055,4.1375,1365488.79,1365488.79
688571.SH,20251203,27.4487,1.9393,2.4878,312189.6352,312189.6352
002575.SZ,20251203,,5.0783,10.0075,421069.5,399893.4265
600650.SH,20251203,63.3325,1.836,4.6182,786044.4025,556548.1069
300157.SZ,20251203,165.3047,24.0853,6.486,363397.9748,341171.4726
600651.SH,20251203,402.9896,8.0253,10.4594,2000608.356,2000608.356
605033.SH,20251203,93.0718,2.4157,3.1798,277160.0,277160.0
000816.SZ,20251203,,2.6989,4.4567,552759.0875,548716.4403
300538.SZ,20251203,,3.329,0.9642,320358.6071,213055.0217
300766.SZ,20251203,,8.4217,28.0499,1322411.686,1200137.6273
688021.SH,20251203,,1.6866,4.1156,144651.1663,144651.1663
001210.SZ,20251203,35.1452,2.0469,2.3421,265483.8605,161341.2781
688468.SH,20251203,55.3164,2.2183,8.8435,312463.132,312463.132
600663.SH,20251203,27.1121,1.6229,2.0772,4108685.4021,2575037.8682
002552.SZ,20251203,35.0008,4.8509,2.21,654143.2681,621296.5453
300344.SZ,20251203,,6.1071,5.7349,137966.8794,137598.7457
688401.SH,20251203,38.9931,6.2036,8.5631,941921.8838,941921.8838
300226.SZ,20251203,37.9616,3.6009,0.1028,765887.5771,736172.6606
300627.SZ,20251203,36.1297,6.1899,6.8845,2479638.85,2042077.4978
600082.SH,20251203,51.7459,1.7584,4.1691,312720.0598,307018.3394
603958.SH,20251203,,5.0466,2.65,347466.24,347466.24
301429.SZ,20251203,44.7759,1.7036,2.3453,231829.42,86364.6618
605180.SH,20251203,97.8431,2.2871,7.4484,261443.0,261443.0
002103.SZ,20251203,30.0236,4.3036,1.8072,516641.9456,367685.0093
300609.SZ,20251203,,5.061,13.2437,504360.311,503593.2377
920003.BJ,20251203,20.7474,3.6513,5.5646,215628.001,44364.2006
002479.SZ,20251203,19.2242,1.0283,0.7778,433365.0,432399.4948
688627.SH,20251203,251.2061,10.375,17.8257,1764694.6343,1358113.5354
601921.SH,20251203,13.8265,1.3035,1.6337,1773333.334,1773333.334
002925.SZ,20251203,53.9067,2.9823,3.5459,1388511.0262,1314807.9981
002123.SZ,20251203,,5.2818,2.8804,911737.2399,815118.9774
603799.SH,20251203,21.7581,2.4446,1.5648,11642037.4036,11568244.5504
001360.SZ,20251203,69.5028,2.5125,4.5021,356184.0,142789.8809
002049.SZ,20251203,45.1221,4.924,10.5034,6462240.3874,6461086.367
002967.SZ,20251203,30.3835,3.574,3.5284,1221900.0474,1148874.2029
688709.SH,20251203,251.2747,8.462,34.8138,2432755.6393,832462.9988
688367.SH,20251203,219.3788,4.5789,12.2082,269883.768,269883.768
600017.SH,20251203,17.2297,0.6724,1.1962,938074.4358,938074.4358
688570.SH,20251203,56.597,1.825,4.5254,781565.0,339701.0
300570.SZ,20251203,62.4353,14.131,13.997,2346220.5361,1985353.9276
601038.SH,20251203,17.751,1.8459,1.3314,1447255.1142,942436.3942
600313.SH,20251203,137.1435,3.7189,1.1801,733730.6935,733730.6935
301081.SZ,20251203,175.0375,2.3282,2.8302,250597.0358,240418.5849
688608.SH,20251203,57.2994,5.5584,10.3559,3856001.3946,3856001.3946
601519.SH,20251203,,18.2768,30.361,2478493.36,2478493.36
002094.SZ,20251203,129.1497,3.1685,2.921,489846.3622,489531.5662
301535.SZ,20251203,63.8138,6.9345,10.4233,799127.6477,119869.1477
603067.SH,20251203,37.8703,5.6539,4.5775,1963830.6454,1963830.6454
601677.SH,20251203,10.0891,0.9466,0.5087,1757098.885,1721043.364
001289.SZ,20251203,24.9842,1.7324,3.9921,13149990.826,7930962.44
000685.SZ,20251203,12.7401,0.9839,3.1957,1768658.5098,1503500.631
002986.SZ,20251203,,1.1118,0.58,426452.169,335856.6839
301325.SZ,20251203,,2.5119,4.4022,711405.311,286231.3968
300268.SZ,20251203,,8.8244,1.0975,246667.2,189329.82
600202.SH,20251203,,2.9056,1.8156,234604.4913,234604.4913
600675.SH,20251203,30.4386,1.1656,1.358,1711056.2987,1711056.2987
603018.SH,20251203,15.3539,0.9804,1.2064,516266.2843,516266.2843
301187.SZ,20251203,31.5209,4.1421,3.286,628156.2056,628154.1728
002795.SZ,20251203,,6.2239,3.6682,285282.6099,278350.4301
300575.SZ,20251203,,1.4739,1.1568,290965.364,209052.0118
300247.SZ,20251203,51.7233,3.5229,4.6018,397999.9549,397621.2799
603038.SH,20251203,132.8106,3.3383,3.301,465080.0705,465080.0705
002030.SZ,20251203,,1.1694,11.8255,905222.6906,905222.6906
600157.SH,20251203,122.2361,0.7649,1.5184,3599931.0839,3599931.0839
001208.SZ,20251203,65.6314,2.6079,1.7041,754530.2106,311336.137
002772.SZ,20251203,21.1039,1.5166,2.5794,514359.6976,510297.1725
603212.SH,20251203,,2.2838,2.133,583612.5084,583612.5084
003011.SZ,20251203,17.9688,1.7652,1.9663,249502.68,189755.7014
688334.SH,20251203,22.6022,2.0824,6.7365,595169.3961,294980.8322
000021.SZ,20251203,36.5045,2.9373,2.4523,3740599.6328,3740001.4793
688371.SH,20251203,134.7249,3.2061,12.6212,631358.974,631358.974
603360.SH,20251203,107.5529,15.4257,15.7864,2323475.8217,2323475.8217
002928.SZ,20251203,22.5201,3.2806,1.7991,1308919.3472,1308912.8192
688515.SH,20251203,,5.2845,15.3229,793440.0,494108.8092
000875.SZ,20251203,42.9834,1.1579,1.5148,2013135.1974,1855034.7012
600521.SH,20251203,56.9063,2.8734,3.0586,2663610.3153,2663610.3153
300215.SZ,20251203,,2.9602,10.9339,580547.9949,387399.5569
001306.SZ,20251203,124.9343,3.6953,6.3546,495137.0268,122109.0
300884.SZ,20251203,,2.9646,5.6728,374955.3851,282712.4016
688488.SH,20251203,,5.55,8.0856,542809.8223,542809.8223
002663.SZ,20251203,,1.5729,1.9075,372243.3628,279264.6977
600221.SH,20251203,,14.2128,1.1426,7649166.9587,5818463.7681
002572.SZ,20251203,12.2119,1.9168,1.4026,1381009.6332,934198.8311
002112.SZ,20251203,46.3119,4.3841,1.9831,381782.404,340179.2559
600187.SH,20251203,231.9023,1.3444,22.9805,427651.9923,427651.9923
002759.SZ,20251203,,6.1832,8.0126,1913777.4033,1912095.969
000716.SZ,20251203,110.9859,1.8652,2.0258,475069.8356,466172.9166
603519.SH,20251203,20.1701,2.8305,1.9652,336638.3885,336638.3885
300925.SZ,20251203,80.8261,3.9052,1.7761,856989.1811,698742.6799
300153.SZ,20251203,197.4243,10.4583,5.4383,950400.0,945440.4505
688035.SH,20251203,60.8772,2.824,4.4124,649752.32,649752.32
301025.SZ,20251203,730.8433,7.2767,12.177,450348.075,311794.5825
002083.SZ,20251203,29.9729,2.0156,1.7824,921079.7587,920774.7232
301311.SZ,20251203,,2.5484,2.1781,456000.0,456000.0
600335.SH,20251203,21.2244,0.8173,0.2441,948330.0307,948330.0307
301293.SZ,20251203,134.6288,4.8444,6.8879,1132310.4675,884718.4689
300537.SZ,20251203,,5.5187,10.3782,498320.0374,345132.1236
300658.SZ,20251203,108.1954,2.9468,2.2914,395656.5208,268136.1626
002733.SZ,20251203,89.1305,2.7491,2.2837,755366.519,725184.1842
688071.SH,20251203,,2.5081,5.1737,265561.4156,265561.4156
601665.SH,20251203,6.7936,0.7112,2.8926,3741536.2552,3741536.2552
300523.SZ,20251203,,6.0594,5.2574,640218.7798,639450.4819
603197.SH,20251203,29.8915,2.3987,0.936,753150.5095,753150.5095
000977.SZ,20251203,35.8365,4.218,0.5834,8885807.5964,8875879.2758
300795.SZ,20251203,38.1295,8.3101,6.3784,463883.2862,268907.5904
600196.SH,20251203,22.0059,1.504,1.8265,7223511.3241,5730512.2716
002329.SZ,20251203,,3.6421,1.7593,325469.9581,254302.0693
600757.SH,20251203,10.0345,1.1313,1.6182,1118985.5517,1118844.329
301598.SZ,20251203,31.2132,3.7855,6.4515,358154.0131,89538.5048
002949.SZ,20251203,32.5935,1.8974,2.1928,273873.278,212179.5577
601816.SH,20251203,19.4874,1.256,5.9712,25441353.2724,25441353.2724
688329.SH,20251203,328.3564,2.2121,4.5045,171847.2,171847.2
603050.SH,20251203,27.9788,3.765,1.4615,688869.1816,688869.1816
603311.SH,20251203,31.044,2.0493,3.3055,281645.385,281645.385
603355.SH,20251203,20.1583,3.5893,1.9946,1961012.5074,1961012.5074
000615.SZ,20251203,,,3.2547,332659.1575,332450.1251
002420.SZ,20251203,48.3651,4.8019,1.0035,295717.51,287283.1727
300154.SZ,20251203,39.8324,2.321,4.7172,414489.8953,290509.4312
300719.SZ,20251203,450.0789,3.95,5.7399,409814.1658,289547.6528
301308.SZ,20251203,154.9312,13.4687,4.844,10138285.7182,6637136.3568
688549.SH,20251203,2459.5623,4.4284,11.6296,1350230.264,538637.566
600228.SH,20251203,,7.7903,8.7754,321671.1136,321180.7006
605598.SH,20251203,162.7876,5.6297,6.9029,1023098.256,1016539.312
001201.SZ,20251203,170.8806,1.1466,1.8962,389511.6255,306936.4577
600376.SH,20251203,,1.1421,0.4605,1516784.3623,1516784.3623
600463.SH,20251203,,3.5891,5.5786,330000.0,330000.0
002249.SZ,20251203,25.355,2.8162,2.1619,2691549.0242,2016389.0766
300898.SZ,20251203,36.9211,3.62,4.542,354888.0,328370.6799
688726.SH,20251203,21.8183,4.0232,2.8142,1617251.4941,181682.8066
300690.SZ,20251203,29.2778,3.0788,4.6776,486952.5665,326251.1612
300851.SZ,20251203,46.2394,1.8779,7.0036,241153.2516,150101.2094
601061.SH,20251203,24.9201,3.0011,0.5119,7095200.0,725670.7705
301206.SZ,20251203,60.6913,1.2848,8.2244,554372.418,356975.7543
688085.SH,20251203,94.2114,2.9456,11.9306,611236.7588,575165.5313
603726.SH,20251203,19.6472,3.0068,2.1534,422542.1312,420391.3112
600866.SH,20251203,8.923,1.3759,0.6877,1143093.1598,863969.2949
002146.SZ,20251203,,0.6075,0.2442,721795.1993,649312.5443
300976.SZ,20251203,27.3877,2.2479,2.5906,795908.522,511462.1093
600648.SH,20251203,21.0477,0.9431,2.2192,1430627.6533,1196934.7669
300911.SZ,20251203,,5.2258,12.3011,613242.1047,573105.2222
920879.BJ,20251203,42.8922,6.0721,9.3127,362483.9046,288661.442
688114.SH,20251203,,3.336,8.5574,2577818.4833,2564317.644
600967.SH,20251203,55.0637,2.4228,2.7172,2874331.1926,2874331.1926
920403.BJ,20251203,31.2856,4.4281,6.4591,210148.6842,122673.3417
688765.SH,20251203,,9.6404,1206.7058,2822105.0,323486.4341
600039.SH,20251203,10.6212,1.6613,0.7564,8217333.1595,8215150.2095
000031.SZ,20251203,,1.3113,0.3695,1328757.1351,1328754.4573
000738.SZ,20251203,46.8088,1.9508,4.6668,2444927.0579,2444927.0579
600888.SH,20251203,12.8939,0.9838,1.4283,1110336.2007,1110336.2007
600340.SH,20251203,,,0.7636,1048877.0517,1043419.1566
688489.SH,20251203,,2.6736,9.5201,488719.4456,482504.0672
603209.SH,20251203,19.757,1.5821,3.4242,525850.0,453040.0
603159.SH,20251203,493.8884,6.456,7.3279,323680.0,323680.0
600812.SH,20251203,55.1185,1.8325,1.0301,1008849.4576,1008849.4576
688561.SH,20251203,,2.9728,5.4066,2420632.6683,2420632.6683
600955.SH,20251203,,1.0087,0.9366,848650.0,848650.0
002712.SZ,20251203,,2.4726,0.4728,336906.9666,334817.269
603566.SH,20251203,31.7231,1.816,4.1289,455764.0135,455764.0135
920208.BJ,20251203,17.9817,3.3593,3.4209,332905.7304,215408.338
000061.SZ,20251203,55.385,2.2068,2.6128,1853953.7589,1584935.4276
605507.SH,20251203,15.6773,1.6545,2.303,1368558.7515,738917.6335
002082.SZ,20251203,550.8446,2.9248,5.6423,782350.3013,707610.4872
601108.SH,20251203,13.0107,1.0235,5.4726,3780022.5985,3780022.5985
920519.BJ,20251203,67.6787,2.1632,2.5378,110680.049,78112.999
301229.SZ,20251203,93.3276,2.8924,3.4073,361275.7257,257536.0004
301378.SZ,20251203,,2.2386,7.1929,292215.0,138891.4563
920981.BJ,20251203,454.6684,4.8263,4.345,244621.132,119353.468
601100.SH,20251203,49.8482,8.3933,13.6454,13978058.8416,13978058.8416
688075.SH,20251203,41.4251,0.9699,10.821,500706.2517,500706.2517
603063.SH,20251203,26.4404,2.7868,3.2837,1379147.1789,1379147.1789
688548.SH,20251203,61.1177,2.7841,7.0224,1633415.369,855716.7445
000659.SZ,20251203,,23.9742,4.092,407567.6988,407567.6988
300076.SZ,20251203,,3.3094,24.6336,297648.0,297648.0
600658.SH,20251203,,1.0794,4.2951,598442.9991,598442.9991
002697.SZ,20251203,15.5902,1.7082,0.8464,801040.0,674347.5725
002376.SZ,20251203,85.7668,1.5958,2.2718,604679.6556,582857.0384
300661.SZ,20251203,71.7206,8.167,10.8194,4006176.149,3842205.675
002515.SZ,20251203,151.7192,3.1579,26.7871,824428.2457,824418.378
002906.SZ,20251203,20.954,2.3138,1.2946,1567408.2564,1566842.5348
600939.SH,20251203,,0.9937,0.2919,745508.2828,745508.2828
603103.SH,20251203,114.2745,8.2033,4.6833,1054040.4,1054040.4
301048.SZ,20251203,29.0383,2.2347,1.8847,612800.0766,612800.0766
603686.SH,20251203,74.8096,3.1606,2.2118,1072225.8727,1072225.8727
603879.SH,20251203,,7.9881,6.0522,204826.3308,204826.3308
300196.SZ,20251203,16.5829,1.173,1.7535,546863.1908,329302.3557
002768.SZ,20251203,16.6503,2.5193,0.675,1387443.75,904066.6594
301566.SZ,20251203,47.7775,5.0431,20.2759,725618.14,376406.4657
688306.SH,20251203,4937.5502,7.1709,4.9938,1297066.6368,1297066.6368
002135.SZ,20251203,64.628,0.8001,0.5687,504214.0967,471828.1077
003013.SZ,20251203,11.4794,2.1346,2.2512,622290.1926,609519.3621
000526.SZ,20251203,19.0512,4.4908,1.4208,447839.5756,439013.5118
600353.SH,20251203,97.932,6.4287,7.2891,1201805.5941,1200118.5582
600750.SH,20251203,17.5554,4.2264,3.3432,1469916.864,1455406.62
002921.SZ,20251203,,1.7423,2.0592,230605.7566,198920.5232
002328.SZ,20251203,34.8019,1.5626,1.2314,519401.21,384142.946
002024.SZ,20251203,189.1751,1.2734,0.2817,1602804.7979,1601018.348
603806.SH,20251203,48.7679,2.2614,2.2808,3594842.5129,3594842.5129
000563.SZ,20251203,12.4369,0.9551,5.7591,1769433.7439,1769433.7439
600078.SH,20251203,,4.25,2.0618,737726.0185,722204.4185
603210.SH,20251203,32.8022,3.6286,3.274,662758.8,146785.689
301080.SZ,20251203,54.1622,3.5412,11.7776,935753.7039,706178.822
603663.SH,20251203,170.8656,9.9245,12.3554,1312229.225,1310741.225
600815.SH,20251203,,4.8509,13.3308,736249.2092,736249.2092
002050.SZ,20251203,43.3974,5.5433,5.5806,17530586.0532,15348366.9225
300788.SZ,20251203,37.3445,2.4638,3.2391,557904.545,557904.545
603788.SH,20251203,18.5111,1.737,2.3485,358911.6944,358911.6944
605259.SH,20251203,15.0305,2.0743,1.456,372211.84,372211.84
002117.SZ,20251203,32.7982,4.666,5.1875,658317.2404,658108.2328
920925.BJ,20251203,110.1646,8.0995,10.9943,301781.8708,169479.3374
002634.SZ,20251203,,,5.1931,292607.5508,284429.7607
000859.SZ,20251203,,3.0306,3.6618,826090.1219,826043.0999
688360.SH,20251203,61.6673,3.5887,3.3923,527491.334,504572.07
688737.SH,20251203,,1.5924,1.6864,286476.5636,286476.5636
300286.SZ,20251203,27.8377,2.5352,5.226,566773.3203,478734.5095
603883.SH,20251203,29.1152,1.8194,0.5477,1215742.1581,1215742.1581
300517.SZ,20251203,,2.3332,7.812,235484.8027,145729.2258
600638.SH,20251203,24.3791,0.8606,1.838,396630.707,396630.707
300417.SZ,20251203,,4.0152,11.035,184351.584,119960.2661
002756.SZ,20251203,40.6464,1.9863,3.3229,2455607.5147,1770668.0698
920245.BJ,20251203,76.6835,3.7514,3.9256,130349.985,99663.4083
688022.SH,20251203,,3.7297,4.5847,258365.258,258365.258
002404.SZ,20251203,24.1044,1.9631,0.8457,388115.7179,315860.4575
600057.SH,20251203,11.4284,1.534,0.0641,2471312.7249,1820483.8427
000921.SZ,20251203,11.0857,2.2051,0.3983,3732200.8558,2474340.0378
002496.SZ,20251203,,1.9691,7.5472,260813.0141,192454.2429
601018.SH,20251203,15.847,0.9353,2.483,7392667.5916,7392667.5916
600749.SH,20251203,132.98,3.6093,19.0177,388337.9996,388337.9996
002657.SZ,20251203,,5.0381,7.44,875973.9391,865829.767
001259.SZ,20251203,464.2708,3.1836,5.6016,227389.6639,146912.5019
000981.SZ,20251203,,19.658,9.6027,3309162.8639,3148920.8668
301032.SZ,20251203,33.3054,2.5288,1.3105,305033.751,202239.0604
000408.SZ,20251203,29.3427,6.7245,30.5261,10160930.7959,10160824.0244
600117.SH,20251203,,2.3225,1.576,934217.964,934217.964
000601.SZ,20251203,103.7629,1.3472,1.1518,543879.4386,536308.2495
600919.SH,20251203,5.7752,0.774,2.3042,19746025.1222,19746025.1222
300980.SZ,20251203,78.916,2.5364,6.1316,357690.1793,254507.6674
605266.SH,20251203,24.5042,1.1935,0.3445,313413.058,313413.058
000963.SZ,20251203,20.1838,3.0926,1.732,7463359.5592,7455186.5765
600715.SH,20251203,,8.8202,28.6963,990604.254,649618.8268
300650.SZ,20251203,70.4077,3.0322,1.431,384419.4779,299978.1455
301370.SZ,20251203,56.2312,2.2043,0.7652,552484.4,380080.8106
688173.SH,20251203,,4.6695,7.3886,677894.5445,670470.1544
002511.SZ,20251203,42.5275,1.9674,1.2443,1079270.9851,1061621.0378
300061.SZ,20251203,,13.6968,15.4882,717644.1143,677542.8087
603367.SH,20251203,16.8589,1.3692,2.3317,830803.8267,830803.8267
002966.SZ,20251203,6.907,0.7531,2.986,3706178.8071,3644467.2289
000758.SZ,20251203,22.1808,2.034,1.3616,1212246.4908,1203460.4313
920106.BJ,20251203,32.8934,8.0497,10.4492,465651.318,240875.5228
920225.BJ,20251203,36.9166,5.4013,7.7295,385833.4378,251657.7482
688379.SH,20251203,25.1091,3.5802,1.6921,401421.0771,401421.0771
000507.SZ,20251203,16.4011,0.7889,1.1414,494817.3735,485466.6968
000757.SZ,20251203,58.7955,1.7231,0.8714,274348.7889,274343.6003
000876.SZ,20251203,38.927,1.6324,0.3954,4205406.6397,4202342.8824
688087.SH,20251203,16.9832,2.0984,1.7578,575760.5174,552590.3688
002747.SZ,20251203,,9.8196,4.287,1905788.3752,1711902.4748
600300.SH,20251203,14.5637,1.681,1.7639,591874.0379,591874.0379
000609.SZ,20251203,,,21.8795,340564.164,331224.3135
002705.SZ,20251203,11.0561,1.4651,0.7468,1225932.4278,1220236.134
601368.SH,20251203,50.8636,0.9357,1.8141,453848.1616,453848.1616
603348.SH,20251203,316.5253,1.4841,1.0893,640904.5173,640904.5173
920046.BJ,20251203,104.157,5.4882,7.1734,136855.95,86696.5693
601919.SH,20251203,6.0948,1.0372,1.0228,23188167.3353,18877077.5438
300052.SZ,20251203,,8.3398,16.3479,315277.8868,315268.8568
301560.SZ,20251203,46.0963,4.2239,3.8587,410156.8,82031.36
688004.SH,20251203,,3.4063,11.3219,201020.88,201020.88
600624.SH,20251203,,6.1915,5.825,385189.7161,385189.7161
300923.SZ,20251203,41.1494,1.7914,3.8271,202709.4,197212.2615
600720.SH,20251203,11.2398,1.1217,1.4479,1711768.2915,752751.1292
300555.SZ,20251203,,6.1487,18.9493,292200.0,289255.8848
600989.SH,20251203,12.6261,2.9538,3.0674,13574049.36,13574049.36
600562.SH,20251203,50.6344,4.9348,9.0865,3210202.5164,3210202.5164
001380.SZ,20251203,22.3726,3.3476,3.046,620797.8447,201704.8311
300388.SZ,20251203,17.0446,1.3298,1.706,618386.3457,617260.4466
601058.SH,20251203,14.8958,2.6095,1.5373,5497703.633,5497703.633
601798.SH,20251203,,2.5043,4.146,317302.7372,317302.7372
301055.SZ,20251203,66.8696,4.6817,3.0714,306384.0,306384.0
000009.SZ,20251203,367.7885,2.572,1.157,2592110.0348,2588900.5673
002848.SZ,20251203,,12.0343,8.7914,138901.65,137053.6822
002221.SZ,20251203,32.0974,1.1204,0.4081,1245140.9359,1154091.3385
603322.SH,20251203,,26.2491,3.0723,756259.034,756259.034
603091.SH,20251203,26.3477,3.5558,5.1791,752784.2329,226903.7523
688113.SH,20251203,23.9239,2.5316,4.766,245741.0851,245741.0851
300765.SZ,20251203,,11.4721,20.1955,4230633.9473,4230633.9473
301010.SZ,20251203,129.837,3.3893,2.7635,280800.0,280800.0
688205.SH,20251203,290.7201,8.2527,20.9275,1868558.3088,1868558.3088
300375.SZ,20251203,85.9843,1.7648,1.4772,404181.0512,271073.8037
002316.SZ,20251203,412.3749,26.667,3.2627,204029.28,176847.9525
603305.SH,20251203,39.246,1.7002,3.5385,1542870.9223,1542870.9223
001230.SZ,20251203,19.5451,1.5435,1.8868,295834.2296,116983.1935
600737.SH,20251203,26.6902,3.2337,1.212,3646736.2287,3646736.2287
688390.SH,20251203,1207.996,4.7237,1.6115,1287395.314,1287395.314
300394.SZ,20251203,73.5868,27.6428,28.2369,13484278.6294,13457159.6352
920682.BJ,20251203,24.4311,2.6857,0.8317,306309.12,177634.672
688302.SH,20251203,,4.2496,198.1662,467848.7006,467848.7006
300564.SZ,20251203,173.9002,2.1043,7.7902,254071.44,178277.0063
601009.SH,20251203,6.7854,0.8189,2.7209,14601372.9163,14601372.9163
603300.SH,20251203,21.9808,2.1796,2.4159,1423706.9606,1423706.9606
002195.SZ,20251203,226.5944,3.9192,60.6566,3912682.7402,3864870.5813
301295.SZ,20251203,130.4642,2.8629,3.7645,273168.0,79674.0
002573.SZ,20251203,,0.9194,0.6127,546293.0925,545320.5269
002374.SZ,20251203,,4.3916,6.3797,370056.3655,370056.3655
300792.SZ,20251203,86.2419,2.3487,6.1529,687607.8025,616772.719
688155.SH,20251203,30.158,3.3649,2.8325,724604.7618,724604.7618
603332.SH,20251203,50.7667,2.1565,1.7585,275193.618,275193.618
301397.SZ,20251203,45.5693,2.681,3.7396,525362.2808,238740.0683
920007.BJ,20251203,27.6496,4.8038,3.3178,298774.278,72797.094
300739.SZ,20251203,116.7361,2.3178,3.4562,605472.9192,555361.6812
600894.SH,20251203,11.7029,0.9115,1.0901,777582.3445,769790.8783
002623.SZ,20251203,,1.2965,1.8126,367270.3125,366483.6506
688036.SH,20251203,21.1881,3.9363,1.1995,8037570.4932,8037570.4932
920346.BJ,20251203,41.3449,4.2825,7.1366,197660.1274,109279.1091
300939.SZ,20251203,48.8861,2.8609,3.1729,397080.0,397080.0
603236.SH,20251203,24.3914,5.2047,1.0135,2353872.2554,2353872.2554
920033.BJ,20251203,51.6804,2.5894,8.9516,197526.2445,137217.6684
000576.SZ,20251203,57.5047,2.7168,9.3651,448637.924,445962.0883
301076.SZ,20251203,110.3947,6.1873,16.3424,725407.2176,455498.3177
920957.BJ,20251203,287.3285,3.6628,2.2968,142925.3769,56882.7057
000786.SZ,20251203,13.7197,1.5775,1.6705,4236865.5085,4205185.0187
301665.SZ,20251203,28.3321,3.7665,2.5915,1322550.0,112416.75
301468.SZ,20251203,116.2343,2.3173,11.315,520715.7358,300160.4292
600467.SH,20251203,104.2227,1.2471,3.0917,426610.3368,426610.3368
603336.SH,20251203,576.8122,3.9117,5.2754,557586.5536,557586.5536
301595.SZ,20251203,53.5794,4.5758,3.6835,395330.28,88949.313
300962.SZ,20251203,44.5371,4.579,12.5476,457779.2894,457779.2894
001979.SZ,20251203,21.5155,0.8568,0.4439,8466054.2086,7900767.8026
688472.SH,20251203,45.2759,2.4706,1.3412,5801565.8507,2190766.8115
603626.SH,20251203,,3.3296,2.2104,710246.0032,710246.0032
688347.SH,20251203,3394.6431,4.1126,11.1132,18302736.6898,4299316.0
688283.SH,20251203,91.8869,4.4332,16.32,428492.4,428492.4
002635.SZ,20251203,65.0682,1.5733,1.9583,917624.3054,549934.1966
002463.SZ,20251203,39.8294,9.8708,7.7156,13766896.7437,13755786.2168
603959.SH,20251203,,127.5596,2.8696,303004.7771,303004.7771
688361.SH,20251203,1643.5764,8.3868,23.8333,4217716.1897,2990665.7695
300624.SZ,20251203,,12.5935,8.8928,1359927.703,1204454.4413
000839.SZ,20251203,,7.0796,3.3422,1085791.8995,1085791.8995
300274.SZ,20251203,23.9737,8.5372,3.8937,36722793.9533,28158523.4701
301356.SZ,20251203,51.3069,1.5453,2.9755,463752.0,117677.07
600152.SH,20251203,,2.346,2.744,399454.9281,399454.9281
300049.SZ,20251203,144.095,9.3144,12.0719,1774808.5782,1563991.9887
600540.SH,20251203,,6.4645,0.6505,281967.8256,281967.8256
300741.SZ,20251203,,1.5841,8.4337,1079021.76,1079015.9784
002686.SZ,20251203,375.619,2.798,2.7213,459219.9369,423936.1451
300810.SZ,20251203,,6.2192,19.3524,462756.0,446842.858
920876.BJ,20251203,,6.7137,3.3715,169180.2171,101659.5516
600927.SH,20251203,33.1073,1.589,1.8296,2088722.2229,2088722.2229
688157.SH,20251203,120.9705,3.6066,6.3171,487752.1074,487752.1074
002587.SZ,20251203,,3.3173,5.6038,441095.3936,354336.583
920199.BJ,20251203,229.3385,4.5329,8.5652,238179.9706,129247.6338
603327.SH,20251203,134.0735,6.6322,5.1559,1326666.5984,1326666.5984
601311.SH,20251203,14.3227,1.0835,0.6509,1067562.9674,1067562.9674
002512.SZ,20251203,,16.4733,3.5415,639685.5634,629309.7747
600966.SH,20251203,56.2312,1.1287,0.429,832853.9914,832853.9914
600358.SH,20251203,,39.2766,7.2254,287813.8962,287813.8962
002893.SZ,20251203,44.2073,2.9783,2.9428,362241.36,278617.8211
300648.SZ,20251203,,5.9954,7.1565,816508.359,621638.328
002382.SZ,20251203,,0.732,0.9757,563993.9754,559830.7954
002243.SZ,20251203,50.3425,1.5774,4.7929,1146442.1954,1140322.7486
688147.SH,20251203,96.6378,10.8508,10.8972,3135408.3671,687768.3671
002898.SZ,20251203,,5.3281,10.0204,245344.0,141160.01
002760.SZ,20251203,,2.9878,4.1531,247078.1593,247078.1593
002963.SZ,20251203,,1.8066,6.7343,233358.6114,177256.9495
688728.SH,20251203,164.9772,4.8282,5.0002,3776051.8405,3628384.1752
301668.SZ,20251203,50.7203,5.4481,6.4241,569800.0,119388.9819
300059.SZ,20251203,27.7384,3.9528,102.9841,35132375.7515,29735706.0958
600616.SH,20251203,146.5688,1.9699,6.8418,378656.8017,378656.8017
300831.SZ,20251203,175.7451,4.6682,30.2113,427840.0,246655.4289
688126.SH,20251203,,3.8623,19.5807,6951411.9117,5944089.2376
301011.SZ,20251203,47.5145,4.0912,3.8642,389288.8663,354279.9927
000661.SZ,20251203,42.6503,1.7779,3.1747,4090389.6033,4006935.2733
301157.SZ,20251203,88.3873,2.8266,11.6342,309240.0,106481.9235
301279.SZ,20251203,60.0605,2.7229,5.4323,366642.3377,277093.4627
000889.SZ,20251203,,49.3361,2.2288,350172.8774,325323.7788
688679.SH,20251203,,2.8362,2.208,318425.6342,318425.6342
603177.SH,20251203,199.278,6.1612,2.2591,234190.944,231962.112
920099.BJ,20251203,25.0976,2.7342,3.4606,238571.1939,119736.816
002394.SZ,20251203,12.268,0.9493,1.1531,410451.6,409926.1484
002723.SZ,20251203,,3.1236,2.6591,294129.6403,280645.6095
300050.SZ,20251203,,7.7486,12.1863,317645.6366,317451.7489
603819.SH,20251203,93.7888,3.0766,1.6769,246906.0321,246906.0321
920656.BJ,20251203,25.7266,2.5048,7.9995,171000.0,55363.4405
000612.SZ,20251203,12.3335,1.7045,1.7906,1192199.394,1191420.144
301101.SZ,20251203,44.2543,4.8646,10.2765,835872.1908,791923.0938
605337.SH,20251203,22.4443,3.2594,3.6343,481386.2049,481386.2049
300239.SZ,20251203,50.1651,2.0205,4.3578,341918.1694,339702.787
601333.SH,20251203,16.7442,0.7766,0.7736,2188812.933,1746541.233
688678.SH,20251203,273.1007,3.4219,3.6071,635146.8037,635146.8037
301391.SZ,20251203,374.969,3.7989,12.585,788527.9165,770442.8104
300583.SZ,20251203,,1.6069,2.9724,283794.3805,278478.7933
300636.SZ,20251203,35.9468,1.43,4.1171,339740.7595,297192.3664
002952.SZ,20251203,310.2983,4.4143,4.4233,383898.24,307522.7948
601969.SH,20251203,48.5202,3.2546,5.3884,2291990.7439,2273762.6199
000411.SZ,20251203,13.687,1.4392,0.2012,674809.3739,417719.2565
603238.SH,20251203,25.1092,2.1194,1.1327,305848.007,305848.007
603386.SH,20251203,,3.2983,1.7878,449019.8426,449019.8426
300456.SZ,20251203,22.5874,5.0584,32.423,3441401.7298,2808010.6666
000657.SZ,20251203,32.0626,5.1284,2.9318,5063058.9768,3209410.6246
603395.SH,20251203,299.2819,5.8102,2.4625,812760.0,203190.0
688027.SH,20251203,,13.9537,130.5735,4483711.0336,3503518.7883
603429.SH,20251203,,4.5693,31.3956,563821.8749,563821.8749
300917.SZ,20251203,54.2762,6.0981,2.4311,708955.0,708955.0
301266.SZ,20251203,90.4733,2.2552,1.3292,406593.9453,385748.4108
688399.SH,20251203,,1.9611,17.1663,581985.872,581985.872
603737.SH,20251203,51.7417,11.9552,2.7868,3441918.5115,3441918.5115
601158.SH,20251203,27.0675,1.3192,3.0372,2260810.5768,2260810.5768
603897.SH,20251203,20.7417,2.2612,0.4208,543751.5838,543751.5838
600539.SH,20251203,,7.6991,4.988,244720.0,244720.0
001299.SZ,20251203,28.9041,2.421,3.8602,286070.9165,257494.6835
002406.SZ,20251203,42.5621,1.3523,3.8821,542557.2359,447444.1832
300121.SZ,20251203,37.2256,1.8067,1.788,621542.7301,599442.1669
002713.SZ,20251203,,,7.0918,500507.6171,490920.4914
301300.SZ,20251203,39.4782,3.9441,6.5005,316069.448,150638.3151
000565.SZ,20251203,573.2496,2.6779,9.038,333866.0094,333866.0094
605138.SH,20251203,89.2822,1.6944,1.1741,408344.0735,408344.0735
605365.SH,20251203,34.913,2.4937,1.3646,929727.8464,929727.8464
002434.SZ,20251203,35.4812,1.9305,1.9398,1148525.0,1147423.4188
000523.SZ,20251203,12.7164,3.4743,3.11,657097.709,474407.3351
002530.SZ,20251203,168.9113,5.7586,6.8811,762835.0133,680525.744
688219.SH,20251203,31.2215,2.1829,0.995,648528.0,648528.0
688575.SH,20251203,58.2882,3.0813,4.3863,835369.6946,835369.6946
301638.SZ,20251203,89.9765,6.5117,10.2704,6944356.1023,513196.6673
688186.SH,20251203,21.2076,1.2591,1.2503,602491.1367,602491.1367
603226.SH,20251203,,14.0716,38.7549,1277637.4214,1277637.4214
300986.SZ,20251203,32.6215,2.0252,1.5715,431336.7518,431001.5663
603312.SH,20251203,25.635,4.6883,2.6218,745437.6705,237233.9505
000430.SZ,20251203,,12.3368,7.2125,330331.2318,270698.8608
601238.SH,20251203,,0.8181,0.9123,9034600.3874,6541956.0692
301613.SZ,20251203,29.9639,4.1889,2.4154,664546.5611,387623.7611
600929.SH,20251203,,1.3669,2.3005,1029991.1248,1029684.8127
300008.SZ,20251203,48.7534,6.1233,3.0104,1430808.1221,1363956.1788
600028.SH,20251203,19.9854,0.8676,0.2554,72047517.2121,56377722.8481
002348.SZ,20251203,,12.382,16.4113,551270.4,525856.2054
300331.SZ,20251203,,5.0102,4.0165,783920.4414,634642.0134
603389.SH,20251203,,45.7299,51.2319,1069663.392,1069663.392
002825.SZ,20251203,24.0778,2.4211,2.0146,392082.3258,294512.5212
605018.SH,20251203,62.0402,1.9375,2.5613,525063.4908,525063.4908
002132.SZ,20251203,338.8612,1.478,0.9828,512965.3595,512210.4691
688020.SH,20251203,,3.5976,13.399,497526.88,497526.88
300659.SZ,20251203,,3.88,5.6504,466102.3566,340695.5849
600118.SH,20251203,859.9212,7.7809,7.5049,4941622.0952,4941622.0952
300036.SZ,20251203,,3.187,5.6583,858399.4468,763828.2875
000837.SZ,20251203,277.7052,2.5646,3.0635,1254376.7962,1235076.4912
688699.SH,20251203,,4.1695,8.0566,505086.633,505086.633
300413.SZ,20251203,48.3935,1.9558,3.5204,4529015.0931,2473535.5983
920855.BJ,20251203,28.9218,2.3239,4.8162,133324.2661,119593.8492
002324.SZ,20251203,54.5653,3.0664,1.4981,1402656.0087,978883.9881
300004.SZ,20251203,73.484,2.7239,8.1751,484793.534,484793.534
300756.SZ,20251203,104.6334,5.8252,12.4297,852921.3285,710218.6704
300915.SZ,20251203,438.9169,2.2234,3.25,341905.2912,156505.4165
001318.SZ,20251203,38.6327,3.1208,9.183,449994.72,449994.72
300373.SZ,20251203,26.5241,3.7499,4.9825,3466558.8811,3458903.3468
002303.SZ,20251203,20.1015,1.4682,1.5977,649281.2424,409981.291
603119.SH,20251203,124.4534,16.9612,25.8426,3322420.7981,1862235.1977
605117.SH,20251203,24.8893,9.1668,6.3432,7635223.9726,7635223.9726
688162.SH,20251203,42.9948,1.6758,0.9676,401705.2708,401705.2708
301276.SZ,20251203,23.2459,1.5044,2.7982,313502.4,111429.0724
920204.BJ,20251203,83.2102,3.4384,5.3914,168020.8543,89076.7235
600595.SH,20251203,25.6248,1.7873,1.3159,2981881.4048,2981881.4048
603398.SH,20251203,,5.6426,14.3068,362524.3141,362524.3141
002588.SZ,20251203,11.496,1.5337,0.9621,1123094.6805,837132.6308
002649.SZ,20251203,61.3023,1.8619,1.1679,790800.4627,741082.0929
000672.SZ,20251203,14.0176,1.1866,2.0124,1052763.4587,1052763.4587
688083.SH,20251203,950.7707,4.5212,12.8496,1173952.0223,1173952.0223
000892.SZ,20251203,,8.6177,12.6812,727887.511,527440.6489
600839.SH,20251203,31.3089,2.7675,0.3952,4279258.3938,4278066.6509
600851.SH,20251203,56.2394,1.8818,11.1508,878737.2718,537414.0481
920239.BJ,20251203,25.8198,5.8478,1.4031,596475.0923,587828.1034
301236.SZ,20251203,215.3624,4.2245,1.2695,4378764.7083,3598517.3363
600726.SH,20251203,,4.9223,1.2152,2024278.0698,703320.2775
600933.SH,20251203,17.8119,2.0851,2.7492,1946950.4515,1847240.1996
603767.SH,20251203,844.4344,5.108,7.9711,710161.0815,710161.0815
300940.SZ,20251203,45.1814,5.0255,7.1658,597800.1388,422832.2481
601778.SH,20251203,25.759,0.7493,2.9586,1185569.9997,1185569.9997
688317.SH,20251203,,1.2128,31.2994,411602.4339,411602.4339
600378.SH,20251203,27.0465,2.1554,2.4153,3879028.8573,3225204.0465
603697.SH,20251203,26.4106,3.1495,3.5981,554288.959,554288.959
301270.SZ,20251203,303.2078,3.9783,20.1682,387700.0,366348.7562
601900.SH,20251203,10.9389,1.4324,1.3785,1237404.0419,1237404.0419
600906.SH,20251203,22.337,1.7982,7.7928,2190375.0,1433858.5913
000058.SZ,20251203,124.1586,5.5025,6.8023,1146247.8256,916792.3386
600522.SH,20251203,19.64,1.5369,1.0883,5627953.9761,5627953.9761
603185.SH,20251203,,1.7373,2.7585,2110707.3182,2098178.6042
300725.SZ,20251203,43.6486,1.2281,4.4346,877946.5655,761190.702
600753.SH,20251203,,85.6504,2.2676,190464.0337,190464.0337
002972.SZ,20251203,38.5292,2.5446,9.36,305542.9296,167231.189
300670.SZ,20251203,,4.597,10.012,262093.2361,185822.1249
000926.SZ,20251203,,0.4598,0.5294,396648.2287,391729.0771
688651.SH,20251203,,3.1265,9.4913,290135.352,124884.6312
603900.SH,20251203,,1.5723,1.9873,305977.2653,304625.8853
688697.SH,20251203,22.5915,3.9276,2.5441,686457.4034,686457.4034
920026.BJ,20251203,80.9603,4.6763,9.9786,285300.5071,129358.0191
603797.SH,20251203,21.9399,0.8585,2.8131,277923.7016,277923.7016
603137.SH,20251203,50.8047,2.163,1.4526,268912.001,108388.001
688623.SH,20251203,64.5431,2.1415,12.9336,449957.6616,145637.6616
688067.SH,20251203,63.5101,3.3018,7.7404,171156.0,171156.0
301260.SZ,20251203,,1.8098,1.5305,807150.6848,342021.0432
603738.SH,20251203,159.3679,3.5549,6.6059,608544.5749,608544.5749
002497.SZ,20251203,54.843,2.2063,3.0541,2393872.354,2198611.1332
000711.SZ,20251203,,8.5788,7.907,497113.8628,397717.6662
300473.SZ,20251203,48.7359,2.5027,0.8936,426499.0103,423891.2161
600727.SH,20251203,55.5007,1.1648,0.6775,373179.6933,373179.6933
002871.SZ,20251203,26.1921,3.4448,5.8599,377780.7675,224093.292
301373.SZ,20251203,23.4567,2.0563,6.6659,334636.4007,118688.3505
600846.SH,20251203,40.4742,2.5964,2.9879,1068966.9539,1068966.9539
600928.SH,20251203,6.4548,0.4354,1.6614,1720000.0002,1711838.0235
920974.BJ,20251203,43.0768,2.0508,1.2348,132841.8,104174.4049
002902.SZ,20251203,,6.0259,3.1472,508794.6192,384573.8126
301019.SZ,20251203,37.9291,4.0891,8.9597,422306.281,267800.2458
300640.SZ,20251203,204.0628,3.0315,2.4399,246306.7942,174833.311
002460.SZ,20251203,,3.0123,6.3948,12537656.6715,7251319.2613
002520.SZ,20251203,,16.9867,3.5692,436642.6895,417550.1795
688111.SH,20251203,78.8109,11.5895,24.7814,14057028.3633,14057028.3633
600905.SH,20251203,22.4687,1.3426,4.0968,11978225.4095,11978225.4095
600346.SH,20251203,19.8085,2.1337,0.6387,13789596.4808,13789596.4808
920870.BJ,20251203,105.9482,5.3088,22.0951,236912.0,116693.1272
600104.SH,20251203,61.8213,0.5983,0.2697,17679736.8012,17679736.8012
300319.SZ,20251203,30.7983,2.2008,2.8307,1038212.213,979039.3087
603220.SH,20251203,113.8773,4.8817,3.1393,971857.8962,971857.8962
301507.SZ,20251203,47.2151,3.5,7.6193,566921.3847,173634.1342
300695.SZ,20251203,26.632,3.2791,13.5268,934117.0007,934117.0007
300214.SZ,20251203,,1.344,0.828,325431.8298,282493.1102
920522.BJ,20251203,128.992,8.2215,9.8087,877804.032,728209.776
600735.SH,20251203,,1.9682,1.7713,240115.8026,238253.0231
300446.SZ,20251203,18.9217,3.0271,1.9079,1715337.1152,757953.587
688272.SH,20251203,,4.6735,9.456,212344.0,212344.0
605001.SH,20251203,27.9487,1.1105,1.5009,298200.474,298200.474
600796.SH,20251203,30.6688,1.635,3.3593,559814.4048,201214.7163
002979.SZ,20251203,56.9202,7.4928,7.1201,1231432.1202,866246.1276
600760.SH,20251203,53.9952,7.2695,4.1583,15862354.9248,15376100.6196
002907.SZ,20251203,90.0019,3.9763,8.5377,671494.8729,482262.5321
002951.SZ,20251203,773.7861,3.2204,9.0621,540270.0,540265.4978
688101.SH,20251203,14.3429,1.3205,3.813,574048.8621,574048.8621
605589.SH,20251203,21.5084,2.1922,2.0579,2251429.3147,2243975.9947
301262.SZ,20251203,28.9063,2.9366,12.0699,1127985.0,330213.9354
605068.SH,20251203,,2.9173,3.0352,438746.929,438746.929
688033.SH,20251203,,1.1287,5.4071,372175.4706,372175.4706
603280.SH,20251203,52.2671,3.2157,4.3756,436662.0547,112549.0347
600481.SH,20251203,,2.545,1.1989,1051185.7431,1051185.7431
002845.SZ,20251203,,2.0894,0.4871,496895.9365,379607.0275
002615.SZ,20251203,23.5244,2.2364,1.1187,380474.4693,249267.1569
301030.SZ,20251203,,3.347,,281515.212,281129.0426
920223.BJ,20251203,,13.9397,8.9872,349959.125,181523.8438
002056.SZ,20251203,13.1427,3.017,1.372,3092379.6527,3089185.0887
600188.SH,20251203,13.8091,1.8171,1.0187,14002285.3589,8263855.9622
002459.SZ,20251203,,1.6769,0.7226,3799515.1553,3795005.0272
688188.SH,20251203,35.4628,6.4647,18.3209,3763594.5984,3763594.5984
600416.SH,20251203,69.6174,2.03,4.0237,1961314.7883,1761465.1654
300897.SZ,20251203,91.011,4.0172,7.119,394017.6492,245649.8291
300119.SZ,20251203,21.5215,1.9264,2.3277,900229.8655,648821.4347
603937.SH,20251203,,1.6954,1.4269,261528.998,261528.998
600580.SH,20251203,65.2652,5.9336,3.9649,6351569.7997,6351569.7997
600682.SH,20251203,46.5563,0.581,1.558,1028445.0168,890106.0501
603298.SH,20251203,15.2766,3.0233,1.8977,3363597.3418,3363597.3418
300745.SZ,20251203,,2.0002,1.7298,450212.2542,379691.3538
603936.SH,20251203,,1.5365,1.9089,672004.2723,672004.2723
002090.SZ,20251203,59.0362,3.1804,2.8268,485098.833,479577.207
920422.BJ,20251203,53.7436,2.6979,2.2265,114496.6267,85692.1867
920640.BJ,20251203,85.5157,6.6138,7.102,607675.536,584609.4347
688615.SH,20251203,63.6894,10.0996,16.7521,2835000.0,1957572.441
603418.SH,20251203,21.3908,2.4442,2.2967,1078480.3282,225799.5823
301678.SZ,20251203,90.0253,8.0174,16.1252,1530998.9896,290872.1322
002536.SZ,20251203,35.1722,3.558,2.7548,1230041.8003,1165052.808
688273.SH,20251203,34.6668,2.629,8.0376,351900.0,129593.474
301001.SZ,20251203,293.3794,3.4122,7.5242,266480.0,167549.3
601226.SH,20251203,70.7786,2.0706,0.9874,903434.7825,900723.3675
688265.SH,20251203,64.6803,1.8413,7.4784,313413.3223,313413.3223
300112.SZ,20251203,,2.5946,2.4683,260332.6269,213166.2285
002360.SZ,20251203,,1.0449,4.5513,208922.609,170311.5596
300949.SZ,20251203,,4.0771,7.1269,272502.9311,154937.9016
301046.SZ,20251203,187.6778,5.2677,3.7701,460911.2011,344649.2863
603988.SH,20251203,140.4846,8.8971,8.3511,597172.8,597172.8
688578.SH,20251203,21.4256,6.5366,8.9291,4248000.0,4248000.0
001391.SZ,20251203,28.7414,2.9569,3.3561,7716012.9342,542739.6443
300998.SZ,20251203,,2.4256,2.4647,305750.2137,240020.0128
001218.SZ,20251203,22.0117,1.2939,0.6465,294333.0459,210063.1114
002253.SZ,20251203,,1.9819,18.2811,210960.3988,194764.2811
603619.SH,20251203,19.6719,2.36,2.4695,1004661.4758,1004661.4758
002439.SZ,20251203,,1.5757,6.9528,1763798.6985,1056099.3148
603037.SH,20251203,39.9746,3.5966,4.4856,348765.013,346865.2928
300078.SZ,20251203,,9.2486,7.3196,534342.9259,532189.4967
002946.SZ,20251203,21.4786,4.117,1.3473,1475200.2392,1458114.7221
001267.SZ,20251203,158.6563,9.0756,10.9495,1439992.0195,1111696.1342
300465.SZ,20251203,318.3,13.5975,7.9857,912348.678,912348.678
600689.SH,20251203,171.0905,6.2728,2.2077,297065.205,224957.7234
301550.SZ,20251203,126.4752,13.5399,30.5638,2441107.625,1489094.8614
603615.SH,20251203,,5.0781,5.624,581093.46,581093.46
300346.SZ,20251203,96.6678,8.5998,11.9705,2959533.8586,2811351.7203
601857.SH,20251203,11.4708,1.1661,0.6375,181739830.9733,160788623.2733
603707.SH,20251203,23.8183,2.3083,4.115,1547778.3003,1547778.3003
601500.SH,20251203,71.7258,1.2174,0.9126,746978.3955,744010.3455
001205.SZ,20251203,42.4571,1.5434,2.2184,321297.7662,272589.2051
300486.SZ,20251203,,5.6839,9.9935,952866.4252,952580.0374
688389.SH,20251203,23.2152,2.7731,5.5283,582740.5928,582740.5928
600977.SH,20251203,,2.9266,7.2103,3235511.0,3235511.0
601218.SH,20251203,43.9798,1.6068,3.4252,475795.4544,475795.4544
300926.SZ,20251203,14.8136,3.9502,2.3754,1292089.3949,886498.1398
300046.SZ,20251203,130.7045,7.2506,22.4587,829042.4554,829042.4554
600053.SH,20251203,,3.17,29.1702,815056.704,815056.704
300224.SZ,20251203,106.1628,2.749,2.0759,1391397.1234,1383528.0414
002514.SZ,20251203,,40.5076,19.25,498983.745,383945.745
600880.SH,20251203,401.4083,1.903,8.6973,578372.6767,578212.9626
600743.SH,20251203,,7.8959,3.5322,499719.4862,499719.4862
688339.SH,20251203,,3.153,46.5046,714183.3657,603611.6879
002561.SZ,20251203,907.4194,1.709,9.7573,372939.411,371752.2916
002590.SZ,20251203,32.3175,2.2781,1.4357,684111.1647,652353.1481
688275.SH,20251203,,1.9636,1.0256,1026225.9334,688363.9582
000513.SZ,20251203,15.1199,2.32,2.7344,3239391.8407,2093665.3289
603136.SH,20251203,30.1249,2.2724,5.9677,308754.8295,308754.8295
688117.SH,20251203,51.3754,6.0078,9.6648,616953.0338,616953.0338
600938.SH,20251203,11.0757,1.8107,3.3541,136506027.842,8587280.0
300496.SZ,20251203,62.2751,2.9956,4.4127,3017428.7907,2413525.8364
600085.SH,20251203,33.9886,3.3676,2.5442,4601282.729,4601282.729
002953.SZ,20251203,32.5961,2.613,1.2391,566299.7545,312926.4357
920839.BJ,20251203,39.3928,8.2059,7.3196,506056.8859,278495.5147
002138.SZ,20251203,29.1305,4.3719,4.2269,2846303.7896,2670475.4357
002840.SZ,20251203,85.4993,1.9305,0.8913,774892.7356,769544.9925
300370.SZ,20251203,,8.4602,11.7158,430478.4619,364332.9866
600088.SH,20251203,,5.4846,6.1857,692406.8424,692406.8424
300380.SZ,20251203,233.6851,14.0107,5.1557,542127.3198,498763.4664
002409.SZ,20251203,36.1914,4.2589,3.9926,3325782.6139,2225836.956
301538.SZ,20251203,28.2737,4.0724,5.5752,558992.0,222596.2542
600558.SH,20251203,23.5465,2.0867,1.3467,496375.4715,496375.4715
002208.SZ,20251203,,1.4369,1.0718,923785.6781,923547.0405
002254.SZ,20251203,,1.16,2.1847,816924.1634,780333.859
601068.SH,20251203,171.1948,1.5993,0.6589,1520808.6599,1302831.6495
301057.SZ,20251203,93.5242,4.5785,3.8427,348334.9864,245943.9758
300120.SZ,20251203,,1.7537,2.047,523272.8693,480504.2188
603880.SH,20251203,,7.534,3.2215,191634.846,191634.846
603595.SH,20251203,99.1657,2.5351,1.9572,391897.7616,391897.7616
300218.SZ,20251203,21.6322,2.3154,1.5687,357594.576,356423.4973
000560.SZ,20251203,68.522,0.7805,0.6156,734916.2655,703852.8023
301555.SZ,20251203,38.9538,2.5578,1.3482,287226.2371,150504.9893
688619.SH,20251203,,3.3417,15.2776,267216.2185,267216.2185
300182.SZ,20251203,165.6057,1.7464,5.2318,1467767.9232,1244655.0334
603956.SH,20251203,,1.9366,3.551,382977.0242,382977.0242
300252.SZ,20251203,602.256,4.092,3.6887,893245.5221,753810.3527
603928.SH,20251203,57.8313,2.91,2.8681,451039.68,451039.68
301257.SZ,20251203,29.3733,2.8625,4.3588,357022.5556,340366.1498
600843.SH,20251203,,2.5399,1.7786,773072.4643,508637.4393
600135.SH,20251203,,1.8442,3.2692,439879.1437,439879.1437
002239.SZ,20251203,79.0938,1.788,1.1759,1000022.3365,982946.4717
603668.SH,20251203,289.432,3.374,1.3534,792920.5531,792920.5531
300227.SZ,20251203,,3.0813,3.7567,488148.1899,379800.3983
002149.SZ,20251203,104.0087,3.2365,3.0834,927607.1206,927464.6206
600543.SH,20251203,,2.5529,7.8737,193956.48,193956.48
000908.SZ,20251203,48.1589,202.1466,19.1758,753966.6188,753966.6188
301326.SZ,20251203,,5.7044,6.2997,731459.8637,274706.0861
600339.SH,20251203,35.8382,0.7044,0.2045,1887103.8452,1887103.8452
002307.SZ,20251203,,1.628,0.5682,707706.7028,707706.7028
301065.SZ,20251203,33.9818,1.7708,3.6494,237696.84,193456.575
300265.SZ,20251203,167.1882,1.9354,1.7384,451702.8896,451413.4519
603172.SH,20251203,44.3482,2.2838,4.3167,248220.18,93198.88
600605.SH,20251203,263.9744,4.2661,51.2304,606470.3413,606470.3413
688521.SH,20251203,,20.6957,25.155,7361489.9637,7013468.6502
688187.SH,20251203,16.8519,1.6314,2.4048,6609134.9212,4228972.8609
300200.SZ,20251203,38.7621,3.2891,4.3755,540009.4271,531121.6651
002866.SZ,20251203,,2.827,2.7456,587151.1352,367608.4742
002073.SZ,20251203,18.4313,1.4012,1.08,858609.6482,853892.68
002647.SZ,20251203,,11.411,9.0597,748253.0769,448661.2241
002890.SZ,20251203,172.5132,4.2979,8.3599,258549.9935,245778.9676
600129.SH,20251203,,2.983,1.0512,1055414.4061,1055414.4061
603029.SH,20251203,28.2132,2.4647,2.414,229093.696,229093.696
688166.SH,20251203,351.5507,9.1434,18.495,2182363.4429,2182363.4429
000957.SZ,20251203,19.5258,2.0917,0.9032,646265.2902,646265.2902
002905.SZ,20251203,116.4252,44.8551,3.8743,425994.24,395566.08
300878.SZ,20251203,,3.5558,27.3818,360527.9018,358868.6579
688228.SH,20251203,352.9256,8.7491,18.8464,1166466.5237,1166466.5237
001287.SZ,20251203,48.4355,3.114,0.2733,1674819.8138,964017.4736
600987.SH,20251203,10.2187,1.153,0.6801,743156.1395,743156.1395
301486.SZ,20251203,57.0435,3.7275,9.765,974243.8131,548547.3791
000589.SZ,20251203,15.7628,0.8934,0.7368,795967.746,787039.2852
603396.SH,20251203,99.5876,1.7672,1.7674,457556.2598,457556.2598
301348.SZ,20251203,,3.3979,6.9658,505680.0,326878.2312
301372.SZ,20251203,,2.3342,7.0808,184182.861,110583.8153
688392.SH,20251203,74.9361,6.6377,17.1448,1194831.2086,1194831.2086
000676.SZ,20251203,62.7936,2.598,2.747,1109658.6416,1108991.5226
300989.SZ,20251203,,3.8799,12.5817,385634.0282,275320.8565
920035.BJ,20251203,40.0361,4.2546,4.531,241813.0,54398.52
300819.SZ,20251203,69.4684,4.8013,7.2596,410313.75,370596.1875
001378.SZ,20251203,38.7423,1.6494,2.0804,310667.288,153218.9733
688505.SH,20251203,,3.8787,12.3084,875903.4245,600433.4245
605158.SH,20251203,26.2743,1.7404,0.6387,430104.22,430104.22
688193.SH,20251203,,2.0994,11.5502,191574.0485,191574.0485
300612.SZ,20251203,,6.4158,6.1535,314532.1865,313529.9615
300235.SZ,20251203,698.5807,5.6923,55.439,397004.4434,320342.7769
600360.SH,20251203,43.8503,2.264,3.4605,769196.5385,769196.5385
300161.SZ,20251203,,3.6819,3.6302,565888.7883,555345.4837
001282.SZ,20251203,33.9836,2.8274,2.7832,457924.5216,161097.6528
300779.SZ,20251203,907.3287,18.1879,20.8564,2423170.5877,1937370.3347
300434.SZ,20251203,37.4328,1.9393,4.6304,488118.8045,415677.1195
000695.SZ,20251203,,32.3391,6.9907,350104.5215,349574.7097
920112.BJ,20251203,22.39,3.7125,2.9988,324296.7,88605.426
000905.SZ,20251203,39.9029,1.6301,0.3951,820441.4143,820439.7553
301332.SZ,20251203,35.868,1.564,1.297,456023.75,261718.73
920149.BJ,20251203,,5.8531,1.8487,91397.4001,75581.3636
301278.SZ,20251203,104.6111,2.2043,3.2725,313619.6679,179701.2661
920725.BJ,20251203,,5.5312,19.5398,334979.25,154425.3865
920068.BJ,20251203,114.7787,8.6809,16.9609,1098785.6251,105092.3414
000573.SZ,20251203,42.1589,1.6722,6.3282,275098.9403,272807.837
300521.SZ,20251203,,8.1097,23.041,431521.86,431521.86
600639.SH,20251203,12.3025,0.8067,5.55,1168431.8216,885096.4078
301149.SZ,20251203,35.5457,2.3856,0.8345,479880.0201,291531.2448
600835.SH,20251203,32.2328,2.1049,1.4947,2945489.207,2322732.384
000973.SZ,20251203,98.971,4.0939,5.2842,1190897.9235,1190897.9235
002104.SZ,20251203,311.6248,5.953,15.2757,1275003.2772,1079451.0072
002415.SZ,20251203,21.0834,3.721,2.9815,27806220.2827,27446879.5485
300016.SZ,20251203,136.3652,2.062,4.0472,455927.262,455312.8973
002516.SZ,20251203,52.4436,2.5389,4.1531,947220.1112,940847.7312
002335.SZ,20251203,65.2323,4.3494,3.4082,2750249.3228,2426133.2284
301539.SZ,20251203,48.3143,3.6204,2.7893,295260.0,149748.289
603811.SH,20251203,15.7325,2.6937,4.5028,356107.1002,356107.1002
301268.SZ,20251203,,4.6542,2.5739,782375.4527,682032.3746
002586.SZ,20251203,,1.5627,1.927,465699.0516,442619.8272
301165.SZ,20251203,69.0701,11.7333,4.1573,5821136.3603,5821136.3603
000850.SZ,20251203,14.3125,0.9636,1.3025,438804.2292,438679.5487
300241.SZ,20251203,112.662,1.9238,2.4468,429962.0021,360037.2383
688378.SH,20251203,301.9833,3.724,13.5407,620206.7914,599509.9006
603193.SH,20251203,32.8895,4.6223,6.6145,1004200.6053,256480.7313
920000.BJ,20251203,25.599,2.6353,3.8595,171166.56,90187.8621
301383.SZ,20251203,181.8632,3.1306,3.0784,628601.82,271864.4583
300221.SZ,20251203,46.0029,3.1065,1.976,446276.9133,430016.2572
002426.SZ,20251203,,5.0769,3.6548,1224945.3298,1224935.9608
603919.SH,20251203,26.6028,2.965,3.3612,1007925.614,1007925.614
300778.SZ,20251203,,2.2876,20.4453,282679.5831,282623.8466
600027.SH,20251203,8.8293,1.2944,0.497,6165852.0917,4518983.92
300353.SZ,20251203,301.7155,6.1674,12.7305,1225481.5118,1070757.2308
603755.SH,20251203,47.5678,4.6821,7.7709,350768.8633,350768.8633
301023.SZ,20251203,35.4117,3.5931,10.1552,286011.7724,152968.4174
600959.SH,20251203,37.8397,0.7588,2.1202,1725247.6017,1725247.6017
002163.SZ,20251203,,16.8072,3.2609,1183785.9717,1125771.9739
002065.SZ,20251203,88.3424,2.6092,2.3363,3183043.9984,2887566.1975
688041.SH,20251203,206.3771,22.3064,39.0263,48843640.6443,48843640.6443
603016.SH,20251203,59.1404,4.752,6.2415,391883.2,391883.2
920856.BJ,20251203,40.5654,3.4424,2.8657,162856.7871,90838.7833
002926.SZ,20251203,16.1965,1.0173,4.793,2483250.0,2483250.0
000776.SZ,20251203,11.4914,1.2578,4.6356,15865793.7359,12315846.8627
600265.SH,20251203,,300.4353,10.5471,261027.8,261027.8
600702.SH,20251203,132.4595,2.782,4.2886,1972261.8758,1971432.0958
301503.SZ,20251203,23.8656,2.7897,2.0344,297360.0,120728.16
300100.SZ,20251203,39.9671,6.9175,3.8513,2129492.4856,2054299.4009
688196.SH,20251203,32.5183,2.2794,2.4851,728548.8738,687360.0
300140.SZ,20251203,23.9485,1.4227,3.2782,1974105.6892,649817.2363
300483.SZ,20251203,,2.3943,1.795,456543.9698,456342.3698
603370.SH,20251203,45.1376,4.2073,5.0148,801620.9,157086.6259
600367.SH,20251203,40.2338,2.2598,2.5473,559113.5484,527714.0453
301487.SZ,20251203,,5.4822,4.8951,1033677.3691,613513.715
600251.SH,20251203,31.2229,1.808,2.1722,686085.3338,686085.3338
002943.SZ,20251203,,7.2876,8.0292,650891.454,419661.2281
688343.SH,20251203,,6.5254,18.2762,2531522.0863,1861322.2021
688314.SH,20251203,29.3064,3.8551,7.7819,259071.7195,259071.7195
002991.SZ,20251203,21.7058,3.334,2.5351,553795.252,296656.1473
300428.SZ,20251203,16.3232,1.7648,0.4448,1369838.0236,1193604.81
600935.SH,20251203,,1.5851,1.9751,949010.8468,925954.0784
002591.SZ,20251203,,3.2362,5.75,213141.6336,158693.848
600820.SH,20251203,7.8629,0.6498,0.3325,2005933.308,2005933.308
301169.SZ,20251203,,7.1221,9.2662,311791.4398,311694.0598
000690.SZ,20251203,10.224,0.7609,1.117,955214.7714,954592.9336
000733.SZ,20251203,27.5793,1.7112,4.8408,2616788.0532,2616435.3198
600551.SH,20251203,14.0553,1.0078,0.7736,583805.5608,583805.5608
002020.SZ,20251203,23.1522,2.9192,4.1264,1649731.8322,1387123.3299
300757.SZ,20251203,,19.93,65.5703,3318640.5978,2933768.673
603011.SH,20251203,,4.6782,4.3084,982401.4863,982401.4863
300484.SZ,20251203,72.1305,5.7762,8.2826,390089.6237,313241.9929
605198.SH,20251203,38.3607,4.8638,7.7557,1329315.2,1054008.256
605050.SH,20251203,18.0658,1.4848,0.554,646591.8855,646591.8855
300166.SZ,20251203,,1.9754,4.2227,1155826.9342,919364.2254
600571.SH,20251203,72.0095,6.0309,3.4712,722793.379,709515.1397
002091.SZ,20251203,12.7857,0.9547,0.3734,1474648.9593,1447124.0225
920914.BJ,20251203,38.6351,2.6834,2.5257,256200.0,255998.2425
300321.SZ,20251203,529.632,6.6556,10.8138,421800.0,421305.525
002861.SZ,20251203,369.7621,3.5388,4.5878,389706.0485,314152.1882
300668.SZ,20251203,,2.9591,4.131,231974.7131,192110.0721
688287.SH,20251203,,2.4741,20.9628,189703.9872,189703.9872
001222.SZ,20251203,28.6297,3.5121,3.0131,500322.69,281521.3479
300338.SZ,20251203,,,11.1099,159439.378,138347.0518
002222.SZ,20251203,89.3558,13.733,22.812,2401566.75,2390850.8034
002240.SZ,20251203,,2.7081,6.8066,2843818.0603,2691525.1401
603055.SH,20251203,15.5228,1.5861,1.2298,816398.4004,813424.7528
600285.SH,20251203,15.8019,3.8899,3.34,1263533.3028,1260748.3028
002062.SZ,20251203,42.3576,2.3123,1.987,1172932.8028,1066209.9338
600854.SH,20251203,23.2798,1.1337,28.6916,277910.3178,277910.3178
688308.SH,20251203,253.9398,1.8314,3.7611,472216.7996,472216.7996
000626.SZ,20251203,,1.7101,0.0478,406314.7449,403980.6498
603042.SH,20251203,,3.0434,3.0015,262564.3884,262564.3884
688377.SH,20251203,60.4762,3.6235,5.6088,674326.488,674326.488
002017.SZ,20251203,65.8879,6.828,9.4318,1207878.8026,1207158.7204
000525.SZ,20251203,84.7399,2.8895,2.8913,761044.5879,649267.8429
300351.SZ,20251203,67.6583,2.6077,2.9168,651895.3276,441474.9471
001331.SZ,20251203,1160.1445,2.5439,0.6273,385257.6,229150.3018
688327.SH,20251203,,15.228,27.4649,1445659.5398,1160149.9277
300139.SZ,20251203,80.834,6.0334,13.6029,668560.0,570128.509
600171.SH,20251203,62.232,5.0033,7.111,2247995.7938,2247995.7938
601579.SH,20251203,50.5798,2.7781,5.6738,1010708.8662,1010708.8662
600476.SH,20251203,,23.1382,3.7381,262866.24,262866.24
300492.SZ,20251203,79.1017,34.3974,4.3141,1365949.9478,1365949.9478
600352.SH,20251203,16.6748,1.0127,2.314,3458291.7672,3458291.7672
688230.SH,20251203,77.8743,3.5565,20.5285,799327.2,799327.2
600706.SH,20251203,115.433,4.4852,3.0722,284646.7201,283497.6865
300260.SZ,20251203,113.4317,9.4708,6.6907,1968483.1919,1388423.5335
301517.SZ,20251203,,5.4173,12.6809,725788.1866,471055.8269
301193.SZ,20251203,,2.6431,1.632,402848.2073,284614.4441
300101.SZ,20251203,203.9694,6.8421,13.0128,1261318.5597,1257182.4247
000669.SZ,20251203,,,1.6614,210246.3183,210246.3183
605389.SH,20251203,82.7958,4.4654,9.8455,940024.0447,889004.3422
600477.SH,20251203,58.137,1.3024,0.8451,653834.6574,653834.6574
000928.SZ,20251203,12.5564,1.1157,0.6629,942561.516,942549.9856
300888.SZ,20251203,26.109,1.9867,2.1127,2282732.8474,2280255.2506
600176.SH,20251203,17.8656,2.0099,3.4295,6216871.3386,6216871.3386
600637.SH,20251203,66.3372,1.0923,4.2871,3261042.8225,3261042.8225
300857.SZ,20251203,56.7842,12.0321,4.5703,4728355.8253,4714800.6981
600032.SH,20251203,32.9302,1.3632,3.6019,1765031.6878,1765031.6878
300138.SZ,20251203,17.6224,1.7718,0.8668,590831.4137,487137.1561
300868.SZ,20251203,,2.3547,5.5144,355194.752,223994.7488
688078.SH,20251203,,2.8782,8.7517,206651.655,206651.655
920017.BJ,20251203,25.8591,1.4288,3.569,233677.444,230535.283
920627.BJ,20251203,72.9663,4.6042,2.9203,207790.0,102932.5
301395.SZ,20251203,51.3849,1.7429,1.1773,268835.4349,152135.4949
002230.SZ,20251203,133.9481,6.3006,4.4006,11214020.7104,10619302.2754
300984.SZ,20251203,176.3897,7.1577,6.0144,742939.8643,466922.84
002387.SZ,20251203,,3.2384,1.5989,1300417.116,1298741.5953
603918.SH,20251203,,5.9248,7.7328,593777.9673,593299.7298
001229.SZ,20251203,59.1869,4.141,19.0409,402900.0,212245.4275
002540.SZ,20251203,22.772,1.7093,1.1922,926753.4443,645459.6
600186.SH,20251203,33.6075,5.1157,3.046,975450.2847,973291.2303
300737.SZ,20251203,,1.3158,0.9267,592723.9832,473607.2
600708.SH,20251203,,0.8266,1.3725,755507.8559,754369.1644
003012.SZ,20251203,22.334,1.0811,1.3103,823770.5845,814891.3023
002941.SZ,20251203,20.2551,2.5325,1.406,1190224.1615,1190224.1615
000063.SZ,20251203,35.4647,2.763,1.5718,20712706.0607,17438469.1334
600918.SH,20251203,30.3566,1.1914,4.2218,5265696.7623,2610688.4671
600520.SH,20251203,443.8682,10.3688,12.6499,402412.2,402412.2
600483.SH,20251203,9.3781,1.0753,1.9994,2821839.867,2821839.867
688480.SH,20251203,37.9404,3.8667,4.1501,423152.9086,423152.9086
920701.BJ,20251203,41.52,3.5012,3.2238,290864.0,212439.3488
301533.SZ,20251203,68.7566,3.385,4.782,383396.13,110903.13
600528.SH,20251203,12.2397,0.6471,0.6194,1768355.064,1768355.064
600903.SH,20251203,,2.6524,1.1857,794656.5009,794656.5009
301298.SZ,20251203,35.8132,2.5397,3.7316,238696.8,175940.504
605056.SH,20251203,30.0525,4.5529,1.773,764355.8131,751521.5316
001337.SZ,20251203,27.571,6.6916,12.8662,1158780.0,795850.104
603158.SH,20251203,30.411,2.045,1.1951,475065.5033,475065.5033
603310.SH,20251203,32.8902,1.4785,5.9271,586387.32,313382.88
301177.SZ,20251203,87.6641,1.9054,7.7712,1186814.0408,1186027.6486
688469.SH,20251203,,4.1231,7.3795,5448746.6618,2879370.0
603221.SH,20251203,45.429,1.8643,2.5016,299561.5,296780.75
600116.SH,20251203,45.0716,1.1022,1.2702,1248629.3163,1248629.3163
605555.SH,20251203,30.8237,2.7697,1.9016,835987.2321,835987.2321
002100.SZ,20251203,21.2121,1.3347,0.5407,957041.312,957041.312
920807.BJ,20251203,97.9853,2.9323,4.6555,277367.0,186005.3511
600172.SH,20251203,,9.8884,7.128,976358.8903,864025.1428
920163.BJ,20251203,51.4739,4.012,2.4215,194617.3219,90352.5613
605300.SH,20251203,211.5203,2.0153,2.4055,577086.2182,577086.2182
920207.BJ,20251203,,6.7647,5.8557,194347.06,118637.1185
002074.SZ,20251203,20.7117,2.4228,1.735,6892192.0424,6596090.6084
301419.SZ,20251203,53.7075,3.9811,9.1148,378000.0,133623.0
002693.SZ,20251203,,7.5641,13.6791,295673.7918,293029.8779
600215.SH,20251203,,1.5734,2.8938,315706.0701,315706.0701
301287.SZ,20251203,28.0096,2.3016,4.4182,266413.32,68057.2746
603718.SH,20251203,26.9403,3.0092,18.7367,461586.1888,456881.7088
600273.SH,20251203,10.8571,1.121,1.1504,1128923.7623,1128923.7623
920230.BJ,20251203,183.0206,3.1512,4.3343,128515.5236,59600.7019
300481.SZ,20251203,31.9767,1.9987,3.4405,480394.0509,477464.4771
920765.BJ,20251203,,7.9377,4.3899,225036.0794,136717.5923
920030.BJ,20251203,,2.5963,0.4734,117676.5101,73716.5013
603206.SH,20251203,101.7074,2.2158,1.2107,502664.3802,502664.3802
601077.SH,20251203,6.3474,0.549,2.6589,7552405.0,5877431.202
300738.SZ,20251203,111.532,5.1933,7.5796,1824536.0234,1824019.3821
603977.SH,20251203,49.304,2.2419,3.3323,750460.1282,750460.1282
600801.SH,20251203,14.1022,1.4657,1.3402,4627844.3147,2992357.5947
603335.SH,20251203,,12.1893,2.7695,263737.0736,263737.0736
603759.SH,20251203,18.9117,1.7546,1.9898,499624.32,499624.32
002004.SZ,20251203,,0.9901,0.811,960260.8076,912585.4231
301355.SZ,20251203,382.7932,1.7766,1.5608,267869.4551,137582.0526
300244.SZ,20251203,,1.4741,0.908,953718.6193,765226.5271
920786.BJ,20251203,93.9085,2.6497,1.3477,198600.35,135086.6323
000501.SZ,20251203,34.2684,0.6921,1.2326,752843.8836,752095.7661
000822.SZ,20251203,,1.0468,1.0555,502146.5705,502146.5705
688588.SH,20251203,59.2929,4.6799,5.3912,576414.4143,576414.4143
300812.SZ,20251203,,4.96,8.9148,388713.7555,257264.8582
301205.SZ,20251203,139.6258,9.9029,14.3431,1570680.864,822702.9377
600386.SH,20251203,4604.5763,2.1181,0.9191,378201.6,378201.6
605116.SH,20251203,21.5566,3.6284,5.6336,915157.8622,915130.8262
002651.SZ,20251203,146.4012,4.498,17.6789,1261854.66,690431.1057
300971.SZ,20251203,37.52,2.6265,5.4302,276712.8,216623.0578
300808.SZ,20251203,,5.0495,14.3999,489600.0,363832.7087
603809.SH,20251203,32.7717,3.0862,4.3925,1127353.7886,1127353.7886
603010.SH,20251203,189.4218,1.8171,1.9759,656790.5526,656790.5526
600107.SH,20251203,,5.946,11.1131,271440.0,271440.0
603279.SH,20251203,15.727,2.0614,1.7293,972917.624,972917.624
002737.SZ,20251203,,2.1601,4.1803,875416.0,875416.0
002193.SZ,20251203,,2.8815,4.6344,157814.4767,157813.5722
603393.SH,20251203,10.2945,1.2815,3.0448,1151794.2455,1149892.3563
301009.SZ,20251203,97.5689,2.7135,3.2339,361845.66,201027.6223
002313.SZ,20251203,,310.3345,1.554,415209.6,415180.4056
002385.SZ,20251203,36.9255,2.0182,0.5901,1732931.6617,1420203.3885
300652.SZ,20251203,41.4203,4.5122,6.6219,682692.9475,612716.3504
603609.SH,20251203,37.1095,1.0454,0.185,677068.3472,677068.3472
002238.SZ,20251203,,3.24,5.3046,687793.2001,687793.2001
605183.SH,20251203,14.2855,2.203,3.6026,798495.6384,791864.5344
001400.SZ,20251203,34.4153,3.1049,3.7315,381900.0,95475.0
688038.SH,20251203,,3.23,8.4683,191085.1228,191085.1228
603128.SH,20251203,20.7675,1.2786,0.4605,774955.5244,774955.5244
688163.SH,20251203,54.4028,2.2027,12.595,247823.8,247823.8
300920.SZ,20251203,110.6981,3.2634,8.7601,386900.0,214270.2923
600536.SH,20251203,,11.7127,7.5398,4128270.4879,3729802.7118
600268.SH,20251203,23.0996,3.0042,1.0522,1031108.8397,1025993.8436
300588.SZ,20251203,,20.7945,31.313,569817.7853,526222.3613
600009.SH,20251203,33.6705,1.9189,6.1803,7967578.3541,6552187.007
920419.BJ,20251203,25.7085,2.8073,2.0613,169319.1896,158357.3921
603028.SH,20251203,,4.4054,1.2412,225613.44,223373.34
002201.SZ,20251203,64.9934,4.3611,2.9024,507624.6317,468976.2442
603722.SH,20251203,,4.0149,8.7337,383453.7548,375527.2748
301398.SZ,20251203,78.3553,4.8422,13.1565,543200.0,162281.0
600824.SH,20251203,260.3631,2.0189,7.4712,486960.5077,486960.5077
600011.SH,20251203,8.6125,0.8531,0.5357,12542776.5938,8787170.2253
301208.SZ,20251203,67.9622,2.8725,4.0087,441240.2206,184322.7151
600305.SH,20251203,59.2844,2.6293,3.8518,882964.2793,880184.6059
600292.SH,20251203,15555.4851,1.9569,12.3457,5632945.1745,1004130.5205
920781.BJ,20251203,,3.4725,4.4158,137255.544,90649.0202
600406.SH,20251203,22.39,3.6358,2.8102,17895492.6411,17815811.5608
000055.SZ,20251203,416.1529,0.7512,1.2112,457470.4207,287913.0496
000997.SZ,20251203,22.6829,3.5008,3.1221,2515522.1229,2501471.983
000049.SZ,20251203,26.2217,1.6431,0.4975,1094681.2678,1094386.2173
301213.SZ,20251203,,6.5346,32.9943,512719.9936,331416.113
002440.SZ,20251203,29.8197,0.903,1.482,857611.9275,722071.6644
920892.BJ,20251203,27.3072,7.1672,4.7756,278354.1108,238923.3836
605196.SH,20251203,60.518,5.4787,2.5931,1808438.842,1787063.282
002534.SZ,20251203,66.9122,2.4206,2.1913,1290683.9133,1273401.2296
600881.SH,20251203,,3.9634,0.9948,672287.4055,672287.4055
688231.SH,20251203,74.4681,2.0989,3.4779,575424.0003,294752.0642
003037.SZ,20251203,54.4781,1.6494,0.7269,462485.6514,462485.6514
688386.SH,20251203,53.5725,8.1577,9.9609,660296.0,660296.0
603111.SH,20251203,16.3814,1.5019,1.3617,595663.1944,584938.2573
002984.SZ,20251203,14.6932,1.64,2.5186,2168109.3499,1493477.1891
600372.SH,20251203,72.3336,1.5619,2.485,5985715.1313,5985715.1313
301098.SZ,20251203,,1.4332,2.063,171243.6926,139360.4339
603120.SH,20251203,40.1161,3.1317,5.7648,357080.0,89270.0
301469.SZ,20251203,36.9594,1.8833,2.4552,259402.52,133524.1278
688012.SH,20251203,84.8911,7.5666,13.9815,16247218.426,16247218.426
600971.SH,20251203,299.2718,0.6866,1.5376,822003.3455,822003.3455
300992.SZ,20251203,232.3067,2.6691,2.6724,230812.4555,187610.921
002192.SZ,20251203,72.8005,3.7141,19.2515,1284514.2892,1281867.7679
688373.SH,20251203,,15.5021,29.2082,399263.744,320024.3272
300736.SZ,20251203,,30.6022,5.921,251007.1437,245419.197
920058.BJ,20251203,32.2537,5.175,2.3888,178356.819,87750.1538
920634.BJ,20251203,74.8814,5.4277,1.6769,153900.2068,97423.9789
688710.SH,20251203,29383.0923,2.5704,7.2382,600714.1395,386446.9806
301305.SZ,20251203,19.1982,1.3808,2.9055,521052.9206,267221.0606
001260.SZ,20251203,53.916,2.9044,4.2142,240350.0,66357.5
603273.SH,20251203,127.7723,4.6751,7.1763,411481.728,107632.128
688158.SH,20251203,,4.5073,6.6295,1084637.1775,963811.4793
600241.SH,20251203,1195.0234,2.3072,7.0515,269580.7373,269580.7373
601766.SH,20251203,13.4881,1.2228,0.7336,20376193.5025,17272736.6141
688420.SH,20251203,175.6919,1.5308,4.0335,219748.55,84760.865
300960.SZ,20251203,79.3427,5.8216,7.6986,350999.564,318034.184
688048.SH,20251203,,6.3213,46.4141,1899768.9457,1899768.9457
601169.SH,20251203,4.5783,0.4329,1.7249,12030358.0508,12030358.0508
001358.SZ,20251203,51.8212,2.3039,6.6973,329683.2,136412.6002
001896.SZ,20251203,33.0042,2.4472,0.7381,843757.0755,843757.0755
603787.SH,20251203,55.3965,2.0351,0.7606,323582.1687,323582.1687
300323.SZ,20251203,,1.8839,2.412,1278923.052,692856.7744
688499.SH,20251203,,3.8255,3.3925,876544.6095,876544.6095
601963.SH,20251203,7.232,0.7316,2.7237,4027047.4561,2178229.229
301459.SZ,20251203,32.3309,3.3496,4.3826,417424.3764,104630.8549
002454.SZ,20251203,26.2188,1.3708,1.0315,544351.6656,542964.0114
603949.SH,20251203,50.151,3.642,9.449,385535.5777,383834.8303
300513.SZ,20251203,,2.3249,3.2252,306789.9496,281935.7197
600258.SH,20251203,21.3105,1.4817,2.3356,1785448.3985,1785448.3985
300848.SZ,20251203,74.6457,4.124,3.7494,636696.789,376646.2979
300972.SZ,20251203,32.3735,17.1148,0.7138,3445946.2115,3064697.5578
600446.SH,20251203,,3.8933,4.8009,1433550.3705,1433550.3705
300197.SZ,20251203,,2.9608,8.1796,563406.6352,563392.3852
300401.SZ,20251203,25.6066,2.4457,6.2254,772814.0997,760225.775
002532.SZ,20251203,13.3191,2.2311,2.119,6275393.4248,5571377.3547
002807.SZ,20251203,5.4568,0.6315,2.878,1193775.5027,1192137.9574
601688.SH,20251203,12.1401,0.9198,5.0828,18893225.9041,15293044.7159
300251.SZ,20251203,21.8655,4.408,12.6007,4737745.3177,4482214.4912
300454.SZ,20251203,68.3009,5.2974,5.9333,4753516.9376,3130823.107
600822.SH,20251203,222.03,4.4359,2.498,543586.3137,434178.1072
000637.SZ,20251203,,4.3851,0.7589,243301.6666,170625.8057
688513.SH,20251203,39.2159,3.3028,7.1227,946565.9567,946565.9567
688556.SH,20251203,,2.3141,2.5999,903051.2663,903051.2663
603277.SH,20251203,20.0924,4.0376,3.7929,1062313.497,1055470.3693
001965.SZ,20251203,13.3167,1.0357,5.5848,6890226.3219,6890226.3219
600120.SH,20251203,16.1969,1.3031,3.6169,2134613.4325,2134613.4325
688175.SH,20251203,,1.8503,11.5284,321999.33,321999.33
603098.SH,20251203,72.0046,2.4429,2.0948,690276.2719,689125.1719
600603.SH,20251203,19.3743,1.0747,2.4375,785210.5814,785210.5814
000925.SZ,20251203,88.4811,1.7507,2.4401,578296.2286,575623.8833
688326.SH,20251203,,2.7314,1.6671,1076752.343,1000955.8126
605222.SH,20251203,46.1097,1.4705,0.3041,685829.1739,685829.1739
000505.SZ,20251203,,1.8632,0.7035,573563.748,498948.0851
688203.SH,20251203,379.3302,1.7916,3.2686,263886.8445,161601.6451
300722.SZ,20251203,142.9251,13.8694,22.6908,880639.1194,880639.1194
688981.SH,20251203,185.6322,5.9068,13.6486,89299175.2765,22319117.1719
300584.SZ,20251203,139.5099,5.9878,10.1516,624720.0,427468.5437
003040.SZ,20251203,1446.6443,6.0639,8.1819,849412.4604,841518.1752
688032.SH,20251203,306.487,2.0751,5.9019,1210337.4315,1210337.4315
605128.SH,20251203,49.3789,3.6801,3.2105,766011.2254,766011.2254
000983.SZ,20251203,22.5945,1.0499,0.9733,3832043.2148,3132144.1321
688338.SH,20251203,29.6729,1.6736,10.1309,278623.8,278623.8
002638.SZ,20251203,,2.231,11.5156,459710.1917,432858.3229
301195.SZ,20251203,26.4145,1.8136,4.2609,437415.3101,290503.227
002081.SZ,20251203,19.1586,0.6382,0.5159,876256.8174,872719.6134
300423.SZ,20251203,,2.8673,3.7289,386566.2723,259021.0953
603102.SH,20251203,22.0572,1.6484,3.1923,268288.0,268288.0
300359.SZ,20251203,,6.5415,9.8747,359100.0503,359082.0622
002452.SZ,20251203,17.9006,1.8859,2.6772,490062.3472,407564.7841
688088.SH,20251203,84.1171,7.2695,22.2734,1935647.18,1935647.18
002853.SZ,20251203,,2.86,4.187,266508.5362,187522.9155
002044.SZ,20251203,64.8866,2.5392,1.9148,2008012.2625,1987478.7727
300284.SZ,20251203,68.1588,1.2159,2.2346,1024153.3247,971052.7631
603677.SH,20251203,58.5714,3.4428,1.9291,400609.7992,400609.7992
002567.SZ,20251203,,1.1965,0.2538,656337.538,655588.9356
601618.SH,20251203,17.4414,0.4344,0.1428,6776623.4686,5837806.4686
002203.SZ,20251203,36.1318,1.6329,0.321,2706562.9786,2612538.8387
300398.SZ,20251203,37.6304,2.5476,4.0402,1247849.1365,1241034.3804
301020.SZ,20251203,36.7847,3.401,5.8692,327936.0,327936.0
002331.SZ,20251203,,2.3745,3.0057,398013.0948,367740.2791
688318.SH,20251203,93.0212,8.6414,84.917,3201237.2805,3201237.2805
603869.SH,20251203,139.4449,1.4149,7.927,529692.9823,529692.9823
000807.SZ,20251203,18.3756,2.9378,1.5453,9169279.3788,9169183.2588
603135.SH,20251203,128.8632,2.0268,8.7877,597431.6379,239771.641
600438.SH,20251203,,2.375,1.1224,9913381.6211,9913381.6211
603012.SH,20251203,23.5732,0.988,1.1751,375616.5,375616.5
002488.SZ,20251203,249.0197,2.3313,2.2972,817255.4724,755388.9632
002345.SZ,20251203,60.1484,3.3907,1.4832,1171059.7478,1143088.5034
300087.SZ,20251203,586.2955,6.302,2.3933,1097957.4994,1045760.9481
688620.SH,20251203,,3.6773,9.758,495488.0,293650.6093
688683.SH,20251203,113.8276,4.5034,5.695,461809.5167,461809.5167
600283.SH,20251203,22.653,1.7046,2.1724,529418.7037,513693.8264
600063.SH,20251203,22.8956,1.4666,1.5646,1258016.721,1258016.721
002961.SZ,20251203,20.532,3.4076,5.7898,1020468.7862,1020463.627
002670.SZ,20251203,103.945,3.0008,30619.6355,3392203.3967,2845733.6614
920146.BJ,20251203,,5.2342,2.9219,115686.8097,91817.1392
688076.SH,20251203,23.9058,3.834,6.2754,1192147.7555,1192147.7555
300519.SZ,20251203,48.4884,3.3934,10.9294,280960.0,200359.6
300468.SZ,20251203,201.9163,10.027,24.8635,1650319.2453,1647659.5422
300123.SZ,20251203,,5.4876,9.0827,807248.9572,790330.8662
920924.BJ,20251203,118.0511,6.9277,5.3286,218992.1565,131514.9414
300188.SZ,20251203,,4.139,7.6827,1280621.1919,1274702.5841
603118.SH,20251203,,1.766,1.0031,889622.3388,889622.3388
300781.SZ,20251203,,8.9394,6.3403,596941.5362,440558.0707
002999.SZ,20251203,52.9922,2.0764,0.1847,248875.872,246099.8505
603021.SH,20251203,,,4.1865,165093.2041,165093.2041
600218.SH,20251203,50.1077,1.3935,1.0648,453459.5157,453459.5157
601106.SH,20251203,,3.9661,2.1913,2091623.7927,2091623.7927
002598.SZ,20251203,109.7518,2.8385,1.7183,348244.4944,314091.129
688197.SH,20251203,,8.6834,2652.1994,568107.8903,244498.6492
688478.SH,20251203,,3.0038,15.8394,461174.198,344663.7502
600785.SH,20251203,23.0851,1.3534,0.5083,308212.3285,308212.3285
603123.SH,20251203,,4.9287,4.0158,900974.9581,735767.2705
600633.SH,20251203,28.8846,1.6184,5.3613,1651032.9625,1651032.9625
003038.SZ,20251203,98.9787,1.2846,0.45,385526.7002,261817.6968
301301.SZ,20251203,24.3551,2.8755,4.8103,2279146.87,631373.5689
688292.SH,20251203,,3.6546,9.9079,370689.9314,236040.9489
603912.SH,20251203,,2.5118,5.2726,439975.1388,439975.1388
688276.SH,20251203,,2.2326,13.0414,883572.6293,883572.6293
002901.SZ,20251203,37.1382,6.0281,8.1018,2011306.7601,1401418.3415
002544.SZ,20251203,1813.8071,5.0963,4.0471,1904133.8242,1903952.3907
603330.SH,20251203,,2.1658,3.285,330562.6678,330562.6678
601375.SH,20251203,41.8923,1.3844,10.7669,1977868.8822,1468643.3922
301575.SZ,20251203,32.7236,3.0522,3.7772,419049.45,79927.738
688082.SH,20251203,45.3724,5.6699,11.1037,7536666.5281,6849417.4978
920015.BJ,20251203,32.8271,4.0249,6.276,658718.435,183404.4759
002462.SZ,20251203,63.5776,1.022,0.2259,451562.6218,451196.2086
603659.SH,20251203,34.2969,2.8693,3.9241,5665730.3496,5665730.3496
300499.SZ,20251203,5026.2612,5.6713,8.5582,785099.3066,698050.1518
688026.SH,20251203,29.6746,2.126,4.1587,235391.0066,235315.8401
301181.SZ,20251203,36.3232,3.1252,8.1191,447721.2704,349452.2391
920679.BJ,20251203,59.3174,2.2493,8.8366,112146.8,45306.002
300943.SZ,20251203,68.0284,3.7813,7.376,374417.34,246783.1072
688179.SH,20251203,52.098,4.3094,7.2899,437378.0761,437378.0761
300833.SZ,20251203,29.4029,2.1587,4.8956,522152.784,335422.5802
300858.SZ,20251203,47.0806,2.5624,13.3147,467967.3296,344125.8888
002605.SZ,20251203,19.2666,2.6436,3.757,973112.6543,785759.2695
300887.SZ,20251203,,1.5821,3.3625,454053.3612,301348.087
600076.SH,20251203,,1.0477,10.3394,399329.38,399329.38
300277.SZ,20251203,472.4264,8.5618,18.8805,418924.2,418451.8786
300896.SZ,20251203,29.6739,5.8834,17.2887,4348247.9166,2997460.8609
300687.SZ,20251203,122.5795,3.2082,4.0458,886661.6053,714446.6591
603203.SH,20251203,30.9918,5.2604,7.1753,767832.2042,754187.0936
600850.SH,20251203,34.6864,3.6203,1.5627,1745389.9694,1745389.9694
603703.SH,20251203,,5.9036,5.4212,488433.9552,488433.9552
605151.SH,20251203,,1.9363,1.4144,263860.8293,263860.8293
300281.SZ,20251203,1867.3691,2.5664,7.4098,324246.8509,307530.2559
300677.SZ,20251203,16.6329,1.5589,2.8749,2831617.6972,2012309.1708
300058.SZ,20251203,,4.3082,0.5142,3417890.6081,3312988.3296
002032.SZ,20251203,18.2923,7.1908,1.7462,3983559.2327,3981028.5662
002614.SZ,20251203,69.5311,1.1028,0.9298,476339.1731,336929.539
002816.SZ,20251203,,9.0415,11.1777,209200.0,209200.0
000713.SZ,20251203,85.1656,2.2424,1.5647,427354.4261,427354.4261
600420.SH,20251203,14.8928,1.0158,1.4954,1385431.3908,1385431.3908
301286.SZ,20251203,76.8272,8.0975,14.2186,1546786.6,623506.1527
600423.SH,20251203,547.4225,6.0006,22.6244,335451.9109,335451.9109
600491.SH,20251203,,0.4724,0.7566,463516.6604,463516.6604
300746.SZ,20251203,,3.8066,2.4596,292782.6114,289938.4487
688282.SH,20251203,170.1651,3.516,18.9833,449592.0,449592.0
601133.SH,20251203,40.4807,2.5803,1.6124,755066.3463,213623.0439
301033.SZ,20251203,41.5699,5.566,12.5804,423619.4992,356771.9002
002278.SZ,20251203,90.8219,3.6839,5.3807,433052.4811,397456.0266
301128.SZ,20251203,63.1882,9.5228,4.9466,847390.8838,722791.2684
300869.SZ,20251203,,3.7276,13.2127,647304.9504,408164.9158
601633.SH,20251203,17.1408,2.17,0.8749,18681834.6022,13554777.7135
603922.SH,20251203,173.8304,3.3014,4.9126,343168.0,343168.0
600789.SH,20251203,47.2299,2.2529,1.4401,891480.2749,891480.2749
600916.SH,20251203,33.2538,1.8836,0.2273,1355760.0,1355760.0
003016.SZ,20251203,,1.6472,3.0581,441127.171,431016.1013
605189.SH,20251203,65.3223,1.6893,0.9152,298684.406,298684.406
301421.SZ,20251203,341.9233,9.1387,22.5319,1090989.304,436596.3966
300213.SZ,20251203,229.5878,2.3716,5.296,520663.4422,483746.3564
001285.SZ,20251203,27.327,2.4527,3.9668,905755.731,204213.2839
002491.SZ,20251203,1836.7828,2.7716,2.1547,687566.9255,657646.0989
603112.SH,20251203,18.5235,2.3583,2.464,991212.9831,927039.6457
002421.SZ,20251203,,2.0775,2.4705,617089.2569,583947.519
600736.SH,20251203,38.3259,0.7293,1.1982,659690.8357,659690.8357
688311.SH,20251203,,3.4262,18.0277,541874.8776,541874.8776
601007.SH,20251203,97.6485,1.9428,1.7425,307710.0,307710.0
600059.SH,20251203,40.7506,1.4422,4.5783,838619.02,838619.02
000932.SZ,20251203,13.9142,0.6949,0.3024,3855016.9344,3854968.9933
002841.SZ,20251203,29.5256,2.0393,1.1483,2679663.6983,2007179.9671
688475.SH,20251203,42.5835,4.1614,4.0684,2348325.0,1221129.0
300987.SZ,20251203,137.4671,3.8324,9.1822,303740.736,303740.736
688138.SH,20251203,44.8758,3.2407,7.2202,876403.2,876403.2
688018.SH,20251203,62.9574,6.7808,11.9039,2927342.6771,2744491.4731
603920.SH,20251203,35.4301,4.3362,5.336,2894619.3374,2894619.3374
601377.SH,20251203,17.5539,0.955,4.6075,5907015.3091,5907015.3091
300916.SZ,20251203,35.9337,3.5889,3.0775,490343.1837,316711.3127
300039.SZ,20251203,19.6153,1.5017,5.7877,677808.0,594168.1944
003026.SZ,20251203,89.6878,5.9889,9.333,394300.998,291105.1391
688351.SH,20251203,199.8041,5.8296,22.7656,1044261.4,277064.0759
301099.SZ,20251203,59.6656,4.7976,1.0366,621716.2287,380579.0181
300132.SZ,20251203,28.9423,2.7427,1.8347,386402.5027,380044.8004
605166.SH,20251203,16.1427,1.7088,0.5369,332987.0474,332987.0474
600326.SH,20251203,,3.7045,4.2584,1493261.0076,1493261.0076
001373.SZ,20251203,,2.5457,3.9578,221377.84,106783.5722
920029.BJ,20251203,18.9269,3.5494,4.0667,1270813.0031,290909.0061
301337.SZ,20251203,,2.7852,12.368,305410.2,108405.3065
300390.SZ,20251203,,3.9057,6.3334,4260090.0409,3448767.531
301100.SZ,20251203,,2.1982,3.6246,438600.0,191887.5
300706.SZ,20251203,,7.3735,3.8439,517578.8456,383658.0356
300069.SZ,20251203,94.3078,7.7565,8.7443,219024.0,219024.0
688691.SH,20251203,,10.0464,18.1292,1260120.0,750454.07
600730.SH,20251203,865.6587,4.0863,62.5365,732146.6905,732146.6905
301520.SZ,20251203,67.3786,1.8192,9.3221,275200.0014,92562.111
300604.SZ,20251203,53.703,11.8994,10.6244,5190047.7851,4004578.5157
920675.BJ,20251203,37.9354,2.8881,3.3212,179222.724,82257.6027
688212.SH,20251203,,5.0623,9.3878,630502.7005,630502.7005
002022.SZ,20251203,,1.1032,2.1374,342041.5823,341976.7448
300236.SZ,20251203,71.0712,3.3646,10.1395,1827013.5737,1624978.2176
300909.SZ,20251203,92.7045,3.8075,4.9502,767827.0538,545797.1607
600622.SH,20251203,,1.6218,3.0383,476899.9578,476899.9578
603588.SH,20251203,18.8871,1.118,0.8107,1070833.8233,1070833.8233
002432.SZ,20251203,10.0729,0.8576,12.1247,1902916.9051,1794181.7228
688050.SH,20251203,32.5278,4.1777,7.9379,1174150.6754,1174150.6754
300592.SZ,20251203,150.8772,1.9782,0.4737,456928.46,396664.0966
600684.SH,20251203,112.1418,7.8835,2.4548,391738.4719,391738.4719
920378.BJ,20251203,80.2404,3.9413,3.9942,150549.168,107818.0316
002815.SZ,20251203,52.452,1.8327,2.2215,1620819.2924,1034376.0206
688068.SH,20251203,,5.7943,39.115,1699336.5402,1699336.5402
002862.SZ,20251203,,9.2301,8.1208,369264.0,277492.9194
300408.SZ,20251203,31.7022,3.8429,9.4917,8070370.4293,7873761.5596
600819.SH,20251203,52.6096,2.1348,1.3567,756347.0998,604659.5982
300580.SZ,20251203,39.3751,3.6355,8.233,1181784.0653,1111590.8506
603086.SH,20251203,21.8437,1.6559,1.4117,357851.2167,357851.2167
300103.SZ,20251203,,4.7539,14.4152,231213.528,231023.9641
603982.SH,20251203,,1.3642,1.202,320218.1286,297788.4616
603022.SH,20251203,39.4981,2.5271,2.1776,207200.0,207200.0
300009.SZ,20251203,24.0857,3.8635,6.2492,1610637.9715,1176497.3003
603079.SH,20251203,55.3002,2.1439,4.0223,337795.9381,305914.6679
300681.SZ,20251203,43.4893,3.1398,2.3078,733936.5899,515932.7469
002560.SZ,20251203,52.1683,1.6641,0.5602,445826.3074,384089.7297
300299.SZ,20251203,,12.2685,13.7286,527389.2649,526566.4369
002879.SZ,20251203,59.3541,1.7713,2.0872,311675.731,222544.7841
920267.BJ,20251203,159.7949,4.3828,2.069,114011.0884,65888.82
920057.BJ,20251203,,1.6597,0.8995,118727.4595,75371.2947
300399.SZ,20251203,311.8564,9.3051,9.9313,477599.2,477552.6123
688201.SH,20251203,259.2064,3.1574,7.9201,410714.1917,391777.3251
603387.SH,20251203,20.6008,1.5981,4.1247,430066.1824,430066.1824
300767.SZ,20251203,,3.4751,10.7137,561699.6599,487700.4299
300758.SZ,20251203,70.1945,3.0604,3.5758,548152.1046,494506.2893
000056.SZ,20251203,,,0.8132,280259.1881,214183.1883
920145.BJ,20251203,,6.0785,23.4218,158314.2,108840.732
600309.SH,20251203,19.2392,2.0304,1.1948,21349816.4893,21349816.4893
300106.SZ,20251203,,6.3428,2.7103,244722.815,244722.815
600271.SH,20251203,,1.2385,2.7297,1673154.8281,1673154.8281
600095.SH,20251203,77.5973,2.5734,120.3416,3145106.5173,3145106.5173
301083.SZ,20251203,107.0189,4.9276,10.9453,411583.4674,198101.3479
603075.SH,20251203,28.5438,4.3211,4.4039,905586.9998,92801.3985
002033.SZ,20251203,23.8306,1.9771,6.026,501685.0191,501675.4053
688195.SH,20251203,271.3891,21.8315,39.1589,2108405.0,2108405.0
002856.SZ,20251203,,20.924,4.2323,173876.9583,159217.2093
002600.SZ,20251203,46.9674,4.6686,2.1374,10754521.7581,10594773.8443
600754.SH,20251203,51.6107,1.7966,2.106,2845950.547,2418231.6041
002789.SZ,20251203,,,0.3743,166327.7016,163037.6752
688072.SH,20251203,83.1901,13.2809,13.3937,8097521.184,8097521.184
300240.SZ,20251203,,1.9353,0.4553,285731.9086,279438.358
301329.SZ,20251203,57.5663,2.6061,4.7152,404054.8,142307.056
300405.SZ,20251203,,4.7623,3.5099,199345.2424,153395.1747
002393.SZ,20251203,13.6811,1.0629,4.0019,528114.561,513165.4444
920826.BJ,20251203,44.006,5.332,3.3601,200656.5824,89213.5474
300724.SZ,20251203,8.406,2.1512,1.467,2882464.6417,2381124.7799
001288.SZ,20251203,39.4588,3.2453,3.7449,711680.0582,459777.8722
688229.SH,20251203,,6.4278,19.7172,269019.6,269019.6
603214.SH,20251203,21.8961,2.1099,0.6518,242722.1431,242722.1431
688677.SH,20251203,31.2875,4.1395,9.5391,545440.35,545440.35
300780.SZ,20251203,,2.4699,4.4484,252859.08,185390.3607
300365.SZ,20251203,,2.0777,3.4313,391105.7658,333644.4503
300948.SZ,20251203,,3.3169,29.2798,318631.0171,300136.0209
920454.BJ,20251203,57.8801,5.3356,10.8206,171838.5,103297.8694
605299.SH,20251203,58.3314,3.5693,2.879,437872.3796,437872.3796
300663.SZ,20251203,,10.8647,15.3752,821500.458,781205.8247
688597.SH,20251203,32.8987,3.5233,3.0184,295060.5641,295060.5641
301489.SZ,20251203,185.635,12.717,15.2769,1378064.7404,812301.2868
920022.BJ,20251203,24.7758,4.2908,2.9114,176197.641,48532.415
000151.SZ,20251203,,12.943,3.787,430822.4197,393232.6055
002969.SZ,20251203,26.1768,1.6834,1.2278,387913.4012,385609.162
688337.SH,20251203,96.0725,2.2297,8.3463,699692.771,670974.3159
688091.SH,20251203,416.3963,6.5453,38.7048,956211.0386,956211.0386
002662.SZ,20251203,25.3503,1.3558,2.0843,597000.0,596992.4778
600482.SH,20251203,24.0376,1.1169,0.7957,4459775.1373,4459775.1373
603713.SH,20251203,14.1489,1.8256,0.6411,848510.4103,848510.4103
301210.SZ,20251203,81.8429,2.3619,2.7622,436451.3839,165510.5997
300798.SZ,20251203,,2.0624,2.9479,346483.8199,275504.5592
688538.SH,20251203,,4.2395,6.9793,3673310.4083,1530094.7029
002888.SZ,20251203,186.8594,8.2887,10.8165,315218.6846,159960.6477
301173.SZ,20251203,25.0489,2.7382,1.7017,402722.4296,81421.3837
000791.SZ,20251203,8.336,1.4896,1.6555,2173372.6271,1296866.5966
002625.SZ,20251203,146.9854,11.1021,56.2126,10594108.5175,10594073.4838
600373.SH,20251203,33.9088,0.8085,1.7979,1409897.7777,1389126.8393
300507.SZ,20251203,63.2525,3.3984,2.893,719781.5694,696717.5815
605338.SH,20251203,23.6588,2.9596,3.6898,670547.0869,670547.0869
603489.SH,20251203,92.2083,2.7212,5.3172,732946.5664,732946.5664
301303.SZ,20251203,18.8904,1.8974,3.7027,638545.6,158909.781
002158.SZ,20251203,22.2332,2.7185,3.8434,1184948.692,1182429.1222
688356.SH,20251203,133.0333,3.8857,20.003,504310.5705,504310.5705
002637.SZ,20251203,30.5941,1.3408,0.3923,506151.476,476370.1094
601005.SH,20251203,,0.7822,0.4987,1283505.7462,1205477.3022
920171.BJ,20251203,,9.4296,9.8959,198261.3388,133241.2606
688443.SH,20251203,,5.6012,44.4747,1001403.08,318653.08
301390.SZ,20251203,87.9313,2.2774,3.3253,217080.0,110985.4786
300029.SZ,20251203,,,13.3866,120103.3935,120015.7898
002910.SZ,20251203,,2.1046,2.5243,219590.6867,192102.5699
603357.SH,20251203,10.617,1.2287,1.5074,467521.9761,463372.8678
688233.SH,20251203,124.2046,5.6764,26.0413,1053681.5886,1053681.5886
600563.SH,20251203,19.8163,3.987,4.3265,2283075.0,2283075.0
688016.SH,20251203,30.0506,2.9881,9.0717,1135367.3597,1135367.3597
603630.SH,20251203,,2.4108,5.4432,460543.3661,460543.3661
300709.SZ,20251203,47.967,3.5693,2.8745,819295.6264,657293.3176
600981.SH,20251203,49.3793,1.6051,0.1422,814003.2487,814003.2487
000936.SZ,20251203,20.0165,1.1882,1.9146,636157.2529,636067.108
605287.SH,20251203,,2.4098,1.1976,374220.0,374220.0
002593.SZ,20251203,49.7186,2.0358,1.3994,492764.9718,342574.5093
688589.SH,20251203,57.1077,3.3646,7.3055,321902.2067,321902.2067
000032.SZ,20251203,142.7523,3.6737,0.4325,2248607.4464,2152582.7977
600518.SH,20251203,1662.0836,3.8484,5.243,2765779.338,2764470.4376
603036.SH,20251203,39.7679,3.338,10.5962,457951.3936,457951.3936
920018.BJ,20251203,33.2508,3.8892,1.3748,348373.6871,120996.3168
600178.SH,20251203,1364.7659,2.1713,1.0242,552307.7746,552307.7746
002474.SZ,20251203,,5.0821,14.2317,694375.2,592334.7946
300238.SZ,20251203,148.5126,6.8268,9.9426,390574.3476,390542.5028
002162.SZ,20251203,,5.8226,4.4015,478244.5018,477616.9429
920693.BJ,20251203,281.7492,7.86,9.9312,277423.2,139703.76
002554.SZ,20251203,,1.977,1.7967,468135.7453,468048.1543
300726.SZ,20251203,48.6918,3.3409,9.288,1679071.0481,874265.4506
603124.SH,20251203,50.7355,5.8175,1.059,1045430.3124,209635.7668
301382.SZ,20251203,58.2448,5.5501,5.1544,1028138.0508,634646.8008
301515.SZ,20251203,,1.8037,3.6249,219700.0,138502.2854
300279.SZ,20251203,54.3491,3.4026,1.9207,352640.7323,333584.6771
301529.SZ,20251203,39.3887,4.4226,3.6145,599799.0747,319836.2657
300619.SZ,20251203,,5.2723,5.1904,831718.3652,695318.1447
300562.SZ,20251203,40.0546,3.0199,3.1123,306491.1751,227354.6865
300958.SZ,20251203,,1.6574,3.4501,206422.0745,119912.0954
603888.SH,20251203,46.6127,3.567,5.8661,1312365.7368,1312365.7368
300802.SZ,20251203,62.4081,3.8886,7.0555,543725.7801,372687.9533
000401.SZ,20251203,,0.4479,0.4811,1217463.2147,1205160.1439
600191.SH,20251203,144.9569,3.3656,11.0257,569795.1,569795.1
300355.SZ,20251203,111.1664,1.5445,2.5597,664156.2215,537566.1486
920299.BJ,20251203,66.0651,6.3139,14.2849,177064.7273,86587.3124
300476.SZ,20251203,64.2086,15.3827,13.6071,23337546.4788,22931395.4911
300416.SZ,20251203,32.9054,2.9633,3.6687,789266.1949,783982.6251
600250.SH,20251203,127.1684,5.1943,4.4593,324570.6036,324570.6036
605358.SH,20251203,,2.79,5.6581,1955039.2127,1955039.2127
603682.SH,20251203,47.6582,3.1588,3.1177,300037.5,300037.5
605289.SH,20251203,,5.6386,7.4346,721847.665,717410.925
002204.SZ,20251203,22.0983,1.6905,0.867,1309468.8817,1309468.8817
300366.SZ,20251203,,2.4543,2.7481,402215.4113,351192.6484
601390.SH,20251203,5.4533,0.3648,0.1216,13528084.5247,11220222.1517
603225.SH,20251203,22.101,1.5437,0.3895,2704561.7107,2688687.7813
300551.SZ,20251203,,9.859,22.6933,431539.7427,430283.4568
000890.SZ,20251203,,,7.5944,187937.7777,187931.9886
920433.BJ,20251203,,3.7723,10.493,159182.0416,105314.7983
003015.SZ,20251203,51.4535,4.1575,7.0767,453079.4672,398811.5275
301082.SZ,20251203,,3.7094,1.623,383820.3591,354856.6427
603307.SH,20251203,23.3294,2.0124,3.2212,281498.395,70295.0
920729.BJ,20251203,58.014,3.6296,9.6762,240548.0,67606.0361
688028.SH,20251203,105.7418,5.0716,13.7533,994753.91,994753.91
002319.SZ,20251203,,14.932,6.8192,271266.9005,259000.0
603032.SH,20251203,,3.8702,8.0422,439941.6571,436453.1674
600549.SH,20251203,26.4958,3.3271,1.3676,5583539.35,5465178.7737
600917.SH,20251203,34.6736,1.5683,0.8622,894475.7825,894475.7825
000683.SZ,20251203,25.0557,1.8419,2.3186,2677492.1232,2392884.0166
600874.SH,20251203,11.3316,0.933,1.9288,942250.851,738250.851
688372.SH,20251203,52.6432,4.9869,9.966,1414220.9363,1414220.9363
300825.SZ,20251203,,2.3446,4.5371,494554.1976,481019.3286
600067.SH,20251203,,1.0316,0.5485,580325.8642,580325.8642
002039.SZ,20251203,17.7466,1.8208,3.0004,790982.5331,790980.3131
920273.BJ,20251203,40.3259,5.3982,4.6812,350840.5838,230262.1678
301186.SZ,20251203,28.6844,2.3827,4.8859,373770.1109,350983.7438
688721.SH,20251203,81.6159,4.8751,24.2208,588067.5,156776.9454
920579.BJ,20251203,527.5771,5.9107,6.973,307515.0,105864.2475
300409.SZ,20251203,38.964,2.063,2.1679,1656803.2825,1456103.0618
000930.SZ,20251203,114.2752,1.015,0.595,1082305.9169,1082250.9306
002346.SZ,20251203,13.0627,2.5947,8.859,748470.3301,666685.9225
600351.SH,20251203,21.3019,1.7302,2.0883,474712.0316,474712.0316
300723.SZ,20251203,,12.1719,20.803,2131086.47,1970553.8024
002178.SZ,20251203,,11.644,11.3177,507765.0897,507501.3917
003035.SZ,20251203,134.4547,2.5484,5.0687,1776515.1511,1776515.1511
600803.SH,20251203,15.4019,2.9427,0.5129,6819786.9106,6763518.2864
605055.SH,20251203,,3.628,2.464,378840.0,378840.0
920130.BJ,20251203,,4.08,6.0689,208469.7134,126460.0086
002191.SZ,20251203,,0.9124,2.3788,609747.1103,605016.1786
600582.SH,20251203,8.7643,0.9573,0.8417,2441767.4463,2441767.4463
300845.SZ,20251203,47.1485,2.921,6.0311,233349.9806,163895.7057
603565.SH,20251203,10.377,2.2448,2.0702,2217666.6368,2217666.6368
002076.SZ,20251203,,7.3207,9.7517,230697.8941,216793.0403
688409.SH,20251203,395.9957,4.3355,5.7771,1995881.8054,1995881.8054
688503.SH,20251203,54.1873,2.6377,0.9611,1278421.7023,954271.6373
002270.SZ,20251203,31.2888,7.3276,8.9993,2194856.0805,2194809.1822
920124.BJ,20251203,25.6785,2.7269,2.5855,283634.4317,145945.397
301112.SZ,20251203,,3.3524,7.6941,405781.088,405781.088
301109.SZ,20251203,15.7395,1.5126,4.0732,1156032.7335,326680.2797
002908.SZ,20251203,267.4366,3.8313,7.0382,423666.3104,316041.6086
300195.SZ,20251203,217.2061,1.2882,2.1126,344898.1134,255524.7595
603165.SH,20251203,16.0902,1.8906,1.5372,335452.5706,335452.5706
300085.SZ,20251203,,53.0079,34.819,2654848.49,2449612.315
688112.SH,20251203,42.5849,3.5679,9.7746,561302.2375,561302.2375
300806.SZ,20251203,258.8967,5.2933,4.1086,1200793.0324,837640.7456
605399.SH,20251203,,2.2617,4.4904,485223.0237,484160.0877
600388.SH,20251203,20.6853,1.8742,1.7755,1992702.6337,1992702.6337
300364.SZ,20251203,,38.3538,13.312,1813236.7937,1643763.9074
301626.SZ,20251203,103.0444,12.2726,18.0616,1933012.8,879263.4566
000592.SZ,20251203,,11.3508,15.4525,2177117.0653,2158309.19
600061.SH,20251203,13.5378,0.8348,24.7674,4693183.6739,4693183.6739
688252.SH,20251203,31.9911,3.7761,3.8409,889621.4167,396588.3799
002467.SZ,20251203,105.3997,4.309,10.6797,841727.5863,836532.9817
300164.SZ,20251203,55.3845,2.4239,2.9694,353075.1774,349926.4668
601236.SH,20251203,40.6229,1.6222,18.3702,3966818.491,3966818.491
000929.SZ,20251203,,3.3391,6.1906,156043.44,156033.5473
300487.SZ,20251203,32.3082,6.9509,10.487,2722102.8882,1644133.5075
605011.SH,20251203,44.5708,3.5089,2.5785,838209.5,838209.5
301291.SZ,20251203,18.2903,2.5857,1.6812,1270029.6,657539.1329
600345.SH,20251203,64.5929,2.5231,9.9137,888304.6957,570152.3054
000931.SZ,20251203,76.6966,2.4095,1.5882,394638.5386,393539.4748
688234.SH,20251203,1115.9326,5.5979,25.9021,4141550.077,3672310.582
301255.SZ,20251203,102.6119,4.0481,9.831,425429.76,106357.44
002766.SZ,20251203,276.7942,3.8874,4.5137,447227.5372,442924.6977
002115.SZ,20251203,,4.1677,0.8931,864516.7599,801840.4371
300904.SZ,20251203,,7.2732,7.3041,479321.7623,145572.9623
688700.SH,20251203,116.2619,5.5836,10.8128,1002628.5696,1002628.5696
002408.SZ,20251203,,1.2074,0.5487,1375936.5865,1331526.6907
301488.SZ,20251203,125.3746,8.8774,6.891,1186340.0,301900.1643
603208.SH,20251203,,2.1934,1.302,263987.2843,263987.2843
688122.SH,20251203,49.631,6.0774,7.8318,4202679.6311,4202679.6311
920227.BJ,20251203,58.0497,5.8379,15.3408,234895.128,106116.1504
688681.SH,20251203,36.223,3.0185,3.7199,182335.14,182335.14
002935.SZ,20251203,121.7277,4.8832,8.3693,772714.7696,756295.5888
600496.SH,20251203,13.7041,0.9332,0.4084,857743.6806,857743.6806
300966.SZ,20251203,,3.1122,3.8508,241168.0131,159762.3309
920685.BJ,20251203,30.75,2.3,7.2078,125102.2913,74882.3189
300504.SZ,20251203,,1.8406,2.9996,390275.3952,314282.2046
002223.SZ,20251203,20.7564,2.753,4.4686,3611924.3752,3387389.8649
002036.SZ,20251203,,5.1981,1.2443,1114472.4994,1112370.7626
688207.SH,20251203,,2.1249,26.9785,406846.8139,406846.8139
002401.SZ,20251203,,3.6389,3.4008,594669.504,594182.304
688137.SH,20251203,,1.3674,19.3097,284491.2297,132466.2297
600644.SH,20251203,218.9569,2.7792,1.796,587573.9511,587573.9511
301160.SZ,20251203,31.5768,4.2778,4.5753,693464.1792,448373.7324
600160.SH,20251203,23.108,4.4669,3.387,9127841.4999,9127841.4999
002843.SZ,20251203,110.4178,3.2995,2.9957,466973.1775,465220.2025
603803.SH,20251203,,2.9975,3.9292,470770.9812,470770.9812
600617.SH,20251203,,1.6011,0.4263,669429.5463,616113.3131
001395.SZ,20251203,23.2872,3.407,4.981,391794.84,88415.9293
600382.SH,20251203,22.6468,1.7277,5.8837,490946.5189,490946.5189
603725.SH,20251203,23.8993,3.4157,0.8897,282603.0694,265731.6694
300689.SZ,20251203,225.1764,7.6898,12.6091,531066.4,464830.9074
002046.SZ,20251203,62.5235,4.0651,5.5891,1759491.4856,1734949.5302
000598.SZ,20251203,10.025,1.0983,2.28,2139534.253,2136106.276
301127.SZ,20251203,35.8306,3.139,5.2901,1016490.1029,1003220.9938
601298.SH,20251203,10.2979,1.2449,2.9412,5647257.0,4691105.25
601117.SH,20251203,7.6504,0.7102,0.2481,4653440.5498,4639107.3298
688209.SH,20251203,67.7064,4.8345,6.4319,1013319.5385,1005603.9781
000722.SZ,20251203,81.6021,1.8259,15.4295,574627.9531,574627.9531
300710.SZ,20251203,,5.5369,8.995,255988.5419,191894.3734
600734.SH,20251203,,43.1667,35.2742,1339656.4102,1339379.6602
301618.SZ,20251203,100.5323,5.1307,8.8507,479677.7276,176281.4663
603607.SH,20251203,42.2056,4.5099,4.9104,455753.3904,455753.3904
300144.SZ,20251203,26.5913,2.524,9.4475,2112867.6737,1898849.8939
000402.SZ,20251203,,0.3555,0.612,836900.374,836826.8082
605162.SH,20251203,24.4994,2.8655,4.8494,364525.6005,364525.6005
301322.SZ,20251203,45.0156,1.3871,4.9861,389954.5433,251148.0768
603392.SH,20251203,,4.887,32.9022,5908123.3546,5908123.3546
600362.SH,20251203,17.514,1.7452,0.2692,14013665.902,8398526.248
603041.SH,20251203,71.837,1.5134,3.6601,227469.4335,227469.4335
002835.SZ,20251203,21.8359,3.0305,3.3874,372920.1888,216262.6501
920770.BJ,20251203,55.2529,3.8775,13.8415,241134.9203,151749.2114
688080.SH,20251203,24.0153,3.1883,4.7536,357968.8015,357968.8015
688077.SH,20251203,74.8978,3.2156,2.2783,349159.4372,349159.4372
688178.SH,20251203,,2.1394,3.6908,213089.5949,213089.5949
688396.SH,20251203,89.7186,3.0953,6.6031,7075731.6913,7075731.6913
002531.SZ,20251203,,1.404,2.5115,1261408.8179,1254380.019
603533.SH,20251203,,3.9603,2.9232,915538.7978,915538.7978
300298.SZ,20251203,34.9928,3.0876,2.0928,986630.7259,794740.5292
600452.SH,20251203,36.1899,2.5805,4.7294,1412081.78,1412081.78
688516.SH,20251203,24.8598,3.4026,1.7793,1236298.2249,1234063.9282
920821.BJ,20251203,190.4713,7.2404,9.1009,380495.2223,200345.8325
600206.SH,20251203,59.8884,3.9374,1.8214,1667710.064,1667710.064
000559.SZ,20251203,42.7355,4.5817,3.1007,4306650.6188,4305592.934
002981.SZ,20251203,33.436,4.0436,2.2987,455216.5268,395379.4726
301053.SZ,20251203,101.4431,4.1341,4.1977,281119.0264,258677.2719
603093.SH,20251203,25.5338,2.6209,5.257,1151804.406,1151804.406
000528.SZ,20251203,17.1438,1.3765,0.7613,2509861.8888,2507983.0721
300133.SZ,20251203,55.161,1.9247,6.658,1389767.442,1186600.4711
300956.SZ,20251203,269.6413,2.725,1.6891,374197.8454,365555.8119
600348.SH,20251203,19.5944,0.8928,1.2803,2997832.5,2997832.5
002471.SZ,20251203,,3.3578,1.0824,585829.28,572611.4686
300193.SZ,20251203,18.4203,1.8828,3.5265,433863.5724,382306.3172
300783.SZ,20251203,41.9177,3.2041,0.8494,952359.3329,664510.4489
300700.SZ,20251203,,5.3011,11.2051,461347.4923,314449.2255
600873.SH,20251203,7.5718,1.7714,1.1603,2854717.9997,2854717.9997
002932.SZ,20251203,603.5189,0.7702,12.1936,428303.6028,287508.8666
002597.SZ,20251203,21.3682,1.5207,2.3957,1150847.753,1147808.1065
920751.BJ,20251203,35.0297,4.1864,7.4123,164882.0,157694.5375
601869.SH,20251203,109.8832,5.3201,4.5667,6292128.2066,3373420.6828
920091.BJ,20251203,57.5147,6.739,10.4016,317037.5016,70101.8622
600777.SH,20251203,15.8664,1.1564,3.5835,2720198.33,2546460.9564
600759.SH,20251203,26.8882,1.2696,5.1559,1116083.4963,1114651.4748
603059.SH,20251203,,2.8523,2.0341,300140.7156,300140.7156
600096.SH,20251203,9.9172,2.3085,1.0668,5591112.572,5591112.572
601811.SH,20251203,10.557,1.1668,1.4602,1721208.195,1104705.9405
600355.SH,20251203,,13.5425,5.337,142705.868,142705.868
300534.SZ,20251203,116.5098,4.7388,3.7154,327005.91,325611.5041
300525.SZ,20251203,37.6398,4.1075,5.0542,1034530.544,848521.1138
300763.SZ,20251203,31.2081,3.0427,3.9335,2770474.2474,2237381.8617
000088.SZ,20251203,16.448,1.3176,29.2429,2329368.539,1416976.7217
300548.SZ,20251203,121.7125,18.5044,15.0081,3463214.8705,3198201.6305
001336.SZ,20251203,86.0687,2.8791,6.3258,227376.6315,131783.7596
002072.SZ,20251203,,86.1477,5.1412,261052.8,210612.412
000155.SZ,20251203,48.7527,2.1667,7.5439,2167401.6335,2167401.6335
600327.SH,20251203,,1.4655,1.3173,464509.247,464509.247
600859.SH,20251203,,0.8373,1.5519,1642063.8105,1641912.8015
601718.SH,20251203,,1.2362,2.1294,1523895.4032,1523895.4032
002311.SZ,20251203,18.146,3.6068,0.7243,9114022.3357,9107291.6978
688001.SH,20251203,,3.4701,5.6595,1202520.1761,1202520.1761
600266.SH,20251203,,0.4338,0.2989,985978.1658,985978.1658
300293.SZ,20251203,,7.9997,5.946,747609.7762,619262.0407
002970.SZ,20251203,25.4955,4.5564,3.4342,876452.1796,598301.3718
600183.SH,20251203,50.0766,9.0586,5.3583,14069458.5802,13868952.9428
688216.SH,20251203,,4.0777,3.3862,237593.8065,236273.3445
600470.SH,20251203,,1.9973,0.5047,324956.8,324956.8
301368.SZ,20251203,3324.3797,6.8863,13.221,668116.3,356707.5707
600847.SH,20251203,,3.5575,3.2916,183025.1556,183025.1556
300414.SZ,20251203,180.1673,3.8834,8.3487,386007.0477,371217.8387
000415.SZ,20251203,,0.8036,0.4325,2319195.4808,2022358.3999
000429.SZ,20251203,15.1417,2.4444,5.9844,2651142.1678,1652622.3208
601952.SH,20251203,21.8928,1.8852,1.2313,1265004.0,1265004.0
300192.SZ,20251203,51.7017,7.159,8.7678,678693.5444,669402.9456
300693.SZ,20251203,27.3091,6.0413,3.7627,1187998.5358,1021103.789
301292.SZ,20251203,,5.802,3.3305,1570710.2349,599733.9614
688110.SH,20251203,,16.6341,67.5058,5174322.1686,5174322.1686
002005.SZ,20251203,,12.6267,6.8779,466145.0122,466030.18
002151.SZ,20251203,,3.2152,8.5397,1658592.8392,1352811.6234
300393.SZ,20251203,,2.4931,1.3535,737677.7214,647147.7189
300675.SZ,20251203,,4.6133,8.3654,246253.3893,246253.3893
002859.SZ,20251203,61.4878,4.2152,6.1731,1235497.113,1162885.2834
000557.SZ,20251203,21.9064,1.1476,5.4722,730645.7422,730416.0152
688500.SH,20251203,,6.779,9.8911,482953.0979,470248.2467
002255.SZ,20251203,21.3198,2.1959,3.6073,972130.8344,746427.5243
002059.SZ,20251203,,4.4606,19.4839,573038.1042,556404.0688
301006.SZ,20251203,27.1848,1.878,6.2703,239840.16,148240.2642
002793.SZ,20251203,,3.9461,2.302,573159.1321,572287.9263
688025.SH,20251203,56.2797,5.9501,6.9335,1312347.3834,1312347.3834
920252.BJ,20251203,306.2753,11.6226,8.0149,303435.3657,201691.5425
600035.SH,20251203,9.7324,0.736,1.2136,655317.1717,655317.1717
002830.SZ,20251203,61.6866,3.8229,3.7582,249745.82,125214.7325
601515.SH,20251203,,1.6706,6.5159,842370.4102,842370.4102
002696.SZ,20251203,47.8565,1.7945,0.6311,246263.5683,237820.22
002900.SZ,20251203,,2.4164,5.2594,459983.8777,254382.5344
002741.SZ,20251203,,5.311,3.6473,1021188.9928,936283.0793
301518.SZ,20251203,52.3558,3.5864,1.8552,527911.1163,201475.9272
688298.SH,20251203,,0.7971,6.0208,507024.0,507024.0
603505.SH,20251203,63.3262,8.7959,4.1688,1534362.2461,1534362.2461
600573.SH,20251203,37.9266,2.3072,5.0258,317500.0,317500.0
300249.SZ,20251203,,18.9855,4.197,634302.7114,537732.0389
000059.SZ,20251203,,0.8219,0.2051,828511.2342,828511.2342
600830.SH,20251203,63.8551,1.9361,10.83,432060.9324,432060.9324
688061.SH,20251203,,1.5597,5.9648,371322.5117,145508.2211
600868.SH,20251203,,3.5951,22.4678,696620.5652,696620.5652
605168.SH,20251203,74.1155,2.3828,1.7281,638143.0166,638143.0166
920971.BJ,20251203,125.9344,7.0223,11.1614,313267.334,255480.0528
002202.SZ,20251203,24.353,1.5738,0.9362,6460128.4323,5125932.7552
600052.SH,20251203,,1.5968,6.3677,429695.1232,429695.1232
601577.SH,20251203,4.7832,0.5615,1.4973,3921014.9102,3920166.5344
301035.SZ,20251203,20.3325,2.779,1.4073,2029693.371,2026612.3712
600125.SH,20251203,15.5157,1.0839,0.7225,829006.39,829006.39
002535.SZ,20251203,119.556,4.4013,2.0386,311854.7158,290325.6707
002242.SZ,20251203,55.0565,2.3484,0.9866,814139.139,812739.9819
603217.SH,20251203,27.6086,1.6649,2.5941,559339.4688,559339.4688
600308.SH,20251203,,0.6474,0.4608,594613.109,594613.109
605188.SH,20251203,1839.3545,9.3108,3.9604,1098658.0395,1098658.0395
920005.BJ,20251203,47.4414,5.354,7.7199,342790.0,78470.0
000656.SZ,20251203,,,1.374,1605746.3264,1149132.6132
002931.SZ,20251203,183.0392,4.8014,8.9289,456240.2273,418876.9623
600391.SH,20251203,191.9261,4.8952,1.9906,859326.7423,859326.7423
300065.SZ,20251203,332.7949,7.1721,17.7274,1258703.8967,1145764.0277
600698.SH,20251203,2313.4581,12.5363,19.5956,966048.5097,750632.125
002836.SZ,20251203,61.2482,9.2425,8.1373,349056.0,349056.0
300673.SZ,20251203,31.4486,2.4032,3.1112,443415.6659,288658.6225
603009.SH,20251203,131.384,7.904,5.9563,1357151.4075,1356681.5607
600662.SH,20251203,10.9639,2.4037,0.4859,1212515.8661,1208806.1605
002562.SZ,20251203,67.2897,2.0063,2.0695,738262.9584,453187.5938
300459.SZ,20251203,,7.8878,17.0108,1652431.1413,1544980.9234
002180.SZ,20251203,,2.8107,1.2531,2697304.3169,2589586.7345
603338.SH,20251203,17.0438,2.7035,3.6028,3004668.314,3004668.314
605111.SH,20251203,32.4651,3.3279,7.6334,1418360.7163,1418360.7163
301029.SZ,20251203,32.8562,3.8123,5.7013,1621656.3346,1181029.1263
688611.SH,20251203,179.4226,8.5046,17.7649,739337.872,739337.872
003022.SZ,20251203,87.3516,3.4155,4.2938,2520216.816,2518072.8538
603257.SH,20251203,41.3033,2.8061,2.9657,685800.0,142303.5
000558.SZ,20251203,,7.1791,14.8924,752906.7862,752591.8111
300334.SZ,20251203,99.435,3.974,10.0701,241350.2194,241321.779
688518.SH,20251203,44.4793,2.4846,2.4885,795628.7964,795628.7964
301016.SZ,20251203,64.7638,4.2683,11.233,426316.8,404357.1084
600661.SH,20251203,,22.6811,2.2677,305174.504,305174.504
603466.SH,20251203,165.7449,2.7047,3.2579,569804.8453,569804.8453
300294.SZ,20251203,36.534,1.5586,6.0883,1195573.7578,1195573.7578
002595.SZ,20251203,23.4008,4.8966,5.298,5576000.0,5538113.5962
688285.SH,20251203,57.9501,2.0039,2.8049,335650.6024,335650.6024
600973.SH,20251203,,2.0139,0.1482,719967.2802,719967.2802
600645.SH,20251203,174.105,3.5066,8.8409,1301365.8631,1300868.8289
600180.SH,20251203,310.8044,0.6337,0.1998,498762.006,498762.006
689009.SH,20251203,22.2827,6.1928,1.9545,4237407.5097,3266007.5455
002469.SZ,20251203,19.959,2.0556,1.9243,539204.8455,522611.671
600999.SH,20251203,11.6502,1.0477,5.6751,14105766.4793,12038492.5512
002936.SZ,20251203,9.5647,0.3995,1.3812,1827510.363,1412888.6747
300430.SZ,20251203,76.7433,2.2249,6.3953,508959.2277,484368.2456
301062.SZ,20251203,,2.3506,2.8598,342363.5321,246794.5498
300463.SZ,20251203,,1.0925,3.1287,691133.9512,562127.5829
601177.SH,20251203,26.5932,2.4672,2.8823,688661.8,675301.28
600671.SH,20251203,62.1198,30.9235,8.1862,205928.0945,205829.4213
603985.SH,20251203,,1.9068,1.6217,614115.1982,614115.1982
000403.SZ,20251203,25.128,1.7526,5.9037,1406588.1313,1392250.9954
300620.SZ,20251203,276.7755,16.8589,27.8204,3500737.4767,3471615.8666
601880.SH,20251203,25.6375,0.9513,3.3286,3842198.0557,3001327.3479
920670.BJ,20251203,359.2912,6.6976,15.9761,162565.2544,102038.7326
300836.SZ,20251203,78.396,8.242,7.7238,469916.0427,320473.8736
300348.SZ,20251203,3321.9635,5.0393,5.9577,1066515.233,932551.2057
605580.SH,20251203,98.8035,12.4467,13.1868,1200920.0,1200920.0
688084.SH,20251203,,3.6567,18.6372,573420.0612,267732.8058
603235.SH,20251203,18.9715,2.4463,5.259,1170623.72,393252.3448
603987.SH,20251203,15.6748,1.4326,1.6781,382192.02,382192.02
688708.SH,20251203,52.8468,7.1228,23.8461,2354858.87,226117.3152
603379.SH,20251203,17.9098,4.3667,5.9663,3239201.7703,3239201.7703
000762.SZ,20251203,,4.5476,56.1404,1335380.5314,1335332.7846
002724.SZ,20251203,,2.0589,3.2088,558564.5477,411078.1963
300163.SZ,20251203,22.217,3.5133,8.4615,206190.0,197398.6313
300205.SZ,20251203,,2.0482,10.0857,201266.208,201266.208
002828.SZ,20251203,264.9183,3.4265,2.181,238371.2936,229564.5024
002362.SZ,20251203,,5.204,2.8371,547578.407,465010.4077
001216.SZ,20251203,18.7949,2.3441,2.8443,423891.6561,413266.0339
600703.SH,20251203,692.1638,1.846,3.6117,6525636.4949,6525636.4949
002441.SZ,20251203,24.0725,1.1061,0.4555,506425.5564,371144.148
002607.SZ,20251203,142.867,18.8113,7.0328,1535682.4479,1265915.3471
600598.SH,20251203,24.1061,3.2244,5.1945,2643410.0247,2643410.0247
600281.SH,20251203,,25.8317,7.2707,337447.7284,337447.7284
600008.SH,20251203,13.0429,0.6998,1.1364,2231539.5658,2231539.5658
000819.SZ,20251203,,2.9715,1.7809,630374.6872,623598.114
002661.SZ,20251203,28.5795,1.4082,0.7648,327807.5381,309538.6679
300107.SZ,20251203,335.7884,2.5998,7.8142,391133.6763,241364.8938
000001.SZ,20251203,5.1983,0.5055,1.6507,22413835.5187,22413468.7542
002130.SZ,20251203,33.0534,5.4306,4.0944,3352590.0735,3045545.7694
603789.SH,20251203,,8.8889,4.0714,153616.3952,147680.0
002078.SZ,20251203,13.6608,1.4235,1.1095,4292405.9428,4266079.0088
002361.SZ,20251203,180.8263,2.84,2.499,628634.1145,534830.2924
600696.SH,20251203,,5.1675,16.736,148504.4274,148504.4274
688403.SH,20251203,67.4498,3.5885,7.1567,1235465.5075,1235465.5075
601939.SH,20251203,7.3244,0.7193,3.2716,246950760.0973,9056412.7801
603727.SH,20251203,148.6273,1.3772,1.9846,437510.0372,437510.0372
002066.SZ,20251203,230.4302,5.9113,1.0855,417664.646,410718.0
688313.SH,20251203,112.4229,25.0146,19.3762,3692441.1357,3692441.1357
688336.SH,20251203,45.7421,6.7729,29.0576,3981352.2938,3981352.2938
301658.SZ,20251203,76.7739,3.7751,4.9468,1192577.3224,119257.7337
300420.SZ,20251203,,1.9847,4.6959,468881.0956,468844.6816
300639.SZ,20251203,,0.9864,5.4814,378849.395,372206.3214
688382.SH,20251203,,9.3728,86.4667,1560962.5772,1127192.2632
301258.SZ,20251203,39.3551,1.5638,6.8007,298935.87,290440.965
688100.SH,20251203,25.0388,5.1126,5.8604,1708605.9831,1708605.9831
600596.SH,20251203,,1.2021,1.0287,1495353.5303,1495353.5303
300961.SZ,20251203,,3.7927,8.5544,278152.32,239380.3421
603296.SH,20251203,22.5963,3.6117,0.5519,8982121.118,5050931.1218
600519.SH,20251203,19.8786,6.9616,10.0216,178961936.4257,178961936.4257
300296.SZ,20251203,,2.1743,2.5114,1754649.2626,1471397.8568
601567.SH,20251203,16.1713,2.7156,2.0912,3188420.1286,3188420.1286
605336.SH,20251203,145.9015,1.4961,9.1387,279703.9863,279703.9863
002445.SZ,20251203,57.5605,2.6438,5.0687,598905.0978,596328.0052
002397.SZ,20251203,103.7006,2.6395,1.9715,319302.6762,276637.1141
688496.SH,20251203,,3.2201,4.6515,315450.0,166799.8656
300083.SZ,20251203,38.8881,2.7484,2.8934,1491716.8797,1337759.5517
300854.SZ,20251203,,1.8106,2.8496,173419.1438,140963.7364
600560.SH,20251203,71.931,3.8469,5.5813,371251.53,371251.53
301180.SZ,20251203,,5.1684,5.1037,681217.03,279527.0174
000903.SZ,20251203,,4.1042,1.2275,545626.1236,541513.7847
301235.SZ,20251203,30.1838,1.7981,1.5875,326984.9173,220698.6121
002547.SZ,20251203,,,2.4375,533571.0405,522573.7895
601965.SH,20251203,18.5515,2.2378,3.5885,1677107.7711,1668939.8671
603729.SH,20251203,,5.2055,3.8221,159047.952,159047.952
000995.SZ,20251203,,14.7978,14.9452,218211.84,218211.84
002357.SZ,20251203,17.8767,1.952,4.0777,336060.2466,336048.1866
603701.SH,20251203,113.0771,5.9844,5.496,480383.174,480383.174
300864.SZ,20251203,20.5132,2.3988,3.9602,316926.7408,316926.7408
600403.SH,20251203,,4.7984,5.2768,2199547.4098,2199547.4098
601966.SH,20251203,18.0776,0.945,0.8997,2183546.003,2183546.003
603444.SH,20251203,20.7172,6.284,5.8003,3110806.7823,3110806.7823
000035.SZ,20251203,56.9298,1.2733,2.4506,1308641.9574,1267538.1099
600197.SH,20251203,36.8639,1.7572,3.6306,670961.7487,670961.7487
920374.BJ,20251203,223.438,7.818,9.6704,198822.402,83202.9509
002706.SZ,20251203,36.5608,2.7459,2.4189,1117509.3949,910414.6421
000488.SZ,20251203,,1.9046,0.9738,608881.4334,348047.186
603608.SH,20251203,,2.8816,2.9253,304713.8262,304713.8262
002064.SZ,20251203,27.9261,1.7432,1.887,4654866.1754,4641763.8865
002045.SZ,20251203,298.0495,1.8834,0.9826,833600.0016,832636.3311
603223.SH,20251203,32.3057,1.9231,5.6749,750610.5853,750610.5853
920976.BJ,20251203,32.1277,6.4716,6.6298,179583.0554,111666.7076
600267.SH,20251203,23.5034,1.5101,1.2371,1285165.2661,1284458.5501
001914.SZ,20251203,13.2241,1.1058,0.6327,1199251.3939,1199247.6616
920247.BJ,20251203,123.9709,8.6187,9.227,397483.9308,288215.3162
603171.SH,20251203,202.147,8.5748,10.3679,2164599.815,2162176.03
000735.SZ,20251203,,2.6408,4.5161,1114665.1435,1114068.7965
603303.SH,20251203,22.3131,2.0505,1.4429,638628.7859,638628.7859
002099.SZ,20251203,,1.9443,5.3506,995509.8806,993654.1857
920726.BJ,20251203,138.7725,5.1713,10.1705,225809.07,124192.1123
300997.SZ,20251203,136.4716,9.9596,6.5003,1011876.1477,892834.7831
600548.SH,20251203,19.627,0.8898,2.5821,2436341.8819,1645848.9437
920080.BJ,20251203,32.2226,3.1778,5.6515,222108.0,60639.2331
600381.SH,20251203,,2.7822,10.0606,286485.6416,286485.6416
600602.SH,20251203,131.3062,5.1661,4.0106,2490533.3616,1956305.7448
002707.SZ,20251203,140.9354,7.5174,0.9992,696744.9584,585071.9225
000603.SZ,20251203,37.2079,5.8066,8.4213,1910525.1191,1846137.5981
301002.SZ,20251203,,4.5696,3.909,361876.2963,217330.6387
000042.SZ,20251203,,1.678,2.2052,553139.5076,552557.1601
601069.SH,20251203,52.2217,5.2422,1.9312,2386817.7023,2324433.7207
002205.SZ,20251203,,7.2305,3.5083,260180.5192,260180.5192
301066.SZ,20251203,135.4935,2.9866,5.3272,370708.6692,297905.3227
301238.SZ,20251203,289.8047,2.1186,7.7568,1534133.2636,1534133.2636
600980.SH,20251203,38.3011,2.9357,3.2461,425085.8794,421787.1567
600252.SH,20251203,,1.6584,4.196,961763.7394,958433.0841
002136.SZ,20251203,,2.4004,1.503,270925.2,270214.2576
300199.SZ,20251203,,24.9128,18.0071,1617214.8862,1365372.7542
603080.SH,20251203,17.6971,2.1335,2.0795,325025.5,325025.5
002827.SZ,20251203,59.195,9.718,5.4302,966890.54,963240.0
600269.SH,20251203,7.2369,0.6388,2.1817,1270461.4156,1270461.4156
300875.SZ,20251203,,4.61,28.8213,435179.6796,382683.8852
300557.SZ,20251203,72.2048,3.4113,4.8362,340122.2087,335672.6781
300691.SZ,20251203,,2.9846,2.4186,480790.1448,394459.0204
300563.SZ,20251203,107.1555,6.4507,8.1981,701752.7872,485449.2573
301357.SZ,20251203,1376.8438,13.0713,81.4507,1487024.0,371756.0
002725.SZ,20251203,53.9259,3.8394,5.7858,395520.0,327561.3349
000010.SZ,20251203,96.2538,13.3108,4.7595,434568.5664,313888.0588
603218.SH,20251203,23.9852,1.2942,2.0782,1323054.465,1319998.545
301312.SZ,20251203,68.3142,4.7167,9.0151,581061.0345,290350.5082
600036.SH,20251203,7.2809,0.9953,3.2264,108470555.9299,88725089.9891
603790.SH,20251203,64.351,2.9258,4.4151,368750.72,368750.72
600853.SH,20251203,10.1575,1.1302,0.2471,442117.8413,440988.6449
002596.SZ,20251203,,10.9905,6.3264,734451.5315,733776.1715
603658.SH,20251203,18.8897,2.3709,4.9159,2073700.4831,2073700.4831
002912.SZ,20251203,51.1438,3.0077,6.9441,492278.016,467686.0577
002227.SZ,20251203,,3.3485,10.2996,319669.9593,317258.4281
300822.SZ,20251203,208.3451,4.621,6.8262,581326.5492,539240.481
601188.SH,20251203,30.1601,1.0428,5.4183,481718.3986,481718.3986
300983.SZ,20251203,,1.579,25.6127,447552.0,306351.5844
301122.SZ,20251203,870.1197,1.8935,9.9143,338620.4727,209524.6227
002010.SZ,20251203,28.7292,0.8924,0.6052,1583789.7103,1579795.8705
601611.SH,20251203,19.9391,1.5741,0.3151,3420701.8306,3420701.8306
600693.SH,20251203,186.8675,2.437,4.6629,861147.7835,860263.2542
002940.SZ,20251203,71.9078,4.9372,5.2821,777258.7007,713866.3744
000039.SZ,20251203,17.8495,0.919,0.2918,4837090.7853,2064362.2055
002508.SZ,20251203,12.7139,1.7072,1.7509,1948464.0448,1924983.7848
603020.SH,20251203,21.4052,1.1798,1.5781,390136.0539,390136.0539
300515.SZ,20251203,22.0101,4.6007,5.9432,396900.4305,389197.4995
688562.SH,20251203,,4.7847,7.3397,782000.0,338254.1
301338.SZ,20251203,47.6417,4.4951,6.6768,703836.0,391277.25
000911.SZ,20251203,64.4405,26.9791,1.1373,323858.7328,323858.7328
601555.SH,20251203,12.6748,1.0568,4.2401,4397302.0107,4397302.0107
002980.SZ,20251203,44.595,3.8605,5.3648,416682.552,223057.8768
600425.SH,20251203,26.8507,1.0728,1.783,701255.52,602531.2676
688750.SH,20251203,102.9187,3.4539,13.7652,846837.5,426473.4549
603655.SH,20251203,99.2175,7.3695,15.5739,408948.0,408948.0
603267.SH,20251203,43.7022,2.4868,6.2053,1087004.516,1087004.516
603008.SH,20251203,23.3595,2.1688,0.9046,809506.7721,809506.7721
920118.BJ,20251203,25.3733,2.0684,0.7302,116500.944,70732.6179
301359.SZ,20251203,56.8573,2.8375,7.1282,239390.592,136246.1945
603153.SH,20251203,23.6302,1.9888,1.5725,720535.8243,237330.0
002555.SZ,20251203,14.2791,3.4283,2.6901,4455446.6895,3220320.1281
300830.SZ,20251203,336.5738,3.4107,11.7016,465641.6102,347534.3999
002811.SZ,20251203,32.2226,3.1188,3.241,437933.3471,402586.3661
301499.SZ,20251203,84.5231,3.2997,4.4816,421953.851,105488.4643
002667.SZ,20251203,,8.6286,14.0565,398965.5865,362251.441
002523.SZ,20251203,48.0311,2.3071,2.8104,577989.4464,575909.4147
600272.SH,20251203,327.3649,5.5911,3.698,434163.6651,264480.0
600969.SH,20251203,,0.9129,0.8197,332305.3346,332305.3346
300439.SZ,20251203,42.4856,1.3535,2.719,400075.8864,304317.6651
600022.SH,20251203,,0.8562,0.2226,1615526.2827,1615526.2827
688146.SH,20251203,66.383,3.6921,9.7199,2093294.1188,573214.7093
688698.SH,20251203,68.6663,7.7953,9.7096,1779841.4936,1779841.4936
603363.SH,20251203,6.6501,3.6062,1.4746,1205171.3254,739856.3254
300007.SZ,20251203,189.9447,5.3422,6.5779,1552419.6797,1343101.7799
000595.SZ,20251203,613.8148,12.3294,11.3971,627399.6577,627399.6577
300856.SZ,20251203,59.8024,2.8217,4.9202,754915.469,724550.8631
603283.SH,20251203,23.5078,3.5744,3.3253,1128626.3253,1128626.3253
603381.SH,20251203,51.3769,1.3201,0.4106,472140.0887,282853.9951
002340.SZ,20251203,30.7702,1.8267,1.0524,3770159.3234,3748176.5841
688330.SH,20251203,24.826,1.4022,7.1881,543060.0,543060.0
002927.SZ,20251203,220.4326,3.6053,4.3352,373177.325,369073.6551
301392.SZ,20251203,561.2147,16.4515,30.3592,1193000.0,486695.2182
002014.SZ,20251203,14.9586,3.0087,1.9127,706203.1215,697008.199
300902.SZ,20251203,,5.3239,13.7374,437055.2991,291492.6303
001213.SZ,20251203,32.387,0.9617,1.5486,1835555.5554,1835555.5554
002851.SZ,20251203,159.794,6.0182,4.1902,3796633.1864,3160200.5256
300447.SZ,20251203,,2.4901,6.3793,497822.7378,320851.3425
600844.SH,20251203,,25.0277,4.0163,349684.3386,283019.3381
600033.SH,20251203,14.6861,0.9558,3.8892,1188325.2,1188325.2
688398.SH,20251203,81.3377,2.9596,3.0487,304750.4074,304750.4074
300498.SZ,20251203,14.1021,2.7731,1.0822,11391523.2654,10208154.7795
601168.SH,20251203,18.2629,3.2475,0.9302,5743030.0,5743030.0
301388.SZ,20251203,141.4401,3.2632,6.499,318714.4836,85106.3453
688133.SH,20251203,259.1536,1.3324,1.4273,371956.442,371956.442
002648.SZ,20251203,9.1436,1.7505,1.165,5608795.0739,5605193.3375
920576.BJ,20251203,77.9451,6.7507,6.4087,302663.1,297600.6228
603151.SH,20251203,27.4409,2.2883,0.6153,311712.586,311712.586
002785.SZ,20251203,,9.4508,6.4408,838719.4912,716125.0801
300209.SZ,20251203,56.0216,5.2382,24.9207,501463.508,264610.0116
600037.SH,20251203,,0.8236,4.8816,1043833.413,1043833.413
920262.BJ,20251203,45.8787,4.8855,2.8788,167256.3277,75468.6849
002247.SZ,20251203,64.4013,3.836,3.1944,255261.0147,193062.2016
688232.SH,20251203,74.6562,1.6253,4.2898,832645.3874,832645.3874
601689.SH,20251203,41.0313,4.8183,3.98,11214252.9977,11214252.9977
300705.SZ,20251203,16.894,3.0064,2.5954,792336.581,585749.4192
002624.SZ,20251203,,3.8482,3.942,2725655.6076,2567964.9226
000987.SZ,20251203,10.0612,1.1562,2.8266,3607318.2402,3605371.7001
002265.SZ,20251203,253.3266,7.402,7.1642,2702433.7047,1054501.8174
603901.SH,20251203,103.6159,2.6926,1.6334,659898.0987,645835.0844
001366.SZ,20251203,,2.7666,1.753,222059.76,76949.76
601608.SH,20251203,80.2891,3.2589,3.7374,3013346.1615,2994273.6979
000886.SZ,20251203,704.8433,2.5343,18.6255,767330.7608,758801.4328
601968.SH,20251203,34.4357,1.4418,0.7533,658302.2014,658302.2014
000801.SZ,20251203,93.9606,5.693,3.7796,1620021.6658,1620021.6658
601021.SH,20251203,27.1941,3.0687,2.6208,5450295.4995,5450295.4995
603656.SH,20251203,138.7222,3.2141,7.3158,424147.2031,424147.2031
000665.SZ,20251203,,1.6148,4.5745,648175.2122,648158.2746
688545.SH,20251203,62.1118,4.0965,8.7725,1193760.0,241681.8982
688295.SH,20251203,,4.7686,11.3209,2236500.0,2236500.0
688626.SH,20251203,108.6747,3.9417,10.3224,798880.0,798880.0
688775.SH,20251203,121.2145,20.0028,13.9122,11450555.0,870972.3028
002210.SZ,20251203,1093.3117,10.6397,54.6917,1013929.6869,1012033.7928
300381.SZ,20251203,521.4837,1.3088,4.0781,338832.4081,337645.1341
002748.SZ,20251203,64.0808,2.0116,1.3579,276240.0,276240.0
300918.SZ,20251203,48.0191,2.3332,5.2527,881686.1718,757257.6012
002395.SZ,20251203,8.0372,3.0583,1.7684,459710.226,459671.6284
300843.SZ,20251203,61.7118,4.5965,4.5276,727995.5258,698580.2039
300684.SZ,20251203,38.5322,5.9054,6.9943,1236973.091,843771.5222
603667.SH,20251203,184.74,5.6747,4.9025,1692589.2029,1692589.2029
688779.SH,20251203,,2.049,2.014,1373604.0818,1373604.0818
300267.SZ,20251203,,1.7767,6.1475,794102.875,547620.878
300553.SZ,20251203,106.5065,4.663,11.7041,396770.3691,304075.6877
601933.SH,20251203,,9.8354,0.6545,3630014.7972,3630014.7972
920942.BJ,20251203,66.6686,3.8393,10.6389,191953.823,128622.8334
601658.SH,20251203,7.7105,0.6635,1.9025,67253229.9555,37588541.312
002819.SZ,20251203,,1.9585,2.6081,787375.3428,617788.3478
688718.SH,20251203,71.9714,3.3977,6.8983,257677.7589,257677.7589
603306.SH,20251203,60.8365,4.977,6.2829,1543987.3284,1543987.3284
002424.SZ,20251203,3506.0639,2.3857,2.4701,778462.3088,675760.4832
603328.SH,20251203,24.5287,2.5494,2.7244,1073325.8068,1073325.8068
603989.SH,20251203,29.8742,1.7537,1.6987,660778.228,660778.228
603194.SH,20251203,16.5755,2.7505,2.0819,1450818.0,186164.6242
600884.SH,20251203,,1.3688,1.4862,3002966.1721,2449871.5109
688325.SH,20251203,91.5057,4.2986,16.2127,739158.8877,686480.0
002237.SZ,20251203,23.2793,1.4938,0.1568,1475354.6893,1170020.1853
300113.SZ,20251203,36.6729,5.2764,6.8293,1332953.8599,1010489.2239
601808.SH,20251203,17.5497,1.4893,1.3835,6847234.52,4248271.58
603488.SH,20251203,,2.6278,5.1679,237096.2373,237096.2373
603006.SH,20251203,45.3484,2.5719,3.9444,335361.3558,335361.3558
600797.SH,20251203,620.8511,3.0667,3.1447,1070682.4775,1070682.4775
300041.SZ,20251203,40.1121,2.1453,1.4613,620412.5522,603777.7751
300678.SZ,20251203,1134.5708,10.595,18.5811,896568.5363,881117.1449
688180.SH,20251203,,5.8402,14.6209,3630375.3839,2709969.7887
920242.BJ,20251203,18.5419,2.9067,2.3886,191217.9938,106378.8486
688251.SH,20251203,153.5881,3.3118,3.2452,277041.325,166439.02
603127.SH,20251203,92.0329,2.551,12.4184,2071555.3512,1742652.6018
002939.SZ,20251203,16.5404,1.2634,7.5406,3990048.2595,3563030.3751
603272.SH,20251203,95.6419,3.5835,8.6797,200000.11,200000.11
000815.SZ,20251203,,6.0082,18.0187,811371.9618,811371.9618
601128.SH,20251203,5.7715,0.8142,2.0886,2421058.3481,2421058.3481
001239.SZ,20251203,36.9501,2.8386,2.0085,391200.0,185820.0
000002.SZ,20251203,,0.3401,0.21,5977285.445,4867916.2141
300929.SZ,20251203,,1.8881,4.0531,151952.8994,145759.4594
301563.SZ,20251203,92.4635,8.8022,3.569,1056118.0097,226282.7845
600182.SH,20251203,38.475,4.7652,1.112,537200.0,268600.0
603187.SH,20251203,15.536,1.405,1.8846,593921.5565,587690.2265
301108.SZ,20251203,67.6181,1.8957,5.0584,356240.5376,204635.2842
688511.SH,20251203,434.7415,2.8374,18.3295,241339.9963,241339.9963
002211.SZ,20251203,,109.0124,3.2666,147906.7164,147906.7164
301366.SZ,20251203,334.9034,3.4653,7.1144,740920.0067,269759.2724
688799.SH,20251203,29.5888,3.1641,4.4096,630336.0,630336.0
002702.SZ,20251203,,5.1233,3.4908,535752.64,442228.975
300800.SZ,20251203,69.8219,1.4007,3.5106,281269.692,278445.222
920266.BJ,20251203,,1.3242,2.9442,117800.0067,112565.9342
688393.SH,20251203,,1.7776,5.8733,217919.171,217919.171
603168.SH,20251203,,1.9275,6.5348,310524.9992,309186.6242
920010.BJ,20251203,87.1807,4.3341,5.815,298518.5,221048.1475
002407.SZ,20251203,,4.607,4.7281,3810574.6534,3458843.194
002468.SZ,20251203,19.029,2.1148,0.4163,2175269.8779,2084891.1517
300168.SZ,20251203,,7.9583,4.8594,981068.0603,980083.3131
001233.SZ,20251203,18.902,2.4455,5.4482,1208826.671,230008.48
688238.SH,20251203,,3.0493,18.4654,451729.5432,446237.4072
688607.SH,20251203,541.3651,3.4141,8.9197,293117.1438,293117.1438
002716.SZ,20251203,90.5299,5.5083,1.6099,1854769.2404,1527429.2291
002287.SZ,20251203,23.336,2.9762,5.9818,1429151.2711,1426332.5079
688239.SH,20251203,52.8892,5.0235,5.179,989169.7298,989169.7298
688383.SH,20251203,,4.69,8.4643,641603.2752,641603.2752
688093.SH,20251203,24.4237,3.4638,9.1126,978255.5578,916320.6476
600508.SH,20251203,26.1611,0.7044,1.1434,902674.782,902674.782
603078.SH,20251203,75.8924,3.5698,5.8194,691833.2229,691833.2229
603580.SH,20251203,,5.0937,9.3076,214434.7212,214434.7212
600516.SH,20251203,570.8264,1.5018,7.2737,2431686.1023,2431686.1023
300436.SZ,20251203,,37.68,33.4883,1443277.554,1238954.9998
603557.SH,20251203,,22.8473,7.2829,178926.3869,178926.3869
603861.SH,20251203,27.9093,1.5454,1.2555,615661.3407,602059.9984
920471.BJ,20251203,,2.0289,2.3016,106579.2,67932.2076
601222.SH,20251203,58.5265,0.7604,2.2484,1180476.9264,1180476.9264
301596.SZ,20251203,52.4221,6.5939,8.562,559757.0862,227170.7107
600261.SH,20251203,25.9692,1.3463,1.7246,467268.5381,467268.5381
688182.SH,20251203,102.5237,4.3069,15.2279,963600.0,963600.0
000629.SZ,20251203,,2.3231,3.078,2852320.9884,2852130.6803
300433.SZ,20251203,36.408,2.7969,1.9284,14912372.4618,14030620.0862
000813.SZ,20251203,,1.6899,21.5895,840939.3215,840800.9765
603004.SH,20251203,31.589,2.7135,7.4414,561950.72,140487.68
600722.SH,20251203,85.0204,3.4214,8.5072,422478.5188,422478.5188
000600.SZ,20251203,8.9191,1.2679,0.6177,1496684.5321,904742.2271
600322.SH,20251203,,,1.1055,279742.1,279742.1
600448.SH,20251203,,1.8665,0.6723,210359.7671,210359.7671
688253.SH,20251203,33.6605,2.2102,10.4225,449171.5722,227355.3672
603377.SH,20251203,,3.4604,4.3331,280244.6385,280244.6385
002487.SZ,20251203,32.634,4.4031,5.803,3521651.9052,3483941.7089
300263.SZ,20251203,53.4086,1.9943,2.6958,837320.0983,789203.0791
603421.SH,20251203,,1.8652,2.7523,522404.5993,522404.5993
688006.SH,20251203,49.8483,3.0819,5.5265,1675190.2218,1675190.2218
603258.SH,20251203,,2.134,10.7595,463159.8333,458307.2237
300146.SZ,20251203,29.6002,1.8091,3.4001,2046929.2075,1356190.5774
920505.BJ,20251203,154.0657,9.202,19.1393,306110.8179,171192.0643
601801.SH,20251203,15.4096,1.0747,1.412,1307898.0663,1307898.0663
920221.BJ,20251203,33.8373,4.6033,5.5575,187868.76,99997.3861
300879.SZ,20251203,47.1618,4.0615,1.6221,559835.1721,556044.6872
603190.SH,20251203,29.5749,1.4518,1.8222,323804.0,105350.648
688711.SH,20251203,,5.2362,4.0805,544664.8211,544664.8211
920833.BJ,20251203,40.1155,2.2043,3.024,135070.4,102445.47
601991.SH,20251203,9.7592,0.7289,0.5438,6625402.3604,4437799.8999
002314.SZ,20251203,,0.9143,0.5534,839412.579,414865.9518
301353.SZ,20251203,38.4205,2.0503,2.8793,265482.0973,86206.8973
600744.SH,20251203,58.2773,6.3141,1.433,1224767.9372,1224767.9372
002276.SZ,20251203,31.3431,2.5633,0.8282,1561100.4886,1555202.6788
688352.SH,20251203,56.4473,2.5536,7.1443,1520778.6914,467961.9563
605077.SH,20251203,18.8412,1.5645,1.2861,470939.4063,465313.1493
002517.SZ,20251203,24.075,4.553,8.8328,4651036.9204,4112452.3757
301220.SZ,20251203,33.494,2.5122,4.4441,440595.6719,256196.2662
301212.SZ,20251203,199.2764,2.4004,4.5339,321840.0,279375.0
300042.SZ,20251203,,5.3731,5.1937,538274.4,538224.8433
688450.SH,20251203,,1.9081,8.3011,183084.0,135733.6841
601136.SH,20251203,52.6253,3.9793,21.1907,5466667.6,962967.6
002773.SZ,20251203,22.4873,3.0676,6.0273,2811871.5516,2096217.4565
600329.SH,20251203,9.9683,3.9585,6.6465,3566306.9626,2626190.8076
920541.BJ,20251203,28.2035,4.332,5.9731,186458.8,122840.045
600336.SH,20251203,,2.6773,0.912,647987.9924,647987.9924
603150.SH,20251203,25.6039,1.8745,0.8183,315175.821,315175.821
920547.BJ,20251203,34.6551,2.6287,4.8277,182799.864,88751.3952
601199.SH,20251203,13.2029,1.1849,3.466,535875.4973,535875.4973
600936.SH,20251203,,5.9741,1.6377,583188.1574,583188.1574
301629.SZ,20251203,170.5086,7.6348,20.5384,889625.4817,222404.2491
003004.SZ,20251203,,2.7286,5.2366,175266.1566,147158.1452
600161.SH,20251203,25.7814,2.9601,5.2824,3393169.4013,3393169.4013
002185.SZ,20251203,44.869,2.0536,2.2059,3597805.3438,3596986.3127
002142.SZ,20251203,6.5041,0.8617,2.6497,18774008.6217,18763479.7815
002098.SZ,20251203,18.4211,2.4954,1.2964,363012.0,363000.5925
002337.SZ,20251203,86.4559,2.8429,5.7913,374359.617,373965.7944
002295.SZ,20251203,231.1474,2.0804,0.6101,281441.768,281080.162
600080.SH,20251203,40.1282,1.9837,5.7099,314293.58,314293.58
601908.SH,20251203,,1.0012,2.8312,881330.0443,881330.0443
300074.SZ,20251203,,2.8233,5.2438,278062.0296,276538.3852
600179.SH,20251203,15.7386,1.5319,2.0007,1751852.1693,1557400.3089
920123.BJ,20251203,37.241,4.2036,2.0523,170433.12,97231.0651
300937.SZ,20251203,,4.1724,0.7909,346983.0556,228204.1409
603960.SH,20251203,111.2479,4.3822,9.2463,490047.8751,490047.8751
603326.SH,20251203,16.5668,2.5809,2.0336,295877.0141,295877.0141
688236.SH,20251203,36.5442,3.1267,8.8569,933222.1605,701745.324
002241.SZ,20251203,37.1114,3.0667,1.0853,10789397.5281,9550355.3244
603092.SH,20251203,37.7583,5.57,5.5336,2952000.738,246879.1548
300775.SZ,20251203,33.5841,2.6216,10.4073,1533675.5533,1488960.6302
300043.SZ,20251203,169.2538,4.0556,3.3932,696751.1046,696382.1206
603685.SH,20251203,199.5313,2.7669,3.5548,430532.3013,430532.3013
688526.SH,20251203,15.8845,1.7497,7.1968,729956.5357,729956.5357
000301.SZ,20251203,,1.9048,0.5239,6366614.6508,6364039.038
920002.BJ,20251203,77.7895,6.4926,13.3389,468589.5645,323094.6628
002164.SZ,20251203,112.8274,4.8556,4.6584,695551.0115,627066.2099
301077.SZ,20251203,30.3377,3.9745,5.8238,455131.2461,255297.4352
300248.SZ,20251203,64.5432,2.9086,6.3565,617347.5173,530210.5893
605298.SH,20251203,91.3774,6.7406,12.4225,703498.25,691521.74
603948.SH,20251203,19.3304,2.0118,1.937,422309.345,422309.345
002796.SZ,20251203,354.779,5.3971,4.9801,462083.8818,416933.7197
600655.SH,20251203,,0.6029,0.5299,2078572.7178,2077177.9098
600307.SH,20251203,,1.5083,0.3128,1027190.6175,1027190.6175
601006.SH,20251203,16.8799,0.6822,1.4701,11242125.1655,11242125.1655
603828.SH,20251203,,7.1498,2.3763,460677.2021,460661.3301
603955.SH,20251203,,2.6508,20.8007,404852.76,404852.76
002763.SZ,20251203,39.5074,1.656,1.0281,309082.696,228913.7968
603711.SH,20251203,44.4063,1.9664,2.1413,649450.9593,649450.9593
600982.SH,20251203,15.4034,0.9377,1.3179,507402.8782,507402.8782
300921.SZ,20251203,121.7021,5.1148,7.5028,423653.2075,264385.9594
920275.BJ,20251203,168.533,6.2419,19.4668,145352.3712,120306.0432
300953.SZ,20251203,50.3405,5.808,2.8531,2484201.1079,1786471.4661
600246.SH,20251203,,4.774,52.137,2504796.5307,2504796.5307
600739.SH,20251203,20.6021,0.6042,1.5983,1777522.8062,1777522.8062
300790.SZ,20251203,44.8725,4.1525,3.4347,1068857.9287,927449.3766
300054.SZ,20251203,50.1047,6.714,9.2131,3325910.246,2587145.242
688049.SH,20251203,50.0768,4.781,10.3382,938022.7658,938022.7658
301069.SZ,20251203,87.2988,6.721,10.3694,1043205.7678,970194.5678
688130.SH,20251203,,2.1809,16.8583,271884.0704,135581.1764
603868.SH,20251203,33.9678,4.676,3.9568,1529827.2,1529827.2
603506.SH,20251203,19.676,1.8301,1.2431,228337.7793,228337.7793
688358.SH,20251203,25.3238,2.4601,7.6609,344446.5777,344446.5777
605277.SH,20251203,36.9234,4.8108,1.9795,776922.8619,762887.2096
605167.SH,20251203,21.4068,2.3636,1.6187,467032.8,467032.8
603650.SH,20251203,47.909,6.9117,8.1386,2741680.4754,2734406.5766
920469.BJ,20251203,,3.5297,2.0624,161242.224,118344.6973
300804.SZ,20251203,57.1161,1.9241,3.3183,261812.0,97295.0
601696.SH,20251203,31.8245,1.8771,10.2783,3500280.0,3500280.0
001356.SZ,20251203,59.3523,3.8889,3.8316,793814.04,168685.4835
002582.SZ,20251203,,1.4824,2.9777,462929.9593,355946.4379
001298.SZ,20251203,185.8776,5.6517,1.1369,910395.9997,505071.9652
688510.SH,20251203,50.9151,4.7849,7.9683,568441.7376,568441.7376
301528.SZ,20251203,62.5276,2.4643,19.1019,376723.4,193838.8383
301167.SZ,20251203,84.8529,1.9992,5.4966,188496.0,119691.419
001286.SZ,20251203,12.9478,1.448,1.6716,3791250.0,1061550.0
600203.SH,20251203,,5.0622,0.723,877622.3614,877622.3614
000852.SZ,20251203,357.4436,2.1944,0.9544,688296.7361,680931.9259
002390.SZ,20251203,98.3055,1.1233,1.3223,758102.2285,751849.1113
300708.SZ,20251203,38.8517,2.8797,2.5093,812161.5996,614162.3297
301171.SZ,20251203,73.7006,4.7337,5.0478,1771931.5733,1430238.011
301662.SZ,20251203,79.0581,6.8944,5.9692,994480.0,206700.4553
001309.SZ,20251203,,18.9829,5.9367,4651168.576,3310397.195
603416.SH,20251203,34.6579,3.1961,4.3228,812563.8712,721380.355
000550.SZ,20251203,14.3794,1.4309,0.4246,1610757.324,967452.2566
300173.SZ,20251203,75.129,4.3934,3.0521,424671.4534,424671.4534
002455.SZ,20251203,420.3547,2.5984,0.7645,452823.501,395651.611
600512.SH,20251203,149.4317,0.6492,1.0403,408015.6106,406375.7217
601877.SH,20251203,12.9764,1.3525,0.9165,5911813.653,5911813.653
688433.SH,20251203,656.9321,12.609,45.747,2494124.5136,1217072.215
600126.SH,20251203,,1.4876,0.4761,2901005.4223,2901005.4223
300151.SZ,20251203,103.6987,4.6116,7.1558,715691.8635,495359.4092
000726.SZ,20251203,9.4263,0.6138,0.9839,589278.0319,424450.6855
002813.SZ,20251203,,13.4286,8.0488,335160.0,334758.0175
002606.SZ,20251203,23.1152,2.1718,2.5361,395165.898,379027.8495
920703.BJ,20251203,19.9348,1.9585,5.175,218549.8,110584.4632
002543.SZ,20251203,11.5422,1.5578,1.0328,788216.0,701307.6632
002642.SZ,20251203,239.4813,4.8976,3.378,575574.8723,575574.8723
688123.SH,20251203,50.5862,8.0732,16.9225,2017164.4558,2017164.4558
688777.SH,20251203,48.3625,3.9441,4.7581,4023198.7448,3982682.6699
301339.SZ,20251203,39.4981,2.9951,8.5468,832197.9809,240999.2861
603808.SH,20251203,,1.256,1.1268,327016.2899,327016.2899
688280.SH,20251203,139.4836,7.0271,2.1392,468045.7819,412791.507
920160.BJ,20251203,44.3632,5.7013,16.6728,280934.4,63210.24
600048.SH,20251203,,0.3917,0.2555,7732906.448,7732906.448
000881.SZ,20251203,,1.587,1.4356,829138.4398,738075.1842
300335.SZ,20251203,57.3232,1.4936,2.5727,289546.5195,233185.8265
300811.SZ,20251203,53.2026,7.0271,11.7261,2036716.396,1670052.9715
603262.SH,20251203,72.5203,7.2984,10.5784,1119227.98,108569.8007
601020.SH,20251203,26.4161,5.5681,11.0934,2381997.4477,2381997.4477
603578.SH,20251203,,2.3359,1.5759,229053.4306,229053.4306
000838.SZ,20251203,,10.4347,14.5648,428079.7841,409914.9176
603052.SH,20251203,168.2216,5.2767,6.4271,574026.1965,574026.1965
300748.SZ,20251203,77.3069,6.9648,6.6171,4712768.9315,3873690.4019
001326.SZ,20251203,120.4427,2.6615,2.1779,322885.2,106319.7842
001279.SZ,20251203,98.6446,5.7688,4.0168,575680.0,143920.0
002126.SZ,20251203,32.8605,4.1486,1.9216,2796700.7478,2627369.5633
301479.SZ,20251203,41.7953,6.1334,5.0337,754870.8505,178199.5603
920735.BJ,20251203,18.9193,3.3967,4.1273,417410.2924,369168.2279
600366.SH,20251203,48.246,2.3792,2.7485,1456229.3926,1456229.3926
600350.SH,20251203,13.5678,1.004,1.7602,4476812.584,4476812.584
688320.SH,20251203,,3.8791,5.3898,484904.8879,484904.8879
688819.SH,20251203,21.5181,1.8519,0.685,3120441.0,3120441.0
688170.SH,20251203,,2.6386,4.2715,320519.36,320519.36
600601.SH,20251203,135.5902,11.0832,11.1429,4936173.0345,4816688.7465
603778.SH,20251203,,11.409,5.6162,829995.6397,812571.4275
603927.SH,20251203,67.4097,5.1205,2.3111,1608893.44,1608893.44
920111.BJ,20251203,33.2086,4.0368,3.1948,362285.7575,173302.8244
002761.SZ,20251203,45.872,1.0893,0.1144,941155.6888,941155.6888
600072.SH,20251203,,1.8669,1.8575,1812164.9251,1306504.8031
002343.SZ,20251203,,3.984,7.4974,379417.9091,379417.9091
002334.SZ,20251203,24.3892,2.255,1.6028,686988.401,612969.7968
600745.SH,20251203,,1.4261,0.9646,4842879.139,4842879.139
000777.SZ,20251203,34.7509,3.4327,4.1168,782555.3073,782541.4979
920651.BJ,20251203,27.424,4.6503,7.2703,238937.0,59831.6697
600740.SH,20251203,,0.6849,1.5697,1042783.3097,1042783.3097
000811.SZ,20251203,22.8085,2.1609,2.0387,1327935.5439,1309093.4212
603500.SH,20251203,25.4339,3.6712,4.9017,372392.2853,371321.6518
600354.SH,20251203,50.4768,5.0637,2.7782,348877.1749,348877.1749
605006.SH,20251203,385.5323,1.7679,1.935,443562.6301,435612.7849
300512.SZ,20251203,114.275,2.4084,3.4509,391640.1679,309979.1914
300191.SZ,20251203,,5.5715,10.7247,591680.0,408989.555
300807.SZ,20251203,,6.6185,15.9072,311008.9522,237424.5462
300582.SZ,20251203,,3.3329,1.8453,441535.4658,327657.4574
600895.SH,20251203,56.3833,4.6361,26.6191,6134359.3076,6134359.3076
603933.SH,20251203,316.7729,4.1045,2.5495,541691.3408,541691.3408
605566.SH,20251203,132.8456,2.0354,5.0706,406687.0,406687.0
300219.SZ,20251203,82.2954,2.1069,1.253,542992.6691,541999.6994
002338.SZ,20251203,201.4312,8.7396,16.2329,1189920.0,1189920.0
301396.SZ,20251203,146.5286,7.1633,4.6224,917881.4135,454888.7414
000783.SZ,20251203,11.6356,1.0558,4.1907,4390877.9207,4390877.9207
600193.SH,20251203,,19.3928,,172701.438,172701.438
600690.SH,20251203,12.5002,2.238,0.8263,26199634.0919,17468821.5583
002029.SZ,20251203,15.7304,1.0417,2.3917,710663.7253,670729.2067
301197.SZ,20251203,62.2302,1.995,6.3191,256268.04,174852.87
300821.SZ,20251203,,3.1494,3.7113,1542000.0,1541731.1138
920425.BJ,20251203,55.487,5.5607,15.9544,143220.8904,119551.6487
300457.SZ,20251203,55.9575,2.6348,1.9614,1731787.3623,1701149.7711
920339.BJ,20251203,38.1713,3.8471,3.8143,233856.4356,160550.1174
688291.SH,20251203,85.5852,3.594,14.2501,338286.7765,338286.7765
920809.BJ,20251203,,2.9071,1.7017,458872.3,351676.0754
000960.SZ,20251203,22.1724,1.9262,0.8959,4226419.4127,4226419.4127
300651.SZ,20251203,74.3871,2.7688,8.0422,299646.9579,185532.8812
603798.SH,20251203,71.6186,3.2157,3.8104,371595.5429,371595.5429
600862.SH,20251203,27.4886,3.8593,5.7416,2878039.4551,2878039.4551
300159.SZ,20251203,,,8.0826,495058.8005,487178.7762
000034.SZ,20251203,53.329,2.5414,0.2031,2822156.3508,2359220.5653
600721.SH,20251203,74.9944,4.7425,9.5617,376472.1347,376472.1347
002608.SZ,20251203,8.4295,0.845,0.8771,2988461.0459,2988461.0459
920509.BJ,20251203,81.2304,15.7495,25.2443,543276.0037,283559.3923
600641.SH,20251203,95.3126,1.8462,11.2093,1504828.5806,1504828.5806
600993.SH,20251203,21.6055,2.8724,3.2728,1234969.3977,1232829.6008
601139.SH,20251203,14.5043,1.2113,0.6348,1913033.2651,1913033.2651
300410.SZ,20251203,,12.8534,3.9648,309477.7739,309477.7739
300301.SZ,20251203,,12.3067,4.6163,202487.9796,192729.9194
300285.SZ,20251203,36.8662,3.2198,5.1701,2256320.3006,1903963.3888
300458.SZ,20251203,118.596,11.1572,12.6265,3489081.5437,2856077.3246
605090.SH,20251203,16.0791,2.1302,1.0847,2235203.3837,2230275.7435
688686.SH,20251203,73.6677,4.5126,11.5697,1377349.1069,1377349.1069
002057.SZ,20251203,31.4903,2.3352,2.4275,745590.9852,745137.2419
002233.SZ,20251203,14.8756,0.9245,2.5981,1107623.4899,1106889.5334
688332.SH,20251203,57.6399,4.287,9.3757,1755668.5956,645128.3219
301376.SZ,20251203,23.0958,2.273,0.893,757044.142,364242.246
300488.SZ,20251203,36.7434,3.3061,7.8758,539355.5247,449074.545
301185.SZ,20251203,43.76,2.9747,15.2414,318341.52,290231.0032
600029.SH,20251203,,3.5229,0.7362,13047063.6319,9703385.5702
000519.SZ,20251203,,2.4879,4.8182,2541420.1422,2541420.1422
002379.SZ,20251203,,13.9145,8.4338,2490931.2666,2490931.2666
920009.BJ,20251203,45.3965,7.1147,18.8074,447551.2,58176.0
300649.SZ,20251203,,4.0424,13.1476,202067.7453,161934.2582
920132.BJ,20251203,93.8378,5.6158,5.2096,144113.76,48832.9277
300900.SZ,20251203,,4.4152,4.9015,569638.791,433385.6197
688418.SH,20251203,,6.699,6.6175,584788.4235,584788.4235
605008.SH,20251203,1315.8138,5.0345,2.4926,1013515.0276,1013515.0276
603777.SH,20251203,,2.9196,1.2504,462843.0457,462843.0457
000596.SZ,20251203,17.5419,3.2594,3.9644,8299020.0,6415020.0
600195.SH,20251203,37.1434,1.3931,1.2681,796495.6428,796495.6428
300455.SZ,20251203,,11.1685,14.3799,1883423.0641,1859425.2721
603598.SH,20251203,,23.6956,0.5938,493879.7435,493329.5435
002797.SZ,20251203,27.5767,1.6695,6.9233,2849227.2,2849227.2
301120.SZ,20251203,,4.1722,15.5497,643335.9073,378649.4295
920371.BJ,20251203,35.3957,3.6013,2.3729,215101.4762,202678.6139
688256.SH,20251203,299.3455,36.8056,100.3847,56181115.1991,55736800.3435
002476.SZ,20251203,53.9534,3.9839,6.3183,382500.0,382454.5781
300578.SZ,20251203,221.8566,3.105,8.1792,369178.2559,369078.4061
002495.SZ,20251203,140.3034,2.5492,10.7892,279752.0544,209531.2786
688776.SH,20251203,,5.2269,28.2358,948896.8333,948896.8333
603023.SH,20251203,1142.4646,3.284,19.5468,252827.1854,252827.1854
002327.SZ,20251203,14.7231,1.7326,2.1879,601860.297,350619.3403
688305.SH,20251203,64.7568,4.1927,12.6041,787206.2538,783102.2071
001872.SZ,20251203,10.8268,0.7852,2.969,4966067.763,4606097.0076
000877.SZ,20251203,20.5483,0.4947,0.5028,4045869.7739,4045868.9204
600664.SH,20251203,20.8589,1.6559,0.5877,936885.6739,936885.6739
603085.SH,20251203,550.8864,4.6953,1.5929,418543.4,418543.4
002978.SZ,20251203,18.2639,1.7157,6.9601,1464584.8397,1148078.8397
688098.SH,20251203,,2.6679,12.8464,376149.904,376149.904
300432.SZ,20251203,64.787,5.8045,2.2822,2663806.457,2633885.7666
301221.SZ,20251203,68.4434,2.1744,6.3486,435602.6769,294987.1108
002246.SZ,20251203,44.9895,3.1004,3.7459,929515.9062,929515.9062
000952.SZ,20251203,,3.4516,5.5,333227.0758,330580.1896
603215.SH,20251203,35.0725,3.178,1.6534,386027.8378,384567.0925
301130.SZ,20251203,59.5649,2.5567,9.2725,234379.7148,178977.8456
920344.BJ,20251203,,5.0408,12.1786,305743.1,284583.2127
002832.SZ,20251203,13.9783,1.6312,2.1209,892015.1723,608660.7779
605499.SH,20251203,31.6383,15.7507,6.8863,13858346.45,13858346.45
600630.SH,20251203,145.352,5.9686,2.5288,459700.248,459700.248
688646.SH,20251203,,2.2648,4.5864,335924.0062,208217.0076
600807.SH,20251203,,70.1703,9.48,307852.8864,273882.4255
601328.SH,20251203,7.0121,0.5859,2.5266,66537929.5199,19632546.9955
600559.SH,20251203,23.3926,2.7989,3.2095,1476402.3746,1467948.2426
002129.SZ,20251203,,1.4318,1.3129,3598373.038,3595635.4158
300645.SZ,20251203,293.0948,2.4904,2.1225,257354.7357,252309.1611
600572.SH,20251203,17.4071,1.6959,1.8207,1197599.8543,1194404.2159
300386.SZ,20251203,,4.5469,9.2023,670124.532,401964.5178
600233.SH,20251203,14.9568,1.7745,0.8021,5920993.9336,5920993.9336
603319.SH,20251203,86.1249,5.2221,6.1062,1295551.77,1295551.77
603110.SH,20251203,714.4546,4.5709,7.6878,318139.4633,318139.4633
600667.SH,20251203,27.982,1.8942,0.4941,1639769.0676,1639769.0676
920278.BJ,20251203,57.6177,4.0415,4.7367,154607.0,65606.528
688416.SH,20251203,,3.4359,10.5329,436609.9241,343544.9756
002218.SZ,20251203,,1.3582,5.415,551078.0141,543035.3171
603178.SH,20251203,,3.494,2.4434,424359.3264,424359.3264
920493.BJ,20251203,466.1744,19.288,8.518,813421.2243,562588.3226
600731.SH,20251203,14.8972,1.2366,1.7465,391678.4336,379719.5482
603600.SH,20251203,16.4547,1.8892,0.8932,432537.0195,392749.7865
301273.SZ,20251203,,2.109,5.6876,194364.1817,149177.4711
002771.SZ,20251203,,5.5306,6.719,340866.6625,283586.3144
920427.BJ,20251203,105.95,3.9787,14.1001,130827.555,64236.9881
600594.SH,20251203,,1.4302,1.8024,343696.4916,343696.4916
603993.SH,20251203,19.2933,4.7907,1.8501,37696774.5301,30766003.9141
301037.SZ,20251203,,3.302,1.1385,209520.7508,102472.662
600060.SH,20251203,13.3428,1.6744,0.5636,3421637.25,3409042.3865
603156.SH,20251203,21.3512,3.8291,6.0021,3441818.0327,3441818.0327
601598.SH,20251203,12.335,1.2159,0.4908,4652402.7056,3345852.6176
300275.SZ,20251203,82.5464,4.2722,8.6563,403486.6391,355614.5034
920608.BJ,20251203,35.8186,2.5421,8.0292,120309.92,76183.3283
301630.SZ,20251203,50.2128,4.0804,6.0029,683040.0,170760.0
301500.SZ,20251203,56.731,1.791,0.5931,838432.3885,214923.5967
300598.SZ,20251203,,6.7615,4.649,1002889.6069,1002608.7465
600577.SH,20251203,36.1596,3.6032,0.8986,2157779.3645,2157779.3645
688798.SH,20251203,48.5038,4.1026,6.236,1710697.931,996083.8951
920260.BJ,20251203,31.5905,2.6923,4.0934,116183.1,110872.628
601003.SH,20251203,23.6612,1.4,0.1863,1263457.0476,1263457.0476
601001.SH,20251203,12.524,1.2882,1.8454,2421843.9,2421843.9
603689.SH,20251203,13.996,1.2314,0.8144,436603.4749,432542.2766
603002.SH,20251203,208.7719,2.3277,3.0036,801793.5059,801793.5059
600584.SH,20251203,44.0566,2.3262,1.6521,6551046.7408,6551046.7408
688606.SH,20251203,17.2276,1.3281,5.7597,507793.8763,507793.8763
688621.SH,20251203,55.9127,6.3988,7.3085,743680.0,743680.0
600535.SH,20251203,21.0124,1.9237,2.7637,2306658.8077,2306658.8077
920305.BJ,20251203,,2.4771,,148658.3884,91076.2826
301275.SZ,20251203,44.832,5.5615,5.3756,2224358.4,177948.672
002779.SZ,20251203,429.744,26.8363,20.347,2031691.2,1822896.835
002962.SZ,20251203,119.4858,2.5085,3.8431,444206.3311,318587.2396
603065.SH,20251203,101.9679,1.8423,2.6576,372462.1715,174842.7015
300770.SZ,20251203,12.9398,2.6153,5.8529,960339.6611,960339.6611
600925.SH,20251203,102.0883,2.1298,2.6192,3279111.1112,764479.1269
688381.SH,20251203,,2.2818,10.3356,592267.5,458370.5352
002564.SZ,20251203,99.555,38.5389,2.7923,758412.6532,758412.6532
688159.SH,20251203,54.383,5.0631,1.3597,480710.2347,479778.9147
600889.SH,20251203,,14.7185,14.8744,548053.631,548053.631
000593.SZ,20251203,3273.3497,5.574,2.7746,487379.5412,487178.6267
688183.SH,20251203,62.169,15.1875,9.3976,7834091.8262,7834091.8262
300533.SZ,20251203,10.9368,5.1337,2.9433,789198.991,555321.2192
603256.SH,20251203,183.3403,17.772,26.4092,2821286.0925,2821286.0925
600316.SH,20251203,623.5936,4.2861,4.2956,2300503.3545,2300503.3545
300502.SZ,20251203,49.3269,25.5357,18.5244,37088090.3702,33036631.3229
601888.SH,20251203,49.7959,3.0408,3.1753,16929473.5571,15977107.3766
002402.SZ,20251203,73.3918,8.5478,4.1237,4490315.448,3913119.3325
920089.BJ,20251203,17.5732,2.2638,1.4888,279489.14,173444.0192
000790.SZ,20251203,,2.9301,4.15,273189.0814,272705.2009
603229.SH,20251203,43.6178,3.4347,10.7335,806218.5278,806218.5278
600818.SH,20251203,,5.8801,3.1262,328519.764,243192.984
002317.SZ,20251203,,4.9688,8.1794,2002436.2038,1794370.6085
920895.BJ,20251203,,5.8945,16.7185,117061.204,59514.1199
601137.SH,20251203,15.3952,1.9841,0.8956,1749927.4924,1748479.0924
603898.SH,20251203,206.514,1.372,2.495,431835.601,431835.601
600666.SH,20251203,64.0348,8.3289,22.2556,940995.0087,827555.5038
688069.SH,20251203,,1.9451,5.4836,241933.0,241933.0
688695.SH,20251203,260.8392,3.1735,13.2672,247499.51,149193.3545
688601.SH,20251203,116.791,5.0932,8.4619,632099.0856,632099.0856
603315.SH,20251203,94.7952,2.6426,3.8015,448917.1959,439530.4959
688299.SH,20251203,,2.3327,4.2534,485693.9909,485693.9909
300975.SZ,20251203,53.8573,3.752,1.0585,854634.9714,612139.1715
300941.SZ,20251203,132.3548,4.4251,24.5048,564291.0,292930.0008
920896.BJ,20251203,35.7108,4.9403,5.0428,212166.007,92858.4278
600426.SH,20251203,19.1099,1.9172,1.8921,6167954.0942,6157021.2836
002942.SZ,20251203,37.7639,2.6619,3.1362,327301.653,288138.4653
002040.SZ,20251203,29.4466,1.4776,4.8507,499169.7657,497116.7683
688185.SH,20251203,,3.2878,16.6835,1621348.466,750629.3493
300006.SZ,20251203,,2.9748,7.094,546962.0042,546915.2252
300694.SZ,20251203,84.1278,1.8906,1.89,263740.5068,263740.5068
002822.SZ,20251203,,2.8788,3.7912,397886.3719,334346.607
688165.SH,20251203,,6.9827,9.9039,1047212.46,1047212.46
600791.SH,20251203,,0.9948,0.5923,238214.88,237917.0041
301446.SZ,20251203,34.2588,2.5395,5.5827,299728.0,91566.904
000544.SZ,20251203,7.93,0.7598,1.6006,841152.7131,841152.7131
000681.SZ,20251203,142.7261,4.3997,19.6211,1595214.8218,1539485.5473
600210.SH,20251203,8.9282,1.6696,0.9877,1113284.34,1113284.34
920363.BJ,20251203,,4.7706,9.1779,167610.2,91117.7337
600137.SH,20251203,69.413,3.513,4.9866,190643.6901,190643.6901
300250.SZ,20251203,,10.8259,24.1716,568349.1567,418624.5948
600909.SH,20251203,13.2652,1.2737,5.0991,2952070.6631,2952070.6631
688610.SH,20251203,72.3838,2.7459,10.2021,407252.0,245145.1498
603017.SH,20251203,80.7186,2.3049,2.7541,328666.4487,328666.4487
300194.SZ,20251203,38.0396,1.2345,3.2114,549647.1205,447375.0278
300350.SZ,20251203,,4.544,10.8677,419823.1724,352259.3665
000639.SZ,20251203,,1.3344,0.8306,387514.6861,387514.2111
300278.SZ,20251203,657.1569,4.4323,3.3448,786093.0989,783637.0445
300152.SZ,20251203,,6.8404,10.3591,161092.8,161051.7641
600302.SH,20251203,,5.7549,9.4691,341511.6765,341511.6765
300448.SZ,20251203,,4.074,11.9385,499946.1214,343297.9598
688319.SH,20251203,155.5169,10.4037,14.082,998596.656,997306.878
688395.SH,20251203,56.6361,2.6663,4.9816,207747.9303,207747.9303
600963.SH,20251203,18.1226,0.9616,0.8044,768057.1522,768057.1522
600599.SH,20251203,,14.4766,6.2237,167826.0,167826.0
688720.SH,20251203,100.9301,4.4076,7.9621,445337.7367,279343.2608
600284.SH,20251203,21.7528,1.0382,0.556,811134.016,811134.016
000651.SZ,20251203,7.2146,1.5828,1.2726,22859336.829,22507349.8281
300931.SZ,20251203,,4.2257,6.2414,270644.542,208467.3186
002809.SZ,20251203,976.0918,1.5517,3.2845,241660.0555,158872.0639
688103.SH,20251203,94.8598,5.0323,4.7797,565125.8129,565125.8129
600826.SH,20251203,28.8212,1.937,4.7395,823062.0413,823062.0413
002182.SZ,20251203,146.8956,2.5493,1.4269,1370655.9262,1196138.2211
001209.SZ,20251203,106.6677,2.1251,1.4791,273041.1667,199492.4643
601200.SH,20251203,18.3338,0.9406,1.6644,1090446.5033,1090446.5033
300866.SZ,20251203,22.8877,5.9612,2.0133,5895052.867,3320200.4027
000729.SZ,20251203,23.255,2.256,2.3448,3576726.4237,3184690.8604
000538.SZ,20251203,19.1163,2.5017,2.438,9940126.9613,9876236.0091
002134.SZ,20251203,297.0346,10.5507,4.0479,535952.4942,535620.0181
300727.SZ,20251203,48.9163,4.5763,4.3653,594990.3707,534685.0224
000993.SZ,20251203,30.9332,2.3962,9.9385,638384.3283,613008.1154
600315.SH,20251203,,2.2274,2.5381,1564269.8555,1564269.8555
301026.SZ,20251203,29.7552,2.4762,1.5029,400908.0091,282633.827
000810.SZ,20251203,137.0868,2.1492,1.6098,1373339.4815,1336067.6495
301078.SZ,20251203,48.2867,3.0124,1.2653,1251112.9951,1244171.3908
000066.SZ,20251203,,4.205,3.1322,4664505.4812,4664202.9057
300930.SZ,20251203,52.28,3.2197,4.2987,295200.0,139113.003
605060.SH,20251203,39.3287,3.561,7.3155,861319.36,855406.632
300903.SZ,20251203,,4.9064,2.3215,846391.3153,670111.7189
002042.SZ,20251203,,1.2637,0.7061,727891.6199,727891.6199
002650.SZ,20251203,,4.4081,6.414,816768.1418,816741.5543
300289.SZ,20251203,,2.4095,11.7058,398760.42,398133.705
600566.SH,20251203,15.3983,1.8369,4.1384,2542554.1176,2533970.7936
601886.SH,20251203,13.2757,1.2526,0.4082,879209.5986,879209.5986
001234.SZ,20251203,82.6729,3.6128,3.8084,329882.3055,275934.3075
002274.SZ,20251203,,1.0661,0.8852,579037.7048,570212.271
601228.SH,20251203,28.1091,1.1834,1.6447,2512328.9399,2512328.9399
601326.SH,20251203,12.4417,0.9917,2.8703,2011468.32,1712721.24
300587.SZ,20251203,,3.9932,6.0161,956824.1034,775277.9456
688070.SH,20251203,,7.3697,7.5056,443767.86,443767.86
002997.SZ,20251203,16.3686,3.0472,2.2435,740997.4905,740997.4905
002170.SZ,20251203,12.9682,3.2924,2.4665,1156365.5986,937584.4824
300075.SZ,20251203,,2.7693,17.9951,965236.2655,800991.3917
000820.SZ,20251203,,14.7647,22.7858,219828.7609,100968.7382
000901.SZ,20251203,125.8944,3.4376,2.4755,1485452.8166,1485437.882
300264.SZ,20251203,,324.5609,19.0901,315818.5607,271524.4225
688456.SH,20251203,67.9739,3.8507,1.2917,480464.1,480464.1
300796.SZ,20251203,,1.8602,2.181,319972.5846,319972.5846
688506.SH,20251203,,20.8254,67.0858,14933645.9609,3721571.8104
605007.SH,20251203,26.5412,1.6707,0.6624,572776.0147,483466.9633
601678.SH,20251203,41.1682,0.8008,0.6627,915292.1428,903277.1428
002688.SZ,20251203,37.6265,2.01,1.7175,472240.2516,457447.7336
300506.SZ,20251203,,,24.0043,292846.1555,275144.3349
688129.SH,20251203,27.4358,2.568,3.8917,242523.8244,242523.8244
300018.SZ,20251203,42.287,3.758,8.4055,520279.6946,481662.7331
001221.SZ,20251203,36.3316,8.8125,7.2208,2414860.37,210840.0879
601858.SH,20251203,27.7442,2.6596,4.8387,1457682.0,1457682.0
001313.SZ,20251203,710.6778,2.2896,0.9045,583800.0,583070.9597
000702.SZ,20251203,,6.8629,2.1322,241597.5888,185844.2995
001387.SZ,20251203,29.2364,2.1952,1.4057,274545.6,170865.4995
301007.SZ,20251203,113.1339,8.4731,9.0505,580851.92,579539.378
300622.SZ,20251203,66.6837,8.4902,5.2631,720019.1456,492241.4255
002829.SZ,20251203,,3.347,12.5707,575216.4026,404263.477
300229.SZ,20251203,,4.4025,35.2711,1745494.6221,1744314.4055
920455.BJ,20251203,54.306,4.5672,9.8578,155091.3,81092.4084
300360.SZ,20251203,13.9586,1.9917,4.8544,841210.1381,818452.5781
601789.SH,20251203,20.7205,1.2373,0.2776,561874.871,561874.871
300115.SZ,20251203,83.3894,6.4953,2.9329,5380943.0463,5365066.7794
000006.SZ,20251203,,2.4715,3.8753,1333795.1054,1333787.5472
603107.SH,20251203,27.2786,2.446,2.3021,517809.225,334897.0869
600635.SH,20251203,37.8569,2.4314,3.6018,2205468.7022,1806837.3812
000797.SZ,20251203,,1.1413,1.3106,576466.7976,576400.0961
002251.SZ,20251203,,1.697,3.397,1392746.4389,1114980.5576
605005.SH,20251203,34.5132,3.7538,4.1435,765910.0,765910.0
002842.SZ,20251203,,3.2894,1.782,367414.6299,301483.173
301408.SZ,20251203,35.1758,3.1298,1.2726,656016.4,244640.9369
600390.SH,20251203,589.1883,0.586,41.3682,2482932.1334,2482932.1334
688617.SH,20251203,44.3112,11.3855,14.1357,3404465.3829,3404465.3829
603369.SH,20251203,16.0014,2.7869,4.3881,4600692.1365,4600692.1365
300657.SZ,20251203,147.1162,10.8314,1.9534,1362737.4549,1330413.2365
603409.SH,20251203,27.1535,2.8937,3.5265,431652.75,107913.8862
600992.SH,20251203,,2.3791,1.5842,331361.68,331361.68
300012.SZ,20251203,23.0605,3.0439,3.5607,2275183.7453,1935752.6182
601601.SH,20251203,6.4319,1.1848,0.768,33671195.0925,23957645.0925
002539.SZ,20251203,16.4267,1.4378,0.6475,1330911.5857,971084.8299
300261.SZ,20251203,,3.4909,5.5644,700325.9854,680597.9629
920982.BJ,20251203,34.007,14.4126,15.1681,2654672.4591,1266715.2852
001332.SZ,20251203,23.2478,2.2762,4.3326,574216.53,249474.1947
002886.SZ,20251203,121.969,2.816,2.5085,507719.6769,403311.7784
300437.SZ,20251203,,4.2164,6.6421,587388.1139,409111.2592
603356.SH,20251203,,4.7782,1.9263,183209.16,183209.16
002869.SZ,20251203,227.8616,1.9219,7.1995,411327.3541,366229.9406
601518.SH,20251203,10.3391,1.0025,3.7026,563384.8444,563384.8444
300308.SZ,20251203,68.0555,22.4293,18.442,58192600.5066,57898376.7438
300425.SZ,20251203,55.8434,1.4859,2.0933,349299.1247,347684.0074
603182.SH,20251203,23.1114,2.424,1.8842,265419.15,265419.15
300003.SZ,20251203,68.3164,1.9148,4.6553,2912566.2599,2494636.2539
002252.SZ,20251203,24.0988,1.3507,5.5337,4400983.9469,4398666.6128
300946.SZ,20251203,145.4925,6.4063,12.2445,761786.0874,370152.3969
000812.SZ,20251203,,2.3003,2.904,413556.6263,413270.6019
002612.SZ,20251203,8.4506,2.5671,1.4999,876041.8425,504383.6695
301548.SZ,20251203,32.1895,2.8189,7.1827,425604.0,128341.5319
601872.SH,20251203,14.0395,1.759,2.7402,7073295.7278,7073295.7278
002526.SZ,20251203,57.1481,2.0122,2.9832,648936.9563,644674.7354
300442.SZ,20251203,15.9156,5.852,16.2263,7926566.3291,7897613.9534
688278.SH,20251203,35.8934,11.0078,10.0911,3372461.4838,3372461.4838
920414.BJ,20251203,,3.3008,14.7465,92747.1229,64285.7973
000686.SZ,20251203,14.3621,1.0692,3.6169,2106407.6235,2106407.6235
000893.SZ,20251203,23.9609,3.2945,8.7211,4301458.2755,3778975.8945
600208.SH,20251203,,0.8932,10.8888,3718407.1296,3717985.6593
000036.SZ,20251203,169.2285,1.2899,15.7155,655583.3446,654337.5091
600872.SH,20251203,19.3859,2.3732,2.8561,1350713.5106,1337664.0933
601008.SH,20251203,42.2636,1.5737,2.5296,648853.6771,648853.6771
603383.SH,20251203,37.9566,5.0958,11.8513,744088.3308,741566.7228
300565.SZ,20251203,,5.623,4.9422,316375.7434,289135.9187
920375.BJ,20251203,88.8166,1.8417,2.3433,147695.9148,88221.0995
688277.SH,20251203,,5.5452,25.2609,692651.8996,692651.8996
600615.SH,20251203,265.0903,3.5727,4.7244,262627.046,262209.6822
002482.SZ,20251203,,14.304,4.6458,686426.1124,685071.4436
300541.SZ,20251203,67.6408,3.6068,2.0883,621414.2909,558605.9079
688663.SH,20251203,41.5247,4.1971,2.831,573588.9242,573588.9242
600141.SH,20251203,22.0796,1.63,1.1766,3544761.7625,3544761.7625
600280.SH,20251203,,6.7763,1.965,417483.8716,417483.8716
688400.SH,20251203,138.6487,4.3864,6.3774,1771072.6082,1771072.6082
920037.BJ,20251203,41.6507,9.761,10.4547,783105.4183,253129.6051
301559.SZ,20251203,43.1528,2.1161,3.5099,963600.0,144540.0
300271.SZ,20251203,,1.7446,3.9927,637310.6283,625835.3656
603728.SH,20251203,335.7868,9.1154,10.2775,2702211.0075,2702211.0075
600613.SH,20251203,59.6308,1.5933,1.9736,371713.8531,333606.7047
300518.SZ,20251203,,4.4217,20.14,332419.0972,332389.3412
600018.SH,20251203,9.1244,0.9394,3.3694,13153971.373,13134395.8678
301557.SZ,20251203,64.73,5.8279,5.0801,589294.6843,147364.0
600199.SH,20251203,,3.1197,8.6355,645298.6843,645298.6843
000597.SZ,20251203,21.9826,1.5352,1.2026,823429.9289,813175.3245
002857.SZ,20251203,234.0125,4.8395,3.1245,252123.62,247040.0
600456.SH,20251203,42.9346,2.1115,2.6693,1491621.4768,1491621.4768
300680.SZ,20251203,37.3215,5.2933,4.091,1048860.2553,809910.4728
603213.SH,20251203,65.9021,3.2781,2.1297,609036.0614,609036.0614
301567.SZ,20251203,132.5813,5.2332,9.7272,391320.0,115438.5848
000895.SZ,20251203,18.3901,4.6764,1.5742,9458525.1115,9457299.2159
603882.SH,20251203,,1.9355,2.1635,1321675.8586,1312763.9482
000590.SZ,20251203,,4.7449,7.8691,276828.7847,276713.3696
301380.SZ,20251203,57.0758,4.5652,3.0152,332263.0029,264580.4381
600219.SH,20251203,11.2222,1.1029,1.6126,5737153.3989,5737153.3989
000731.SZ,20251203,49.131,0.9438,0.8377,368811.0048,368811.0048
688046.SH,20251203,53.9893,2.9971,8.7153,656000.0,656000.0
000818.SZ,20251203,,5.8322,3.1947,1347060.0796,1343409.547
603155.SH,20251203,61.676,2.6743,9.4503,580731.9252,580731.9252
301327.SZ,20251203,43.8279,1.5735,2.21,975663.6868,426805.3768
002080.SZ,20251203,31.1682,2.8017,1.9034,5495854.7376,5495854.7376
300715.SZ,20251203,,2.2006,1.714,409055.9753,361559.9038
603968.SH,20251203,,1.3089,0.8609,236378.88,236378.88
688081.SH,20251203,,7.5542,16.8765,295518.72,295518.72
600876.SH,20251203,,1.8723,1.7909,640509.5633,392509.5633
300990.SZ,20251203,43.5216,5.6135,4.0065,1148850.5753,519423.304
603633.SH,20251203,290.5492,2.4145,3.0018,468211.4673,468211.4673
001323.SZ,20251203,16.9895,2.739,2.2047,1209524.5239,249351.9721
000404.SZ,20251203,10.6513,1.1376,0.416,483717.2054,481440.1025
002052.SZ,20251203,29.8551,28.3259,9.2524,942806.9366,863802.1052
002034.SZ,20251203,11.7636,1.0289,2.1391,705659.5807,702157.5214
300814.SZ,20251203,449.7584,9.5156,8.8621,1564175.6086,1564175.6086
001280.SZ,20251203,82.4134,8.5704,7.0774,14061568.1806,1074835.2739
000065.SZ,20251203,16.7335,1.2767,0.8738,1299591.0652,1182629.2553
920249.BJ,20251203,,7.7903,2.4778,567935.61,167929.9189
300824.SZ,20251203,34.9212,5.5013,4.4142,396505.1436,384541.798
000766.SZ,20251203,479.9091,11.9866,22.1339,2758375.8938,2756985.9216
000591.SZ,20251203,16.6167,0.7233,3.2814,1761159.9124,1760912.098
002993.SZ,20251203,22.9472,2.4256,1.6983,1199945.88,1036528.8178
603259.SH,20251203,17.4374,3.6849,5.8887,26143680.1921,21670881.5155
688213.SH,20251203,44.1459,7.404,4.4757,3615368.6233,2906429.3242
301393.SZ,20251203,39.4366,2.3131,9.6722,540108.0,210565.9798
600111.SH,20251203,79.7572,7.1468,4.0938,17070340.9059,17070340.9059
688410.SH,20251203,41.4749,2.6754,6.413,470452.1156,342738.3427
300621.SZ,20251203,,2.223,0.2291,191204.1073,186124.1629
300919.SZ,20251203,33.1185,1.7935,0.9594,4159635.1473,3641772.9329
301125.SZ,20251203,389.8928,3.9614,4.0492,239570.8848,198331.5048
600776.SH,20251203,40.8265,4.4448,6.5878,1680528.0856,1279128.0856
600231.SH,20251203,,1.3302,0.3925,626916.7566,619067.1566
301102.SZ,20251203,115.7133,1.6108,8.0041,484358.0,484358.0
600155.SH,20251203,95.488,0.7576,4.6953,1514063.0543,1514063.0543
600110.SH,20251203,,2.2759,2.106,1339559.6795,1339559.6795
300266.SZ,20251203,,113.8545,3.6514,386898.0212,386651.81
000705.SZ,20251203,70.9707,1.6611,1.2558,335125.6559,282806.6333
603439.SH,20251203,31.5575,3.4392,2.9213,507073.4678,500761.8678
300204.SZ,20251203,,15.1408,53.9425,1318174.4792,1251660.3583
300328.SZ,20251203,,10.2059,6.8502,1117795.8084,1111227.7278
688151.SH,20251203,,1.6513,12.9328,691756.0,691756.0
603768.SH,20251203,,1.205,0.8061,283167.4698,283167.4698
002155.SZ,20251203,27.5287,4.3596,0.6925,3326884.6518,3326584.3372
300027.SZ,20251203,,28.2538,26.4555,743567.5863,665974.3149
688215.SH,20251203,276.9485,10.9085,12.1173,500260.0778,500260.0778
600800.SH,20251203,,4.026,1.1349,478429.4881,478293.7231
300832.SZ,20251203,28.3916,5.3559,10.2966,4683669.6774,4065386.2808
600400.SH,20251203,,2.5544,3.715,595756.6815,595756.6815
600716.SH,20251203,,0.735,3.2668,369743.9331,369743.9331
002701.SZ,20251203,13.5903,1.5357,0.7101,1502579.3953,1501197.1817
300979.SZ,20251203,21.5206,4.7402,2.9343,7387110.0,7387045.434
600489.SH,20251203,24.5234,3.7141,1.4756,10843438.2057,10843438.2057
920014.BJ,20251203,35.2132,1.9322,2.4878,148787.0832,81864.7509
003027.SZ,20251203,33.2764,1.5889,3.0804,271250.64,217586.5086
600377.SH,20251203,13.7498,1.592,2.8991,6413052.5675,4840178.9603
603163.SH,20251203,46.0442,5.6243,2.338,626000.0,626000.0
000739.SZ,20251203,21.8586,2.904,1.7947,1883629.2546,1882921.6665
603909.SH,20251203,31.3172,3.0386,0.4806,341481.8134,341481.8134
601066.SH,20251203,19.6115,1.6963,8.1483,19639951.226,16447039.0606
603061.SH,20251203,48.2848,4.9732,12.1133,765480.0,533620.3692
605086.SH,20251203,61.1031,5.3367,23.0994,682214.4,682214.4
688223.SH,20251203,,1.9918,0.7924,5442830.2568,5442830.2568
601399.SH,20251203,60.8784,1.8669,1.9819,2762791.9059,2762791.9059
002820.SZ,20251203,,3.0535,5.7891,272377.408,272377.408
920167.BJ,20251203,,3.0255,0.6013,187816.886,111794.7761
002198.SZ,20251203,94.6144,5.2755,9.1228,374034.758,374013.3113
601866.SH,20251203,19.8467,1.0957,1.2318,3365402.2341,2486755.8741
688599.SH,20251203,,1.6651,0.5935,3982365.0662,3982365.0662
600714.SH,20251203,61.3417,4.5991,9.8859,347540.5852,347540.5852
603665.SH,20251203,,7.0225,3.1437,499927.6099,497000.3948
603121.SH,20251203,277.7928,5.1032,5.2765,608006.5521,608006.5521
002937.SZ,20251203,38.945,3.9478,3.4359,602108.5294,600440.3389
300358.SZ,20251203,,1.2332,1.0899,605431.1307,592797.4681
600369.SH,20251203,31.7799,1.1329,8.8273,2930493.1237,2930493.1237
301015.SZ,20251203,22.3903,4.9544,1.5572,1180026.0529,1179874.5154
300450.SZ,20251203,85.6005,5.8034,5.6103,7395421.8465,7363554.6221
600359.SH,20251203,2994.6263,4.174,5.4277,279267.3842,279267.3842
601949.SH,20251203,21.7458,1.2831,2.2338,1237579.2351,1237579.2351
603899.SH,20251203,19.8605,2.9428,1.0746,2626607.5152,2626607.5152
000862.SZ,20251203,39.0267,1.1651,3.9849,522316.222,357313.2731
300048.SZ,20251203,84.1459,3.3659,0.7881,618306.9516,617040.0441
002976.SZ,20251203,2788.8209,4.5053,1.8684,375268.1355,201974.7263
300030.SZ,20251203,,3.8916,4.8222,245494.7281,216147.4837
300387.SZ,20251203,31.5455,1.7498,1.9656,259573.2022,259483.0672
603687.SH,20251203,43.0556,1.5121,2.2309,492828.5501,492828.5501
002722.SZ,20251203,24.7616,1.2292,1.5212,351347.7758,302232.1628
301297.SZ,20251203,112.0695,5.1368,11.381,2692568.6676,510673.4436
002111.SZ,20251203,71.3557,1.7504,1.6625,517112.0433,467773.853
600229.SH,20251203,,1.4383,2.1442,455227.6632,455227.6632
920351.BJ,20251203,64.9075,4.6023,1.0346,200632.7655,80358.5405
688099.SH,20251203,42.385,5.4688,6.173,3924421.1819,3924421.1819
002383.SZ,20251203,,4.1638,5.577,704823.0104,704823.0104
603681.SH,20251203,22.5679,1.2822,0.4994,333714.8884,333714.8884
300426.SZ,20251203,,25.4798,15.3912,375168.8807,333200.0
688045.SH,20251203,6412.9576,1.9259,3.9561,266361.4417,266361.4417
920946.BJ,20251203,34.2352,3.7589,8.3164,465767.9089,465624.7152
300787.SZ,20251203,32.6716,2.4617,1.2089,371104.6152,226095.2097
002296.SZ,20251203,13.7077,1.7272,3.0166,414903.1473,369997.4479
300406.SZ,20251203,18.5924,2.1653,5.6003,802656.5117,581026.1269
300625.SZ,20251203,,1.7399,1.8039,345811.778,200521.0339
688448.SH,20251203,74.9145,2.9661,6.5067,300079.8324,200907.9924
688595.SH,20251203,,6.7668,6.0611,486746.4648,486746.4648
600618.SH,20251203,18.2881,1.6007,1.8458,1451281.9699,941049.1699
688778.SH,20251203,51.9865,3.917,2.1421,3528800.0523,3528800.0523
605169.SH,20251203,38.1784,1.9669,1.2471,384151.04,384151.04
688366.SH,20251203,29.4869,2.0508,4.4922,1132902.5137,945226.5857
000670.SZ,20251203,,117.4662,1.3782,633566.9659,616397.3035
301608.SZ,20251203,33.6481,3.5219,4.5749,744846.3,334273.9455
000800.SZ,20251203,55.6931,1.3303,0.6117,3513794.6162,3513494.5277
002672.SZ,20251203,,1.8658,1.6614,568101.4822,465230.8072
300628.SZ,20251203,16.9473,4.9652,7.413,4306885.0158,2467370.2998
603324.SH,20251203,58.6901,2.0644,2.694,347047.013,347047.013
002975.SZ,20251203,94.9331,5.3456,7.8658,1200345.8164,792672.0422
301456.SZ,20251203,65.2819,2.0039,7.2221,441112.9643,177386.1994
605378.SH,20251203,64.9357,4.7054,4.273,588029.4,588029.4
920304.BJ,20251203,38.077,4.2393,3.2669,218601.936,106182.4663
603090.SH,20251203,64.1046,6.898,5.654,422900.0,422900.0
600217.SH,20251203,,2.2326,1.9206,686268.6206,686268.6206
002490.SZ,20251203,,11.8742,3.8241,591205.6644,401416.002
300383.SZ,20251203,139.1305,1.7901,3.2898,2281145.3228,2276020.1922
688047.SH,20251203,,20.5068,95.785,5241070.0,5241070.0
605003.SH,20251203,41.5476,1.8832,5.026,270820.0,270820.0
002550.SZ,20251203,24.0368,3.7545,6.7342,1032798.6,759580.8253
600834.SH,20251203,112.8589,2.3472,7.0564,402432.9459,402432.9459
920665.BJ,20251203,38.331,2.3514,5.3173,169766.94,83677.5984
688676.SH,20251203,54.2821,7.5547,4.8823,3562409.2523,3562409.2523
603125.SH,20251203,47.9221,3.026,7.3552,723442.6021,180870.0435
688300.SH,20251203,47.6663,8.3616,12.5242,1365749.7386,1365749.7386
603072.SH,20251203,75.5179,5.2702,4.9842,1127947.04,281986.76
300664.SZ,20251203,19.429,0.9683,2.4609,426528.5712,424266.3672
003006.SZ,20251203,30.6457,6.129,2.5341,900112.1201,897860.3617
300066.SZ,20251203,49.5758,2.5811,5.6743,674981.587,652835.8159
002691.SZ,20251203,,3.3923,7.7041,287980.0,284575.3183
600968.SH,20251203,10.3239,1.3782,0.7471,3944060.4292,3944060.4292
001277.SZ,20251203,28.7462,1.9218,2.847,297236.0,177492.2129
000831.SZ,20251203,460.3627,10.312,13.9664,4984554.1305,4984554.1305
603917.SH,20251203,282.6802,1.7041,4.3226,286191.36,286191.36
002788.SZ,20251203,12.9815,1.2339,0.1912,399783.7213,392865.8212
000848.SZ,20251203,14.0036,2.7328,2.8641,883289.624,874639.624
600168.SH,20251203,53.0629,0.8209,1.32,522527.1213,522527.1213
601568.SH,20251203,75.6461,1.352,1.6596,1549166.6674,1549166.6674
601086.SH,20251203,82.6808,4.335,9.4283,689310.0,689310.0
002189.SZ,20251203,,11.935,4.8531,628184.2516,628089.61
688613.SH,20251203,,1.8589,12.4781,266755.713,266755.713
300933.SZ,20251203,213.6364,2.131,1.5102,456820.5291,456820.5291
600510.SH,20251203,91.3935,0.9227,1.7651,960815.7005,960815.7005
002157.SZ,20251203,,2.3794,2.0405,2793549.1019,2180928.5674
301319.SZ,20251203,66.4962,4.8688,4.0266,570697.9621,428814.4801
301283.SZ,20251203,24.3804,2.2786,1.7784,372977.8584,212639.3275
300957.SZ,20251203,47.8921,2.8371,3.3284,1724899.2,1724899.2
600623.SH,20251203,23.4773,0.7444,0.3567,1649439.9046,1454421.2154
301115.SZ,20251203,97.3839,1.179,2.1063,297677.3067,197686.7388
002277.SZ,20251203,,1.4122,8.9066,949431.6768,949431.6768
002219.SZ,20251203,335.8138,4.01,2.339,789259.9484,762386.1868
600681.SH,20251203,17.6424,1.6874,1.1197,592657.826,592195.4772
000089.SZ,20251203,24.6399,1.244,2.8154,1439640.1953,1439621.1669
300479.SZ,20251203,163.0115,8.6276,3.6717,379500.706,379284.031
600319.SH,20251203,,9.0162,4.0647,363283.6928,363283.6928
002891.SZ,20251203,37.942,5.8404,3.2885,1688984.7546,1688983.9222
301133.SZ,20251203,75.1768,3.3603,3.0457,340768.8498,307907.402
600529.SH,20251203,17.4271,1.636,2.8361,1333200.753,1333200.753
300729.SZ,20251203,20.1436,1.3247,0.7374,482357.0999,448927.5481
601388.SH,20251203,167.976,1.423,0.8626,651561.8943,651561.8943
600449.SH,20251203,21.2058,0.8356,1.0449,619244.4494,619244.4494
920526.BJ,20251203,124.3384,8.8183,17.3211,198066.5,125420.129
301365.SZ,20251203,73.7377,2.5371,6.5323,426420.0,240174.7919
600608.SH,20251203,,36.0254,182.4271,140094.9739,135626.2339
688102.SH,20251203,121.1052,9.5913,11.3116,1741234.4094,1647312.2965
300081.SZ,20251203,,3.1596,9.0581,335661.4564,335610.6323
603051.SH,20251203,,1.8958,2.0508,333771.9302,333771.9302
000966.SZ,20251203,101.2003,1.0872,1.0015,1500326.0919,1405716.3354
600101.SH,20251203,30.2759,1.5958,1.6302,495267.6738,495267.6738
605296.SH,20251203,21.7953,2.9025,2.6818,1456221.26,1437406.76
002144.SZ,20251203,110.1005,1.1298,4.2174,240043.513,186920.9268
300485.SZ,20251203,68.0345,1.6208,13.7353,552471.3608,314068.3078
688181.SH,20251203,74.5709,2.1777,5.4138,451454.5499,451454.5499
301609.SZ,20251203,52.7881,5.6928,9.9982,701035.52,149565.0502
301345.SZ,20251203,30.9256,6.6678,6.4532,2277489.8478,606875.2022
600461.SH,20251203,10.715,1.3333,1.6065,1286723.4884,1286723.4884
603117.SH,20251203,443.5974,3.0078,11.808,309785.2326,309785.2326
600405.SH,20251203,,16.4083,7.9555,340120.4213,338616.2653
920906.BJ,20251203,32.1663,2.924,2.2272,170286.37,86973.2275
601956.SH,20251203,34.5859,1.7411,0.7085,443212.6287,443212.6287
300389.SZ,20251203,31.6713,3.7165,1.53,583916.7015,368892.8498
301123.SZ,20251203,,3.2342,4.3759,936682.88,932531.2
000663.SZ,20251203,,2.9446,9.2757,294935.1218,268319.8477
605588.SH,20251203,,3.6395,2.6833,372704.1837,370834.073
688248.SH,20251203,65.7594,7.649,8.1485,2446845.1,989657.2
601113.SH,20251203,14.7361,1.3061,1.0198,518951.5462,518951.5462
688429.SH,20251203,,3.7659,5.67,543601.0872,162845.2559
000793.SZ,20251203,,51.9629,17.5515,595179.1462,584380.5673
300444.SZ,20251203,84.168,4.2381,1.7892,754700.7101,587267.1306
000709.SZ,20251203,24.8295,0.404,0.1854,2387874.9723,2387480.2639
002391.SZ,20251203,,0.9128,1.0169,389105.9375,278008.3658
300859.SZ,20251203,82.2935,7.0927,17.9222,574275.0,574275.0
688551.SH,20251203,64.163,2.4115,6.6782,314424.4517,314424.4517
688380.SH,20251203,70.9373,4.1407,12.1823,1261149.75,532554.75
688722.SH,20251203,27.5983,2.7673,4.1598,391144.7247,390167.1532
601336.SH,20251203,5.2244,1.9964,1.2321,20064923.7312,13413545.8349
601615.SH,20251203,99.5126,1.144,0.9086,3018819.1223,3018819.1223
000727.SZ,20251203,,5.5793,0.2433,1290926.5893,1290926.5893
600114.SH,20251203,32.9001,5.4344,2.9622,1762191.2843,1720326.2843
002285.SZ,20251203,,2.2902,2.9388,641690.9502,636199.9448
002882.SZ,20251203,111.2645,6.2345,2.7688,1319912.1,752301.5704
600611.SH,20251203,156.4515,1.3285,6.1735,1347550.0325,891090.3275
002506.SZ,20251203,,8.3177,0.9284,1480130.056,1478641.1131
002109.SZ,20251203,,1.1836,1.3289,482430.0037,482430.0037
300035.SZ,20251203,27.1832,2.8889,1.8638,1416776.929,1205780.5847
688128.SH,20251203,22.0828,3.4107,2.3998,1162937.5,1162937.5
300137.SZ,20251203,,2.6699,4.4425,435704.7545,430387.6941
603890.SH,20251203,24.009,2.2922,1.7394,723583.6184,723583.6184
601827.SH,20251203,11.1141,1.1791,2.4925,1402752.0387,1402752.0387
301267.SZ,20251203,35.4705,2.6102,3.8032,1565760.0,1208700.3299
300514.SZ,20251203,23.5968,2.5476,3.4898,269200.0,215707.7055
600825.SH,20251203,160.1142,2.8261,4.7749,692760.6446,692760.6446
688202.SH,20251203,,3.3988,6.4998,701318.4005,701318.4005
000633.SZ,20251203,210.8387,16.8557,9.2421,331191.4808,331189.0298
002757.SZ,20251203,,2.4645,1.5458,491934.0951,469619.7785
920719.BJ,20251203,,2.2746,4.9974,115622.0028,90906.5282
002007.SZ,20251203,30.0332,2.7242,6.6762,2849004.9423,2453402.7884
301367.SZ,20251203,39.8677,2.8128,7.9867,838297.6,654391.9754
002084.SZ,20251203,,2.3986,1.2197,334010.9727,333276.0065
920438.BJ,20251203,168.8541,5.6776,10.5691,562321.44,541964.0664
300072.SZ,20251203,,1.7601,4.1991,1062073.5765,1053775.294
000825.SZ,20251203,176.1453,0.7509,0.2674,2489260.2869,2489260.2869
300332.SZ,20251203,53.9732,1.1284,1.7462,480139.8706,460447.7214
301045.SZ,20251203,92.5898,2.9281,4.9633,300176.2521,174029.6745
688116.SH,20251203,68.78,4.905,12.8742,1813600.4399,1813600.4399
920953.BJ,20251203,64.827,7.8587,15.1329,445459.2972,208222.7632
300047.SZ,20251203,306.6899,2.7504,1.0242,906872.9236,777324.5557
002802.SZ,20251203,52.8587,3.8225,5.9115,241914.7407,241438.1951
300942.SZ,20251203,130.6899,4.828,16.2134,408309.1559,408309.1559
000157.SZ,20251203,16.5864,1.2233,1.4788,7135041.5697,5833094.3245
300305.SZ,20251203,,1.2061,2.5718,247013.3921,211531.0876
601096.SH,20251203,33.1781,2.4217,1.121,1110189.3615,681835.2645
688501.SH,20251203,17.6744,3.032,1.6081,323981.408,323981.408
688141.SH,20251203,,9.7734,6.9729,1694109.8931,1005912.9977
300203.SZ,20251203,253.6144,2.3937,2.03,681632.4144,681071.7895
603825.SH,20251203,,14.3149,1.969,235349.6568,235349.6568
600668.SH,20251203,6.9344,0.8252,1.7174,476487.2855,476487.2855
603848.SH,20251203,38.5872,3.1012,5.0197,776644.5662,776644.5662
300290.SZ,20251203,,20.5585,21.3822,1595493.0271,1595018.8553
603877.SH,20251203,42.1308,1.7615,1.1635,753720.7168,750917.2368
920639.BJ,20251203,74.7195,1.8582,0.7335,161078.4,93365.3209
000909.SZ,20251203,,2.5479,7.692,252998.8336,252996.7095
688060.SH,20251203,,2.8645,8.3148,257977.4602,257977.4602
600331.SH,20251203,,9.0566,7.5609,2881985.6,2216912.0
688281.SH,20251203,50.0344,3.732,14.4516,1738455.7652,1738455.7652
002675.SZ,20251203,74.0815,2.8133,4.4745,1230296.7919,1109128.919
920001.BJ,20251203,175.7196,4.2263,15.4941,320680.4977,185098.1587
603818.SH,20251203,,1.2272,0.7698,267065.5596,267065.5596
002485.SZ,20251203,,2.0325,3.1284,239360.0,239360.0
600480.SH,20251203,19.5635,1.8651,0.7431,1453386.6072,1431748.6002
002577.SZ,20251203,491.3971,4.4722,12.2472,529139.2704,529111.1004
002281.SZ,20251203,53.2481,4.9904,4.2701,4879032.5443,4713215.3809
603276.SH,20251203,88.8203,2.0788,4.6942,362348.3723,131995.8624
002556.SZ,20251203,37.29,1.5486,0.3647,560338.7034,559807.7244
300245.SZ,20251203,,3.4974,8.5343,434765.5428,433834.2888
002630.SZ,20251203,,13.407,1.6274,323539.2,282294.771
002703.SZ,20251203,52.9294,4.839,2.9625,988804.1256,704429.7849
688350.SH,20251203,371.6526,2.0864,1.8918,280785.184,280785.184
300876.SZ,20251203,,3.6095,6.8436,362689.5997,270565.9597
002275.SZ,20251203,17.2489,2.8839,4.3328,901917.801,858128.4201
600869.SH,20251203,,3.6051,0.5469,1535792.1002,1535792.1002
002234.SZ,20251203,,1.7796,1.5121,321741.3155,277898.7652
600570.SH,20251203,50.893,5.9387,9.1081,5358496.3359,5358496.3359
600628.SH,20251203,74.0715,1.2047,4.6316,511678.4287,511678.4287
300021.SZ,20251203,76.5939,1.8925,1.0466,477445.608,407569.2115
603167.SH,20251203,16.2881,1.3405,2.565,470551.9365,470551.9365
600159.SH,20251203,,1.5182,3.73,260621.0148,260621.0148
688618.SH,20251203,83.7219,3.2835,7.6949,288135.4225,287775.1225
301117.SZ,20251203,308.8787,4.6702,17.6673,609546.7178,374924.0168
002805.SZ,20251203,,5.23,3.0693,516435.2648,513632.5507
688168.SH,20251203,,6.1079,6.4625,607155.4796,607155.4796
300550.SZ,20251203,69.2851,3.1825,8.7747,355506.4309,355176.3528
920792.BJ,20251203,35.3745,1.965,2.8068,199972.32,121233.4763
002186.SZ,20251203,,4.336,2.9386,375058.1805,374556.855
605020.SH,20251203,22.855,2.3221,2.6178,1312148.8008,1291867.2241
300490.SZ,20251203,,2.3153,2.5241,510298.4627,503363.3434
688176.SH,20251203,,3.2021,20.0203,558604.7353,426100.8581
300306.SZ,20251203,41.0252,2.44,8.5481,357984.1335,209768.9142
600794.SH,20251203,55.1008,1.7772,6.3255,466859.1891,466859.1891
300844.SZ,20251203,,4.6184,7.1277,338635.127,327114.884
300665.SZ,20251203,,3.8374,3.5689,211939.4666,211092.6786
002196.SZ,20251203,,4.3974,2.3359,622319.2722,612798.1858
000090.SZ,20251203,23.8797,0.5146,0.3377,745549.6282,745515.5137
600429.SH,20251203,44.9628,1.6152,1.299,842671.9655,840129.716
300077.SZ,20251203,,13.0054,9.5857,1250806.7715,1214772.273
301509.SZ,20251203,39.1298,1.824,6.7285,402050.9811,189401.2177
300105.SZ,20251203,48.5172,2.0061,3.1585,386345.0006,386345.0006
603239.SH,20251203,26.6532,4.1264,3.6776,517616.64,517616.64
603906.SH,20251203,,5.3607,2.0462,1603769.7119,1322849.7119
002765.SZ,20251203,40.1759,2.9228,2.0713,768206.89,701952.6949
603929.SH,20251203,23.11,7.9158,3.6288,1477518.0,1477518.0
300374.SZ,20251203,,4.9544,2.0657,403296.2327,319692.744
002718.SZ,20251203,,4.176,7.1114,373715.8823,157358.5044
688152.SH,20251203,349.4013,3.4326,14.7184,434869.5882,434869.5882
601318.SH,20251203,7.5319,1.0902,0.9725,105658091.0408,62201479.7593
300531.SZ,20251203,,3.89,3.7376,546476.3984,525507.3721
300696.SZ,20251203,185.8292,3.9717,16.6346,751644.2484,681733.3475
600479.SH,20251203,21.3589,1.7109,1.4698,534047.8674,454080.2219
688218.SH,20251203,636.3118,2.9241,3.7563,260330.7864,260330.7864
920122.BJ,20251203,121.6603,9.6904,17.0401,333916.431,129321.3796
603309.SH,20251203,16.5224,2.0858,2.4612,403658.1711,403658.1711
002381.SZ,20251203,42.1149,1.3418,1.0395,284811.7255,222842.1429
600983.SH,20251203,16.9754,2.85,1.7869,790198.609,790198.609
688759.SH,20251203,,8.5524,,1459468.8787,150676.2044
600064.SH,20251203,6.3551,0.7504,5.1729,1477710.056,1477710.056
002355.SZ,20251203,,3.2356,4.4161,395740.752,365954.6568
920950.BJ,20251203,28.7367,4.3464,6.8428,133515.72,65046.3021
002609.SZ,20251203,100.7464,2.5127,3.4627,604189.0717,431376.7793
000950.SZ,20251203,25.1773,0.8165,0.1136,943588.844,943588.844
688333.SH,20251203,94.4154,4.0904,11.91,2017365.2676,2017365.2676
688062.SH,20251203,,21.7625,26.5217,1656342.0,846284.65
688003.SH,20251203,84.7071,5.5826,6.0158,1043501.085,1043501.085
605199.SH,20251203,,5.288,3.4268,364499.0731,364499.0731
302132.SZ,20251203,95.1088,10.3921,4.2385,20716724.4381,4543796.8257
002023.SZ,20251203,69.4049,2.0327,5.9104,888291.4218,888291.4218
603998.SH,20251203,16.9174,2.9885,2.9692,499674.5877,499674.5877
000541.SZ,20251203,28.2705,1.4168,1.0936,950646.7244,761700.0545
001206.SZ,20251203,26.1996,3.0935,3.2366,578717.619,332767.3929
000792.SZ,20251203,22.3972,3.2864,8.5423,13493509.9796,13493431.4523
601865.SH,20251203,106.3503,1.7078,2.2406,3706436.4163,3007421.8063
603558.SH,20251203,10.7787,1.6654,1.5738,399173.3271,399173.3271
301377.SZ,20251203,122.885,16.6095,21.699,4141000.0,717342.4
688316.SH,20251203,,75.3857,12.8851,287724.0609,287724.0609
603126.SH,20251203,,2.114,1.4872,431013.0,431013.0
920090.BJ,20251203,,20.2712,16.171,130164.8055,88381.8522
601878.SH,20251203,19.4287,1.3602,4.6429,4971716.9466,4971716.9466
300352.SZ,20251203,,7.0128,33.8988,864095.1559,760860.0857
600248.SH,20251203,12.5233,0.3724,0.1016,1387441.7911,1374829.2751
605066.SH,20251203,30.4803,2.095,1.2953,374019.8426,372302.9456
301502.SZ,20251203,77.8119,3.0933,5.9893,257161.1675,106259.435
003018.SZ,20251203,48.9763,3.6471,7.0367,581100.0,218982.8974
301601.SZ,20251203,96.6729,3.1766,7.8158,403177.6,90714.96
603556.SH,20251203,17.6439,2.2557,3.5573,1663509.7256,1663509.7256
002727.SZ,20251203,85.5433,1.0548,0.4433,771826.2368,523657.7867
002959.SZ,20251203,19.4959,2.4183,1.2979,689236.0291,665988.4324
688435.SH,20251203,,3.8496,20.7553,423011.0,239026.93
001270.SZ,20251203,103.9282,6.4063,22.6122,943387.9019,931417.4907
002159.SZ,20251203,22.5377,1.9228,4.3784,281199.9015,219617.4849
688127.SH,20251203,43.2726,6.5336,10.2911,1336621.1261,1336621.1261
603192.SH,20251203,26.6033,2.0809,1.3462,331705.3358,326211.1328
603893.SH,20251203,74.1886,17.901,18.4245,7587486.7953,7585359.7273
688257.SH,20251203,33.5175,3.0705,3.0841,708258.2622,708258.2622
300340.SZ,20251203,,,1.8912,364179.2418,360973.2218
000880.SZ,20251203,53.2514,5.8841,2.1551,1210645.4724,592539.948
605286.SH,20251203,31.0394,3.2053,3.0822,680568.0,680568.0
603291.SH,20251203,53.9375,2.4764,3.7538,438879.7663,134750.9708
000779.SZ,20251203,19.6352,1.0314,2.0166,407655.4294,407607.4487
301024.SZ,20251203,,5.8648,17.0666,234501.48,227033.28
300063.SZ,20251203,52.1074,3.825,0.9577,665228.3106,549488.2465
002864.SZ,20251203,32.4649,2.3232,3.5617,391220.2138,273096.0698
300055.SZ,20251203,120.0903,1.2891,2.5364,666052.6864,503630.1106
603983.SH,20251203,40.1211,4.3158,4.0114,1391069.0,1391069.0
688517.SH,20251203,25.9732,2.7289,3.0599,218307.868,218307.868
300494.SZ,20251203,,4.0741,4.8037,586650.0509,476424.2893
300010.SZ,20251203,112.2312,7.4294,13.572,1324698.7144,1066196.1851
688286.SH,20251203,90.082,4.1565,7.0329,445019.6275,445019.6275
603179.SH,20251203,38.1914,4.8743,2.3151,3489370.5481,3489370.5481
002414.SZ,20251203,609.2632,7.434,13.0952,5150507.7462,4098726.5918
002021.SZ,20251203,,5.0923,3.8077,316801.4906,316791.0411
002755.SZ,20251203,61.6746,4.9379,8.6614,1582513.3985,1582498.4371
300613.SZ,20251203,69.0097,3.8612,6.5256,1062820.8678,1002460.6939
601022.SH,20251203,17.6019,1.9934,1.9962,1200016.7673,227996.7673
600883.SH,20251203,55.186,2.0243,35.2551,198550.008,198550.008
001390.SZ,20251203,33.5229,3.5808,5.8658,568400.0,139254.7232
600368.SH,20251203,10.184,0.9095,3.5966,651909.8125,651909.8125
003023.SZ,20251203,30.8648,1.632,2.1572,252609.1568,252034.8694
920476.BJ,20251203,50.0782,4.1722,5.0786,179559.0184,169800.9662
002868.SZ,20251203,,,10.0603,590580.1806,585358.1484
002527.SZ,20251203,,8.2024,2.7394,1026418.8785,819325.9477
002133.SZ,20251203,,0.9235,0.5156,267853.8846,266375.0895
920395.BJ,20251203,32.9105,7.9393,10.2571,183255.4305,124246.3612
001338.SZ,20251203,18.4175,1.6456,1.4618,612613.3483,612613.3483
002457.SZ,20251203,18.3116,1.5266,1.4174,376506.5972,376320.1417
000510.SZ,20251203,,4.7918,3.3187,591471.7532,553278.3131
601231.SH,20251203,30.4288,2.6513,0.8165,4925709.0397,4925709.0397
600207.SH,20251203,,2.3184,1.6628,554460.09,554460.09
600226.SH,20251203,66.591,3.5146,7.5229,1270060.7826,1270060.7826
688161.SH,20251203,43.228,2.86,7.8173,1153600.0,1153600.0
301381.SZ,20251203,38.6614,3.3181,0.7573,883169.9998,427574.5243
000069.SZ,20251203,,0.4332,0.504,2121968.126,1821230.8702
601360.SH,20251203,,2.9594,10.3328,8686451.3278,8686451.3278
600109.SH,20251203,13.6095,0.9652,3.9543,3371004.0351,3371004.0351
001203.SZ,20251203,59.2525,6.2913,10.3608,4030945.6768,3448942.5825
000955.SZ,20251203,,5.8712,8.2231,380645.265,380361.0333
600527.SH,20251203,140.1204,1.8954,7.3275,391377.9639,391377.9639
002719.SZ,20251203,,8.5364,2.6375,164039.3685,152473.1515
688772.SH,20251203,48.0037,3.6973,1.9757,2636588.354,2636588.354
301209.SZ,20251203,191.9567,15.0291,21.6665,1147216.0,980080.969
000008.SZ,20251203,,2.8265,3.8918,828495.1933,828470.5704
300134.SZ,20251203,,2.5163,4.0665,958605.0095,889810.0895
301138.SZ,20251203,40.4937,4.0676,6.4367,477960.0,273075.0376
603323.SH,20251203,5.289,0.5736,2.5661,1071845.503,1071845.503
300528.SZ,20251203,,15.2659,11.2318,806696.4369,806696.4369
300982.SZ,20251203,400.1224,1.2448,2.1069,361361.1449,338544.4169
600081.SH,20251203,127.509,1.4571,1.008,668055.6134,668055.6134
603662.SH,20251203,52.3747,6.1618,11.638,1696774.0625,1696774.0625
300716.SZ,20251203,,,29.0217,184503.06,184503.06
601016.SH,20251203,21.464,1.1196,4.176,1932113.937,1780150.0413
600769.SH,20251203,255.6512,39.3154,59.9376,472471.272,472471.272
688015.SH,20251203,32.6655,1.7375,1.9536,450946.9734,450946.9734
003041.SZ,20251203,28.3706,4.8462,7.2414,709200.0,673855.245
002174.SZ,20251203,,2.2591,7.6913,1120041.5352,1119412.8926
002214.SZ,20251203,,6.5023,21.2162,919230.9923,734814.9941
000697.SZ,20251203,,,6.8272,1245310.7636,582571.7544
000026.SZ,20251203,41.4702,1.8144,1.7135,612703.6506,550490.1043
603636.SH,20251203,,3.6218,8.3261,814245.8138,814245.8138
920571.BJ,20251203,,4.1924,5.8531,555407.453,281193.356
002640.SZ,20251203,,8.1082,1.249,691770.3505,687428.3302
600021.SH,20251203,21.2583,1.8186,1.3245,5605695.4792,5605695.4792
001226.SZ,20251203,144.8706,4.2634,4.7519,310688.1387,141168.9987
300910.SZ,20251203,21.8438,4.7508,5.1074,1740395.3699,1220225.5718
000978.SZ,20251203,,2.9116,7.5302,322541.57,322533.8188
603683.SH,20251203,126.9237,5.0766,3.9999,813783.4774,803634.8814
000037.SZ,20251203,114.3626,3.7024,15.5116,544294.6242,306034.0595
920175.BJ,20251203,,1.9269,5.4617,138516.0,92277.101
601606.SH,20251203,,16.3737,23.6032,3623314.6852,3623314.6852
600084.SH,20251203,535.0007,4.9075,39.871,634905.659,634905.659
300170.SZ,20251203,94.3166,3.3811,5.6178,1865939.0528,1783414.935
002323.SZ,20251203,,10.6144,10.1799,371149.6499,371066.8367
920405.BJ,20251203,70.8493,4.8062,6.5384,386135.78,303050.9448
600409.SH,20251203,57.4656,0.9339,0.6677,1298475.8028,1298475.8028
688260.SH,20251203,,36.3877,8.2088,448560.0,448560.0
300761.SZ,20251203,25.8575,1.856,0.903,1673702.0124,1255404.2439
300385.SZ,20251203,,26.1156,4.6008,215212.2721,187768.0609
601609.SH,20251203,23.1669,1.7772,0.1424,1766668.2332,1766668.2332
002177.SZ,20251203,495.9415,2.9182,82.89,497819.1063,441397.0018
605268.SH,20251203,27.0732,2.8595,1.4273,479775.1875,470523.4688
600751.SH,20251203,104.4715,1.5122,8.6344,1145238.4243,1016409.6755
920270.BJ,20251203,34.0906,4.1104,7.2574,167699.448,130048.6922
002622.SZ,20251203,,7.7693,3.7572,283080.0,283071.6593
002916.SZ,20251203,47.8791,8.033,6.0155,13000778.7617,12967237.3034
600576.SH,20251203,40.7905,2.645,7.2466,785638.5878,491990.6118
600775.SH,20251203,,3.3575,4.2699,1015274.6057,746412.6057
300092.SZ,20251203,54.2013,2.7155,4.3251,441016.4663,337884.6722
600710.SH,20251203,11.1251,1.6909,0.1183,1391688.1472,1391688.1472
688519.SH,20251203,100.1193,5.4721,3.3249,1522959.49,1522959.49
300818.SZ,20251203,93.698,3.0321,6.0029,549186.0534,356255.7686
600798.SH,20251203,,1.1499,1.6296,448830.7228,448830.7228
300464.SZ,20251203,,23.3423,2.2574,324136.3214,251582.6139
601528.SH,20251203,5.4873,0.5702,2.4908,1100772.5426,973030.1178
601588.SH,20251203,,0.8233,0.9126,619531.68,489440.0
301201.SZ,20251203,,3.103,17.6464,660782.7423,463592.7224
603967.SH,20251203,16.5825,1.8347,0.4619,429173.387,429173.387
000159.SZ,20251203,85.3379,1.3985,1.9712,285046.7938,285039.0107
688030.SH,20251203,,4.1121,3.3903,342442.1642,342442.1642
002418.SZ,20251203,,3.5739,1.8195,514789.2,514787.9941
603660.SH,20251203,,5.7033,4.1942,558763.6856,554620.6028
301189.SZ,20251203,,2.2883,5.8382,480950.1934,461783.5312
600778.SH,20251203,349.0356,9.2912,1.4506,213683.0675,213493.4091
688665.SH,20251203,30.2557,4.2485,4.5456,479337.7765,479337.7765
300881.SZ,20251203,20.0199,3.3789,1.2178,369490.0,192827.5938
002120.SZ,20251203,16.255,0.9871,0.3976,2009145.7518,1950884.2626
688680.SH,20251203,,2.6531,2.3337,328701.4616,328701.4616
600817.SH,20251203,20.7484,2.4747,1.5968,588234.6936,583756.5136
920810.BJ,20251203,,5.4179,12.9932,125724.9,81816.2915
002542.SZ,20251203,,12.1641,6.1617,635753.0918,619087.492
300608.SZ,20251203,,2.8598,4.8385,381918.6443,331575.143
300889.SZ,20251203,,4.1895,5.6216,613112.1907,407485.6695
603108.SH,20251203,,2.2082,1.2312,911550.4942,911550.4942
002850.SZ,20251203,25.576,3.3559,2.9872,4194195.8184,3019626.1256
003028.SZ,20251203,30.2326,2.5284,3.1765,438908.463,213942.3515
001376.SZ,20251203,33.5479,5.0039,5.4631,585343.0,271466.0725
600356.SH,20251203,17.0437,0.9777,0.9073,262584.8813,262584.8813
002349.SZ,20251203,30.2653,2.514,4.6945,680333.4246,667628.3446
300206.SZ,20251203,32.3372,3.723,4.2048,798196.4274,465948.661
688150.SH,20251203,40.3871,5.0705,16.3034,878118.8105,878118.8105
688717.SH,20251203,53.2943,2.2653,2.7913,1031040.0,630531.2748
002470.SZ,20251203,,3.0224,0.6713,621059.2432,621006.6398
600498.SH,20251203,37.6309,1.8526,1.2641,3092798.9784,2896166.4074
603334.SH,20251203,41.1069,3.8028,2.2573,634844.0,137381.2503
300656.SZ,20251203,,3.5984,9.4305,352517.6483,273769.6575
300477.SZ,20251203,,3.7613,2.3236,370918.4657,342834.2934
301161.SZ,20251203,52.4225,4.129,4.937,380520.0,380520.0
300893.SZ,20251203,32.6823,5.6153,4.359,1087429.9105,576757.2592
300853.SZ,20251203,,4.9048,13.354,299181.889,224482.3175
301516.SZ,20251203,,3.5168,5.5174,453894.7378,113473.6849
688301.SH,20251203,38.3619,3.5935,10.3394,2092975.83,1983590.928
603886.SH,20251203,25.0203,2.0383,1.6142,316320.0,316320.0
001324.SZ,20251203,55.5541,2.359,5.7335,267444.0,158244.6768
605099.SH,20251203,23.2921,4.9056,4.6545,1474035.8679,1470057.4711
000019.SZ,20251203,25.6969,1.6702,1.5174,833282.9886,300924.4623
605177.SH,20251203,,1.3356,2.7303,227042.7956,222803.5737
002315.SZ,20251203,26.6963,5.1976,7.3278,1360941.878,867932.4697
603097.SH,20251203,43.2159,4.0611,2.2164,437561.535,425760.0
600763.SH,20251203,35.8242,4.2611,6.3152,1850882.3661,1850882.3661
603000.SH,20251203,115.7728,5.8864,10.5493,2161626.0145,2161626.0145
603801.SH,20251203,13.9781,1.2319,0.8778,408724.259,408724.259
300095.SZ,20251203,,2.3565,2.9206,393624.4837,317387.273
603060.SH,20251203,29.457,2.5896,1.9108,511318.7025,511318.7025
600422.SH,20251203,18.8368,1.8807,1.2975,998451.0235,998451.0235
603320.SH,20251203,37.56,2.4192,2.7646,281737.1775,281737.1775
002451.SZ,20251203,381.0516,6.476,3.1073,501923.13,500190.711
300471.SZ,20251203,,4.334,6.8983,675147.9377,526363.6173
000677.SZ,20251203,512.0217,7.4349,3.5541,377558.3633,377558.3633
300181.SZ,20251203,20.0677,3.8387,4.2541,1196566.7935,1028566.0278
603637.SH,20251203,27.0236,2.4301,5.1683,250620.1709,250620.1709
000968.SZ,20251203,16.6578,1.0803,3.2102,667576.8354,667576.8354
605179.SH,20251203,237.0834,8.0907,3.2108,911473.0,911473.0
600089.SH,20251203,20.4328,1.4633,1.1048,10873609.6128,10873609.6128
600756.SH,20251203,,3.0461,4.6283,723731.5187,670884.4187
300327.SZ,20251203,97.0737,5.6167,7.3739,982463.355,979427.0247
002679.SZ,20251203,224.0486,4.4326,21.5031,325107.524,325107.524
603313.SH,20251203,33.0486,1.4563,0.5914,536922.2588,536922.2588
688605.SH,20251203,59.129,7.3553,9.6059,1186755.4756,237351.264
301047.SZ,20251203,62.6449,1.5764,12.601,831873.6785,817811.867
002176.SZ,20251203,,4.7843,7.1074,1624421.9531,1624130.1984
300829.SZ,20251203,58.3406,1.6423,2.4822,396822.3368,276294.7765
000970.SZ,20251203,106.9307,2.372,2.3327,1543971.7317,1543971.7317
600692.SH,20251203,,2.975,5.5397,275079.498,199418.2243
603113.SH,20251203,,0.707,0.3387,569337.2033,569337.2033
688237.SH,20251203,1009.5461,3.4464,10.2847,417103.4081,417103.4081
000821.SZ,20251203,27.571,1.805,1.0308,773610.4743,750976.2489
002782.SZ,20251203,27.9351,4.0416,1.5723,866449.1307,849917.5964
920116.BJ,20251203,127.3891,22.6803,39.6603,1244167.925,316002.5339
000567.SZ,20251203,,2.4684,28.7409,1331077.2576,1327883.3791
300402.SZ,20251203,83.8247,3.3749,3.6,505673.7284,499174.3004
002849.SZ,20251203,79.9675,2.2786,1.9364,311755.8646,273510.6232
002358.SZ,20251203,50.4937,1.5317,1.7573,514155.6083,514154.9032
300141.SZ,20251203,,4.498,6.93,297552.6684,293968.529
600010.SH,20251203,109.0165,2.1219,1.6666,11050423.1209,7656914.782
600861.SH,20251203,9.017,1.4605,0.239,1043345.7393,675597.4449
300560.SZ,20251203,,4.4164,4.2599,428471.855,348689.324
601958.SH,20251203,14.8416,2.5237,3.1776,4562418.6216,4562418.6216
000701.SZ,20251203,,2.0107,0.1375,501448.8727,495361.8386
601208.SH,20251203,90.915,3.4392,4.1188,2070851.6744,2070851.6744
601026.SH,20251203,66.1299,5.2542,3.6534,1391993.4,226264.8245
002425.SZ,20251203,,1.3067,6.9012,377882.7011,377644.0547
688271.SH,20251203,62.0813,5.1308,8.703,10621748.1493,10621748.1493
603048.SH,20251203,50.6179,2.4303,4.3757,310210.56,310210.56
601015.SH,20251203,,1.5685,0.8031,884401.4777,884401.4777
603270.SH,20251203,42.932,2.3928,2.9662,535058.4808,172690.1008
301071.SZ,20251203,146.1913,1.9394,18.6757,1026514.0025,767479.3946
601666.SH,20251203,33.3884,0.8494,0.8957,1950794.6623,1950794.6623
300789.SZ,20251203,57.8954,3.1362,5.644,334161.3594,229735.2988
301192.SZ,20251203,76.6996,4.9782,6.8173,308691.0,147914.4375
003001.SZ,20251203,76.4742,3.1037,5.492,372233.992,225633.9117
603730.SH,20251203,28.6545,3.9171,2.8072,1787622.0519,1787622.0519
688707.SH,20251203,,1.7257,4.4953,705113.9241,705113.9241
300752.SZ,20251203,56.8158,3.5255,2.9208,429578.0373,295657.354
920873.BJ,20251203,,4.0009,13.565,114733.4775,82432.2307
300445.SZ,20251203,33.8374,3.4686,7.2156,441004.707,294926.4065
000025.SZ,20251203,54.2841,4.5696,4.8209,825907.7411,752563.2611
300017.SZ,20251203,28.8025,2.4476,5.1549,2481584.825,2326896.9037
300867.SZ,20251203,24.2924,1.5424,3.7945,597286.8345,421197.9528
300803.SZ,20251203,221.0689,27.0639,46.2132,7297974.6648,7183257.7693
002077.SZ,20251203,195.7091,2.5926,23.7256,869362.0725,869362.0725
300256.SZ,20251203,,10.706,6.3846,993556.3031,982606.3031
002187.SZ,20251203,,1.2858,1.2229,518662.0284,518662.0284
002895.SZ,20251203,17.327,2.9298,2.797,2163901.0582,2124587.9743
603129.SH,20251203,22.8678,5.7334,2.2341,4129514.4491,4129514.4491
300469.SZ,20251203,,40.3301,56.5649,1536846.5594,1536807.7418
300532.SZ,20251203,23.7793,3.0149,2.6314,536207.9963,509930.7451
002154.SZ,20251203,19.0473,1.3263,1.1796,601245.4963,486066.3021
600198.SH,20251203,161.6563,40.6035,10.6516,1113277.424,1111865.1326
600556.SH,20251203,516.6517,2.9186,2.9892,1122611.2857,1122611.2857
603995.SH,20251203,9.4237,1.1064,0.1489,632518.8943,632518.8943
301617.SZ,20251203,59.0733,6.1069,7.3973,1031433.52,257858.38
300475.SZ,20251203,227.2557,17.4088,1.7237,5888243.1248,5641180.1288
920926.BJ,20251203,45.9068,5.8318,3.3021,158079.1475,143446.276
300253.SZ,20251203,,3.2344,8.4299,1824853.5981,1577536.375
000985.SZ,20251203,,4.2286,1.3716,260056.837,260056.837
002137.SZ,20251203,,3.4722,8.3651,524951.9123,360380.9865
603350.SH,20251203,35.699,3.2845,2.2339,432132.48,163328.0
300835.SZ,20251203,49.7701,6.0415,5.6973,721447.617,497816.5423
920575.BJ,20251203,,10.5717,2216.2837,342184.92,228787.5122
300124.SZ,20251203,36.6766,5.5326,4.3919,19019730.0502,16668126.9818
603700.SH,20251203,27.9204,1.5985,1.5306,258550.7807,258550.7807
002960.SZ,20251203,37.4733,1.5216,2.0132,958496.6288,818752.4703
920802.BJ,20251203,53.4779,2.9594,6.3572,128178.9573,34540.1009
300594.SZ,20251203,,1.9948,1.9771,164820.9693,163250.6363
002734.SZ,20251203,17.5675,2.0642,1.6429,738054.4749,669102.0355
002729.SZ,20251203,73.4596,5.5655,7.2319,305559.7664,293024.3974
000045.SZ,20251203,88.7494,2.0854,1.8927,620489.265,559851.765
688622.SH,20251203,,20.7775,61.6389,761732.282,761732.282
000899.SZ,20251203,10.4918,1.5729,1.4207,992264.2819,992264.2819
600719.SH,20251203,,8.4873,4.1475,250042.5528,250042.5528
688656.SH,20251203,367.1471,16.1331,34.5181,1337518.1218,1337518.1218
603693.SH,20251203,28.0528,1.5447,5.2018,1075119.9113,1075119.9113
600857.SH,20251203,92.2274,3.9309,6.941,350163.3936,350163.3936
301448.SZ,20251203,1149.9205,8.6337,7.7262,590362.4,272506.43
301000.SZ,20251203,64.5163,7.4816,11.2307,930705.8979,878560.0419
301061.SZ,20251203,25.661,5.7957,7.2707,2334248.1687,1550749.2791
300601.SZ,20251203,,1.9136,6.4565,1741292.7787,1403717.7148
600418.SH,20251203,,10.7757,2.6235,10699463.9661,10699463.9661
000030.SZ,20251203,14.4833,1.1945,0.5692,973412.9383,945733.0479
600557.SH,20251203,36.5507,1.8171,2.736,856598.2735,856598.2735
920075.BJ,20251203,65.2345,4.3632,3.3725,175130.13,94242.6905
000520.SZ,20251203,,12.2127,7.2257,491872.5591,491872.5591
002884.SZ,20251203,13.69,2.7456,3.7457,634886.4535,484703.6662
601012.SH,20251203,,2.3993,1.8231,13655664.3543,13655650.7564
300472.SZ,20251203,,,,238649.2244,229617.4687
605069.SH,20251203,,2.4642,6.4644,209792.498,83403.8265
603678.SH,20251203,50.1952,2.3939,4.3307,1450002.6579,1450002.6579
300136.SZ,20251203,48.8147,3.9087,3.4061,3001397.9151,2557809.7065
300449.SZ,20251203,,8.8528,15.1354,274857.6242,274857.6242
600383.SH,20251203,,0.2674,0.2502,1458210.4938,1458210.4938
920158.BJ,20251203,44.9627,3.3449,6.9839,226417.04,60565.3672
688255.SH,20251203,236.089,3.2836,5.6997,347703.3236,347703.3236
300717.SZ,20251203,35.5294,2.7934,5.6958,202466.75,200651.198
603196.SH,20251203,,8.655,7.1678,588204.9159,588204.9159
600490.SH,20251203,62.3874,2.4997,2.6418,1586640.0356,1428709.5338
300302.SZ,20251203,,8.1501,22.5309,874656.4314,673085.3584
002694.SZ,20251203,,32.287,3.8552,339572.736,319857.4115
603130.SH,20251203,70.1179,4.2916,2.1557,586360.5488,586360.5488
688057.SH,20251203,32.7668,1.0832,10.1499,341688.0,341688.0
600310.SH,20251203,,1.8407,1.5344,559901.4958,559901.4958
603587.SH,20251203,24.4391,1.766,2.9605,636706.6129,636706.6129
300187.SZ,20251203,30.6367,3.2171,4.4892,347344.7248,345466.6485
300774.SZ,20251203,85.9883,4.8372,6.5396,729234.3694,347666.7246
000933.SZ,20251203,13.6162,2.4198,1.4119,5797933.3406,5794081.7442
600396.SH,20251203,70.8316,3.3466,1.0274,452120.9928,452120.9928
920008.BJ,20251203,82.626,6.4605,9.557,202406.25,106675.9392
300411.SZ,20251203,723.1775,4.7594,10.1338,461400.2079,350846.0925
000419.SZ,20251203,27.3716,1.0056,1.7658,351697.9778,351697.9778
300470.SZ,20251203,18.3779,2.7456,4.304,734728.8168,697095.1171
002654.SZ,20251203,197.2645,7.2106,2.0378,1128478.8962,1128398.7962
688573.SH,20251203,,3.5401,4.2693,224835.0924,122397.3175
603706.SH,20251203,17.9127,2.3096,2.5849,383310.6131,383310.6131
600513.SH,20251203,,3.868,1.9874,516390.3924,516390.3924
300672.SZ,20251203,622.4017,5.2807,11.0363,2149692.6528,2082342.8439
603979.SH,20251203,18.2458,3.9222,3.1723,4093868.711,4093868.711
300603.SZ,20251203,,3.361,5.657,471770.2045,375162.8333
600885.SH,20251203,22.774,3.9354,2.5829,4170703.2625,4170703.2625
600071.SH,20251203,96.6729,12.0536,3.7641,607354.8786,607354.8786
688375.SH,20251203,91.4295,6.2737,16.5771,3888997.2225,3888997.2225
601599.SH,20251203,36.7998,2.9189,1.382,443327.217,443327.217
603043.SH,20251203,20.6833,2.5833,1.9308,1024356.2198,1024356.2198
301227.SZ,20251203,,2.7012,7.0501,443012.286,157865.2711
603188.SH,20251203,,3.656,3.8824,280523.64,280523.64
300032.SZ,20251203,,6.4651,2.7144,446562.302,446562.302
688755.SH,20251203,49.3374,2.9069,4.9542,353320.0,70664.0
000691.SZ,20251203,,,8.2556,369174.34,369174.34
002551.SZ,20251203,,1.2852,2.7782,333124.8637,240807.5685
301361.SZ,20251203,39.3376,3.2147,13.7245,388678.576,101713.404
000096.SZ,20251203,95.136,2.0671,3.9092,577632.0,558867.712
300698.SZ,20251203,121.2906,10.0755,7.0819,518714.0,458891.3454
688602.SH,20251203,,1.6566,6.1875,462243.75,231040.5833
600712.SH,20251203,,4.77,6.5402,380169.4413,375976.563
300167.SZ,20251203,152.3002,71.5391,4.3454,205589.472,189495.636
600773.SH,20251203,240.059,2.4972,6.5625,1179016.1257,1179016.1257
920790.BJ,20251203,393.6195,8.0529,13.2097,251667.8927,173210.1291
605398.SH,20251203,722.5799,4.6955,9.2424,483593.0784,483593.0784
603855.SH,20251203,14.66,3.0858,1.6864,645658.543,641873.6725
002824.SZ,20251203,46.5859,2.5911,1.548,583033.3267,355802.404
603278.SH,20251203,,1.6113,0.6421,323304.3848,323304.3848
300246.SZ,20251203,,1.9763,2.1623,226213.9232,180613.844
300314.SZ,20251203,56.8877,3.1078,7.3288,378720.0,189020.0041
688569.SH,20251203,26.3534,1.549,3.6765,444085.4036,444085.4036
603325.SH,20251203,13.8393,2.3041,4.0674,622191.108,265842.7464
600805.SH,20251203,59.8231,1.083,1.6583,464588.3937,464250.3509
688246.SH,20251203,,2.2702,7.0327,313695.1634,313695.1634
603766.SH,20251203,17.9404,3.2494,1.6848,3228167.7882,3228167.7882
603408.SH,20251203,13.6797,1.7291,1.1981,593481.798,593481.798
000004.SZ,20251203,,41.7767,20.9187,154355.4088,147251.5375
601628.SH,20251203,7.1502,1.9659,1.9038,121707819.73,89666120.18
301042.SZ,20251203,447.4424,4.7822,10.6705,502706.9902,476010.1627
002350.SZ,20251203,68.2327,2.7402,2.0366,452304.3467,442479.9268
600505.SH,20251203,291.1311,3.7478,2.9509,457167.645,457167.645
688172.SH,20251203,,1.8152,18.0105,3390592.9804,1389973.0511
688449.SH,20251203,150.6504,11.0501,16.0132,2032740.0,1295669.0726
300750.SZ,20251203,26.9102,5.4598,4.4458,171626895.881,160072725.4674
920056.BJ,20251203,34.6691,3.8841,3.3,202840.4911,76055.7053
300315.SZ,20251203,,2.7696,19.506,1370051.1675,1307011.9944
000938.SZ,20251203,50.8785,4.9042,0.7277,7095858.1674,7095858.1674
001231.SZ,20251203,35.8313,2.3414,3.2036,231461.04,115579.98
600887.SH,20251203,23.1126,3.2879,1.5824,18514330.6723,18422332.2934
002486.SZ,20251203,48.157,2.4034,2.1466,260473.4596,259267.5325
300589.SZ,20251203,,11.6722,9.2109,917733.2303,562804.801
301331.SZ,20251203,57.8888,2.7811,3.3914,301370.337,300796.048
600550.SH,20251203,107.3244,21.6406,2.7912,1694206.2016,1694206.2016
300270.SZ,20251203,,5.8773,22.8288,331269.7946,285457.6913
000798.SZ,20251203,,11.1493,0.9816,456591.6726,456563.5926
301282.SZ,20251203,44.8198,2.2479,2.0004,379663.5996,199995.9396
603712.SH,20251203,,3.9987,9.6104,1669064.0,1669064.0
688079.SH,20251203,,3.3861,7.4305,442095.6762,434342.1508
601686.SH,20251203,11.3622,1.3977,0.1779,938338.2129,938338.2129
002860.SZ,20251203,32.9721,2.5467,2.5106,578417.7257,562225.3121
000751.SZ,20251203,94.1679,1.7884,0.362,644636.6074,562537.6428
002580.SZ,20251203,28.3348,2.4243,1.6776,564159.1583,562257.1284
605258.SH,20251203,40.6057,2.3603,2.9233,281776.0,281776.0
000028.SZ,20251203,26.4073,0.7652,0.1931,1410335.9051,1211388.1062
301004.SZ,20251203,14.4147,5.1018,3.0624,820868.0674,764483.1871
688268.SH,20251203,40.6513,3.781,5.0374,695482.7483,695014.4873
600742.SH,20251203,14.393,0.85,0.3644,720023.0857,720023.0857
300642.SZ,20251203,193.8369,2.0973,8.2611,308531.3658,261367.8215
688591.SH,20251203,62.9892,4.3973,10.6404,1088642.2698,761673.7238
600399.SH,20251203,,1.7996,1.3292,1037324.6,1037324.6
600015.SH,20251203,4.0862,0.3595,1.2204,11092705.1422,10724895.1162
920274.BJ,20251203,97.8016,4.6473,3.5807,226594.6685,226594.6685
688289.SH,20251203,43.2155,1.6454,7.0271,1173260.7122,1173260.7122
300823.SZ,20251203,65.1319,2.2253,5.1033,209310.3977,135493.5027
600586.SH,20251203,,1.4757,1.6712,810717.1644,810717.1644
301592.SZ,20251203,129.5846,9.34,16.1584,818860.0,273246.844
300545.SZ,20251203,43.5512,2.9485,4.7491,629641.3715,405902.5843
920593.BJ,20251203,179.4935,8.6552,25.1116,616966.8389,523940.518
603980.SH,20251203,62.9457,0.9168,2.3184,356014.3474,356014.3474
002342.SZ,20251203,,2.8952,2.9187,705600.0,701697.15
000830.SZ,20251203,19.3379,1.4992,0.9489,2856478.5165,2856253.3935
003030.SZ,20251203,147.4406,2.7624,1.4649,281378.9,179015.0918
000156.SZ,20251203,26.5752,0.9442,1.4936,1411934.5208,1295305.4183
688657.SH,20251203,50.4526,2.508,10.9679,352466.8694,220819.636
002777.SZ,20251203,77.6692,4.5688,5.5597,755227.4203,748346.2584
600211.SH,20251203,13.764,3.8027,4.9642,1350517.4312,1350517.4312
688345.SH,20251203,,2.9438,1.2291,324993.3435,321300.0
002388.SZ,20251203,,3.145,1.5426,307950.6528,305252.7675
688788.SH,20251203,,4.7019,33.9121,911283.4361,911283.4361
002256.SZ,20251203,,5.972,15.7627,675947.2797,661420.7124
002896.SZ,20251203,219.6986,13.3863,16.0051,1599891.0565,1599891.0565
000767.SZ,20251203,13.5586,0.7879,0.5546,886159.3591,838726.9736
600123.SH,20251203,443.212,0.6002,1.0354,948766.5735,948766.5735
000631.SZ,20251203,86.714,1.408,18.5624,826371.284,826371.284
300602.SZ,20251203,42.3409,3.9607,2.5256,1572194.9906,1068381.2648
002097.SZ,20251203,95.0882,2.7313,1.8284,1282018.396,1279730.0728
603669.SH,20251203,,5.4295,8.5087,366392.9594,366392.9594
300826.SZ,20251203,184.372,2.1003,4.1486,286724.6346,277197.0092
688598.SH,20251203,,1.1762,8.1771,584318.3215,573065.359
688266.SH,20251203,,24.7242,38.2721,2840848.2522,2840848.2522
603195.SH,20251203,19.7113,5.0188,4.7854,7860122.092,7825964.818
603200.SH,20251203,109.1569,11.4647,25.4318,1244504.8905,1244504.8905
920237.BJ,20251203,37.841,4.0242,5.6693,206392.3992,202415.5504
601366.SH,20251203,280.9395,1.076,0.5941,425892.7514,425892.7514
600588.SH,20251203,,6.1575,5.069,4561691.541,4561691.541
002855.SZ,20251203,,14.8134,2.9507,484461.0948,484082.7381
002865.SZ,20251203,,2.3146,1.4503,1077879.6476,828405.5777
002012.SZ,20251203,610.348,1.9221,4.9259,296474.548,295945.7305
000785.SZ,20251203,44.8627,0.9484,1.5462,1955293.3276,1851844.3477
001328.SZ,20251203,34.9111,4.2795,3.6033,625335.2416,156333.992
603823.SH,20251203,41.5976,2.8701,3.1001,697415.9042,688477.7692
002371.SZ,20251203,49.9783,8.7206,8.5442,31431389.4378,31406254.2513
601669.SH,20251203,8.4983,0.5306,0.1403,9078185.969,6888694.123
920212.BJ,20251203,138.0434,3.4351,3.1293,144189.9,69665.9101
301310.SZ,20251203,49.5123,2.4853,1.5987,567793.3615,208915.2173
002225.SZ,20251203,64.3423,1.6706,1.2833,688588.0533,578661.0459
002644.SZ,20251203,78.8296,2.5563,5.1992,465719.184,465719.184
301296.SZ,20251203,28.74,1.3439,1.4604,365400.0,251269.4441
300024.SZ,20251203,,6.0937,6.6673,2617716.5564,2574757.7835
920061.BJ,20251203,379.2866,7.6089,20.4699,211308.15,109741.734
300772.SZ,20251203,31.5298,2.1454,0.5297,1417112.7167,1256777.2401
600392.SH,20251203,40.6175,2.7714,2.6965,3663407.5313,3663407.5313
600475.SH,20251203,29.1361,1.9223,1.9348,1652864.7454,1630249.4254
688543.SH,20251203,59.1005,4.9522,9.3544,1137353.6845,631529.2045
000898.SZ,20251203,,0.5224,0.2415,2389151.4208,2029123.2741
600546.SH,20251203,17.0439,1.2832,0.9165,2101403.5084,2101403.5084
301231.SZ,20251203,,3.1385,8.229,263918.8,168542.9548
301551.SZ,20251203,47.495,5.7108,22.7983,1375234.38,531355.6894
600961.SH,20251203,15.09,3.5927,0.7488,1603944.691,1123959.535
603596.SH,20251203,20.8926,3.7759,2.3581,2762656.7851,2762656.7851
301137.SZ,20251203,150.59,5.4503,4.2787,747253.074,740414.034
605122.SH,20251203,,1.1193,1.9289,224577.262,224577.262
301012.SZ,20251203,94.7978,4.1799,3.4539,487476.401,355044.101
600828.SH,20251203,,1.4486,4.2191,1018405.737,1018039.7864
600165.SH,20251203,,,5.5981,273268.6262,273268.6262
000682.SZ,20251203,20.171,2.7783,1.8919,1528428.788,1528234.9105
920110.BJ,20251203,29.2269,3.8462,6.9801,137319.0,57177.519
688565.SH,20251203,47.7924,3.1526,3.6983,155120.28,155120.28
002721.SZ,20251203,,4.2637,13.379,874935.5643,874935.5643
603583.SH,20251203,36.929,2.881,3.3068,1362157.2421,1349713.9981
600108.SH,20251203,65.2376,1.435,1.4315,619119.0085,619119.0085
600583.SH,20251203,12.2905,0.9207,0.9139,2484801.3976,2484801.3976
603308.SH,20251203,70.8456,5.1025,9.1931,2504286.3944,2504286.3944
688135.SH,20251203,,5.2287,9.9883,570667.5996,570667.5996
300626.SZ,20251203,,4.7935,3.1537,253620.0,253481.2487
688583.SH,20251203,67.967,7.1122,21.9994,812219.2,162443.8492
600523.SH,20251203,32.4708,1.852,2.2924,579782.4329,579399.9851
603895.SH,20251203,,15.8528,6.8754,307163.36,307163.36
002602.SZ,20251203,33.7152,4.2376,3.7017,12702022.1318,11720730.6033
002631.SZ,20251203,,2.0814,3.7091,455248.5251,453129.813
301091.SZ,20251203,153.5483,5.8108,11.3956,1375673.52,1375673.52
600058.SH,20251203,87.9684,1.2095,0.1602,908980.2829,908980.2829
002483.SZ,20251203,12.9584,1.342,0.7574,588615.0262,587806.5305
300516.SZ,20251203,295.4184,7.409,15.6531,962280.0,962280.0
002267.SZ,20251203,13.2142,1.3552,1.0043,891884.5069,891884.5069
000698.SZ,20251203,28.5629,2.0858,0.5688,308137.4125,295428.6125
300184.SZ,20251203,74.5306,2.794,1.3206,1148241.8624,1043941.2839
301330.SZ,20251203,35.6394,2.0004,3.4276,679224.5733,328758.3177
601002.SH,20251203,22.7038,1.1301,2.0208,480083.6822,480083.6822
688121.SH,20251203,24.0018,1.1086,1.1652,288513.2937,250293.3337
002047.SZ,20251203,,,5.1657,579207.0007,579177.594
300210.SZ,20251203,,10.4848,12.3003,432892.638,432477.8175
002611.SZ,20251203,32.965,4.114,4.6174,2244676.011,1848052.5717
603528.SH,20251203,,3.5617,16.4337,676986.9956,676986.9956
688609.SH,20251203,,5.474,2.0353,486500.0,486500.0
301041.SZ,20251203,124.2588,4.5949,4.2895,306598.32,226817.9165
300067.SZ,20251203,,2.3165,5.774,578341.6616,469679.3242
920527.BJ,20251203,51.5234,2.7899,2.8469,107056.1341,64711.7331
603329.SH,20251203,80.4887,2.0539,0.6339,288809.1071,238372.4262
000700.SZ,20251203,19.4801,2.2418,1.2876,900573.0966,900573.0966
603069.SH,20251203,,9.8593,11.6835,797900.0,797900.0
600976.SH,20251203,17.5165,2.2134,1.7999,571563.1836,571190.5836
300947.SZ,20251203,132.3915,2.325,2.3778,290486.6517,290371.399
300846.SZ,20251203,,11.5084,7.754,984670.3993,768378.2024
000007.SZ,20251203,64.1983,19.9138,8.0321,363770.4462,363770.4462
003816.SZ,20251203,20.6691,1.5768,2.3075,19441965.2735,15143969.6485
000788.SZ,20251203,30.5447,2.7465,2.4967,438646.7448,438646.7448
920931.BJ,20251203,76.9573,3.5968,4.0463,140707.14,43106.1484
002632.SZ,20251203,50.3346,4.825,6.8244,1034336.093,963603.2342
301277.SZ,20251203,39.5502,3.2144,7.2985,489313.8432,489313.8432
300142.SZ,20251203,381.9364,1.9424,7.8404,1880833.8842,1829790.7779
920508.BJ,20251203,115.3323,6.8279,15.6163,131280.0,68364.06
002332.SZ,20251203,33.1804,1.5409,2.53,908090.067,903838.6667
002762.SZ,20251203,,3.3533,7.4092,258792.275,154517.6353
603232.SH,20251203,580.0769,4.0677,12.6707,547284.1719,540779.3883
300025.SZ,20251203,,5.8215,4.9998,313925.2329,312443.9387
600592.SH,20251203,129.7286,3.9102,6.7551,994488.8382,994488.8382
600997.SH,20251203,27.8143,0.6989,0.5296,981260.3079,981260.3079
603176.SH,20251203,,2.6787,1.1973,290368.483,282168.252
600216.SH,20251203,10.8222,1.2178,1.5029,1346292.85,1346286.865
600419.SH,20251203,289.8739,1.315,1.1474,312355.6791,312355.6791
603758.SH,20251203,45.7512,3.1806,5.7641,806070.179,806070.179
688648.SH,20251203,12.0823,3.216,6.3463,717264.0,366695.5452
300403.SZ,20251203,36.1282,3.7927,6.9083,811035.0,574400.5326
301105.SZ,20251203,,2.6949,12.5276,224900.0,73935.8615
301611.SZ,20251203,69.7719,13.321,22.2217,2300336.0,773370.2619
000885.SZ,20251203,7.4438,0.9672,1.3069,886067.9919,886067.9919
605098.SH,20251203,17.1781,5.4798,6.3085,496084.576,496084.576
301568.SZ,20251203,43.2262,4.4035,10.0025,444114.3784,204724.8474
301095.SZ,20251203,121.4013,4.2413,19.3566,1330266.9865,1159057.7931
002400.SZ,20251203,141.2154,2.9898,0.6915,1494039.9187,1479323.0776
600984.SH,20251203,,1.5875,2.1039,529215.4924,529215.4924
603605.SH,20251203,17.6102,5.2438,2.5478,2779751.506,2779751.506
600986.SH,20251203,104.6751,2.5393,1.7209,1326737.6633,1326737.6633
600848.SH,20251203,17.9352,1.4487,2.5999,2835275.3925,2690757.3949
603456.SH,20251203,22.3693,1.8469,3.0192,1617012.8789,1617012.8789
000988.SZ,20251203,45.1721,6.646,5.2728,7247663.5121,7243936.6157
603025.SH,20251203,27.5586,7.3233,6.7156,1909479.6618,1896688.8618
600023.SH,20251203,9.5003,0.93,0.8593,6918906.0985,6918906.0985
002683.SZ,20251203,32.5992,4.4086,1.552,2938168.6869,2553049.1523
600212.SH,20251203,190.9621,10.8595,4.047,585950.3212,428327.9212
000720.SZ,20251203,,1.8386,3.0982,433503.392,433503.392
000969.SZ,20251203,59.5049,3.3007,2.4783,1868176.7765,1838000.4698
603585.SH,20251203,28.0686,1.324,1.2329,336209.6446,328734.7996
600728.SH,20251203,49.9063,1.6964,1.3049,1332874.5381,1332874.5381
688362.SH,20251203,143.1605,4.884,2.9479,1246226.4791,1246226.4791
300791.SZ,20251203,21.0792,2.9699,1.6353,728345.9352,607964.0059
002821.SZ,20251203,32.1277,1.9237,5.3027,3337655.4723,2934151.3798
601127.SH,20251203,30.6086,5.5143,1.4824,22100564.7861,19154606.6826
000516.SZ,20251203,,3.2602,2.5879,1088103.822,1071560.1467
603183.SH,20251203,56.4302,1.4351,2.7203,228193.3422,228193.3422
000498.SZ,20251203,4.1273,0.5933,0.1341,939226.6876,876854.6694
603115.SH,20251203,21.4273,2.1165,1.96,437095.9528,437095.9528
000555.SZ,20251203,,2.9177,1.3478,1616858.2421,1610444.2022
603986.SH,20251203,102.4228,7.5759,16.2386,13864552.5268,13863738.4234
301058.SZ,20251203,24.3222,2.6282,1.893,574771.7029,574771.7029
600587.SH,20251203,17.8695,1.173,0.9497,909410.2006,905938.692
688058.SH,20251203,,3.4277,9.963,218190.7402,218190.7402
000737.SZ,20251203,36.7592,4.1712,1.0721,2777076.5622,2776816.6373
605208.SH,20251203,83.9863,1.9996,0.7745,434530.98,434530.98
300345.SZ,20251203,,7.2254,3.8079,376539.379,290298.4743
301168.SZ,20251203,125.1264,2.6209,3.862,566520.0,449974.2593
688293.SH,20251203,132.1324,2.7106,16.1903,571377.1731,571377.1731
300342.SZ,20251203,142.3312,5.3919,9.641,845394.8398,832990.9385
300964.SZ,20251203,114.0663,3.9953,5.2066,406588.9738,289619.5292
688184.SH,20251203,,0.9704,2.7917,154276.0886,97472.8886
301043.SZ,20251203,49.8058,5.111,7.2577,428536.0,357624.3205
300828.SZ,20251203,59.9907,3.4989,4.3683,272432.814,204196.417
603316.SH,20251203,,6.105,7.5882,391639.248,391639.248
301571.SZ,20251203,45.5808,4.4495,8.4484,873086.4683,579866.5733
600468.SH,20251203,,3.255,3.0111,653728.9279,653728.9279
300217.SZ,20251203,41.6853,1.8724,2.2759,786283.7321,652727.0324
600864.SH,20251203,22.3867,1.0499,8.4561,1389821.1074,1389821.1074
688056.SH,20251203,64.8014,2.9492,5.962,237162.8494,237162.8494
600626.SH,20251203,72.3857,1.924,0.5743,618108.5042,518534.0363
002930.SZ,20251203,,2.2664,4.2702,528858.084,500526.9146
688052.SH,20251203,,3.6996,7.3435,2173558.6033,2173558.6033
000407.SZ,20251203,36.4198,1.5255,1.1436,464684.6984,462413.0079
000668.SZ,20251203,,2.401,6.0634,169602.383,169602.383
603551.SH,20251203,15.6844,3.6811,2.5373,463118.3176,456932.8606
603617.SH,20251203,59.9458,1.9296,2.6567,290120.2034,285045.5134
603601.SH,20251203,65.1369,2.4281,3.8719,528463.4585,528463.4585
600724.SH,20251203,37.8426,2.9027,5.3141,828123.1337,827952.1465
300993.SZ,20251203,27.3938,3.0108,5.9623,460348.0128,359746.4975
603859.SH,20251203,39.7962,3.1204,6.0933,951874.0569,951874.0569
000728.SZ,20251203,13.2248,0.956,4.5807,3556478.9812,3556478.9812
603375.SH,20251203,166.1004,2.4314,7.5879,384345.3346,243515.5869
920642.BJ,20251203,,6.7474,12.7043,159237.547,153533.7646
688244.SH,20251203,,3.7211,11.0644,360345.1459,360345.1459
002738.SZ,20251203,108.1953,3.7415,6.7974,4494894.3937,4429789.7474
688009.SH,20251203,16.2861,1.1467,1.6674,5570244.794,4534655.468
000420.SZ,20251203,,2.1347,1.8498,944205.4437,943883.9589
920553.BJ,20251203,58.1135,4.109,3.1941,145127.3646,92783.8702
688690.SH,20251203,70.841,5.6157,11.6523,1052745.0924,1052745.0924
300995.SZ,20251203,195.1898,5.0104,8.5833,310501.9134,221549.3675
688533.SH,20251203,24.8629,2.7196,1.5387,448807.0348,448807.0348
301158.SZ,20251203,25.1887,2.4097,4.6314,330364.0105,321905.3869
601118.SH,20251203,87.8956,2.6176,0.5002,2537700.6836,2537700.6836
603285.SH,20251203,29.3133,2.3542,6.3279,394720.0,153686.1563
000989.SZ,20251203,61.7963,2.157,4.069,787466.651,638621.4528
601179.SH,20251203,34.5575,1.8419,1.7384,4167342.3522,4167342.3522
300453.SZ,20251203,19.562,3.4653,3.0159,478229.1959,329631.4989
300991.SZ,20251203,217.248,8.6685,7.6934,553248.0,354009.564
301008.SZ,20251203,133.346,3.0238,3.9428,452477.9735,400238.3735
002194.SZ,20251203,,3.3542,5.7517,833608.6833,623290.4055
002322.SZ,20251203,20.3218,1.6725,4.2998,464456.2633,447149.1068
300056.SZ,20251203,,21.9154,7.103,323426.4817,323141.0539
300567.SZ,20251203,,5.3396,6.2788,1886881.2863,1531439.3063
002231.SZ,20251203,,12.2416,15.7535,100239.6549,88961.6322
688502.SH,20251203,312.2941,14.7175,28.0883,1771387.2,563623.2
600795.SH,20251203,13.8511,1.7285,0.6025,10273316.5912,10273316.5912
300965.SZ,20251203,104.4206,2.8537,16.6988,346980.0,322192.6163
300922.SZ,20251203,82.7881,3.7569,14.108,350149.8509,275192.488
002636.SZ,20251203,104.5764,3.3186,2.6568,1156064.0,1150212.8822
300303.SZ,20251203,29.4439,2.53,2.7649,948455.7031,889758.6506
000863.SZ,20251203,,1.3206,7.2012,593891.8787,585298.5553
301589.SZ,20251203,24.9645,3.7664,4.3397,1442188.8,537653.376
600683.SH,20251203,,0.7601,4.1196,348165.4706,348165.4706
603978.SH,20251203,,4.0764,2.0309,616606.4474,616606.4474
002272.SZ,20251203,,4.4609,4.0145,665736.5329,530654.6803
601668.SH,20251203,4.866,0.4425,0.1026,21734525.3735,21734525.3735
002297.SZ,20251203,,2.6584,6.1169,559350.3033,559350.3033
601163.SH,20251203,13.0447,0.8576,1.1922,1176000.0,1176000.0
688031.SH,20251203,,8.5524,19.7649,764973.3095,593436.6154
000417.SZ,20251203,40.3405,1.321,0.9134,621567.7074,620884.8784
688143.SH,20251203,89.6658,3.4706,11.2856,470049.9273,345007.4024
003032.SZ,20251203,,2.0773,7.7977,260383.5325,178714.2656
600020.SH,20251203,9.9733,0.6585,1.4203,1015812.0681,1015812.0681
300782.SZ,20251203,,3.7066,9.5488,3713040.7373,3111286.0363
000636.SZ,20251203,61.9061,1.4879,3.3959,1859320.2301,1859320.2301
000826.SZ,20251203,,78.2224,0.6754,327831.247,327789.7806
920392.BJ,20251203,142.5773,7.7231,3.6413,260697.305,124489.8479
688290.SH,20251203,339.9315,4.3742,21.2623,550802.5585,550802.5585
688288.SH,20251203,39.109,3.4381,4.0715,266203.1486,266203.1486
605599.SH,20251203,14.8228,2.8896,0.4745,1203222.2566,1203222.2566
603082.SH,20251203,35.219,3.666,2.9061,584343.6099,146085.9538
688758.SH,20251203,65.5537,6.1538,20.3357,812104.9638,82834.7052
920943.BJ,20251203,29.5006,3.7771,2.3691,240504.1445,122732.7564
688331.SH,20251203,,22.269,23.2284,5174860.0307,1490151.505
920019.BJ,20251203,64.9026,4.4433,2.7352,408337.9314,325354.2634
300569.SZ,20251203,,1.1848,1.5474,612603.6614,610742.8721
603385.SH,20251203,45.4468,0.7352,0.8634,275982.1018,275982.1018
000017.SZ,20251203,132.1665,14.2519,6.0749,533429.1381,341196.1901
600965.SH,20251203,64.3852,2.2655,4.4726,492857.9749,492857.9749
301577.SZ,20251203,90.697,3.3942,5.9984,258829.566,108298.9589
301565.SZ,20251203,170.0631,4.5709,5.0063,1100827.52,352283.52
688559.SH,20251203,,4.7297,3.1031,1117393.2884,1117393.2884
600780.SH,20251203,11.0375,0.8278,0.6086,678729.4936,678729.4936
603344.SH,20251203,25.3032,2.3358,1.906,490801.6625,136320.1625
601166.SH,20251203,5.7342,0.5466,2.1179,44315011.977,44315011.977
600629.SH,20251203,65.6422,3.686,2.5573,1955232.3979,1920530.8558
600343.SH,20251203,,12.0939,19.4983,1640190.3144,1640190.3144
002354.SZ,20251203,,8.4881,5.7792,1090372.0554,1071488.7129
300307.SZ,20251203,60.7942,1.7908,3.0314,582978.6016,574143.0458
300637.SZ,20251203,240.7155,3.8443,3.0865,281700.156,281405.9328
001311.SZ,20251203,29.709,1.7788,2.1404,816329.0391,207287.8928
300762.SZ,20251203,,8.2015,39.7718,1915295.6046,1915295.6046
000625.SZ,20251203,17.1538,1.5213,0.7122,11658965.2066,9713898.5328
301136.SZ,20251203,2031.9313,4.1558,10.3102,606001.0136,606001.0136
002681.SZ,20251203,,5.6323,4.6154,1283176.3459,1095866.7577
301234.SZ,20251203,104.7438,3.3247,5.2658,252892.0,252892.0
000922.SZ,20251203,34.9217,1.8876,1.728,859001.6503,725891.6797
688585.SH,20251203,507.9051,32.0542,25.5113,4275634.3168,4275634.3168
688226.SH,20251203,,3.6185,1.8125,604037.3669,604037.3669
600256.SH,20251203,16.1558,1.3362,0.977,3183217.4761,3183217.4761
600030.SH,20251203,14.338,1.4357,5.4773,40237784.6407,33059335.8944
603057.SH,20251203,39.683,3.793,2.3838,760451.7863,757668.0
000828.SZ,20251203,10.8714,1.1375,7.4063,1156982.4121,1156980.9095
002183.SZ,20251203,157.5447,1.3579,0.1759,1256952.4,1256945.14
002617.SZ,20251203,56.4532,2.388,4.1283,1524943.6811,1499922.8333
301089.SZ,20251203,,2.7564,11.4185,419621.562,301677.4539
300688.SZ,20251203,,11.9046,28.8166,476194.5751,422136.713
688682.SH,20251203,342.0523,5.9126,12.8587,380470.1117,380470.1117
688167.SH,20251203,,5.3411,15.1419,1173834.962,1173834.962
688689.SH,20251203,46.1532,2.7988,3.3274,337984.1039,337984.1039
300644.SZ,20251203,27.4909,3.5256,1.2798,354612.0906,283898.0282
300222.SZ,20251203,76.1721,4.9418,3.0734,848326.5451,690845.8248
920184.BJ,20251203,231.3487,3.7213,9.7182,231543.5359,153147.2647
600533.SH,20251203,,0.8928,0.5404,287700.0,287700.0
002736.SZ,20251203,10.5331,1.0334,4.8489,13140156.346,12332746.8907
688220.SH,20251203,,6.7889,10.0453,3743374.6557,3225292.6059
920418.BJ,20251203,28.9648,4.9352,6.2131,438721.92,421190.0343
300337.SZ,20251203,771.9538,5.4274,1.5453,937815.454,811693.8027
300871.SZ,20251203,18.4384,1.8838,2.3822,397178.8094,397178.8094
920407.BJ,20251203,79.1258,6.155,6.1065,168718.784,68687.5285
300500.SZ,20251203,,2.6419,3.2725,294713.4281,283910.9358
300098.SZ,20251203,,3.5387,5.379,960993.5981,852584.2257
002181.SZ,20251203,57.7658,2.4999,17.5799,1064690.3456,1040355.006
000927.SZ,20251203,33.6742,1.6606,0.4657,1597293.3612,1597292.5534
603657.SH,20251203,341.9337,5.2333,1.9707,493443.6825,493443.6825
603612.SH,20251203,16.8898,2.1359,0.7223,1198439.3284,1198439.3284
603779.SH,20251203,,4.1827,5.8345,228805.0175,228805.0175
300576.SZ,20251203,130.2283,8.9272,14.4486,1510899.8669,959465.5455
600697.SH,20251203,,0.945,0.3142,216837.0462,211777.5084
300179.SZ,20251203,103.8594,7.2469,16.1971,864102.8715,665313.761
301207.SZ,20251203,198.909,2.6356,14.3542,1401596.13,1400711.4858
002629.SZ,20251203,897.7022,89.7145,12.542,321277.892,319163.8645
688557.SH,20251203,27.0711,3.1392,2.559,385151.3296,385151.3296
002545.SZ,20251203,24.1961,2.3726,5.0039,2240555.8115,2035424.8381
688629.SH,20251203,139.3976,21.027,17.6852,3540424.9421,1396093.801
002992.SZ,20251203,,12.0884,6.1477,886256.3115,774393.5598
000422.SZ,20251203,22.4673,2.6881,0.7013,1585577.9363,1541219.2391
300466.SZ,20251203,,7.3328,9.9533,528568.0192,443036.8239
600173.SH,20251203,640.5386,1.425,1.4896,545694.3641,545624.2541
688484.SH,20251203,75.9844,4.2101,5.6402,1719414.0575,1184297.1824
300892.SZ,20251203,143.3488,3.3938,4.309,356500.0,230165.3125
603321.SH,20251203,58.3873,1.895,3.7164,272956.6848,236566.73
600303.SH,20251203,,2.0865,1.3766,234476.2444,231732.2444
301525.SZ,20251203,49.8905,2.3489,5.9718,765905.8679,401187.1208
000410.SZ,20251203,151.3329,3.3668,6.5267,1989453.8298,1262367.8739
300234.SZ,20251203,557.9954,2.3325,8.0748,269196.5332,184033.0685
603400.SH,20251203,32.6637,4.2092,3.7322,530000.0,103867.4072
300599.SZ,20251203,,1.3349,2.7384,264659.228,156919.9561
000554.SZ,20251203,20.5353,2.8969,1.0334,326939.4562,246604.174
002038.SZ,20251203,97.6233,1.4364,14.1334,817770.6,678123.1213
000158.SZ,20251203,,6.3825,3.6866,3329918.6298,3307662.8684
002122.SZ,20251203,,2.9159,6.0518,636477.1829,632253.67
300223.SZ,20251203,141.301,3.6184,10.0871,4486663.6425,3910463.6722
301183.SZ,20251203,101.9627,10.4579,11.8972,975520.0,714897.3453
600177.SH,20251203,13.5082,0.8218,2.8001,3518439.2874,3518439.2874
002998.SZ,20251203,73.9665,1.6796,1.0361,276392.4916,210198.5221
603227.SH,20251203,19.399,1.7554,1.5597,892720.0099,811404.8565
603368.SH,20251203,9.3588,0.9572,0.3506,734365.3053,734365.3053
002292.SZ,20251203,,4.5774,5.2152,1351531.5231,930332.0576
000736.SZ,20251203,3.6059,3.4133,0.2033,425846.0886,411121.6457
002480.SZ,20251203,,5.0008,2.5882,482268.7561,481359.1521
603088.SH,20251203,40.6742,4.5253,6.312,495354.5345,431741.6342
002995.SZ,20251203,,3.5436,2.7478,314804.2475,199428.127
300776.SZ,20251203,25.1369,4.2829,6.8328,1609493.9862,987087.1137
600293.SH,20251203,,2.1897,2.6416,368926.1246,368926.1246
301049.SZ,20251203,,3.5067,9.7459,209525.1615,95202.9961
300228.SZ,20251203,19.7731,2.1936,1.6852,525734.4831,494168.6631
002791.SZ,20251203,109.7909,1.4548,1.3429,808981.1397,437257.5852
688388.SH,20251203,,2.1858,1.7064,1488477.0264,1488477.0264
300554.SZ,20251203,,4.2627,11.6059,272508.8227,188824.9883
605133.SH,20251203,54.7966,2.6946,3.7698,1014992.8587,1009954.3693
300091.SZ,20251203,,10.7401,4.9308,445260.1,441333.9495
601033.SH,20251203,15.2278,1.3054,3.312,1397700.0,372720.0
301038.SZ,20251203,72.5965,5.8935,6.6305,526691.88,526691.88
301239.SZ,20251203,,2.3401,1.8126,497034.4775,497034.4775
300606.SZ,20251203,,4.5502,5.3958,307132.1737,261237.3589
301031.SZ,20251203,32.0309,7.0369,5.2403,989910.7286,690222.6134
300907.SZ,20251203,42.3829,3.537,2.5788,282624.0,282624.0
000868.SZ,20251203,944.4845,5.6504,1.3795,481031.5443,375464.15
300702.SZ,20251203,44.7325,2.3056,2.873,857763.6969,520520.4506
001319.SZ,20251203,27.025,2.7174,3.1666,364387.8,211314.1933
000715.SZ,20251203,30.7925,1.7798,4.6071,349661.2004,348728.7304
603535.SH,20251203,29.5032,2.0995,4.2117,552813.5303,552813.5303
300001.SZ,20251203,23.2633,3.3516,1.8266,2688454.555,2627373.402
000887.SZ,20251203,18.1799,1.9413,1.4485,2739615.1635,2735205.2352
605577.SH,20251203,21.9236,1.4994,3.8565,596000.0007,596000.0007
603106.SH,20251203,71.8627,5.1496,15.1108,673552.88,673552.88
688568.SH,20251203,100.2053,9.1344,10.2125,3532112.9244,3532112.9244
601101.SH,20251203,23.1875,0.9047,1.2708,1092958.4258,1092958.4258
002015.SZ,20251203,24.6806,1.2907,1.5645,1592481.4463,1592481.4463
688200.SH,20251203,46.5929,6.0962,19.3364,2365732.4424,2365732.4424
301261.SZ,20251203,144.8172,4.8639,6.9322,748824.4699,319357.8949
002643.SZ,20251203,50.8054,1.8065,3.4614,1300449.548,1281197.4581
001211.SZ,20251203,92.8365,2.4392,1.3838,210816.0,196165.9716
002466.SZ,20251203,,1.991,8.0828,8402918.313,7556193.4541
603005.SH,20251203,51.4041,3.8773,12.8695,1758254.9194,1758254.9194
002956.SZ,20251203,34.7579,3.4926,2.5262,545392.1401,545336.9673
600975.SH,20251203,302.8391,2.5007,1.0535,754795.691,614241.4929
000710.SZ,20251203,,2.5516,4.391,413266.5926,385220.48
300147.SZ,20251203,,9.0699,4.2706,628215.0928,624528.4354
603380.SH,20251203,25.486,3.6864,2.4188,564111.2592,564111.2592
002753.SZ,20251203,37.4406,1.2719,0.7429,292669.1222,189147.3261
002655.SZ,20251203,57.0488,6.3384,3.4521,476973.7549,476843.3717
600585.SH,20251203,13.7146,0.6341,1.4341,12071811.275,9111322.475
300451.SZ,20251203,,1.7846,6.8868,768365.8472,757240.1099
301358.SZ,20251203,70.8089,4.3141,1.769,5297469.3463,2688541.0545
605369.SH,20251203,41.0131,2.4425,3.7283,419157.096,419157.096
002364.SZ,20251203,137.8136,5.4817,6.0246,1326068.3509,1313218.1473
300747.SZ,20251203,99.4982,4.0473,4.0719,1365692.4232,1231423.6664
601065.SH,20251203,18.3951,1.2463,2.3304,551501.8758,357147.7158
002501.SZ,20251203,,30.9683,27.8805,816500.0,815687.9174
300540.SZ,20251203,62.3318,3.8742,5.1622,427668.6219,385132.7811
603856.SH,20251203,20.97,1.355,1.8136,366390.8219,366390.8219
301090.SZ,20251203,,1.7131,0.7327,1074896.841,1073775.8311
002152.SZ,20251203,35.5635,2.374,2.5911,3019793.604,3018274.595
002369.SZ,20251203,,19.2782,3.4512,597571.9191,596791.039
688109.SH,20251203,186.3286,15.6208,27.1568,1243343.071,1243343.071
600679.SH,20251203,,3.4101,3.3245,729656.6679,486671.0679
603260.SH,20251203,,2.0276,3.0149,6490316.1061,6490316.1061
300970.SZ,20251203,556.8158,1.3929,1.845,214811.1432,166678.498
601339.SH,20251203,15.0147,0.8957,1.0825,821763.812,821763.812
002019.SZ,20251203,38.399,1.7713,2.9942,1564277.6493,1082135.6669
301633.SZ,20251203,46.791,4.0836,6.3291,373056.0,170921.3014
600062.SH,20251203,12.4176,1.7497,1.7925,1962212.9345,1951295.2361
601111.SH,20251203,541.2681,3.1621,0.8705,14656673.64,9776011.9582
601216.SH,20251203,12.1215,1.4139,1.5976,4075562.3994,4075562.3994
002175.SZ,20251203,,7.3866,19.6874,597533.3802,597533.3802
688576.SH,20251203,37.8554,1.678,8.0128,288333.8802,138097.4185
301040.SZ,20251203,,3.988,4.2102,291402.8237,274593.0504
605186.SH,20251203,315.4082,2.6052,7.1489,281384.0,281384.0
688603.SH,20251203,113.7461,7.564,19.9702,881802.3847,335270.7615
688321.SH,20251203,1507.6077,7.165,12.9004,1097817.9488,1097817.9488
605368.SH,20251203,21.5563,2.1038,1.6037,676760.2115,676760.2115
688359.SH,20251203,,10.8308,12.6349,673485.7701,668867.4201
603058.SH,20251203,28.7631,3.1323,3.8627,375683.9052,374732.0253
002922.SZ,20251203,45.5481,3.1322,2.2773,1184962.5951,1051032.841
603786.SH,20251203,35.8205,5.3399,4.346,2908575.9534,2908575.9534
301585.SZ,20251203,48.528,3.3133,7.0033,319800.0,79950.0
920271.BJ,20251203,20.1272,3.3867,5.3859,208531.862,92277.347
003003.SZ,20251203,38.0859,1.8587,2.3241,240162.48,160085.2057
300424.SZ,20251203,,5.5137,2.4078,419196.9576,418949.4991
002533.SZ,20251203,14.1835,1.9948,0.4363,859444.9836,746682.802
300605.SZ,20251203,,6.5506,8.2374,312709.3682,225969.6448
300033.SZ,20251203,71.2904,22.6005,33.1638,16956441.6,8689721.5303
301223.SZ,20251203,21.7963,1.2153,1.1585,360762.2821,209244.1321
000655.SZ,20251203,20.2533,1.6116,3.2927,556047.7748,556047.7748
605009.SH,20251203,22.6368,1.9818,1.8605,671005.7952,669613.2768
688458.SH,20251203,,2.4512,8.4391,453954.08,346228.9619
603271.SH,20251203,19.1731,2.671,0.8107,752454.0,150552.0
600674.SH,20251203,16.6255,1.6133,43.0666,7160797.4303,7160797.4303
603198.SH,20251203,15.3828,3.1717,5.0764,3221600.0,3221600.0
002603.SZ,20251203,,3.0802,5.2247,3142596.8123,2589848.7161
002351.SZ,20251203,27.7644,3.9663,3.9969,1140724.281,668515.8423
300816.SZ,20251203,47.1072,3.7642,3.3924,341040.0,241578.1182
001266.SZ,20251203,75.2094,3.3015,3.9553,310025.1288,173346.3158
002190.SZ,20251203,,2.6213,5.9894,1373933.3837,1373933.3837
002728.SZ,20251203,93.4577,4.1315,8.0611,744879.6242,547134.4304
300963.SZ,20251203,108.013,7.4887,8.6381,826469.28,521521.6494
002444.SZ,20251203,16.1893,2.1943,2.7476,4085115.3824,3922852.1008
603648.SH,20251203,34.4233,2.0633,2.7285,377634.1376,377634.1376
601825.SH,20251203,7.3676,0.7238,3.5069,9114000.0005,8858847.1258
301232.SZ,20251203,,3.3336,1.8916,470516.2922,279617.0789
000753.SZ,20251203,150.8344,2.5384,2.75,847716.3157,847716.3157
603569.SH,20251203,70.8324,1.684,0.9757,473753.192,473753.192
002291.SZ,20251203,,2.145,1.9166,647397.3843,601434.6868
300721.SZ,20251203,,2.0724,1.5115,233917.5226,196321.0183
002167.SZ,20251203,36.1644,5.3044,7.5137,928833.2867,908124.9536
920641.BJ,20251203,194.7446,3.8965,2.7031,138888.75,82610.307
001368.SZ,20251203,30.9887,2.1487,2.8612,308611.9552,86985.4144
300169.SZ,20251203,,,4.5442,210911.868,195223.051
603721.SH,20251203,,5.384,9.027,247650.0,247650.0
300171.SZ,20251203,69.0881,1.5216,2.2868,1194691.7424,877745.4738
301203.SZ,20251203,20.4912,1.8528,8.5221,264080.0,144724.0925
301087.SZ,20251203,29.3649,1.9938,3.0007,939827.603,873917.343
300959.SZ,20251203,415.3378,7.931,12.3267,889671.546,579572.2743
688661.SH,20251203,160.4193,5.0113,7.0932,620309.8814,620309.8814
600166.SH,20251203,29.4429,1.4585,0.3905,2240624.3039,2240624.3039
000902.SZ,20251203,12.43,1.7008,1.1749,1958638.8109,1783883.584
600746.SH,20251203,62.9498,1.5187,1.3533,828000.6048,826752.384
603773.SH,20251203,,5.9641,2.8103,696441.7623,696199.9623
301072.SZ,20251203,,3.1459,3.0417,235828.2363,150729.1271
600004.SH,20251203,17.2208,1.2235,2.9811,2331217.5088,2331217.5088
300901.SZ,20251203,,3.9304,11.4019,380640.0,380640.0
600590.SH,20251203,,2.3523,1.6086,752231.1195,744028.3193
601083.SH,20251203,9.8652,1.6513,2.1308,1466237.96,219937.96
920370.BJ,20251203,,2.0531,3.0528,125518.4374,109333.0882
000099.SZ,20251203,44.526,2.8996,6.8372,1571710.2976,1571710.2976
300014.SZ,20251203,39.2914,3.4305,2.4423,14548136.1722,13264040.0846
301335.SZ,20251203,76.6789,1.9115,1.2011,366622.1892,146223.5687
920108.BJ,20251203,75.5437,4.9065,4.5179,241596.6,49670.1986
688652.SH,20251203,102.8079,7.1449,11.4864,1558872.0,1120439.25
688671.SH,20251203,,1.9045,5.7748,202578.762,120865.5748
603186.SH,20251203,,4.1536,1.4374,608995.5202,608995.5202
688767.SH,20251203,56.7678,2.4898,12.1633,582250.6693,582250.6693
688522.SH,20251203,94.7466,5.1568,25.321,1172592.9952,468308.0847
300660.SZ,20251203,64.6595,5.9353,5.0815,2058616.667,2056968.5225
301269.SZ,20251203,941.7064,10.8728,44.0144,5649642.7437,5649642.7437
301256.SZ,20251203,93.3067,4.8959,5.0765,836160.0,836160.0
920566.BJ,20251203,20.5287,2.1506,4.1284,173537.8123,134029.4473
301085.SZ,20251203,,4.33,4.2342,464596.964,315413.4667
688261.SH,20251203,148.1511,2.9209,6.697,861456.9243,858094.8275
920779.BJ,20251203,48.2072,5.9244,17.3764,276578.0829,69194.6797
688508.SH,20251203,35.8681,2.8034,6.6991,760155.593,760155.593
002903.SZ,20251203,1200.3216,4.5085,7.5022,366406.545,246912.2856
300952.SZ,20251203,56.26,3.4691,4.598,587658.0165,356805.0264
000948.SZ,20251203,138.9385,2.5247,0.6322,678016.578,676694.098
603889.SH,20251203,12.7736,1.5472,1.144,556443.9796,549141.9622
002438.SZ,20251203,23.879,1.9607,3.3523,719688.1197,664872.7858
301155.SZ,20251203,51.7668,2.934,4.2565,1687392.6522,957436.4594
300786.SZ,20251203,,2.6255,5.4603,291481.1523,232284.7993
600232.SH,20251203,,2.7521,2.1818,258585.4477,258585.4477
603083.SH,20251203,139.627,5.0478,9.0136,3829077.75,2992338.554
002749.SZ,20251203,17.3601,3.6451,3.142,651502.8944,633750.4917
001330.SZ,20251203,,2.5725,7.3114,1077622.8835,1077622.8835
603035.SH,20251203,14.5666,1.0644,0.8562,565273.5444,565273.5444
600649.SH,20251203,14.7483,0.5215,0.6098,1099475.8372,1099475.8372
002571.SZ,20251203,,3.725,2.1263,363730.2496,276828.1425
600184.SH,20251203,,3.0612,6.2181,1037254.893,905594.2703
300212.SZ,20251203,,46.5654,28.2712,1266290.7703,1228682.1225
000078.SZ,20251203,,6.5262,0.436,1189267.7122,1187151.3944
603970.SH,20251203,19.6613,2.2791,0.32,352934.5759,352934.5759
300882.SZ,20251203,31.003,4.1448,4.5427,543209.8548,505488.7029
300128.SZ,20251203,,14.0078,4.3204,926269.2888,925272.2474
300491.SZ,20251203,187.2818,3.7367,3.0374,439750.2948,390369.2357
002677.SZ,20251203,242.1758,3.5665,9.3994,526532.0923,435919.636
688702.SH,20251203,2971.2333,21.6366,46.479,5140170.0,2544907.9835
603717.SH,20251203,,4.674,3.3956,241981.9642,241981.9642
001202.SZ,20251203,35.2886,3.0873,1.5851,258204.5294,180960.3063
603351.SH,20251203,25.0157,2.0988,2.8084,369207.0738,369207.0738
600051.SH,20251203,25.9787,0.7128,1.4538,242175.52,242175.52
002988.SZ,20251203,53.8638,3.6331,1.3127,973598.4706,973297.5333
600636.SH,20251203,,1.7925,10.4147,368893.5505,368893.5505
605089.SH,20251203,53.5866,3.1755,5.6281,389574.0,389574.0
000530.SZ,20251203,61.2213,2.0403,1.4658,649273.6304,462031.9265
300950.SZ,20251203,49.1004,4.3877,7.3981,347654.4,206054.487
002674.SZ,20251203,52.8576,1.5756,1.2819,378305.2083,374481.4746
300777.SZ,20251203,33.1457,3.0751,14.2665,1375405.1757,1325068.5364
301519.SZ,20251203,,1.6686,3.68,236062.08,112165.7975
301060.SZ,20251203,,2.6604,2.7538,419741.816,377473.4157
688432.SH,20251203,79.22,3.4639,15.8815,1539564.3856,1539564.3856
000990.SZ,20251203,79.9182,0.5175,0.8019,924795.7641,924795.0792
301198.SZ,20251203,,2.2727,4.6751,207701.0,191176.3084
920718.BJ,20251203,23.0414,2.5325,1.2055,149146.7215,70314.4048
600676.SH,20251203,,1.1926,1.3176,611953.3017,611953.3017
300614.SZ,20251203,,1.9943,5.138,210973.0481,210973.0481
001696.SZ,20251203,29.7366,4.4899,1.9443,2461807.878,1916506.1838
000712.SZ,20251203,70.5958,4.4228,13.763,1121792.0,1121459.1245
000679.SZ,20251203,,15.1118,5.893,298306.8,298306.8
603290.SH,20251203,51.8822,3.4976,6.099,2418682.0066,2418682.0066
603207.SH,20251203,21.9223,4.9701,9.2755,468032.3038,158576.0
603039.SH,20251203,62.3584,6.0534,5.9403,1351487.5366,1351487.5366
601929.SH,20251203,,2.5242,6.2399,1263303.3168,1263303.3168
002101.SZ,20251203,23.0794,1.0573,0.9081,826484.0413,823791.9756
688633.SH,20251203,25.5462,2.0758,4.9001,333545.6506,333545.6506
300269.SZ,20251203,126.8726,37.1449,6.9125,399205.7508,382169.0714
301588.SZ,20251203,50.8108,2.4698,2.6816,230960.046,142536.8926
601828.SH,20251203,,0.2662,1.7198,1149649.4257,953950.0183
001228.SZ,20251203,30.1625,1.6659,0.5705,279915.1213,215235.1213
600507.SH,20251203,16.1,1.3614,0.7351,1364780.8551,1364780.8551
601187.SH,20251203,7.6852,0.7594,3.395,1997819.8112,1993468.7296
301172.SZ,20251203,123.3806,2.7792,9.6642,407052.8,233087.9488
600469.SH,20251203,22.0318,1.4304,0.6838,504050.5519,504050.5519
603708.SH,20251203,49.8557,3.3044,0.4212,746217.9111,746217.9111
600552.SH,20251203,67.6872,2.4998,1.8878,1062682.7558,1062682.7558
603139.SH,20251203,,3.0494,4.3067,221034.44,221034.44
301222.SZ,20251203,29.0889,2.105,4.5611,301626.9744,240183.3449
600930.SH,20251203,31.0814,2.0973,7.1386,27489714.2855,1650910.4911
300891.SZ,20251203,,2.9363,2.1189,372407.4601,309484.6614
601616.SH,20251203,177.2656,1.3927,3.8409,338909.1016,338909.1016
301022.SZ,20251203,70.7112,2.184,3.9278,309296.1477,207575.8826
003039.SZ,20251203,32.0688,3.1058,4.0707,873789.003,873789.003
002553.SZ,20251203,26.2599,5.6524,10.6798,904728.6758,642048.0
920284.BJ,20251203,,13.3097,23.0671,418304.2948,270507.1615
603286.SH,20251203,,7.8575,6.1562,660939.0915,649785.4985
600764.SH,20251203,87.7054,2.4745,6.3384,2044480.7435,2044480.7435
300632.SZ,20251203,185.1949,2.5585,5.8591,457467.2484,331594.6264
002093.SZ,20251203,57.4828,3.2421,21.9834,1244262.5,1244262.5
300198.SZ,20251203,,138.2612,30.3476,255824.0379,254501.6947
001296.SZ,20251203,27.5807,2.2043,3.3615,392377.4186,201581.0622
301052.SZ,20251203,124.0185,5.4496,5.7214,392670.6572,318217.4066
002294.SZ,20251203,99.0894,7.5969,15.6718,6664373.2462,6662873.9698
000014.SZ,20251203,,2.2527,66.8242,358470.4577,358470.4577
002055.SZ,20251203,,2.9366,0.9181,419516.0718,412229.0718
603586.SH,20251203,22.712,1.5537,1.8912,357404.2179,357404.2179
002054.SZ,20251203,41.1171,1.4491,1.21,367371.9744,292894.2598
600136.SH,20251203,,15.3599,5.266,365307.8416,347813.0194
002987.SZ,20251203,48.7006,5.5096,3.3344,1604801.2812,1560562.5513
603602.SH,20251203,121.1546,3.1722,2.0883,342427.2061,342427.2061
001359.SZ,20251203,42.0283,5.4184,9.1658,1070353.2621,267612.6
688148.SH,20251203,,15.9575,2.0668,462216.786,462216.786
001207.SZ,20251203,16.1336,2.1318,2.0275,488268.2948,444821.6585
002106.SZ,20251203,25.7301,1.374,1.2414,765810.5336,763949.4852
300895.SZ,20251203,,8.0772,23.9591,632054.1493,620255.2482
600998.SH,20251203,9.1561,0.9032,0.1618,2551489.9384,2551489.9384
600158.SH,20251203,443.1275,3.1649,3.7244,822302.6984,822302.6984
300155.SZ,20251203,,2.7452,21.0389,336175.4187,198105.3388
002226.SZ,20251203,20.4197,1.6042,1.7017,1644981.093,1644947.8775
301005.SZ,20251203,570.9698,10.0599,9.8612,773782.1675,762858.6027
002566.SZ,20251203,74.229,1.3451,4.6864,299511.198,209770.3735
301111.SZ,20251203,,5.9876,16.0972,448000.0,448000.0
000906.SZ,20251203,21.8077,0.7459,0.0191,429346.2233,424250.0572
600979.SH,20251203,40.2112,1.2719,1.9352,590455.4732,576697.5817
002787.SZ,20251203,40.9387,2.1421,1.7054,399865.6826,299276.116
000768.SZ,20251203,61.8985,3.0433,1.4865,6635821.6834,6615723.8948
688586.SH,20251203,301.072,3.8038,10.0001,938528.239,938528.239
600436.SH,20251203,42.7567,7.1486,10.5785,10345683.5171,10345683.5171
601788.SH,20251203,21.0596,1.3304,6.9316,7889057.6503,6684361.7135
920436.BJ,20251203,,4.7144,1.345,180260.208,169560.4321
300509.SZ,20251203,37.9936,5.9996,3.1021,370500.0,308879.4038
600707.SH,20251203,58.4917,1.0478,2.0196,2282215.8696,2281757.9496
920087.BJ,20251203,108.2595,5.223,7.192,271588.8,264067.0479
600153.SH,20251203,13.6561,0.3848,0.0398,2780657.4704,2780657.4704
002160.SZ,20251203,110.613,1.4953,0.6629,556669.049,427712.8306
301439.SZ,20251203,28.909,1.9631,1.521,581318.1026,273770.9045
002817.SZ,20251203,42.5054,2.5736,5.2127,245559.5976,238122.2612
603876.SH,20251203,32.5365,1.7055,0.4795,1247076.5998,1247076.5998
603611.SH,20251203,12.0693,1.9039,0.8714,597891.4359,597891.4359
688053.SH,20251203,,1.8336,15.4353,295000.0,295000.0
601229.SH,20251203,5.9204,0.6043,2.6083,14237417.5822,14237417.5822
603160.SH,20251203,45.5229,4.0916,8.1067,3788394.4713,3788394.4713
301217.SZ,20251203,3695.6788,4.6238,4.0005,2494507.7719,2494507.7719
300419.SZ,20251203,,5.4704,7.6499,236097.9203,236097.9203
301073.SZ,20251203,317.9122,5.6776,7.864,533768.1213,489102.7275
603991.SH,20251203,,29.2452,18.0032,579584.1444,579584.1444
000803.SZ,20251203,40.173,2.1185,2.1541,311019.5341,306678.4493
688105.SH,20251203,,2.2528,6.4406,865868.1023,865868.1023
920101.BJ,20251203,30.4027,3.4999,3.9755,358464.8077,103221.2373
601868.SH,20251203,12.3793,0.8289,0.2115,9839114.6181,7653179.7221
600779.SH,20251203,35.1851,3.7887,5.0496,1907112.5106,1907112.5106
601456.SH,20251203,33.7428,1.1444,8.8638,5953261.2607,2722372.5606
002664.SZ,20251203,167.2519,2.6291,1.5511,927838.6,915055.448
603301.SH,20251203,71.4518,3.5289,4.643,2007058.2893,2007058.2893
300377.SZ,20251203,,4.7087,9.2001,1187335.8695,1091718.8503
301590.SZ,20251203,36.637,3.4947,4.7167,680840.1423,132184.2588
000517.SZ,20251203,,1.1454,0.5805,659071.9544,515841.1881
002546.SZ,20251203,8.0895,1.5081,7.3966,565485.2871,543235.3611
300899.SZ,20251203,96.9153,3.357,13.9086,214950.2804,137954.5424
600497.SH,20251203,28.8941,1.9875,1.5479,3301449.2164,3301449.2164
002917.SZ,20251203,30.5988,2.7183,2.6884,456765.0549,342268.1327
002641.SZ,20251203,60.0782,0.9693,0.8467,528510.3645,487617.7008
600127.SH,20251203,323.3016,6.7199,1.1418,456949.6512,456949.6512
601011.SH,20251203,,1.3205,11.8528,760518.822,760518.822
300129.SZ,20251203,31.2017,1.6946,1.3912,777836.161,552878.3745
600185.SH,20251203,,22.2899,2.3919,1276148.9232,1276148.9232
600738.SH,20251203,47.8489,1.8994,6.1795,387519.6351,387179.0938
603999.SH,20251203,63.2958,2.1736,5.2131,444672.0,444672.0
000795.SZ,20251203,46.4852,4.3274,2.9073,1124614.6302,1124614.6302
603567.SH,20251203,,1.326,6.0593,966403.4209,964908.1181
301188.SZ,20251203,88.1615,2.7037,4.2201,409762.3635,409762.3635
603939.SH,20251203,17.3818,2.6061,1.1833,2855182.9174,2855182.9174
300441.SZ,20251203,17.1663,2.0168,2.7472,498133.466,484322.5015
301349.SZ,20251203,262.7704,1.8015,4.5198,491232.0,235537.7928
603331.SH,20251203,33.0177,1.7755,1.5413,235534.6159,235534.6159
301248.SZ,20251203,3483.9554,2.8355,5.5165,433140.69,316542.2766
002565.SZ,20251203,199.6836,6.0701,8.8061,1132068.1687,1132020.1087
603345.SH,20251203,19.582,1.7957,1.7612,2715971.5069,2390054.6966
600375.SH,20251203,17.2941,2.9479,1.762,985888.8907,668926.7424
601699.SH,20251203,32.4545,0.8367,1.2913,3912763.2336,3912763.2336
300667.SZ,20251203,,3.0179,4.7475,341946.8212,288465.5221
688787.SH,20251203,566.6727,9.0963,20.6469,664542.1829,664542.1829
300755.SZ,20251203,,2.6428,1.1358,771910.6368,771257.7698
600163.SH,20251203,20.13,1.6515,6.6487,1147506.6742,1147506.6742
301063.SZ,20251203,42.4687,1.6094,1.413,252344.2306,242879.9465
688757.SH,20251203,126.95,11.9624,20.8148,1055466.1589,91712.1605
688531.SH,20251203,61.5939,3.033,10.4118,1004492.834,648842.617
300318.SZ,20251203,,4.2003,6.775,565295.1425,552589.3229
300610.SZ,20251203,37.5227,2.2771,2.9902,262739.7516,197020.6759
603915.SH,20251203,40.2749,3.0167,4.1095,1088696.6518,1088696.6518
300510.SZ,20251203,,1.5738,3.5975,348844.1661,348844.1661
301226.SZ,20251203,105.3916,3.3001,5.8829,300832.0,300832.0
600337.SH,20251203,,1.5551,1.2429,390863.4933,390863.4933
920179.BJ,20251203,102.5511,3.4857,8.8745,263144.7,209611.8437
688580.SH,20251203,34.2781,2.6043,9.9517,431736.9663,431736.9663
300849.SZ,20251203,,3.9073,7.3989,230250.0,186453.4153
002633.SZ,20251203,423.0935,5.9568,8.0681,253500.0,252517.6875
301607.SZ,20251203,43.0823,5.634,1.9397,642041.6683,462033.5044
300543.SZ,20251203,91.635,2.2459,2.0095,329349.1841,268963.7186
920992.BJ,20251203,87.9846,2.7108,5.479,167634.7086,82141.0407
002309.SZ,20251203,,5.253,5.1536,977491.2501,395077.11
688309.SH,20251203,57.9277,2.5037,6.645,185163.7593,185163.7593
600439.SH,20251203,,1.289,2.6817,339595.632,339595.632
002304.SZ,20251203,46.1466,1.9667,4.9105,9550861.7692,9550636.3822
300771.SZ,20251203,42.5008,1.6117,5.5945,317760.0,239907.6587
688639.SH,20251203,42.4102,2.9607,2.8036,794117.3253,794117.3253
920478.BJ,20251203,25.5157,2.9083,5.2209,148523.3169,88839.0033
002559.SZ,20251203,74.7702,3.1793,2.6138,562409.6196,511916.8971
600421.SH,20251203,,259.8766,10.7089,160196.4,160196.4
002897.SZ,20251203,53.8747,3.1784,1.382,872850.8934,821278.3089
300150.SZ,20251203,73.3352,2.0059,3.6211,315957.2686,248520.5453
603101.SH,20251203,50.688,3.163,1.846,448761.6,448761.6
002095.SZ,20251203,,5.3246,7.9661,471575.52,469687.9024
301237.SZ,20251203,,2.9414,6.5302,384800.0,316798.625
600879.SH,20251203,191.5104,1.8027,2.6952,3741405.4448,3741405.4448
300461.SZ,20251203,,5.9832,17.7817,318196.858,230981.7579
603836.SH,20251203,93.0846,1.7836,0.3435,315857.0297,315857.0297
300316.SZ,20251203,103.0086,2.662,4.0846,4644916.378,4368327.1209
600808.SH,20251203,,1.242,0.3837,2987864.3002,2315487.4602
605288.SH,20251203,167.365,3.3427,5.4214,741925.28,736948.1782
688391.SH,20251203,50.0403,1.794,6.0553,333450.6162,333450.6162
002051.SZ,20251203,39.025,0.9601,1.0363,1111193.2254,1111129.2699
301369.SZ,20251203,391.6735,5.1406,24.0292,766731.1239,395051.9559
688363.SH,20251203,344.3548,3.1522,4.776,2225353.478,2225353.478
600877.SH,20251203,893.3301,7.0965,18.2192,1753592.1077,1753592.1077
300841.SZ,20251203,57.685,2.9916,8.6588,1049061.3156,960116.0371
002801.SZ,20251203,26.0812,3.9612,4.8695,728392.704,367326.1644
920806.BJ,20251203,40.9084,2.6246,1.9902,391859.8771,391859.8771
300839.SZ,20251203,,4.9304,1.3264,371359.1409,364718.5228
002731.SZ,20251203,12.6842,1.857,0.7726,347347.536,311414.0784
300883.SZ,20251203,,1.6891,2.7036,240124.0,229488.1551
002102.SZ,20251203,,2.6145,0.856,866469.3765,760509.3944
603131.SH,20251203,,7.3561,8.9526,883064.7115,883064.7115
920570.BJ,20251203,,4.8974,13.7447,168068.9004,81543.4354
000975.SZ,20251203,21.0263,4.2351,3.7001,6108788.983,5560351.3702
002037.SZ,20251203,,2.4667,0.6755,463076.5727,463076.5727
000761.SZ,20251203,,1.5727,0.2955,1368042.3353,1234842.3353
300712.SZ,20251203,140.0629,4.3266,2.9929,557386.816,554991.3097
688692.SH,20251203,56.48,8.5136,23.461,2921365.52,1886779.2967
000935.SZ,20251203,47.1659,2.1757,13.5516,1690256.8973,1690256.8973
002150.SZ,20251203,30.0817,3.6606,2.1058,741361.7227,731734.1726
301191.SZ,20251203,124.7994,4.4915,4.5088,746674.656,562072.1881
688439.SH,20251203,70.9961,2.3531,12.0753,1172800.0,1172800.0
000915.SZ,20251203,14.142,2.8877,3.3465,789462.773,788951.5272
600243.SH,20251203,,3.5881,9.179,227324.3,227324.3
300759.SZ,20251203,33.907,3.5094,3.7864,5128315.8941,4093505.2239
600054.SH,20251203,29.5761,1.7521,4.0823,838786.356,590295.0
603579.SH,20251203,30.1121,1.7561,3.0528,482562.7534,482562.7534
002528.SZ,20251203,,35.7777,6.1208,361999.8748,317166.3123
002271.SZ,20251203,,1.5332,1.1847,3193691.7208,2560330.43
301152.SZ,20251203,,2.8922,2.0412,389467.223,232877.973
688520.SH,20251203,,,10.9304,2063240.363,2063240.363
002823.SZ,20251203,21.8358,2.5061,1.759,509300.2399,339542.2786
301070.SZ,20251203,1794.4255,6.2741,16.941,493557.2248,324670.756
000545.SZ,20251203,,3.4188,1.7838,311839.2583,311387.3783
920062.BJ,20251203,50.6028,2.4832,1.2125,186441.8017,131780.4329
600643.SH,20251203,,0.7246,6.6757,866684.9032,865151.3335
600875.SH,20251203,22.4531,1.648,0.9603,7328265.5308,4796073.8148
002299.SZ,20251203,13.2391,1.7489,1.0172,1986492.5302,1958876.6596
603613.SH,20251203,14.9385,2.4159,0.4114,2144320.5315,2144320.5315
600688.SH,20251203,,1.1947,0.3623,2899219.8125,2015423.7125
688153.SH,20251203,985.9953,4.1934,7.7197,1675638.8532,1591164.0137
002806.SZ,20251203,40.9533,2.4997,2.4678,287909.3011,235913.4064
000020.SZ,20251203,108.7684,11.2018,5.3281,475994.0226,304539.0223
300927.SZ,20251203,13.1271,3.7077,2.7981,357002.28,348418.3239
600257.SH,20251203,,3.7797,3.2587,301254.4797,301254.4797
002061.SZ,20251203,9.2256,0.6935,0.2254,1093788.5078,1063047.4011
603816.SH,20251203,16.368,2.5302,1.3271,2613037.2819,2583500.7808
002878.SZ,20251203,,3.9319,1.6137,505906.0248,455586.3102
002955.SZ,20251203,111.1983,2.0019,2.0456,658095.5953,545854.0904
301097.SZ,20251203,256.0901,2.8187,6.74,333111.5766,163581.5766
601838.SH,20251203,5.4729,0.7156,3.1002,7285870.377,7273189.0424
002456.SZ,20251203,,9.4749,1.7154,3736305.9777,3686496.8522
000802.SZ,20251203,,4.17,6.9535,325018.7158,324821.2258
301225.SZ,20251203,74.1794,6.7097,10.4767,1029147.9,297475.31
301170.SZ,20251203,24.8352,1.5795,2.5211,279000.0,93675.4358
002207.SZ,20251203,,61.1025,6.6224,216457.7422,215430.6707
600784.SH,20251203,21.5937,1.3814,1.372,450660.0688,450660.0688
601996.SH,20251203,,1.121,1.6159,285833.1761,285833.1761
001212.SZ,20251203,,4.9704,18.8763,854806.2237,731397.4069
688296.SH,20251203,,2.4878,4.2043,158071.5369,157330.9794
002673.SZ,20251203,18.3633,1.1884,5.3235,3522030.3835,3238032.9401
603926.SH,20251203,34.1247,2.0097,1.4403,347145.8677,341410.3057
002448.SZ,20251203,21.0904,1.6794,1.6862,626067.8633,484691.8032
300347.SZ,20251203,67.937,1.9639,6.3382,4158755.8215,2734814.615
600370.SH,20251203,,1.8231,0.4119,900132.0223,900132.0223
603690.SH,20251203,,2.1526,3.2481,1082261.5577,1080342.1493
600783.SH,20251203,65.6009,2.3907,134.8713,1132170.4862,1132170.4862
920706.BJ,20251203,49.7929,4.1388,5.9453,242194.1471,110991.1463
600511.SH,20251203,11.0486,1.2315,0.4277,2222011.3291,1629605.2187
920066.BJ,20251203,39.5161,3.8934,3.1829,153802.0887,48630.0287
002660.SZ,20251203,,2.8634,2.603,344144.1083,330982.1752
600288.SH,20251203,152.2951,3.4515,3.4341,656947.2,656947.2
603122.SH,20251203,,8.2805,11.7823,915521.0559,915521.0559
600079.SH,20251203,21.2165,1.6026,1.2538,3031043.617,2865682.9759
920556.BJ,20251203,59.862,3.1147,4.6912,161960.4608,117968.7591
300996.SZ,20251203,52.3823,4.4822,6.7028,564703.7679,468862.2601
301202.SZ,20251203,57.891,4.6115,4.0936,530323.2,144555.84
300384.SZ,20251203,20.3722,1.9168,6.369,529871.0672,365806.4632
603776.SH,20251203,,1.4854,13.2116,529514.4388,529514.4388
603538.SH,20251203,45.0214,1.9928,2.9072,447880.049,438876.2276
002302.SZ,20251203,,0.8775,0.4166,800332.6287,800332.6287
688739.SH,20251203,62.6072,1.1867,7.5812,1114003.75,1114003.75
301166.SZ,20251203,,1.3465,2.5591,272826.6709,179179.9669
920128.BJ,20251203,71.1096,4.1763,3.6135,215315.88,58237.92
920970.BJ,20251203,,3.1794,7.0066,88086.636,55706.6835
601997.SH,20251203,4.3444,0.3513,1.6526,2219312.2321,2219312.2321
600201.SH,20251203,140.2415,2.5837,10.6479,1413031.4868,1413031.4868
002399.SZ,20251203,42.3564,1.4389,3.2922,1779830.2955,1512855.667
000630.SZ,20251203,40.1734,2.0955,0.4611,7428847.2165,6173228.3433
002899.SZ,20251203,49.194,2.0495,3.0422,356929.697,356929.697
002780.SZ,20251203,,3.4585,2.6893,238114.6913,197414.8078
000999.SZ,20251203,17.2577,2.3395,1.5955,4764655.7275,4760292.9306
688160.SH,20251203,135.6421,6.5383,12.5494,828026.3899,765744.0
600713.SH,20251203,12.8743,0.9806,0.1268,683261.9037,671973.2946
002213.SZ,20251203,,11.1502,5.5384,623762.5508,542983.4147
603071.SH,20251203,11.3772,1.3277,0.1838,748774.8612,748774.8612
000531.SZ,20251203,16.3082,0.9882,1.6633,688366.2805,601341.7676
920169.BJ,20251203,68.652,7.056,11.5886,236407.6679,146922.8631
301578.SZ,20251203,79.6101,3.0715,3.3301,285932.237,81303.1791
300111.SZ,20251203,1532.9092,14.1517,32.1254,973131.2998,973131.2998
300607.SZ,20251203,,4.7148,5.779,1343154.3122,935051.1217
002011.SZ,20251203,11.4079,2.0947,1.0169,1328623.4695,1147216.673
601998.SH,20251203,6.1721,0.6115,2.081,43291936.2414,31713613.4453
002413.SZ,20251203,,3.4456,7.7994,1153682.9141,1132737.5544
300145.SZ,20251203,31.8949,2.717,1.5676,799094.4982,795333.879
002690.SZ,20251203,24.9186,6.5655,7.3725,1789172.6814,880058.5396
002244.SZ,20251203,9.5689,1.0649,0.3371,3164338.4361,2731559.6542
300753.SZ,20251203,,5.1866,9.2642,352682.304,245960.3193
605155.SH,20251203,25.4204,2.3652,3.5665,313346.2878,311112.711
300037.SZ,20251203,37.8194,3.7306,4.2506,3738912.735,2701297.195
002403.SZ,20251203,,2.7088,1.5692,433973.5496,378583.6924
001217.SZ,20251203,158.3077,2.0737,2.384,466277.35,461659.1459
000680.SZ,20251203,12.473,2.7069,1.0623,1579650.1704,1384380.9996
605318.SH,20251203,,10.1277,11.2827,654545.3198,654545.3198
603231.SH,20251203,21.4401,1.9237,2.3026,377748.8142,209662.7825
300967.SZ,20251203,15.2569,4.4007,2.6707,360698.7619,239976.2467
301328.SZ,20251203,46.5492,2.3728,6.9542,461003.6268,211917.9424
002119.SZ,20251203,60.796,4.1937,2.9839,609085.932,609085.932
000652.SZ,20251203,142.4973,1.1624,0.3551,665483.8073,664982.5239
300231.SZ,20251203,,2.8974,2.7465,470948.7292,470924.5453
688247.SH,20251203,47.1779,3.5868,9.6805,465126.84,465126.84
605488.SH,20251203,72.1002,6.2803,3.3684,963952.187,950099.995
300412.SZ,20251203,91.4574,2.7729,2.1075,286210.0663,269020.4465
301622.SZ,20251203,48.3987,5.0326,5.7655,785438.487,196359.6218
603056.SH,20251203,215.5913,1.7903,0.3396,1437939.6971,1437939.6971
301196.SZ,20251203,34.7001,2.7777,4.2574,919507.9445,914521.7538
300026.SZ,20251203,,1.3041,2.0519,1126558.0639,1026948.1793
002973.SZ,20251203,28.5407,2.2309,1.5016,561915.3004,306465.6031
688210.SH,20251203,306.0815,6.6075,10.0406,867239.5951,867239.5951
300932.SZ,20251203,57.644,2.4555,1.863,430859.9813,306879.6521
300586.SZ,20251203,,3.8182,4.1927,716195.1615,538338.6433
688107.SH,20251203,,10.5196,20.577,1077883.9479,1077883.9479
300686.SZ,20251203,,4.1385,2.4201,389633.2089,253707.3036
688055.SH,20251203,,3.189,4.8908,1310000.0262,1310000.0262
002767.SZ,20251203,80.7715,3.562,4.6233,303150.0,263131.2109
603863.SH,20251203,,10.8529,7.6636,395179.15,395179.15
002139.SZ,20251203,30.7275,2.3455,1.509,1658290.534,1424443.2255
688297.SH,20251203,475.9348,5.2098,16.0064,2982825.0,2982825.0
300503.SZ,20251203,72.1439,6.6353,6.0193,892008.3158,697381.9365
920060.BJ,20251203,37.4157,4.63,4.1974,486542.9216,224324.0768
300817.SZ,20251203,63.8616,4.0314,4.5223,410618.9894,235616.4169
300955.SZ,20251203,,4.3864,3.5261,384955.2,384955.2
002060.SZ,20251203,13.2533,1.0404,0.2034,1434178.2184,596995.2001
002877.SZ,20251203,555.4682,2.7318,2.9953,331290.48,223919.141
301600.SZ,20251203,71.08,10.4058,13.0089,1254386.5235,387134.2585
002250.SZ,20251203,28.175,1.6556,1.8038,1088846.5926,1082920.6648
000503.SZ,20251203,,7.6214,29.2768,957708.9176,957692.2916
002492.SZ,20251203,50.5814,1.8195,9.2663,314685.0,309117.5813
301086.SZ,20251203,99.9361,4.2079,9.3851,812970.0,427606.9813
688411.SH,20251203,52.2917,11.1691,4.5558,5004410.1677,1054097.5986
688095.SH,20251203,,3.2117,9.2553,812825.685,812825.685
300183.SZ,20251203,,2.2855,7.4688,707329.3705,621595.2442
003019.SZ,20251203,31.3746,3.4129,2.5706,568815.8361,549806.3056
601928.SH,20251203,13.4049,1.3216,1.9851,2621247.0,2621247.0
002269.SZ,20251203,,27.2673,10.5721,512550.0,512550.0
603887.SH,20251203,,2.5007,3.5612,892809.6313,882799.3813
300591.SZ,20251203,,15.5386,7.6118,394720.585,340982.8167
300057.SZ,20251203,,1.0114,0.8855,524281.0821,423485.3247
002769.SZ,20251203,,4.0833,7.0553,483073.5619,482675.2376
600609.SH,20251203,23.3379,4.009,1.4828,631406.3421,631406.3421
920717.BJ,20251203,209.9266,2.4756,9.0316,139680.24,53933.04
600075.SH,20251203,126.366,0.9255,0.731,828071.3494,828071.3494
002377.SZ,20251203,,6.4354,3.1143,284977.1375,271300.4211
002911.SZ,20251203,18.0358,1.8559,0.4847,1589234.5216,1553782.1266
300349.SZ,20251203,20.946,1.2707,1.7688,564072.3992,499978.0541
300482.SZ,20251203,37.7993,1.8184,3.8103,980637.8068,901684.9392
002557.SZ,20251203,28.5076,2.1486,1.6224,1115410.6499,1113025.4462
603406.SH,20251203,37.241,3.6201,4.6594,1686842.17,149871.7499
300053.SZ,20251203,,6.5936,53.1336,1121967.66,1047818.4741
001258.SZ,20251203,130.1698,2.2878,6.9636,694400.0005,694392.7465
603628.SH,20251203,41.8787,2.858,1.6852,383433.9444,382124.4336
600459.SH,20251203,20.6344,1.7681,0.2351,1309907.4852,1299619.398
600962.SH,20251203,91.025,5.4955,2.2735,518126.96,518126.96
601985.SH,20251203,22.806,1.535,2.1843,17894161.8044,16428457.8343
600642.SH,20251203,10.1368,0.9805,1.4311,4032721.4058,4032502.0405
600295.SH,20251203,16.8937,1.4735,1.171,3095446.5369,2184987.3369
600444.SH,20251203,58.264,3.7233,3.6997,271173.4181,271173.4181
605100.SH,20251203,220.7336,4.234,10.0245,747968.13,744472.092
301399.SZ,20251203,84.3755,2.5301,6.7861,331740.86,98047.6697
600606.SH,20251203,,0.417,0.1147,2389217.1134,2389217.1134
300320.SZ,20251203,27.1331,2.3301,1.5868,574779.8866,464413.089
003036.SZ,20251203,74.0992,2.6769,2.5393,370249.3112,370247.5136
301233.SZ,20251203,29.2921,2.6424,5.7809,255188.26,98739.1898
300313.SZ,20251203,,87.2672,33.4266,300145.3228,189261.3247
605118.SH,20251203,41.7739,7.7548,14.7089,1151147.252,1141146.148
002698.SZ,20251203,32.8131,4.0812,5.7031,1619737.0533,1332838.5032
300671.SZ,20251203,,4.6553,9.561,743342.6632,741396.7008
000678.SZ,20251203,,8.773,4.5452,699529.155,699529.155
002321.SZ,20251203,,6.4278,1.2535,597209.2199,594779.3835
002872.SZ,20251203,,0.8381,3.1851,164406.0,111112.6753
688696.SH,20251203,32.8335,2.7297,2.2852,788410.0,788410.0
301190.SZ,20251203,67.1576,2.3995,7.4412,469195.389,348347.844
002156.SZ,20251203,56.0804,3.6409,2.0534,5527087.9535,5526560.9925
920190.BJ,20251203,113.7289,3.0986,0.8221,265900.0027,262376.9606
000062.SZ,20251203,84.1699,3.8859,1.1104,2590717.3906,2588289.133
300556.SZ,20251203,,5.4399,4.4723,241305.5186,212413.522
600189.SH,20251203,576.939,4.3864,4.1042,542119.9415,542119.9415
688136.SH,20251203,52.011,3.8104,4.307,653079.7763,653079.7763
601121.SH,20251203,72.6268,1.9328,4.4504,608000.0,288800.0
600995.SH,20251203,26.4614,1.7875,5.7462,4007791.2795,4007791.2795
300233.SZ,20251203,82.5809,1.7489,2.288,638383.4382,618144.2725
688579.SH,20251203,67.3697,3.1499,7.8741,434410.86,434410.86
300701.SZ,20251203,53.7907,3.5289,7.8239,343523.1696,302683.0149
300847.SZ,20251203,45.5487,3.5775,4.4166,523641.69,523641.69
002153.SZ,20251203,,4.3213,10.513,3007571.6128,1762939.712
002410.SZ,20251203,59.0013,3.4537,3.3657,2055018.7614,1975572.8623
002929.SZ,20251203,,1.8073,1.1513,1142298.0808,846664.7476
002489.SZ,20251203,13.1495,1.8318,1.4676,858930.4599,757559.4555
002283.SZ,20251203,20.1814,1.1526,1.8501,693929.4214,611147.5953
600255.SH,20251203,169.3839,4.9268,1.5833,713428.0472,713428.0472
002583.SZ,20251203,,8.2854,3.7048,2116872.9595,1493087.301
300040.SZ,20251203,,1.5536,2.7605,401488.1121,322842.6521
920445.BJ,20251203,77.5915,5.5216,4.4979,170441.8848,120591.5651
688310.SH,20251203,,3.1234,8.9903,251656.6107,251656.6107
603839.SH,20251203,,1.737,1.4263,314728.9105,314728.9105
000796.SZ,20251203,,13.4416,16.2374,1114633.2966,924882.933
002948.SZ,20251203,5.9039,0.6148,2.0211,2834512.7506,1515749.2276
300611.SZ,20251203,39.0478,4.6358,3.0126,569690.5613,400269.743
300951.SZ,20251203,30.716,2.5563,4.4534,594934.8967,531696.9818
002800.SZ,20251203,,4.7339,1.8264,237514.7845,218526.672
000755.SZ,20251203,16.6952,1.4554,4.9837,792347.5058,792347.5058
002996.SZ,20251203,35.4146,1.606,0.3363,516135.8006,321093.8049
688486.SH,20251203,55.7373,6.4568,18.6925,975027.43,543955.9755
600012.SH,20251203,13.5347,2.095,3.505,2605602.6307,1777540.0
002405.SZ,20251203,,2.4122,5.4374,1984233.0573,1971847.4703
600105.SH,20251203,70.3778,7.2186,4.9173,2345039.6624,2345039.6624
601999.SH,20251203,30.8686,1.5762,1.7995,417593.3426,417593.3426
603969.SH,20251203,24.7126,3.1591,2.5582,842769.152,828573.649
002216.SZ,20251203,19.1621,2.3012,1.601,1041833.0969,747029.9309
600547.SH,20251203,34.5706,5.6524,1.6857,16738654.1053,13124043.793
001382.SZ,20251203,67.7966,5.1866,2.7148,825236.0,124186.0
002522.SZ,20251203,60.3699,2.0212,2.84,466476.3843,466085.2377
300861.SZ,20251203,476.6081,1.5724,5.2414,994995.6916,624781.9006
600561.SH,20251203,,2.158,1.2955,195435.5616,195435.5616
300368.SZ,20251203,,40.9384,56.1373,762736.491,762736.491
000553.SZ,20251203,,0.7752,0.4826,1430504.4243,1336722.1841
601600.SH,20251203,13.274,2.6541,0.7891,18922662.182,14521681.5282
300631.SZ,20251203,44.5999,2.7651,5.9746,362375.8428,349497.2235
603199.SH,20251203,18.6542,2.4547,4.6044,397562.56,397562.56
301522.SZ,20251203,102.9984,6.1756,4.8058,1168405.0677,884211.1677
688189.SH,20251203,,2.95,26.7985,255466.4,255466.4
002429.SZ,20251203,24.583,1.8432,1.6745,3023996.3255,3022254.456
000869.SZ,20251203,52.8468,1.3629,4.4443,1420370.3415,965276.2097
001367.SZ,20251203,28.6942,2.4745,6.9618,355282.9984,92575.0387
603166.SH,20251203,33.4969,3.745,4.9091,957681.2208,949540.5948
600156.SH,20251203,,8.9087,3.747,351846.8643,351846.8643
002549.SZ,20251203,243.0262,7.0645,22.6649,1460925.94,1454647.3641
002373.SZ,20251203,,1.4968,2.4137,1712924.0251,1493312.0326
603860.SH,20251203,47.3255,2.5961,8.2502,207508.16,207508.16
002003.SZ,20251203,19.9651,2.8706,2.788,1317835.4052,1122878.545
603230.SH,20251203,18.2313,1.5922,2.6072,445085.457,445085.457
301289.SZ,20251203,49.7048,4.3897,13.0155,433836.0,431344.7802
000920.SZ,20251203,23.8611,2.9481,2.9274,577070.3851,515234.5275
300019.SZ,20251203,26.5947,3.0646,2.229,819648.3195,703766.5132
600289.SH,20251203,,4.1722,14.5584,466347.479,418216.8635
300395.SZ,20251203,95.5083,8.674,21.811,3947299.0725,3866895.9802
601607.SH,20251203,11.7779,0.8774,0.2369,6649092.7235,5001049.0565
002458.SZ,20251203,40.5721,2.2683,3.1595,953727.9327,645524.828
600882.SH,20251203,67.1372,2.9707,2.6372,1373064.4177,1373064.4177
001283.SZ,20251203,38.1837,2.0885,1.2617,721189.1715,575423.4459
000718.SZ,20251203,,0.8021,4.8518,749555.1868,563677.0011
002141.SZ,20251203,,4.9796,3.1238,414207.255,408607.3209
920174.BJ,20251203,58.616,5.3635,5.7865,450763.6597,435699.8011
600500.SH,20251203,,1.2486,0.2884,1417466.8192,1417380.9897
300542.SZ,20251203,,10.1097,4.1153,547260.2949,453967.3861
000423.SZ,20251203,18.3853,3.1027,4.8547,3086580.9174,3081985.6814
300015.SZ,20251203,32.8805,4.718,4.7752,10584325.2205,9008722.7934
300699.SZ,20251203,45.5011,4.4569,9.7155,2461633.272,2432292.8681
600460.SH,20251203,86.184,3.8977,3.6447,4654408.9505,4654408.9505
002389.SZ,20251203,246.1367,2.7132,7.7436,2167800.1622,2167452.4152
688625.SH,20251203,26.2783,5.0268,7.5594,736146.5975,736146.5975
000650.SZ,20251203,18.9857,1.3312,2.2502,845562.6933,804157.0437
605058.SH,20251203,30.7917,2.613,3.3601,455641.5526,455641.5526
300809.SZ,20251203,190.1227,5.4546,17.7005,898035.8464,533317.1832
002279.SZ,20251203,180.7714,5.6214,2.7095,787194.8732,721021.0696
002957.SZ,20251203,37.0795,2.5636,3.3492,821065.721,818517.1752
301067.SZ,20251203,2309.1286,3.7084,3.8442,307557.468,201890.8107
000917.SZ,20251203,71.787,1.1501,2.7574,1199252.6619,1199170.6211
600604.SH,20251203,,1.7837,4.1913,1108996.444,833213.244
688267.SH,20251203,25.9398,1.8675,6.53,531595.4,531595.4
301150.SZ,20251203,426.2063,2.7501,1.7892,979114.0945,934413.0222
600685.SH,20251203,50.6446,2.3972,2.0352,4280097.3126,2487305.7281
600099.SH,20251203,113.4618,4.3922,2.1566,235115.76,235115.76
920819.BJ,20251203,,0.9833,0.8383,497674.8,490248.045
688466.SH,20251203,37.753,2.0181,3.7696,233064.3143,233064.3143
603815.SH,20251203,48.1971,3.3259,1.85,803982.5813,803982.5813
300443.SZ,20251203,27.8685,1.4621,3.3041,916225.2195,694819.3168
603938.SH,20251203,88.261,2.749,3.46,682984.7271,682984.7271
605136.SH,20251203,,1.7787,2.5942,435298.3895,435298.3895
300291.SZ,20251203,,1.7583,21.6298,536877.1011,530532.4271
002232.SZ,20251203,789.2036,5.5195,8.7559,746826.5757,746826.5757
688279.SH,20251203,102.5982,4.2089,29.1098,2111430.3259,1715080.1539
000546.SZ,20251203,,1.1497,0.5192,466588.9572,418023.1236
002169.SZ,20251203,,2.4771,2.0397,653557.9185,633492.7624
002977.SZ,20251203,,4.2882,55.8938,448888.44,248959.5753
688065.SH,20251203,55.2684,1.867,9.9927,3285475.0117,2657286.9676
002563.SZ,20251203,17.4689,1.4527,1.0654,1605677.7354,1316231.6346
300044.SZ,20251203,,44.5043,47.0585,320061.2065,299743.4671
603219.SH,20251203,58.9286,5.6178,2.885,904415.4,904415.4
002264.SZ,20251203,25.5357,3.1709,1.8901,632714.1327,575554.09
688687.SH,20251203,31.2999,2.384,3.7348,428215.7771,428215.7771
300615.SZ,20251203,193.8069,5.0242,5.961,267622.442,173474.6086
688459.SH,20251203,35.3082,1.3675,3.9891,465120.0,170141.834
603688.SH,20251203,125.6039,3.3749,20.2516,1957083.6582,1957083.6582
688582.SH,20251203,73.4299,9.6653,44.388,2370662.1695,1476542.6495
300489.SZ,20251203,194.1152,8.7538,2.8545,554546.1794,552496.3141
600000.SH,20251203,7.7038,0.5188,2.1731,37635597.279,37635597.279
301156.SZ,20251203,43.5581,3.5318,4.7514,256509.6779,135966.3255
601901.SH,20251203,15.5424,1.2589,5.5254,6281093.3644,6281093.3644
002026.SZ,20251203,19.8681,1.7373,3.2096,656392.5891,630260.686
688249.SH,20251203,75.3524,2.83,5.7138,6058911.7415,3586042.6362
002412.SZ,20251203,20.6234,1.5691,3.3745,354756.0,350980.725
601777.SH,20251203,855.9281,4.368,4.9814,4566311.0717,4566311.0717
920699.BJ,20251203,27.4987,6.6177,5.3288,218545.187,99992.687
301360.SZ,20251203,116.9978,3.208,10.5566,370819.68,176997.92
000333.SZ,20251203,14.1274,2.9095,1.4002,63179978.7635,56995840.7096
605228.SH,20251203,95.906,3.8393,3.6015,620786.795,616689.887
300511.SZ,20251203,,2.9524,2.4088,444747.8291,388677.4878
301148.SZ,20251203,104.6413,3.3625,11.3328,596465.0496,301430.1696
000610.SZ,20251203,,19.5799,5.8121,306115.036,304507.0521
300497.SZ,20251203,,3.7455,8.2935,804741.5074,658618.9744
002570.SZ,20251203,47.9331,3.8301,2.4228,658826.4331,658797.1531
300339.SZ,20251203,305.2177,10.9326,10.6161,3937455.1979,3844882.8816
600287.SH,20251203,106.1549,1.1398,0.9476,263747.6324,262514.4405
688387.SH,20251203,,3.9427,3.9293,2399962.5,1415777.5944
600151.SH,20251203,,3.4863,4.2019,1617836.5797,1617836.5797
000536.SZ,20251203,,29.7439,11.6343,1701110.1738,1699295.7473
688269.SH,20251203,43.5778,4.7291,2.46,486610.992,486610.992
002885.SZ,20251203,98.4564,4.5303,1.8981,666997.5752,568494.6417
001388.SZ,20251203,48.3013,4.7698,6.4483,664872.0,130300.8005
002289.SZ,20251203,,46.5567,36.6651,1018722.3195,1017631.8195
600901.SH,20251203,11.6515,1.4729,6.1837,3683627.0501,3682727.7461
002353.SZ,20251203,23.7902,3.0469,4.2906,6748233.7953,4569170.479
300435.SZ,20251203,108.4514,2.2289,2.6181,738254.682,705911.2018
300084.SZ,20251203,,3.7498,7.7713,469938.315,317371.1237
002365.SZ,20251203,183.2557,2.3558,5.8401,465598.35,387984.9596
300653.SZ,20251203,51.5785,4.5408,11.4236,397080.0,397080.0
002206.SZ,20251203,12.5214,1.6915,1.1138,662458.1154,486219.511
603045.SH,20251203,45.5437,2.6629,0.5824,271296.6455,271296.6455
002363.SZ,20251203,74.7678,1.8128,1.7775,386461.944,385407.8208
688535.SH,20251203,352.2094,6.582,23.9056,887454.2781,538823.3891
600640.SH,20251203,484.7233,2.6186,5.1566,1041565.9855,1041565.9855
002695.SZ,20251203,111.3058,2.4907,4.1965,698922.6654,638807.3999
301315.SZ,20251203,120.2282,5.1096,22.062,519728.0,218522.0
000628.SZ,20251203,416.9967,6.8842,2.5183,1509167.52,823550.0981
003029.SZ,20251203,,4.3354,13.0934,467980.0887,418713.7831
300571.SZ,20251203,,2.7271,4.1489,396260.355,328409.577
000338.SZ,20251203,12.5278,1.6364,0.6635,14882796.8536,8514663.7791
688512.SH,20251203,,2.9511,7.2176,511193.6851,355404.4741
002735.SZ,20251203,,3.2253,2.4881,558111.5739,409757.1881
603096.SH,20251203,42.078,1.5269,4.3248,283945.9428,283945.9428
688596.SH,20251203,31.144,2.3269,1.5833,832782.9576,832782.9576
301491.SZ,20251203,34.3175,3.5841,4.7906,749490.0,157256.4754
300547.SZ,20251203,36.4839,5.4874,4.7503,701257.6605,571054.5892
603391.SH,20251203,29.987,2.9369,6.1977,614523.0,153630.75
003043.SZ,20251203,97.2584,3.586,6.374,618965.7758,387694.1955
688523.SH,20251203,154.078,9.3231,29.2385,1569336.16,372261.969
301219.SZ,20251203,22.2083,2.0065,2.456,1818699.7301,1783156.029
920871.BJ,20251203,74.9397,5.0723,7.8058,133790.5047,70529.2217
002356.SZ,20251203,148.6688,9.5627,8.42,593998.298,593994.9005
300160.SZ,20251203,21.0764,1.6794,2.601,439806.4401,433782.5652
600223.SH,20251203,35.6096,1.821,2.0187,762426.5813,762426.5813
002685.SZ,20251203,61.1387,5.0293,9.2033,790029.4625,789924.1517
688315.SH,20251203,32.2344,2.1761,2.5992,564783.4,564783.4
301656.SZ,20251203,53.2953,6.6609,3.0817,6158669.5205,427384.0081
603027.SH,20251203,29.9602,3.8345,4.5638,1265136.016,1185884.9833
603990.SH,20251203,,5.532,14.1197,461261.7929,461261.7929
603666.SH,20251203,,2.9028,11.3781,614535.9558,614535.9558
001339.SZ,20251203,75.4266,5.8168,3.0998,1309930.9907,619742.6005
002006.SZ,20251203,53.4882,4.866,6.1864,1169535.24,1169535.24
603353.SH,20251203,771.1325,3.7137,2.1806,612501.078,607199.334
002958.SZ,20251203,6.0216,0.3794,1.6848,1788909.8786,1751565.4105
603175.SH,20251203,121.9016,10.4561,6.7648,3010694.9924,303111.2328
002982.SZ,20251203,92.9449,1.8433,0.6511,292396.1185,186891.3913
002300.SZ,20251203,76.6681,3.2702,0.4961,618317.6472,618263.298
600657.SH,20251203,,0.5895,1.5125,1092269.5019,1092269.5019
002867.SZ,20251203,13.1701,2.28,1.3857,1365526.1574,1357503.7794
300369.SZ,20251203,,2.6215,2.7226,643633.7783,641596.4068
600858.SH,20251203,80.5678,1.1543,0.588,312560.02,311046.3654
920394.BJ,20251203,43.4076,6.7627,11.1872,525037.5,521170.3951
301581.SZ,20251203,53.6169,3.8237,4.6664,384080.0,96020.0
603095.SH,20251203,34.7401,1.604,2.9416,371907.648,371907.648
600150.SH,20251203,35.3832,1.8039,1.9611,25459176.8173,25459176.8173
300536.SZ,20251203,,5.1748,13.517,231697.6251,231680.8281
605319.SH,20251203,15.8979,2.7319,2.535,708924.5874,609727.9374
300595.SZ,20251203,28.0949,2.8335,7.6095,1381431.1168,1031487.4147
603255.SH,20251203,,2.8081,5.2479,445902.1928,201017.0966
000561.SZ,20251203,,2.9803,6.2208,940051.8429,654687.2644
600428.SH,20251203,11.9205,1.1956,0.9255,1975622.6844,1760605.6198
300546.SZ,20251203,118.8548,3.8893,7.6713,437280.395,313760.4669
301027.SZ,20251203,126.4163,2.6005,3.6387,247695.0,199238.2688
300969.SZ,20251203,56.1202,7.281,10.7265,1005984.0,272696.1158
301039.SZ,20251203,21.5092,1.2793,0.9209,1859131.4246,1440808.08
600371.SH,20251203,136.2295,5.0122,12.4821,275315.898,275315.898
300674.SZ,20251203,37.9851,3.4048,3.9734,1507386.1655,1505148.2531
600704.SH,20251203,7.4462,0.6587,0.0479,2828635.3998,2828635.3998
300539.SZ,20251203,213.6873,9.4255,12.0767,1095191.2043,704809.6621
000581.SZ,20251203,12.7099,0.9766,1.7032,1950006.7428,1601229.8378
003002.SZ,20251203,29.6935,3.603,4.1801,540400.0,494126.899
603709.SH,20251203,,3.6663,1.186,189872.2632,188414.5606
002092.SZ,20251203,,0.57,0.4261,1230259.2706,1223414.9956
603661.SH,20251203,16.9339,1.2575,0.3991,467126.1571,467126.1571
601992.SH,20251203,,0.2497,0.1739,1793865.5505,1400138.5884
688550.SH,20251203,23.0046,2.4622,4.7929,798793.5536,798793.5536
920396.BJ,20251203,52.9606,6.0429,8.1237,209585.7367,147634.6735
001215.SZ,20251203,64.5897,1.9339,1.9189,361145.3778,359742.0876
300211.SZ,20251203,,5.638,13.1579,261379.5618,255493.6384
300071.SZ,20251203,,42.6015,5.7762,597608.2883,586117.5369
000608.SZ,20251203,,0.9089,5.3296,202476.5934,201265.4409
002687.SZ,20251203,42.5564,1.6913,1.9685,252389.7455,206724.817
300785.SZ,20251203,99.0943,4.4544,6.4141,841157.6779,517474.0256
600831.SH,20251203,,2.0993,2.3879,308550.9945,308550.9945
603800.SH,20251203,99.9493,10.9368,7.8976,942448.0,942448.0
300740.SZ,20251203,51.6485,3.7785,1.7003,782356.367,720115.4948
603822.SH,20251203,,14.9261,2.0579,666771.8646,666771.8646
301418.SZ,20251203,174.2164,1.6816,8.0005,272140.0025,109238.2355
300834.SZ,20251203,68.5306,1.5345,3.1566,450574.9331,447584.6856
002876.SZ,20251203,90.3843,1.8358,1.3007,436972.8341,374309.8673
301313.SZ,20251203,,3.9833,5.3015,286876.2782,209327.6028
301163.SZ,20251203,62.9348,1.9965,2.766,226766.4,152082.5508
300172.SZ,20251203,49.2185,1.9934,5.0869,386401.41,298925.573
300666.SZ,20251203,44.5043,4.7054,5.3612,2289717.4943,1908585.8852
000514.SZ,20251203,49.533,1.2148,15.7985,460698.9469,460698.9469
600282.SH,20251203,12.2216,1.2165,0.5878,3279828.4179,3279828.4179
300860.SZ,20251203,185.1857,1.7238,13.2467,525400.6157,305054.3423
301510.SZ,20251203,206.1291,9.6029,27.3043,1352833.82,944116.6173
000537.SZ,20251203,19.3425,0.8726,3.7593,1738012.578,1738012.578
600312.SH,20251203,19.4117,2.0043,1.7213,2229421.7107,2229421.7107
002786.SZ,20251203,,19.7147,1.9078,452493.756,451124.256
000421.SZ,20251203,23.858,1.4965,0.4725,420472.3173,420384.8894
605108.SH,20251203,133.4778,2.8016,2.4485,625820.0,625820.0
605178.SH,20251203,,4.5485,15.8121,555937.88,555937.88
600433.SH,20251203,293.1017,1.2791,0.76,568840.7507,568840.7507
002368.SZ,20251203,66.8402,2.879,1.7855,1493262.1613,1486549.6091
603458.SH,20251203,,0.8568,1.6673,244593.4867,244593.4867
600990.SH,20251203,,3.7813,4.3897,681482.7059,676297.9177
603517.SH,20251203,117.366,1.2675,1.4703,809012.5846,809012.5846
600115.SH,20251203,,7.1716,0.8465,11507710.8051,8870006.7093
600589.SH,20251203,257.486,15.8244,27.2919,1125379.7766,1120680.1766
603222.SH,20251203,,3.5133,7.7062,491484.8156,491484.8156
000937.SZ,20251203,52.0367,1.0957,1.4242,2088326.1884,2029137.7612
002838.SZ,20251203,60.5342,2.9296,1.7521,1049127.6956,922445.3707
688262.SH,20251203,,4.7207,26.7963,973391.748,973391.748
300733.SZ,20251203,56.9019,2.9697,2.6345,507728.3011,374528.8941
002507.SZ,20251203,19.0317,1.7167,6.2952,1525480.955,1518864.9888
002333.SZ,20251203,78.439,2.0629,2.3895,394831.008,381749.4135
000534.SZ,20251203,45.4484,6.5026,8.1921,1017568.3865,998440.9208
003042.SZ,20251203,,1.9438,1.279,255181.68,228112.0493
002475.SZ,20251203,27.0943,5.371,1.3705,42833332.387,42736409.938
600361.SH,20251203,17.9906,1.4977,0.2086,1671452.1125,1671452.1125
603100.SH,20251203,17.9705,2.6309,1.7856,1224944.3711,1217371.3343
300865.SZ,20251203,,3.1072,8.6379,270296.0,158910.3124
300096.SZ,20251203,48.1105,8.5974,5.9662,301430.0,301430.0
600038.SH,20251203,50.4001,1.6689,1.0466,2879464.9641,2349300.4962
600128.SH,20251203,59.519,1.2769,0.3589,277875.3648,272431.32
603698.SH,20251203,52.773,2.9983,2.1884,1034996.69,1034996.69
002730.SZ,20251203,56.4038,3.3009,4.4089,537688.6218,513854.3718
002284.SZ,20251203,23.617,2.8366,1.7357,907615.2273,897931.0044
002537.SZ,20251203,45.1064,2.1932,1.3992,927473.2286,923667.7986
300890.SZ,20251203,279.0085,1.7805,2.4789,365312.0131,333700.8988
301309.SZ,20251203,24.2282,1.7669,3.2798,285819.2992,72594.2992
002436.SZ,20251203,,6.7232,5.3012,3625403.7099,3221890.647
301290.SZ,20251203,,1.2323,6.517,262754.6551,178792.5982
002173.SZ,20251203,,5.6272,12.4784,1002156.7634,945427.3901
300936.SZ,20251203,,2.8417,12.2497,284105.6,179304.919
002268.SZ,20251203,92.1125,2.7057,6.5243,1456185.3349,1455602.9976
688507.SH,20251203,221.163,2.9234,19.8918,799394.9013,441693.7338
001316.SZ,20251203,31.5084,3.3904,4.2641,423810.4626,410576.6602
603838.SH,20251203,,2.7219,7.2766,254732.736,254732.736
002519.SZ,20251203,,3.1965,152.4724,734432.9455,729448.1206
603529.SH,20251203,11.4645,2.821,1.0639,2684736.2561,2618114.1744
000900.SZ,20251203,17.9805,0.5943,0.936,661773.1536,661743.7236
600958.SH,20251203,16.8006,1.1124,4.8636,8666578.1978,7618872.5213
601156.SH,20251203,9.9436,1.3685,1.1031,2606766.223,1551025.903
600770.SH,20251203,136.2036,1.9412,15.8488,665600.0,665600.0
600097.SH,20251203,28.113,1.2768,1.2956,296111.031,296111.031
688089.SH,20251203,22.667,2.3626,6.4477,384586.3392,384586.3392
603813.SH,20251203,,7.3811,9.7789,402627.51,402627.51
300174.SZ,20251203,23.0706,1.6331,2.9838,565254.4787,563286.237
688007.SH,20251203,,3.0803,3.8745,795135.0486,795135.0486
002416.SZ,20251203,37.4625,2.5324,0.3094,1474745.3491,1456446.1218
000953.SZ,20251203,346.3171,17.7436,15.6932,273493.2797,273493.2797
301428.SZ,20251203,79.479,2.7412,3.2371,348786.6678,216330.2178
600810.SH,20251203,,1.3016,0.6557,886904.0296,878443.8436
300073.SZ,20251203,61.6877,2.1617,3.3254,3148194.5757,2926538.0686
603477.SH,20251203,23.7996,2.9285,1.123,871710.1991,871710.1991
603376.SH,20251203,54.3505,9.1074,5.6223,1533203.833,118967.1093
301119.SZ,20251203,41.1402,4.6651,10.371,475904.0,384887.36
000858.SZ,20251203,15.7811,3.149,5.4585,44871388.5378,44869498.5587
603162.SH,20251203,29.9943,2.7045,2.8747,1173148.4472,352533.6069
300322.SZ,20251203,,9.8071,3.8769,978041.1133,936355.8021
300371.SZ,20251203,34.7251,2.1637,5.4259,253533.793,169357.0801
603180.SH,20251203,22.2671,1.1583,0.9387,321626.0285,321626.0285
688011.SH,20251203,,4.0353,29.7286,431800.0,431800.0
688668.SH,20251203,62.0032,6.8033,8.7095,1293184.0345,1293184.0345
000723.SZ,20251203,,1.6999,1.2784,2254581.9694,2250879.508
688037.SH,20251203,294.9418,9.277,15.3158,2510663.0898,2510663.0898
603590.SH,20251203,131.0369,2.3413,8.5905,748497.3725,743175.6715
002258.SZ,20251203,22.8046,1.359,1.2,1059778.8899,1058075.0568
688369.SH,20251203,,3.2075,3.4611,271338.5572,271338.5572
601107.SH,20251203,11.439,0.9355,2.059,1871532.72,1323596.88
000980.SZ,20251203,,1462.7352,31.0549,1840529.9247,1836456.8656
920198.BJ,20251203,91.8392,4.0313,8.1358,161363.872,70099.163
300994.SZ,20251203,22.1576,3.3972,1.1148,375504.768,187945.704
000521.SZ,20251203,10.656,1.1275,0.2242,700348.1262,595394.1878
688509.SH,20251203,,2.9415,5.8665,364980.0,182391.5028
300863.SZ,20251203,54.0516,6.3662,2.3116,909265.6396,873958.2059
300427.SZ,20251203,,3.5277,6.6644,451566.0246,446668.3405
300743.SZ,20251203,24.5331,4.3217,3.0829,268300.6452,226026.9295
002449.SZ,20251203,343.8286,1.4301,1.6684,547970.7717,547970.7717
002846.SZ,20251203,,4.8126,3.1228,679969.6967,416112.2974
003033.SZ,20251203,31.403,3.8477,2.7355,520911.0,514499.9205
002798.SZ,20251203,,1.6487,1.2765,313142.2251,269185.4818
002627.SZ,20251203,55.8179,1.6482,6.4334,510843.9715,505560.8347
002384.SZ,20251203,107.1172,6.2412,3.5584,13299302.2899,10066082.0307
003020.SZ,20251203,32.5356,3.0035,3.588,528896.6481,383011.8985
603992.SH,20251203,43.101,3.7762,4.5808,1225546.5812,1210355.4352
001314.SZ,20251203,330.0546,3.2044,1.7725,662107.028,240483.9719
300662.SZ,20251203,18.5918,2.4812,0.3842,538855.8109,537424.4749
001308.SZ,20251203,20.0709,1.9692,1.0428,1561653.6542,1102096.6046
300749.SZ,20251203,,3.8706,2.3878,219531.258,168413.292
002228.SZ,20251203,49.3176,1.677,0.5048,536316.448,534520.1954
000635.SZ,20251203,,2.3674,2.0876,365361.8685,280962.2071
603070.SH,20251203,56.5323,2.4278,2.6576,522904.0,515623.648
002923.SZ,20251203,,4.4197,3.89,462822.5213,356673.2392
603810.SH,20251203,98.6171,1.8314,2.4267,281023.4062,281023.4062
300840.SZ,20251203,,3.3564,6.3359,429120.0,316628.2214
688208.SH,20251203,26.8298,6.6269,4.8331,2235061.7757,2235061.7757
300422.SZ,20251203,,2.4524,1.4198,271745.118,260329.012
300127.SZ,20251203,56.3543,6.7891,12.2351,1006277.765,718761.46
002653.SZ,20251203,215.6916,15.7638,15.6045,6663511.9215,2875267.0401
600169.SH,20251203,37.5758,1.5507,0.799,789916.3481,786621.394
002692.SZ,20251203,54.2123,3.0448,0.8263,369845.19,369620.1221
000688.SZ,20251203,90.2874,6.9894,11.4346,2580731.9237,2580722.2599
688066.SH,20251203,,17.0526,11.2929,714855.9815,714855.9815
688628.SH,20251203,21.2662,2.8577,2.9593,354973.8595,354973.8595
603696.SH,20251203,94.042,6.5214,6.1026,378436.8,378436.8
300429.SZ,20251203,,4.365,7.9494,751898.8067,558884.8358
301556.SZ,20251203,60.3238,8.6134,15.3027,833441.44,288108.04
000425.SZ,20251203,18.5732,2.0613,1.2207,12340621.1061,9753606.4542
600325.SH,20251203,,0.6568,0.1555,1246724.9085,1246724.9085
605376.SH,20251203,82.669,7.7278,12.4344,1272945.6,1272945.6
600996.SH,20251203,,6.0403,11.2593,1412624.2346,1412624.2346
600132.SH,20251203,25.6749,13.1223,1.795,2627963.6051,2627963.6051
002096.SZ,20251203,19.5648,2.0803,1.6981,1629939.1718,921040.1046
600845.SH,20251203,41.67,5.4307,5.458,5971219.9082,4438180.2837
000153.SZ,20251203,28.0948,1.5216,0.7708,319764.3207,316862.6807
002086.SZ,20251203,,3.8853,15.2329,515202.9295,415878.2277
300020.SZ,20251203,,1.0746,21.4781,287673.4266,277523.5294
605567.SH,20251203,58.157,2.1122,0.8796,230600.0,230600.0
000506.SZ,20251203,246.0558,17.2215,21.2759,1102744.0823,1102229.6365
603527.SH,20251203,25.0362,1.6468,0.3266,339793.1264,339793.1264
688655.SH,20251203,,3.5515,3.877,238501.32,238501.32
600988.SH,20251203,21.5978,4.687,5.1266,5868469.7177,5138158.3353
002548.SZ,20251203,,3.3589,1.0258,478684.3743,464984.5224
301131.SZ,20251203,44.6977,2.6346,1.3298,222720.478,143533.7644
000605.SZ,20251203,149.4658,1.2067,1.5178,257088.1194,257088.1194
000913.SZ,20251203,15.7214,1.7702,1.5066,833597.5105,733313.669
601233.SH,20251203,21.0576,0.9695,0.3963,3672098.7134,3658536.388
920357.BJ,20251203,32.4282,5.1488,3.7727,198838.64,110529.7518
000967.SZ,20251203,54.6649,1.2202,1.5569,2083849.0882,2082857.0216
600793.SH,20251203,244.8211,16.7776,1.3854,399272.3325,399272.3325
920580.BJ,20251203,94.536,3.6818,9.5217,123496.0,67641.377
002229.SZ,20251203,,6.4285,7.9704,817227.3807,812241.6037
000619.SZ,20251203,,1.1296,0.5947,288083.2466,235080.0
002790.SZ,20251203,31.9823,1.764,1.8486,371906.347,232020.775
300097.SZ,20251203,,5.1342,12.305,195059.5762,182526.7248
601918.SH,20251203,8.8285,1.0988,1.439,1805607.6346,1805607.6346
002985.SZ,20251203,149.9401,3.4638,12.8533,906292.1816,479756.9357
002538.SZ,20251203,25.737,1.0657,1.2868,571882.3612,571878.8692
603053.SH,20251203,18.2462,1.8352,1.6883,885334.44,885334.44
603679.SH,20251203,,3.4052,5.6511,255922.3037,255922.3037
600619.SH,20251203,329.0883,3.5721,1.0903,2187475.8994,1608338.2383
300679.SZ,20251203,36.9075,3.9359,3.6889,1980086.02,1673976.0522
603757.SH,20251203,33.3548,3.3422,3.2695,672689.416,672689.416
603516.SH,20251203,6454.9823,23.4205,90.0608,3260423.1952,3260423.1952
600771.SH,20251203,114.5692,5.7242,6.7962,943738.9198,943738.9198
000962.SZ,20251203,51.5878,5.0215,8.6437,1369191.8948,1360513.785
002920.SZ,20251203,27.143,4.4224,2.0903,6475742.5789,6001523.5602
605500.SH,20251203,41.9553,1.4488,1.396,370059.2,370059.2
688039.SH,20251203,,4.6047,14.7314,511531.586,511531.586
300852.SZ,20251203,39.1129,2.6335,3.2778,580605.0538,560476.9769
002652.SZ,20251203,,7.719,6.4269,193560.192,193560.192
920662.BJ,20251203,90.2884,4.8414,5.6776,222026.8051,63985.0222
600575.SH,20251203,18.3749,1.1462,0.5087,1410712.7666,1410712.7666
000509.SZ,20251203,,34.2826,4.7057,426031.8366,426030.5488
603081.SH,20251203,52.9341,1.7233,2.324,550938.8903,550938.8903
601698.SH,20251203,337.4673,5.5158,33.2149,8752926.5737,8752926.5737
002847.SZ,20251203,25.3178,8.9156,3.2412,1902695.4304,1714397.252
920504.BJ,20251203,62.9708,5.0929,8.3148,101876.1181,40183.0687
301536.SZ,20251203,91.2409,7.6575,8.8378,2392390.5111,1062232.9541
300977.SZ,20251203,,2.0877,6.3007,289383.008,180218.7598
300185.SZ,20251203,159.1578,1.6969,1.6979,1122339.6838,1067689.4023
002746.SZ,20251203,18.3309,1.1561,0.9366,526649.7009,434321.8509
300062.SZ,20251203,,3.5447,4.5894,506889.3627,361466.589
600761.SH,20251203,13.4332,1.6833,0.9545,1799199.3772,1799199.3772
300070.SZ,20251203,695.2427,0.5596,1.8628,1522167.9325,1416172.0427
300981.SZ,20251203,,1.1703,2.5314,628287.1649,575796.0977
300407.SZ,20251203,41.4041,2.0825,1.5373,399023.4182,303518.1713
301307.SZ,20251203,,2.8278,2.0772,808072.2,418200.9227
601727.SH,20251203,123.6415,2.426,1.0812,13100322.5391,10634984.2131
600897.SH,20251203,15.7119,1.4795,3.5178,697947.516,697947.516
002131.SZ,20251203,67.9731,2.5181,1.6813,3324943.3432,2872214.4064
002008.SZ,20251203,33.1039,2.2066,2.1577,3744667.5949,3479605.2644
002717.SZ,20251203,,3.6051,10.0052,309439.7049,274584.0119
601211.SH,20251203,13.262,1.0887,5.626,33918053.295,25962443.0996
300258.SZ,20251203,55.1835,1.5853,3.6476,747690.3766,728320.6188
001255.SZ,20251203,347.3522,3.187,6.6212,279234.0943,229510.88
300978.SZ,20251203,35.6943,3.1591,2.4885,519924.369,235199.8386
688786.SH,20251203,51.3304,5.1829,9.0476,386965.8081,386965.8081
600711.SH,20251203,19.3931,2.3045,1.3062,3891079.9427,3891079.9427
603719.SH,20251203,,2.4704,0.8579,499245.0,499245.0
300730.SZ,20251203,,12.1209,11.8642,303835.0732,243582.0395
000100.SZ,20251203,29.2573,1.4816,0.5079,9027574.302,7853987.7189
300272.SZ,20251203,48.1361,3.2435,2.5482,456156.2261,346496.1232
600239.SH,20251203,,3.3301,2.2618,427112.7178,427112.7178
000759.SZ,20251203,,4.034,0.5555,488980.0474,483911.0465
000539.SZ,20251203,300.3751,1.0395,0.4653,2436131.7695,1185699.5211
002818.SZ,20251203,13.4533,1.517,6.5571,836028.636,333264.9823
000548.SZ,20251203,65.4453,1.4557,6.0758,301027.134,301001.9214
301211.SZ,20251203,164.8573,2.7596,14.4736,623476.8,623476.8
920368.BJ,20251203,105.6643,1.4711,1.8966,620759.4834,590569.6145
002339.SZ,20251203,86.3616,2.3255,1.3687,400753.3578,380640.9152
300522.SZ,20251203,826.0271,5.2757,5.9741,424346.1832,346246.9972
301096.SZ,20251203,,2.2556,9.8787,583169.8083,442000.7487
920961.BJ,20251203,249.7896,4.7241,15.9865,363386.2524,258526.9328
688353.SH,20251203,,4.8165,22.3535,1590693.5,1187494.6242
002989.SZ,20251203,,3.2967,16.3493,493299.3067,457440.357
002945.SZ,20251203,80.1024,5.4651,24.3065,3933900.0,3933900.0
600328.SH,20251203,4624.382,1.0169,1.0098,1221435.841,1221435.841
600970.SH,20251203,8.538,1.1549,0.5399,2558895.8554,2197812.2749
002892.SZ,20251203,273.2148,7.2775,5.2128,947465.6649,615060.0996
000400.SZ,20251203,22.8442,2.2125,1.5138,2566928.0675,2549487.1727
603359.SH,20251203,,1.339,13.2829,354200.224,354200.224
301028.SZ,20251203,24.59,3.4516,4.6746,556103.9482,359769.2662
002148.SZ,20251203,394.2637,3.9851,13.3454,486877.9644,391355.6392
300220.SZ,20251203,1155.5235,38.4038,9.5308,241920.0,241630.9568
300655.SZ,20251203,,7.1535,11.64,1817619.1689,1808629.2651
300013.SZ,20251203,,11.8024,4.5752,231160.5821,184628.0829
688059.SH,20251203,44.6347,4.9048,7.9025,746954.9486,695798.272
688385.SH,20251203,102.4095,7.8861,12.3913,4871063.889,3184986.989
002481.SZ,20251203,108.406,2.9301,3.1561,716777.6665,649537.7231
603049.SH,20251203,12.126,2.0523,1.1353,4954835.3983,480609.4467
603866.SH,20251203,23.2623,1.7153,1.6323,895842.7268,895842.7268
920837.BJ,20251203,27.6729,3.8262,3.6507,211791.0507,190955.7507
002678.SZ,20251203,,2.148,12.9914,696818.3257,696435.6918
603233.SH,20251203,18.2095,3.1129,0.772,2071564.321,2071564.321
300827.SZ,20251203,41.9819,7.4463,3.4086,1796020.9398,1372134.1559
688455.SH,20251203,,3.4598,2.0166,300028.7681,215419.7681
301558.SZ,20251203,2188.0587,5.1824,4.0091,702866.4397,195380.0633
300912.SZ,20251203,,3.8924,3.447,191852.94,143322.907
301511.SZ,20251203,788.8776,4.9669,1.8408,2018291.044,1199294.8543
688355.SH,20251203,38.5583,2.0839,3.9212,222005.325,222005.325
600019.SH,20251203,16.984,0.7849,0.5143,16031614.3753,16031614.3753
603507.SH,20251203,78.1044,1.8341,1.1352,444166.1499,438071.2599
600886.SH,20251203,16.8912,1.5449,2.0591,11118242.5299,10353855.738
688171.SH,20251203,366.4452,4.7637,36.7558,392981.0194,392981.0194
002666.SZ,20251203,58.7574,1.1707,0.7622,413699.633,262850.8055
000409.SZ,20251203,126.2543,5.0243,5.7098,790536.9288,672341.9423
600395.SH,20251203,200.1395,0.9828,1.0666,1032526.574,1032526.574
300906.SZ,20251203,38.838,2.9366,16.5662,264480.0,238683.282
601890.SH,20251203,33.6045,2.7231,4.8803,1008329.4,1008329.4
600531.SH,20251203,14.5733,2.1524,0.2818,1273189.8444,1273189.8444
002498.SZ,20251203,21.9465,1.3967,1.214,1200973.356,1200973.356
000599.SZ,20251203,,3.8555,1.126,507207.3309,507198.7146
688560.SH,20251203,,1.1941,4.9538,317050.5209,317050.5209
002863.SZ,20251203,45.7764,1.2743,0.6486,361488.5831,361488.5831
688727.SH,20251203,207.5984,8.4417,32.573,2092032.0576,233932.1762
002743.SZ,20251203,97.6358,0.7339,0.7193,242009.2738,241621.4638
601700.SH,20251203,206.1165,2.2035,2.0929,563127.6231,563127.6231
603378.SH,20251203,,2.976,4.096,297017.4729,297017.4729
002919.SZ,20251203,,7.6268,4.2498,626602.7812,621576.5877
601319.SH,20251203,6.8789,1.1687,0.5451,36705912.1839,29463137.9639
600610.SH,20251203,228.8743,92.9657,10.0453,1055205.4859,698095.8044
002215.SZ,20251203,16.4715,2.6725,2.0214,1107720.8236,865777.5082
600694.SH,20251203,12.1426,0.6878,0.9352,607202.6277,601248.7677
600121.SH,20251203,,3.8155,1.5899,584837.7782,584837.7782
920367.BJ,20251203,147.6822,3.2458,11.0477,154264.9413,90959.1245
000752.SZ,20251203,21.7839,5.2132,7.1671,320466.5666,320466.5666
301272.SZ,20251203,61.2441,2.4023,4.2452,242258.0243,129731.3185
603014.SH,20251203,35.9113,2.4632,4.6102,1703601.0811,160539.9799
301606.SZ,20251203,41.4681,8.018,3.0609,2518502.5224,1329428.9956
601162.SH,20251203,64.7347,1.5716,12.3058,4271369.7392,3645539.481
603216.SH,20251203,88.006,3.7651,6.1686,674528.01,674528.01
920808.BJ,20251203,,23.7577,25.2529,1545400.0077,1503459.2271
601881.SH,20251203,12.2156,1.4755,5.5065,17145142.7374,11357678.8329
002837.SZ,20251203,139.5421,21.0164,12.1238,6962843.3317,6061890.1361
600503.SH,20251203,,1.3072,17.9174,464664.1,464664.1
688008.SH,20251203,65.4614,11.2395,26.385,13524237.2073,13524237.2073
603181.SH,20251203,18.6586,2.5134,3.4515,838897.5,838897.5
688669.SH,20251203,,2.0004,0.6796,261716.0014,261716.0014
300242.SZ,20251203,,13.0155,1.6043,343928.9314,343928.7439
002366.SZ,20251203,,3.2452,14.2607,1481627.5997,894602.6457
600031.SH,20251203,22.7558,2.2159,2.1907,18757809.0515,17287755.6755
603033.SH,20251203,,3.9224,2.3593,1141498.0543,1120871.8369
603499.SH,20251203,47.5043,6.9457,5.8358,607306.9407,607306.9407
000166.SZ,20251203,13.5121,1.1395,4.7315,12670211.9474,11402966.7019
688566.SH,20251203,23.7995,2.439,6.0053,575158.6147,575158.6147
600741.SH,20251203,9.1135,0.9722,0.3492,6292837.0721,6292837.0721
688631.SH,20251203,169.8513,5.9647,7.645,1080536.7,428790.7
001317.SZ,20251203,,3.6136,2.3275,359376.3516,147076.1964
605305.SH,20251203,17.0443,3.0779,5.1127,877707.6,877707.6
300558.SZ,20251203,65.5776,3.4035,6.092,1988808.8759,1982469.1038
000707.SZ,20251203,,1.3142,1.6827,374219.0035,297053.2896
603138.SH,20251203,,5.6049,10.2447,429935.7747,421845.5896
600732.SH,20251203,,4.2613,1.8556,2756659.3997,2058960.3314
002599.SZ,20251203,,3.4883,2.079,432003.3073,322783.4629
920006.BJ,20251203,,7.5273,28.225,243956.0144,92656.649
002423.SZ,20251203,28.2609,1.2131,,2707324.0506,2707324.0506
600855.SH,20251203,,5.2046,6.9409,796991.1803,795455.1773
600379.SH,20251203,53.5953,4.9633,3.022,379401.597,379401.597
301175.SZ,20251203,21.6944,2.1871,4.4439,771265.12,325865.12
920985.BJ,20251203,,2.3848,0.946,260578.9604,184665.6373
600838.SH,20251203,86.1958,2.3425,40.9379,369212.3045,369212.3045
300300.SZ,20251203,257.3187,73.4233,60.1483,1041615.1108,1041548.8039
002305.SZ,20251203,,,1.9983,424882.8637,424855.3026
300769.SZ,20251203,,2.5147,1.8373,1307917.724,1175203.9073
688768.SH,20251203,27.2652,3.4134,5.6886,359081.9378,356122.5435
688349.SH,20251203,25.5206,2.4014,1.3754,3187424.5548,642592.393
920564.BJ,20251203,190.6613,6.8876,9.6448,212512.1361,96573.773
002833.SZ,20251203,17.2931,2.5281,2.9868,694043.4408,472071.908
600320.SH,20251203,39.3118,1.5246,0.6994,2455052.7315,1548050.91
688552.SH,20251203,634.0956,4.378,15.8338,1135176.768,292261.5367
603116.SH,20251203,,1.3594,1.7951,354939.6928,354939.6928
000060.SZ,20251203,20.7142,1.2408,0.3718,2326715.7161,2326685.9036
688120.SH,20251203,43.2995,6.5677,11.4199,4737522.0714,4737522.0714
300873.SZ,20251203,18.2419,1.6229,2.8688,510321.7369,369216.2229
300641.SZ,20251203,9.4304,3.1026,3.5289,980668.1548,980668.1548
300232.SZ,20251203,79.5478,1.6821,0.9808,782323.8201,635998.2178
002367.SZ,20251203,14.8094,1.6226,1.3733,587140.6556,584813.258
600593.SH,20251203,,25.5678,12.1907,617917.965,610125.6
000809.SZ,20251203,,1.0562,7.0435,282078.6222,282078.6222
601882.SH,20251203,21.8369,3.4931,2.9512,997542.0,997542.0
000564.SZ,20251203,,2.8684,30.0607,4514515.8385,3678754.271
000617.SZ,20251203,26.3588,1.0826,127.8449,11352587.0129,11352587.0129
002578.SZ,20251203,,2.9055,2.3209,441156.186,404746.4037
300396.SZ,20251203,,1.9405,7.1975,367872.5172,367319.438
002286.SZ,20251203,23.7707,1.5537,1.2711,342510.642,332596.917
002574.SZ,20251203,,1.0725,1.0496,319440.0,319440.0
300131.SZ,20251203,354.9455,8.0463,2.6129,1422179.4147,1305961.1975
600829.SH,20251203,70.427,2.8035,0.8213,839098.7999,839098.7999
001225.SZ,20251203,80.0095,2.6971,14.7974,372476.754,118974.2613
301379.SZ,20251203,34.32,3.8451,3.096,543981.3823,349403.3819
300343.SZ,20251203,118.1313,3.3796,7.2465,651002.1935,649327.6079
300683.SZ,20251203,,1.7416,6.2757,389018.1301,362776.1131
301182.SZ,20251203,,4.6058,5.2215,351378.1739,351378.1739
600530.SH,20251203,223.1998,17.8918,18.2118,569566.2,569566.2
603577.SH,20251203,26.0075,1.7704,0.8018,343547.9083,343547.9083
920016.BJ,20251203,74.3795,3.9794,6.3579,151192.5086,66262.3512
300022.SZ,20251203,,7.6586,1.463,407254.0731,407245.0503
603073.SH,20251203,23.1423,1.6238,2.7869,224460.0,98477.6609
301013.SZ,20251203,,8.7264,12.2824,669673.8554,542177.2929
920964.BJ,20251203,,2.0505,1.95,179972.312,91194.2334
300354.SZ,20251203,48.779,7.3552,11.3553,605289.1996,355806.4073
600455.SH,20251203,42.9506,5.0276,5.5462,166200.738,166200.738
600525.SH,20251203,,1.2969,0.6255,487948.6562,487948.6562
600380.SH,20251203,16.9793,1.5604,1.5263,2319746.8934,2319746.8934
603191.SH,20251203,52.9902,1.9593,1.3212,489556.5685,486145.1005
300633.SZ,20251203,174.5782,3.7456,5.6306,1168323.4935,1168323.4935
002500.SZ,20251203,23.4899,1.1686,6.2103,2139503.842,2139503.842
002312.SZ,20251203,40.3626,2.2841,2.3117,2199190.1525,2192765.5465
688592.SH,20251203,,3.3597,6.8121,310819.3519,148809.6091
920415.BJ,20251203,153.6096,3.7222,11.8003,199526.3115,151116.3872
301320.SZ,20251203,150.3673,2.9493,3.4151,312693.18,117178.7241
601330.SH,20251203,13.9164,1.2227,2.8668,985172.0699,699289.697
603001.SH,20251203,,1.5174,1.6943,360882.0,360882.0
603161.SH,20251203,28.7116,1.773,1.1682,264783.2942,259799.7975
688323.SH,20251203,,3.7019,7.3265,280260.3488,280260.3488
301602.SZ,20251203,68.0747,7.4374,26.2872,968024.9819,131879.8682
002742.SZ,20251203,,,2.2176,209952.0,209883.0279
920599.BJ,20251203,10.6994,2.8257,1.4168,929212.725,700285.8611
688365.SH,20251203,,8.008,14.3114,758819.5869,758819.5869
603173.SH,20251203,15.2291,3.2039,2.0878,606720.0,187855.68
000570.SZ,20251203,261.536,1.2648,1.7248,434706.5843,342306.5843
003021.SZ,20251203,99.806,7.2404,14.3223,2466777.6336,2124785.3743
688206.SH,20251203,4699.3337,7.4164,32.9242,1496576.6365,1496576.6365
600259.SH,20251203,172.8503,5.1729,2.1289,1807670.1444,1807670.1444
300647.SZ,20251203,,5.7671,4.1929,330185.7793,329695.6272
300276.SZ,20251203,253.6352,6.2174,7.6154,1232917.8312,930269.1737
300122.SZ,20251203,,1.6331,4.3901,4789973.2837,2830026.8022
301387.SZ,20251203,107.7541,2.6964,2.8824,444068.3686,177566.7878
002419.SZ,20251203,306.2972,1.5658,0.5513,640528.567,640454.4023
300031.SZ,20251203,50.6103,2.2556,2.7671,916217.7687,769961.3397
600893.SH,20251203,403.7583,2.4565,2.1801,9774734.0707,9773012.4876
688029.SH,20251203,23.8881,3.5868,4.6758,1460513.7061,1460513.7061
301116.SZ,20251203,,3.9118,0.3012,576938.777,576935.8858
300885.SZ,20251203,77.6447,6.0152,18.6999,528811.4858,355914.8785
688199.SH,20251203,,1.4369,2.5239,368887.9503,368887.9503
603087.SH,20251203,39.9714,3.2797,9.6177,3700304.283,3455933.9031
600579.SH,20251203,,2.6312,1.1975,431407.0634,431407.0634
603559.SH,20251203,,3.542,8.0492,337072.6624,337072.6624
002658.SZ,20251203,26.647,2.1337,3.7633,554383.5257,312749.5571
603867.SH,20251203,22.0695,2.093,1.7197,511360.7056,506588.9056
688658.SH,20251203,,3.2802,4.4149,1125000.0,1125000.0
601279.SH,20251203,,1.7281,1.67,729461.5531,729461.5531
600908.SH,20251203,5.9059,0.6197,2.8144,1369481.3777,1247571.103
001335.SZ,20251203,40.995,4.3889,3.0417,421734.2804,105433.5701
301252.SZ,20251203,38.201,3.3556,3.6117,437616.9878,122267.2178
300180.SZ,20251203,264.1668,2.3825,2.7483,1123556.3789,1092661.7948
003008.SZ,20251203,27.6821,2.3463,10.9201,242008.0,181153.0523
688198.SH,20251203,90.1421,13.0484,27.4924,1625565.7175,1625565.7175
601126.SH,20251203,28.5198,4.8875,2.893,2311320.379,2288786.8996
688125.SH,20251203,,3.1692,8.85,590734.8787,587594.271
002306.SZ,20251203,,,4.5005,173082.7375,161969.963
920832.BJ,20251203,469.0525,1.3787,2.795,102824.024,90787.3815
600718.SH,20251203,,1.2691,0.9864,1199483.1933,1199483.1933
300530.SZ,20251203,,93.2874,39.6494,499690.6347,459867.2728
688115.SH,20251203,2262.106,3.4861,17.2752,431354.9,431354.9
600814.SH,20251203,29.6082,1.5715,3.4106,581447.171,577028.2891
601212.SH,20251203,215.5963,2.4718,0.4219,3813458.8732,3813458.8732
603211.SH,20251203,73.9137,3.7839,3.6629,464791.68,464791.68
300317.SZ,20251203,,2.1258,5.7636,331245.1736,330736.4486
300118.SZ,20251203,,1.1045,0.7351,1161674.1264,944435.7755
603518.SH,20251203,13.206,0.9398,0.7934,341699.5816,340210.4947
600691.SH,20251203,,2.0169,0.6951,729426.4593,729304.8873
001269.SZ,20251203,,5.4977,9.7767,480259.089,480259.089
000789.SZ,20251203,327.6948,0.6958,0.851,448142.9672,448142.9672
600435.SH,20251203,79.8827,7.0509,4.6504,2055405.9073,2055405.9073
002184.SZ,20251203,,3.9578,1.7588,462759.5066,316088.5278
601988.SH,20251203,7.9835,0.7158,2.9768,191394172.6175,125194715.8185
920834.BJ,20251203,46.6066,6.9061,6.8876,206400.0086,108009.8751
600236.SH,20251203,22.2308,3.2376,5.8911,5643782.5062,5643782.5062
688667.SH,20251203,36.8476,1.7685,2.4217,303992.9995,303992.9995
920978.BJ,20251203,34.7578,8.3374,5.6314,602015.197,337526.4661
002745.SZ,20251203,63.8013,1.055,0.8309,1404021.4135,1007183.5234
603871.SH,20251203,16.531,3.1924,1.9991,1755155.1082,1755155.1082
300363.SZ,20251203,,2.4064,3.6714,1259698.964,1156349.1004
600620.SH,20251203,70.5123,2.9529,8.9691,438099.9981,438099.9981
600056.SH,20251203,30.0507,1.3769,0.4808,1632004.8051,1631428.4625
002431.SZ,20251203,,4.0708,1.7597,464080.9638,464080.9638
301246.SZ,20251203,499.2123,1.6377,4.0214,710012.07,284075.8813
603699.SH,20251203,25.1619,9.7333,4.9111,3627135.696,3545833.5389
002293.SZ,20251203,16.077,2.0531,1.7333,822168.6863,815010.906
301003.SZ,20251203,29.7189,3.2593,6.1736,361918.7615,279972.959
600066.SH,20251203,14.4358,5.3554,1.8184,7184232.7786,7184232.7786
301068.SZ,20251203,206.3035,5.2909,3.3045,418294.5963,298302.362
300870.SZ,20251203,63.5828,8.1581,4.6837,2117489.6465,2117489.6465
920082.BJ,20251203,33.9071,4.7347,3.3023,249574.535,67121.6766
600782.SH,20251203,12.6759,0.4656,0.3254,1231643.8117,1217367.3817
301018.SZ,20251203,110.2057,5.0999,3.8151,1353143.3405,1012111.0196
300259.SZ,20251203,21.8471,1.7052,5.071,514712.667,514594.6216
603676.SH,20251203,22.3577,3.3941,4.25,496519.2715,496519.2715
605303.SH,20251203,,3.3845,5.5651,311026.96,311026.96
301413.SZ,20251203,130.1774,9.7161,10.6575,1215461.3187,710485.3848
688539.SH,20251203,105.9473,3.799,17.8118,661317.44,372489.04
688479.SH,20251203,65.7719,1.4793,5.5774,273770.1078,118216.1078
000552.SZ,20251203,,0.8185,1.6889,1337952.3265,931444.4118
688719.SH,20251203,,3.271,5.7628,554657.7043,431295.0865
002709.SZ,20251203,141.31,5.1294,5.5191,8001551.4269,5884851.9221
920857.BJ,20251203,,6.6839,5.9563,248516.0164,248516.0164
000068.SZ,20251203,,6.4078,3.9371,389581.8566,389581.8566
301135.SZ,20251203,68.4997,2.1867,1.9587,273333.312,204991.2708
603026.SH,20251203,,3.7761,3.0318,1825539.4548,1590024.6
002079.SZ,20251203,80.0355,2.4858,1.7944,766743.7049,766023.9522
688335.SH,20251203,,2.5694,11.5899,294144.7343,294144.7343
002558.SZ,20251203,42.7937,4.9954,18.6071,7578418.1433,7578418.1433
603205.SH,20251203,42.8359,3.0306,4.4722,441948.0,117116.22
600458.SH,20251203,21.513,1.5955,0.5573,1222639.9965,1063200.7941
002584.SZ,20251203,,2.4195,0.7587,542495.6232,434231.3905
002318.SZ,20251203,14.1105,2.9536,1.7814,2408725.8248,2353970.7995
000823.SZ,20251203,28.0244,1.4671,1.1118,691108.175,691078.9035
920429.BJ,20251203,51.7089,2.3934,1.8497,198328.5,180469.2034
000551.SZ,20251203,20.82,1.9053,1.3543,536114.7489,534178.4846
600792.SH,20251203,,1.8737,0.9707,532763.328,532763.328
603382.SH,20251203,41.0299,3.261,1.2053,565323.0168,110789.5623
300176.SZ,20251203,102.1809,2.7898,1.4501,266061.9096,266061.9096
000016.SZ,20251203,,9.9503,1.1799,1259355.4484,835018.5574
301153.SZ,20251203,210.1693,4.1741,10.1014,702172.6542,655167.7159
002880.SZ,20251203,26.0842,2.5667,5.2324,596484.0,596484.0
603031.SH,20251203,51.4559,3.2553,2.1308,991336.3291,811756.4
002792.SZ,20251203,970.7196,5.2827,12.6297,1472438.201,935198.234
603040.SH,20251203,41.3405,7.5402,13.7918,1071422.1336,1065834.8961
300617.SZ,20251203,42.5764,1.7525,5.9087,515971.3609,433344.4483
600863.SH,20251203,15.3086,1.6777,1.5215,3159013.7005,3159013.7005
301159.SZ,20251203,,5.2045,8.914,303598.75,208083.7769
688659.SH,20251203,,2.949,2.3146,158240.0,158240.0
301021.SZ,20251203,135.3653,5.8297,11.6948,582894.0515,582459.164
300102.SZ,20251203,135.7174,4.3326,5.5542,1835145.7228,1827181.7367
300088.SZ,20251203,43.3992,1.735,1.3324,1516124.2825,1508700.7137
002261.SZ,20251203,,14.69,11.8185,3829887.681,3482782.9342
000719.SZ,20251203,9.9139,1.0809,1.286,1257517.4075,819924.3303
300568.SZ,20251203,164.0372,2.1432,5.429,2113858.65,1913123.1535
603068.SH,20251203,332.577,3.6827,7.0784,620202.1348,620202.1348
000882.SZ,20251203,,0.8347,4.5576,563894.5011,563515.9388
001238.SZ,20251203,,4.9464,3.6382,565292.82,528805.8465
600493.SH,20251203,333.8383,1.8805,2.3767,211344.0,211344.0
920489.BJ,20251203,,5.4755,4.9311,258999.5616,162425.6186
301371.SZ,20251203,29.9985,2.5366,7.6703,1417283.4,211267.615
001278.SZ,20251203,,1.9344,1.1261,243754.798,99552.967
300797.SZ,20251203,38.644,4.8296,5.1699,610922.9448,604246.8209
600537.SH,20251203,,21.2205,2.0521,477037.1523,477037.1523
301631.SZ,20251203,32.0241,3.467,1.8472,866701.633,291118.8265
301333.SZ,20251203,34.7798,2.7407,6.6688,526464.4265,311634.9455
688368.SH,20251203,188.5757,7.1731,5.4848,840659.5695,840659.5695
301200.SZ,20251203,74.5686,7.8118,8.9723,4398488.1042,4355868.4051
002372.SZ,20251203,19.6736,3.6473,2.9148,1708256.7611,1578230.751
300002.SZ,20251203,20.3708,2.8431,3.5891,2156022.5571,2024368.4002
002063.SZ,20251203,38.1968,3.1027,4.8124,1168960.1172,1079398.3444
920100.BJ,20251203,66.3575,9.5794,8.0285,427282.0377,98992.6989
300311.SZ,20251203,,5.2526,7.3812,310543.4992,247745.5919
003009.SZ,20251203,,6.1229,12.9767,941546.5998,941541.8132
301498.SZ,20251203,41.0248,6.1174,4.3379,2737632.3342,1226721.9705
300535.SZ,20251203,,2.1197,2.7643,205264.0972,145284.0349
000533.SZ,20251203,52.7089,5.7426,2.3356,544363.008,539703.0912
003031.SZ,20251203,38.5772,3.7594,8.1427,2365772.2455,1784121.8705
002009.SZ,20251203,,3.1918,2.252,639148.5659,562700.7621
600106.SH,20251203,36.3184,1.6118,73.9118,834627.7389,834627.7389
000586.SZ,20251203,318.8532,7.5631,5.0586,256114.56,256114.56
688013.SH,20251203,49.6708,7.2016,12.8226,402775.2428,402775.2428
601800.SH,20251203,6.6724,0.4202,0.1849,13849722.2355,10023450.0785
603568.SH,20251203,13.8029,2.5928,5.3749,3765368.8849,3758556.3289
688425.SH,20251203,18.0959,1.4817,2.7154,2682748.991,2682748.991
688428.SH,20251203,,6.4547,30.148,4302201.955,654260.99
002273.SZ,20251203,29.8505,3.5864,5.1376,3437642.8503,3367387.7031
600487.SH,20251203,17.1723,1.5789,0.7231,4859467.2743,4817006.8163
002881.SZ,20251203,80.8791,7.7122,3.555,1272917.9691,884696.2661
301092.SZ,20251203,45.4008,2.4524,7.4282,475447.6937,214473.4559
920720.BJ,20251203,63.529,7.334,5.3515,370166.9524,99507.8524
600673.SH,20251203,64.5106,6.4137,4.3698,6244826.7474,6228232.6985
688733.SH,20251203,,2.828,10.8631,613309.8333,613309.8333
300143.SZ,20251203,62.664,2.9715,4.4409,750201.0556,642004.5432
002298.SZ,20251203,,3.3481,3.5554,763794.4498,681794.4244
300292.SZ,20251203,61.3362,4.5674,1.4538,640021.8926,532305.6758
688258.SH,20251203,142.4252,9.3332,23.8202,816862.1041,816862.1041
688073.SH,20251203,41.6752,3.1906,5.0318,638907.1244,303936.2292
300855.SZ,20251203,80.806,5.4217,10.3074,1068726.113,791567.4849
301215.SZ,20251203,39.5457,2.9763,15.215,853915.5,852948.0
002839.SZ,20251203,5.9721,0.648,2.4679,1173285.5875,1172200.332
601916.SH,20251203,6.1234,0.422,1.3327,8541501.7845,6700319.5845
301632.SZ,20251203,75.649,3.9538,8.949,1053934.08,173398.1847
000949.SZ,20251203,44.9036,1.2162,1.0677,805956.383,805740.1224
002380.SZ,20251203,20.1476,2.567,3.3385,625178.2456,369263.6735
603013.SH,20251203,20.4899,2.4881,1.2345,1113365.6014,1113365.6014
603268.SH,20251203,62.8174,9.7715,6.6516,7883690.5987,1008374.8248
603739.SH,20251203,45.5376,2.1452,2.736,380555.4145,380555.4145
920020.BJ,20251203,22.4824,3.4084,1.4925,379001.25,68220.225
002224.SZ,20251203,427.1373,1.2886,4.0868,417679.858,373354.1108
002613.SZ,20251203,,1.93,2.7931,421517.809,295774.2541
300711.SZ,20251203,62.495,7.4604,8.6051,552162.0629,550513.7977
003007.SZ,20251203,135.8099,4.2273,8.5713,354848.0,252718.774
603337.SH,20251203,21.436,3.8212,2.9505,1874741.3901,1864109.8071
300243.SZ,20251203,272.2304,2.5037,1.3443,268958.0621,208848.2185
688106.SH,20251203,84.1334,3.0359,3.3275,897924.2688,897924.2688
920300.BJ,20251203,,5.8026,12.0362,121130.2948,93876.1666
001379.SZ,20251203,54.0382,2.9926,2.2144,444600.0,149605.677
000426.SZ,20251203,40.2781,7.0107,12.6557,6420698.8322,6419142.9578
688235.SH,20251203,,13.4955,11.0976,39588985.7978,3166320.7552
002085.SZ,20251203,40.3209,4.4709,2.0244,3301727.6436,3301727.6436
600600.SH,20251203,18.8888,2.7908,2.6869,8744490.7256,4545497.2946
000568.SZ,20251203,15.4502,3.9318,6.5065,19532669.849,19497156.9404
605388.SH,20251203,,2.835,3.5337,486392.04,486392.04
605255.SH,20251203,629.9815,25.7183,62.0622,2049412.8,2049412.8
603618.SH,20251203,,1.996,0.5824,541347.1073,541347.1073
600790.SH,20251203,67.127,0.9666,5.8187,559932.1345,559932.1345
603817.SH,20251203,21.4565,1.447,3.407,457777.4833,457777.4833
002620.SZ,20251203,,,4.0744,214039.098,178809.2918
603228.SH,20251203,51.3617,4.8801,4.2477,6228759.6665,6171444.7935
600100.SH,20251203,73.7191,1.8036,1.8367,2914759.0103,2914759.0103
600162.SH,20251203,,1.1248,3.8706,650419.1863,650419.1863
920195.BJ,20251203,19.0646,2.4283,1.7989,194099.4,140102.7903
002889.SZ,20251203,39.8214,2.4364,1.5761,611065.9697,406578.4068
000012.SZ,20251203,,1.1078,1.0452,1467790.8271,936553.3338
301121.SZ,20251203,110.4865,2.5503,3.3236,423963.7845,217038.1442
301056.SZ,20251203,42.9812,3.8098,5.3653,312407.1871,206091.1169
600278.SH,20251203,32.8044,0.8886,0.1907,683581.7967,683581.7967
601098.SH,20251203,12.6102,1.2824,1.6014,1997152.0,1997152.0
000897.SZ,20251203,26.0337,1.3159,2.7252,404318.0585,404310.4085
600567.SH,20251203,,0.657,0.3498,1006077.4669,1006077.4669
920475.BJ,20251203,,4.6774,7.9374,165233.1,68706.2937
301280.SZ,20251203,30.8566,3.5002,3.6687,653261.9486,181118.5286
603201.SH,20251203,12.5975,1.869,1.0857,323155.5071,320076.3569
002541.SZ,20251203,18.2675,1.17,0.5198,1119897.8215,805213.1683
002478.SZ,20251203,11.3751,1.1851,1.2161,699924.8852,561556.4998
300638.SZ,20251203,86.6327,4.552,3.9222,2878105.8394,1703233.2538
600660.SH,20251203,18.5695,5.0918,3.8126,16866772.4473,12945300.6637
600016.SH,20251203,5.8565,0.3163,1.2418,17775661.9118,14397622.0245
601619.SH,20251203,18.4064,1.5439,5.0232,1240791.5084,1037126.1699
300162.SZ,20251203,,3.9047,2.9756,349032.345,284678.601
301079.SZ,20251203,,5.6209,9.948,265794.651,169641.4856
601595.SH,20251203,106.0081,7.5682,15.1654,1293953.4,1293953.4
600398.SH,20251203,14.0446,1.6479,1.3937,2968112.0429,2968112.0429
920885.BJ,20251203,106.0199,8.1564,17.3028,325753.5493,166285.0509
000883.SZ,20251203,19.6117,0.8789,1.826,3313153.4108,3032445.9925
600408.SH,20251203,,4.1457,1.0604,562801.2,562801.2
688096.SH,20251203,,2.0624,3.5359,185289.5191,185289.5191
603269.SH,20251203,34.6284,3.8601,2.1423,367723.3557,367723.3557
301251.SZ,20251203,89.9243,4.4981,5.0253,706172.5028,283085.8915
600055.SH,20251203,793.4426,2.4411,7.0576,1143177.2803,1143177.2803
001322.SZ,20251203,123.2621,1.7565,1.2255,829825.8197,674055.7824
002669.SZ,20251203,,1.48,0.8598,401701.6,399713.4154
002510.SZ,20251203,124.6714,2.8391,3.069,709581.9569,702388.0153
002041.SZ,20251203,160.9981,2.3122,7.093,837760.0,837760.0
002370.SZ,20251203,40.3529,4.8551,16.6645,544337.2969,544337.2969
603339.SH,20251203,25.2965,1.516,2.3761,394846.9393,394846.9393
603508.SH,20251203,18.324,2.9406,7.2367,1130859.8022,1130859.8022
000878.SZ,20251203,27.5978,2.3306,0.1912,3570465.6484,3570403.0414
920768.BJ,20251203,27.2131,1.9086,0.7532,133385.94,91946.1318
000888.SZ,20251203,32.2336,2.6636,7.7109,725032.4284,725032.4284
600725.SH,20251203,,16.8003,7.2381,470803.54,470803.54
002616.SZ,20251203,17.3678,1.5057,1.3792,512952.1717,350725.72
002875.SZ,20251203,,5.3051,6.1327,340826.9952,291898.4992
300034.SZ,20251203,95.3542,3.4581,3.4758,1318971.3868,1268799.226
688636.SH,20251203,52.3348,4.9412,7.8132,578817.4295,578817.4295
000620.SZ,20251203,,4.0308,9.2549,1802647.2173,1434226.8862
300130.SZ,20251203,40.1144,3.1866,4.5369,1381940.6636,1057595.0223
300913.SZ,20251203,87.2229,13.1824,8.7412,1756495.7941,1436737.9585
603858.SH,20251203,10770.3605,1.6936,1.6338,1790657.2145,1790657.2145
002124.SZ,20251203,16.1039,1.5415,0.6582,606587.9361,538452.8189
000582.SZ,20251203,19.6196,1.1482,2.8052,2142169.5881,1816505.0001
002422.SZ,20251203,32.6206,2.3113,2.969,5433381.4648,4440016.582
300505.SZ,20251203,17.0779,2.2853,1.6568,631920.4354,499713.4494
002053.SZ,20251203,32.0721,1.442,3.8232,1068046.1782,1068038.6092
603237.SH,20251203,31.8693,1.9255,1.5524,339753.0538,337924.2156
688729.SH,20251203,112.4979,8.1423,14.0371,7158366.32,483885.79
300440.SZ,20251203,105.4519,3.1937,5.1796,520272.5992,518286.0182
301199.SZ,20251203,34.7014,2.1323,3.892,407887.06,156666.685
000632.SZ,20251203,,3.4842,0.5423,306777.3966,306752.3784
001386.SZ,20251203,21.4145,2.1833,3.9644,2681400.48,219600.5418
000504.SZ,20251203,,12.5702,24.2778,304611.3195,303779.9734
002001.SZ,20251203,10.4329,2.3777,3.3429,7511442.5859,7422090.552
688131.SH,20251203,54.2439,5.3297,5.9024,1599657.5891,1599657.5891
300905.SZ,20251203,39.4188,2.8941,3.8964,549075.4404,427012.127
605366.SH,20251203,,2.2542,3.1196,455750.8704,455750.8704
688558.SH,20251203,25.2328,2.2357,3.1027,375276.0,375276.0
603007.SH,20251203,,9.8826,22.2904,470893.2062,268409.1278
300189.SZ,20251203,,8.529,32.337,622592.0,538833.965
002266.SZ,20251203,22.3941,1.7826,0.9597,2092927.8322,1963617.2202
300623.SZ,20251203,45.4003,3.7498,6.6238,2212500.5046,2040525.1327
603062.SH,20251203,20.5586,2.3789,2.3196,485676.0,166717.7307
300585.SZ,20251203,,4.7435,7.6178,337944.4442,337944.4442
601717.SH,20251203,9.4481,1.8441,1.0695,4270676.6326,3688860.4262
603030.SH,20251203,,4.5501,4.6729,402981.6571,402981.6571
300735.SZ,20251203,59.0929,3.8982,2.4194,1925558.8687,1900359.958
603202.SH,20251203,13.8461,2.2784,3.4891,1473600.0,306343.37
600699.SH,20251203,36.1689,2.3834,0.6802,4120397.3859,3600377.5321
600538.SH,20251203,,4.3143,10.5317,332865.951,332865.951
301318.SZ,20251203,31.7104,2.0614,5.237,387090.11,216510.4465
300474.SZ,20251203,,5.3353,71.5517,3720003.6293,2893282.8858
301501.SZ,20251203,29.0291,3.414,3.8726,704743.5,176185.875
603365.SH,20251203,14.3327,1.856,1.2434,557804.6375,552079.8875
603281.SH,20251203,22.1181,2.1992,5.3347,1033386.6685,696688.7595
300005.SZ,20251203,243.5696,4.4046,6.4275,923468.7844,923063.4289
002938.SZ,20251203,27.9631,3.4701,2.9435,11335269.4682,11292888.5669
002659.SZ,20251203,,1.7329,10.9021,375121.8008,375120.0376
002883.SZ,20251203,,2.7961,6.053,181298.4697,178010.3819
300713.SZ,20251203,,5.3124,7.0255,271095.1435,152197.7928
603610.SH,20251203,44.2452,2.1301,2.2707,672096.0464,672096.0464
301512.SZ,20251203,64.921,2.3918,4.0889,241226.9682,112231.0082
920748.BJ,20251203,,16.6325,24.8901,410559.0,333559.5263
688139.SH,20251203,39.6754,2.3416,4.4862,1015222.358,1015222.358
002521.SZ,20251203,46.9232,1.3043,1.5086,507975.3724,379495.9063
603358.SH,20251203,47.127,5.1414,3.8028,1970572.2038,1884587.7461
300731.SZ,20251203,169.9923,9.2369,4.7499,571851.0495,543570.4718
000910.SZ,20251203,52.756,0.6136,0.8274,412190.3175,412029.9285
002933.SZ,20251203,124.3327,2.5246,9.5609,386316.2,375581.1427
600867.SH,20251203,14.0913,2.4233,6.3013,1727434.7752,1727434.7752
600389.SH,20251203,20.0334,2.4546,1.6937,957765.6,957765.6
002172.SZ,20251203,78.401,18.8543,1.7619,329264.9148,329066.9514
300985.SZ,20251203,,3.6668,2.6647,370040.7603,368053.6534
600495.SH,20251203,149.554,1.7929,4.4642,585972.5797,585972.5797
301263.SZ,20251203,495.1106,6.6492,17.0959,1153098.225,822718.2091
301103.SZ,20251203,301.5717,1.6774,2.9495,320319.6567,320319.6567
300201.SZ,20251203,22.3746,3.539,3.1782,597353.8153,595222.3241
605218.SH,20251203,84.5727,3.1313,1.8821,413535.4128,413535.4128
002245.SZ,20251203,25.4312,2.4699,2.3652,1828789.7011,1719985.5058
000703.SZ,20251203,130.0287,1.3066,0.2658,3044212.3063,3028115.5633
688005.SH,20251203,,2.5141,1.5987,2038397.0404,2038092.6807
920039.BJ,20251203,40.9493,3.3776,5.8988,180277.04,180276.9228
601398.SH,20251203,7.823,0.7503,3.4343,286907036.9566,217037831.0939
002031.SZ,20251203,,7.3379,22.5791,1559371.53,1374576.296
920261.BJ,20251203,18.8955,2.66,0.5857,431458.7325,252752.4517
300341.SZ,20251203,47.8458,4.5573,6.0202,877010.5195,873549.6685
605123.SH,20251203,32.7518,1.8277,2.442,833292.2243,833292.2243
600717.SH,20251203,15.0503,0.6648,1.0638,1325452.4754,1325452.4754
605339.SH,20251203,107.7593,2.5276,2.7584,861309.9505,861309.9505
601000.SH,20251203,12.9105,1.0995,4.1663,2305186.2308,2305186.2308
002262.SZ,20251203,20.2,3.0647,4.1234,2483598.1954,2161156.2238
600138.SH,20251203,54.1937,1.0893,0.6354,694886.4,694886.4
300324.SZ,20251203,,3.7146,3.635,1024461.2228,1014024.5729
920592.BJ,20251203,392.4401,9.2725,15.961,319140.25,196060.545
603843.SH,20251203,,20.5796,4.8403,575789.9241,575789.9241
300850.SZ,20251203,25.0299,2.7922,4.1658,1915561.0727,1391439.2464
300082.SZ,20251203,,2.5888,1.5978,708662.3244,706692.6974
002708.SZ,20251203,90.636,3.9837,2.7054,674517.5604,616794.1464
600733.SH,20251203,,20.4569,2.1264,4269303.4275,3747051.3315
600119.SH,20251203,,26.4135,14.0248,315228.3293,315228.3293
301321.SZ,20251203,,3.0797,0.969,299228.175,236843.5921
688002.SH,20251203,44.958,5.929,6.7829,3562239.9296,3562239.9296
000860.SZ,20251203,,1.5952,1.4501,1113392.2505,1113392.2505
300257.SZ,20251203,34.9293,2.1363,3.0923,1411955.3606,1356614.7742
301628.SZ,20251203,48.9652,5.5197,6.9243,633156.72,274039.92
600517.SH,20251203,14.353,1.4593,4.4221,3379595.5247,3379595.5247
000572.SZ,20251203,,9.3803,7.9541,1577206.3325,1574920.6913
001256.SZ,20251203,33.981,2.5628,5.9951,309754.476,88927.9354
300493.SZ,20251203,234.4929,9.1301,3.7677,1062568.0724,1050057.5174
002127.SZ,20251203,,2.0655,2.9284,861659.5115,700151.2819
603333.SH,20251203,,2.3342,3.2507,481683.8792,481683.8792
600821.SH,20251203,17.1398,1.1179,2.9216,1058549.6301,1058549.6301
600653.SH,20251203,676.5067,5.352,0.9064,391222.4437,391222.4437
002344.SZ,20251203,81.7071,0.7449,6.0286,624634.4595,624066.1948
301162.SZ,20251203,58.4801,4.4288,9.8925,677237.6622,435332.0992
920077.BJ,20251203,57.861,3.2147,3.5516,829219.0438,447226.0688
300283.SZ,20251203,,3.3758,1.0633,386649.0567,285695.9946
688156.SH,20251203,,2.0322,5.3803,166279.0732,166279.0732
002105.SZ,20251203,,3.1997,2.178,269419.92,266793.4857
601728.SH,20251203,18.4146,1.3862,1.2076,63505954.2571,53875031.7171
002461.SZ,20251203,22.4179,1.9181,3.5909,2124795.3408,2124795.3408
300501.SZ,20251203,71.6655,2.0662,2.7388,311983.2157,201824.5681
600098.SH,20251203,10.4544,0.8758,0.4795,2408529.2419,2408529.2419
688693.SH,20251203,,3.4419,13.0757,291200.0019,153750.2441
300654.SZ,20251203,99.3258,4.3358,7.0606,370152.2254,356136.4109
300288.SZ,20251203,,4.5647,16.2738,496773.8609,377157.0048
002437.SZ,20251203,24.5264,3.3592,3.1968,718713.0566,676031.2076
002783.SZ,20251203,25.9787,1.6975,1.2073,444927.6635,406069.9854
002732.SZ,20251203,38.9359,1.9391,1.8145,291726.9,290148.7956
002752.SZ,20251203,22.2321,1.9044,0.9138,658443.0474,658341.9474
603997.SH,20251203,79.7805,3.3303,0.8031,1725191.1556,1725191.1556
301526.SZ,20251203,282.2735,2.6221,2.5675,2153171.3654,801908.359
000998.SZ,20251203,,2.4686,1.6598,1415078.4827,1266393.6758
300135.SZ,20251203,714.3948,3.9289,2.734,371404.8,371404.8
600410.SH,20251203,33.2532,4.1818,4.442,1983558.8815,1983558.8815
600654.SH,20251203,53.9413,6.4615,3.3077,1116037.9042,898695.0234
601566.SH,20251203,24.2901,2.0926,2.8027,853336.1678,853336.1678
688023.SH,20251203,,2.3633,2.5512,536456.5045,536456.5045
603496.SH,20251203,,6.3552,9.074,884738.1384,884738.1384
300177.SZ,20251203,,4.6628,6.0464,703983.9364,573562.8754
603966.SH,20251203,20.23,2.1537,1.6895,434551.3747,433517.1282
002739.SZ,20251203,,3.0661,1.9141,2354633.2594,2325281.898
300572.SZ,20251203,,3.5991,14.2407,637504.8526,511134.3292
002125.SZ,20251203,38.2907,2.8633,4.524,873720.6176,873720.6176
003017.SZ,20251203,27.0112,2.3306,2.5359,249900.0,206131.7643
600748.SH,20251203,,0.998,3.4587,1042178.034,1042178.034
000965.SZ,20251203,61.9893,0.909,1.5212,499423.9028,499423.9028
603275.SH,20251203,31.4494,2.084,8.5634,609815.8172,170255.9123
300838.SZ,20251203,422.1128,2.101,2.1968,207380.934,152937.5771
600323.SH,20251203,12.636,1.699,1.8461,2379998.3192,2379998.3192
002088.SZ,20251203,24.6988,2.2988,2.1602,597274.6901,588741.164
600103.SH,20251203,147.2435,2.3347,3.9271,927702.2733,915904.2255
920663.BJ,20251203,30.4096,6.55,6.1605,223967.5593,106091.7776
600192.SH,20251203,,3.9076,2.5837,396247.956,396247.956
300815.SZ,20251203,17.4492,2.0193,1.1697,891251.712,872891.0395
600363.SH,20251203,77.9971,5.5791,7.5238,2387905.2312,2387905.2312
002689.SZ,20251203,62.9259,3.5154,3.2747,428800.708,428636.6364
600578.SH,20251203,9.1053,1.0464,0.8656,3166555.7401,3166555.7401
300685.SZ,20251203,28.6804,4.2473,7.3851,832014.306,827894.3964
600621.SH,20251203,28.363,1.8046,7.9561,1608323.3267,1608323.3267
688090.SH,20251203,5300.1263,5.1263,5.6389,454971.898,454971.898
301636.SZ,20251203,36.7823,2.8878,3.606,311674.9762,77918.7453
300404.SZ,20251203,506.8058,3.6823,4.8779,375692.9339,273469.9625
601155.SH,20251203,122.4407,0.5378,0.4633,3327043.7126,3327043.7126
603366.SH,20251203,43.2517,1.8923,1.7095,786217.5137,786217.5137
300480.SZ,20251203,,4.3337,8.5131,555353.7935,389613.3438
603616.SH,20251203,,8.6833,2.3293,217964.126,214051.201
688789.SH,20251203,29.0117,4.1646,6.6181,1427808.6235,1427808.6235
301259.SZ,20251203,,6.6782,20.56,552552.0,350201.2166
300452.SZ,20251203,25.8946,3.5966,3.5893,335497.7525,267314.4376
000571.SZ,20251203,,38.3809,8.4626,544594.721,528281.0027
600581.SH,20251203,,,0.2906,536514.2545,536514.2545
000721.SZ,20251203,,25.7062,9.5586,559566.4503,499551.3003
002165.SZ,20251203,115.7531,2.8233,2.0612,577186.822,571189.1544
300842.SZ,20251203,80.0149,4.1512,0.4664,772597.6733,689438.4959
002263.SZ,20251203,126.0193,2.3148,4.9763,640520.7941,640515.6791
603885.SH,20251203,40.2965,3.0041,1.3371,2952775.1223,2952775.1223
603511.SH,20251203,52.4583,1.4849,2.0743,646480.9792,643019.6992
300676.SZ,20251203,,2.0211,5.0282,1867785.7399,1857647.7341
000607.SZ,20251203,,2.9018,3.8135,449822.6972,391184.7822
002870.SZ,20251203,38.5609,2.7464,0.7787,464906.2387,453944.7616
600501.SH,20251203,,5.2259,3.9327,900569.941,900569.941
300579.SZ,20251203,,10.1183,8.2884,791100.0,768476.2746
688584.SH,20251203,97.9792,3.4866,11.321,1437390.0425,733942.9289
300080.SZ,20251203,,1.9797,2.5377,955424.0224,954138.88
002990.SZ,20251203,58.6977,3.0266,5.8636,740517.8463,379221.7573
688593.SH,20251203,684.0686,5.8196,15.0149,902056.2358,633424.2222
300326.SZ,20251203,,1.4718,4.012,410131.2541,407291.1357
002656.SZ,20251203,,4.6613,3.7002,198080.5166,188091.9652
002589.SZ,20251203,,0.9902,0.7239,529658.0858,480688.2249
301178.SZ,20251203,,4.4981,11.7139,346765.4736,256633.786
002446.SZ,20251203,,3.1411,6.7132,799157.9271,740109.5794
600515.SH,20251203,180.2294,2.3731,12.2615,5586976.3954,4487070.1164
300148.SZ,20251203,57.1841,3.759,7.5904,387678.4978,374525.5122
603878.SH,20251203,144.5263,2.3167,2.6555,605396.6211,605396.6211
002443.SZ,20251203,24.941,1.2559,0.9788,429441.804,428526.9219
301141.SZ,20251203,167.4234,5.1785,9.2988,661962.0129,237563.7729
300886.SZ,20251203,70.0421,3.5098,5.6468,203899.348,118979.8138
600050.SH,20251203,17.8398,1.0022,0.4302,16882789.6766,16614086.1086
300149.SZ,20251203,,3.9168,4.595,490992.4961,467909.2274
002197.SZ,20251203,,3.0563,7.8749,633408.1788,550554.0124
688270.SH,20251203,137.7022,6.4565,33.9431,1436928.3908,1436928.3908
300093.SZ,20251203,,,30.3483,747360.0,386136.0
600026.SH,20251203,19.3649,1.4266,2.7905,6476286.6942,4117610.0281
002145.SZ,20251203,43.9997,1.5802,2.546,1907142.7637,1868165.3174
300310.SZ,20251203,,2.921,2.3097,557208.1916,437274.7619
600338.SH,20251203,28.6379,2.9373,5.8625,1279894.2352,1279894.2352
300255.SZ,20251203,,39.6656,64.8485,6018010.6291,6009072.6091
002116.SZ,20251203,14.4671,1.9526,0.7535,516099.8063,506936.7161
000959.SZ,20251203,28.5844,0.6921,0.3369,3489735.3165,3385206.4572
000027.SZ,20251203,17.2069,0.6316,0.7339,3173179.074,3173179.074
688685.SH,20251203,111.5219,8.6592,11.7502,731321.3017,731321.3017
688191.SH,20251203,133.8977,9.5291,7.7344,810312.9943,810312.9943
603976.SH,20251203,179.4143,2.6871,4.877,316620.4473,316620.4473
688063.SH,20251203,262.2517,1.4794,5.1931,1352910.899,1352910.899
002217.SZ,20251203,8.8171,13.0256,15.5394,2438284.0505,1851789.9895
920689.BJ,20251203,41.1995,4.6525,3.9933,226292.2,116940.0922
000532.SZ,20251203,22.0533,3.1476,9.2269,493622.3429,491963.2363
002326.SZ,20251203,,8.0307,4.1428,2187001.7315,1910487.9753
002808.SZ,20251203,,5.296,6.0494,138163.2,84813.047
603903.SH,20251203,,2.6489,3.8636,414128.1966,414128.1966
300086.SZ,20251203,,5.1031,12.3036,535681.4317,518683.3284
600298.SH,20251203,24.1601,3.1053,2.2367,3594630.1284,3549460.1004
600509.SH,20251203,88.3674,1.4638,1.346,1138001.053,1138001.053
920023.BJ,20251203,294.6338,1.1283,2.6006,137794.984,113168.3911
301139.SZ,20251203,177.6809,1.2091,2.1063,236109.9136,147916.6014
301218.SZ,20251203,,2.7927,4.0444,256361.92,157514.7433
920866.BJ,20251203,39.5387,1.9462,2.8449,147588.6321,76666.3746
002484.SZ,20251203,32.4359,3.6735,4.186,2254738.9676,2175071.9745
601138.SH,20251203,40.0774,7.5829,1.577,122485277.5612,122485277.5612
300813.SZ,20251203,194.8404,4.0587,10.0304,320693.1335,201231.1392
600238.SH,20251203,,30.2068,16.1784,306568.8,304565.7607
601975.SH,20251203,12.2396,1.2927,2.5869,1483773.5497,1483773.5497
300618.SZ,20251203,48.7963,2.3808,2.0048,1331078.0971,1171190.6361
002671.SZ,20251203,30.3955,1.8454,2.1163,328633.8037,320550.0289
000923.SZ,20251203,23.1451,1.1862,2.3269,1217992.2412,1171663.9266
002427.SZ,20251203,226.9022,6.5174,2.6665,617866.3512,617410.3397
601799.SH,20251203,22.3222,3.1865,2.3812,3509285.983,3509285.983
300357.SZ,20251203,41.25,6.1104,15.3602,1610544.384,1488981.4946
002639.SZ,20251203,265.1497,4.3991,4.235,1102503.308,928433.7497
688630.SH,20251203,72.7555,6.7195,12.7174,1487352.6836,1487352.6836
301591.SZ,20251203,45.1626,3.6235,7.6171,324703.2,131042.0785
300391.SZ,20251203,,,7.7569,90036.3808,90036.3808
002947.SZ,20251203,20.5402,3.4887,4.138,1137825.6612,854468.6465
603015.SH,20251203,96.2999,3.2058,5.5419,447066.214,447066.214
301176.SZ,20251203,,2.8729,2.6821,435853.8675,145284.6234
301059.SZ,20251203,43.5097,4.9111,6.8739,300037.892,268344.6597
600768.SH,20251203,82.848,4.7248,1.1548,182966.1696,182966.1696
300051.SZ,20251203,,15.9006,5.32,257518.5895,254431.8024
002028.SZ,20251203,41.9514,7.9783,6.1092,11532746.7792,8998809.6521
002965.SZ,20251203,39.4787,2.3031,1.3042,982438.089,738258.7965
300635.SZ,20251203,,6.3823,3.6315,240890.346,206995.2673
300643.SZ,20251203,26.3683,3.4603,3.7142,437762.9626,437000.6818
300207.SZ,20251203,32.1691,2.1514,0.8722,5344708.8563,4958131.0341
603019.SH,20251203,68.0487,6.8092,10.2991,14342924.0306,14338915.3878
601288.SH,20251203,9.6783,1.0199,3.8724,279286461.0307,254756880.2
600612.SH,20251203,14.5105,1.8182,0.4478,2338336.4051,1417480.0461
300376.SZ,20251203,178.8579,2.0693,4.3365,1385303.0832,1384823.7661
600686.SH,20251203,35.2586,3.5679,0.4655,1158748.6259,1158748.6259
000623.SZ,20251203,8.9421,0.757,9.8067,2296119.143,2286764.9146
300045.SZ,20251203,,9.1527,22.1227,1469813.6734,1145182.6244
000518.SZ,20251203,,7.1693,7.5283,257389.0555,257383.9233
600167.SH,20251203,26.8676,1.7199,5.5373,1864580.5415,1864580.5415
603299.SH,20251203,15.5294,1.3207,1.7465,812924.5301,808337.3948
002108.SZ,20251203,53.5413,1.665,2.9186,835839.2904,835281.5904
300079.SZ,20251203,295.8275,1.873,10.3847,790019.5463,709939.7294
600025.SH,20251203,20.8797,2.2142,6.8873,17979005.958,17370000.0
688132.SH,20251203,,2.1026,11.4452,289989.0136,206684.3428
688259.SH,20251203,55.8539,2.9183,10.1091,459757.2,459757.2
301316.SZ,20251203,174.7791,16.1118,8.2241,1773964.0,1756443.91
601116.SH,20251203,61.3089,2.5923,2.1412,833566.5248,833566.5248
605016.SH,20251203,26.8186,4.6797,6.7581,878665.7734,878665.7734
600148.SH,20251203,291.078,5.7963,3.7608,275249.4953,275249.4953
002352.SZ,20251203,17.6308,1.9494,0.6324,19149835.5542,18133670.9612
688312.SH,20251203,37.0903,3.1093,7.8047,459616.644,459616.644
300577.SZ,20251203,16.9154,2.669,1.1591,571905.5919,333227.3871
000912.SZ,20251203,,1.0985,1.5829,693056.0,693056.0
600094.SH,20251203,,0.9181,4.0984,941604.7682,861123.1298
002778.SZ,20251203,,8.5674,12.061,270589.9077,267716.9371
300894.SZ,20251203,,4.5482,5.2331,492007.5807,356120.3019
000011.SZ,20251203,,1.6701,1.8096,566776.1165,500678.2414
600941.SH,20251203,16.1496,1.6882,2.2097,230688341.5996,9627116.5337
002918.SZ,20251203,88.6253,1.7566,1.4263,575599.3816,300029.2134
002592.SZ,20251203,17.6652,2.1445,2.9158,198331.8099,183901.459
002396.SZ,20251203,32.3419,2.2777,0.8259,1572591.3381,1566107.5464
002248.SZ,20251203,162.2288,38.2257,11.1676,364074.7904,364074.7904
300304.SZ,20251203,22.9938,2.914,4.3347,977373.9581,952210.9937
300935.SZ,20251203,,2.871,17.3041,227648.3289,172744.2952
920932.BJ,20251203,167.5501,3.0204,5.4592,210700.7,172362.49
301107.SZ,20251203,36.3343,3.0774,4.0904,292506.1507,170150.9124
300877.SZ,20251203,33.0861,1.8281,2.9529,304920.0,304917.332
