ts_code,trade_date,pe_ttm,pb,ps_ttm,total_mv,circ_mv
300705.SZ,20260304,15.4993,2.7576,2.3811,726923.0061,535994.219
002624.SZ,20260304,,5.5957,5.732,3963355.4494,3734058.6028
000987.SZ,20260304,12.538,1.4408,3.5224,4495350.686,4492924.9559
002265.SZ,20260304,229.9888,6.7201,6.5042,2453470.9666,2453470.9666
603901.SH,20260304,107.3087,2.405,1.6916,683416.0958,635860.9931
001366.SZ,20260304,,2.7606,1.7492,221577.72,76782.72
601608.SH,20260304,87.8543,3.566,4.0895,3297278.4746,3297278.4746
000886.SZ,20260304,560.4231,2.015,14.8092,610107.0611,603325.3661
601968.SH,20260304,37.8393,1.6042,0.8278,723366.9538,723366.9538
000801.SZ,20260304,95.3754,5.7787,3.8365,1644413.4601,1644413.4601
601021.SH,20260304,24.5631,2.7718,2.3673,4922973.7845,4922973.7845
000665.SZ,20260304,,1.4391,4.0769,577671.9435,577656.8482
688545.SH,20260304,93.9529,6.6065,13.2433,1953360.0,988888.5
688295.SH,20260304,281.6626,5.7656,12.401,2722500.0,2722500.0
688626.SH,20260304,125.257,4.7619,12.8396,985760.0,985760.0
688775.SH,20260304,86.1837,14.202,8.4285,8308720.0,679616.0
300900.SZ,20260304,,6.6475,10.5181,1222387.479,952177.6545
603798.SH,20260304,75.2267,3.3777,4.0023,390316.3673,390316.3673
600862.SH,20260304,34.1812,4.7989,7.1395,3578743.1559,3578743.1559
300159.SZ,20260304,,,16.8148,1029901.7827,573365.6705
000034.SZ,20260304,51.3468,2.447,0.1955,2717256.9223,2271528.4397
600721.SH,20260304,66.4149,4.2,8.4678,333402.7995,333402.7995
002608.SZ,20260304,8.6639,0.8796,0.9015,3071578.7994,3071578.7994
920509.BJ,20260304,76.8311,14.353,22.8949,530932.4652,277116.7622
600641.SH,20260304,106.5119,2.0631,12.5264,1681648.2654,1681648.2654
600993.SH,20260304,19.6674,2.6147,2.9792,1124188.5477,1122240.6977
601139.SH,20260304,14.9279,1.3297,0.7048,2100021.9717,2100021.9717
300410.SZ,20260304,,13.1889,4.0682,317554.2994,317554.2994
300301.SZ,20260304,,13.9711,5.2406,229873.649,218795.8512
300285.SZ,20260304,57.3763,5.0111,8.0464,3511604.1091,2963216.5511
300458.SZ,20260304,120.0,10.0983,11.0815,3144878.3254,2574320.9385
605090.SH,20260304,24.9182,3.2869,1.6809,3463944.3811,3457122.9181
688686.SH,20260304,66.6712,3.9976,9.6321,1222354.55,1222354.55
002057.SZ,20260304,35.5977,2.6398,2.7441,842841.9833,842329.0561
002233.SZ,20260304,17.4999,0.9236,2.7017,1109572.2301,1108742.8036
300958.SZ,20260304,,1.7392,3.6204,216609.9522,125830.3081
603888.SH,20260304,50.6869,3.8787,6.3789,1427071.2253,1427071.2253
300802.SZ,20260304,65.6035,4.0877,7.4168,571565.4491,391770.1996
000401.SZ,20260304,,0.4919,0.5284,1337083.0393,1323571.1515
600191.SH,20260304,156.06,3.6234,11.8702,613438.98,613438.98
300355.SZ,20260304,116.8053,1.6229,2.6896,697845.3052,564833.9967
920299.BJ,20260304,113.1469,9.8158,22.4675,284384.8751,140123.4681
300476.SZ,20260304,68.8079,16.4576,14.5818,25009237.7052,24562748.5213
300416.SZ,20260304,35.8949,3.2326,4.002,860971.4356,855207.8507
600250.SH,20260304,131.6222,5.286,4.6154,335937.9679,335937.9679
605358.SH,20260304,,3.5575,7.2145,2492824.2713,2492824.2713
603682.SH,20260304,,4.7306,3.7236,352485.0,352485.0
605289.SH,20260304,,11.17,14.7278,1429960.385,1421171.325
301518.SZ,20260304,66.5517,4.13,2.3582,671050.8727,246789.2863
688298.SH,20260304,,0.7587,4.7489,455414.4,455414.4
603505.SH,20260304,74.5811,10.3592,4.9097,1807062.9415,1807062.9415
600573.SH,20260304,35.3285,2.1491,4.6815,295750.0,295750.0
300249.SZ,20260304,,24.5493,5.427,820188.6448,695319.2623
000059.SZ,20260304,,0.9759,0.2436,983657.1603,983657.1603
600830.SH,20260304,62.3108,1.8893,10.5681,421611.5092,421611.5092
688061.SH,20260304,,1.6647,6.2511,390623.9294,153071.7672
600868.SH,20260304,,3.6833,23.0188,713703.9033,713703.9033
605168.SH,20260304,84.7909,2.726,1.977,730059.2225,730059.2225
920971.BJ,20260304,80.0508,6.4013,10.8977,298449.9257,243395.9577
002202.SZ,20260304,43.0068,2.971,1.6532,11408453.1355,9084827.2238
600052.SH,20260304,,1.3239,5.2793,356250.1807,356250.1807
601577.SH,20260304,4.6556,0.5465,1.4574,3816454.5125,3815628.7601
301035.SZ,20260304,21.6094,2.9536,1.4957,2157163.3932,2153888.8986
600125.SH,20260304,15.8089,1.1044,0.7361,844672.6525,844672.6525
002535.SZ,20260304,112.7945,4.1524,1.9233,294217.6882,273906.224
002242.SZ,20260304,49.5354,2.1129,0.8876,732496.32,731237.472
603217.SH,20260304,24.8971,1.5014,2.3394,504404.3424,504404.3424
600308.SH,20260304,,0.6904,0.4914,634051.7336,634051.7336
605188.SH,20260304,1429.768,7.2375,3.0785,854009.45,854009.45
920005.BJ,20260304,51.9994,4.8603,6.9257,313740.0,81270.0
300048.SZ,20260304,119.9233,4.7971,1.1232,881200.2358,879394.6614
002976.SZ,20260304,2942.5809,2.6715,1.9714,395958.3171,176330.1153
300030.SZ,20260304,,3.8916,4.8222,245494.7281,216147.4837
300387.SZ,20260304,33.7937,1.8745,2.1057,278072.8513,277976.2925
603687.SH,20260304,50.1194,1.7602,2.5969,573683.2342,573683.2342
002722.SZ,20260304,23.7272,1.1778,1.4577,336671.2231,336648.5131
301297.SZ,20260304,108.0173,5.0258,10.9695,2595211.0922,1267518.4113
002111.SZ,20260304,77.3023,1.8963,1.801,560206.9417,506757.2356
600229.SH,20260304,,1.2797,1.9077,405013.8716,405013.8716
920351.BJ,20260304,115.5892,5.0619,1.142,221497.1645,99797.9954
688099.SH,20260304,41.5974,4.9346,5.3349,3624130.0999,3624130.0999
300352.SZ,20260304,,7.8011,37.7095,961233.3697,846393.0148
600248.SH,20260304,11.9832,0.4594,0.0972,1327606.0265,1315537.4465
605066.SH,20260304,35.293,2.4258,1.4998,433075.6073,431087.6213
301502.SZ,20260304,75.7911,3.013,5.8337,250482.398,103499.756
003018.SZ,20260304,63.5487,4.7323,9.1303,754000.0,284138.8825
301601.SZ,20260304,89.9024,2.9542,7.2684,374941.12,225477.12
603556.SH,20260304,19.7224,2.5214,3.9763,1859474.1861,1859474.1861
002727.SZ,20260304,83.1419,1.0252,0.4308,750158.8841,508957.2267
002959.SZ,20260304,18.2181,2.3189,1.2128,644059.9464,622092.9398
688435.SH,20260304,,3.7607,21.8735,412323.0,276765.7647
001270.SZ,20260304,280.7448,17.3054,61.0832,2548404.636,2516068.5722
002159.SZ,20260304,27.7529,2.3678,5.3916,346269.4877,270436.9155
688127.SH,20260304,54.0714,9.5928,13.6698,2099708.8021,2099708.8021
603192.SH,20260304,28.9907,2.2677,1.467,361473.7634,355486.4909
603893.SH,20260304,67.9968,16.9073,16.8868,6954234.42,6952285.06
688257.SH,20260304,76.2121,7.6176,7.2106,1803206.3526,1803206.3526
300340.SZ,20260304,,,1.6468,317117.437,314755.9844
000880.SZ,20260304,63.0855,6.9708,2.553,1434220.6133,701966.8656
605286.SH,20260304,29.6066,3.0573,2.9399,649152.0,649152.0
603291.SH,20260304,59.4509,2.7295,4.1376,483741.1504,148524.937
000779.SZ,20260304,21.4039,1.1243,2.1982,444376.9561,444324.6534
301024.SZ,20260304,,6.1336,17.8487,245247.345,237436.92
300063.SZ,20260304,73.0811,5.3645,1.3432,932988.3945,770661.9649
002864.SZ,20260304,29.5368,2.1137,3.2405,355934.935,248464.7481
002549.SZ,20260304,246.265,7.1586,22.9669,1480395.6812,1474033.4309
002373.SZ,20260304,,1.4442,2.3224,1648136.3082,1436830.6734
603860.SH,20260304,47.508,2.6061,8.282,208308.32,208308.32
002003.SZ,20260304,18.4919,2.6015,2.4786,1186511.8737,1020056.6663
603230.SH,20260304,16.5949,1.4493,2.3732,405137.358,405137.358
301289.SZ,20260304,50.1248,4.4268,13.1254,437502.0,434702.5481
000920.SZ,20260304,24.2129,2.9916,2.9706,585577.5652,585549.6877
300019.SZ,20260304,29.1179,3.0186,2.1816,818468.9694,702753.8995
300024.SZ,20260304,,5.9224,6.4799,2544132.4188,2502381.219
920061.BJ,20260304,428.9458,7.1733,20.851,200335.7,104043.252
300772.SZ,20260304,33.1054,2.2526,0.5561,1487929.0102,1319581.211
600392.SH,20260304,54.9988,3.7527,3.6513,4960499.1931,4960499.1931
600475.SH,20260304,35.1352,2.3181,2.3332,1993188.545,1965916.745
688543.SH,20260304,69.6023,7.1325,12.215,1722737.889,956570.769
000898.SZ,20260304,,0.5306,0.2453,2426628.3058,2060952.6588
600546.SH,20260304,19.1181,1.4393,1.0281,2357140.3505,2357140.3505
301231.SZ,20260304,,3.4717,9.1026,291939.6,186437.5058
301551.SZ,20260304,44.884,5.3968,21.5449,1299632.49,502145.0363
600961.SH,20260304,23.3971,6.7866,1.1611,2486918.9256,1742701.1386
603596.SH,20260304,23.897,4.3189,2.6972,3159928.5985,3159928.5985
301137.SZ,20260304,196.3166,7.1053,5.5779,974156.1972,974156.1972
605122.SH,20260304,,1.1356,1.9571,227851.988,227851.988
301012.SZ,20260304,107.3992,4.7356,3.913,552276.2942,552276.2942
600828.SH,20260304,,1.4634,4.2621,1028797.6323,1028427.9475
600165.SH,20260304,,,12.3473,602724.6481,273376.79
000682.SZ,20260304,24.4529,3.3681,2.2936,1852884.7237,1852649.6897
920110.BJ,20260304,31.3348,3.8768,7.1379,143715.0,59840.715
688565.SH,20260304,209.0423,4.0636,7.1048,202135.5,202135.5
002721.SZ,20260304,,4.1082,12.891,843023.021,843023.021
603583.SH,20260304,35.6635,2.7823,3.1935,1315478.9566,1303462.1166
600108.SH,20260304,108.5242,2.3872,2.3813,1029918.099,1029918.099
600583.SH,20260304,17.8671,1.3385,1.3285,3612246.8716,3612246.8716
603308.SH,20260304,124.0951,8.9377,16.1029,4386575.4089,4386575.4089
688135.SH,20260304,,5.7645,10.1925,630298.1158,630298.1158
300626.SZ,20260304,,6.321,4.1587,334440.0,334257.0335
300093.SZ,20260304,,,35.0409,862920.0,445842.0
600026.SH,20260304,38.8769,2.864,5.6023,13001760.376,8266493.0437
002145.SZ,20260304,47.5127,1.7064,2.7493,2059409.651,2017320.2329
300310.SZ,20260304,,2.8933,2.2878,551918.2404,433123.4192
600338.SH,20260304,37.1679,3.8122,7.6087,1661119.8753,1661119.8753
300255.SZ,20260304,,25.3816,41.4959,3850865.0788,3845145.7288
002116.SZ,20260304,14.5409,1.7978,0.7152,498399.6324,492948.9583
000959.SZ,20260304,34.8094,0.8428,0.4103,4249722.1188,4122429.1968
000027.SZ,20260304,18.0066,1.0143,0.768,3320658.1614,3320658.1614
688685.SH,20260304,132.2006,8.7893,12.8067,738663.885,738663.885
688191.SH,20260304,181.1663,13.3572,9.7718,1163116.5078,1163116.5078
603976.SH,20260304,167.1621,2.5036,4.544,294998.5163,294998.5163
688063.SH,20260304,202.2768,1.8512,5.3879,1701566.3918,1701566.3918
002217.SZ,20260304,7.5459,11.1476,13.299,2086752.3009,1584809.9471
920689.BJ,20260304,43.1905,4.8135,4.0419,237302.2,122629.6848
000532.SZ,20260304,22.1765,3.1652,9.2785,496380.0096,494711.6342
002326.SZ,20260304,,7.5992,3.9203,2069510.5217,1807851.777
002808.SZ,20260304,,4.7705,5.4491,124454.4,76397.7447
603903.SH,20260304,,1.9679,2.8703,307659.9734,307659.9734
300086.SZ,20260304,,3.8241,9.2198,401419.7305,388681.9844
600298.SH,20260304,24.6304,3.166,2.2802,3664605.1046,3618889.2886
600509.SH,20260304,94.8776,1.5716,1.4452,1221839.2948,1221839.2948
920020.BJ,20260304,21.5358,3.2395,1.4497,374133.75,93175.6236
002224.SZ,20260304,418.8344,1.2636,4.0073,409560.8111,366096.6875
002613.SZ,20260304,,2.0055,2.9025,438026.3394,307358.1021
300711.SZ,20260304,75.4396,9.0057,10.3875,666531.3711,664541.7007
003007.SZ,20260304,171.192,5.5969,10.8043,447295.26,315802.3849
603337.SH,20260304,21.8601,3.8969,3.0089,1911840.116,1901060.3954
300243.SZ,20260304,292.5087,2.6902,1.4444,288992.6772,224301.7879
688106.SH,20260304,99.3219,4.1163,4.3793,1217475.8142,1217475.8142
920300.BJ,20260304,,7.0075,13.0384,117267.1741,90882.2421
001379.SZ,20260304,54.1841,3.0007,2.2204,445800.0,150009.471
000426.SZ,20260304,57.6993,10.043,18.1295,9197793.128,9195564.3035
688235.SH,20260304,250.5765,11.6456,9.3278,35636608.6171,2660767.9428
002085.SZ,20260304,41.7211,4.6261,2.0947,3416385.7097,3416385.7097
688332.SH,20260304,10.9784,2.9412,8.4425,1554751.9944,1554751.9944
301376.SZ,20260304,21.1927,2.0857,0.8194,694661.4509,334227.6005
300488.SZ,20260304,42.8206,3.8524,9.1784,628562.0699,523355.0213
301185.SZ,20260304,41.5457,2.8242,14.4701,302232.672,275544.6151
600029.SH,20260304,,3.2587,0.681,12068535.5858,8975633.3787
000519.SZ,20260304,,2.8205,5.4624,2881204.5338,2881204.5338
002379.SZ,20260304,,6.0598,133.9953,39575505.9795,3451167.0879
920009.BJ,20260304,41.782,5.9932,16.8107,405787.14,52747.2
300649.SZ,20260304,,3.7245,12.1137,186177.7523,149200.2405
920132.BJ,20260304,83.7729,5.7599,5.1653,153224.4,51920.0669
688418.SH,20260304,,8.4645,8.4456,739987.4585,739987.4585
605008.SH,20260304,1043.2583,3.9917,1.9763,803577.243,803577.243
603777.SH,20260304,,2.696,1.1546,427394.0841,427394.0841
000596.SZ,20260304,12.4157,2.3558,2.8059,5873803.2,4540363.2
600195.SH,20260304,38.3339,1.4378,1.3087,822024.3493,822024.3493
600456.SH,20260304,46.5677,2.6796,3.1352,1935476.8105,1935476.8105
300680.SZ,20260304,35.8306,5.0818,3.9275,1006960.4969,777556.2551
603213.SH,20260304,65.3762,3.252,2.1127,604176.2093,604176.2093
301567.SZ,20260304,116.3105,4.591,8.5335,343296.0,101271.6048
000895.SZ,20260304,17.9185,4.5565,1.5338,9215998.8266,9214804.3642
603882.SH,20260304,,2.0101,2.1127,1290637.5542,1281934.9315
000590.SZ,20260304,,4.6792,7.7602,272997.2444,272883.4268
301380.SZ,20260304,58.1905,4.6543,3.0741,338752.1187,269747.7094
600219.SH,20260304,17.4311,1.8375,2.5049,8911352.4098,8911352.4098
000731.SZ,20260304,56.954,1.094,0.971,427535.3761,427535.3761
688046.SH,20260304,41.3982,2.6812,7.5358,597780.0,597780.0
000818.SZ,20260304,,6.1951,3.3935,1430880.0846,1427002.3998
603155.SH,20260304,64.3926,2.7921,9.8666,606310.656,606310.656
301327.SZ,20260304,45.9508,1.6497,2.317,1022921.0343,447478.1663
002080.SZ,20260304,44.3968,3.9908,2.7113,7828446.5194,7828446.5194
300715.SZ,20260304,,3.0405,2.3682,565192.8679,499567.5196
603968.SH,20260304,,1.6497,1.085,297927.36,297927.36
688081.SH,20260304,,10.6542,28.8024,421742.72,421742.72
600876.SH,20260304,,1.9856,1.8992,679250.0611,416250.0611
300990.SZ,20260304,57.137,7.4946,5.26,1508260.8443,681921.4334
000656.SZ,20260304,,,1.2466,1456869.1836,1042590.5166
002931.SZ,20260304,704.7184,18.4857,34.3769,1756568.5764,1617877.1116
600391.SH,20260304,356.9397,9.104,3.702,1598156.2656,1598156.2656
300065.SZ,20260304,532.0612,11.4453,28.342,2012372.7172,1832069.7437
600698.SH,20260304,2049.8672,11.108,17.3629,855978.8233,665191.8445
002836.SZ,20260304,55.4266,8.364,7.3639,315878.4,315878.4
300673.SZ,20260304,28.6074,2.186,2.8301,403355.8495,261666.9243
603009.SH,20260304,180.2427,9.2588,8.1713,1861845.2556,1818948.2138
600662.SH,20260304,11.3769,2.4943,0.5042,1258185.0136,1254335.5827
002562.SZ,20260304,69.2688,2.0653,2.1304,759976.5748,466516.6407
300459.SZ,20260304,,7.4682,16.106,1564535.8679,1462801.087
002180.SZ,20260304,,2.8478,1.2696,2732851.29,2623714.1295
300833.SZ,20260304,27.9641,2.053,4.656,496601.703,319008.9752
600218.SH,20260304,49.5782,1.3825,1.0535,448667.9166,448667.9166
601106.SH,20260304,,6.1637,3.4055,3250589.1074,3250589.1074
002598.SZ,20260304,93.6234,2.4213,1.4658,297068.882,267934.47
688197.SH,20260304,,8.1643,640.6826,555318.0268,238994.2294
688478.SH,20260304,,3.2067,21.3252,484558.0682,362139.9499
600785.SH,20260304,32.3969,1.8993,0.7134,432535.1638,432535.1638
603123.SH,20260304,,6.0823,4.9556,1111841.4377,907968.121
600633.SH,20260304,28.6628,1.606,5.3201,1638352.2178,1638352.2178
003038.SZ,20260304,105.423,1.3682,0.4793,410627.364,275036.7957
301301.SZ,20260304,26.0471,3.0753,5.1445,2437482.905,675236.1162
688292.SH,20260304,,4.104,10.8275,416298.9111,416298.9111
603912.SH,20260304,,2.9634,6.2206,519085.5135,519085.5135
688276.SH,20260304,,1.9954,12.9519,766507.5291,766507.5291
002901.SZ,20260304,34.7072,5.6335,7.5714,1879648.5572,1309682.8469
002544.SZ,20260304,1880.577,5.2839,4.196,1974228.8149,1974040.7024
603330.SH,20260304,,2.1374,3.242,326235.9313,326235.9313
601375.SH,20260304,41.204,1.3617,10.59,1945368.6893,1444510.7543
301575.SZ,20260304,32.4258,3.0245,3.7428,415235.97,79200.3707
688082.SH,20260304,54.4444,5.6424,11.1993,7600048.2803,6907019.6327
920015.BJ,20260304,32.6699,3.7943,6.1631,636214.3682,177138.7539
002462.SZ,20260304,60.908,0.9791,0.2164,432601.659,432250.6314
300055.SZ,20260304,151.0181,1.6211,3.1897,837586.3556,633482.1933
603983.SH,20260304,32.5919,3.5059,3.2586,1130018.0,1130018.0
688517.SH,20260304,30.4116,3.013,3.3813,246996.6367,246996.6367
300494.SZ,20260304,,4.0707,4.7997,586159.5408,476025.9413
300010.SZ,20260304,120.8105,7.9973,14.6095,1425962.7347,1147699.4816
688286.SH,20260304,106.5748,3.7211,6.4253,398697.0985,398697.0985
603179.SH,20260304,42.4963,5.4238,2.5761,3882689.9476,3882689.9476
002414.SZ,20260304,737.0771,8.9935,15.8424,6231003.9816,4958575.5368
002021.SZ,20260304,,6.6296,4.9572,412439.6764,412426.0724
002755.SZ,20260304,51.293,4.1067,7.2035,1316131.3777,1316118.9348
300278.SZ,20260304,608.719,4.205,3.0983,728151.5516,725864.2677
688069.SH,20260304,53.9859,2.2533,5.367,282387.0,282387.0
688695.SH,20260304,,2.859,14.1553,222749.559,134274.0191
688601.SH,20260304,180.8091,5.1753,8.4028,645735.741,645735.741
603315.SH,20260304,107.9015,3.0086,4.3271,510984.1911,510984.1911
688299.SH,20260304,,2.8106,5.0595,546046.4986,546046.4986
300975.SZ,20260304,63.4252,4.4186,1.2465,1006463.2099,720887.3684
300941.SZ,20260304,101.5232,3.3943,18.7965,432841.5,224693.0413
920896.BJ,20260304,31.2719,4.347,4.3371,193743.1954,84795.3391
600426.SH,20260304,26.543,2.6629,2.6281,8567058.1812,8552007.1873
002942.SZ,20260304,37.5661,2.648,3.1197,325587.2158,286629.1686
002040.SZ,20260304,31.8497,1.6942,5.4909,578217.1772,575999.4023
688185.SH,20260304,602.6146,3.3908,15.7284,1679650.803,777621.3539
300006.SZ,20260304,,2.7336,6.5188,502613.7336,502570.7474
300694.SZ,20260304,85.0279,1.9108,1.9102,266562.4217,266562.4217
002822.SZ,20260304,,4.7852,6.3018,661369.4058,362930.1348
688165.SH,20260304,,7.8278,10.2913,953292.06,953292.06
600791.SH,20260304,,9.5731,0.9392,377701.92,377229.6225
301446.SZ,20260304,49.7477,3.6877,8.1067,435240.0,132965.82
920045.BJ,20260304,80.9199,24.4173,11.0238,2442407.1422,722175.9558
000544.SZ,20260304,8.123,0.9497,1.6395,861621.0874,861621.0874
000681.SZ,20260304,146.0483,4.5021,20.0778,1632345.4259,1575693.8222
600210.SH,20260304,8.7579,1.6377,0.9689,1092050.0338,1092050.0338
920363.BJ,20260304,356.2102,5.0536,9.1535,177823.35,95179.8689
600137.SH,20260304,73.2358,3.7064,5.2613,201143.1896,201143.1896
688583.SH,20260304,133.8133,10.8658,34.48,1277733.6,445232.9507
600523.SH,20260304,33.8747,1.9321,2.3916,604849.7347,604450.7515
603895.SH,20260304,,16.0983,6.9819,311918.88,311918.88
002602.SZ,20260304,33.9438,4.4144,3.7268,12788133.8287,11792506.3428
002631.SZ,20260304,,2.1325,3.8001,466410.4854,464239.8259
301091.SZ,20260304,144.3083,5.4611,10.7099,1292890.56,1292890.56
600058.SH,20260304,130.2928,2.6952,0.2373,1346319.853,1346319.853
002015.SZ,20260304,36.0019,1.8828,2.2821,2322977.5226,2322977.5226
688200.SH,20260304,66.8113,8.8134,26.7127,3596645.1918,3596645.1918
301261.SZ,20260304,136.9475,4.5996,6.5555,708131.3092,302003.1173
002643.SZ,20260304,60.0001,2.1335,4.0879,1535804.1504,1513067.8285
001211.SZ,20260304,85.6074,2.2492,1.2761,194400.0,180890.7525
002466.SZ,20260304,,1.9828,8.546,8884417.6265,7684589.71
603005.SH,20260304,55.7213,4.4693,13.9737,2059558.2475,2059558.2475
002956.SZ,20260304,35.8535,3.6027,2.6058,562582.1502,562525.2385
600975.SH,20260304,285.2905,2.3558,0.9925,711057.5301,711057.5301
000710.SZ,20260304,,2.4687,4.2483,399832.7769,372698.3429
300147.SZ,20260304,,8.7835,4.1358,608376.7214,604806.4848
603380.SH,20260304,26.1021,3.7755,2.4773,577748.7612,577748.7612
002753.SZ,20260304,41.4039,1.2172,0.8216,323650.528,183321.7357
002655.SZ,20260304,71.9819,7.9976,4.3557,601826.5207,601662.0085
600585.SH,20260304,15.0933,0.6978,1.5783,13285351.5656,10027254.3656
300451.SZ,20260304,,1.7774,6.859,765267.5978,754186.7224
301358.SZ,20260304,67.575,4.1171,1.6882,5055534.081,5049788.8805
605369.SH,20260304,38.0143,2.2639,3.4557,388508.5761,388508.5761
002364.SZ,20260304,188.5932,7.5015,8.2444,1814679.1712,1797094.1072
300747.SZ,20260304,131.421,5.4767,5.3783,1803859.2,1635786.9381
601065.SH,20260304,18.4595,1.2507,2.3386,553430.204,358396.484
002501.SZ,20260304,,26.2558,23.6378,692250.0,691561.4952
300540.SZ,20260304,83.5774,5.1947,6.9217,573438.6568,516404.5556
603856.SH,20260304,21.309,1.3769,1.843,372313.9992,372313.9992
301090.SZ,20260304,,1.7225,0.7367,1080786.6867,1079659.5343
002152.SZ,20260304,37.2106,2.5908,2.6401,3186180.2581,3184577.5538
002369.SZ,20260304,,14.1203,2.5278,437690.2482,437118.2942
600600.SH,20260304,18.0991,2.6741,2.5745,8378886.4332,4355451.5419
000568.SZ,20260304,12.0668,3.1995,5.0817,15255206.5045,15248101.2985
605388.SH,20260304,,2.275,2.8357,390314.6,390314.6
605255.SH,20260304,460.0493,18.781,45.3215,1496600.96,1496600.96
603618.SH,20260304,,5.2487,1.5315,1423542.3933,1423542.3933
600790.SH,20260304,66.7756,0.9615,5.7883,557000.5526,557000.5526
603817.SH,20260304,18.3836,1.2398,2.9191,392217.8188,392217.8188
002620.SZ,20260304,,,4.5631,239708.69,200253.7924
603228.SH,20260304,51.6474,4.9071,4.2713,6263407.4555,6205775.4251
600100.SH,20260304,72.1091,1.7642,1.7966,2851103.3538,2851103.3538
600162.SH,20260304,,1.0174,3.501,588318.862,588318.862
920195.BJ,20260304,18.1498,2.4203,1.772,200863.47,144985.1603
002889.SZ,20260304,34.7022,2.1232,1.3735,532511.1355,354311.2197
000012.SZ,20260304,,1.1078,1.0452,1467790.8271,936553.3338
301121.SZ,20260304,101.0862,2.3333,3.0408,387892.2737,198572.1949
301056.SZ,20260304,54.947,5.2093,6.859,399379.6405,263465.7575
600278.SH,20260304,32.9718,0.8961,0.1917,687069.4589,687069.4589
601098.SH,20260304,11.9411,1.2144,1.5165,1891188.0,1891188.0
000897.SZ,20260304,22.5972,1.1422,2.3654,350948.0748,350941.4346
600567.SH,20260304,,0.6457,0.3641,1047037.2488,1047037.2488
920475.BJ,20260304,,4.5119,8.8713,157552.54,65512.6067
301280.SZ,20260304,34.8622,3.9545,4.145,738065.6354,216528.7454
920023.BJ,20260304,120.8978,1.1841,2.658,142704.544,117200.5191
301139.SZ,20260304,161.578,1.0995,1.9154,214711.6928,134511.1834
688785.SH,20260304,181.4547,9.4913,39.1412,2075462.9473,390179.2982
301218.SZ,20260304,,3.9121,5.6654,359111.96,220646.7646
920866.BJ,20260304,52.9367,2.1688,3.3718,166690.4575,86589.0067
002484.SZ,20260304,39.9606,4.5258,5.1571,2777811.1913,2679662.4175
688051.SH,20260304,,4.3381,12.0455,256439.544,256439.544
601138.SH,20260304,34.9313,6.8886,1.3745,106757660.5187,106757660.5187
300813.SZ,20260304,187.845,3.9129,9.6703,309179.2077,194006.2872
600238.SH,20260304,,23.3617,12.5122,237097.8,235548.6658
601975.SH,20260304,20.1534,2.2054,4.2596,2443139.9219,2443139.9219
300618.SZ,20260304,56.21,2.7425,2.3094,1533310.2975,1349130.9538
002671.SZ,20260304,29.5368,1.7943,2.0566,319349.3382,312378.4996
603633.SH,20260304,219.3024,1.8224,2.2657,353399.3573,353399.3573
001323.SZ,20260304,15.9689,2.5745,2.0723,1136866.0363,813291.1259
000404.SZ,20260304,10.7739,1.1507,0.4208,489285.1732,486981.8591
002052.SZ,20260304,27.4724,26.0652,8.5139,867562.9672,794863.3897
002034.SZ,20260304,12.2918,1.0751,2.2351,737342.671,733683.3852
300814.SZ,20260304,597.7697,12.6471,11.7786,2078931.2335,2078931.2335
001280.SZ,20260304,114.5473,11.912,9.8369,19544318.1801,1493924.5976
000065.SZ,20260304,20.129,1.4039,1.0511,1563301.146,1312299.2396
920249.BJ,20260304,109.1104,7.034,2.2056,536313.36,158579.7007
300824.SZ,20260304,30.2867,4.474,3.525,334826.5657,324724.185
000766.SZ,20260304,352.7853,8.8115,16.2709,2027705.8953,2026684.1147
000591.SZ,20260304,21.4759,0.9444,4.241,2276176.6459,2275654.1692
002993.SZ,20260304,23.7549,2.5967,1.758,1242180.0,1073011.1985
603259.SH,20260304,18.313,3.8699,6.1844,27456533.3403,22759124.8237
000541.SZ,20260304,27.2657,1.3664,1.0547,916859.6033,734628.324
688152.SH,20260304,,2.991,11.7215,363916.6405,363916.6405
600222.SH,20260304,83.9656,2.4873,2.2055,394259.8764,394259.8764
601318.SH,20260304,7.9759,1.1544,1.0298,111887119.8871,65868542.1479
300531.SZ,20260304,,3.5883,3.4477,504093.9751,484751.2187
300696.SZ,20260304,220.6903,4.7168,19.7552,892650.8332,809624.8218
600479.SH,20260304,18.6735,1.7738,1.4788,537493.3375,457009.7718
688218.SH,20260304,,2.895,4.748,244319.5535,244319.5535
920122.BJ,20260304,132.208,8.3927,14.6736,284751.3874,115377.051
603309.SH,20260304,16.4746,2.1444,2.4541,402490.6854,402490.6854
002381.SZ,20260304,41.202,1.3127,1.0169,278638.1564,216908.4874
600983.SH,20260304,19.4122,3.2591,2.0435,903631.581,903631.581
688759.SH,20260304,,9.8423,,1643533.8714,169679.1546
600064.SH,20260304,6.37,0.7522,5.1851,1481170.7353,1481170.7353
002355.SZ,20260304,,3.6401,4.9681,445208.346,411698.9889
920950.BJ,20260304,31.4901,4.1151,6.9313,131316.12,63974.6991
002609.SZ,20260304,96.0256,2.395,3.3004,575877.7627,411163.1709
000950.SZ,20260304,25.8689,0.8427,0.1167,969511.6145,969511.6145
688333.SH,20260304,133.6014,5.6222,15.0534,2804395.5848,2804395.5848
688062.SH,20260304,,35.9641,18.927,1253944.8,640685.46
688003.SH,20260304,162.8739,6.3909,7.1509,1280183.454,1280183.454
603659.SH,20260304,35.9523,3.0078,4.1135,5939189.4313,5939189.4313
300499.SZ,20260304,7300.9766,8.238,12.4313,1140408.6351,1013963.9841
688026.SH,20260304,49.5512,2.1995,4.2256,238900.1152,238823.8281
301181.SZ,20260304,39.3697,3.3873,8.8,485272.0866,378761.1366
920679.BJ,20260304,57.7406,2.2305,10.0191,112370.2,74796.1
300943.SZ,20260304,124.0213,6.8936,13.447,682593.18,449905.6212
688179.SH,20260304,55.3971,5.7785,8.3483,573081.8196,573081.8196
300858.SZ,20260304,43.0776,2.3446,12.1826,428179.5668,318077.747
002605.SZ,20260304,19.2504,2.6412,3.7538,972292.3358,785113.2136
300887.SZ,20260304,,2.0233,4.3002,580664.3946,385377.8421
600076.SH,20260304,,1.2594,12.4282,480001.982,480001.982
300277.SZ,20260304,3793.4352,2.9315,151.6042,3363829.3688,1702044.2909
002204.SZ,20260304,22.6835,1.704,0.861,1334576.6921,1334576.6921
300366.SZ,20260304,,2.2689,2.5405,371836.6038,324667.5239
601390.SH,20260304,5.8812,0.4655,0.1311,14589557.16,12102989.67
603225.SH,20260304,25.3457,1.6178,0.4467,3101623.7823,3084532.9113
300551.SZ,20260304,,14.4583,33.2799,632856.9434,631014.5887
000890.SZ,20260304,,,15.0362,372100.0196,372088.5578
920433.BJ,20260304,,3.8661,11.0307,147153.8166,97356.9277
003015.SZ,20260304,54.422,4.3974,7.485,479218.6672,421819.8849
301082.SZ,20260304,,4.1446,1.8135,428855.8847,396493.7133
603307.SH,20260304,21.902,1.8892,3.0241,264274.914,260094.0
920729.BJ,20260304,61.2604,3.6813,10.4328,248475.15,69833.9623
688028.SH,20260304,187.6765,8.9129,23.4664,1768669.433,1768669.433
002319.SZ,20260304,,15.9697,7.2931,290119.4264,277000.0
603032.SH,20260304,,3.5579,7.3934,404447.4258,401240.3853
600549.SH,20260304,54.1057,7.2705,2.6908,12503825.9656,12238768.2745
600917.SH,20260304,35.7629,1.6176,0.8892,922574.4982,922574.4982
000683.SZ,20260304,31.7558,2.3354,2.9386,3393467.2143,3057647.977
600874.SH,20260304,11.9549,0.9843,2.0349,994074.6478,778854.6478
688372.SH,20260304,69.7938,7.3847,13.2996,2094206.4942,2094206.4942
300825.SZ,20260304,,2.1722,4.2035,458197.2425,445657.384
600067.SH,20260304,,1.0044,0.534,565017.508,565017.508
002039.SZ,20260304,17.7946,1.8258,3.0085,793120.3237,793118.0977
300250.SZ,20260304,,9.397,20.7813,488631.309,359715.9234
600909.SH,20260304,13.7039,1.2199,5.6943,2883398.9804,2883398.9804
688610.SH,20260304,78.6714,3.3256,11.4514,504220.0,303514.9917
603017.SH,20260304,83.7032,2.3902,2.856,340818.8216,340818.8216
300194.SZ,20260304,34.4168,1.1169,2.9055,497299.7757,404767.8823
300350.SZ,20260304,,4.0938,9.7911,378234.2638,317363.5256
000639.SZ,20260304,,1.011,0.6293,293604.4418,293604.082
300152.SZ,20260304,,6.8707,10.4049,161805.6,161764.3825
600302.SH,20260304,,6.9735,11.4743,413827.7256,413827.7256
300448.SZ,20260304,,5.9263,26.4449,727255.8599,499384.7183
002383.SZ,20260304,,5.6422,7.5571,955064.7935,955064.7935
603681.SH,20260304,27.1565,1.5429,0.6009,401567.4433,401567.4433
300426.SZ,20260304,,24.1645,14.5967,355802.4199,316000.0
688045.SH,20260304,257.654,2.2391,4.5521,311127.4836,311127.4836
920946.BJ,20260304,33.1279,3.4448,7.8882,435883.6251,435749.6189
300787.SZ,20260304,33.4442,2.5199,1.2375,379880.8202,231442.1383
002296.SZ,20260304,17.6591,2.2251,3.8862,534504.3362,476653.9892
300406.SZ,20260304,16.6775,1.9423,5.0235,719986.9952,521183.2225
300625.SZ,20260304,,1.6921,1.7543,336314.524,195013.9942
688448.SH,20260304,460.4302,4.5328,12.4854,459721.1568,307790.2768
688595.SH,20260304,,6.856,5.4764,464700.2217,464700.2217
600618.SH,20260304,21.0859,1.8455,2.1282,1673310.7653,1085018.4453
688778.SH,20260304,50.5561,4.1522,1.905,3816473.9696,3816473.9696
605169.SH,20260304,41.1865,2.1219,1.3454,414419.2,414419.2
688366.SH,20260304,38.3127,1.766,3.8887,961672.4127,809390.2872
000670.SZ,20260304,,107.4455,1.4223,653817.3474,636121.8498
301608.SZ,20260304,34.5406,3.6153,4.6963,764602.08,343139.9928
000800.SZ,20260304,51.8711,1.239,0.5697,3272651.8484,3272372.3542
002672.SZ,20260304,,1.8114,1.6129,551522.6452,451654.0327
300628.SZ,20260304,16.8049,4.6845,7.2416,4368954.8293,2502929.46
603324.SH,20260304,60.1885,2.1171,2.7627,355907.7878,355907.7878
002975.SZ,20260304,99.8522,5.6604,8.2734,1262543.2225,833745.3265
301456.SZ,20260304,64.5248,1.9806,7.1384,435997.7389,175329.1971
605378.SH,20260304,57.4321,4.1617,3.7793,520079.336,520079.336
920304.BJ,20260304,38.8864,4.2245,3.0669,222659.136,187214.9319
688109.SH,20260304,202.8595,11.9146,21.9308,959353.1064,959353.1064
600679.SH,20260304,,2.8947,2.8221,619383.6969,413120.4969
603260.SH,20260304,,1.7802,2.647,5698237.4556,5698237.4556
300970.SZ,20260304,790.0936,1.9764,2.6179,304806.2226,236508.4167
601339.SH,20260304,19.426,1.1588,1.4005,1063194.421,1063194.421
002019.SZ,20260304,39.3247,1.814,3.0664,1601985.7419,1108221.3634
301633.SZ,20260304,45.045,3.9312,6.093,359136.0,164543.6409
600439.SH,20260304,,1.1429,2.3778,301108.127,301108.127
002304.SZ,20260304,36.6188,1.5606,3.8966,7578925.1673,7578746.3152
300771.SZ,20260304,45.8714,1.7395,6.0382,342960.0,258933.5682
688639.SH,20260304,60.399,2.9871,2.7379,790115.4742,790115.4742
920478.BJ,20260304,27.5228,2.6928,4.8152,138527.312,83142.5162
002559.SZ,20260304,69.5809,2.9587,2.4324,523376.3028,479875.8386
600421.SH,20260304,,239.5688,9.8721,147678.0,147678.0
002897.SZ,20260304,81.9968,4.8375,2.1034,1328470.529,1249977.5595
300150.SZ,20260304,75.5081,2.0654,3.7284,325318.9655,255884.117
603101.SH,20260304,45.6405,2.848,1.6621,404073.6,404073.6
002095.SZ,20260304,,5.0563,7.5648,447819.84,446027.3114
301237.SZ,20260304,,3.7254,8.2707,487360.0,401234.35
600879.SH,20260304,426.7609,4.0172,6.0059,8337329.417,8337329.417
300461.SZ,20260304,,15.7998,46.9556,840253.3022,768812.425
603836.SH,20260304,86.1895,1.6515,0.3181,292460.2127,292460.2127
300316.SZ,20260304,143.5209,3.7089,5.691,6471716.0248,6086346.9499
600808.SH,20260304,,1.3444,0.4153,3234286.0981,2506455.4981
605288.SH,20260304,170.0434,3.3962,5.5081,753798.346,748741.5954
301449.SZ,20260304,39.6915,4.2105,5.5071,479217.3964,102234.6418
688391.SH,20260304,80.2324,1.85,6.3849,343932.1382,343932.1382
002051.SZ,20260304,36.071,0.9523,0.9718,1108718.4076,1108654.5944
301369.SZ,20260304,451.0158,5.9194,27.6698,882898.229,454906.109
688363.SH,20260304,72.9122,2.9959,5.0329,2122274.3343,2122274.3343
600877.SH,20260304,1073.6851,8.5292,21.8975,2107625.8958,2107625.8958
300841.SZ,20260304,44.2945,2.2972,6.6488,805540.8269,737242.5757
002801.SZ,20260304,26.6239,4.0436,4.9708,743548.416,374969.1426
920806.BJ,20260304,50.0442,2.4726,2.4152,381935.5671,381935.5671
300839.SZ,20260304,,5.9447,1.5992,447754.7069,439747.9885
000923.SZ,20260304,27.9453,1.4322,2.8095,1470598.3491,1414661.7506
002427.SZ,20260304,247.1677,7.0995,2.9047,673050.5867,672553.8469
601799.SH,20260304,25.991,3.7102,2.7726,4086072.73,4086072.73
300357.SZ,20260304,32.2517,4.8743,12.0095,1259219.52,1164174.413
002639.SZ,20260304,397.4458,6.594,6.3481,1652596.0587,1391674.6955
688630.SH,20260304,83.3384,10.4674,17.1594,2416256.4722,2416256.4722
301591.SZ,20260304,53.458,4.289,9.0162,384344.28,155111.7245
002947.SZ,20260304,21.3265,3.6223,4.2964,1181381.2483,888239.7959
603015.SH,20260304,117.6321,3.9159,6.7695,546099.869,546099.869
301176.SZ,20260304,,2.8528,2.6634,432810.6675,144270.2234
301059.SZ,20260304,49.4093,5.577,7.8059,340720.996,304730.3763
600768.SH,20260304,103.2572,5.8888,1.4393,228038.976,228038.976
300051.SZ,20260304,,21.8688,7.2934,353044.7878,348924.5382
002028.SZ,20260304,55.5398,11.3319,8.2837,17565861.3151,13706348.1386
002965.SZ,20260304,35.085,2.0468,1.1591,873101.3811,656097.0936
300635.SZ,20260304,,4.8922,2.7756,184118.41,158344.7085
300643.SZ,20260304,28.5413,3.7455,4.0203,473838.5158,473013.4162
300207.SZ,20260304,27.8547,1.8629,0.7553,4627893.4272,4293162.1985
601995.SH,20260304,17.496,1.6931,5.7432,16451291.4061,9963432.6355
603019.SH,20260304,57.0173,5.7466,8.0466,12045832.2497,12042465.6113
601288.SH,20260304,8.1016,0.867,3.2416,233788666.6272,213255132.799
600612.SH,20260304,13.7509,1.723,0.4244,2215926.8483,1343276.3927
002248.SZ,20260304,184.4256,43.4559,12.6956,413889.0776,413889.0776
300376.SZ,20260304,213.7277,2.4727,5.1819,1655378.9784,1654806.2146
600686.SH,20260304,35.215,3.5635,0.4649,1157314.531,1157314.531
000623.SZ,20260304,8.6207,0.7297,9.4543,2213602.3613,2204584.3004
300045.SZ,20260304,,10.5681,25.5438,1697111.2794,1322278.0437
000518.SZ,20260304,,7.9723,8.3714,286216.6297,286210.9227
600167.SH,20260304,22.3028,1.4277,4.5965,1547782.8767,1547782.8767
603299.SH,20260304,22.0579,1.4526,2.4808,1154677.9447,940428.8954
002108.SZ,20260304,52.1685,1.6223,2.8438,814407.5138,813864.1138
300079.SZ,20260304,300.0993,1.9001,10.5347,801427.7708,720191.5667
600025.SH,20260304,21.637,2.7119,7.1371,18631094.257,18000000.0
605199.SH,20260304,,3.9587,2.5654,272874.1689,272874.1689
302132.SZ,20260304,96.8385,10.5811,4.3156,21093489.3221,4626432.6251
002023.SZ,20260304,67.0315,1.9632,5.7083,857916.1521,857916.1521
603998.SH,20260304,17.4229,3.2039,3.0579,514603.3539,514603.3539
001206.SZ,20260304,18.5657,2.2406,2.2935,410094.4661,235807.6925
000792.SZ,20260304,31.8216,4.6692,12.1367,19171367.316,19171255.7458
601865.SH,20260304,104.3335,1.6754,2.1981,3636150.1216,2950391.1616
603558.SH,20260304,10.5196,1.6253,1.536,389579.4617,389579.4617
301377.SZ,20260304,233.0191,31.4956,41.1465,7852320.0,1360251.648
688316.SH,20260304,,122.468,14.4802,337202.8282,337202.8282
603126.SH,20260304,,2.2907,1.6115,467032.5,467032.5
920090.BJ,20260304,,29.4897,39.2066,134350.81,91224.1476
601878.SH,20260304,18.3205,1.2938,4.3781,4688141.555,4688141.555
688375.SH,20260304,133.9349,10.5135,28.4893,6797549.9345,6797549.9345
920158.BJ,20260304,52.8015,5.1403,8.6129,289437.4,77422.982
688255.SH,20260304,126.3205,3.1537,5.1292,333311.8116,333311.8116
300717.SZ,20260304,38.3609,3.0594,6.1497,218602.425,216642.1818
603196.SH,20260304,,5.3204,12.8623,1055511.0362,597447.4589
600490.SH,20260304,84.0533,3.3679,3.5592,2137648.9183,1924872.2589
300302.SZ,20260304,,7.8599,21.7284,843504.2845,649112.4552
002694.SZ,20260304,,21.6214,2.5817,227399.2704,214196.6486
603130.SH,20260304,70.9237,4.3409,2.1805,593098.7446,593098.7446
688057.SH,20260304,36.3084,1.0991,10.3044,348588.0,348588.0
600310.SH,20260304,,1.9997,1.667,608269.9496,608269.9496
603587.SH,20260304,22.5101,1.6266,2.7269,586452.7775,586452.7775
300187.SZ,20260304,32.2312,3.3845,4.7228,365422.1454,363446.3254
300774.SZ,20260304,114.5707,6.4451,8.7133,971631.2198,463230.832
000933.SZ,20260304,18.7078,3.3247,1.9399,7965973.5813,7960681.7447
600396.SH,20260304,75.9074,3.5864,1.101,484520.5428,484520.5428
920008.BJ,20260304,98.648,6.4073,11.7321,211012.5,111211.7665
300411.SZ,20260304,721.266,4.7468,10.107,460180.6479,349918.746
000419.SZ,20260304,25.6371,0.9419,1.6539,329411.0889,329411.0889
300470.SZ,20260304,20.417,3.0503,4.7816,816249.8177,774440.5136
002654.SZ,20260304,198.5944,7.2593,2.0516,1136086.6191,1136005.9791
688573.SH,20260304,,6.5447,7.6057,199027.934,108348.2341
920273.BJ,20260304,42.115,4.2976,3.7777,279283.5884,185891.547
301186.SZ,20260304,30.7167,2.543,5.2321,400250.9226,375901.3618
688721.SH,20260304,99.8054,4.7678,23.4625,578722.5,231855.4809
920579.BJ,20260304,,5.8804,5.9737,282266.4,97172.2356
300409.SZ,20260304,49.9283,2.6436,2.7779,2123023.6584,1865846.8884
000930.SZ,20260304,139.1688,1.2361,0.7246,1318074.1012,1318007.1368
002346.SZ,20260304,15.9604,3.1702,10.8242,914502.6865,814576.133
600351.SH,20260304,19.9666,1.7079,1.9574,444956.0296,444956.0296
300723.SZ,20260304,,7.8532,13.4219,1374952.7797,1271378.9264
002178.SZ,20260304,,10.9091,10.6034,475718.2047,475471.1495
003035.SZ,20260304,240.8144,4.5818,9.0783,3181818.1811,3181818.1811
600803.SH,20260304,16.0806,3.0733,0.5355,7120305.7461,7064971.4261
605055.SH,20260304,,4.1673,2.8303,435160.0,435160.0
603338.SH,20260304,15.5532,2.4671,3.2877,2741873.7648,2741873.7648
605111.SH,20260304,40.0609,4.1065,9.4193,1750211.4373,1750211.4373
301029.SZ,20260304,34.8479,4.0434,6.0469,1719957.7549,1252620.6455
688611.SH,20260304,,10.3652,43.4154,897175.7704,897175.7704
003022.SZ,20260304,94.2953,3.687,4.6352,2720552.016,2718237.6275
603257.SH,20260304,50.8649,3.4557,3.6522,844560.0,175246.2
000558.SZ,20260304,,5.6179,11.6538,589175.3447,588928.8659
300334.SZ,20260304,94.9548,3.7949,9.6164,230475.8666,230448.7076
688518.SH,20260304,52.8138,2.7845,2.7898,909631.3782,909631.3782
301016.SZ,20260304,78.4664,5.1713,13.6096,516516.0,489910.1237
600661.SH,20260304,,21.0839,2.108,283683.3417,283683.3417
920159.BJ,20260304,23.7691,3.2041,1.457,342456.0,64886.4
603466.SH,20260304,180.9699,2.9532,3.5571,622146.1759,622146.1759
300294.SZ,20260304,31.896,1.3607,5.3154,1043794.8877,1043794.8877
002595.SZ,20260304,31.8043,6.655,7.2006,7578400.0,7526908.1918
688285.SH,20260304,63.9075,1.9459,2.7845,328877.384,328877.384
600973.SH,20260304,,2.7657,0.2036,988755.0648,988755.0648
600645.SH,20260304,174.0424,3.5054,8.8377,1300897.9142,1300401.0587
600180.SH,20260304,241.0597,0.4915,0.1549,386839.3772,386839.3772
689009.SH,20260304,19.6052,5.0053,1.613,3439830.0205,2649375.7801
002469.SZ,20260304,21.8324,2.2485,2.105,589816.1307,571665.4741
600999.SH,20260304,11.2774,1.1468,5.5708,13870960.2556,11838098.4088
603090.SH,20260304,108.4883,11.674,9.5685,715700.0,715700.0
600217.SH,20260304,,2.1733,1.8696,668034.4302,668034.4302
002490.SZ,20260304,,18.7807,6.0484,935078.3248,634898.184
300383.SZ,20260304,163.0316,2.0977,3.855,2673020.5635,2667014.9928
688047.SH,20260304,,22.7298,89.7219,5700215.0,5700215.0
605003.SH,20260304,55.0143,2.4936,6.6551,358600.0,358600.0
002550.SZ,20260304,21.7732,3.4009,6.1,935533.8,688046.5716
600834.SH,20260304,112.0556,2.3422,7.0062,399568.6545,399568.6545
920665.BJ,20260304,50.5993,2.2762,5.0617,164437.35,81050.66
688676.SH,20260304,66.5902,8.4013,6.0205,4394618.9511,4394618.9511
300613.SZ,20260304,61.9493,3.4662,5.858,954083.0795,899902.8579
601022.SH,20260304,19.675,2.2282,2.2313,1341349.1674,1341349.1674
600883.SH,20260304,54.661,2.0051,34.9197,196661.304,196661.304
001390.SZ,20260304,26.5989,2.8412,4.6542,451000.0,112750.0
600368.SH,20260304,9.9576,0.8893,4.1067,637422.9278,637422.9278
003023.SZ,20260304,29.0243,1.5347,2.0285,237545.308,237005.2671
920476.BJ,20260304,45.6466,4.2815,5.313,192250.8086,181803.027
300165.SZ,20260304,,2.1379,3.9164,273026.9605,231714.6081
002868.SZ,20260304,,,10.6083,622751.2589,617244.7633
002527.SZ,20260304,,7.7679,2.5943,972047.8526,775924.9608
002133.SZ,20260304,,0.9609,0.5365,278691.903,277153.2724
920395.BJ,20260304,41.1786,7.0766,10.0048,169370.1314,114624.0656
001338.SZ,20260304,19.3074,1.7252,1.5324,642215.4675,642215.4675
002457.SZ,20260304,22.415,1.8687,1.7351,460878.7576,460650.5189
000510.SZ,20260304,,10.6345,7.3651,1312652.2241,1227889.5896
601231.SH,20260304,54.1772,4.5588,1.6963,10041408.6428,10041408.6428
600207.SH,20260304,,2.5006,1.7934,598032.5921,598032.5921
600226.SH,20260304,84.9932,4.4859,9.6019,1621037.7671,1621037.7671
688161.SH,20260304,42.5444,2.7377,7.3701,1134400.0,1134400.0
301381.SZ,20260304,34.7228,2.9801,0.6801,793198.8212,384290.4812
000069.SZ,20260304,,0.4239,0.462,1945137.4488,1669461.631
601360.SH,20260304,,2.6851,9.3753,7881502.1718,7881502.1718
600109.SH,20260304,13.0147,0.9246,3.7815,3223667.4717,3223667.4717
001203.SZ,20260304,80.0681,8.1581,14.0007,5447034.7856,4673319.1443
000955.SZ,20260304,,4.4429,6.2226,288041.325,287889.6391
002731.SZ,20260304,7.343,1.075,0.4473,201082.46,180280.274
300883.SZ,20260304,,1.6136,2.5828,229398.0,219237.2432
002102.SZ,20260304,,2.51,0.8218,831810.6014,730092.7986
603131.SH,20260304,,4.9355,8.0027,789373.6165,789373.6165
920570.BJ,20260304,169.2782,4.7844,13.7658,166965.1643,81007.9263
000975.SZ,20260304,30.1537,6.0735,5.3062,8760558.7461,7974049.3514
002037.SZ,20260304,,2.2322,0.6113,419043.1682,419043.1682
600289.SH,20260304,,3.9125,13.6522,437319.0838,392184.42
300395.SZ,20260304,140.0021,12.7149,31.9719,5786203.5492,5668343.5518
601607.SH,20260304,11.167,0.8368,0.2246,6304215.0753,4741652.7585
002458.SZ,20260304,46.1261,2.5788,3.592,1084284.6567,733891.3358
600882.SH,20260304,51.8991,2.2964,2.0387,1061421.6394,1061421.6394
001283.SZ,20260304,32.7757,1.7927,1.083,619047.357,493926.3891
000718.SZ,20260304,,0.7214,4.3214,667620.0045,502060.4868
002141.SZ,20260304,,4.843,3.0381,402844.9612,397398.6413
920174.BJ,20260304,47.7343,3.0474,6.7832,950260.3275,381150.3252
600500.SH,20260304,,1.4257,0.3293,1618424.1404,1618326.1427
300542.SZ,20260304,,9.332,3.7987,505163.3491,419046.818
000423.SZ,20260304,20.1536,3.4012,5.3216,3383454.2333,3377535.4394
300015.SZ,20260304,29.4042,4.3639,4.2703,9465277.6201,8074688.2918
300699.SZ,20260304,51.4494,5.4437,10.8247,3094292.144,3057411.0284
600460.SH,20260304,87.6014,3.9618,3.7046,4730956.2553,4730956.2553
002389.SZ,20260304,321.7334,3.5465,10.1219,2833603.3924,2833148.8408
688625.SH,20260304,45.278,8.4157,12.9096,1275121.1592,1275121.1592
000650.SZ,20260304,17.9798,1.2607,2.131,800764.6698,761552.697
605058.SH,20260304,29.1497,2.4736,3.1809,431344.4811,431344.4811
300809.SZ,20260304,185.936,5.3509,17.3107,878259.7888,521572.7619
002279.SZ,20260304,169.0896,5.2582,2.5345,736324.6678,674427.156
002957.SZ,20260304,57.2788,3.9601,5.1738,1268347.0473,1264410.1632
301067.SZ,20260304,2336.1402,3.7518,3.8891,311155.2,204252.48
000917.SZ,20260304,87.4003,1.4003,3.3571,1460083.0281,1459983.1439
600604.SH,20260304,,1.5426,3.6249,959132.0596,720616.8596
688267.SH,20260304,23.7001,1.7718,5.8663,501993.8,501993.8
301150.SZ,20260304,438.9986,2.8327,1.8429,1008501.5113,962458.768
688132.SH,20260304,,2.2282,21.3107,275679.8444,196485.7453
688259.SH,20260304,53.5256,2.7313,11.7256,424236.6,424236.6
301316.SZ,20260304,177.6052,16.3723,8.357,1802648.0,1784844.62
601116.SH,20260304,60.0198,2.5378,2.0962,816040.816,816040.816
605016.SH,20260304,27.2366,5.0888,7.2243,996269.223,996269.223
600148.SH,20260304,283.5953,5.6473,3.6641,268173.6728,268173.6728
002352.SZ,20260304,16.8374,1.8617,0.6039,18288092.9543,17317655.7679
688312.SH,20260304,60.6392,5.4582,13.4635,832936.7282,832936.7282
300577.SZ,20260304,13.9249,2.1958,0.9541,470798.5529,279069.4847
000912.SZ,20260304,,1.4116,2.0341,890624.0,890624.0
600094.SH,20260304,,1.0179,4.5437,1043902.5702,954677.2476
002778.SZ,20260304,,8.6701,12.2056,273833.4935,270926.0843
300894.SZ,20260304,,4.06,4.6713,439190.9447,317891.0699
000011.SZ,20260304,,1.4628,1.585,496450.5836,438554.1273
600941.SH,20260304,14.3098,1.4959,1.958,204408233.9652,8523031.4323
002918.SZ,20260304,86.5481,1.7154,1.3928,562108.7711,292997.2788
002592.SZ,20260304,23.6713,2.8737,3.9072,265764.6253,246427.9551
002396.SZ,20260304,34.5342,2.4321,0.8819,1679187.846,1672264.557
300304.SZ,20260304,29.5222,3.7414,5.5654,1254867.373,1221102.6981
300935.SZ,20260304,,3.3298,20.0693,264027.5803,200349.6292
920932.BJ,20260304,,2.8918,5.5135,184152.4118,151749.3792
301107.SZ,20260304,36.8686,3.1226,4.1505,296807.7118,172653.1317
300877.SZ,20260304,42.4351,2.3447,3.7873,391080.0,391076.5781
600822.SH,20260304,209.8751,4.1931,2.3612,513827.9389,410409.2327
000637.SZ,20260304,,4.8068,0.8318,266696.0576,187032.1332
688513.SH,20260304,33.6862,3.2543,7.1666,954156.8437,954156.8437
688556.SH,20260304,,3.3543,3.6237,1322592.1029,1322592.1029
603277.SH,20260304,17.8174,3.5805,3.3635,942028.4332,935960.1484
001965.SZ,20260304,12.4105,0.9652,5.2048,6421364.7674,6421364.7674
600120.SH,20260304,15.8859,1.2873,3.5475,2093628.8546,2093628.8546
688175.SH,20260304,,2.701,20.3407,466834.37,466834.37
603098.SH,20260304,85.2345,2.8918,2.4797,817105.7667,815743.1667
600603.SH,20260304,20.6993,1.1482,2.6042,838910.3932,838910.3932
000925.SZ,20260304,80.3057,1.589,2.2147,524863.0098,522437.583
688326.SH,20260304,153.8763,3.8867,2.2366,1531646.0592,1425415.9537
603706.SH,20260304,19.3553,2.4956,2.7931,414179.9955,414179.9955
600513.SH,20260304,,4.456,2.2895,594890.8667,594890.8667
300672.SZ,20260304,874.6662,7.4247,15.5094,3020980.6196,2926848.5528
603979.SH,20260304,20.4257,4.3906,3.5514,4582974.0066,4582974.0066
300603.SZ,20260304,,3.2517,5.4731,456431.8628,367200.4423
600885.SH,20260304,26.1631,3.9607,2.9672,4791351.993,4791351.993
600071.SH,20260304,88.74,11.0645,3.4553,557516.3002,557516.3002
601599.SH,20260304,38.8229,3.0794,1.458,467698.6086,467698.6086
603043.SH,20260304,19.5119,2.4721,1.8214,966341.5977,958160.9127
301227.SZ,20260304,,1.9701,5.1421,323117.0865,115141.2005
603188.SH,20260304,,3.9904,4.2375,306181.29,306181.29
300032.SZ,20260304,,5.7674,2.4215,398372.1256,398372.1256
688755.SH,20260304,57.5369,2.7587,4.6638,342848.0,68569.6
603978.SH,20260304,,3.3214,1.6547,502404.4316,502404.4316
002272.SZ,20260304,,6.8456,6.1606,1021636.4711,814340.4307
601668.SH,20260304,4.5977,0.4259,0.0969,20536234.0507,20536234.0507
002297.SZ,20260304,,3.2794,7.5459,690018.2021,690018.2021
601163.SH,20260304,13.1511,0.8646,1.202,1185600.0,1185600.0
688031.SH,20260304,,26.1243,50.3485,2253249.1735,2253249.1735
000417.SZ,20260304,36.848,1.2067,0.8343,567755.6976,567131.9843
688143.SH,20260304,309.2229,5.3316,18.0563,718596.8752,682849.2971
003032.SZ,20260304,,2.1029,7.8942,263603.1125,180924.0247
600020.SH,20260304,8.9363,0.7656,1.2726,910185.592,910185.592
300782.SZ,20260304,,4.395,11.322,4402582.5195,3689077.0896
000636.SZ,20260304,92.0695,2.2129,5.0505,2765261.5743,2765261.5743
000826.SZ,20260304,,80.9432,0.6988,339234.073,339191.1642
920392.BJ,20260304,86.6,5.2268,2.4152,178243.495,85115.9761
688290.SH,20260304,,4.1806,26.0832,520452.2134,520452.2134
688288.SH,20260304,92.3312,3.5912,3.8934,271692.9023,271692.9023
605599.SH,20260304,22.8044,4.4456,0.73,1851111.164,1851111.164
603082.SH,20260304,36.8617,3.837,3.0416,611597.8371,152899.513
688758.SH,20260304,59.177,5.5319,18.5631,747969.4949,535537.8749
920943.BJ,20260304,34.8768,3.9031,2.6152,258067.3429,131695.5115
688331.SH,20260304,70.6589,21.2599,15.3992,5006350.7967,1446472.8103
920019.BJ,20260304,110.1434,5.1753,3.1431,473100.075,376955.2485
002936.SZ,20260304,8.9461,0.3737,1.2919,1709313.1753,1321507.8151
300430.SZ,20260304,80.7781,2.3418,6.7315,535717.8138,509833.9581
301062.SZ,20260304,,2.5831,3.1053,371758.3808,267983.9808
300463.SZ,20260304,,1.0705,3.0657,677226.6189,550816.1792
601177.SH,20260304,25.0966,2.3283,2.7201,649904.175,637295.58
600671.SH,20260304,74.7201,37.196,9.8466,247698.2521,247579.5641
603985.SH,20260304,,2.2819,1.9406,734910.291,734910.291
000403.SZ,20260304,23.5151,1.6401,5.5247,1316300.3796,1302883.5328
300620.SZ,20260304,329.1794,20.0509,33.0878,4163557.7264,4128922.3087
601880.SH,20260304,26.8958,0.998,3.492,4030772.1934,3148631.7576
920670.BJ,20260304,240.8029,7.8958,19.7757,197074.5344,123699.4694
300836.SZ,20260304,92.8382,9.7603,9.1467,556484.4024,379511.8613
300348.SZ,20260304,3246.1773,4.9243,5.8218,1042184.087,911276.2733
002210.SZ,20260304,858.0057,8.3498,42.9208,795708.5994,794220.7455
300381.SZ,20260304,490.497,1.231,3.8357,318698.8882,317582.1623
002748.SZ,20260304,69.9823,2.1968,1.483,301680.0,301680.0
300918.SZ,20260304,42.5887,2.0693,4.6587,781977.6897,781977.6897
002395.SZ,20260304,8.7594,3.3331,1.9273,501014.412,500972.3465
300843.SZ,20260304,74.576,5.5547,5.4714,879749.9338,844202.8369
300684.SZ,20260304,50.2318,7.6984,9.118,1612557.6566,1099967.5243
603667.SH,20260304,288.3814,8.8583,7.6528,2642152.9856,2642152.9856
688779.SH,20260304,91.0298,3.0965,2.2225,2075840.0141,2075840.0141
300267.SZ,20260304,,1.8228,6.3072,814728.9237,561844.7969
300553.SZ,20260304,116.198,5.0867,12.7691,432874.1581,328511.8904
601933.SH,20260304,,9.9338,0.6611,3666314.9452,3666314.9452
920942.BJ,20260304,88.2866,3.7803,10.6196,188519.5054,127190.906
601658.SH,20260304,6.788,0.5927,1.6748,59206861.3716,33091340.8336
002819.SZ,20260304,,2.01,2.6766,808048.4397,634008.8182
688718.SH,20260304,55.699,3.2192,6.1147,256808.9869,256808.9869
603306.SH,20260304,113.4827,9.284,11.72,2880109.7899,2880109.7899
002424.SZ,20260304,3260.5765,2.2186,2.2971,723955.9712,628445.1172
603328.SH,20260304,25.738,2.7892,2.9914,1204121.7889,1204121.7889
603989.SH,20260304,34.0028,1.9961,1.9334,752098.816,752098.816
603194.SH,20260304,16.1998,2.7403,2.0347,1417936.0,558783.1644
600884.SH,20260304,,1.4273,1.5497,3131182.7053,2554472.7664
600527.SH,20260304,137.6404,1.8619,7.1978,384450.9202,384450.9202
002719.SZ,20260304,,8.1286,2.5115,156203.0929,145189.4022
688772.SH,20260304,39.953,2.6447,1.3102,1886221.3829,1886221.3829
301209.SZ,20260304,172.7854,13.5281,19.5026,1032640.0,882197.26
000008.SZ,20260304,,2.6226,3.611,768734.8843,768712.0374
300134.SZ,20260304,,2.194,3.5456,835805.3285,775823.2085
301138.SZ,20260304,38.6332,4.0895,6.141,456000.0,260528.532
603323.SH,20260304,4.8216,0.5191,2.3504,985048.2213,985048.2213
300528.SZ,20260304,,12.2551,9.0166,647592.7979,647592.7979
000691.SZ,20260304,,,8.6098,385014.57,256676.38
002551.SZ,20260304,,1.1645,2.5173,301841.5643,218193.6598
301361.SZ,20260304,46.1195,3.7981,16.0907,455688.112,119249.148
000096.SZ,20260304,105.6584,2.2958,4.3415,641520.0,620680.32
300698.SZ,20260304,119.818,9.9532,6.9959,512416.0,453319.686
688602.SH,20260304,,1.5161,5.3448,412383.75,206119.3518
600712.SH,20260304,,4.1618,5.7063,331695.1142,328036.8579
300167.SZ,20260304,176.2413,82.7849,5.0284,237907.514,219283.7758
600773.SH,20260304,285.2033,2.9668,7.7967,1400735.8653,1400735.8653
920790.BJ,20260304,307.6351,7.6337,12.5406,238480.4004,164133.8532
605398.SH,20260304,748.5947,4.8646,9.5752,501003.7309,501003.7309
603855.SH,20260304,15.2424,3.2084,1.7534,671309.379,667374.1425
002824.SZ,20260304,51.5431,2.8493,1.7127,645073.7312,392120.3528
603278.SH,20260304,,1.9673,0.7839,394732.0978,394732.0978
300246.SZ,20260304,,2.8984,3.1714,331784.8662,264952.0007
300314.SZ,20260304,59.5266,3.252,7.6688,396288.0,197788.2324
688569.SH,20260304,25.8671,1.5032,3.4742,443032.0701,443032.0701
603325.SH,20260304,13.5777,2.3015,3.9905,610430.52,260817.816
600805.SH,20260304,58.5083,1.0592,1.6219,454377.6598,454047.0465
688246.SH,20260304,,2.3587,7.5329,307091.0547,307091.0547
603766.SH,20260304,16.9133,3.1955,1.5883,3043349.0217,3043349.0217
603408.SH,20260304,12.6686,1.642,1.1096,549619.644,549619.644
000004.SZ,20260304,,21.2108,10.6208,78369.1269,74762.3587
601628.SH,20260304,7.0755,1.9453,1.8839,120435908.005,88729061.33
301042.SZ,20260304,529.1735,5.6558,12.6196,594532.9411,562959.5918
002350.SZ,20260304,108.976,4.3765,3.2527,722385.3595,706694.5594
600685.SH,20260304,59.6764,2.8247,2.3981,5043390.7567,2930880.7258
600099.SH,20260304,113.4618,4.3922,2.1566,235115.76,235115.76
920819.BJ,20260304,,0.9972,0.8666,479287.8,473745.375
688466.SH,20260304,42.4326,1.8871,3.7073,215113.4617,215113.4617
603815.SH,20260304,24.5253,1.6924,0.9414,409108.9193,409108.9193
300443.SZ,20260304,27.4497,1.4401,3.2544,902459.4318,684380.0329
603938.SH,20260304,147.0522,4.5801,5.7647,1137925.2541,1137925.2541
688208.SH,20260304,23.9825,6.0987,4.6349,2242433.7936,2242433.7936
300422.SZ,20260304,,2.4139,1.3974,267474.0749,256237.3969
300127.SZ,20260304,65.8733,7.9359,14.3018,1176252.7504,840170.7496
002653.SZ,20260304,155.6242,11.3738,11.2589,4807807.8452,2074541.4123
600169.SH,20260304,39.0088,1.6099,0.8295,820040.2767,816619.6675
002692.SZ,20260304,59.4756,3.3404,0.9066,405752.49,405505.5709
000688.SZ,20260304,143.8656,10.0604,18.22,4112184.9398,4112169.9494
688066.SH,20260304,,,11.9161,636211.3724,636211.3724
688628.SH,20260304,29.9555,3.6055,3.741,456682.3646,456682.3646
603696.SH,20260304,102.2247,7.0888,6.6336,411364.8,411364.8
300429.SZ,20260304,,4.4086,8.0288,759407.0686,564465.7114
301556.SZ,20260304,62.3916,8.9087,15.8273,862010.24,297983.84
688818.SH,20260304,326.2786,20.4861,32.3585,10680344.9996,811768.4685
000425.SZ,20260304,21.201,2.3534,1.3935,14086590.2866,10802058.3171
600325.SH,20260304,,0.593,0.1404,1125630.2154,1125630.2154
605376.SH,20260304,168.345,15.7368,25.3212,2592194.4,2592194.4
600996.SH,20260304,,4.153,7.7414,971257.0863,971257.0863
600132.SH,20260304,22.0302,19.6926,1.8419,2711690.6224,2711690.6224
002096.SZ,20260304,20.6219,2.1927,1.7899,1718010.4665,1718007.5455
600845.SH,20260304,44.9755,5.8615,5.891,6444898.4105,4790951.5735
000153.SZ,20260304,26.293,1.4242,0.7214,299257.4762,295511.3121
002086.SZ,20260304,,3.3092,12.9741,438804.016,354208.0723
300020.SZ,20260304,,1.3537,27.0553,362373.1561,349587.6503
605567.SH,20260304,55.5845,2.0188,0.8407,220400.0,220400.0
000506.SZ,20260304,423.0833,29.6117,36.5831,1896125.2502,1895490.9074
603527.SH,20260304,24.8494,1.6345,0.3242,337257.3568,337257.3568
688655.SH,20260304,,4.6913,4.4786,308664.46,308664.46
605222.SH,20260304,62.0721,1.9795,0.4093,923251.3271,923251.3271
688536.SH,20260304,124.792,3.5079,10.078,2158798.497,2123584.7662
000505.SZ,20260304,,1.8065,0.6821,556116.942,483770.957
688203.SH,20260304,276.9601,1.7283,2.9964,255171.6876,255171.6876
300722.SZ,20260304,155.5467,15.0942,24.6946,958407.6902,958407.6902
688981.SH,20260304,169.3524,5.6582,12.68,85366064.7613,21333332.8353
300584.SZ,20260304,111.3721,4.7801,8.1041,498720.0,341252.2604
003040.SZ,20260304,1356.3272,5.6854,7.6711,796381.8236,788980.3956
688032.SH,20260304,,2.469,7.3068,1411708.795,1411708.795
605128.SH,20260304,48.9298,3.6466,3.1813,759043.6481,759043.6481
000983.SZ,20260304,24.8707,1.1557,1.0713,4218086.0868,4218060.2119
688338.SH,20260304,37.5638,1.9399,12.415,327343.1616,327343.1616
002638.SZ,20260304,,2.238,11.5516,461146.786,434211.0051
301195.SZ,20260304,26.5341,1.8218,4.2802,439396.3577,291818.9119
002081.SZ,20260304,20.0875,0.6692,0.541,918741.9964,915033.2916
300423.SZ,20260304,,3.7013,4.8135,499003.8239,334360.5644
603102.SH,20260304,21.9835,1.6429,3.1816,267392.0,267392.0
300359.SZ,20260304,,5.9762,9.0213,328066.7126,328050.279
002452.SZ,20260304,24.8796,2.6401,3.721,681124.6293,566463.4594
688088.SH,20260304,68.3702,6.4299,19.0899,1761940.3968,1761940.3968
002853.SZ,20260304,,5.4648,8.0003,509237.9992,358314.205
920086.BJ,20260304,28.822,3.1613,9.5233,263089.92,84084.708
002044.SZ,20260304,80.5706,3.153,2.3776,2493379.749,2467882.9984
000151.SZ,20260304,,12.8417,3.7573,427448.7124,390153.2586
300569.SZ,20260304,,1.252,1.6353,647379.9971,645413.587
603385.SH,20260304,42.2498,0.6835,0.8026,256568.1884,256568.1884
002812.SZ,20260304,,2.4089,4.9543,6065209.346,5079766.4197
000017.SZ,20260304,126.19,13.6074,5.8002,509307.6655,325767.4218
600965.SH,20260304,62.1392,2.1864,4.3166,475665.2549,475665.2549
301577.SZ,20260304,105.6554,3.954,6.9877,301517.532,126160.3739
301565.SZ,20260304,156.0353,4.1939,4.5934,1010025.25,323225.25
688559.SH,20260304,,5.7304,3.2494,1360940.4287,1360940.4287
600780.SH,20260304,12.1561,0.9117,0.6703,747519.645,747519.645
603344.SH,20260304,28.7933,2.658,2.1689,558498.4436,155122.9436
601166.SH,20260304,4.9555,0.4806,1.8045,38389420.7749,38389420.7749
600629.SH,20260304,69.2582,3.8891,2.6981,2062939.989,2026326.8483
600343.SH,20260304,,16.3244,26.3189,2213937.8212,2213937.8212
920436.BJ,20260304,,3.9569,0.8865,152200.836,143166.5913
001296.SZ,20260304,28.7794,2.3391,3.5076,409430.8024,210342.1148
301052.SZ,20260304,116.5487,5.1214,5.3768,369019.3751,299050.582
002294.SZ,20260304,77.4747,5.9397,12.2533,5210652.4846,5209480.2501
000014.SZ,20260304,,1.9013,56.4012,302557.78,302557.78
002055.SZ,20260304,,2.6277,0.8215,375388.3006,368867.8006
603586.SH,20260304,21.6156,1.4787,1.7999,340151.5733,340151.5733
002054.SZ,20260304,52.0708,1.8352,1.5324,465241.4112,370922.5206
600136.SH,20260304,,15.8747,5.4426,377552.7972,359471.5564
002987.SZ,20260304,46.1998,5.2267,3.1631,1522392.5668,1480425.5554
603602.SH,20260304,112.162,2.9368,1.9333,317010.8818,317010.8818
001359.SZ,20260304,55.0593,7.0984,12.0077,1402218.4242,350586.42
688148.SH,20260304,,12.6675,1.8209,414770.6921,414770.6921
001207.SZ,20260304,18.8452,2.4901,2.3683,570332.0126,519583.2588
002106.SZ,20260304,28.0066,1.4956,1.3512,833568.885,831543.1723
300895.SZ,20260304,,9.2269,27.3696,722025.7691,708547.3185
600998.SH,20260304,9.319,0.9808,0.1647,2596872.1705,2596872.1705
600158.SH,20260304,526.3755,3.7595,4.4241,976784.3022,976784.3022
300155.SZ,20260304,,2.3144,17.7373,283420.0107,167017.0219
002226.SZ,20260304,19.9593,1.568,1.6633,1607896.173,1607863.7064
301005.SZ,20260304,1626.242,28.6552,28.0869,2203894.4956,2172863.1692
688325.SH,20260304,93.0991,5.1016,18.3556,896965.5632,850382.4662
002237.SZ,20260304,41.2907,2.0083,0.2781,2616845.8466,2182011.4946
300113.SZ,20260304,45.907,6.6049,8.5489,1668584.8062,1265469.3249
601808.SH,20260304,25.2911,2.1463,1.9937,9867652.256,6122247.824
603488.SH,20260304,,3.2653,6.4216,294618.354,294618.354
603006.SH,20260304,45.7266,2.5933,3.9772,338158.1525,338158.1525
600797.SH,20260304,569.0142,2.8106,2.8821,981287.6834,981287.6834
300041.SZ,20260304,42.3908,2.2672,1.5443,655657.4379,637670.1105
300678.SZ,20260304,1117.3179,10.4339,18.2986,882934.7668,867718.3387
688180.SH,20260304,,5.0592,12.213,3051322.2966,2277723.4762
920242.BJ,20260304,20.3817,2.5924,2.2288,173882.5695,97739.403
688251.SH,20260304,93.7111,3.6048,3.0288,309553.7848,307402.4233
603127.SH,20260304,105.8995,2.9353,14.2894,2383676.6878,2005152.9375
000929.SZ,20260304,,4.0228,7.4582,187995.192,187983.2737
920130.BJ,20260304,,4.4317,6.0494,211421.4969,128250.5928
002191.SZ,20260304,,0.832,2.1692,556031.2934,551717.4503
600582.SH,20260304,8.8683,0.9687,0.8517,2470737.5685,2470737.5685
300845.SZ,20260304,50.8987,3.1451,6.5108,251910.3475,177146.2994
603565.SH,20260304,10.7898,2.334,2.1525,2305869.2871,2305869.2871
002076.SZ,20260304,,7.1799,9.5642,226261.3962,212623.9433
688409.SH,20260304,,6.634,8.3863,2977593.5372,2977593.5372
688503.SH,20260304,53.3037,4.352,1.4934,2180239.0561,1809885.6034
002270.SZ,20260304,43.9187,9.9201,12.8444,3117072.049,3117022.098
920124.BJ,20260304,25.5726,2.4613,2.3739,260283.3013,133929.9658
301112.SZ,20260304,,3.1793,7.2968,384830.434,384830.434
301109.SZ,20260304,18.2858,1.7572,4.7322,1343049.6331,392518.0023
002908.SZ,20260304,254.909,3.6518,6.7085,403820.4344,301237.2156
300195.SZ,20260304,236.9522,1.4053,2.3047,376252.4873,278754.2831
603165.SH,20260304,18.3905,1.9478,1.757,383410.5262,383410.5262
300085.SZ,20260304,,50.567,33.2156,2532599.6774,2336814.0902
688112.SH,20260304,45.5397,4.0548,10.8083,650676.492,650676.492
300806.SZ,20260304,498.7353,10.197,7.9148,2313192.4668,1613620.5077
605399.SH,20260304,,2.2282,4.4234,477986.3572,476948.3392
600388.SH,20260304,25.6951,2.3281,2.2055,2475320.2251,2475320.2251
600505.SH,20260304,349.4038,4.4979,3.5415,548674.0875,548674.0875
688172.SH,20260304,,2.8488,28.5093,5226509.8531,2850201.9361
688449.SH,20260304,144.6398,10.7902,15.4377,2055280.0,1310036.0752
300750.SZ,20260304,24.2513,4.9202,4.0066,154669179.0699,144257276.4078
920056.BJ,20260304,37.3571,3.8423,3.4474,206026.4674,77788.2679
300315.SZ,20260304,,2.8079,19.7759,1389004.4445,1325093.188
000938.SZ,20260304,48.3151,4.6571,0.6911,6738348.1831,6738348.1831
001231.SZ,20260304,37.8116,2.4708,3.3807,244253.36,121967.82
600887.SH,20260304,20.2305,3.0419,1.3851,16205574.0289,16125047.9452
002354.SZ,20260304,,7.8054,5.3144,1002679.0069,985314.3551
300307.SZ,20260304,57.0191,1.6723,2.8432,546778.229,538553.6509
300637.SZ,20260304,237.9071,3.7994,3.0505,278413.6542,278122.8636
001311.SZ,20260304,40.7044,2.4372,2.9325,1118454.6211,280721.5602
300762.SZ,20260304,,10.5248,51.0383,2457858.0316,2457858.0316
000625.SZ,20260304,15.7954,1.4008,0.6558,10735696.8133,8953283.288
301136.SZ,20260304,1536.4058,3.1423,7.7958,458216.0253,458216.0253
002681.SZ,20260304,,4.6555,3.815,1060639.4691,905814.341
301234.SZ,20260304,115.7279,3.6734,5.818,279412.0,279412.0
000922.SZ,20260304,41.3918,2.2373,2.0482,1018153.2506,860381.3194
688585.SH,20260304,1056.6206,32.1678,24.0836,4326861.2563,4326861.2563
688226.SH,20260304,268.4445,4.9825,2.2184,853642.9014,853642.9014
600256.SH,20260304,22.3196,1.846,1.3498,4397698.0392,4397698.0392
600030.SH,20260304,12.8917,1.4038,5.1772,38740909.411,31829504.246
603057.SH,20260304,71.5761,6.8414,4.2996,1371625.1088,1366604.0
000828.SZ,20260304,10.256,1.0731,6.987,1091492.8416,1091491.4241
002183.SZ,20260304,157.2192,1.3551,0.1756,1254355.391,1254348.146
002617.SZ,20260304,60.9381,2.5777,4.4563,1646093.053,1619084.4203
301089.SZ,20260304,,2.2477,9.3111,342176.328,245999.9504
300688.SZ,20260304,,11.6326,28.1582,465314.9099,412492.1132
688682.SH,20260304,,7.9021,15.9669,483836.5901,483836.5901
688167.SH,20260304,,13.4175,33.9353,2986301.5611,2986301.5611
688689.SH,20260304,51.2657,3.4126,3.9264,412103.7254,412103.7254
300644.SZ,20260304,27.0022,3.4628,1.2571,348307.6614,274429.9599
300222.SZ,20260304,85.4664,5.5448,3.4484,951837.9492,775141.6915
920184.BJ,20260304,109.4391,3.7707,9.7824,237113.3117,159751.4562
600988.SH,20260304,29.0815,6.311,6.9029,7901909.6781,6918543.5097
002548.SZ,20260304,,3.696,1.1287,526718.4465,511643.8689
301131.SZ,20260304,46.7516,2.1414,1.3909,232954.2918,160309.8281
000605.SZ,20260304,144.34,1.1653,1.4657,248271.6544,248271.6544
000913.SZ,20260304,14.9368,1.6818,1.4314,791996.624,695006.672
601233.SH,20260304,29.8818,1.3771,0.5624,5210893.6051,5201494.7599
920357.BJ,20260304,29.051,4.6768,3.1448,188107.92,104564.7954
000967.SZ,20260304,67.0434,1.4965,1.9095,2555723.7297,2554507.0158
600062.SH,20260304,11.78,1.6598,1.7005,1861453.4561,1851096.3807
601111.SH,20260304,501.9617,2.9325,0.8073,13592319.959,9066087.2802
601216.SH,20260304,15.2335,1.7769,2.0077,5121876.5557,5121876.5557
002175.SZ,20260304,,4.8297,12.8725,390694.9025,390694.9025
688576.SH,20260304,64.6743,1.9556,9.8553,337974.4457,161872.7513
301040.SZ,20260304,,5.0883,5.3718,371803.8333,350356.0855
605186.SH,20260304,311.597,2.5737,7.0625,277984.0,277984.0
688603.SH,20260304,127.9549,8.9735,22.7222,1070136.4159,406877.3881
688321.SH,20260304,253.8368,5.2601,14.2544,1296489.0329,1193654.3438
605368.SH,20260304,20.0312,1.9549,1.4903,628879.6052,628879.6052
688359.SH,20260304,,14.5108,18.6674,854685.6377,854685.6377
603058.SH,20260304,39.6525,4.3182,5.325,517913.796,516601.5466
002922.SZ,20260304,72.6013,5.0503,3.6299,1888768.9314,1668294.8614
603786.SH,20260304,30.5583,4.5554,3.7076,2481295.5648,2481295.5648
301585.SZ,20260304,47.1866,3.2217,6.8097,310960.0,203645.7007
920271.BJ,20260304,20.4122,3.2165,5.3693,204083.88,90309.0724
003003.SZ,20260304,37.4973,1.83,2.2882,236451.36,157611.4829
300424.SZ,20260304,,5.9395,2.5939,451600.6263,451333.3001
002533.SZ,20260304,18.5681,2.6114,0.5712,1125131.648,977510.4488
000761.SZ,20260304,,1.7002,0.3194,1478965.0511,1334965.0511
300712.SZ,20260304,145.671,4.4998,3.1128,579704.7942,577213.3709
688692.SH,20260304,51.1963,7.1523,20.2641,2646192.32,1709057.2372
000935.SZ,20260304,57.4554,2.6503,16.508,2058998.5781,2058998.5781
002150.SZ,20260304,39.3743,4.8464,2.7563,970376.2113,964127.4458
301191.SZ,20260304,131.9388,4.7485,4.7668,789389.328,594226.3921
688439.SH,20260304,86.0989,2.3131,16.3619,1163600.0,1163600.0
000915.SZ,20260304,13.3235,2.7206,3.1528,743768.1334,743286.4789
300053.SZ,20260304,,7.638,61.5491,1299670.6124,1213777.3007
001258.SZ,20260304,140.8423,2.4754,7.5345,751333.3339,751325.4851
002566.SZ,20260304,65.4528,1.1861,4.1323,264099.3768,184968.7935
301111.SZ,20260304,,4.341,11.6705,324800.0,324800.0
000906.SZ,20260304,21.3391,0.8834,0.0186,420120.602,415133.9403
600979.SH,20260304,45.3665,1.4349,2.1833,666154.8928,650633.1691
002787.SZ,20260304,43.9928,2.3019,1.8326,429696.3999,321602.6661
000768.SZ,20260304,75.7258,3.7232,1.8186,8118174.1382,8104985.0834
688586.SH,20260304,218.4971,4.8564,12.6859,1202044.178,1202044.178
600436.SH,20260304,39.0066,6.5216,9.6507,9438294.4332,9438294.4332
601788.SH,20260304,19.6723,1.1386,6.7528,7335763.1336,6215557.8528
688795.SH,20260304,,22.976,174.5179,26274107.3021,1642445.995
300509.SZ,20260304,40.5468,6.4027,3.3105,395397.6,329636.0997
600707.SH,20260304,58.8595,1.0544,2.0324,2296569.4285,2296108.6285
920087.BJ,20260304,291.4484,6.6661,11.0282,365752.8,363198.1208
600153.SH,20260304,13.3428,0.4929,0.0389,2716867.6223,2716867.6223
603839.SH,20260304,,1.6168,1.3275,292942.9785,292942.9785
002698.SZ,20260304,31.1559,3.8751,5.4151,1537932.5095,1264170.3988
300671.SZ,20260304,,5.3459,11.4186,887759.7046,885180.5247
000678.SZ,20260304,,7.2282,3.7449,576353.1934,576353.1934
002321.SZ,20260304,,5.3259,1.0387,494830.4965,492817.2035
002872.SZ,20260304,,0.8511,3.2344,166950.0,112832.0204
688696.SH,20260304,45.4411,2.0982,1.8776,651045.96,651045.96
301190.SZ,20260304,75.0838,2.6827,8.3195,524571.606,389461.176
002156.SZ,20260304,74.2042,4.8176,2.717,7313299.5189,7312602.2578
920190.BJ,20260304,106.0461,2.8586,0.806,245200.0025,243834.3611
000062.SZ,20260304,78.3253,3.6161,1.0333,2410820.9872,2408561.345
300556.SZ,20260304,,5.056,4.1569,224288.0025,197433.7286
600189.SH,20260304,631.7406,4.8031,4.4941,593614.184,593614.184
688136.SH,20260304,35.8862,3.2605,3.7126,572174.3618,572174.3618
601121.SH,20260304,93.1685,2.0847,5.7091,779965.4276,323380.0
600995.SH,20260304,30.956,2.0911,6.7222,4688540.5159,4688540.5159
300233.SZ,20260304,72.0038,1.5249,1.995,556618.1512,538971.2539
688579.SH,20260304,75.4456,3.2238,8.7095,453211.33,453211.33
300701.SZ,20260304,53.0824,3.4825,7.7208,338999.4077,298697.0658
300847.SZ,20260304,46.0894,3.6199,4.469,529857.9,529857.9
300364.SZ,20260304,,43.3772,15.0555,2050727.8322,1859058.015
301626.SZ,20260304,152.3281,18.1423,26.7,2857527.36,1299794.4886
000592.SZ,20260304,,12.9724,17.66,2488133.7889,2466639.0743
600061.SH,20260304,13.2427,0.8444,24.2275,4590880.3232,4590880.3232
688252.SH,20260304,35.8376,3.477,3.822,836857.6637,380157.4924
002467.SZ,20260304,109.0163,4.4568,11.0462,870610.3956,865237.5448
300164.SZ,20260304,226.7071,9.9217,12.1547,1445254.3928,1432365.6708
601236.SH,20260304,38.1111,1.5219,17.2343,3721545.5284,3721545.5284
300487.SZ,20260304,45.442,9.712,14.7501,3828686.2362,2316291.6526
605011.SH,20260304,45.5281,3.5842,2.6339,856214.0,856214.0
301291.SZ,20260304,26.163,3.6987,2.4049,1816691.8,940565.4411
600345.SH,20260304,102.7254,4.0126,15.7663,1412717.5978,906743.1469
000931.SZ,20260304,71.7201,2.2531,1.4852,369032.2212,368004.4707
605580.SH,20260304,52.7766,6.6485,7.0438,641480.0,641480.0
688084.SH,20260304,,3.7137,19.4865,572663.4706,572663.4706
603235.SH,20260304,19.6242,2.5305,5.44,1210899.48,1210899.48
603987.SH,20260304,15.6927,1.4342,1.68,382628.8109,382628.8109
688708.SH,20260304,56.1559,7.0016,22.0493,2449661.24,871300.3674
603379.SH,20260304,24.4209,5.9542,8.1353,4416815.8327,4416815.8327
000762.SZ,20260304,,5.1223,63.2346,1504125.9651,1504072.1848
002724.SZ,20260304,,2.1386,3.3328,580166.4915,426976.2481
300163.SZ,20260304,25.2814,3.9979,9.6286,234630.0,224626.0287
300205.SZ,20260304,,1.9825,9.7624,194815.368,194815.368
002828.SZ,20260304,365.4353,4.7266,3.0085,328815.7136,316667.3911
002362.SZ,20260304,,4.6627,2.542,490620.4745,416641.0215
001216.SZ,20260304,21.7766,2.7159,3.2956,491140.065,478828.7381
600703.SH,20260304,775.7738,2.069,4.0479,7313901.4538,7313901.4538
002441.SZ,20260304,27.774,1.3073,0.5256,584295.2925,428212.5492
002607.SZ,20260304,154.3423,20.3222,7.5977,1659030.4356,1367595.2947
600598.SH,20260304,28.1589,3.7665,6.0678,3087830.0019,3087830.0019
600281.SH,20260304,,24.4928,6.8939,319958.0596,319958.0596
600008.SH,20260304,13.429,1.1157,1.1701,2297604.8819,2297604.8819
000819.SZ,20260304,,2.9123,1.7454,617811.534,611170.0156
002661.SZ,20260304,26.7207,1.3429,0.715,306486.7226,289406.0716
600533.SH,20260304,,0.8244,0.499,265650.0,265650.0
002736.SZ,20260304,9.8435,1.2774,4.5315,12279849.9289,11525302.823
688220.SH,20260304,,6.2501,8.932,3409152.2454,3008485.5558
920418.BJ,20260304,28.4449,4.7219,6.0151,436284.576,418850.0897
300337.SZ,20260304,927.5753,6.521,1.8568,1126873.7501,975328.8036
300871.SZ,20260304,23.8487,2.4366,3.0811,513722.3622,513722.3622
920407.BJ,20260304,96.8646,6.6526,6.6949,181782.536,74005.9455
300500.SZ,20260304,,1.831,2.2583,203376.6219,195922.0094
603125.SH,20260304,49.2361,3.1089,7.5569,743279.5845,185829.5466
688300.SH,20260304,54.5739,9.3639,14.3171,1597077.2227,1597077.2227
603072.SH,20260304,74.7394,5.2159,4.9328,1116318.72,533195.52
300664.SZ,20260304,19.7734,0.9855,2.5045,434091.1346,431788.8206
003006.SZ,20260304,28.9196,5.7838,2.3914,849413.6808,847288.7518
300066.SZ,20260304,56.8326,2.9589,6.5049,773784.7469,748397.2989
002691.SZ,20260304,,3.2361,7.3494,274720.0,271472.0864
600968.SH,20260304,14.9803,1.9999,1.0841,5722953.664,5722953.664
001277.SZ,20260304,29.4372,1.968,2.9154,304380.0,181758.1981
000831.SZ,20260304,580.2315,12.9971,17.6029,6282427.1774,6282427.1774
603917.SH,20260304,274.4253,1.6543,4.1963,277833.92,277833.92
002788.SZ,20260304,18.4441,1.7531,0.2716,568011.468,558182.5371
000848.SZ,20260304,13.2117,2.5833,2.7022,833340.0605,826104.7085
600168.SH,20260304,52.2559,0.9588,1.2999,514579.9407,514579.9407
601568.SH,20260304,82.4348,1.4734,1.8085,1688194.4452,1688194.4452
601086.SH,20260304,71.4171,3.7445,8.1439,595404.0,595404.0
002189.SZ,20260304,,10.5504,4.2901,555309.6544,555225.992
688613.SH,20260304,224.9339,2.0629,13.2346,295801.5329,295801.5329
300933.SZ,20260304,215.4274,2.1489,1.5229,460650.1623,460650.1623
600510.SH,20260304,90.0191,0.9088,1.7386,946367.3441,946367.3441
002157.SZ,20260304,,2.5134,2.1554,2950801.8659,2307727.092
301319.SZ,20260304,66.7756,4.8877,4.0435,573096.3807,430749.2271
301283.SZ,20260304,24.5013,2.2899,1.7872,374827.4683,294933.3979
300957.SZ,20260304,51.2323,3.035,3.5605,1845201.6,1845201.6
600623.SH,20260304,29.8527,0.9465,0.4536,2097357.3046,1849379.8723
301115.SZ,20260304,120.379,1.4573,2.6036,367967.3243,310307.2616
600243.SH,20260304,,2.5421,6.5033,161057.95,161057.95
300759.SZ,20260304,32.7986,3.1105,3.6626,4960665.7956,3834086.2758
601059.SH,20260304,30.587,2.774,14.1584,5607147.0,5607147.0
600054.SH,20260304,32.0965,1.922,4.4302,910265.5411,640598.4
603579.SH,20260304,27.287,1.5913,2.7664,437288.8917,437288.8917
002528.SZ,20260304,,35.6593,6.1006,360801.1997,316116.0927
002271.SZ,20260304,,1.9839,1.5329,4132450.7682,3312918.2078
301152.SZ,20260304,,2.5206,1.7332,330690.9195,197733.2789
688520.SH,20260304,,,10.53,1642843.4489,1642843.4489
002823.SZ,20260304,22.3567,2.5659,1.8009,521449.891,347642.2556
301070.SZ,20260304,1987.9742,6.9508,18.7682,546792.8304,359690.088
000545.SZ,20260304,,3.6785,1.9192,335523.2526,335037.0526
920062.BJ,20260304,143.3614,3.0592,1.5992,228145.8889,161257.635
600643.SH,20260304,,0.61,5.6203,729672.2163,728381.0859
600875.SH,20260304,40.6572,2.9842,1.7389,13269728.5709,8684537.625
002299.SZ,20260304,16.1802,2.2096,1.2432,2427797.1911,2380585.2988
603613.SH,20260304,12.6846,2.0514,0.3493,1820799.0535,1820799.0535
600688.SH,20260304,,1.5639,0.4743,3795342.3,2638372.86
688153.SH,20260304,334.1081,3.7315,6.4706,1501792.3979,1426081.7688
002806.SZ,20260304,47.7537,2.9147,2.8775,335717.1186,275087.2193
000020.SZ,20260304,89.8099,9.2493,4.3994,393027.7831,251457.5627
300927.SZ,20260304,16.6199,4.6943,3.5426,451991.16,441123.2398
600257.SH,20260304,,4.0937,3.5294,326278.8135,326278.8135
002061.SZ,20260304,9.1128,0.685,0.2226,1080417.0101,1050051.7116
603816.SH,20260304,17.2376,2.6647,1.3976,2751862.5887,2720756.8739
002878.SZ,20260304,,3.3638,1.3805,432810.333,389761.0484
605136.SH,20260304,,1.6658,2.4295,407666.753,407666.753
300291.SZ,20260304,,2.292,28.1946,699824.0107,691553.6725
002232.SZ,20260304,750.3478,5.2477,8.3248,710057.2148,710057.2148
688279.SH,20260304,86.1792,3.8783,25.2375,1953140.5954,1587399.9434
000546.SZ,20260304,,1.1669,0.527,473587.7916,424293.4705
002169.SZ,20260304,,4.3905,3.6153,1158402.0591,1122837.4712
002977.SZ,20260304,,3.4482,44.9453,360960.6,200193.6109
688065.SH,20260304,68.1484,2.1775,11.6988,3855293.9489,3118155.6185
603628.SH,20260304,41.73,2.8478,1.6792,382072.0147,380767.1674
600459.SH,20260304,28.3065,2.4255,0.3225,1796943.853,1796705.3002
600962.SH,20260304,94.1575,5.6847,2.3517,535957.24,535957.24
601985.SH,20260304,22.7536,1.5502,2.1793,17853025.8002,16390691.2646
600642.SH,20260304,11.0472,1.1966,1.5596,4394883.2796,4394644.2141
600295.SH,20260304,25.4322,2.2182,1.7628,4659962.4629,3289334.4629
600444.SH,20260304,46.342,3.601,3.017,271173.4181,271173.4181
605100.SH,20260304,205.0641,3.9334,9.3129,694871.1,691623.24
301399.SZ,20260304,91.8107,2.753,7.3841,360974.02,106687.6763
600606.SH,20260304,,0.395,0.1086,2262729.1486,2262729.1486
300320.SZ,20260304,31.7593,2.7273,1.8574,672781.0597,543596.4923
003036.SZ,20260304,71.8498,2.5956,2.4622,359009.7886,359000.5756
301233.SZ,20260304,30.5092,2.7522,6.0211,265791.08,145524.7475
300313.SZ,20260304,,49.6376,19.013,170722.6437,140515.1858
605118.SH,20260304,64.8712,11.9974,22.8416,1787631.488,1769326.136
300890.SZ,20260304,267.3474,1.7036,2.3753,350043.8028,319782.0062
301309.SZ,20260304,24.8247,1.8104,3.3606,292856.7072,74381.7072
002436.SZ,20260304,,7.8044,6.1536,4208391.742,3739991.2059
301290.SZ,20260304,,1.2515,6.6189,266861.7618,181587.2976
002173.SZ,20260304,,6.8636,15.2203,1222357.655,1153163.3071
300936.SZ,20260304,,3.6292,15.6444,362840.0,228995.8269
002268.SZ,20260304,99.1734,2.9131,7.0244,1567809.2979,1567182.3214
688507.SH,20260304,254.5182,2.8671,17.5785,818820.6162,452427.123
001316.SZ,20260304,43.8185,4.7158,5.9301,589390.9504,569813.1712
603838.SH,20260304,,2.7014,7.2218,252812.64,252812.64
002519.SZ,20260304,,4.3143,205.791,991259.1902,984531.2057
603529.SH,20260304,10.3437,2.5452,0.9599,2422259.6134,2362150.924
000900.SZ,20260304,17.4444,0.5765,0.9081,642041.3853,642012.8328
600958.SH,20260304,16.0099,1.06,4.6348,8258739.2238,7260337.3438
601156.SH,20260304,10.7914,1.4852,1.1972,2829024.0008,1683269.2808
600770.SH,20260304,154.8252,2.2066,18.0156,756600.0,756600.0
600097.SH,20260304,26.6719,1.2113,1.2292,280932.0278,280932.0278
688089.SH,20260304,19.7203,1.8762,5.3753,309015.5443,309015.5443
603813.SH,20260304,,6.6342,8.7893,361881.69,361881.69
002153.SZ,20260304,,4.2546,10.3509,2961175.3175,1735743.7273
002410.SZ,20260304,59.0488,3.4564,3.3684,2056670.7058,1977160.9434
002929.SZ,20260304,,2.2608,1.4402,1428937.9125,1059120.5373
002489.SZ,20260304,11.456,1.5959,1.2786,748310.628,659994.9802
002283.SZ,20260304,32.1775,1.8377,2.9499,1106412.9198,974424.1626
600255.SH,20260304,157.3769,4.5775,1.471,662855.9325,662855.9325
002583.SZ,20260304,,7.7729,3.4757,1985932.3641,1400731.3855
300040.SZ,20260304,,1.8723,3.3267,483844.6479,389066.7858
920445.BJ,20260304,62.8442,5.1728,4.2008,157569.9716,111484.3896
688310.SH,20260304,41.746,3.159,6.089,272434.0719,272434.0719
000796.SZ,20260304,,10.2311,12.3591,848404.3366,703975.6425
002948.SZ,20260304,5.9463,0.7212,2.1168,3084788.0037,1649625.751
300611.SZ,20260304,36.3135,4.3112,2.8017,529797.4468,372240.4798
300951.SZ,20260304,31.5294,2.624,4.5713,610689.1522,545776.657
688011.SH,20260304,,6.7842,61.7916,716500.0,714081.9773
688668.SH,20260304,84.66,10.74,12.8975,2042681.9782,2042681.9782
000723.SZ,20260304,,1.7397,1.3084,2307430.6553,2303196.9281
688037.SH,20260304,573.354,14.7192,21.0962,4110575.6836,4110575.6836
603590.SH,20260304,108.9557,1.9502,7.1429,622367.007,619286.689
002258.SZ,20260304,26.1314,1.5859,1.3889,1251083.3874,1249071.9892
688369.SH,20260304,,3.1353,2.9215,264425.4729,264425.4729
601107.SH,20260304,11.5138,0.9919,2.0725,1883764.96,1332247.84
000980.SZ,20260304,,1094.0458,23.2274,1376615.5327,1373569.1077
920198.BJ,20260304,,3.749,9.1448,161525.2359,70536.469
300994.SZ,20260304,21.1536,3.2433,1.0643,358489.344,179429.232
000521.SZ,20260304,9.6687,1.023,0.2034,635462.9322,540232.6675
688509.SH,20260304,,3.2128,6.2149,364980.0,182391.5028
300863.SZ,20260304,59.8796,7.0526,2.5609,1007305.2501,968190.8684
300427.SZ,20260304,,6.0346,9.809,724132.9044,716278.9605
300743.SZ,20260304,25.5796,4.5073,3.2144,279745.3136,235710.1576
002449.SZ,20260304,308.9025,1.2848,1.4989,492307.8265,492307.8265
002846.SZ,20260304,,4.3697,2.8354,617390.6449,377816.6011
003033.SZ,20260304,29.3726,3.5989,2.5586,487230.0,481233.4473
002798.SZ,20260304,,1.6487,1.2765,313143.062,269181.7437
300107.SZ,20260304,417.4406,3.232,9.7143,486243.8796,300056.5011
000001.SZ,20260304,4.8202,0.4687,1.5307,20783738.3901,20783398.2994
002130.SZ,20260304,31.6157,4.1732,4.2474,3589311.1962,2934528.1296
603789.SH,20260304,,9.6579,3.7958,143215.884,140400.0
002078.SZ,20260304,14.1792,1.5141,1.1789,4619366.5517,4591034.2458
002361.SZ,20260304,339.4939,5.3319,4.6918,1180234.3965,1004121.6231
600696.SH,20260304,,2.1531,6.9733,61876.8447,61876.8447
688403.SH,20260304,91.7628,4.0411,7.9919,1425066.4839,1425066.4839
601939.SH,20260304,6.9054,0.6879,3.0845,232824339.4985,8538355.2693
603727.SH,20260304,187.8657,1.7484,2.5085,553014.9408,553014.9408
002066.SZ,20260304,252.4624,6.4765,1.1893,457598.836,449988.0
688313.SH,20260304,111.6459,25.122,17.9169,3814312.622,3814312.622
688336.SH,20260304,11.7614,5.8645,8.2311,3456339.7248,3449066.1545
301658.SZ,20260304,99.5512,4.8951,6.4144,1546391.7563,154639.1775
002939.SZ,20260304,15.6038,1.2035,7.1136,3764120.3499,3361281.4357
603272.SH,20260304,108.1298,4.0514,9.813,226114.114,226114.114
000815.SZ,20260304,,6.9401,20.8133,937214.5712,937214.5712
601128.SH,20260304,5.5975,0.7896,2.0257,2348096.143,2348096.143
001239.SZ,20260304,35.0686,2.6941,1.9062,371280.0,176358.0
000002.SZ,20260304,,0.3136,0.1936,5511987.7756,4488976.6286
300929.SZ,20260304,,1.9258,4.1342,154991.9574,148674.6486
301563.SZ,20260304,83.7752,7.9751,3.2336,956881.0748,205020.3785
600182.SH,20260304,34.457,4.6611,0.9958,481100.0,240550.0
603187.SH,20260304,16.7186,1.5546,2.028,639132.241,632426.5677
301108.SZ,20260304,64.2425,1.8011,4.8059,338456.6498,195132.2106
688511.SH,20260304,79.5919,3.2112,18.0879,271674.5932,271674.5932
002211.SZ,20260304,,116.9811,3.5053,158718.6109,158718.6109
301366.SZ,20260304,318.9917,3.3007,6.7764,705717.925,256942.6554
688799.SH,20260304,22.5586,2.6625,3.5941,544715.36,544715.36
002702.SZ,20260304,,3.2313,2.2017,337902.08,278916.2
300800.SZ,20260304,70.9386,1.4231,3.5667,285768.113,282898.4705
920266.BJ,20260304,,1.2491,2.5286,109492.0062,104627.0735
688393.SH,20260304,,1.9672,6.7414,234106.3829,234106.3829
603168.SH,20260304,,1.5977,5.4168,257399.0354,256289.6354
920010.BJ,20260304,109.4751,5.079,6.8766,351750.0,260465.217
002277.SZ,20260304,,1.4558,9.1812,978709.3056,978709.3056
002219.SZ,20260304,335.8138,4.01,2.339,789259.9484,762386.1868
600681.SH,20260304,18.6802,1.7867,1.1856,627520.0511,627030.5053
000089.SZ,20260304,24.4644,1.2352,2.7953,1429386.3478,1429367.4549
300479.SZ,20260304,172.237,9.1158,3.8794,400978.1603,400749.2228
600319.SH,20260304,,7.7556,3.4964,312493.7635,312493.7635
002891.SZ,20260304,30.9336,4.7616,2.6811,1377004.6288,1377004.6288
301133.SZ,20260304,97.4863,3.2247,3.9496,441895.5781,404312.6552
300982.SZ,20260304,533.9548,1.6612,2.8116,482228.7902,451780.3502
600081.SH,20260304,119.2758,1.363,0.9429,624919.5721,624919.5721
603662.SH,20260304,52.1233,6.1322,11.5821,1688629.9963,1688629.9963
300716.SZ,20260304,,,37.3028,237149.64,237149.64
601016.SH,20260304,23.1812,1.2092,4.51,2086683.3436,1922664.7202
600769.SH,20260304,261.7382,40.2514,61.3647,483720.588,483720.588
688015.SH,20260304,29.4027,1.7177,1.8025,457362.1186,457362.1186
003041.SZ,20260304,29.4305,5.0272,7.5119,735696.0,699030.7506
002174.SZ,20260304,,1.998,6.8023,990588.8876,990030.8915
002214.SZ,20260304,,7.5378,24.5949,1065619.5829,851581.6423
000697.SZ,20260304,,,7.8299,1428198.3309,668128.817
000026.SZ,20260304,40.7012,1.7807,1.6817,601342.2584,540282.3408
603636.SH,20260304,,2.5763,5.9226,579199.802,579199.802
920571.BJ,20260304,264.5915,5.5445,7.5236,749800.0616,379611.0306
002640.SZ,20260304,,6.7934,1.0465,579591.3748,575953.4659
600021.SH,20260304,22.1681,2.7665,1.3812,5845598.806,5845598.806
001226.SZ,20260304,150.9983,4.4437,4.9529,323829.4779,147140.0979
300910.SZ,20260304,20.1538,4.3833,4.7123,1605744.8184,1125819.4104
000978.SZ,20260304,,2.8905,7.4755,320200.92,320193.225
603683.SH,20260304,106.4427,4.2388,3.3544,682467.4034,675177.929
000037.SZ,20260304,123.2279,3.9894,16.714,586488.0059,329757.63
920175.BJ,20260304,,2.0509,5.7432,136136.0,90691.5838
601606.SH,20260304,,15.5391,22.4001,3438636.4432,3438636.4432
600084.SH,20260304,659.0451,6.0453,49.1154,782113.8737,782113.8737
300170.SZ,20260304,114.8623,4.1061,6.8416,2272411.0901,2172109.7702
002323.SZ,20260304,,13.2225,12.6812,462346.421,462243.2594
002563.SZ,20260304,15.3586,1.2772,0.9367,1411703.2438,1157223.7862
300044.SZ,20260304,,80.1928,84.7952,576721.2671,540110.5433
603219.SH,20260304,60.8307,5.7992,2.9781,933608.2,933608.2
002264.SZ,20260304,26.9011,3.3405,1.9912,666545.2638,606328.8821
688687.SH,20260304,117.5736,2.0141,2.6377,348384.732,348384.732
300615.SZ,20260304,193.9468,5.0278,5.9653,267815.6712,173599.8611
688459.SH,20260304,40.9184,1.3135,4.0238,454560.0,166278.9647
603688.SH,20260304,167.6341,4.5042,27.0283,2611972.7096,2611972.7096
688582.SH,20260304,78.2566,9.3571,45.1797,2366243.0398,1473790.2398
300489.SZ,20260304,201.0548,9.0668,2.9566,574371.0676,572247.9201
600000.SH,20260304,6.3925,0.4338,1.8379,31973604.768,31973604.768
301156.SZ,20260304,46.2117,3.8211,5.0408,272136.7768,172471.9385
601901.SH,20260304,14.9313,1.2114,5.3081,6034130.3225,6034130.3225
002026.SZ,20260304,18.4146,1.6197,2.9748,608374.6078,608322.0952
688249.SH,20260304,89.0149,2.848,5.6933,6197435.5686,3668029.6945
002412.SZ,20260304,19.9798,1.5202,3.2692,343685.6,340028.135
601777.SH,20260304,862.7077,4.4026,5.0208,4602479.8723,4602479.8723
920699.BJ,20260304,30.9186,5.8537,5.4191,200796.9453,91872.1953
301360.SZ,20260304,135.1398,3.7054,12.1936,428320.2,204443.8
000333.SZ,20260304,12.9467,2.6597,1.2831,57899458.5299,52178087.8111
605228.SH,20260304,95.1397,2.8586,3.5727,615826.6062,615027.4262
300511.SZ,20260304,,3.0247,2.4678,455642.2284,398198.4061
301148.SZ,20260304,107.4617,3.4531,11.6383,612541.6466,309554.6546
000610.SZ,20260304,,13.9164,4.1309,217571.321,216428.4462
300497.SZ,20260304,,3.7756,8.3602,811205.2946,663909.0866
002570.SZ,20260304,47.6188,3.805,2.4069,654506.2598,654477.1718
600793.SH,20260304,207.1813,14.1981,1.1724,337886.6438,337886.6438
920580.BJ,20260304,74.3059,3.8475,9.4302,131494.0,77115.9345
002229.SZ,20260304,,6.327,7.8446,804326.402,799419.3319
000619.SZ,20260304,,1.0656,0.561,271759.9999,221760.0
002790.SZ,20260304,28.4247,1.5677,1.643,330536.9893,206211.7225
300097.SZ,20260304,,6.1596,14.7623,234013.7816,218978.0678
601918.SH,20260304,10.2398,1.2966,1.7126,2113882.1088,2113882.1088
002985.SZ,20260304,215.4943,4.9781,18.4729,1302525.38,689507.8625
002538.SZ,20260304,30.3082,1.2549,1.5154,673455.497,673451.3847
300174.SZ,20260304,24.1111,1.7249,3.1184,590749.2039,587479.5747
688007.SH,20260304,,2.8255,4.0573,693559.9932,693559.9932
002416.SZ,20260304,42.0273,2.841,0.3471,1654441.211,1633912.2458
000953.SZ,20260304,337.0448,17.2685,15.273,266170.8358,266170.8358
301428.SZ,20260304,71.5424,2.4675,2.9138,313957.3344,194727.7944
600810.SH,20260304,,1.2224,0.6753,913466.2737,905389.3017
300073.SZ,20260304,56.0778,1.9651,3.023,2861896.1063,2660397.1585
603477.SH,20260304,25.1644,3.0964,1.1874,921697.2327,921697.2327
603376.SH,20260304,50.21,8.4136,5.194,1416403.541,109904.131
301119.SZ,20260304,42.6596,4.8374,10.754,493480.0,399101.95
000858.SZ,20260304,13.7907,2.9596,4.77,39212004.0665,39210352.4602
603162.SH,20260304,35.2063,3.2112,3.3742,1377000.3471,414363.9581
300322.SZ,20260304,,12.621,4.9893,1258664.3866,1205018.5676
300371.SZ,20260304,40.4806,2.2924,5.9495,268021.4383,179034.6275
603180.SH,20260304,20.9856,1.0916,0.8847,303115.2801,303115.2801
603001.SH,20260304,,1.4686,1.6397,349253.58,349253.58
603161.SH,20260304,32.738,2.0216,1.3321,301915.1659,296232.8088
688323.SH,20260304,,5.4428,10.3096,398700.4962,398700.4962
301602.SZ,20260304,61.1467,6.6805,23.612,869509.1651,423253.7637
002742.SZ,20260304,,,3.071,290743.3674,222683.0523
920599.BJ,20260304,10.9702,2.5971,1.4267,941238.375,713418.7941
688365.SH,20260304,,9.2743,15.4926,875921.375,875921.375
603173.SH,20260304,18.4741,3.8866,2.5326,736000.0,736000.0
000570.SZ,20260304,243.2795,1.1765,1.6044,404361.8065,318411.8065
003021.SZ,20260304,111.242,8.0674,15.9634,2749427.5824,2368290.4246
688206.SH,20260304,389.7862,7.1588,29.501,1436522.0928,1436522.0928
600259.SH,20260304,312.115,9.3407,3.8441,3264101.1988,3264101.1988
300647.SZ,20260304,,5.16,3.7516,295429.3815,294990.8244
300276.SZ,20260304,234.9008,5.7582,7.0529,1141850.0369,861556.1097
300122.SZ,20260304,,1.2756,3.4292,3741493.3746,2210560.6656
301387.SZ,20260304,146.9444,3.677,3.9307,605576.8883,242148.1701
002419.SZ,20260304,299.0311,1.5287,0.5383,625333.5463,625261.141
300031.SZ,20260304,48.1816,2.1473,2.6343,872249.3657,733011.641
600893.SH,20260304,636.7424,3.874,3.4382,15415131.4784,15412416.4755
002627.SZ,20260304,67.1398,1.9826,7.7383,614461.9685,608107.2168
002384.SZ,20260304,140.1479,8.1657,4.6556,17400271.554,13170056.3685
003020.SZ,20260304,28.008,2.5856,3.0887,455296.1437,329712.5081
603992.SH,20260304,46.5621,4.1281,4.9486,1323959.5025,1323959.5025
001314.SZ,20260304,316.7586,3.0753,1.7011,635434.47,230796.229
300662.SZ,20260304,16.0037,2.1499,0.3346,486702.1258,485409.323
001308.SZ,20260304,18.0878,1.7746,0.9398,1407352.208,993336.848
300749.SZ,20260304,,11.4561,7.0675,649771.4898,498471.8652
002228.SZ,20260304,46.5281,1.6418,0.4762,505981.8073,504287.1527
000635.SZ,20260304,,2.2857,2.0155,352749.5926,328303.7353
603070.SH,20260304,72.0961,3.0962,3.3892,666863.0,657578.318
002923.SZ,20260304,,4.941,4.3488,517410.1269,398741.067
603810.SH,20260304,98.9829,1.8377,2.4357,282065.8091,282065.8091
300840.SZ,20260304,,3.4334,6.4812,438960.0,323888.7119
003008.SZ,20260304,27.6702,2.3453,10.9154,241904.0,181075.204
688198.SH,20260304,67.1436,11.2334,21.8606,1378032.3225,1378032.3225
601126.SH,20260304,49.8815,8.5488,5.06,4042538.414,4003314.3608
688125.SH,20260304,,10.3757,27.2961,1896133.3073,1886052.6248
002306.SZ,20260304,,,5.3372,205263.95,192084.9812
920832.BJ,20260304,,1.3857,2.6135,102685.2601,91272.7729
600718.SH,20260304,,1.177,0.9156,1113463.7691,1113463.7691
300530.SZ,20260304,,84.0421,35.7199,450168.6448,414291.989
688115.SH,20260304,,2.3282,11.4223,295014.75,295014.75
600814.SH,20260304,30.0948,1.5973,3.4666,591003.1928,591003.1928
601212.SH,20260304,424.4944,4.8667,0.8307,7508441.3542,7508441.3542
603211.SH,20260304,90.1228,4.6137,4.4662,566719.68,566719.68
300317.SZ,20260304,,3.0582,8.2915,476528.1445,475796.2945
300118.SZ,20260304,,1.9954,1.328,2098765.5218,1706286.8133
603518.SH,20260304,12.1993,0.8692,0.7329,315651.7134,314483.6214
600691.SH,20260304,,2.3453,0.8083,848225.5569,848084.1849
001269.SZ,20260304,,5.6562,10.0587,494112.9528,494112.9528
000789.SZ,20260304,328.861,0.6983,0.854,449737.7821,449737.7821
600435.SH,20260304,109.4434,9.6314,6.3713,2816010.1286,2816010.1286
002184.SZ,20260304,,3.6628,1.6277,428272.4863,292532.1204
002407.SZ,20260304,,4.1364,4.2451,3421303.2033,3105503.0739
002468.SZ,20260304,17.6229,1.9585,0.3856,2014535.6505,1930835.1553
300168.SZ,20260304,,7.0584,4.31,870139.6599,869266.2572
001233.SZ,20260304,20.3793,2.8511,5.874,1303301.1247,247984.5274
688816.SH,20260304,87.5642,3.823,15.0806,670100.0,129223.7056
688238.SH,20260304,,3.1392,16.6828,446537.2496,441108.2416
688607.SH,20260304,,5.3412,14.1627,453952.6181,453952.6181
002716.SZ,20260304,208.0673,12.66,3.7001,4262863.8555,3510529.8873
002287.SZ,20260304,22.5578,2.9477,6.0337,1457757.1812,1454881.9977
688239.SH,20260304,73.1272,6.9035,6.6845,1359382.8224,1359382.8224
688383.SH,20260304,,5.4517,9.2248,670507.084,670507.084
688093.SH,20260304,24.5019,3.5024,8.9941,977414.4094,915532.7536
600508.SH,20260304,28.13,0.7574,1.2295,970610.274,970610.274
603078.SH,20260304,100.4708,4.7259,7.7041,915888.464,915888.464
300455.SZ,20260304,,11.177,14.3909,1884858.5999,1860842.5169
603598.SH,20260304,,27.3472,0.6942,577403.7318,576761.1318
002797.SZ,20260304,30.2611,1.8321,7.5972,3126585.6,3126585.6
301120.SZ,20260304,,6.6365,24.7341,1023320.1065,602297.4471
920371.BJ,20260304,26.852,3.7442,2.5533,231126.228,218145.5989
688256.SH,20260304,228.7537,39.798,72.5014,47105606.9704,46733066.8226
002476.SZ,20260304,56.5432,4.1751,6.6216,400860.0,400812.3979
300578.SZ,20260304,256.41,3.5886,9.4531,426676.4805,426561.0795
002495.SZ,20260304,124.3491,2.2593,9.5623,247940.784,185704.9794
688776.SH,20260304,,6.6223,41.4903,1159594.1999,1159594.1999
603023.SH,20260304,1225.6905,3.5233,20.9707,271245.0598,271245.0598
002327.SZ,20260304,13.8824,1.6336,2.063,567492.2299,332371.5712
688305.SH,20260304,91.0403,4.2623,14.6443,808072.6022,803859.7702
001872.SZ,20260304,11.5519,0.8377,3.1679,5298628.023,4914551.2799
000877.SZ,20260304,18.851,0.4538,0.4612,3711676.6643,3711675.8813
600664.SH,20260304,19.3449,1.5357,0.5451,868885.9072,868885.9072
603085.SH,20260304,566.0437,4.8245,1.6367,430059.3,430059.3
002978.SZ,20260304,23.4553,2.2034,8.9385,1880879.9826,1474409.9826
688098.SH,20260304,,2.6106,12.5928,363009.296,363009.296
300432.SZ,20260304,67.5731,6.0541,2.3803,2778360.3933,2747152.9979
301221.SZ,20260304,81.4976,2.5891,7.5595,518684.88,351249.8024
920405.BJ,20260304,55.1001,3.9857,5.4857,324281.12,254505.5519
600409.SH,20260304,77.4735,1.2591,0.9001,1750568.3319,1750568.3319
688260.SH,20260304,,26.0575,6.3238,356160.0,356160.0
300761.SZ,20260304,26.9441,1.934,0.941,1744032.6622,1308157.5988
300385.SZ,20260304,,45.6417,8.0407,376121.7572,328158.1127
601609.SH,20260304,25.683,1.9703,0.1578,1958547.0727,1958547.0727
002177.SZ,20260304,671.8718,3.957,112.2944,674415.4865,597978.2012
605268.SH,20260304,29.0124,3.0643,1.5296,514140.48,504226.08
002486.SZ,20260304,44.9567,2.2437,2.0039,243163.5145,242037.7281
300589.SZ,20260304,,10.0967,7.9677,793858.1276,486837.7332
301331.SZ,20260304,53.4023,2.6528,3.1285,278013.8787,277484.0975
600550.SH,20260304,202.9832,40.9289,5.2791,3204259.5552,3204259.5552
300270.SZ,20260304,,5.7269,22.2445,322791.2258,278151.6444
000798.SZ,20260304,,11.1493,0.9816,456591.6726,456563.5926
301282.SZ,20260304,51.5641,2.5861,2.3014,436794.5075,339812.4308
603712.SH,20260304,,3.6066,8.6681,1505400.0,1505400.0
688079.SH,20260304,,3.5734,7.1331,473912.0398,465656.9
601686.SH,20260304,10.8306,1.401,0.1696,894434.7262,894434.7262
002860.SZ,20260304,26.472,2.0447,2.0156,464388.8582,451388.6056
000751.SZ,20260304,164.7348,3.1285,0.6332,1127710.1553,984088.4077
002580.SZ,20260304,29.201,2.4984,1.7289,581406.18,579446.0028
605258.SH,20260304,42.0894,2.4465,3.0301,292072.0,292072.0
000028.SZ,20260304,26.2719,0.7613,0.1921,1403100.5591,1205173.408
301004.SZ,20260304,14.6685,5.1925,3.1163,835323.9375,778479.4417
688268.SH,20260304,57.6582,4.5078,5.8433,829174.9651,828615.2551
600742.SH,20260304,15.8487,0.9476,0.4012,792842.758,792842.758
300642.SZ,20260304,172.786,1.8697,7.3639,275024.5174,233000.1865
688591.SH,20260304,73.0719,3.7963,9.2194,936251.6115,655052.8775
600399.SH,20260304,,2.4839,1.8345,1431744.6,1431744.6
600015.SH,20260304,3.9495,0.3499,1.1688,10742576.7159,10386376.1885
920274.BJ,20260304,108.316,4.0678,3.2195,199673.335,199673.335
688289.SH,20260304,52.7489,1.4684,6.3414,1045215.9628,1045215.9628
300823.SZ,20260304,68.7594,2.3492,5.3875,220967.8604,143039.7617
600586.SH,20260304,,1.597,1.8085,877332.0363,877332.0363
301592.SZ,20260304,140.8615,10.1528,17.5645,890120.0,297025.7196
603053.SH,20260304,19.4186,1.9531,1.7967,942223.4,942223.4
603679.SH,20260304,,3.0722,5.3322,241481.8956,241481.8956
600619.SH,20260304,285.3283,3.0971,0.9453,1896599.5654,1394471.8681
300679.SZ,20260304,30.2244,3.2232,3.0209,1621537.94,1371987.6139
603757.SH,20260304,39.8574,3.9938,3.9069,803832.139,803832.139
603516.SH,20260304,6217.5484,22.559,86.7481,3140494.9106,3140494.9106
600771.SH,20260304,100.9612,5.0443,5.989,831645.4486,831645.4486
000962.SZ,20260304,100.9311,9.8245,16.9112,2678809.806,2661831.1738
002920.SZ,20260304,29.367,4.7847,2.2616,7006335.6805,6512153.0576
605500.SH,20260304,40.7807,1.4083,1.3569,359699.2,359699.2
688039.SH,20260304,,4.8118,14.7185,513190.6074,513190.6074
300852.SZ,20260304,53.0733,3.5735,4.4478,787837.8778,760525.5744
002652.SZ,20260304,,9.3118,7.7531,233501.184,233501.184
920662.BJ,20260304,126.3611,5.3587,6.3665,246015.5056,70898.2305
600575.SH,20260304,34.7259,1.1984,0.9615,2666046.6872,1445689.1162
000509.SZ,20260304,,28.4968,3.9116,354132.2572,354131.1866
603081.SH,20260304,49.7678,1.6202,2.185,517983.9567,517983.9567
601698.SH,20260304,598.3856,9.7805,58.8955,15520392.0037,15520392.0037
002847.SZ,20260304,21.8887,8.1232,2.8022,1644984.7837,1470847.1748
920504.BJ,20260304,71.1241,5.1394,8.8539,106079.4288,41840.9834
301536.SZ,20260304,122.2335,10.2585,11.8398,3205035.7632,1422668.7912
300977.SZ,20260304,,2.0811,6.2808,288469.6477,179649.9473
300185.SZ,20260304,169.6638,1.8088,1.81,1196424.6374,1138042.3178
002746.SZ,20260304,19.0198,1.1995,0.9718,546442.0916,450644.4041
301003.SZ,20260304,37.001,4.0579,7.6863,450601.4854,348576.1022
600066.SH,20260304,13.0745,4.8504,1.6469,6506767.3764,6506767.3764
301068.SZ,20260304,198.0792,5.08,3.1728,401619.3388,286410.5787
300870.SZ,20260304,88.7404,11.324,6.5369,2955310.1658,2955310.1658
920082.BJ,20260304,41.9709,4.8938,3.5534,260621.515,70943.6543
600782.SH,20260304,13.501,0.4959,0.3466,1311817.1254,1296008.6854
301018.SZ,20260304,218.1145,10.0934,7.5507,2678085.1092,2003128.1013
300259.SZ,20260304,23.1877,1.8446,5.3822,546297.308,546172.0189
603676.SH,20260304,20.5941,3.1263,3.9147,457354.7365,457354.7365
605303.SH,20260304,,2.9599,4.8669,272007.5073,272007.5073
688029.SH,20260304,23.7003,3.2887,4.2345,1351186.5064,1351186.5064
301116.SZ,20260304,,3.306,0.2546,487591.838,487589.3945
300885.SZ,20260304,85.4055,6.6164,20.569,581667.8192,391489.6646
688199.SH,20260304,157.0976,1.6803,2.9355,436280.9412,436280.9412
603087.SH,20260304,40.0424,3.2855,9.6348,3706874.6376,3462070.3475
600579.SH,20260304,,2.7426,1.2482,449670.2914,449670.2914
603559.SH,20260304,,3.0233,6.8705,287715.5939,287715.5939
002658.SZ,20260304,33.6143,2.6916,4.7473,699337.0164,394417.6489
603867.SH,20260304,33.6596,2.6614,2.6228,779907.4604,773452.6604
688658.SH,20260304,,2.414,3.2801,802350.0,802350.0
601279.SH,20260304,,1.6004,1.5465,675544.8296,675544.8296
600908.SH,20260304,5.4137,0.568,2.5799,1255357.9295,1143606.8444
001335.SZ,20260304,39.7102,4.2514,2.9464,408517.0025,102129.2506
301252.SZ,20260304,56.1049,4.9283,5.3045,642718.2211,179571.1111
300180.SZ,20260304,270.7917,2.4422,2.8172,1151733.3414,1120063.9715
605339.SH,20260304,92.8959,2.1789,26.8085,742508.578,742508.578
601000.SH,20260304,13.9726,1.1899,4.509,2494815.9465,2494815.9465
002262.SZ,20260304,18.7129,2.8391,3.8199,2300756.6105,2002052.6981
600138.SH,20260304,80.8512,1.0702,0.5981,678238.08,678238.08
300324.SZ,20260304,,3.2135,3.1446,886253.9752,877225.305
920592.BJ,20260304,,8.3845,15.4055,286822.25,178514.2741
603843.SH,20260304,,14.5033,3.4111,405781.4775,405781.4775
300850.SZ,20260304,25.7008,2.867,4.2774,1966907.7163,1428736.7965
300082.SZ,20260304,,2.395,1.4782,655614.6648,653792.4763
002708.SZ,20260304,94.7901,4.1663,2.8294,705432.9486,648403.9715
600733.SH,20260304,,6.1768,2.4704,4960012.9364,3810643.5865
600119.SH,20260304,,18.8842,10.027,225371.8183,225371.8183
301321.SZ,20260304,,4.0621,1.2781,394682.895,312512.1518
688002.SH,20260304,45.6828,8.3608,7.951,5026641.373,5026641.373
000860.SZ,20260304,,1.4794,1.3448,1032539.6487,1032539.6487
300257.SZ,20260304,59.7804,3.6561,5.2924,2416520.3638,2321806.5664
301628.SZ,20260304,65.2578,7.3563,9.2282,843832.081,365223.441
600517.SH,20260304,17.4859,1.7778,5.3874,4117273.7357,4117273.7357
000572.SZ,20260304,,6.1916,5.2502,1041054.8577,1039546.1914
601988.SH,20260304,7.1905,0.6533,2.6812,172383640.3205,112759550.4426
920834.BJ,20260304,36.899,5.6333,5.6294,173640.0072,90866.4472
600236.SH,20260304,33.6878,4.9061,8.9272,8552379.9152,8552379.9152
688667.SH,20260304,37.1393,2.881,4.1923,500448.7551,500448.7551
920978.BJ,20260304,28.661,6.2922,4.4878,492017.803,275855.2129
002745.SZ,20260304,55.236,0.9134,0.7193,1215532.2808,871969.6678
603871.SH,20260304,19.3913,3.7447,2.345,2058853.0303,2058853.0303
300363.SZ,20260304,,2.1448,3.2722,1122751.5356,1030637.2914
600620.SH,20260304,69.6282,2.9159,8.8566,432606.5812,432606.5812
600056.SH,20260304,28.4256,1.3024,0.4548,1543747.8999,1543202.7253
002431.SZ,20260304,,4.0736,1.7223,454206.0008,454206.0008
301246.SZ,20260304,557.7115,1.8296,4.4927,793213.4844,317364.7733
603699.SH,20260304,29.3114,11.3419,5.721,4225291.7996,4131877.8676
002293.SZ,20260304,16.5499,2.1135,1.7843,846350.1182,838981.815
600098.SH,20260304,11.611,0.9852,0.5325,2674974.9805,2674974.9805
688693.SH,20260304,,3.5105,10.9498,278747.3702,147175.3982
300654.SZ,20260304,108.5608,4.7389,7.7171,404567.9615,389248.9951
300288.SZ,20260304,,4.071,14.5136,443041.178,336362.4716
002437.SZ,20260304,24.5264,3.3592,3.1968,718713.0566,675951.5126
002783.SZ,20260304,29.011,1.8957,1.3482,496860.8588,456203.3688
002732.SZ,20260304,35.7228,1.779,1.6647,267652.35,266204.4775
002752.SZ,20260304,20.4509,1.7519,0.8406,605689.4502,605596.4502
603997.SH,20260304,77.6036,3.2394,0.7812,1678117.3556,1678117.3556
301526.SZ,20260304,646.1146,6.0018,5.8769,4928537.6087,1835541.5504
000998.SZ,20260304,,2.8301,1.9028,1622270.6593,1451815.8028
300135.SZ,20260304,827.8471,4.5528,3.1681,430387.2,430387.2
600410.SH,20260304,53.4184,6.7176,7.1357,3186413.5488,3186413.5488
600654.SH,20260304,47.7046,5.7067,2.9253,987001.993,794866.4051
601566.SH,20260304,17.8946,1.5416,2.0647,628653.0421,628653.0421
688023.SH,20260304,,2.288,2.4726,532332.8252,532332.8252
603496.SH,20260304,277.5183,6.9812,9.2634,969593.5878,969593.5878
300177.SZ,20260304,,4.6234,5.9952,698030.5839,568712.4494
603966.SH,20260304,22.7356,2.4204,1.8988,488371.9579,487209.6166
002739.SZ,20260304,,2.8103,1.7544,2158237.8396,2146110.5219
002246.SZ,20260304,64.0695,4.4356,5.3345,1323722.8883,1323722.8883
000952.SZ,20260304,,2.6471,4.218,255554.9998,253523.6038
603215.SH,20260304,32.4088,2.9366,1.5279,356709.2678,355359.4652
301130.SZ,20260304,59.526,2.555,9.2664,234226.7255,180711.1563
920344.BJ,20260304,488.8526,4.246,9.2977,265911.23,248268.5711
002832.SZ,20260304,14.5954,1.7067,2.2146,931393.9611,635530.6395
605499.SH,20260304,29.7068,7.3495,6.4659,13012270.848,11981099.52
600630.SH,20260304,112.5739,4.6226,1.9585,356034.0183,356034.0183
688646.SH,20260304,,3.0247,5.4269,435784.5498,268354.5245
600807.SH,20260304,,65.1294,8.7989,285737.0181,254206.9639
601328.SH,20260304,6.2019,0.5246,2.2347,58850280.2925,17364244.753
688712.SH,20260304,195.6161,9.3034,29.0919,1577094.0,140367.7954
600559.SH,20260304,21.4215,2.563,2.9391,1351996.7222,1344254.9582
300420.SZ,20260304,,1.8713,4.4276,442087.8902,442053.557
300639.SZ,20260304,,1.0588,5.8836,406648.9239,399518.3894
688382.SH,20260304,,7.432,305.8676,1141659.9212,1141659.9212
301258.SZ,20260304,39.5241,1.5705,6.8299,300219.25,291687.875
688100.SH,20260304,30.1904,5.683,6.7554,2011484.0509,2011484.0509
600596.SH,20260304,,1.3725,1.1745,1707240.267,1707240.267
300961.SZ,20260304,,3.3092,7.464,242696.32,208866.5955
603296.SH,20260304,22.1543,3.541,0.5411,8806399.4225,4952117.2482
600519.SH,20260304,19.4903,7.7274,9.8258,175465597.9854,175465597.9854
300296.SZ,20260304,,2.7322,3.1557,2204837.4815,1848912.6083
601567.SH,20260304,18.4021,3.0902,2.3797,3628250.6708,3628250.6708
605336.SH,20260304,126.4799,1.297,7.9222,242471.2589,242471.2589
002397.SZ,20260304,98.3402,2.5949,1.9099,309581.5174,268214.9069
688496.SH,20260304,,2.9369,4.0662,273600.0,144670.9248
300083.SZ,20260304,35.2424,2.4908,2.6222,1351868.4223,1212344.5938
300854.SZ,20260304,,2.4844,3.9101,237963.4875,193428.6008
600560.SH,20260304,67.9445,3.6337,5.272,350676.144,350676.144
301180.SZ,20260304,,5.8694,5.796,773619.34,317442.8959
000903.SZ,20260304,,3.8276,1.1448,508864.0798,505028.8134
301235.SZ,20260304,48.7791,2.9057,2.5656,528429.7583,356669.1272
300545.SZ,20260304,42.4736,2.8755,4.6316,614062.6159,395859.6338
920593.BJ,20260304,196.5545,7.8861,20.7334,567868.3057,482245.0666
603980.SH,20260304,90.2301,1.3142,3.3234,510332.3534,510332.3534
002342.SZ,20260304,,5.6195,5.6587,1368000.0,1360433.25
000830.SZ,20260304,24.2497,1.8799,1.19,3582024.0597,3581741.7554
003030.SZ,20260304,132.5984,2.4843,1.3174,253053.84,160994.5038
000156.SZ,20260304,26.9937,0.9591,1.5171,1434169.7101,1315703.9288
688657.SH,20260304,60.4205,2.1428,9.1485,303134.6106,189913.0958
300098.SZ,20260304,,3.6027,5.4763,978371.4208,868001.662
002181.SZ,20260304,61.4195,2.658,18.6918,1132031.7197,1106173.6764
000927.SZ,20260304,36.3528,1.7927,0.5028,1724350.7877,1724349.9156
603657.SH,20260304,249.2837,3.8153,1.4367,359740.7231,359740.7231
603612.SH,20260304,23.1515,2.9278,0.99,1642748.5058,1642748.5058
603779.SH,20260304,,3.8792,5.4111,212200.8798,212200.8798
300576.SZ,20260304,117.3444,8.044,13.0192,1361421.8976,864542.669
600697.SH,20260304,,0.8771,0.2916,201246.4149,196550.659
300179.SZ,20260304,150.0385,10.4691,23.3989,1248310.5001,961133.4265
301207.SZ,20260304,161.2084,2.1361,11.6336,1135941.975,1135225.0035
002629.SZ,20260304,869.1281,86.8589,12.1428,311051.54,309004.8025
688557.SH,20260304,30.4599,2.8272,2.3174,350650.9706,350650.9706
002545.SZ,20260304,38.3967,3.765,7.9407,3555529.4332,3230007.8775
688629.SH,20260304,150.7139,29.7577,21.75,5425885.6209,2139586.4632
002992.SZ,20260304,,13.0776,6.6508,958784.6341,837767.4001
000422.SZ,20260304,21.8186,2.8182,0.7558,1939258.6702,1885005.2739
300466.SZ,20260304,,7.1842,9.7516,517857.421,434059.3807
600173.SH,20260304,632.3161,1.4067,1.4705,538689.3016,538620.0916
688484.SH,20260304,68.8815,3.9256,5.0291,1640088.257,1131998.8248
300892.SZ,20260304,115.8452,2.7426,3.4822,288100.0,186004.5625
603321.SH,20260304,55.7484,1.81,3.5484,260620.4333,257389.6583
600303.SH,20260304,,1.9588,1.2923,220120.5559,217544.5559
301525.SZ,20260304,53.2694,2.508,6.3763,817777.3403,428357.7792
000410.SZ,20260304,147.1013,3.2727,6.3442,1933823.2966,1227068.6391
300234.SZ,20260304,615.3594,2.5722,8.9049,296870.9431,202952.356
603400.SH,20260304,42.2779,5.6735,4.8307,686000.0,137200.0
300599.SZ,20260304,,1.7901,3.6722,354908.3829,210429.8735
301413.SZ,20260304,138.4399,10.3328,11.3339,1292608.475,771738.6076
688539.SH,20260304,126.8543,4.4004,18.9186,771939.84,434797.44
688479.SH,20260304,104.5104,2.3809,8.723,445940.766,192560.766
000552.SZ,20260304,,0.8677,1.7902,1418229.8185,987338.9615
688719.SH,20260304,,2.829,5.3153,478849.4847,372347.5367
002709.SZ,20260304,145.6523,5.0214,5.6886,8247430.3853,6100536.4251
920857.BJ,20260304,,5.3609,4.8826,192566.6095,192566.6095
000068.SZ,20260304,,5.58,3.4284,339248.2834,339248.2834
301135.SZ,20260304,75.0405,2.3955,2.1458,299433.024,224565.2228
603026.SH,20260304,,3.03,2.4328,1464852.8831,1464852.8831
002079.SZ,20260304,88.5912,2.7507,1.9862,848708.268,847911.6706
688335.SH,20260304,479.7361,4.616,15.5457,529815.8048,529815.8048
002558.SZ,20260304,38.9044,4.5414,16.916,6889646.9258,6889646.9258
603205.SH,20260304,40.341,2.8541,4.2117,416208.0,110295.12
600458.SH,20260304,22.6496,1.6803,0.5867,1287232.1182,1192404.4481
002584.SZ,20260304,,2.1793,0.6834,488655.7124,391136.15
002318.SZ,20260304,19.3483,4.0499,2.4426,3302837.0336,3227757.1206
000823.SZ,20260304,32.7502,1.7144,1.2993,807650.2605,807616.0535
920429.BJ,20260304,44.0952,2.0151,1.484,171934.5,156744.04
000551.SZ,20260304,26.1285,2.3911,1.6996,672809.4678,670379.5087
600792.SH,20260304,,1.9049,0.9869,541642.7168,541642.7168
603382.SH,20260304,37.807,3.0048,1.1106,520916.4316,104183.4197
300176.SZ,20260304,111.8486,3.0538,1.5873,291235.1616,291235.1616
000016.SZ,20260304,,6.5828,0.7806,833149.1112,552421.4548
300339.SZ,20260304,283.9809,10.3304,9.8775,3663489.8686,3577357.9782
600287.SH,20260304,99.5054,1.071,0.8883,247226.5779,247226.5779
688387.SH,20260304,,8.8887,8.6803,5326412.5,3142138.8776
600151.SH,20260304,,4.3949,5.2971,2039506.7521,2039506.7521
000536.SZ,20260304,,20.8449,8.1535,1192160.1381,1190888.5644
688269.SH,20260304,52.7975,5.5169,2.8631,582286.32,582286.32
002885.SZ,20260304,127.6494,5.8736,2.4609,864766.9619,737057.2284
001388.SZ,20260304,49.1853,4.8571,6.5663,677040.0,135408.0
002289.SZ,20260304,,35.6316,28.0612,779665.8852,778831.2852
600901.SH,20260304,11.7431,1.5306,6.2323,3712586.3823,3711680.0083
002353.SZ,20260304,41.7295,5.3444,7.526,11836797.2853,8014592.6123
001256.SZ,20260304,33.3552,2.5156,5.8847,304049.9737,227937.5737
300493.SZ,20260304,198.8399,7.7432,3.1948,901012.0006,890622.6601
002127.SZ,20260304,,1.7418,2.4695,726641.6393,590440.9671
603333.SH,20260304,,2.5902,3.6072,534513.724,534513.724
600821.SH,20260304,25.451,1.6599,4.3383,1571846.3375,1571846.3375
600653.SH,20260304,622.6554,4.926,0.8343,360080.3586,360080.3586
002344.SZ,20260304,78.3516,0.7143,5.7811,598982.1203,598437.193
301162.SZ,20260304,77.256,5.8507,13.0686,894674.9696,575101.9979
920077.BJ,20260304,52.5722,3.8109,3.9688,1006698.9525,542947.0275
300283.SZ,20260304,,3.3888,1.0674,388139.9914,286797.6501
688156.SH,20260304,,2.8205,5.6186,215024.7252,215024.7252
001369.SZ,20260304,30.8565,2.4019,4.5933,1633328.0,286265.8485
002105.SZ,20260304,,3.1878,2.1525,266257.8977,264970.3988
601728.SH,20260304,15.5755,1.1725,1.0214,53714690.4163,45568650.7463
002461.SZ,20260304,23.2903,1.9053,3.5774,2102662.056,2102662.056
300501.SZ,20260304,65.975,1.9495,2.5214,287210.5493,149474.9339
002253.SZ,20260304,,2.1684,20.0017,230815.4952,213095.037
002360.SZ,20260304,,1.1012,4.7964,220172.2879,179482.182
300949.SZ,20260304,,3.5304,6.1074,233520.0,133499.7372
301046.SZ,20260304,177.7187,3.7874,3.57,436453.0531,335177.3586
603988.SH,20260304,144.4684,9.1494,8.5879,614107.2,614107.2
688578.SH,20260304,20.6403,6.3633,8.7055,4502250.0,4502250.0
001391.SZ,20260304,25.9673,2.6715,3.0321,6971271.1795,867551.1454
300998.SZ,20260304,,2.5094,2.5498,316312.2444,248311.4175
001218.SZ,20260304,24.2411,1.425,0.7119,324143.8674,231338.8533
603619.SH,20260304,42.5937,5.11,5.347,2175302.459,2175302.459
002439.SZ,20260304,,1.4718,6.4944,1647504.2788,986466.393
603037.SH,20260304,46.0738,4.1587,5.17,401978.761,400809.864
300078.SZ,20260304,,8.3392,6.5998,481802.9311,479861.2408
002946.SZ,20260304,23.5463,4.5906,1.477,1617212.4532,1598482.1809
001267.SZ,20260304,290.668,16.6271,20.0602,2638153.3181,2036695.2077
300465.SZ,20260304,260.3992,11.124,6.5331,746386.4185,746386.4185
600689.SH,20260304,156.5049,5.738,2.0195,271740.2957,205780.0013
301550.SZ,20260304,176.0707,18.8494,42.549,3398354.85,2073023.2016
300572.SZ,20260304,,3.5035,13.8622,620559.6805,497548.1437
002125.SZ,20260304,40.0842,2.9974,4.7359,914644.3829,914644.3829
003017.SZ,20260304,29.5262,2.5476,2.772,273168.0,225324.537
600748.SH,20260304,,0.8637,2.9935,901991.2542,901991.2542
000965.SZ,20260304,52.7598,0.7737,1.2947,425065.2328,425065.2328
603275.SH,20260304,32.7613,2.1709,8.9207,635255.8038,177358.562
300838.SZ,20260304,442.3337,2.2016,2.3021,217315.35,160263.9281
600323.SH,20260304,12.2118,1.642,1.7842,2300094.2989,2300094.2989
002088.SZ,20260304,23.4893,2.1862,2.0544,568026.7027,559911.0554
600103.SH,20260304,128.7491,2.0414,3.4338,811179.2824,800863.115
920663.BJ,20260304,25.3799,5.1235,5.351,208475.4681,100023.4477
600192.SH,20260304,,4.1733,2.7594,423194.584,423194.584
300815.SZ,20260304,18.8304,2.1792,1.2623,961802.496,941988.4071
600363.SH,20260304,86.6422,6.1975,8.3578,2652576.7514,2652576.7514
600743.SH,20260304,,7.0804,3.1674,448105.2669,448105.2669
688339.SH,20260304,,4.0346,30.9697,811795.7734,660781.5266
002561.SZ,20260304,839.6411,1.5813,9.0285,345083.29,343984.8406
002590.SZ,20260304,32.7343,2.3075,1.4542,692935.0568,660767.4148
688275.SH,20260304,,2.2123,0.9854,1132796.0347,759848.2331
000513.SZ,20260304,14.012,2.2466,2.5341,3002014.1452,1920880.6435
603136.SH,20260304,30.0722,2.2684,5.9573,308214.5761,308214.5761
688117.SH,20260304,34.4529,5.3619,7.7064,571311.1001,571311.1001
600938.SH,20260304,16.5249,2.7015,5.0043,203665852.8214,12812150.0
300496.SZ,20260304,62.0977,2.9806,4.4002,3008835.5703,2407095.0647
600085.SH,20260304,30.0984,2.9821,2.253,4074638.1484,4074638.1484
002953.SZ,20260304,35.7086,2.8625,1.3574,620373.5158,342806.5641
920839.BJ,20260304,34.0149,6.4941,6.165,430638.9244,236991.161
002138.SZ,20260304,32.4733,4.8904,4.9154,3315581.0716,3110726.9597
002840.SZ,20260304,85.2337,1.9245,0.8885,772486.2365,767155.1012
300370.SZ,20260304,,8.8909,12.3122,452393.729,451264.8543
600088.SH,20260304,,4.7349,5.3401,597752.7192,597752.7192
300380.SZ,20260304,220.7358,13.2343,4.87,512086.046,471125.1436
002409.SZ,20260304,46.9017,5.5192,5.1741,4310001.052,2884541.9968
301538.SZ,20260304,30.6927,4.4208,6.0521,606816.0,241640.2535
600558.SH,20260304,26.1865,2.3206,1.4977,552026.9711,552026.9711
002547.SZ,20260304,,,1.7882,391435.8373,383368.0866
601965.SH,20260304,17.7219,2.3982,3.782,1878721.8034,1870013.9267
603729.SH,20260304,,5.2421,3.849,160168.008,160168.008
000995.SZ,20260304,,17.986,18.1651,265224.96,265224.96
002357.SZ,20260304,26.7484,2.9475,6.1013,502836.4137,502818.3687
603701.SH,20260304,118.4911,6.271,5.7592,503383.0213,503383.0213
300864.SZ,20260304,22.7516,2.6606,4.3923,351509.1804,351509.1804
600403.SH,20260304,,3.7865,4.1641,1735729.8039,1735729.8039
601966.SH,20260304,17.7384,0.9311,0.8828,2142567.9279,2142567.9279
603444.SH,20260304,18.3913,5.5785,5.1491,2761551.5246,2761551.5246
000035.SZ,20260304,78.6421,1.7589,3.3852,1807740.8061,1750960.4912
600197.SH,20260304,33.3283,1.5887,3.2824,606609.9872,606609.9872
603580.SH,20260304,,4.7926,8.7574,201759.4208,201759.4208
600516.SH,20260304,590.673,1.554,7.5266,2516231.48,2516231.48
300436.SZ,20260304,,43.9503,39.0611,1683452.19,1445151.2123
603557.SH,20260304,,27.1461,8.6532,212591.9788,212591.9788
603861.SH,20260304,52.0451,2.8818,2.3413,1148081.3764,1122717.6793
920471.BJ,20260304,,2.5029,2.991,126297.6,80500.4614
601222.SH,20260304,62.7142,0.8243,2.4093,1264943.8618,1264943.8618
301596.SZ,20260304,49.228,6.1922,8.0403,525650.0236,213328.7678
600261.SH,20260304,27.4532,1.4233,1.8231,493969.5974,493969.5974
688182.SH,20260304,99.1656,5.3601,16.4591,1191200.0,1191200.0
000629.SZ,20260304,,3.0571,4.0505,3753542.9294,3753292.4914
300433.SZ,20260304,41.3184,3.2042,2.1885,16923643.2292,15931206.5425
000813.SZ,20260304,,1.5002,19.1668,746569.5722,746446.7522
603004.SH,20260304,32.1318,2.7601,7.5693,571607.04,142901.76
600722.SH,20260304,164.0168,6.6004,16.4116,815022.9718,815022.9718
000600.SZ,20260304,9.9293,1.4334,0.6877,1666188.5634,1007207.0094
600322.SH,20260304,,,0.97,245465.4,245465.4
600448.SH,20260304,,1.7826,0.6421,200912.4722,200912.4722
688253.SH,20260304,31.4311,2.2367,10.8768,459034.4429,459034.4429
603377.SH,20260304,,3.1778,3.9794,257369.8864,257369.8864
002487.SZ,20260304,42.5743,5.7443,7.5706,4594346.3102,4545149.5963
300263.SZ,20260304,73.9403,2.7609,3.7321,1159207.0582,1092592.6435
603421.SH,20260304,,1.8862,2.7832,528274.3139,528274.3139
000554.SZ,20260304,35.0912,4.9504,1.7659,558681.8355,421403.0149
002038.SZ,20260304,74.4439,1.0954,10.7776,623601.45,517111.4757
000158.SZ,20260304,,6.2477,3.6087,3259579.4941,3237793.8496
002122.SZ,20260304,,2.7142,5.6331,592444.1702,588512.85
300223.SZ,20260304,182.3631,4.6699,13.0184,5790488.676,5046844.92
301183.SZ,20260304,131.8477,13.5016,15.3842,1261442.7416,924753.4945
600177.SH,20260304,12.3899,0.7602,2.5683,3227162.4476,3227162.4476
002160.SZ,20260304,120.6687,1.6313,0.7231,607275.3262,606068.9395
301439.SZ,20260304,32.779,2.2259,1.7246,659138.4644,310420.2893
002817.SZ,20260304,41.7288,2.553,5.1174,241073.125,233771.6718
603876.SH,20260304,45.3377,2.3766,0.6681,1737729.6883,1737729.6883
603611.SH,20260304,11.8561,1.8703,0.856,587329.8035,587329.8035
688053.SH,20260304,,2.6174,21.6676,415800.0,415800.0
601229.SH,20260304,5.8259,0.5946,2.5667,14010083.929,14010083.929
603160.SH,20260304,40.383,3.6151,7.1914,3360656.5414,3360656.5414
301217.SZ,20260304,5636.2479,7.0517,6.1011,3804352.3314,3804352.3314
300419.SZ,20260304,,5.5215,7.7214,238304.443,238304.443
301073.SZ,20260304,328.5672,5.8679,8.1275,551657.6175,505495.2415
603991.SH,20260304,,4.427,25.5005,1418978.6253,692579.2014
000803.SZ,20260304,60.2294,3.1761,3.2295,466296.153,459787.78
688105.SH,20260304,,2.0601,5.675,781946.1135,781946.1135
920101.BJ,20260304,28.7788,3.259,3.8034,345003.4334,107657.7459
601868.SH,20260304,13.3235,0.9653,0.2277,10589555.5635,8236896.8195
600779.SH,20260304,31.9203,3.4372,4.581,1730148.8497,1730148.8497
301687.SZ,20260304,65.5944,5.7429,12.2952,852692.384,171482.097
601456.SH,20260304,30.3943,1.0308,7.9842,5362479.6089,4123759.5417
002664.SZ,20260304,167.5462,2.6337,1.5538,929471.4,916665.7524
603301.SH,20260304,85.9126,4.2431,5.5827,2413254.9867,2413254.9867
300377.SZ,20260304,,5.9209,11.5685,1492994.123,1372762.2229
301590.SZ,20260304,41.6833,3.9761,5.3664,774618.6178,158461.384
000517.SZ,20260304,,1.1399,0.5777,655888.0319,513349.2017
002546.SZ,20260304,13.2559,2.4713,12.1204,926628.5457,890168.8587
300899.SZ,20260304,113.6814,3.9378,16.3148,252136.0411,161820.2689
600497.SH,20260304,45.1277,3.1041,2.4176,5156309.2341,5156309.2341
300435.SZ,20260304,177.2393,3.6426,4.2787,1206510.264,1153652.1626
300084.SZ,20260304,,5.115,10.5509,638029.3232,434357.5557
002365.SZ,20260304,161.6825,2.0784,5.1526,410787.405,342310.7808
300653.SZ,20260304,45.8501,4.0365,10.1549,352980.0,352980.0
002206.SZ,20260304,15.0476,2.0328,1.3385,796111.9457,584316.4299
603045.SH,20260304,73.6931,4.3087,0.9424,438977.7474,438977.7474
002363.SZ,20260304,68.2347,1.6544,1.6222,352693.4246,351731.4093
688535.SH,20260304,469.9346,5.243,24.881,1139690.014,622647.3548
600640.SH,20260304,458.0617,2.4746,4.873,984275.8778,984275.8778
002695.SZ,20260304,91.7003,2.052,3.4573,575813.7892,526287.2814
301315.SZ,20260304,107.1794,4.5551,19.6675,463320.0,194805.0
000628.SZ,20260304,536.236,8.8528,3.2384,1940710.52,1059042.3648
003029.SZ,20260304,,4.1668,12.5841,449779.7873,402429.5069
300571.SZ,20260304,,2.6916,4.0948,391097.8081,324131.0015
000338.SZ,20260304,19.3785,2.5312,1.0263,23021281.784,13228800.332
688512.SH,20260304,,3.1598,6.3985,519130.0254,360922.1692
002735.SZ,20260304,,3.7838,2.9189,654759.2318,480714.4561
603096.SH,20260304,40.8209,1.4813,4.1956,275463.0385,275463.0385
688596.SH,20260304,67.9776,2.6022,1.9064,937984.1194,937984.1194
301491.SZ,20260304,32.0789,3.3503,4.4781,700599.0,155236.717
300547.SZ,20260304,40.1628,6.0407,5.2293,771969.0733,628636.9573
603391.SH,20260304,31.439,3.0791,6.4978,644280.0,161070.0
003043.SZ,20260304,116.1005,4.2807,7.6089,738879.637,462803.876
300062.SZ,20260304,,3.5397,5.1502,568833.4451,413978.7698
600761.SH,20260304,13.4531,1.6858,0.9559,1801871.4555,1801871.4555
300070.SZ,20260304,658.8252,0.5303,1.7652,1442435.3265,1341991.6024
300981.SZ,20260304,,0.9658,2.089,518497.7354,475179.1687
300407.SZ,20260304,43.9681,2.2033,1.6325,423733.6127,341506.1598
301307.SZ,20260304,,2.4475,1.7979,699402.6,361961.2364
601727.SH,20260304,126.1349,2.4749,1.103,13364504.607,10849450.087
600897.SH,20260304,15.3741,1.4477,3.4422,682937.892,682937.892
002131.SZ,20260304,115.1805,4.267,2.8489,5634119.8809,4866970.2365
002008.SZ,20260304,63.7593,4.2501,4.1558,7212371.873,6701851.7671
002717.SZ,20260304,,3.6051,10.0052,309439.7049,274584.0119
603615.SH,20260304,,4.3638,4.8329,499358.3,499358.3
300346.SZ,20260304,115.0215,10.2327,14.2433,3521444.4208,3345127.7475
601857.SH,20260304,15.2944,1.5548,0.85,242319774.631,214384831.031
603707.SH,20260304,23.1221,2.2408,3.9947,1502540.7881,1502540.7881
601500.SH,20260304,66.5371,1.1294,0.8466,692941.6605,690188.3205
001205.SZ,20260304,40.1964,1.4612,2.1003,304189.718,258074.7667
300486.SZ,20260304,,6.7825,11.9252,1137045.9145,1136704.1708
920050.BJ,20260304,25.7852,2.2903,2.4368,240938.429,64445.4376
688389.SH,20260304,29.9787,2.6345,5.3755,557888.4205,557888.4205
600977.SH,20260304,,2.3507,5.7916,2598864.0,2598864.0
601218.SH,20260304,49.6228,1.813,3.8647,536844.5656,536844.5656
300926.SZ,20260304,14.246,3.7988,2.2844,1242589.2196,852539.9487
300046.SZ,20260304,121.6428,6.7479,20.9016,771565.3322,771565.3322
600053.SH,20260304,,2.912,26.7963,748724.9616,748724.9616
300224.SZ,20260304,121.9985,3.159,2.3856,1598943.3164,1589900.4516
002514.SZ,20260304,,28.291,13.4445,348496.5838,268152.5838
600880.SH,20260304,392.3026,1.8598,8.5,565252.6916,565096.6005
300140.SZ,20260304,28.1968,1.6751,3.8597,2324300.262,765090.9375
301503.SZ,20260304,23.6794,2.7679,2.0185,295040.0,119786.24
300100.SZ,20260304,35.351,6.1185,3.4064,1883539.8214,1817031.4067
920180.BJ,20260304,28.6828,2.8592,7.3932,223016.3108,50178.6712
688196.SH,20260304,62.8046,3.3441,3.6312,1068402.678,1008000.0
300483.SZ,20260304,,2.7,3.4237,870794.6489,870519.8489
603370.SH,20260304,45.3149,4.2238,5.0345,804770.0,157703.7274
600367.SH,20260304,61.3449,3.4455,3.8839,852486.1241,804610.9818
301487.SZ,20260304,,5.548,4.9539,1046087.0129,620879.1531
600251.SH,20260304,39.1082,2.2646,2.7208,859354.9028,859354.9028
002943.SZ,20260304,,13.6235,15.0239,1217920.6223,862907.0647
688343.SH,20260304,,8.8626,26.4363,3457586.4987,2544195.7281
688314.SH,20260304,30.7224,4.2273,8.684,303590.7858,303590.7858
002991.SZ,20260304,19.5283,2.9995,2.2808,498238.6167,266895.6586
300428.SZ,20260304,18.474,1.8503,0.5111,1642653.401,1429839.8328
600935.SH,20260304,,1.6752,2.0873,1002931.9176,978565.1055
002591.SZ,20260304,,3.2864,5.8391,216443.828,161152.4851
600820.SH,20260304,7.8752,0.6508,0.3331,2009077.4041,2009077.4041
002208.SZ,20260304,,1.8705,1.3952,1202527.9653,1202217.3214
002254.SZ,20260304,,1.4376,2.7069,1012184.5331,1004520.6108
601068.SH,20260304,217.2727,6.61,0.8363,1930142.2285,1653495.5709
300120.SZ,20260304,,1.5997,1.8673,477321.355,438308.4587
603880.SH,20260304,,7.0568,3.0174,179495.082,179495.082
603595.SH,20260304,96.9894,2.4795,1.9143,383297.3956,383297.3956
300218.SZ,20260304,21.8028,2.3336,1.5811,360415.407,359235.0904
920119.BJ,20260304,26.0757,3.8595,5.1689,707529.2493,141264.0
000560.SZ,20260304,71.1574,0.8105,0.6392,763182.2757,730924.064
301555.SZ,20260304,43.6839,2.9212,1.5119,322103.0497,168780.2498
688619.SH,20260304,,4.0312,17.6006,272037.6076,272037.6076
300182.SZ,20260304,189.9507,2.0031,6.0009,1683537.7994,1427626.1
603956.SH,20260304,,1.7147,3.1441,339094.2402,339094.2402
688287.SH,20260304,,2.5851,13.0622,161544.8016,161544.8016
001222.SZ,20260304,22.4144,2.7496,2.3589,391706.28,220405.1148
300338.SZ,20260304,,,10.633,152594.7583,132407.9107
002222.SZ,20260304,117.4031,18.5422,29.9723,3155377.5,3141298.0009
002240.SZ,20260304,,3.4578,8.6907,3630970.7902,3621508.9002
603055.SH,20260304,15.8614,1.6207,1.2566,834204.7172,831166.2136
600285.SH,20260304,15.043,3.7031,3.1796,1202851.9458,1200200.6958
002062.SZ,20260304,40.3022,2.2001,1.8906,1116018.3419,1014480.2659
600854.SH,20260304,22.2789,1.085,27.4581,265962.7715,265962.7715
688308.SH,20260304,115.6209,4.5677,8.2364,1200389.7125,1200389.7125
000626.SZ,20260304,,1.5417,0.0431,366291.2227,364187.0447
603042.SH,20260304,,3.8214,3.7689,329690.9415,329690.9415
688377.SH,20260304,72.3153,4.6957,7.3665,889433.523,889433.523
002017.SZ,20260304,67.0594,6.9494,9.5995,1229354.7833,1228621.8981
000525.SZ,20260304,99.105,3.3793,3.3814,890057.2835,759332.0834
300351.SZ,20260304,79.5561,3.0667,3.4297,766531.6978,519182.127
001331.SZ,20260304,4607.4311,10.1031,2.9616,1530023.04,910054.0559
688327.SH,20260304,,20.1176,29.8986,1496548.4173,1200988.5386
300139.SZ,20260304,258.0726,19.2624,43.4289,2134460.0,1820205.3628
600171.SH,20260304,57.2865,4.6057,6.5459,2069347.1215,2069347.1215
601579.SH,20260304,42.2298,2.3195,4.7372,843855.5998,843855.5998
688006.SH,20260304,41.1631,2.9957,5.3747,1622670.7446,1622670.7446
603258.SH,20260304,,2.0295,10.2325,440477.4402,435862.4781
300146.SZ,20260304,27.9367,1.7074,3.209,1931895.1694,1279974.9086
920505.BJ,20260304,175.8878,9.1589,18.8286,310067.7494,172525.453
601801.SH,20260304,15.2943,1.0841,1.4015,1298108.4101,1298108.4101
920221.BJ,20260304,29.9366,4.2704,5.0943,179281.8,95426.7829
300879.SZ,20260304,38.7729,3.3391,1.3336,460254.9462,457138.6908
603190.SH,20260304,29.1085,1.4289,1.7934,318697.86,105214.7743
688711.SH,20260304,367.5615,6.1601,4.7593,640770.0286,640770.0286
920833.BJ,20260304,56.1966,2.6411,3.6929,162084.48,122919.804
601991.SH,20260304,10.9041,2.1717,0.6076,7402684.2016,4958435.6424
002129.SZ,20260304,,1.5637,1.4339,3929908.5314,3926918.6788
300645.SZ,20260304,286.6213,2.4354,2.0756,251670.5584,246736.4266
600572.SH,20260304,15.89,1.547,1.662,1093223.8028,1090318.0641
300386.SZ,20260304,,4.4107,8.9267,650058.42,389928.1504
600233.SH,20260304,16.3662,1.9417,0.8777,6478933.8522,6478933.8522
603319.SH,20260304,79.5416,4.8474,5.6394,1196520.064,1196520.064
603110.SH,20260304,741.1167,4.7414,7.9747,330011.8405,330011.8405
600667.SH,20260304,35.4058,2.3968,0.6252,2074809.8406,2074809.8406
920278.BJ,20260304,83.1287,4.0968,5.2351,157224.5,66717.248
688416.SH,20260304,,5.7078,15.2668,724639.665,724639.665
002218.SZ,20260304,,2.1278,8.4836,863355.5554,850755.3301
603178.SH,20260304,,3.1884,2.2297,387242.6611,387242.6611
920493.BJ,20260304,437.1604,21.8837,8.5904,953499.4884,699385.4781
600731.SH,20260304,16.151,1.3407,1.8935,424644.2362,411678.8254
603600.SH,20260304,13.4755,1.5471,0.7315,354224.3582,321640.7724
301273.SZ,20260304,,2.3531,6.3458,216859.7044,166443.1275
002771.SZ,20260304,,5.2413,6.3675,323036.714,268752.5687
920427.BJ,20260304,,4.519,14.8805,140724.675,69489.4391
600594.SH,20260304,,1.272,1.603,305683.9764,305683.9764
603993.SH,20260304,25.1733,6.3312,2.4139,49185519.0946,40142476.1626
301037.SZ,20260304,,3.3699,1.1619,213830.7331,104580.5933
600060.SH,20260304,11.1648,1.401,0.4716,2863109.1253,2852570.1739
603156.SH,20260304,23.4542,4.2063,6.5933,3780832.698,3780832.698
002917.SZ,20260304,31.67,2.8135,2.7825,472755.3079,354250.1222
002641.SZ,20260304,59.5193,0.9603,0.8388,523593.989,483081.7222
600127.SH,20260304,334.1994,6.9464,1.1803,472352.4484,472352.4484
601011.SH,20260304,,1.244,11.1661,716458.5376,716458.5376
300129.SZ,20260304,59.0694,2.5568,2.6338,1472557.1094,954447.127
600185.SH,20260304,,21.3351,2.2894,1221483.7552,1221483.7552
600738.SH,20260304,46.7209,1.8546,6.0338,378383.6123,378051.0994
603999.SH,20260304,58.2945,2.0019,4.8012,409536.0,409536.0
600751.SH,20260304,105.7939,1.5314,8.7437,1159735.1132,1029275.6208
920270.BJ,20260304,55.9209,4.9309,9.4767,201699.648,156415.3952
002622.SZ,20260304,,6.4321,3.1106,234360.0,234353.0948
002916.SZ,20260304,67.2051,10.2295,8.4437,18248453.0801,17810245.1655
600576.SH,20260304,33.8369,2.1941,6.0113,651710.9359,408121.0713
600775.SH,20260304,,4.098,5.2116,1239165.0453,911013.0453
300092.SZ,20260304,51.8784,2.5991,4.1398,422115.7606,323403.9005
600710.SH,20260304,12.6508,2.0153,0.1455,1714455.2574,1714455.2574
688519.SH,20260304,104.3928,8.7391,4.8096,2514397.4314,2514397.4314
300818.SZ,20260304,120.2756,3.8922,7.7057,704963.1669,457308.0349
600798.SH,20260304,,1.3106,1.8574,511570.5012,511570.5012
300464.SZ,20260304,,22.8808,2.2128,317726.8461,246607.8165
601528.SH,20260304,5.1548,0.5357,2.3399,1034059.0552,914058.5955
601588.SH,20260304,,0.8054,0.8928,606063.6,478800.0
301201.SZ,20260304,,3.0071,17.101,640360.5175,449264.8743
603967.SH,20260304,17.3996,1.9251,0.4846,450320.0563,450320.0563
000159.SZ,20260304,104.3338,1.7098,2.4099,348497.3449,348487.8293
001396.SZ,20260304,44.1684,4.2439,7.783,585932.1421,121717.3563
688030.SH,20260304,,3.4821,3.1819,289999.4151,289999.4151
002418.SZ,20260304,,3.7633,1.9159,542062.8,542061.5302
603660.SH,20260304,,5.9299,4.3609,580968.1204,576636.1303
301189.SZ,20260304,,2.2728,5.7986,477691.0924,458654.3108
600778.SH,20260304,341.9124,9.1016,1.421,209322.1885,209136.4007
688665.SH,20260304,36.882,4.2074,4.7285,485572.0837,485572.0837
300881.SZ,20260304,30.3547,5.1231,1.8464,560230.0,292370.0313
002120.SZ,20260304,15.7155,0.9543,0.3844,1942464.7176,1886136.8709
601211.SH,20260304,12.5796,1.0327,5.3365,32172789.6379,24631861.1022
300258.SZ,20260304,60.4082,1.7354,3.993,818481.093,797277.4223
001255.SZ,20260304,422.1218,3.8348,8.0464,339340.9067,276763.12
300978.SZ,20260304,34.4464,3.0884,2.4015,501748.1512,226977.4052
688786.SH,20260304,58.7176,6.6032,11.7004,511928.0107,511928.0107
600711.SH,20260304,23.398,2.8057,1.5759,4694638.946,4694638.946
603719.SH,20260304,,2.0676,0.718,417842.0,417842.0
300730.SZ,20260304,,11.842,11.5911,296842.0438,237975.7862
000100.SZ,20260304,31.9538,1.6182,0.5547,9859608.7999,9068561.6716
300272.SZ,20260304,47.3618,3.1913,2.5072,448818.5924,340922.459
600239.SH,20260304,,2.7918,1.8962,358068.1807,358068.1807
000759.SZ,20260304,,3.4495,0.4749,418014.5253,413750.5018
000539.SZ,20260304,324.3274,1.1224,0.5024,2630392.277,1280248.8364
002818.SZ,20260304,13.4894,1.5211,6.5747,838274.0128,334160.0539
000548.SZ,20260304,59.9102,1.3325,5.5619,275567.1277,275544.0474
301211.SZ,20260304,131.4,2.1995,11.5362,496944.0,496944.0
920368.BJ,20260304,139.2085,2.5845,4.985,1089850.8025,1036847.2581
002339.SZ,20260304,125.3601,3.3756,1.9868,581722.4842,552527.819
300522.SZ,20260304,729.3643,4.6583,5.275,374688.6511,305728.7316
301096.SZ,20260304,,1.858,8.1376,480385.993,364098.0132
920961.BJ,20260304,948.4855,4.7949,17.7739,363529.0929,258693.0707
688353.SH,20260304,1249.717,4.8531,19.0706,1658162.0,1658162.0
002989.SZ,20260304,,4.013,19.9052,600588.2718,546137.3651
301153.SZ,20260304,218.1959,4.3335,10.4872,728989.2983,680189.1965
002880.SZ,20260304,28.7323,2.8273,5.7636,657039.6,657039.6
603031.SH,20260304,68.2644,4.363,2.8269,1315164.2691,1076923.12
002792.SZ,20260304,1496.3761,8.1515,19.4689,2269781.518,1463793.4805
603040.SH,20260304,49.5447,9.0385,16.5288,1284049.9814,1277352.4139
300617.SZ,20260304,88.6192,3.7231,12.2985,1073951.3704,900364.6552
600863.SH,20260304,19.9339,1.8166,1.9812,4113474.519,3426616.1008
301159.SZ,20260304,,5.7933,9.9224,337942.15,231622.4258
688659.SH,20260304,,3.1754,2.3337,163040.0,163040.0
301021.SZ,20260304,211.1714,9.0168,18.2439,909321.2358,908645.9172
300102.SZ,20260304,225.4243,7.1964,9.2254,3048145.7543,3034917.7091
300088.SZ,20260304,45.3296,1.8121,1.3917,1583563.0891,1575809.3122
301169.SZ,20260304,,8.5817,11.1653,375691.3952,375574.0577
000690.SZ,20260304,10.6898,0.7956,1.1679,998732.5287,998082.3611
000733.SZ,20260304,30.6047,1.8989,5.3718,2903847.8184,2903456.3904
600551.SH,20260304,13.2554,0.9504,0.7296,550580.8541,550580.8541
002020.SZ,20260304,18.6087,2.3463,3.3166,1325984.8756,1114911.2359
300757.SZ,20260304,,42.0594,138.3765,7003504.9181,6295026.1616
603011.SH,20260304,,6.1355,5.6506,1288444.0228,1288444.0228
300484.SZ,20260304,68.9511,5.5216,7.9175,372895.02,299434.725
920183.BJ,20260304,34.872,5.6594,10.8978,260914.16,59961.5779
605198.SH,20260304,39.1539,4.9643,7.916,1356803.28,1098376.16
605050.SH,20260304,16.88,1.4796,0.5344,629835.6933,629835.6933
300166.SZ,20260304,,2.3549,5.034,1377882.3551,1095990.85
600571.SH,20260304,66.0629,5.5329,3.1846,663104.6354,650922.9217
002091.SZ,20260304,11.0049,0.9221,0.357,1424250.3538,1397221.4069
920914.BJ,20260304,47.1668,2.7036,2.5107,261843.142,261636.1083
300321.SZ,20260304,426.9392,5.3651,8.717,340015.2,339616.6011
002861.SZ,20260304,344.6635,3.2986,4.2764,363253.7259,292828.2825
300668.SZ,20260304,,3.8467,5.3701,301555.0889,249733.1243
920058.BJ,20260304,34.1783,4.9371,2.1943,171419.5844,84383.6385
920634.BJ,20260304,94.1655,5.6015,1.9714,162200.4481,102683.5791
688710.SH,20260304,,2.8943,8.2886,672472.7636,432610.2083
301305.SZ,20260304,24.2378,1.7433,3.6682,657829.3123,337366.5891
001260.SZ,20260304,54.6125,2.942,4.2686,243455.0,243455.0
603273.SH,20260304,121.783,4.4778,6.8399,392193.522,102586.872
688158.SH,20260304,,6.6316,9.4163,1600718.2241,1422402.4693
600241.SH,20260304,1084.1315,2.0931,6.3972,244565.0576,244565.0576
601766.SH,20260304,11.6833,1.0592,0.6355,17649801.4141,14961595.7995
688420.SH,20260304,159.583,1.5454,4.3064,223020.46,105265.758
300960.SZ,20260304,81.3018,5.9654,7.8887,359666.2199,325886.8799
688048.SH,20260304,1589.1976,10.3238,66.2354,3102526.9968,3102526.9968
601169.SH,20260304,4.3047,0.407,1.6218,11311496.5855,11311496.5855
001358.SZ,20260304,55.791,2.4804,7.2104,354939.2,146862.7433
001896.SZ,20260304,85.1068,6.3105,1.9033,2175764.1766,2175764.1766
603787.SH,20260304,50.7866,1.8657,0.6973,296655.3453,296655.3453
300323.SZ,20260304,,2.0417,2.614,1386040.9726,750887.9256
600476.SH,20260304,,17.8641,2.886,202948.2,202948.2
300492.SZ,20260304,77.8261,44.9732,4.2445,1343921.6693,1343921.6693
600352.SH,20260304,25.3495,1.5395,3.5179,5257384.2858,5257384.2858
688230.SH,20260304,69.1511,3.233,18.6495,734059.2,734059.2
600706.SH,20260304,103.9517,4.0391,2.7666,256335.0839,255300.3359
300260.SZ,20260304,124.7114,10.4126,7.356,2164230.4329,1526489.2671
301517.SZ,20260304,,6.7765,15.8623,907877.9921,589236.9512
301193.SZ,20260304,,3.4524,2.1318,526201.3034,373338.1034
300101.SZ,20260304,227.2959,7.6246,14.501,1405566.6075,1400957.4521
000669.SZ,20260304,,,2.1399,270802.7012,270802.7012
605389.SH,20260304,89.3825,4.8206,10.6287,1014805.234,959726.7907
600477.SH,20260304,73.623,1.6614,1.0702,827997.921,827997.921
000928.SZ,20260304,13.7795,1.2243,0.7275,1034378.7717,1034366.1182
002969.SZ,20260304,162.191,8.1332,7.6075,2403508.6135,2389928.2489
688337.SH,20260304,98.9567,2.6683,9.366,843159.8395,808552.8677
688091.SH,20260304,151.8079,6.8088,30.7047,973574.1444,973574.1444
002662.SZ,20260304,24.4586,1.3081,2.0109,576000.0,575992.7424
600482.SH,20260304,41.6749,1.9364,1.3796,7732104.4649,7732104.4649
603713.SH,20260304,17.4554,2.2523,0.7909,1046801.9978,1046801.9978
301210.SZ,20260304,84.8518,2.4795,2.8637,452497.3906,171595.5483
300798.SZ,20260304,,2.4112,3.4465,405091.0172,329535.4242
688538.SH,20260304,,4.1778,6.1255,3369502.7805,1403545.5169
002888.SZ,20260304,175.7442,7.7956,10.1731,296467.9713,150445.4242
301173.SZ,20260304,24.1748,2.6427,1.6423,388668.8661,136416.8161
000791.SZ,20260304,9.9535,1.7786,1.9767,2595071.7936,1548497.4288
002625.SZ,20260304,135.3569,10.2238,51.7654,9755973.8391,9755930.8231
600373.SH,20260304,29.229,0.6969,1.5498,1215317.5645,1215317.5645
300507.SZ,20260304,63.0414,3.3871,2.8834,717379.6287,694392.6062
605338.SH,20260304,23.518,2.7468,3.4536,642038.6542,642038.6542
603489.SH,20260304,97.3736,2.8736,5.6151,774004.7127,774004.7127
301303.SZ,20260304,18.9629,1.9047,3.717,640998.4,159520.1899
002158.SZ,20260304,28.5596,3.0675,4.5826,1341622.8648,1338770.1568
688356.SH,20260304,93.0136,4.4694,18.6547,589646.1054,589646.1054
002637.SZ,20260304,38.2142,1.6748,0.49,632218.944,595019.9136
601598.SH,20260304,10.9364,1.078,0.4352,4124906.9555,2965545.3805
300275.SZ,20260304,73.9767,3.8286,7.7577,361597.9498,318695.7458
920608.BJ,20260304,34.1376,2.4176,7.8823,116077.6,73503.3147
301630.SZ,20260304,59.6932,4.8508,7.1362,812000.0,203000.0
301500.SZ,20260304,102.6633,3.2411,1.0733,1517270.4081,388936.8036
300598.SZ,20260304,,5.8954,4.0536,874436.4162,874191.5293
600577.SH,20260304,50.892,5.071,1.2647,3036912.9414,3036912.9414
688798.SH,20260304,52.4065,3.9539,5.8137,1658943.3738,965948.8958
920260.BJ,20260304,31.8054,2.9847,4.3506,133890.15,127770.328
601003.SH,20260304,26.3969,1.5618,0.2078,1409536.26,1409536.26
601001.SH,20260304,14.9647,1.5393,2.205,2893827.3,2893827.3
300832.SZ,20260304,24.929,4.7027,9.0408,4112452.1207,3575461.9245
600400.SH,20260304,,2.1614,3.1435,504101.8074,504101.8074
688213.SH,20260304,36.3311,7.4316,4.0283,3638060.1663,2925496.1915
301393.SZ,20260304,37.1734,2.1804,9.1171,509112.0,198481.9094
600111.SH,20260304,94.5872,8.4757,4.855,20244368.7152,20244368.7152
688410.SH,20260304,35.0607,2.825,6.2191,501772.9765,501772.9765
300621.SZ,20260304,,2.0513,0.2114,176432.0816,171744.603
300919.SZ,20260304,43.7818,2.371,1.2683,5498931.3548,4814330.7426
301125.SZ,20260304,519.3188,5.2764,5.3933,319097.0779,288378.8064
600776.SH,20260304,50.7737,5.5278,8.1929,2089984.1065,1590784.1065
600231.SH,20260304,,1.4028,0.4139,661112.8047,652835.0447
301102.SZ,20260304,108.8268,1.5149,7.5278,455532.0,455532.0
600155.SH,20260304,91.2999,0.7243,4.4894,1447656.78,1447656.78
600110.SH,20260304,,2.323,2.1496,1367322.5744,1367322.5744
300266.SZ,20260304,,117.0552,3.7541,397774.6724,397536.4772
000705.SZ,20260304,62.6212,1.4657,1.108,295699.1081,249535.2646
603439.SH,20260304,29.267,3.1896,2.7093,470269.7484,464416.2484
300204.SZ,20260304,,13.3902,47.7056,1165765.0342,1106941.3824
300328.SZ,20260304,,11.3406,7.6118,1242072.0564,1234773.7383
688151.SH,20260304,189.3709,1.9114,12.8628,808197.0,808197.0
603768.SH,20260304,,1.1261,0.7532,264606.913,264606.913
002155.SZ,20260304,50.1567,7.9431,1.2617,6061524.4548,6060977.2869
300027.SZ,20260304,,17.7113,16.5841,466116.9944,417476.4362
688680.SH,20260304,,4.6333,3.8087,442301.7622,442301.7622
600817.SH,20260304,21.8959,2.6116,1.6851,620766.2587,616040.4187
920810.BJ,20260304,871.3886,5.5179,9.8592,126588.0,82377.9594
002542.SZ,20260304,,11.0929,5.619,579763.4729,564565.5822
300608.SZ,20260304,,2.8573,4.8343,381588.1044,331288.2662
300889.SZ,20260304,,4.051,5.4358,592851.2994,394019.9075
603108.SH,20260304,,2.1058,1.1741,869301.7301,869301.7301
002850.SZ,20260304,26.4063,3.4302,3.0841,4330356.471,3122773.8098
002777.SZ,20260304,75.9899,4.47,5.4395,738898.1788,732165.7987
600211.SH,20260304,13.5274,3.7374,4.8788,1327310.4491,1327310.4491
688345.SH,20260304,64.7237,3.198,1.3118,358574.9775,354500.0
002388.SZ,20260304,,2.6547,1.3021,259945.0784,257667.759
688788.SH,20260304,,5.1685,33.2973,947835.1731,947835.1731
002256.SZ,20260304,,6.3772,16.8321,721808.0096,706295.864
002896.SZ,20260304,208.2292,12.6874,15.1695,1516368.9217,1516368.9217
000767.SZ,20260304,16.9954,1.7709,0.6952,1110776.1411,1051320.9634
600123.SH,20260304,473.4936,0.6412,1.1061,1013589.1344,1013589.1344
000631.SZ,20260304,92.9976,1.51,19.9076,886253.2611,886253.2611
300602.SZ,20260304,58.1678,5.4412,3.4696,2159877.0559,1467739.1766
002097.SZ,20260304,86.9583,2.4977,1.6721,1172407.435,1170314.7606
603669.SH,20260304,,4.5958,7.2022,310135.8385,310135.8385
300826.SZ,20260304,189.1315,1.9904,4.2557,294126.2763,282858.8362
688598.SH,20260304,,1.3593,6.4074,527235.7146,517082.0646
688266.SH,20260304,,18.5201,24.6719,2005164.509,2005164.509
603195.SH,20260304,19.1598,4.8828,4.6515,7640225.7076,7609607.4332
603200.SH,20260304,112.6354,11.8301,26.2423,1284163.3938,1284163.3938
920237.BJ,20260304,46.8853,3.7119,5.5599,194038.2288,190299.4249
601366.SH,20260304,275.125,1.0296,0.5818,417078.162,417078.162
600588.SH,20260304,,6.0191,4.9551,4459181.6187,4459181.6187
002855.SZ,20260304,,9.6671,1.9256,316156.452,315909.5387
002865.SZ,20260304,,5.1905,3.5005,2601561.6626,1879428.2895
002012.SZ,20260304,675.8112,2.1282,5.4542,328273.0799,327687.5438
000785.SZ,20260304,40.1478,0.8487,1.3837,1749800.7167,1657223.7634
001328.SZ,20260304,34.9303,4.2819,3.6053,625679.5892,167277.3808
002261.SZ,20260304,,17.9759,14.4621,4686573.0833,4261826.4853
000719.SZ,20260304,9.3893,1.0351,1.3546,1266726.2413,825928.6582
300568.SZ,20260304,141.2914,1.8556,4.6762,1820746.4946,1646794.2341
603068.SH,20260304,271.4503,3.0059,5.7774,506210.7089,501667.2616
000882.SZ,20260304,,0.7375,4.0266,498198.0544,497863.5964
001238.SZ,20260304,,4.9832,3.6653,569503.98,532745.1961
600493.SH,20260304,328.2529,1.8491,2.337,207808.0,207808.0
920489.BJ,20260304,,4.7354,4.2221,227204.568,144564.5058
301371.SZ,20260304,25.7602,2.1782,6.5866,1217043.36,182027.196
001278.SZ,20260304,,2.554,1.4868,321830.5734,131440.2371
300797.SZ,20260304,40.0426,5.0056,5.357,633032.4593,626025.5447
600537.SH,20260304,,17.0607,1.6499,383523.6658,383523.6658
301631.SZ,20260304,31.5377,3.4144,1.8192,853537.9335,286697.2348
301333.SZ,20260304,41.9769,3.3078,8.0487,635408.0832,634503.3391
688368.SH,20260304,307.226,9.3314,6.9681,1093865.9452,1093865.9452
301200.SZ,20260304,116.5659,7.0478,14.0255,6875731.9126,6087344.0051
002372.SZ,20260304,21.6905,4.0212,3.2136,1883380.9398,1740025.1429
300002.SZ,20260304,25.3342,2.646,3.4723,2022254.7342,1898768.9009
002063.SZ,20260304,39.0129,2.9721,4.5298,1174690.3139,1084689.5128
920100.BJ,20260304,72.897,9.5294,7.9661,438722.4792,101643.2203
300311.SZ,20260304,,6.1071,8.582,361065.7604,288051.2738
003009.SZ,20260304,,7.5783,16.0817,1166837.5429,1166611.4696
002689.SZ,20260304,56.9548,3.1819,2.964,388111.5897,387963.0869
600578.SH,20260304,10.3951,1.5214,0.9882,3615095.3481,3615095.3481
300685.SZ,20260304,26.332,3.8995,6.7804,763887.0169,760104.4552
600621.SH,20260304,29.0178,1.8463,8.1397,1645454.8019,1645454.8019
688090.SH,20260304,540.3695,7.1391,6.812,643666.5366,643666.5366
301636.SZ,20260304,61.6556,4.8406,6.0445,522438.7921,130609.7001
300404.SZ,20260304,503.8362,3.657,4.8494,373491.5896,276283.746
601155.SH,20260304,134.1451,0.5892,0.5076,3645086.5353,3645086.5353
603366.SH,20260304,40.7023,1.7808,1.6087,739873.7719,739873.7719
300480.SZ,20260304,,7.1421,14.0299,915239.9876,642094.6721
603616.SH,20260304,,11.4582,3.0736,287618.73,282455.355
688789.SH,20260304,28.4578,4.2108,6.5221,1505138.4935,1505138.4935
301259.SZ,20260304,,6.5594,20.1943,542724.0,343972.3412
688499.SH,20260304,173.7712,3.8547,2.7544,885655.949,885655.949
601963.SH,20260304,6.5331,0.668,2.4605,3637896.6765,1971365.2146
301459.SZ,20260304,31.4276,3.256,4.2602,405762.7325,101707.7679
002454.SZ,20260304,26.0069,1.3597,1.0232,539951.5944,538575.1569
603949.SH,20260304,48.2468,3.5137,9.0902,370896.6026,369961.2822
300513.SZ,20260304,,2.1847,3.0307,288282.1714,264927.3276
600258.SH,20260304,22.3634,1.5549,2.451,1873660.0454,1873660.0454
300848.SZ,20260304,81.0668,4.4788,4.0719,691466.4052,409045.9794
300972.SZ,20260304,34.6577,17.9898,0.7641,3689092.9297,3381063.2094
600446.SH,20260304,,3.5431,4.369,1304596.7259,1304596.7259
300197.SZ,20260304,,5.3801,7.663,527823.0582,527809.7082
300401.SZ,20260304,28.3618,2.7089,6.8952,855965.1004,842022.3357
002532.SZ,20260304,18.5873,3.1824,2.9571,8757571.1892,7770174.2992
002807.SZ,20260304,5.0293,0.582,2.6525,1100242.5767,1098733.3339
601688.SH,20260304,11.7979,1.0753,4.9395,18360640.9407,14861945.9876
300251.SZ,20260304,23.8692,4.8119,13.7554,5171916.4056,4892968.5126
300454.SZ,20260304,70.108,5.4376,6.0903,4879287.584,3213660.7868
688229.SH,20260304,,9.8479,27.9222,360572.4,360572.4
000056.SZ,20260304,,,0.6691,230593.0029,176226.6739
920145.BJ,20260304,,4.8291,22.211,123885.8,85329.308
600309.SH,20260304,24.9546,2.6335,1.5497,27692152.0036,27692152.0036
300106.SZ,20260304,,5.9594,2.5465,229929.5533,229929.5533
600271.SH,20260304,,1.3002,2.8657,1756534.6368,1756534.6368
600095.SH,20260304,71.8128,2.3815,111.3707,2910653.1224,2910653.1224
301083.SZ,20260304,89.6295,4.1269,9.1668,344705.6006,165912.0191
603075.SH,20260304,28.5438,4.3211,4.4039,905586.9998,92801.3985
002033.SZ,20260304,23.7523,1.9706,6.0062,500036.547,500026.9647
688195.SH,20260304,391.0147,27.9384,47.1413,2760329.0,2760329.0
002856.SZ,20260304,,21.673,4.3838,180101.3474,164916.8136
002600.SZ,20260304,44.9333,4.4664,2.0448,10288745.9558,10135986.57
600754.SH,20260304,52.945,1.843,2.1604,2919525.1397,2480748.6445
002789.SZ,20260304,,,0.3484,154834.8086,151772.116
688072.SH,20260304,115.451,17.4372,16.458,10729106.276,10729106.276
300240.SZ,20260304,,1.9429,0.4571,286846.5974,280528.4946
601005.SH,20260304,,0.8416,0.5365,1380875.1477,1296927.3045
920171.BJ,20260304,435.1199,9.5165,8.5353,208384.8956,140326.5333
688443.SH,20260304,,5.93,40.7171,939434.16,298934.16
301390.SZ,20260304,94.7607,2.4543,3.5836,233940.0,119605.4121
300029.SZ,20260304,,,11.1295,99852.237,99779.4045
002910.SZ,20260304,,2.144,2.5715,223697.013,195694.8708
603357.SH,20260304,10.2733,1.1889,1.4586,452386.3726,448371.5879
688233.SH,20260304,137.4301,7.3899,31.4901,1394293.0606,1394293.0606
600563.SH,20260304,22.275,4.4817,4.8633,2566350.0,2566350.0
688016.SH,20260304,23.5291,3.2515,9.8116,1325191.0199,1325191.0199
603630.SH,20260304,,2.0713,4.6766,395684.4471,395684.4471
300709.SZ,20260304,45.9952,3.4226,2.7564,785615.7472,630273.0835
600981.SH,20260304,41.8976,1.3619,0.1206,690669.4231,690669.4231
300888.SZ,20260304,22.4658,1.7095,1.8179,1964198.4424,1962066.5715
600176.SH,20260304,30.3934,3.4193,5.8343,10576287.2354,10576287.2354
600637.SH,20260304,71.3296,1.1745,4.6098,3506461.5091,3506461.5091
300857.SZ,20260304,102.3579,21.6887,8.2383,8523223.9366,8498789.7804
600032.SH,20260304,37.4615,1.5508,4.0975,2007903.8955,2007903.8955
300138.SZ,20260304,18.2003,1.9559,1.0083,661847.1274,545689.21
300868.SZ,20260304,,2.9884,6.9983,450774.896,284269.9928
688078.SH,20260304,,2.8213,12.1604,190469.409,190469.409
920017.BJ,20260304,21.0875,1.367,3.4267,223449.7812,221082.3272
920627.BJ,20260304,78.0613,4.4072,2.6655,203917.55,101014.2125
301395.SZ,20260304,69.6272,2.3617,1.5953,364275.657,206145.657
002230.SZ,20260304,142.8213,6.7773,4.6921,11956875.2338,11322803.136
300984.SZ,20260304,185.8428,7.5413,6.3367,782755.6227,491946.2475
002387.SZ,20260304,,2.894,1.4289,1162134.3078,1160636.9574
603918.SH,20260304,,5.2536,6.8469,525754.8374,525754.8374
001229.SZ,20260304,53.5191,3.5965,17.2175,364317.534,187328.0602
002540.SZ,20260304,22.8112,1.7114,1.1943,928346.5945,646856.7814
600186.SH,20260304,34.3423,5.2291,3.1126,996777.1404,989840.2898
300737.SZ,20260304,,1.7495,1.2322,788078.8839,629702.6366
600708.SH,20260304,,0.985,1.6356,900369.2442,899012.2195
003012.SZ,20260304,21.5498,1.0432,1.2643,794846.0555,786278.5459
688215.SH,20260304,118.5573,8.622,9.6291,418173.479,418173.479
600800.SH,20260304,,4.082,1.1507,485089.7594,484952.1044
600716.SH,20260304,,0.8317,3.6969,418419.0837,418419.0837
002701.SZ,20260304,12.2012,1.3787,0.6375,1348993.7672,1347752.836
300979.SZ,20260304,15.8906,3.5001,2.1667,5454558.0,5454510.3252
600489.SH,20260304,35.3983,5.3611,2.1299,15651972.2692,15651972.2692
920014.BJ,20260304,211.4286,2.374,3.5448,187050.1005,102917.6024
003027.SZ,20260304,34.832,1.6632,3.2244,283930.7904,227758.0225
600377.SH,20260304,12.8857,1.492,2.7169,6010032.7675,4536004.3202
603163.SH,20260304,79.2056,10.4644,4.0907,1222500.0,1222500.0
000739.SZ,20260304,22.9475,3.0487,1.8841,1977463.1842,1976720.3473
002314.SZ,20260304,,0.7403,0.4481,679653.4108,335907.5933
301353.SZ,20260304,39.8698,2.1276,2.9879,275496.5847,89458.7847
600744.SH,20260304,79.4427,11.7333,1.9534,1669584.1532,1669584.1532
002276.SZ,20260304,32.7641,2.6795,0.8658,1631875.7698,1625710.5723
688352.SH,20260304,61.0644,2.6396,7.4102,1623035.8981,499427.7329
605077.SH,20260304,18.4775,1.5343,1.2613,461848.0979,456330.4559
002517.SZ,20260304,23.1682,4.3815,8.5001,4475848.5752,3957636.5799
301220.SZ,20260304,30.4335,2.2826,4.0381,400336.482,276314.3565
301212.SZ,20260304,191.9205,2.3118,4.3665,309960.0,269062.5
300042.SZ,20260304,,6.8694,6.64,688173.6,688110.2427
688450.SH,20260304,,2.2043,9.6012,206910.0,153397.6567
601136.SH,20260304,45.363,3.4998,18.2664,4712267.4712,4712267.4712
002773.SZ,20260304,19.6801,2.6847,5.2749,2460848.2681,1834533.6915
600329.SH,20260304,8.7887,4.4145,5.86,3144295.2555,2315425.8405
920541.BJ,20260304,26.4273,4.0109,5.5376,187689.1,123650.5731
600336.SH,20260304,,2.3938,0.8154,579358.7223,579358.7223
603150.SH,20260304,40.2703,2.9482,1.287,495715.917,495715.917
920547.BJ,20260304,29.2889,2.5875,4.531,183732.12,89204.016
601199.SH,20260304,14.0324,1.2593,3.6837,569543.0678,569543.0678
600936.SH,20260304,,6.5903,1.8066,643345.102,643345.102
301629.SZ,20260304,222.333,9.9553,26.7808,1160018.2172,290001.7882
003004.SZ,20260304,,3.6563,7.0172,234862.8469,197218.6262
600161.SH,20260304,23.4076,2.6875,4.796,3080744.7129,3080744.7129
603823.SH,20260304,41.5727,2.8684,3.0983,696999.5365,688066.7377
002371.SZ,20260304,51.7259,9.0256,8.843,32530487.8061,32504486.4883
601669.SH,20260304,9.0305,0.6709,0.1491,9646649.227,7320054.476
920212.BJ,20260304,134.854,3.335,2.8347,141431.3,68693.1731
301310.SZ,20260304,44.2491,2.2211,1.4288,507436.299,186707.2986
002225.SZ,20260304,67.4836,1.7521,1.346,722205.9886,606912.1744
002644.SZ,20260304,73.0384,2.3685,4.8173,431505.165,431505.165
301296.SZ,20260304,27.2967,1.2604,1.3871,347050.1391,239864.3985
002998.SZ,20260304,78.772,1.7888,1.1034,294349.2138,223854.7444
603227.SH,20260304,20.5867,1.8629,1.6552,947376.3371,947376.3371
603368.SH,20260304,8.6815,0.8878,0.3252,681217.4738,681217.4738
002292.SZ,20260304,,4.2168,4.8044,1245065.1449,857045.506
000736.SZ,20260304,,3.0959,0.1844,386249.8733,386249.8733
002480.SZ,20260304,,4.7137,2.4396,454578.684,453721.3061
603088.SH,20260304,52.0597,5.792,8.0788,634013.6131,552594.2621
002995.SZ,20260304,,4.6463,3.6028,412759.1205,261482.4258
300776.SZ,20260304,36.6569,6.2457,9.9642,2347110.2291,1439460.0299
600293.SH,20260304,,2.3687,2.8576,399089.8958,399089.8958
301049.SZ,20260304,,3.8159,10.6052,227998.8149,103596.9624
300228.SZ,20260304,25.9522,2.8791,2.2118,690026.5091,648596.3703
002791.SZ,20260304,109.0224,1.4446,1.3335,803318.9795,434197.1647
688388.SH,20260304,319.8304,2.692,1.9604,1890994.1786,1890994.1786
300554.SZ,20260304,,4.2126,11.4697,269310.8986,186609.1041
605133.SH,20260304,43.3552,2.1321,2.9826,803064.3917,801215.4381
300091.SZ,20260304,,19.9488,9.1585,827035.1145,475907.7485
601033.SH,20260304,15.0121,1.2869,3.2651,1377900.0,367440.0
301038.SZ,20260304,66.3854,5.3892,6.0632,481629.72,481629.72
301239.SZ,20260304,,2.1865,1.6936,464417.525,464417.525
300606.SZ,20260304,,7.143,8.4704,482142.1736,410095.5837
301031.SZ,20260304,44.7441,9.8298,7.3201,1382807.3587,964172.7091
300907.SZ,20260304,41.2024,3.4385,2.507,274752.0,274752.0
000868.SZ,20260304,850.405,5.0876,1.2421,433116.2928,338064.4007
300702.SZ,20260304,41.1757,2.1223,2.6446,789560.1738,479132.2119
001319.SZ,20260304,27.5494,2.7701,3.228,371457.8,215414.197
300452.SZ,20260304,26.8541,3.7296,3.7223,347929.7271,294766.8399
000571.SZ,20260304,,43.8807,9.6753,622633.718,603982.2866
600581.SH,20260304,,,0.2325,429211.4036,429211.4036
000721.SZ,20260304,,21.725,8.0783,472905.3898,422184.8938
002165.SZ,20260304,166.1831,4.0534,2.9591,828649.1063,820038.442
300842.SZ,20260304,159.2022,8.2595,0.928,1537204.9607,1371746.6576
002263.SZ,20260304,124.9106,2.2944,4.9325,634885.7138,634880.6438
603885.SH,20260304,38.2102,2.8486,1.2679,2799894.7536,2799894.7536
603511.SH,20260304,47.6387,1.3484,1.8838,587085.5392,583942.2643
300676.SZ,20260304,,1.9872,4.9437,1836411.9593,1826444.2448
000607.SZ,20260304,,2.7902,3.6668,432521.8243,376139.2137
002870.SZ,20260304,40.5657,2.8891,0.8192,489076.0801,477544.7307
600501.SH,20260304,,6.4448,4.85,1110631.6232,1110631.6232
300579.SZ,20260304,,9.8489,8.0678,770040.0,748018.5444
920121.BJ,20260304,24.5389,3.3075,4.3194,260110.4365,46819.8827
688584.SH,20260304,112.7592,3.4227,10.7785,1413433.5418,727334.5525
300080.SZ,20260304,,2.104,2.6969,1015372.1963,1014006.4176
002990.SZ,20260304,52.6992,2.7173,5.2644,664842.5784,340468.1901
688593.SH,20260304,1795.455,10.3682,26.1377,1602838.5891,1125513.8498
300326.SZ,20260304,,1.5515,4.2295,432358.6472,429364.6063
002656.SZ,20260304,,4.5943,3.647,195230.4373,185385.606
002589.SZ,20260304,,0.8664,0.6334,463450.8251,420602.1968
002945.SZ,20260304,101.1039,6.898,30.6793,4965300.0,4965300.0
600328.SH,20260304,5107.3607,1.1231,1.1153,1349004.7704,1349004.7704
600970.SH,20260304,9.4741,1.2815,0.5991,2839430.5445,2836089.9454
002892.SZ,20260304,247.3315,6.5812,4.7189,857706.7162,556896.6524
000400.SZ,20260304,28.7094,2.7806,1.9025,3225976.6626,3204057.8873
603359.SH,20260304,,1.1181,11.0914,295761.648,295761.648
301028.SZ,20260304,24.2504,3.4039,4.6101,548422.9545,354800.0775
002148.SZ,20260304,357.5986,3.6145,12.1043,441599.9907,354960.9127
300220.SZ,20260304,1045.0266,34.7314,8.6194,218786.4,218524.9966
300655.SZ,20260304,,6.7819,11.0353,1723197.8339,1712754.032
300013.SZ,20260304,,11.5458,4.4758,226135.3521,180614.429
688059.SH,20260304,62.2632,6.2384,11.4627,1162846.1118,1088318.7226
301329.SZ,20260304,55.9901,2.5347,4.5861,392991.8,138410.696
300405.SZ,20260304,,4.7215,3.4799,197639.0063,152082.2345
002393.SZ,20260304,14.3535,1.1328,4.1986,554069.2993,538390.7119
920826.BJ,20260304,37.109,4.4367,2.7571,173818.0619,77280.9231
300724.SZ,20260304,11.6715,2.9869,2.0369,4002223.4409,3306126.7335
001288.SZ,20260304,46.726,3.8429,4.4346,842750.8573,544458.7637
603214.SH,20260304,22.0086,2.1207,0.6551,243969.0034,243969.0034
688677.SH,20260304,28.6204,3.6437,8.1501,491136.069,491136.069
300780.SZ,20260304,,3.2364,5.8289,331327.53,242921.5921
300365.SZ,20260304,,1.9534,3.226,367711.4025,313687.1902
300948.SZ,20260304,,3.3794,30.0133,326612.5763,307720.9293
920454.BJ,20260304,57.9049,4.8284,10.5303,158806.1,95463.6579
605299.SH,20260304,65.0913,3.9829,3.2126,488616.4685,488616.4685
300663.SZ,20260304,,9.4789,13.4141,716720.0489,685409.4806
688597.SH,20260304,42.7792,3.8885,3.2459,325642.1439,325642.1439
301489.SZ,20260304,214.6034,14.7015,17.6608,1593112.2882,939061.2239
920022.BJ,20260304,25.5363,4.0918,2.6285,175353.147,48299.805
600035.SH,20260304,9.4216,0.7125,1.1748,634385.665,634385.665
300293.SZ,20260304,,6.83,5.0765,638294.2679,528713.5395
002970.SZ,20260304,40.9336,7.3153,5.5136,1407164.567,960586.9098
600183.SH,20260304,47.9924,9.5677,5.6278,16000608.368,15772581.6703
688216.SH,20260304,,4.7932,4.6043,353521.7994,327360.2794
600470.SH,20260304,,2.5391,0.6416,413107.2,413107.2
603248.SH,20260304,51.9721,4.5672,8.6143,1036380.0,156152.9923
301368.SZ,20260304,3430.1527,7.1054,13.6417,689374.0,368057.0656
600847.SH,20260304,,3.9627,3.6666,203872.242,203872.242
300414.SZ,20260304,248.7952,5.3626,11.5289,533041.8269,512619.2283
000415.SZ,20260304,,1.0844,0.5835,3129367.7687,2728835.6009
000429.SZ,20260304,13.9571,2.2566,5.6238,2513148.9635,1566602.547
601952.SH,20260304,25.1916,1.9801,1.3691,1394536.0,1394536.0
300192.SZ,20260304,48.0159,6.6486,8.1428,630309.475,621681.2032
300693.SZ,20260304,29.6395,6.4897,4.0598,1406017.2244,1208494.3474
301292.SZ,20260304,,4.3865,2.5179,1187501.4967,453415.8885
688110.SH,20260304,,16.062,59.5874,5490530.7456,5490530.7456
002005.SZ,20260304,,14.0982,7.6795,520470.1828,520341.9679
002941.SZ,20260304,19.6094,2.4518,1.3612,1152277.1006,1152277.1006
000063.SZ,20260304,30.2801,2.3551,1.3421,17684728.4772,14890115.6947
600918.SH,20260304,28.3937,1.1143,3.9489,4925208.0995,2441877.0324
600520.SH,20260304,458.3725,10.7076,13.0633,415561.89,415561.89
600483.SH,20260304,9.3781,1.0753,1.9994,2821839.867,2821839.867
688480.SH,20260304,108.4261,10.376,9.5319,1192530.4993,1192530.4993
920701.BJ,20260304,33.2519,2.7993,2.6459,237081.6,173158.1107
301533.SZ,20260304,60.9289,2.9997,4.2376,339747.9552,98277.2352
600528.SH,20260304,12.7317,0.741,0.6443,1839444.7149,1839444.7149
600903.SH,20260304,,2.7445,1.2269,822256.7267,822256.7267
301298.SZ,20260304,35.9013,2.5459,3.7407,239284.0,176373.322
605056.SH,20260304,37.6975,5.8442,2.224,958798.8744,944746.8744
001337.SZ,20260304,54.4325,13.2111,25.4012,2287740.0,2287740.0
300284.SZ,20260304,58.1853,1.0585,1.9453,891556.4084,845330.7655
603677.SH,20260304,46.6319,2.741,1.5359,318947.0324,318947.0324
002567.SZ,20260304,,1.1129,0.2361,610479.8934,609783.5951
601618.SH,20260304,16.4814,0.6133,0.135,6403598.3235,5516459.3235
002203.SZ,20260304,43.7192,1.9758,0.3884,3274918.2865,3161149.8734
300398.SZ,20260304,49.2905,3.337,5.2921,1634506.6154,1625580.2448
301020.SZ,20260304,35.7994,3.3099,5.7119,319152.0,319152.0
002331.SZ,20260304,,2.2007,2.7857,368879.7359,340822.799
688318.SH,20260304,94.3166,7.7371,80.5919,2970473.6363,2970473.6363
603869.SH,20260304,123.3151,1.2512,7.0101,468422.5254,468422.5254
000807.SZ,20260304,23.7966,3.8044,2.0012,11874286.1547,11874161.6786
603135.SH,20260304,154.591,2.4127,10.5422,716710.5004,285502.5863
603012.SH,20260304,32.1342,1.3468,1.6018,512028.0,512028.0
002488.SZ,20260304,367.3116,3.4387,3.3884,1205476.7077,1114221.7228
002345.SZ,20260304,49.1044,2.7681,1.2109,956039.6727,933204.2713
300087.SZ,20260304,369.9904,5.4483,2.0691,949226.4145,904100.4918
688620.SH,20260304,,3.2681,7.8699,422576.0,250439.3646
688683.SH,20260304,136.4988,4.9151,6.0266,579629.8844,558330.1885
600283.SH,20260304,22.413,1.6865,2.1494,523810.4547,508252.1545
600063.SH,20260304,25.8328,1.6874,1.7653,1419407.024,1419407.024
002961.SZ,20260304,23.9036,3.2613,6.7405,1188041.1816,1188035.5769
002185.SZ,20260304,57.4363,2.6208,2.8237,4605508.1657,4604462.1205
002142.SZ,20260304,7.1927,0.9482,2.9316,21098472.5804,21086640.1344
002098.SZ,20260304,17.1313,2.3207,1.2056,337594.0,337583.3913
002337.SZ,20260304,88.9028,2.9234,5.9552,384954.7005,384549.7319
002295.SZ,20260304,233.6174,2.1026,0.6166,284449.16,284083.69
600080.SH,20260304,40.986,2.0261,5.8319,321012.4451,321012.4451
601908.SH,20260304,,1.0698,3.0251,941695.1158,941695.1158
300074.SZ,20260304,,2.491,4.6267,245339.0696,244001.3818
600179.SH,20260304,18.6278,1.8131,2.3679,2073448.2197,1892516.4626
920123.BJ,20260304,39.9583,3.7224,1.839,154817.52,88322.4596
300937.SZ,20260304,,3.565,0.6757,296471.0475,206483.1501
603960.SH,20260304,151.4852,5.9672,12.5906,667293.6555,667293.6555
603689.SH,20260304,15.0752,1.3263,0.8772,470269.5461,465895.1951
603002.SH,20260304,315.6678,3.5196,4.5416,1212329.9261,1212329.9261
600584.SH,20260304,57.5949,3.041,2.1598,8564138.132,8564138.132
688606.SH,20260304,23.761,1.3149,5.6914,518655.3534,518655.3534
688621.SH,20260304,33.5743,5.4426,5.4059,658336.0,658336.0
600535.SH,20260304,18.6777,1.6648,2.5067,2064638.9069,2064638.9069
920305.BJ,20260304,,2.5006,22.2023,118609.008,72666.384
301275.SZ,20260304,43.589,5.4073,5.2266,2162688.0,173015.04
002779.SZ,20260304,351.0189,21.9202,16.6196,1659504.0,1488958.8483
002962.SZ,20260304,115.0924,2.4163,3.7018,427873.0714,306872.9353
603065.SH,20260304,100.4768,1.821,2.6188,367015.5931,172285.9466
300770.SZ,20260304,12.7341,2.7623,5.7599,945074.4755,945074.4755
600925.SH,20260304,103.3752,2.1566,2.6522,3320444.4445,774115.4185
688381.SH,20260304,,2.1988,9.908,556875.0,556875.0
002564.SZ,20260304,78.5842,30.4208,2.2041,598656.4205,598656.4205
688159.SH,20260304,157.0897,4.4718,1.2749,401923.5553,401144.8753
600889.SH,20260304,,16.1156,16.2862,600074.7644,600074.7644
000593.SZ,20260304,3661.1417,6.2343,3.1034,545119.1337,544894.4169
688183.SH,20260304,45.3644,11.6314,7.0392,6682851.32,6682851.32
300533.SZ,20260304,14.9384,4.6901,2.8019,715577.9324,503517.6354
603256.SH,20260304,424.078,41.1078,61.0862,6525818.595,6525818.595
600316.SH,20260304,812.9266,5.5874,5.5998,2998972.8892,2998972.8892
300502.SZ,20260304,48.8317,25.2783,18.3384,36715721.9573,32704726.4787
000715.SZ,20260304,28.6032,1.6533,4.2796,324801.2078,323935.034
603535.SH,20260304,24.7314,1.76,3.5305,463402.8391,463402.8391
300001.SZ,20260304,27.5104,3.9635,2.16,3179279.5916,3107046.9913
000887.SZ,20260304,17.4461,1.8629,1.39,2629030.0248,2624798.1042
605577.SH,20260304,20.5503,1.4055,3.6149,558666.6674,558666.6674
603106.SH,20260304,53.8138,3.8562,11.3155,504383.88,504383.88
688568.SH,20260304,1941.4228,15.9533,22.5163,6036349.4726,6036349.4726
601101.SH,20260304,26.3953,1.0298,1.4466,1244158.2081,1244158.2081
000795.SZ,20260304,48.0784,4.4757,3.0069,1163159.8897,1163159.8897
603567.SH,20260304,,0.9632,4.4014,701983.4002,700897.2309
301188.SZ,20260304,90.7467,2.3942,4.3438,421777.694,421777.694
603939.SH,20260304,17.2046,2.5796,1.1712,2826085.6564,2826085.6564
300441.SZ,20260304,16.5223,1.9412,2.6441,479445.4058,466152.5758
301349.SZ,20260304,236.9626,1.6246,4.0759,442986.0,212404.6167
603331.SH,20260304,47.0466,2.5298,2.1961,335611.5558,335611.5558
301248.SZ,20260304,6369.531,5.184,10.0856,791888.16,578717.4624
002565.SZ,20260304,263.6272,8.0139,11.6261,1494584.38,1494520.93
603345.SH,20260304,22.2469,2.0401,2.0009,3085588.9325,2715317.9999
600375.SH,20260304,15.1007,2.574,1.5386,860849.3241,785462.2531
601699.SH,20260304,36.0523,0.9295,1.4344,4346517.5676,4346517.5676
300667.SZ,20260304,,3.1948,5.026,362001.153,305383.3085
688787.SH,20260304,566.3268,10.7472,21.1442,797076.6033,797076.6033
300755.SZ,20260304,,1.9635,0.8439,573514.5984,573029.5309
600163.SH,20260304,20.9646,1.72,6.9243,1195081.5778,1195081.5778
301063.SZ,20260304,49.8629,1.8896,1.6591,296280.0954,285167.9769
688757.SH,20260304,175.6487,12.3155,20.6634,1094184.0615,95076.4583
688531.SH,20260304,66.1081,3.4259,10.7715,1154024.1609,745430.9591
300318.SZ,20260304,,3.6601,5.9037,492590.9985,481519.3089
300610.SZ,20260304,36.6015,2.2212,2.9168,256289.5122,192183.8344
603915.SH,20260304,37.9186,2.8402,3.8691,1025003.3013,1025003.3013
300510.SZ,20260304,,1.704,3.8952,377708.3406,377708.3406
301226.SZ,20260304,158.8688,4.9747,8.868,453478.4,453478.4
600337.SH,20260304,,1.4064,1.1241,353501.5417,353501.5417
920179.BJ,20260304,153.2469,4.7527,12.5983,356707.26,284140.4993
688385.SH,20260304,290.8588,10.8697,16.9696,6757743.503,4425100.183
002481.SZ,20260304,88.4414,2.3905,2.5748,584772.141,529915.4574
603049.SH,20260304,11.0666,1.873,1.0361,4521965.0273,452196.5038
603866.SH,20260304,21.393,1.5775,1.5011,823855.3648,823855.3648
920837.BJ,20260304,28.9739,3.8188,3.6041,217556.1366,196153.6866
002678.SZ,20260304,,2.4201,14.6375,785109.1467,784678.0309
603233.SH,20260304,19.4308,3.3217,0.8238,2210504.098,2210504.098
300827.SZ,20260304,48.8494,5.1575,3.9662,2089820.1876,1446207.639
688455.SH,20260304,128.35,4.2786,1.784,407810.4264,284033.4264
301558.SZ,20260304,2013.7016,4.7695,3.6897,646858.0029,179811.0571
300912.SZ,20260304,,6.8129,6.0333,335800.086,251190.1242
301511.SZ,20260304,883.7302,5.5641,2.0621,2260965.014,1343801.5799
688355.SH,20260304,32.1127,2.325,4.8278,256093.2448,256093.2448
600019.SH,20260304,16.384,0.7572,0.4962,15465280.1718,15465280.1718
603507.SH,20260304,100.8551,2.3683,1.4659,573545.6674,565675.4194
600886.SH,20260304,16.4899,1.6378,2.0101,10854094.2193,10107867.8047
688171.SH,20260304,373.811,5.4898,32.8482,456983.897,456983.897
002666.SZ,20260304,61.5554,1.2265,0.7985,433399.6156,275367.5106
000409.SZ,20260304,118.3499,4.7097,5.3524,741043.622,645490.6152
600395.SH,20260304,251.3186,1.2341,1.3393,1296561.436,1296561.436
300906.SZ,20260304,38.9203,2.9428,16.6013,265040.0,239188.661
601890.SH,20260304,40.6388,3.2931,5.9019,1219397.4,1219397.4
301498.SZ,20260304,34.8675,5.1992,3.6868,2326747.2004,1042606.0048
300535.SZ,20260304,,2.3507,3.0655,227631.2486,166130.7643
000533.SZ,20260304,82.274,8.9637,3.6456,849703.68,842429.952
003031.SZ,20260304,57.6341,5.6165,12.1652,3534450.2031,2665467.8699
002009.SZ,20260304,,5.5218,3.896,1105739.086,973482.9422
600106.SH,20260304,34.2364,1.5194,69.6748,786782.8367,786782.8367
000586.SZ,20260304,372.7982,8.8426,5.9145,299445.12,295962.12
688013.SH,20260304,38.1976,5.6907,9.831,321213.8648,321213.8648
601800.SH,20260304,6.1941,0.4408,0.1716,12856968.9378,9304965.4078
603568.SH,20260304,17.3209,3.232,6.7448,4725083.827,4716562.735
688425.SH,20260304,18.6291,1.4861,2.7503,2762751.446,2762751.446
688428.SH,20260304,,5.6419,26.3517,3760456.2617,571874.5569
002151.SZ,20260304,,4.3771,11.6258,2257966.4872,1841683.6471
300393.SZ,20260304,,4.4155,2.3971,1306463.2022,1146130.155
300675.SZ,20260304,,4.1407,7.5084,221026.7169,221026.7169
000557.SZ,20260304,21.5566,1.1293,5.3848,718978.7444,718752.6856
688500.SH,20260304,,5.1489,7.383,372869.3079,363060.3863
002255.SZ,20260304,22.7229,2.3404,3.8447,1036108.6756,795551.387
002059.SZ,20260304,,3.8853,16.9709,499130.3628,484641.7066
301006.SZ,20260304,27.911,1.9282,6.4378,246247.04,152200.2248
002793.SZ,20260304,,3.4219,1.9962,497027.9381,496272.4522
688025.SH,20260304,93.0167,11.3537,12.61,2609772.0073,2609772.0073
920252.BJ,20260304,305.8776,11.1883,7.4028,295428.6139,196369.5058
002830.SZ,20260304,73.9053,4.5801,4.5026,299214.96,150017.01
601515.SH,20260304,,1.6409,6.6393,858313.9193,858313.9193
002696.SZ,20260304,49.27,1.8475,0.6497,253537.1758,244844.4459
002900.SZ,20260304,,1.9079,4.1525,363175.0234,184968.5152
002741.SZ,20260304,,5.0668,3.4795,974221.7395,893220.8794
603656.SH,20260304,131.2168,3.0452,6.92,401199.1701,401199.1701
600844.SH,20260304,,24.1546,3.8762,337486.0477,273146.5705
600033.SH,20260304,12.685,0.8348,3.3592,1026405.6,1026405.6
688398.SH,20260304,165.0368,4.0014,4.1392,411815.8039,411815.8039
300498.SZ,20260304,20.7053,2.6387,1.0434,10839247.5114,9696689.8282
601168.SH,20260304,24.7723,4.4289,1.2617,7790027.0,7790027.0
301388.SZ,20260304,172.7651,3.9859,7.9384,389300.88,103955.0344
688133.SH,20260304,,1.3166,1.4503,364721.215,364721.215
002648.SZ,20260304,12.9932,2.4876,1.6555,7970215.7025,7965097.5595
920576.BJ,20260304,362.3492,17.894,15.0484,799039.3,785674.2144
603151.SH,20260304,26.9442,2.2572,0.6042,306070.31,306070.31
002785.SZ,20260304,,12.2571,8.3533,1087774.536,928776.1104
300209.SZ,20260304,94.6678,7.0195,59.0602,695548.4584,533195.8438
600037.SH,20260304,,0.8225,4.8751,1042441.6351,1042441.6351
920262.BJ,20260304,41.1276,4.4853,2.6848,161105.1652,72693.1837
002247.SZ,20260304,62.0399,3.6953,3.0773,245901.4442,185983.2542
688232.SH,20260304,219.6136,1.4226,4.1983,769536.9203,769536.9203
601689.SH,20260304,40.4845,4.7541,3.927,11064799.1379,11064799.1379
002670.SZ,20260304,93.0346,2.6858,27405.7092,3036147.8206,2547037.1447
920146.BJ,20260304,,5.3538,3.3284,104887.5742,83246.111
688076.SH,20260304,31.5085,3.4623,5.3033,1030329.1842,1030329.1842
300519.SZ,20260304,42.4411,2.9702,9.5664,245920.0,175371.7
300468.SZ,20260304,233.0803,11.5745,28.7009,1905030.8973,1901960.6934
300123.SZ,20260304,,5.2584,8.7033,773528.4311,757317.0452
920924.BJ,20260304,131.1534,7.3203,4.8198,233477.184,142249.7788
300188.SZ,20260304,,3.7167,6.8989,1149980.6408,1144665.8104
603118.SH,20260304,,1.766,1.0031,889622.3388,889622.3388
300781.SZ,20260304,,9.4557,6.7064,631418.3576,466002.8438
002999.SZ,20260304,56.1007,2.1982,0.1955,263474.736,260535.8753
603021.SH,20260304,,,5.3873,212445.5185,212445.5185
000936.SZ,20260304,21.1874,1.2578,2.0266,673369.7941,673274.3761
605287.SH,20260304,,4.1101,2.0426,638260.0,638260.0
002593.SZ,20260304,45.42,1.8598,1.2784,450160.4962,312955.5061
688589.SH,20260304,158.491,3.4664,9.2668,331639.297,331639.297
000032.SZ,20260304,139.7874,3.0085,0.4236,2201904.9115,2061982.132
600518.SH,20260304,1545.7378,3.579,4.876,2572174.7843,2570957.507
603036.SH,20260304,35.4208,2.9731,9.4379,407891.9295,407891.9295
920018.BJ,20260304,37.0587,4.1675,1.4835,400960.797,139260.7462
600178.SH,20260304,1353.2391,2.153,1.0156,547643.013,547643.013
002474.SZ,20260304,,3.6978,10.355,505226.4,430981.9473
300238.SZ,20260304,147.7061,6.7897,9.8886,388453.102,388421.4301
002162.SZ,20260304,,6.8079,5.1463,559178.1867,558444.4256
920693.BJ,20260304,385.1792,6.9075,8.3435,244199.3,122972.99
002554.SZ,20260304,,2.6473,2.4058,626848.4338,626731.1468
688790.SH,20260304,,5.0202,7.4256,1399017.4065,169482.6236
300726.SZ,20260304,59.4644,4.08,11.3429,2050550.5883,1067688.9081
603124.SH,20260304,80.4708,9.227,1.6797,1658143.129,332500.5045
301382.SZ,20260304,54.4428,5.1878,4.8179,961023.4836,593210.9304
301515.SZ,20260304,,1.99,3.9995,242400.0,158943.0132
300279.SZ,20260304,77.6416,4.8608,2.7439,503772.4747,501552.5281
301529.SZ,20260304,63.3227,7.1099,5.8108,964259.7289,514180.9047
300619.SZ,20260304,,4.8245,4.7495,761074.5041,636259.7416
300562.SZ,20260304,38.8554,2.9294,3.0191,297314.6157,220548.835
601888.SH,20260304,46.7106,2.8792,2.9786,15880562.0217,14987202.2757
002402.SZ,20260304,50.0986,5.8354,2.8149,3065175.9148,2697143.3518
920089.BJ,20260304,18.2254,2.3651,1.5116,300431.992,171118.6015
000790.SZ,20260304,,2.6491,3.7521,246992.8681,246555.3871
603229.SH,20260304,41.192,3.2437,10.1366,761382.482,761382.482
600818.SH,20260304,,5.1839,2.7561,289624.5669,214400.0769
002317.SZ,20260304,,3.6507,6.0096,1471229.6557,1318359.7298
920895.BJ,20260304,,5.7333,16.9161,111126.184,56496.7454
601137.SH,20260304,16.6416,1.8474,0.9681,1891603.7365,1890202.9365
603898.SH,20260304,204.7273,1.3601,2.4734,428099.4603,428099.4603
600666.SH,20260304,67.7795,8.816,23.5571,996023.9566,875950.5625
603909.SH,20260304,26.7989,2.6002,0.4112,292214.5899,292214.5899
601066.SH,20260304,17.7603,2.208,7.3791,17786101.1695,14894573.6833
603061.SH,20260304,97.02,9.9928,24.3397,1538100.0,1538100.0
605086.SH,20260304,58.9845,5.1517,22.2985,658560.0,658560.0
688223.SH,20260304,,2.5996,1.0847,7103694.8464,7103694.8464
601399.SH,20260304,73.9657,2.3936,2.5508,3541855.942,3541855.942
002820.SZ,20260304,,2.5378,4.8114,226378.5685,226378.5685
920167.BJ,20260304,101.7359,3.5428,0.6829,220713.159,131119.8069
002198.SZ,20260304,94.1009,5.2468,9.0733,372004.7186,371983.3883
601866.SH,20260304,22.8821,1.2633,1.4202,3880110.8111,2867083.2431
688599.SH,20260304,,1.9629,0.617,4151029.9396,4151029.9396
600714.SH,20260304,116.0202,8.6987,18.698,657330.0787,657330.0787
603665.SH,20260304,,7.2149,3.2298,513622.0497,510614.6499
002937.SZ,20260304,51.3103,5.2013,4.5269,793282.4541,791084.6009
300358.SZ,20260304,,1.3679,1.3157,730824.6168,716728.9802
600369.SH,20260304,31.1313,1.1127,8.6472,2870687.1416,2870687.1416
301015.SZ,20260304,21.5525,4.769,1.499,1135873.6304,1135724.5214
300450.SZ,20260304,96.5219,4.9043,6.3261,8338978.3842,7769002.3565
600359.SH,20260304,3313.7258,4.6188,6.0061,309025.3842,309025.3842
601949.SH,20260304,21.4113,1.2634,2.1995,1218539.5546,1218539.5546
603899.SH,20260304,18.1127,2.6838,0.9801,2395443.9506,2395443.9506
000862.SZ,20260304,50.3438,1.5029,5.1404,673778.7469,460927.8426
688580.SH,20260304,37.6687,3.0425,11.1227,514674.9017,514674.9017
300849.SZ,20260304,,5.2462,9.9342,309150.0,250345.5954
002633.SZ,20260304,449.6307,6.3304,8.5742,269400.0,268356.075
301607.SZ,20260304,48.2342,6.3077,2.1716,718819.3454,517285.1508
300543.SZ,20260304,89.163,2.1854,1.9552,320464.4154,261707.9532
920992.BJ,20260304,79.381,2.4266,4.9158,151674.1045,76076.1973
002309.SZ,20260304,,5.4308,5.3281,1010575.5694,781776.8582
688309.SH,20260304,98.1343,4.5656,11.9864,352621.0356,352621.0356
002800.SZ,20260304,,6.5813,2.85,323994.5266,311481.3184
000755.SZ,20260304,16.8498,1.4689,5.0299,799684.0568,799684.0568
002996.SZ,20260304,35.9199,1.6289,0.3411,523499.6058,317310.4548
688486.SH,20260304,52.698,5.9995,15.9443,905961.5992,905906.6888
600012.SH,20260304,12.8247,1.9851,3.3212,2468915.2796,1684292.0
002405.SZ,20260304,,2.9195,6.5807,2401467.2486,2386477.2848
600105.SH,20260304,117.5889,12.061,8.2159,3918146.0694,3918146.0694
601999.SH,20260304,28.0994,1.4348,1.6381,380131.143,380131.143
603969.SH,20260304,25.4919,3.2588,2.6388,869346.816,855621.7176
002216.SZ,20260304,20.4234,2.4527,1.7063,1110409.4526,796201.5213
600547.SH,20260304,45.672,7.4675,2.2271,22113831.9314,17338484.7356
001382.SZ,20260304,72.5352,5.5491,2.9045,882916.0,132866.0
002522.SZ,20260304,65.9966,2.2096,3.1047,509953.7949,509526.1919
300861.SZ,20260304,575.4053,1.8984,6.3279,1201250.7067,754294.4215
600561.SH,20260304,,2.1109,1.2672,191168.4096,191168.4096
300368.SZ,20260304,,33.9544,46.5605,632616.3961,632616.3961
000553.SZ,20260304,,0.7537,0.4692,1390897.6243,1299711.9607
601600.SH,20260304,17.3891,3.477,1.0337,24788933.5675,19035512.6721
300631.SZ,20260304,43.4149,2.6916,5.8158,352747.4991,339904.9164
603199.SH,20260304,21.1885,2.7882,5.23,451574.4,451574.4
301522.SZ,20260304,124.8963,7.4885,5.8275,1416812.0013,1072197.5013
688189.SH,20260304,,2.7293,15.061,213757.6,213757.6
002429.SZ,20260304,34.188,2.5634,2.3287,4205527.8239,4203105.3737
000869.SZ,20260304,48.0512,1.2524,4.041,1291476.8515,894279.9397
001367.SZ,20260304,27.3284,2.3568,6.6304,338372.0152,88168.5939
603166.SH,20260304,33.3551,3.7309,4.8883,953626.0115,946337.0165
600156.SH,20260304,,7.8702,3.3102,310831.5726,310831.5726
002273.SZ,20260304,31.686,3.807,5.4535,3649018.9479,3574443.9049
600487.SH,20260304,42.1723,3.8775,1.7758,11934062.2706,11829786.2828
002881.SZ,20260304,76.2724,7.2729,3.3525,1200416.2262,834307.9124
301092.SZ,20260304,48.5612,2.6231,7.9452,508543.3735,229402.8475
920720.BJ,20260304,56.7822,6.9873,4.8406,348736.4348,97850.7027
688733.SH,20260304,,2.7793,9.2997,585940.6323,585940.6323
300143.SZ,20260304,66.2322,3.1407,4.6938,792919.797,678562.2444
002298.SZ,20260304,,3.3935,3.6036,774156.0024,691043.5736
300292.SZ,20260304,59.1502,4.4047,1.4019,617211.888,513334.614
688258.SH,20260304,180.2641,16.4332,43.8368,1480358.1361,1480358.1361
688073.SH,20260304,30.931,2.3001,3.5562,470773.6706,223953.011
300855.SZ,20260304,130.7192,8.7707,16.6741,1728868.1865,1280511.2792
301215.SZ,20260304,40.4654,3.0456,15.5688,873774.0,872784.0
002839.SZ,20260304,5.5117,0.5981,2.2777,1082844.8235,1081843.2231
601916.SH,20260304,5.828,0.4582,1.2685,8129532.245,6377153.045
301632.SZ,20260304,68.1082,3.5597,8.0569,948875.52,166084.954
000949.SZ,20260304,66.9273,1.855,1.5914,1201252.4435,1200922.5692
002380.SZ,20260304,26.4123,3.3652,4.3766,819571.4813,484082.7044
603013.SH,20260304,20.5767,2.5557,1.2397,1118083.0408,1118083.0408
603268.SH,20260304,90.8884,14.1381,9.624,11406645.0603,2740685.056
603739.SH,20260304,44.9018,2.1152,2.6978,375241.8083,375241.8083
301178.SZ,20260304,,4.0324,10.5012,310865.52,230064.9903
002446.SZ,20260304,,3.7491,8.0128,953863.1844,883383.9424
600515.SH,20260304,148.164,1.9509,10.08,4592974.46,3688757.0282
300148.SZ,20260304,56.0653,3.6855,7.4419,380093.4837,367197.8391
603878.SH,20260304,65.0553,1.943,2.1992,507829.4402,507829.4402
002443.SZ,20260304,29.2037,1.4705,1.1461,502837.3123,501766.0686
301141.SZ,20260304,187.3749,5.7957,10.4069,740846.7497,265873.7897
300886.SZ,20260304,70.7102,3.5433,5.7007,205844.096,120114.6176
600050.SH,20260304,16.0228,0.9001,0.3864,15163246.2836,14921910.6716
300149.SZ,20260304,,3.9088,4.5857,489996.5681,466960.1215
002197.SZ,20260304,,2.4456,6.3014,506849.4156,440550.0099
688270.SH,20260304,257.2851,15.2049,79.4023,3427822.3224,3427822.3224
600230.SH,20260304,184.9311,2.4877,2.1419,1000957.7343,1000957.7343
301552.SZ,20260304,23.0647,3.1612,5.4528,363949.6,90987.4
688528.SH,20260304,,4.0842,6.8878,185976.0,185976.0
605028.SH,20260304,26.4825,3.3071,13.3555,435360.0,435360.0
600237.SH,20260304,57.774,3.4128,4.6981,656563.0254,650225.0426
002465.SZ,20260304,,3.5295,9.851,4246417.885,4239664.8435
300732.SZ,20260304,,0.9168,1.6257,267173.8119,266877.8537
002428.SZ,20260304,695.0367,19.9466,27.2984,2903118.4,2902743.3531
600007.SH,20260304,16.8433,2.1026,5.2726,1994419.4173,1994419.4173
688701.SH,20260304,,9.1382,9.8995,130114.7735,130114.7735
000756.SZ,20260304,27.6184,2.0306,1.2425,1055475.404,755832.4562
688118.SH,20260304,409.2619,3.5011,9.006,305612.2351,305612.2351
301378.SZ,20260304,,2.4865,7.9895,324576.0,154272.8242
920981.BJ,20260304,250.7065,4.774,4.2087,242785.9,118458.0372
601100.SH,20260304,50.006,8.4199,13.6886,14022305.9343,14022305.9343
688075.SH,20260304,65.8082,0.9341,10.6469,482914.659,482914.659
600478.SH,20260304,67.5131,4.4014,2.8013,1277469.8826,1277469.8826
688600.SH,20260304,60.7787,4.3709,4.8769,346335.5278,346335.5278
301336.SZ,20260304,68.4757,2.6048,5.8713,215920.0,164262.7432
301285.SZ,20260304,,16.5302,19.1549,1684360.5,639773.4352
603266.SH,20260304,34.1846,2.4013,2.8229,377089.278,377089.278
603076.SH,20260304,218.7454,2.3906,2.076,309961.0514,309961.0514
300880.SZ,20260304,50.913,4.3237,6.1165,453108.7642,453060.4387
300175.SZ,20260304,,5.9478,11.4556,306961.6,306961.6
301281.SZ,20260304,88.1059,3.3573,10.5673,460232.5,292621.0
300508.SZ,20260304,51.8859,5.3385,8.7123,451718.2102,340225.0856
002058.SZ,20260304,16.6366,78.3363,4.9492,313434.6054,312712.3515
688303.SH,20260304,,1.2611,10.1707,4921101.9309,4921101.9309
600262.SH,20260304,19.3572,2.7684,1.4066,487390.0,487390.0
002375.SZ,20260304,17.0682,0.6558,0.5023,537338.5957,532044.2729
000799.SZ,20260304,,4.0065,15.1945,1507345.5382,1507213.3267
300333.SZ,20260304,,5.6833,27.7549,329616.0,328419.2457
301230.SZ,20260304,146.2661,5.3368,8.018,535175.0436,481611.0922
002386.SZ,20260304,,1.0446,0.6606,784893.185,784746.9358
300720.SZ,20260304,191.0982,12.634,32.9965,739754.0638,662978.9578
600006.SH,20260304,55.9221,1.6396,1.3762,1372000.0,1372000.0
603520.SH,20260304,,1.6033,1.7439,416927.7968,416927.7968
300703.SZ,20260304,32.0176,4.3886,1.8994,409489.4768,385131.7934
002983.SZ,20260304,37.5112,3.856,4.4848,516666.1985,295976.7634
002668.SZ,20260304,8.7356,3.0095,0.5455,1023401.188,1023401.188
920694.BJ,20260304,31.1844,3.1258,3.9038,276857.4457,130979.9643
600960.SH,20260304,,1.3788,1.5495,509476.3176,509476.3176
601099.SH,20260304,81.9408,2.7141,18.1005,2699261.2825,2699261.2825
600526.SH,20260304,17.9822,1.1488,1.0988,513670.2415,504598.1269
300938.SZ,20260304,50.3231,5.213,12.276,946226.8083,659669.2823
002968.SZ,20260304,25.2689,2.2676,0.9065,279453.062,263247.8551
300793.SZ,20260304,,1.9903,2.7564,595172.9524,581943.8584
300068.SZ,20260304,,3.4467,2.1961,1325091.766,1258440.1077
920491.BJ,20260304,38.381,3.3443,5.2478,358644.8204,293676.2554
603829.SH,20260304,40.2077,3.0469,2.0056,456910.888,456910.888
002646.SZ,20260304,612.4274,1.391,3.467,398138.7264,395497.5175
003025.SZ,20260304,27.652,3.2283,5.8755,400658.4703,319472.8744
300552.SZ,20260304,,3.6078,6.5012,647924.6605,418797.775
300801.SZ,20260304,48.1224,2.4089,2.1444,604395.81,377670.9429
601369.SH,20260304,19.6493,2.2209,1.9177,1950973.1249,1931431.1825
002518.SZ,20260304,66.4804,6.9024,6.615,3212135.8436,3117879.664
600597.SH,20260304,15.4778,1.1349,0.4451,1072452.5876,1072438.2724
603515.SH,20260304,15.5065,2.0005,1.919,1331085.4367,1318684.6959
603105.SH,20260304,25.7594,2.3404,7.036,499009.0838,499009.0838
603132.SH,20260304,38.1283,5.7179,11.1574,1803432.0,1803432.0
002913.SZ,20260304,39.0338,3.157,2.6337,1393212.6126,1324390.1875
600956.SH,20260304,21.3198,1.5555,1.8476,3700408.3199,1925432.7151
601818.SH,20260304,4.6917,0.385,1.4854,18907376.3395,14850180.9795
600926.SH,20260304,6.2815,0.8975,3.0809,11953605.2017,11953605.2017
002166.SZ,20260304,48.9033,2.0947,3.439,644458.5903,642925.6743
920047.BJ,20260304,,21.1081,88.2052,586119.2084,384887.4345
000529.SZ,20260304,33.0602,1.0831,1.6023,343268.714,335092.0137
300559.SZ,20260304,127.5006,3.6625,10.2699,443061.6548,345050.7478
603189.SH,20260304,924.5946,3.5232,20.0529,531010.2475,531010.2475
688426.SH,20260304,,1.8793,13.1929,254685.773,87000.014
001389.SZ,20260304,49.1211,12.2394,9.1176,4457373.8125,1582774.9677
600841.SH,20260304,,4.3444,2.543,1373943.5662,1032594.2392
300968.SZ,20260304,206.7309,2.7431,4.0632,520445.42,520445.42
300634.SZ,20260304,50.148,3.981,6.5061,1160063.2239,1117288.4685
300295.SZ,20260304,,1.6956,19.4705,191130.6237,168866.0951
688370.SH,20260304,156.6493,1.4183,7.1301,375264.2648,375264.2648
301106.SZ,20260304,32.5096,2.4433,3.4394,312573.5099,312573.5099
300126.SZ,20260304,,2.4298,5.4134,253804.596,175895.0078
920578.BJ,20260304,,6.2715,10.0277,165959.6405,49910.0
301093.SZ,20260304,247.1544,5.7589,20.6969,1251873.1814,1196464.7474
600827.SH,20260304,62.7609,0.7683,0.6068,1523679.5719,1370200.2317
300718.SZ,20260304,88.3252,13.0625,17.6807,2187958.8367,1419505.2077
002378.SZ,20260304,250.6807,24.1316,11.4286,5403976.6617,5375655.9178
600488.SH,20260304,270.0382,1.4556,1.5307,440030.332,440030.332
001268.SZ,20260304,43.0074,3.384,4.3022,347437.4021,202582.4021
601198.SH,20260304,19.8628,1.4892,8.8955,4370266.343,4370266.343
600276.SH,20260304,47.0853,5.9095,11.3493,35163884.9325,33795954.0477
605333.SH,20260304,18.8447,3.6234,1.5056,1237595.7628,1164881.808
002035.SZ,20260304,11.7056,1.3441,0.8585,511135.1317,471568.7132
605081.SH,20260304,,1.211,12.0383,108037.7067,108037.7067
301317.SZ,20260304,21.2876,6.2679,9.9218,843167.16,279983.2758
301306.SZ,20260304,,9.2125,27.9601,843240.4,582475.3
688348.SH,20260304,,2.4655,7.3303,845460.9234,845460.9234
002114.SZ,20260304,,3.8641,2.6263,326629.2197,326624.7312
688590.SH,20260304,,2.7625,1.8593,393557.6353,393557.6353
002301.SZ,20260304,113.8641,1.6455,0.4739,508522.0928,506183.1072
603639.SH,20260304,25.9047,1.4185,1.2267,501045.9222,487045.6555
600130.SH,20260304,742.2276,3.4923,7.0066,335250.0,335250.0
605377.SH,20260304,18.278,1.2698,1.4588,487643.1548,487643.1548
300094.SZ,20260304,,4.0439,1.3976,416293.7164,407935.9202
300862.SZ,20260304,,2.1297,7.9141,423882.703,347777.4321
000692.SZ,20260304,,,1.0001,209403.3596,209403.3596
600299.SH,20260304,30.5023,1.841,2.1265,3634139.5233,3164643.5021
688408.SH,20260304,,2.2542,1.3501,925115.2366,925115.2366
300596.SZ,20260304,21.7312,2.3001,1.8487,1096433.9099,1065038.877
920092.BJ,20260304,,6.049,20.1937,213678.3274,113425.5581
920185.BJ,20260304,35.1343,2.5003,1.8605,3159616.5448,3102586.4702
688529.SH,20260304,,2.6902,2.0784,305407.5306,305407.5306
688616.SH,20260304,23.6372,2.7582,4.2027,245389.4665,245389.4665
603289.SH,20260304,29.3121,2.1048,2.6573,306591.5489,306591.5489
000029.SZ,20260304,,5.8324,19.4656,2136625.92,1883185.92
002016.SZ,20260304,34.5269,0.9693,3.2732,474939.136,474939.136
300760.SZ,20260304,24.7733,5.658,6.4426,21308657.4996,21308028.7539
301603.SZ,20260304,24.4911,3.6286,3.3672,840006.56,262467.27
301216.SZ,20260304,,1.9417,0.7124,1176622.5619,1111997.5372
601899.SH,20260304,22.1558,6.0136,3.0825,100934626.9994,78200990.3594
600330.SH,20260304,987.6991,2.6887,7.2602,2156043.3592,2156043.3592
300378.SZ,20260304,74.0153,5.0979,4.8941,1160884.0733,1152281.7045
000708.SZ,20260304,15.6808,2.1744,0.8243,8812337.8767,8812337.8767
603501.SH,20260304,34.4252,4.4745,5.0042,14314534.7888,13738521.8216
603399.SH,20260304,,3.4874,1.1366,578376.1427,578376.1427
301616.SZ,20260304,19.7333,2.7593,4.0803,394000.0,98500.0
603288.SH,20260304,30.3206,5.4959,7.3851,20773978.5512,19740131.9312
300158.SZ,20260304,,1.5477,1.9191,559658.9236,559311.1533
688017.SH,20260304,309.9616,10.9468,68.0537,3871932.24,3871932.24
002626.SZ,20260304,23.1405,2.5207,3.1859,1115570.6962,1115401.5137
600816.SH,20260304,421.9467,1.9221,,2667845.4768,1482136.376
688670.SH,20260304,,2.0519,19.9328,225702.4,225702.4
301179.SZ,20260304,54.3691,3.2474,6.3878,787785.9444,462660.6147
002909.SZ,20260304,5130.0508,3.0722,2.3676,276120.0,269342.5872
688638.SH,20260304,,2.623,2.943,213024.0,100657.7277
002043.SZ,20260304,18.5988,4.2369,1.5056,1361627.1017,1207975.8
688563.SH,20260304,57.3029,2.9505,10.7505,3072600.0,798800.8442
000833.SZ,20260304,39.375,5.0202,6.7127,1959486.8659,1108394.0495
600833.SH,20260304,39.8286,2.3678,1.318,274842.3795,274842.3795
603680.SH,20260304,22.1636,2.0404,2.2478,1118366.6805,1118366.6805
002188.SZ,20260304,82.1598,6.717,5.487,217851.1734,171403.7627
000778.SZ,20260304,52.6139,0.7704,0.5558,2017259.7831,1981845.1975
920027.BJ,20260304,36.3519,3.4999,4.3987,160070.2735,85293.2735
300593.SZ,20260304,,6.9232,14.1433,1652450.3366,1371502.624
603530.SH,20260304,77.9609,17.7727,17.9908,2901352.0286,2872990.7461
688357.SH,20260304,34.6621,1.9578,4.0614,341504.3534,341504.3534
301389.SZ,20260304,134.8314,6.8473,40.5074,1500565.5,447623.9658
002107.SZ,20260304,41.3691,5.4705,4.8469,395965.7856,391976.295
603833.SH,20260304,14.039,1.8526,1.8458,3370442.8131,3370442.8131
600545.SH,20260304,,1.9192,1.5759,613253.8921,613253.8921
002676.SZ,20260304,73.9364,3.9813,1.8095,519120.0,519103.0269
600758.SH,20260304,129.0762,0.9687,1.0595,536739.062,536221.818
000524.SZ,20260304,105.3462,3.7257,1.904,847813.8752,847485.4002
000566.SZ,20260304,,26.0991,8.7993,726524.4706,726171.9545
920753.BJ,20260304,52.4866,4.2686,7.1756,172577.2602,68648.833
002887.SZ,20260304,29.2326,1.5137,7.0882,346683.6743,220482.9511
002392.SZ,20260304,26.2708,1.6245,1.3812,936916.2903,900234.6484
300573.SZ,20260304,27.0986,9.3318,7.2727,1751128.2189,1346809.6807
002713.SZ,20260304,,,12.4966,881952.6056,488066.2703
000963.SZ,20260304,15.9953,2.4508,1.3725,5914558.9739,5912381.7578
600715.SH,20260304,,7.7719,25.2857,872868.5025,615410.0318
300650.SZ,20260304,66.2496,2.8531,1.3465,361716.6808,282262.23
301370.SZ,20260304,52.0641,2.041,0.7085,511542.2,351914.6858
688173.SH,20260304,,4.193,6.5193,612472.2358,608328.2192
002511.SZ,20260304,44.3015,2.0495,1.2962,1124294.2086,1105623.6414
300061.SZ,20260304,,11.5964,13.113,607592.1702,573640.468
603367.SH,20260304,14.9387,1.2133,2.0661,736178.2138,736178.2138
002966.SZ,20260304,6.7487,0.7358,2.9176,3621236.2289,3560939.0294
000758.SZ,20260304,29.682,2.7219,1.822,1622208.543,1610576.3658
920106.BJ,20260304,27.9923,6.838,9.4138,395588.565,305147.5972
920225.BJ,20260304,42.637,4.8099,7.5739,351438.4175,229223.7844
688379.SH,20260304,26.1618,4.278,1.9614,501235.8333,501235.8333
000507.SZ,20260304,16.8279,0.9275,1.1711,507693.662,498099.6592
000757.SZ,20260304,56.8547,1.6663,0.8427,265292.6153,265287.598
000876.SZ,20260304,36.678,1.6331,0.3726,3962441.3893,3960533.009
688087.SH,20260304,24.5277,2.5987,2.0847,737990.3093,708291.5985
002747.SZ,20260304,,9.6715,4.2223,1877044.7662,1686083.1047
600300.SH,20260304,14.2056,1.6396,1.7206,577319.7583,577319.7583
000609.SZ,20260304,,,17.7651,276521.3423,268937.8433
002705.SZ,20260304,10.8926,1.2643,0.6739,1091161.0483,1086090.9696
601368.SH,20260304,52.8427,0.9721,1.8847,471507.6231,471507.6231
603348.SH,20260304,298.1985,1.3981,1.0262,603796.2086,603796.2086
920046.BJ,20260304,223.9304,13.3269,15.9801,336020.3,212864.7474
601919.SH,20260304,6.3793,1.0896,1.0705,24270609.8238,19901589.8163
300052.SZ,20260304,,9.4827,18.5883,358484.574,358474.3065
301560.SZ,20260304,52.3691,4.7987,4.3838,465971.2,93194.24
688004.SH,20260304,,2.9718,10.1067,172829.904,172829.904
600624.SH,20260304,,5.4817,5.1572,341032.1649,341032.1649
300923.SZ,20260304,44.0693,1.9185,4.0986,217093.2,211205.997
920088.BJ,20260304,137.3993,11.2128,17.4727,778816.2745,281042.0182
002320.SZ,20260304,115.4165,5.5444,4.5347,2232432.4699,2232432.4699
600499.SH,20260304,21.7722,2.5148,1.9004,3162545.1888,3162545.1888
002852.SZ,20260304,12.9103,1.6379,0.5919,363230.5301,301243.0059
301586.SZ,20260304,63.7077,3.2067,5.4213,409484.1073,261116.1255
600871.SH,20260304,129.6143,8.4793,0.9947,8094658.5707,5784574.2739
002067.SZ,20260304,124.698,1.1699,1.3761,774298.2728,702242.0228
601225.SH,20260304,12.8019,2.5934,1.3852,24489570.0,24489570.0
688800.SH,20260304,61.4938,7.9919,5.9797,1888296.0696,1888296.0696
002398.SZ,20260304,74.6233,1.0528,1.4766,379732.3935,309714.2302
003010.SZ,20260304,57.8505,11.2615,3.2122,883408.9118,642243.7969
000958.SZ,20260304,127.1858,5.7967,25.7256,11414145.5736,3536894.8808
000050.SZ,20260304,192.9945,0.8221,0.6256,2261127.8481,2261099.3511
300837.SZ,20260304,101.5839,3.0445,6.9786,419807.6278,317323.9528
601990.SH,20260304,27.148,1.4499,10.8781,3308520.1018,2772143.4976
000048.SZ,20260304,22.4478,2.1778,1.827,920039.7038,913233.8193
002075.SZ,20260304,42.0806,1.8591,0.8735,1213185.4711,1213183.5218
300669.SZ,20260304,394.8934,7.3771,19.9593,644792.69,610644.7892
301265.SZ,20260304,78.8049,2.276,5.482,481424.3862,267664.2136
600332.SH,20260304,13.5983,1.0714,0.5238,4061225.7906,3511915.5906
688485.SH,20260304,,3.0745,16.6797,385950.0152,227930.4875
600234.SH,20260304,60.1305,7.1667,7.4694,358341.1281,358341.1281
603881.SH,20260304,177.3489,7.936,14.6514,2606271.7524,2606271.7524
002025.SZ,20260304,286.1231,3.5758,4.3272,2327682.2247,2319763.8137
002915.SZ,20260304,,4.814,4.6582,715138.0129,614463.7084
000725.SZ,20260304,24.1923,1.2097,0.765,16003149.7236,15699598.7149
600113.SH,20260304,164.5684,9.3464,32.2262,2375015.1857,2320060.3112
000543.SZ,20260304,8.12,1.1282,0.6609,1938168.148,1938168.148
603089.SH,20260304,19.7531,2.0682,1.1312,309402.8825,309402.8825
601860.SH,20260304,6.7949,0.5037,2.3462,1003115.2308,973135.1602
600131.SH,20260304,34.3674,3.7787,2.1931,2330800.5606,2326035.5148
920263.BJ,20260304,96.9077,3.1813,5.8151,184745.708,134192.608
002799.SZ,20260304,,2.1818,3.0522,277154.64,277151.0028
603390.SH,20260304,67.9166,2.6811,4.659,433235.2443,431833.1901
688612.SH,20260304,21.0298,3.2311,1.8475,1171630.7339,705884.6036
600720.SH,20260304,10.7276,1.0706,1.3819,1633752.0423,718443.437
300555.SZ,20260304,,5.4711,16.8611,260000.0,257380.3219
600989.SH,20260304,18.3832,4.3006,4.466,19763405.2,19763405.2
600562.SH,20260304,56.6087,5.6211,10.1586,3588969.1576,3588969.1576
001380.SZ,20260304,21.1817,3.1694,2.8838,587753.6314,190968.361
300388.SZ,20260304,16.1624,1.273,1.6177,586377.3609,585309.7407
601058.SH,20260304,12.8735,2.2552,1.3286,4751304.8743,4751304.8743
601798.SH,20260304,,2.7085,4.4842,343183.2957,343183.2957
301055.SZ,20260304,69.6615,4.8772,3.1997,319176.0,319176.0
000009.SZ,20260304,323.5075,2.2623,1.0177,2280025.1451,2277202.0911
002848.SZ,20260304,,16.9291,12.3671,195398.35,192798.7418
002221.SZ,20260304,36.6073,1.2778,0.4654,1420091.1181,1316248.4759
603322.SH,20260304,,18.7009,2.1888,538789.2555,538789.2555
603091.SH,20260304,27.9794,3.776,5.4998,799405.1225,240956.1917
688113.SH,20260304,29.3323,2.6594,5.3802,261260.8969,261260.8969
300765.SZ,20260304,,11.1293,19.592,4104220.5824,4104220.5824
301010.SZ,20260304,102.0718,2.6645,2.1725,220752.0,220752.0
688205.SH,20260304,389.1983,12.2715,30.4962,2847711.354,2847711.354
300375.SZ,20260304,87.439,1.7947,1.5021,411018.7005,275659.6387
002316.SZ,20260304,431.4442,27.9002,3.4136,213464.16,185025.8925
603305.SH,20260304,45.8605,1.9867,4.1349,1802905.3474,1802905.3474
001325.SZ,20260304,24.1538,2.2293,2.7389,390980.8,97745.2
001230.SZ,20260304,23.5357,1.8586,2.272,356235.9553,208490.9946
600737.SH,20260304,24.53,2.9719,1.1139,3351575.1733,3351575.1733
688390.SH,20260304,174.5115,8.6613,2.6721,2374474.7979,2373832.5447
300394.SZ,20260304,142.3625,53.4783,54.6278,26086967.6384,26034502.6646
920682.BJ,20260304,32.2817,2.6561,0.8107,307282.56,178199.1889
688302.SH,20260304,,3.7685,193.9717,401013.1719,401013.1719
300564.SZ,20260304,166.8338,2.0188,7.4737,243747.2672,171032.7343
601009.SH,20260304,6.4349,0.773,2.5266,14032648.8231,14032648.8231
603300.SH,20260304,21.4886,2.1308,2.3618,1391824.3075,1391824.3075
002195.SZ,20260304,319.2026,5.5209,85.4467,5511779.1645,5444426.3841
301295.SZ,20260304,154.15,3.3827,4.4479,322761.6,94138.8
002573.SZ,20260304,,0.9313,0.6206,553369.4279,552384.2643
002374.SZ,20260304,,4.4174,6.4171,372226.7841,372226.7841
002628.SZ,20260304,,1.4376,5.0522,411862.6258,410058.9323
301584.SZ,20260304,38.6075,5.5693,0.5995,1156858.2457,138463.9003
301132.SZ,20260304,41.3117,3.1136,3.5798,565393.2987,361696.0957
301314.SZ,20260304,175.2944,2.4995,15.1064,261608.75,76943.75
688662.SH,20260304,136.828,7.4699,10.2036,545764.4,545764.4
002576.SZ,20260304,36.6743,2.3788,1.6997,310718.2,304935.8886
600665.SH,20260304,,1.116,0.2688,296394.0247,296394.0247
300629.SZ,20260304,334.5034,3.6913,18.1168,628055.7132,541651.4244
920690.BJ,20260304,26.9441,3.2794,5.0736,198303.3,128909.3483
600568.SH,20260304,,3.2164,9.6741,552024.9016,462331.6363
002601.SZ,20260304,40.1418,2.2117,1.969,5135670.3126,4281296.401
300382.SZ,20260304,,3.4097,3.806,784563.9927,784489.2486
600774.SH,20260304,,1.6891,2.7241,282050.9763,281869.0772
301362.SZ,20260304,63.8321,4.9602,7.5348,1236048.03,350373.03
600318.SH,20260304,130.3063,4.4653,14.8392,488116.7057,488116.7057
603318.SH,20260304,,3.4485,1.9429,489828.6759,489828.6759
300110.SZ,20260304,,2.7214,2.9372,368850.4504,368424.4534
301129.SZ,20260304,57.306,2.3572,8.4946,397228.1002,193743.7475
002171.SZ,20260304,36.6643,2.4042,0.3539,2085475.1655,2073657.789
002775.SZ,20260304,,7.5256,4.4324,267224.3893,198000.8293
001227.SZ,20260304,6.8138,0.4289,1.6738,1292923.2571,957372.507
301508.SZ,20260304,46.6557,3.4717,8.0593,708777.102,184452.114
000750.SZ,20260304,33.5026,1.1383,7.4371,2567242.1398,2330073.9988
300190.SZ,20260304,,1.2125,2.0434,381839.6376,380633.7507
301458.SZ,20260304,79.0558,6.1466,13.6085,1016533.4604,447841.3344
600678.SH,20260304,204.2478,13.7888,7.1279,388774.86,388774.86
300973.SZ,20260304,21.0169,2.7144,1.5418,657210.562,452238.4578
603908.SH,20260304,78.5082,4.1217,2.107,219686.5647,219686.5647
300287.SZ,20260304,,6.2349,14.7149,670272.8683,615609.6591
603169.SH,20260304,204.2124,4.3729,2.1292,1447371.3122,1447371.3122
920523.BJ,20260304,17.0721,3.5521,4.7783,253152.1211,201005.0858
002199.SZ,20260304,,9.9188,7.9733,189154.7161,189154.7161
002758.SZ,20260304,12.7934,1.17,0.1263,559787.8964,559143.5446
688307.SH,20260304,81.1372,5.7007,7.8214,514889.2,514889.2
603341.SH,20260304,37.8584,3.0693,0.5109,2186519.2545,1113834.4849
300792.SZ,20260304,113.4042,3.0884,8.0908,904173.4577,811028.4962
688155.SH,20260304,30.8534,4.7098,3.6252,1085453.1287,1085453.1287
603332.SH,20260304,51.2856,2.1786,1.7765,278006.1314,278006.1314
301397.SZ,20260304,40.1685,2.3633,3.2964,463097.1216,210444.9491
002645.SZ,20260304,,2.481,1.4168,990353.3681,881987.6755
300527.SZ,20260304,735.2948,2.9344,8.2861,854087.1125,854087.1125
688716.SH,20260304,368.9831,3.6976,14.1609,437804.64,251597.9577
000717.SZ,20260304,,0.8252,0.2302,647166.7725,647090.7777
688793.SH,20260304,,7.3602,2.3039,177649.1811,177649.1811
300908.SZ,20260304,21.7608,2.2269,3.6145,392010.0,330664.9297
601089.SH,20260304,24.1314,3.0321,3.2681,1117440.0,1117440.0
002168.SZ,20260304,,135.2899,9.1714,306607.8769,306607.8769
300230.SZ,20260304,18.3884,1.2653,1.7327,412299.2146,319320.007
000782.SZ,20260304,,2.3961,1.5555,411948.9054,316883.7738
300600.SZ,20260304,,3.5196,17.7037,429876.5753,429876.5753
002774.SZ,20260304,36.2852,3.0008,2.5427,359919.3651,301214.1985
000972.SZ,20260304,,,7.9137,288460.0585,288460.0585
000856.SZ,20260304,126.9342,5.6714,0.9043,237896.0,237896.0
603896.SH,20260304,32.57,1.9232,6.6358,431180.5064,431180.5064
002430.SZ,20260304,31.6101,3.1363,2.1463,3174760.0507,3173509.8333
920152.BJ,20260304,,10.6913,3.707,222794.7417,164404.6112
688376.SH,20260304,68.7674,4.1165,4.1545,800150.5007,800150.5007
002971.SZ,20260304,95.4803,4.3157,4.3761,688203.75,523264.7745
301299.SZ,20260304,54.4757,6.4441,10.8598,367113.8048,367113.8048
301386.SZ,20260304,39.5546,2.5856,7.1583,383460.0,117560.63
301587.SZ,20260304,73.4315,1.712,5.172,338707.164,168868.539
688221.SH,20260304,,7.8324,48.2078,692595.9294,692595.9294
603931.SH,20260304,47.5265,3.7589,9.691,606457.9168,606457.9168
688567.SH,20260304,,1.7711,1.8041,1638841.3098,1638841.3098
688530.SH,20260304,,7.0139,10.3733,565278.3184,239392.6165
301363.SZ,20260304,50.6159,4.3483,9.742,1589994.9481,1043102.4074
920533.BJ,20260304,96.6581,9.2391,4.8711,339838.2955,189988.4802
600301.SH,20260304,71.575,9.7407,8.1762,4377366.9547,1905322.9125
600170.SH,20260304,12.2716,0.7883,0.1019,2488063.1283,2488063.1283
603589.SH,20260304,14.5036,1.5048,3.2652,1576044.8087,1576044.8087
300784.SZ,20260304,44.8006,3.5712,5.4838,285799.4832,86032.4157
688553.SH,20260304,,1.9879,7.4862,747230.4,606004.0749
300109.SZ,20260304,39.6713,2.5529,6.5677,950227.7598,879793.0413
000070.SZ,20260304,,11.4711,4.2663,1729562.284,1707152.0747
300566.SZ,20260304,26.6038,2.4038,2.3097,499833.5161,432279.5819
600227.SH,20260304,,2.2568,2.4078,540392.8592,408831.937
688177.SH,20260304,,23.7282,9.4419,881576.32,881576.32
601186.SH,20260304,4.5454,0.3554,0.0935,9695792.631,8213317.287
600506.SH,20260304,91.1489,10.2505,2.0481,491760.49,491760.49
600892.SH,20260304,,265.1455,7.8816,200288.1793,200236.3939
002290.SZ,20260304,100.0844,16.4758,6.1256,1563107.679,1558559.8665
600787.SH,20260304,26.9678,0.8974,0.1961,1247795.7597,1247795.7597
600985.SH,20260304,20.5778,0.888,0.8987,3676298.1378,3676298.1378
002581.SZ,20260304,,2.9998,21.757,560775.2481,340672.4869
002803.SZ,20260304,29.5208,3.0301,1.1634,776048.3112,497551.0339
603077.SH,20260304,,1.3715,3.2512,2490493.4983,2490493.4983
000919.SZ,20260304,118.4161,1.1709,1.2904,444054.113,443941.4438
603629.SH,20260304,79.9723,7.9123,4.6668,1502387.88,1470734.552
300581.SZ,20260304,,9.011,57.0818,860921.4395,860921.4395
603733.SH,20260304,17.7514,2.0672,1.4185,1712692.293,1712692.293
688660.SH,20260304,,4.3026,1.302,1781333.4224,1781333.4224
920021.BJ,20260304,327.5953,5.3242,8.2863,342680.9811,274538.1324
300616.SZ,20260304,,0.9264,0.808,291421.742,201200.6981
300561.SZ,20260304,,6.2075,38.7531,372402.5516,273600.3465
688227.SH,20260304,,6.5057,16.7674,825303.5075,825303.5075
002826.SZ,20260304,46.4967,4.9776,6.3577,399279.2085,365039.4586
002027.SZ,20260304,17.7474,6.7358,7.6407,9632947.2172,9632947.2172
688092.SH,20260304,48.3985,3.7348,5.478,246420.6089,246420.6089
002121.SZ,20260304,,21.5764,3.1258,1597705.6539,1346725.3526
002282.SZ,20260304,21.8949,1.1047,2.3418,399870.3061,383300.7972
001223.SZ,20260304,74.7107,2.6054,5.98,507648.176,507648.176
300460.SZ,20260304,,4.6231,4.8645,258059.1067,258059.1067
000638.SZ,20260304,,4.6431,1.4154,64768.4026,64510.285
002069.SZ,20260304,,153.4334,1.8546,278044.8679,277694.5319
002442.SZ,20260304,35.1839,1.7456,0.7156,320092.1589,313271.1384
688169.SH,20260304,25.3433,2.4595,1.8516,3446892.0135,3446892.0135
600149.SH,20260304,164.6213,11.3602,12.7315,264971.52,264971.52
300478.SZ,20260304,,66.985,7.6987,344043.868,344043.868
002209.SZ,20260304,22.5766,3.6051,1.5619,295956.1974,232437.3165
601019.SH,20260304,11.7988,1.1809,1.5746,1821863.7,1821863.7
300237.SZ,20260304,,,1.8965,347501.4981,347498.2446
002212.SZ,20260304,551.5605,0.9973,3.8035,928230.2028,918310.8973
002347.SZ,20260304,,3.9775,3.9255,455241.453,445031.3767
688322.SH,20260304,259.3611,11.0702,35.0388,3296202.2201,2618563.9131
688225.SH,20260304,,4.482,0.9949,771619.29,771619.29
300692.SZ,20260304,52.4176,1.4968,3.7265,364587.0034,326329.5731
300768.SZ,20260304,67.4455,3.2248,9.0793,1095153.1953,715555.773
600865.SH,20260304,181.6289,1.9914,24.7769,457508.2243,457508.2243
601898.SH,20260304,13.2637,1.4697,1.4291,22804901.048,15741440.688
301075.SZ,20260304,,10.5812,35.6623,631600.0,631600.0
603170.SH,20260304,21.6213,3.8542,1.9062,544013.6,544013.6
688010.SH,20260304,397.6663,2.9122,7.4751,504805.6012,504805.6012
688119.SH,20260304,,2.2906,3.2281,644625.0,644625.0
301505.SZ,20260304,131.6478,2.9112,9.6303,278220.7781,182209.8857
301323.SZ,20260304,42.7619,2.8246,6.4764,610830.5717,391488.091
600502.SH,20260304,6.7563,0.7334,0.0919,805054.4169,805054.4169
301580.SZ,20260304,48.4738,4.2071,8.8269,877026.1395,592699.8442
601010.SH,20260304,41.0425,1.0231,2.5943,437976.0,437976.0
301126.SZ,20260304,,1.4043,0.4543,244429.808,164081.0901
688581.SH,20260304,20.9052,1.8515,7.7997,465802.9776,238635.8031
688019.SH,20260304,52.8641,12.5566,16.6614,4171920.6375,4171920.6375
300125.SZ,20260304,,,55.2019,561311.539,304163.1267
002524.SZ,20260304,,20.5018,2.6802,229837.882,227842.3665
603099.SH,20260304,69.5458,6.6721,12.9188,1013980.8668,992812.41
600333.SH,20260304,,1.9091,1.5939,356891.9808,356891.9808
002594.SZ,20260304,22.8207,3.9806,1.0405,87515979.4264,33474034.259
002950.SZ,20260304,14.5185,1.7601,1.891,656696.2271,468719.0317
300418.SZ,20260304,,4.6673,8.5798,6554218.6516,6549695.9604
002048.SZ,20260304,71.2729,2.0597,0.845,2316169.0652,2020094.736
300099.SZ,20260304,67.471,2.8252,11.2358,645844.3634,509317.1222
301051.SZ,20260304,,1.9233,2.4116,424157.7796,336345.641
603109.SH,20260304,22.5486,2.5857,1.6667,514184.6623,514184.6623
002873.SZ,20260304,323.0187,1.9187,3.2091,242395.0794,236998.1393
688190.SH,20260304,46.119,5.2096,7.1254,1346400.0,1346400.0
920139.BJ,20260304,,5.0439,16.6515,526617.444,504761.614
002310.SZ,20260304,,9.0592,39.9262,1391842.7311,974179.5343
300415.SZ,20260304,18.3639,4.0735,2.2304,1270271.8097,1228332.7888
002569.SZ,20260304,,67.1847,16.208,193837.46,188381.3481
600279.SH,20260304,12.6349,0.9426,1.5116,634973.4614,634973.4614
002682.SZ,20260304,,3.6969,1.7021,398156.9646,398151.0174
600802.SH,20260304,,2.6038,1.6654,288238.2436,288238.2436
300805.SZ,20260304,119.911,3.189,2.0028,497870.6443,338236.1359
300520.SZ,20260304,,6.7997,7.2958,1203167.7942,1145394.744
002330.SZ,20260304,,1.3617,0.9522,311939.8074,311872.7491
688577.SH,20260304,157.4277,7.3543,8.4786,746575.7019,746575.7019
301151.SZ,20260304,40.4348,1.5988,3.7078,327191.9376,326881.6065
603599.SH,20260304,17.9545,1.3057,3.4112,1301685.1634,1301685.1634
000547.SZ,20260304,,9.9798,19.7469,4691504.3695,4664070.317
002453.SZ,20260304,,5.3806,14.1408,493106.8455,371947.2236
002493.SZ,20260304,198.3616,3.3425,0.4725,14604564.5753,13687534.2128
002810.SZ,20260304,38.9748,2.8408,3.2428,634946.8271,588004.2095
605080.SH,20260304,16.3684,1.5239,3.2546,335168.7091,332351.6416
300590.SZ,20260304,62.6783,2.9659,6.3226,540863.0247,416730.2094
300697.SZ,20260304,46.2146,6.2584,2.5139,767503.36,357445.5023
300400.SZ,20260304,46.3024,7.4044,6.5809,504661.664,499040.672
600365.SH,20260304,,5.1696,1.7975,139387.21,131174.96
603606.SH,20260304,41.9571,5.4179,4.1991,4153800.8227,4153800.8227
002140.SZ,20260304,17.0871,1.9848,0.9083,910505.8394,909152.3283
002472.SZ,20260304,27.4827,3.4361,3.8268,3254731.1803,2893178.839
300751.SZ,20260304,88.0613,9.3069,8.848,7314543.6521,5061772.7152
002200.SZ,20260304,,,6.4213,329772.7997,143075.6841
002068.SZ,20260304,,2.3246,0.6742,623572.7262,623284.9362
920496.BJ,20260304,165.1176,3.1782,2.948,178655.425,156453.3081
300438.SZ,20260304,,4.5985,2.4217,2395914.3936,1923821.7729
601636.SH,20260304,33.6571,1.3313,1.2729,2014843.1888,2014843.1888
002715.SZ,20260304,,4.6483,4.0537,219282.0,219282.0
002858.SZ,20260304,,4.52,5.0342,245879.757,220467.657
600900.SH,20260304,19.4001,3.0692,7.7181,66284401.7926,66284401.7926
301017.SZ,20260304,,2.9603,0.5926,588940.5756,353716.5756
600073.SH,20260304,2251.0257,1.2232,0.2731,613275.0747,613275.0747
603916.SH,20260304,42.8618,1.1329,1.3056,477450.8178,470764.4178
688328.SH,20260304,118.202,3.5627,4.3964,295742.6596,295742.6596
002579.SZ,20260304,221.0735,2.9098,2.16,703898.7944,670340.2662
605088.SH,20260304,22.2112,2.3373,1.5782,671225.9615,661257.2027
002568.SZ,20260304,28.4888,4.1647,6.746,1977562.5747,1363122.1067
001300.SZ,20260304,,3.7481,7.7214,388335.031,388335.031
300462.SZ,20260304,57.8281,1.5427,3.0354,220547.0985,167987.4291
603536.SH,20260304,,6.0226,1.4386,242623.1608,240772.7923
600235.SH,20260304,81.8277,1.6042,2.0498,242748.3,242748.3
300820.SZ,20260304,55.5624,4.6637,7.3828,1181941.4965,594443.9713
003000.SZ,20260304,19.034,3.5662,1.9392,474791.5494,324387.4906
920402.BJ,20260304,,2.7542,8.9762,425436.5475,275056.2632
001236.SZ,20260304,638.6434,5.301,7.3304,989637.778,744432.378
688653.SH,20260304,,3.9368,8.2369,562860.48,419561.7776
002179.SZ,20260304,34.9829,3.0563,3.4875,7428776.5724,7356280.1138
688222.SH,20260304,91.9321,7.0246,19.9436,1048178.88,1048178.88
601702.SH,20260304,18.2712,3.7135,1.8496,2276649.768,2276649.768
603373.SH,20260304,34.3671,2.4902,1.6218,444731.184,187898.9267
300421.SZ,20260304,132.1939,5.8504,6.8622,742426.9721,581618.7818
600755.SH,20260304,28.9627,0.7311,0.0461,1421518.0295,1417885.3939
600415.SH,20260304,18.0475,3.4185,4.1702,7583762.4096,7583762.4096
600486.SH,20260304,26.6661,2.9148,2.8374,3284350.8492,3273520.0634
002513.SZ,20260304,,66.2032,1.168,256530.687,197415.2093
300682.SZ,20260304,,2.7575,4.4012,1859956.7912,1780300.0276
002714.SZ,20260304,12.1904,3.3722,1.7676,27037174.2689,17950845.1747
688419.SH,20260304,65.2011,5.0855,17.9106,528197.7458,274398.5028
300225.SZ,20260304,84.5411,2.7209,3.029,234862.2175,234678.2025
002128.SZ,20260304,14.5838,1.9818,2.4232,7379259.939,7379259.939
002236.SZ,20260304,15.1272,1.5444,1.7807,5830704.3883,3753716.6767
688802.SH,20260304,,15.444,123.7471,20345085.0,922366.7771
300254.SZ,20260304,150.2875,10.4127,3.6037,306049.7328,269988.3457
603486.SH,20260304,23.3187,4.3081,1.9548,3751988.9842,3715889.1661
301288.SZ,20260304,,2.6884,17.5395,213643.78,154500.8303
301118.SZ,20260304,,2.2692,2.0473,304142.064,289944.7979
300597.SZ,20260304,,2.7426,5.2882,258941.5285,257803.6261
002161.SZ,20260304,52.2212,3.394,9.7064,570352.9554,543356.5616
688217.SH,20260304,,1.84,8.9883,156396.5088,156396.5088
601088.SH,20260304,17.7378,2.3099,3.0781,91613745.5125,76040176.0105
603638.SH,20260304,48.1917,5.3173,5.9759,1829226.4708,1829226.4708
600860.SH,20260304,,10.5325,5.033,813016.6922,659400.5702
603317.SH,20260304,23.3746,3.1127,3.8774,1366029.0807,1366029.0807
600765.SH,20260304,127.2702,2.1702,2.9113,3088007.6022,3066175.9522
603282.SH,20260304,24.6742,2.2809,2.9333,301496.46,144607.5861
600729.SH,20260304,9.8168,1.2831,0.6811,1002030.7502,437898.4701
300467.SZ,20260304,378.3748,9.5641,21.5298,610630.7155,506514.6084
002529.SZ,20260304,,8.8626,5.0052,171340.0,171340.0
300928.SZ,20260304,,2.2063,2.3756,242240.0,162259.8554
300773.SZ,20260304,116.5269,6.0209,3.801,2066705.4107,1954658.4442
001301.SZ,20260304,19.5611,2.8108,2.6715,1900727.5268,1355953.1781
301050.SZ,20260304,103.6392,4.1289,18.6466,1301819.2925,1107785.5972
000829.SZ,20260304,,3.6978,0.1344,1078405.6608,1077384.4118
688498.SH,20260304,399.0957,32.6705,126.692,7619695.6485,7447020.0
920510.BJ,20260304,,7.8087,14.5079,304137.1968,155027.3778
603261.SH,20260304,,3.3091,7.7231,220036.7575,220036.7575
688211.SH,20260304,,1.1891,1.6258,413777.7465,413777.7465
002726.SZ,20260304,,3.8164,0.3889,412239.3832,411926.5252
600143.SH,20260304,38.5554,2.4377,0.6675,4650467.9394,4650467.9394
600569.SH,20260304,,2.6844,0.2547,732467.4534,732467.4534
688805.SH,20260304,95.2316,5.8518,12.3452,715322.88,134459.4525
002585.SZ,20260304,,0.9779,1.5425,843437.4103,655169.1613
600809.SH,20260304,15.476,4.9076,5.0645,19031441.8632,19031441.8632
300988.SZ,20260304,35.7185,2.8869,1.9137,367438.778,279368.3293
002494.SZ,20260304,136.7188,1.677,5.1625,205634.3413,156289.8887
601512.SH,20260304,17.0104,0.8965,4.0966,1351998.78,1351998.78
688571.SH,20260304,29.2809,1.8947,2.5429,317703.8543,317703.8543
002575.SZ,20260304,,5.1526,10.154,427234.5,405748.3815
600650.SH,20260304,63.0214,1.827,4.5955,782183.1317,553814.1864
300157.SZ,20260304,315.1764,,12.3665,692868.7527,650490.8368
600651.SH,20260304,371.1746,7.3917,9.6336,1842665.591,1842665.591
605033.SH,20260304,105.2393,2.7477,3.5955,313393.6,313393.6
000816.SZ,20260304,,2.7766,4.5851,568676.234,564517.1755
300538.SZ,20260304,,2.9169,0.8448,280700.3581,186680.2377
300766.SZ,20260304,,10.835,36.088,1701371.4527,1544057.6638
688021.SH,20260304,127.0966,2.0458,5.1145,178349.6155,178349.6155
001210.SZ,20260304,47.4554,2.7639,3.1624,358473.7773,217853.61
688468.SH,20260304,65.6657,2.0661,8.7654,291605.516,291605.516
600663.SH,20260304,26.3479,1.5973,2.0187,3992876.8674,2502457.144
002552.SZ,20260304,40.5021,5.6134,2.5573,756959.3808,718949.9168
688401.SH,20260304,39.3907,6.5012,8.5475,987430.5495,987430.5495
300226.SZ,20260304,41.99,3.983,0.1137,847161.5397,814293.3549
300627.SZ,20260304,40.6151,6.8894,7.5113,2765140.0728,2277480.513
600082.SH,20260304,38.1679,1.297,3.0751,230663.3499,226457.7421
603958.SH,20260304,,6.1362,3.2222,422487.36,422487.36
301429.SZ,20260304,46.9222,1.8053,2.4577,242942.1,90504.5283
605180.SH,20260304,93.9218,2.1954,7.1498,250965.0,250965.0
002103.SZ,20260304,27.4466,3.9343,1.6521,472297.2905,333287.4303
300609.SZ,20260304,,4.427,12.1704,441180.1435,440499.9773
920003.BJ,20260304,19.1692,3.4394,5.232,194207.5723,39957.0726
002479.SZ,20260304,20.9509,1.1207,0.8477,472290.0,471237.7728
688627.SH,20260304,364.0495,14.4091,22.1794,2505319.2323,1928100.1335
601921.SH,20260304,13.48,1.2708,1.5927,1728888.8895,1728888.8895
002925.SZ,20260304,67.4372,3.797,4.4359,1737027.0383,1645589.3136
002123.SZ,20260304,,4.9925,2.7227,861801.1013,770474.6518
603799.SH,20260304,25.1365,2.823,1.8078,13449694.6812,13360003.6004
001360.SZ,20260304,102.3832,3.7011,6.6319,524688.0,210341.1075
301228.SZ,20260304,,7.2115,12.8576,497880.0,495557.7798
002700.SZ,20260304,41.0182,2.2347,4.4198,305671.2287,194700.5419
688783.SH,20260304,,7.6256,35.7411,9468641.0,386028.2392
688192.SH,20260304,,14.8342,27.6007,2211190.0746,2192383.6963
300945.SZ,20260304,42.2167,3.1031,1.7974,511825.8914,465596.4636
002110.SZ,20260304,46.0519,0.5534,0.2358,1088226.1497,1088226.1497
002831.SZ,20260304,19.3418,2.4788,1.6307,2853591.85,1584078.9789
920007.BJ,20260304,32.9224,4.6069,2.8997,298985.9561,71615.7377
300739.SZ,20260304,202.3997,3.8894,5.9924,1049782.4463,964617.5793
600894.SH,20260304,11.69,0.9105,1.0889,776730.6661,768947.7338
002623.SZ,20260304,,1.7786,2.4865,503827.1875,502748.0324
688036.SH,20260304,23.6772,2.9921,0.9324,6118545.8567,6118545.8567
920346.BJ,20260304,38.0821,4.0034,6.4077,184695.6059,102142.5142
300939.SZ,20260304,49.4327,2.8929,3.2084,401520.0,401520.0
603236.SH,20260304,23.4872,3.3617,0.9759,2266609.4246,2060554.0253
920033.BJ,20260304,90.5502,2.7226,8.2479,202768.1955,140859.1505
000576.SZ,20260304,61.4204,2.9018,10.0028,479187.199,476329.1566
301076.SZ,20260304,106.1631,5.9502,15.716,697601.1068,438038.2809
920957.BJ,20260304,256.2183,3.4976,2.2297,137131.1049,54576.6501
000786.SZ,20260304,15.7978,1.8164,1.9235,4878608.4964,4842129.4752
301665.SZ,20260304,28.496,3.7882,2.6065,1330200.0,113067.0
301468.SZ,20260304,201.8561,4.0244,19.6499,904291.4452,521268.1117
600467.SH,20260304,90.6595,1.0848,2.6894,371092.5532,371092.5532
603336.SH,20260304,602.6302,4.0868,5.5115,582544.0304,582544.0304
301595.SZ,20260304,89.7687,7.6664,6.1714,662348.76,149028.471
300962.SZ,20260304,45.5902,4.6873,12.8443,468603.3672,468603.3672
001979.SZ,20260304,22.3632,0.8906,0.4614,8799647.3989,8212086.6617
688472.SH,20260304,48.3724,2.1034,1.2272,4940097.9919,1827419.3542
603626.SH,20260304,,6.0896,4.0426,1298973.3543,1298973.3543
688347.SH,20260304,3696.5736,4.4784,12.1016,19930641.2537,4676892.5
688283.SH,20260304,123.2387,5.8463,23.7508,576357.6,576357.6
002635.SZ,20260304,65.0682,1.5733,1.9583,917624.3054,549934.1966
002463.SZ,20260304,38.2627,9.6774,7.7197,14625162.8812,14613359.6936
603959.SH,20260304,,124.4635,2.7999,295650.2922,295650.2922
002049.SZ,20260304,44.1848,4.8217,10.2852,6328004.4453,6326874.3975
301300.SZ,20260304,36.5037,3.6469,6.0107,292255.552,174633.6506
000565.SZ,20260304,602.2844,2.8135,9.4958,350776.106,350776.106
605138.SH,20260304,85.2738,1.6183,1.1214,390011.1207,390011.1207
605365.SH,20260304,37.5334,2.6809,1.4671,999507.6361,999507.6361
002434.SZ,20260304,35.1163,1.9107,1.9198,1136711.6,1135621.3493
000523.SZ,20260304,12.6808,3.4646,3.1014,655262.2406,473082.175
002530.SZ,20260304,160.2846,5.4645,6.5297,723875.1046,645769.5773
688219.SH,20260304,30.408,2.079,0.9656,625444.8,625444.8
688575.SH,20260304,323.5306,2.8803,4.2954,777088.088,777088.088
301638.SZ,20260304,99.9876,7.2362,11.4131,7717011.1082,570296.8459
688186.SH,20260304,35.1592,1.5945,1.5311,753955.3889,753955.3889
603226.SH,20260304,,12.1726,33.525,1105223.9129,1105223.9129
300986.SZ,20260304,85.9936,5.3387,4.1427,1137048.171,1136109.9587
603312.SH,20260304,25.0628,4.5836,2.5632,728797.7225,231938.3225
000430.SZ,20260304,,21.6196,12.6396,578889.291,264947.8875
601238.SH,20260304,,0.7119,0.7939,7861937.8089,5692830.8457
301613.SZ,20260304,33.9267,4.7429,2.7348,752433.5631,438887.4231
600929.SH,20260304,,1.3887,2.3371,1046392.2573,1046392.2573
300008.SZ,20260304,56.0547,7.0404,3.4612,1645083.7346,1568220.1476
600028.SH,20260304,24.8224,1.0775,0.3172,89484880.5243,70116831.7775
002348.SZ,20260304,,17.9348,23.771,798489.6,761678.3182
300331.SZ,20260304,,7.7834,6.2397,1217816.1213,985912.8993
603389.SH,20260304,,48.9538,54.8437,1145073.216,1145073.216
002825.SZ,20260304,21.9804,2.2102,1.8391,357928.8131,268858.1204
605018.SH,20260304,64.8173,2.0242,2.676,548566.7804,548566.7804
002132.SZ,20260304,340.7129,1.4861,0.9882,515768.4489,515009.4334
688020.SH,20260304,,5.2969,20.4829,732543.089,732543.089
300659.SZ,20260304,,3.1061,4.5235,373142.2777,272746.8007
600118.SH,20260304,1912.4449,17.3046,16.6908,10990054.0207,10990054.0207
300036.SZ,20260304,,3.1193,5.5382,840167.082,747604.6098
000837.SZ,20260304,258.4516,2.4019,2.8511,1167409.4,1149447.2075
688699.SH,20260304,,4.1966,7.5178,499913.5949,499913.5949
300413.SZ,20260304,44.3357,1.7918,3.2252,4149258.7677,2266130.5068
920855.BJ,20260304,37.8703,2.3053,4.9614,132875.8661,119191.6278
688361.SH,20260304,1042.3157,11.7518,29.2965,6015454.2484,4265392.051
300624.SZ,20260304,,13.4583,9.5034,1453309.1475,1287160.0847
000839.SZ,20260304,,8.0764,3.8127,1238665.1272,1238665.1272
300274.SZ,20260304,20.1272,7.1675,3.269,30830727.0863,23640569.2161
301356.SZ,20260304,56.3252,1.6964,3.2665,509112.0,129187.17
600152.SH,20260304,,2.927,3.4236,498392.7713,498392.7713
300049.SZ,20260304,119.5054,7.7249,10.0119,1471941.1245,1297099.9548
600540.SH,20260304,,7.1309,0.7175,311036.6736,311036.6736
300741.SZ,20260304,,1.5226,8.1064,1037141.92,1037136.3628
002686.SZ,20260304,309.8509,2.3081,2.2449,378813.98,349708.1148
300810.SZ,20260304,,6.5302,20.32,485893.8,469185.0009
920876.BJ,20260304,288.6381,7.4336,3.4542,190616.5572,114540.5418
600927.SH,20260304,34.0994,1.6402,1.8844,2151311.1118,2151311.1118
688157.SH,20260304,277.3275,4.4859,8.3831,606014.0039,606014.0039
002587.SZ,20260304,,3.1213,5.2727,415033.6274,339328.4457
920199.BJ,20260304,385.8971,5.0215,9.6885,265628.22,147916.2945
603327.SH,20260304,103.4358,4.2785,3.9777,1023504.7134,1023504.7134
601311.SH,20260304,14.4644,1.0942,0.6573,1078121.2824,1078121.2824
002512.SZ,20260304,,15.5851,3.3506,605198.1678,595381.7694
600966.SH,20260304,72.9291,1.4638,0.5564,1080170.1847,1080170.1847
600358.SH,20260304,,43.6866,8.0367,320129.8424,320129.8424
002893.SZ,20260304,36.0672,2.4299,2.4009,295540.44,227314.8308
300648.SZ,20260304,,7.5029,8.9559,1021811.8482,777943.5468
002382.SZ,20260304,,0.8091,1.0785,623418.4567,618818.126
002243.SZ,20260304,52.9473,1.6591,5.0409,1205761.8021,1199325.7208
688147.SH,20260304,171.0467,12.6434,13.8315,3640375.592,3640375.592
002898.SZ,20260304,,4.3228,8.1299,199056.0,114527.9565
002760.SZ,20260304,,3.0819,4.2838,254853.3462,254853.3462
002963.SZ,20260304,,1.7472,6.513,225690.2549,171432.14
688728.SH,20260304,760.9851,4.8787,4.9259,3833264.7472,3683359.693
301668.SZ,20260304,53.8144,6.1013,6.816,604560.0,126672.1707
300059.SZ,20260304,26.2286,3.7377,97.3785,33220087.1929,28117163.3888
600616.SH,20260304,134.3979,1.8063,6.2737,347213.5691,347213.5691
300831.SZ,20260304,556.3164,5.9775,46.0753,547840.0,315837.0189
002324.SZ,20260304,71.4844,4.0172,1.9626,1837579.4817,1282407.8892
300004.SZ,20260304,105.1331,3.897,11.6961,693590.7491,693590.7491
300756.SZ,20260304,84.6425,4.7122,10.0549,689964.8145,574526.4854
300915.SZ,20260304,418.8854,2.1219,3.1017,326301.2219,149362.7328
001318.SZ,20260304,34.5802,2.7934,8.2197,402790.5,402790.5
300373.SZ,20260304,33.5875,4.7485,6.3093,4389706.7712,4380012.5609
002303.SZ,20260304,17.7784,1.2985,1.4131,574246.3819,362601.3776
603119.SH,20260304,117.7225,16.0439,24.4449,3142732.176,1761518.7331
605117.SH,20260304,36.5042,13.3437,9.3034,11198302.3358,11198302.3358
688162.SH,20260304,53.6899,1.7912,1.0021,434472.356,434472.356
301276.SZ,20260304,24.0146,1.5541,2.8907,323870.4,115114.2009
920204.BJ,20260304,80.1581,3.3983,5.1938,167266.5519,88676.828
600595.SH,20260304,31.3421,2.1861,1.6095,3647193.6537,3647193.6537
603398.SH,20260304,,6.3513,16.1037,408056.6741,408056.6741
002588.SZ,20260304,12.6397,1.6863,1.0578,1234828.2026,920416.595
002649.SZ,20260304,55.9026,1.6979,1.065,721144.4634,675805.4318
000672.SZ,20260304,18.9096,1.6007,2.7148,1420164.3343,1420164.3343
688083.SH,20260304,462.4961,3.7121,11.1375,995823.464,995823.464
000892.SZ,20260304,,7.4331,10.9379,627827.5027,454935.3306
600839.SH,20260304,32.5923,2.8809,0.4114,4454675.6742,4453435.0789
603063.SH,20260304,25.5016,2.6855,3.1671,1330176.4924,1330176.4924
688548.SH,20260304,121.8278,5.8108,14.3778,3485850.8925,1826174.1833
000659.SZ,20260304,,32.8228,5.6023,557994.8937,557994.8937
300076.SZ,20260304,,3.432,25.5459,308672.0,308672.0
600658.SH,20260304,,1.0027,3.99,555936.7674,555936.7674
002697.SZ,20260304,14.7697,1.6183,0.8018,758880.0,638855.595
002376.SZ,20260304,84.2722,1.568,2.2322,594142.3426,572700.0123
300661.SZ,20260304,69.1315,7.8722,10.4289,3861553.3136,3703502.1687
002515.SZ,20260304,126.9896,2.6432,22.4209,690050.0735,690041.8142
002906.SZ,20260304,21.9084,2.4192,1.3536,1638797.246,1638205.7581
600939.SH,20260304,,0.7884,0.2316,591669.7076,591669.7076
603103.SH,20260304,98.1496,12.6214,6.8011,1562668.8,1562668.8
301048.SZ,20260304,27.6483,2.1278,1.7945,583466.7396,583466.7396
603686.SH,20260304,59.9984,2.5348,1.7739,859940.9363,859940.9363
688126.SH,20260304,,3.7681,17.1742,6382000.1719,5274832.8667
301011.SZ,20260304,43.663,3.7596,3.5509,357733.2247,325562.1601
000661.SZ,20260304,37.8566,1.578,2.8179,3630644.0081,3556569.6552
301157.SZ,20260304,93.515,2.9905,12.3091,327180.0,112659.2799
301279.SZ,20260304,61.6545,2.7952,5.5765,376372.7607,284447.3232
000889.SZ,20260304,,45.3786,2.0501,322084.1439,299228.2885
688679.SH,20260304,,5.188,4.0596,570216.2928,570216.2928
603177.SH,20260304,214.2354,6.9524,2.4286,251768.736,251768.736
002967.SZ,20260304,34.9731,2.986,4.0614,1406476.8541,1210293.7307
688709.SH,20260304,120.4614,9.2748,33.2346,2834606.1127,986992.5632
688367.SH,20260304,301.3164,5.1078,15.3765,303794.4882,303794.4882
600017.SH,20260304,17.8511,0.6966,1.2394,971906.6286,971906.6286
688570.SH,20260304,80.3994,1.832,4.8697,788060.0,342524.0
300570.SZ,20260304,79.7758,18.0556,17.8845,2997847.5175,2536755.7106
601038.SH,20260304,20.025,2.0823,1.5019,1632656.5846,1063167.7646
600313.SH,20260304,200.5777,4.5175,1.7259,1073109.5474,999951.5646
301081.SZ,20260304,199.3174,2.6511,3.2228,285358.0027,273767.6724
688608.SH,20260304,53.0523,4.4284,8.854,3120834.0975,3120834.0975
601519.SH,20260304,,16.6486,27.6563,2257696.6,2257696.6
002094.SZ,20260304,131.1535,3.2176,2.9663,497446.2353,497126.5553
301535.SZ,20260304,87.519,9.8749,14.2952,1095982.9421,164397.4421
603067.SH,20260304,57.155,8.533,6.9084,2963870.3551,2963870.3551
601677.SH,20260304,12.2026,1.1449,0.6153,2125181.8785,2081573.3255
001289.SZ,20260304,27.3032,1.9142,4.3626,14370523.9859,8667084.8279
000685.SZ,20260304,12.3576,0.9543,3.0998,1715554.5012,1458357.9932
002986.SZ,20260304,,1.4511,0.7522,553076.6254,439173.4781
301325.SZ,20260304,,2.648,4.6408,749968.5439,301747.1764
300268.SZ,20260304,,,1.0696,240396.0,184516.35
600202.SH,20260304,,2.9056,1.8156,234604.4913,234604.4913
600675.SH,20260304,29.0403,1.1121,1.2956,1632456.5394,1632456.5394
603018.SH,20260304,15.6386,0.9986,1.2288,525839.4339,525839.4339
301187.SZ,20260304,28.5018,3.7453,2.9713,567991.8937,567990.0556
002795.SZ,20260304,,8.1357,4.674,363508.7524,357535.0234
300575.SZ,20260304,,1.6237,1.2744,320538.8928,230299.9212
603879.SH,20260304,,8.3525,6.3283,214169.2862,214169.2862
300196.SZ,20260304,23.9325,1.6929,2.5306,789232.303,476811.3794
002768.SZ,20260304,19.2185,2.5034,0.7791,1601445.0,939593.0325
301566.SZ,20260304,63.6067,6.714,26.9935,966024.15,501114.4513
688306.SH,20260304,981.0308,6.2562,4.6372,1196347.4472,1196347.4472
002135.SZ,20260304,97.3709,1.2055,0.8569,759667.9412,710874.0065
003013.SZ,20260304,11.7804,1.866,2.3103,638606.2566,565525.1824
000526.SZ,20260304,17.5686,4.1413,1.3103,412987.2984,404848.1066
600353.SH,20260304,119.7773,7.8627,8.9151,1469887.9193,1467824.5626
600750.SH,20260304,17.4385,4.5315,3.7448,1580134.6365,1562911.8174
002921.SZ,20260304,,3.0141,3.5623,398942.0001,344127.3651
002328.SZ,20260304,34.233,1.5371,1.2113,510911.74,377864.2352
002024.SZ,20260304,164.0246,1.1041,0.2442,1389715.1427,1388166.1977
603806.SH,20260304,62.2163,2.885,2.9098,4586163.4978,4586163.4978
000563.SZ,20260304,12.3515,0.9341,5.9931,1769433.7439,1769433.7439
600078.SH,20260304,,4.8699,2.3626,845339.2634,827553.5034
603210.SH,20260304,30.9489,3.4236,3.089,625314.8,138492.7122
301080.SZ,20260304,42.131,2.7546,9.1614,727891.684,548596.7898
603663.SH,20260304,305.4084,17.7392,22.0843,2345503.9148,2342844.2348
600815.SH,20260304,,3.6703,10.0864,557065.6667,557065.6667
002050.SZ,20260304,49.4809,6.4227,6.3629,19988066.1913,17499938.2818
300788.SZ,20260304,50.6327,3.386,4.3916,756422.7267,756422.7267
603788.SH,20260304,17.9128,1.6809,2.2726,347312.3109,347312.3109
605259.SH,20260304,14.4873,1.9994,1.4034,358758.4,358758.4
002117.SZ,20260304,28.8321,4.1017,4.5602,578711.6553,578527.9214
920925.BJ,20260304,128.615,5.2402,6.3395,194952.0731,109484.2049
002634.SZ,20260304,,,5.454,307306.8312,298718.2259
000859.SZ,20260304,,3.5073,4.2377,956006.6812,955952.2642
688360.SH,20260304,50.2403,3.2353,2.7602,469731.0329,449321.4283
688737.SH,20260304,,1.8059,1.8091,319595.9326,319595.9326
300286.SZ,20260304,37.9504,3.4562,7.1245,772667.5221,652646.4707
603883.SH,20260304,25.5894,1.5991,0.4814,1068517.4523,1068517.4523
300517.SZ,20260304,,2.3491,7.8652,237089.1386,146722.4599
600638.SH,20260304,27.1109,0.957,2.044,441074.8948,441074.8948
300417.SZ,20260304,,3.9302,10.8014,180449.2512,117420.9612
300247.SZ,20260304,50.156,3.4161,4.4623,385939.3502,385572.1502
603038.SH,20260304,126.0588,3.1686,3.1331,441436.4852,441436.4852
002030.SZ,20260304,,1.0733,10.8538,830840.0509,830840.0509
600157.SH,20260304,136.3117,0.853,1.6932,4014468.6027,4014468.6027
001208.SZ,20260304,118.3807,4.704,3.0737,1360963.121,561563.9966
002772.SZ,20260304,29.2357,2.1364,3.5732,712553.3425,706894.0932
603212.SH,20260304,,2.4173,2.2577,617736.778,617736.778
920099.BJ,20260304,25.9074,3.0143,4.7929,278476.7929,173514.7915
002394.SZ,20260304,14.8802,1.1515,1.3987,497850.6,497213.262
002723.SZ,20260304,,3.1942,2.7192,300776.6378,286987.8831
300050.SZ,20260304,,7.7751,12.2281,318735.33,318540.7772
603819.SH,20260304,99.9917,3.2801,1.7878,263235.7961,263235.7961
920656.BJ,20260304,24.2827,2.3981,7.6474,168700.0,54618.786
000612.SZ,20260304,18.5002,2.5567,2.6859,1788299.091,1787130.216
301101.SZ,20260304,40.8617,4.4917,9.4886,771791.343,731211.5355
605337.SH,20260304,20.48,2.9741,3.3162,439255.1594,439255.1594
300239.SZ,20260304,49.5555,1.996,4.3048,337762.9139,335574.4545
601333.SH,20260304,16.5274,0.7666,0.7636,2160478.785,1723932.285
688678.SH,20260304,122.0127,2.969,3.4163,673763.7231,673763.7231
301391.SZ,20260304,347.6337,3.522,11.6675,731043.9558,714277.2603
300583.SZ,20260304,,1.478,2.734,261030.1254,256140.9222
300636.SZ,20260304,34.7026,1.3805,3.9746,327982.1176,286906.3512
002952.SZ,20260304,319.9952,4.5523,4.5615,395895.06,317132.8821
601969.SH,20260304,56.8537,3.8135,6.3139,2685645.6493,2659497.9479
000411.SZ,20260304,13.1214,1.2711,0.1929,646920.4498,421121.5102
603238.SH,20260304,24.8761,2.0997,1.1222,303007.863,303007.863
603386.SH,20260304,,3.3583,1.8203,457177.9066,457177.9066
300456.SZ,20260304,24.3415,5.4513,34.941,3708659.5237,3026079.5801
000657.SZ,20260304,95.928,15.3438,8.7717,15148162.0512,9659047.6736
603395.SH,20260304,305.5049,5.931,2.5137,829660.0,207415.0
688027.SH,20260304,12259.2093,20.3691,212.9136,6610053.6463,5165017.7649
603429.SH,20260304,,3.8935,26.7519,480428.6859,480428.6859
300917.SZ,20260304,47.0178,5.2826,2.106,614146.0,614146.0
301266.SZ,20260304,119.1546,2.9701,1.7505,535489.8349,507990.8818
688399.SH,20260304,,1.6331,14.0575,478488.1683,478488.1683
002756.SZ,20260304,56.7978,2.7755,4.6433,3431381.3021,2474270.53
920245.BJ,20260304,106.4243,3.9288,4.0061,136661.25,104488.8955
688022.SH,20260304,78.6686,4.0804,3.7337,278415.3869,278415.3869
002404.SZ,20260304,23.3044,1.8979,0.8176,375234.5325,305377.3543
600057.SH,20260304,10.8898,1.4617,0.061,2354848.562,1734690.926
000921.SZ,20260304,9.3169,1.8533,0.3348,3136710.5523,2079547.3787
002496.SZ,20260304,,2.2195,8.5069,293979.987,216928.1928
601018.SH,20260304,15.8113,1.0119,2.6308,8170843.1276,8170843.1276
600749.SH,20260304,123.5758,3.3541,17.6727,360875.172,360875.172
002657.SZ,20260304,,4.7917,7.0761,833127.3878,823479.398
001259.SZ,20260304,487.7098,3.3444,5.8844,238869.5304,154329.4438
000981.SZ,20260304,,26.3691,12.881,4438877.0743,4223930.1053
301032.SZ,20260304,33.1211,2.5148,1.3033,303345.8172,201119.951
000408.SZ,20260304,36.7158,8.4141,38.1965,12714117.8573,12713978.184
600117.SH,20260304,,2.3225,1.576,934217.964,934217.964
000601.SZ,20260304,111.6822,1.45,1.2397,585388.8282,577239.7989
600919.SH,20260304,5.6303,0.773,2.2464,19250539.3617,19250539.3617
300980.SZ,20260304,97.6271,3.1412,7.5855,442498.9596,315184.3408
605266.SH,20260304,23.4047,1.1399,0.3291,299349.6515,299349.6515
603737.SH,20260304,55.4796,12.8188,2.9881,3690562.9999,3690562.9999
601158.SH,20260304,26.148,1.2744,2.934,2184010.5,2184010.5
603897.SH,20260304,26.7894,2.9205,0.5435,702294.1868,702294.1868
600539.SH,20260304,,8.2889,5.6467,248630.0,248630.0
001299.SZ,20260304,34.3777,2.8742,4.8013,348429.0382,313623.7197
002406.SZ,20260304,44.567,1.416,4.0649,568115.1138,468521.6346
300121.SZ,20260304,36.2392,1.7588,1.7407,605072.9815,583499.0386
003011.SZ,20260304,18.797,1.8465,2.0569,261002.392,198501.6432
688334.SH,20260304,30.586,2.6151,8.7646,760740.4568,377041.9893
000021.SZ,20260304,47.8546,3.8506,3.2148,4903643.2162,4902859.0822
688371.SH,20260304,221.5803,3.4007,12.7139,671951.1291,671951.1291
603360.SH,20260304,85.8135,12.3077,12.5955,1853837.0918,1853837.0918
002928.SZ,20260304,20.9586,3.0531,1.6744,1218164.1972,1218158.1218
688515.SH,20260304,,6.7692,16.447,1016240.0,632855.8382
000875.SZ,20260304,60.7189,1.6356,2.1398,2843780.1708,2620445.4157
600521.SH,20260304,48.3016,2.4389,2.5961,2260850.7254,2260850.7254
300215.SZ,20260304,,3.8234,14.1224,749843.2812,500370.2664
001306.SZ,20260304,116.9891,3.4603,5.9505,463648.8762,114343.5
300884.SZ,20260304,,2.8582,5.4692,361500.6557,272567.6777
688488.SH,20260304,,7.4168,9.9259,715330.7736,715330.7736
002663.SZ,20260304,,1.5729,1.9075,372243.3628,279264.6977
600221.SH,20260304,,12.2856,0.9877,6611991.7779,6555363.7847
002572.SZ,20260304,11.0878,1.7403,1.2735,1253887.4075,848205.6332
002112.SZ,20260304,82.9904,7.8563,3.5536,684149.3619,609597.0333
600187.SH,20260304,175.0206,1.0146,17.3438,322756.2206,322756.2206
002759.SZ,20260304,,5.5877,7.2198,1734282.4307,1732758.6997
000716.SZ,20260304,102.1915,1.7174,1.8653,437425.6331,429233.6998
603519.SH,20260304,20.984,2.9447,2.0444,350221.1083,350221.1083
300925.SZ,20260304,78.764,3.8056,1.7308,835125.0249,680915.8281
300153.SZ,20260304,233.3197,12.3598,6.4271,1123200.0,1117338.7142
688035.SH,20260304,94.5422,4.2859,6.4316,995111.04,995111.04
301025.SZ,20260304,758.1281,7.5484,12.6316,467161.0698,323434.9136
002083.SZ,20260304,33.577,2.2579,1.9968,1031836.5231,1031494.8081
301311.SZ,20260304,,2.531,2.1632,452880.0,452880.0
600335.SH,20260304,22.2651,0.8126,0.2647,937859.5099,937859.5099
301293.SZ,20260304,173.325,6.2368,8.8677,1457769.907,1139012.6623
300537.SZ,20260304,,5.6315,10.5903,508502.5569,371552.5926
300658.SZ,20260304,239.595,6.5257,5.0742,876167.8885,593778.3989
002733.SZ,20260304,100.8725,3.1112,2.5846,854878.1814,820719.6388
688071.SH,20260304,,2.8756,5.7089,294898.6601,294898.6601
601665.SH,20260304,6.0316,0.7276,2.6236,3446151.814,3446151.814
300523.SZ,20260304,,4.9453,4.2907,522504.1349,521877.1012
603197.SH,20260304,29.1537,2.3395,0.9129,734562.5437,734562.5437
000977.SZ,20260304,34.5452,4.1099,0.5624,8565624.3286,8556029.9127
300795.SZ,20260304,30.9065,6.7359,5.1701,376008.4885,217967.6216
600196.SH,20260304,20.3463,1.3906,1.6887,6678743.7418,5298340.5513
002329.SZ,20260304,,3.3999,1.6423,303827.4545,237391.9573
600757.SH,20260304,9.5665,1.0786,1.5427,1066798.59,1066663.9535
301598.SZ,20260304,32.2295,3.9087,6.6616,369815.6632,110182.1527
002949.SZ,20260304,33.9467,1.9761,2.2838,285243.8221,220988.7305
601816.SH,20260304,18.8878,1.2173,5.7875,24658542.4025,24658542.4025
688329.SH,20260304,100.911,2.3931,4.2124,190606.8,190606.8
603050.SH,20260304,35.0062,4.7106,1.8286,861893.1154,861893.1154
603311.SH,20260304,40.196,2.6534,4.28,364676.5202,364676.5202
603355.SH,20260304,18.8733,3.3605,1.8675,1836014.4083,1836014.4083
000615.SZ,20260304,,,5.544,566635.1837,293325.2982
002420.SZ,20260304,54.2174,5.383,1.125,331499.74,322044.8361
300154.SZ,20260304,36.7219,2.1397,4.3488,382121.9209,267823.2284
300719.SZ,20260304,514.8545,4.5184,6.566,468794.8646,331219.5234
301308.SZ,20260304,193.4334,16.8158,6.0477,12657767.9181,8286428.8755
688549.SH,20260304,,4.8016,11.9022,1441821.376,575175.344
600228.SH,20260304,,5.4492,6.1383,225003.1106,224660.0756
605598.SH,20260304,199.0188,6.8827,8.4393,1250806.7132,1242787.9612
001201.SZ,20260304,164.2082,1.1018,1.8222,374302.3695,294951.5133
600376.SH,20260304,,1.9976,0.3955,1302680.4472,1302680.4472
600463.SH,20260304,,3.6054,5.604,331500.0,331500.0
002249.SZ,20260304,23.1656,2.573,1.9752,2459134.5626,1847692.0693
300898.SZ,20260304,32.7672,3.2127,4.031,314960.0,291426.1101
603402.SH,20260304,27.3781,3.5703,9.7321,1028533.3422,257133.3422
688726.SH,20260304,44.1668,6.6512,4.9522,2703525.6806,1466896.2416
300690.SZ,20260304,29.5164,3.1039,4.7157,490920.9405,328909.9143
300851.SZ,20260304,50.8733,2.0661,7.7055,265320.7368,165143.7963
601061.SH,20260304,25.6601,3.1683,0.5271,7305900.0,747220.3859
301206.SZ,20260304,59.5174,1.2898,8.0653,543649.1559,350070.7488
688085.SH,20260304,105.9038,3.1843,12.3484,670259.621,640670.2743
603726.SH,20260304,20.942,3.205,2.2953,450389.8112,448097.2412
920799.BJ,20260304,127.7173,20.0267,17.351,833875.6988,479800.6697
603066.SH,20260304,464.7162,2.13,2.4864,305653.0969,305653.0969
301302.SZ,20260304,,3.7021,22.9551,581376.45,518432.7
300397.SZ,20260304,,5.399,19.7647,776972.7542,608663.6174
603297.SH,20260304,59.0675,6.4837,14.1594,1295740.656,1293315.888
600133.SH,20260304,25.6286,1.1252,2.618,987338.1243,987338.1243
300011.SZ,20260304,647.8366,3.4023,3.2607,531677.6298,445370.7715
300872.SZ,20260304,165.8596,2.2755,4.4114,829317.72,717048.8364
301110.SZ,20260304,59.1649,3.9729,4.2415,579363.7199,409260.1762
301036.SZ,20260304,41.028,1.8107,1.9768,300000.0,211300.905
001219.SZ,20260304,27.09,2.6937,5.068,280776.6,273775.7822
603950.SH,20260304,46.2089,5.5732,7.0259,1614171.384,1611561.864
301088.SZ,20260304,40.9384,1.3879,5.3771,344129.0,283653.5
688097.SH,20260304,33.6266,4.023,3.0263,1988475.8498,1981179.0218
000951.SZ,20260304,14.0677,1.4793,0.4332,2245175.347,2245175.347
300529.SZ,20260304,31.0132,4.5138,7.3329,1494190.4695,958826.1312
920098.BJ,20260304,40.9586,2.4756,4.8958,233226.8183,158817.4044
003005.SZ,20260304,,2.5839,12.4976,464397.1028,254845.2594
688525.SH,20260304,94.8521,17.9625,7.2777,8221050.9643,8221050.9643
603716.SH,20260304,,4.0298,3.4197,426704.2258,426704.2258
300549.SZ,20260304,300.2045,4.256,7.4336,234411.72,177654.1187
002259.SZ,20260304,80.0131,15.2969,4.4196,415285.2034,415285.2034
688108.SH,20260304,180.399,9.4106,16.2358,853040.032,853040.032
301113.SZ,20260304,319.0486,3.4604,6.9167,234689.0,142147.9448
001333.SZ,20260304,25.6734,1.9398,1.9989,332416.0,114268.0
300999.SZ,20260304,50.4519,1.6495,0.6489,15906949.5666,1592126.5826
300329.SZ,20260304,,5.0816,27.0168,344434.5184,343398.9993
600249.SH,20260304,149.1854,1.4004,2.8495,306900.0,306900.0
300707.SZ,20260304,125.6872,2.592,3.7335,296412.3155,240575.3152
603826.SH,20260304,388.2395,7.1304,13.4759,1390989.6,1390989.6
600397.SH,20260304,,118.2425,4.5846,1838355.5009,1838355.5009
000428.SZ,20260304,,2.7122,6.9117,378021.546,378021.546
600866.SH,20260304,9.8828,1.5239,0.7617,1266042.1334,956896.2249
002146.SZ,20260304,,0.5672,0.228,673965.3969,606285.8094
300976.SZ,20260304,26.0403,2.1373,2.4632,756750.0909,486298.3459
600648.SH,20260304,20.2674,0.9082,2.1369,1377591.0768,1152561.71
300911.SZ,20260304,,6.7189,15.8172,788526.6608,736918.6693
920879.BJ,20260304,46.2039,6.3027,9.3237,380311.6227,297194.4878
688114.SH,20260304,,3.032,8.3255,2314163.7572,2302043.7599
600967.SH,20260304,57.0524,2.5103,2.8153,2978140.6673,2978140.6673
920403.BJ,20260304,34.4957,4.9399,7.6597,277018.691,164752.901
688765.SH,20260304,,8.6642,524.4325,2510007.5,287711.9652
600039.SH,20260304,11.3967,1.7826,0.8116,8817328.914,8817328.914
000031.SZ,20260304,,1.3916,0.3921,1410197.0885,1410194.2466
000738.SZ,20260304,64.2079,2.676,6.4015,3353719.2026,3353719.2026
600888.SH,20260304,15.7481,1.1506,1.7445,1356118.9813,1356118.9813
600340.SH,20260304,,,0.4416,606626.653,603470.0346
688489.SH,20260304,,2.5195,8.3565,462682.0588,459151.5129
603209.SH,20260304,19.7447,1.5811,3.4221,525525.0,519851.9123
603159.SH,20260304,535.9714,7.0061,7.9523,351260.0,351260.0
600812.SH,20260304,51.0877,1.6985,0.9547,935073.0517,935073.0517
688561.SH,20260304,,2.9703,5.0459,2215956.8508,2215956.8508
600955.SH,20260304,,1.2454,1.1564,1047750.0,1047750.0
002712.SZ,20260304,,2.161,0.4132,294453.4231,292627.0477
603566.SH,20260304,32.253,1.8464,4.1979,463377.3835,463377.3835
920208.BJ,20260304,17.0172,2.9683,3.3046,319659.0795,233526.9335
000061.SZ,20260304,54.0804,2.1548,2.5513,1810284.6126,1547602.9015
605507.SH,20260304,16.9769,1.7917,2.4939,1481999.922,1481999.922
002082.SZ,20260304,720.534,3.8258,7.3804,1023355.789,925592.1385
601108.SH,20260304,13.2025,1.0464,5.5533,3835748.665,3835748.665
920519.BJ,20260304,53.0483,2.1876,2.5944,114607.4055,80884.7505
301229.SZ,20260304,88.7524,2.7488,3.2403,343565.1469,244340.4096
688796.SH,20260304,179.8175,14.3198,22.5879,3114435.089,250100.9701
688560.SH,20260304,,1.3541,4.8731,350667.9412,350667.9412
002863.SZ,20260304,42.9675,1.1961,0.6088,339307.6916,339307.6916
688727.SH,20260304,223.2772,9.1328,34.7576,2291529.96,256240.1415
002743.SZ,20260304,96.7578,0.7273,0.7128,239832.9314,239448.6089
601700.SH,20260304,247.9251,2.6505,2.5174,677352.2931,677352.2931
603378.SH,20260304,,2.684,3.694,267872.9013,267872.9013
002919.SZ,20260304,,7.6917,4.286,631933.3025,626864.3511
601319.SH,20260304,6.9784,1.1983,0.553,37236600.0709,29889111.0429
600610.SH,20260304,245.1395,99.5723,10.7591,1130194.7083,747706.6738
002215.SZ,20260304,16.9255,2.7475,2.0771,1138250.1067,909790.6917
600694.SH,20260304,11.8858,0.6761,0.9154,594361.6111,594361.6111
600121.SH,20260304,,3.7996,1.5833,582400.9542,582400.9542
920367.BJ,20260304,100.8594,3.0574,10.4317,147107.955,87176.5919
000752.SZ,20260304,17.6961,4.235,5.8222,260329.6306,260329.6306
301272.SZ,20260304,61.318,2.4052,4.2503,242550.5358,129887.961
603014.SH,20260304,33.8859,2.3243,4.3502,1607517.646,151485.4935
301606.SZ,20260304,44.5765,8.619,3.2904,2707286.4842,1429081.4162
601162.SH,20260304,60.0017,1.4567,11.4061,3959076.197,3379002.3963
603216.SH,20260304,108.809,4.6551,7.6268,833974.05,833974.05
920808.BJ,20260304,435.5496,21.0128,17.9974,1588000.0079,1544903.1013
601881.SH,20260304,10.86,1.3118,4.8955,15242556.7449,10097324.1665
002837.SZ,20260304,200.5648,30.207,17.4257,10007744.525,8712798.0526
600503.SH,20260304,,1.163,15.9403,413390.82,413390.82
688008.SH,20260304,82.1754,9.6009,33.669,18370888.5157,17231937.0372
603181.SH,20260304,21.7618,2.9314,4.0256,978419.4,978419.4
688669.SH,20260304,,2.8725,0.8508,339854.6685,339854.6685
300242.SZ,20260304,,12.0069,1.48,317277.612,317277.439
002366.SZ,20260304,,3.5187,15.4624,1606483.8581,1428475.4689
600031.SH,20260304,24.5518,2.3907,2.3636,20238204.7658,18652132.4714
603033.SH,20260304,,3.6743,2.2101,1069316.6055,1049994.6657
603499.SH,20260304,50.7234,7.4163,6.2312,648459.7778,648459.7778
603201.SH,20260304,12.8345,1.9041,1.1061,329234.8582,326418.7679
002541.SZ,20260304,26.1013,1.6717,0.7427,1600149.7523,1150499.59
002478.SZ,20260304,18.1534,1.8912,1.9407,1116997.2427,896177.6831
000707.SZ,20260304,,1.3101,1.6775,373049.5691,351348.8898
603138.SH,20260304,,7.781,14.2222,596855.474,585624.3284
600732.SH,20260304,,4.798,2.0893,3103888.3871,2651292.3504
002599.SZ,20260304,,3.1657,1.8868,392052.3232,292932.9577
920006.BJ,20260304,337.0225,8.364,23.6884,266979.2504,141336.0602
002423.SZ,20260304,26.1684,1.1233,,2506866.8656,2506866.8656
600855.SH,20260304,,5.8716,7.8304,899133.495,897400.638
600379.SH,20260304,60.0324,5.5594,3.385,424969.4129,424969.4129
301175.SZ,20260304,29.7262,2.9968,6.0892,1056809.84,446509.84
920985.BJ,20260304,,3.5374,1.4509,240772.4836,170629.2943
600838.SH,20260304,98.1752,2.668,46.6274,420525.1981,420525.1981
300300.SZ,20260304,252.2118,71.9661,58.9545,1020942.8519,1020877.861
002305.SZ,20260304,,,1.7046,362451.0959,362427.5847
300769.SZ,20260304,,2.2227,1.624,1156055.8118,1038751.3542
688768.SH,20260304,50.3864,3.8305,6.5487,422785.766,419301.3529
688349.SH,20260304,43.0411,2.2815,1.1558,3162896.4705,3067679.7905
920564.BJ,20260304,387.1907,7.3751,11.5654,239243.2224,110060.0214
002833.SZ,20260304,18.8364,2.7537,3.2534,755981.718,514200.9898
600320.SH,20260304,45.2171,1.822,0.8045,2823837.4765,1780590.7463
688552.SH,20260304,471.2836,5.8249,18.5858,1505812.32,387685.0152
603116.SH,20260304,,1.2711,1.6786,331891.6608,331891.6608
000060.SZ,20260304,30.9192,1.8307,0.5549,3472996.8622,3472952.8747
688120.SH,20260304,58.1239,8.4574,13.574,6309505.1714,6309505.1714
300873.SZ,20260304,20.8055,1.851,3.272,582038.8902,421103.3649
300641.SZ,20260304,9.3243,3.0955,3.4892,969630.1745,969630.1745
300232.SZ,20260304,81.3819,1.7209,1.0034,800361.1031,650157.9744
002367.SZ,20260304,15.6947,1.7196,1.4554,622241.4557,619774.9202
300913.SZ,20260304,91.1507,7.292,9.1349,1835592.8976,1369722.5864
603858.SH,20260304,10288.2949,1.6178,1.5607,1710510.0129,1710510.0129
002124.SZ,20260304,14.2752,1.3664,0.5834,537707.9873,477309.8248
000582.SZ,20260304,25.497,1.4106,3.6455,2783895.4349,2385474.1346
002422.SZ,20260304,28.0345,1.9864,2.5516,4669511.953,3815794.5236
300505.SZ,20260304,25.4201,3.4015,2.4661,940596.6637,743810.1017
002053.SZ,20260304,32.8462,1.4768,3.9155,1093826.6032,1093818.8515
300396.SZ,20260304,,1.8024,6.6853,341693.3017,341179.5818
002286.SZ,20260304,26.9401,1.7609,1.4405,388178.7276,376943.1726
002574.SZ,20260304,,1.0601,1.0375,315744.0,315744.0
300131.SZ,20260304,384.123,8.7077,2.8277,1539086.4217,1413314.7517
600829.SH,20260304,49.5471,1.9723,0.5778,590326.5917,590326.5917
001225.SZ,20260304,89.5172,3.0176,16.5559,416739.2436,133112.3168
301379.SZ,20260304,33.0911,3.6816,2.9617,520390.353,334250.6843
300343.SZ,20260304,123.7566,3.5405,7.5916,682002.2979,680247.9702
300683.SZ,20260304,,1.8096,6.5206,404201.8794,376935.6114
301182.SZ,20260304,,6.1495,6.9715,469143.0432,469143.0432
600530.SH,20260304,176.1304,14.1187,14.3712,449453.6,449453.6
603577.SH,20260304,30.3206,2.064,0.9347,400523.2771,400523.2771
920016.BJ,20260304,70.7009,3.8155,6.2625,146727.5567,65256.1375
300022.SZ,20260304,,7.6214,1.4559,405277.1116,405268.1326
603073.SH,20260304,23.7403,1.6658,2.8589,230260.0,101022.3033
301013.SZ,20260304,,7.371,10.3747,565658.1955,457964.764
920964.BJ,20260304,480.5971,2.0593,1.7827,183368.016,103683.4604
300354.SZ,20260304,43.3727,6.5401,10.0968,538203.9021,316371.7393
600455.SH,20260304,43.6608,5.1107,5.6379,168948.89,168948.89
600525.SH,20260304,,1.8928,0.913,712141.2821,712141.2821
600380.SH,20260304,14.5689,1.3389,1.3096,1990445.284,1990445.284
603191.SH,20260304,88.8371,3.2847,2.215,820733.1783,815012.6583
300633.SZ,20260304,163.9742,3.5181,5.2885,1097358.6591,1097358.6591
002500.SZ,20260304,22.6622,1.1275,5.9915,2064118.6395,2064118.6395
002312.SZ,20260304,45.7326,2.5917,2.6193,2491776.2021,2486641.3414
688592.SH,20260304,248.0281,3.8443,6.8248,362153.2236,173386.5003
920415.BJ,20260304,76.6244,3.4892,11.1208,194608.4095,149900.4101
301320.SZ,20260304,153.9558,3.0197,3.4966,320155.59,119979.9388
601330.SH,20260304,14.8531,1.2874,3.0598,1051479.4973,726984.5001
603365.SH,20260304,13.3682,1.7615,1.1598,520267.6666,514928.1586
603281.SH,20260304,25.3543,2.521,6.1152,1184586.6688,1184586.6688
300005.SZ,20260304,323.2833,5.8462,8.531,1225694.932,1225156.9147
002938.SZ,20260304,30.1132,3.7369,3.1699,12206856.6503,12161217.0129
002659.SZ,20260304,,1.5394,9.685,333242.1739,333240.6076
002883.SZ,20260304,,2.4156,5.2293,156625.6375,153785.0241
300638.SZ,20260304,72.0291,3.7922,3.2611,2392946.4109,1411523.9481
600660.SH,20260304,16.8887,4.6309,3.4675,15340072.4811,11773553.6595
600016.SH,20260304,5.5392,0.2992,1.1746,16812448.7048,13617455.3138
601619.SH,20260304,30.4192,2.6082,8.3015,2050587.252,1714013.5471
300162.SZ,20260304,,3.7076,2.8254,331412.9237,270307.8062
301079.SZ,20260304,,10.1868,18.0288,481698.3387,307440.43
601595.SH,20260304,96.1307,6.863,13.7523,1173387.6,1173387.6
600398.SH,20260304,14.3173,1.6799,1.4207,3025745.2865,3025745.2865
920885.BJ,20260304,117.6557,9.7565,20.1874,398864.4665,206654.9627
000883.SZ,20260304,17.8106,0.9072,1.9363,3376867.8995,3090762.2616
600408.SH,20260304,,2.744,0.7019,372516.0,372516.0
688096.SH,20260304,,2.2068,4.1853,198277.2994,198277.2994
603269.SH,20260304,41.5192,4.6283,2.5686,440897.5247,440897.5247
301251.SZ,20260304,110.8146,5.5431,6.1927,870223.2578,348849.5031
600055.SH,20260304,712.4392,2.1919,6.3371,1026469.1447,1026469.1447
001322.SZ,20260304,124.8424,1.779,1.2412,840464.6122,682697.5232
002669.SZ,20260304,,1.5314,0.8897,415658.0,414723.386
002510.SZ,20260304,138.5833,3.1559,3.4115,788762.7761,780766.077
002041.SZ,20260304,208.1814,2.9899,9.1718,1083280.0,1083280.0
002370.SZ,20260304,35.8754,4.3164,14.8154,483938.227,483938.227
603339.SH,20260304,25.9111,1.5528,2.4338,404439.6157,404439.6157
603508.SH,20260304,15.723,2.5232,6.2095,970343.2895,970343.2895
000878.SZ,20260304,41.9735,3.0778,0.2909,5430308.2094,4814700.8064
920768.BJ,20260304,25.2422,1.939,0.7512,137158.92,94546.9375
000888.SZ,20260304,30.8514,2.5895,7.3802,693944.5553,693944.5553
600725.SH,20260304,,22.0778,9.5118,618699.94,618699.94
002616.SZ,20260304,16.9024,1.4653,1.3422,499204.7098,341326.0357
002875.SZ,20260304,,6.0379,6.9797,387903.7239,332216.9794
300034.SZ,20260304,123.6436,4.484,4.507,1710279.5142,1645222.4405
688636.SH,20260304,71.8904,5.6445,11.1821,792665.3894,764045.712
000620.SZ,20260304,,3.7944,8.7123,1696954.5466,1350135.4075
300130.SZ,20260304,40.7401,3.2363,4.6077,1403498.0303,1074092.81
600851.SH,20260304,59.8703,2.0033,11.8707,935468.9363,572109.7353
920239.BJ,20260304,22.729,5.1736,1.2597,564976.255,556785.8989
301236.SZ,20260304,230.1827,3.4216,1.3569,4680090.7349,3540565.1529
603237.SH,20260304,31.2039,1.8852,1.52,332658.4425,330867.7935
688729.SH,20260304,104.8666,7.8891,13.857,7034232.8,511702.2182
300440.SZ,20260304,148.3245,4.5672,7.2854,731795.139,728972.9057
301199.SZ,20260304,37.1471,2.2826,4.1663,436635.164,167708.639
000632.SZ,20260304,,2.6277,0.409,231363.2263,231344.3582
001386.SZ,20260304,21.4908,2.257,3.9785,2690959.84,220383.4314
000504.SZ,20260304,,11.8484,22.8837,287120.0953,286336.4863
002001.SZ,20260304,14.2151,3.2397,4.5547,10234494.1944,10112750.2202
688131.SH,20260304,53.1782,4.318,4.5936,1317587.8924,1317587.8924
300905.SZ,20260304,42.9229,3.1514,4.2427,597886.1194,464971.8505
605366.SH,20260304,,3.2738,4.764,695969.1721,695969.1721
688558.SH,20260304,25.4313,2.3277,3.1461,399300.0,399300.0
603007.SH,20260304,,11.2118,26.4237,558211.6897,438601.1773
300189.SZ,20260304,,13.1022,49.6757,956416.0,827748.2291
002266.SZ,20260304,27.5877,2.196,1.1822,2578320.0726,2419019.7177
300623.SZ,20260304,51.9056,4.2871,7.5729,2529522.9538,2332905.7554
603062.SH,20260304,21.8935,2.5334,2.4702,517212.0,177543.0759
300585.SZ,20260304,,3.7468,6.0171,266933.3332,266933.3332
601717.SH,20260304,9.0453,1.7655,1.0239,4088565.8397,3531559.5217
603030.SH,20260304,,3.8661,3.9704,342402.7152,342402.7152
300735.SZ,20260304,54.9948,3.6278,2.2516,1792020.7088,1768569.3511
603202.SH,20260304,13.5469,2.2292,3.4137,1441760.0,299724.2244
600699.SH,20260304,35.3113,2.3268,0.6641,4022698.8404,3515009.1525
600538.SH,20260304,,4.1512,10.1337,320285.1906,320285.1906
301318.SZ,20260304,31.0564,2.0189,5.129,379107.4758,248770.6609
300474.SZ,20260304,,5.0992,68.3853,3555378.5741,2765243.5336
301501.SZ,20260304,23.7898,2.7978,3.1736,577549.5,144387.375
300473.SZ,20260304,66.3918,2.8341,1.2173,581008.9188,504918.2096
600727.SH,20260304,63.2834,1.3281,0.7725,425509.4237,425509.4237
002871.SZ,20260304,36.9483,4.8595,8.2664,532922.736,316120.9372
301373.SZ,20260304,37.7207,3.3067,10.7195,538130.0435,190863.1788
600846.SH,20260304,31.7454,2.0364,2.3435,838429.9545,838429.9545
600928.SH,20260304,6.0378,0.4663,1.5541,1608888.8891,1601254.1719
920974.BJ,20260304,58.6508,2.3674,1.4105,151187.4,118561.0059
300713.SZ,20260304,,6.0246,7.9674,307442.209,172603.703
603610.SH,20260304,43.246,2.082,2.2194,656917.4067,656917.4067
301512.SZ,20260304,69.1553,2.5478,4.3555,256960.3212,119550.9612
920748.BJ,20260304,,15.5607,33.5348,343795.2,159783.8323
688139.SH,20260304,39.156,2.3177,4.216,981761.044,981761.044
002521.SZ,20260304,40.7668,1.1331,1.3107,441328.1074,329705.374
603358.SH,20260304,55.3841,6.1554,4.4691,2315833.3647,2214783.6921
300731.SZ,20260304,284.6609,15.4677,7.9539,957594.4835,910237.1775
000910.SZ,20260304,50.7943,0.5908,0.7967,396863.1875,396708.7625
002933.SZ,20260304,130.6777,2.6535,10.0488,406031.0,394748.1026
600867.SH,20260304,13.8836,2.3876,6.2084,1701973.7184,1701973.7184
600389.SH,20260304,25.2489,3.0937,2.1347,1207111.95,1207111.95
002172.SZ,20260304,78.0364,18.7666,1.7537,327733.4501,327536.4074
300985.SZ,20260304,,4.7776,3.4719,482134.7608,479545.7127
600495.SH,20260304,142.7701,1.7116,4.2617,559392.3802,559392.3802
301263.SZ,20260304,525.073,7.0516,18.1305,1222879.815,872506.3221
301103.SZ,20260304,304.696,1.6947,2.9801,323638.2126,323638.2126
300201.SZ,20260304,34.9226,5.5237,4.9605,932356.2929,927438.3103
605218.SH,20260304,87.8456,2.3947,1.9549,429539.2414,376502.3907
002245.SZ,20260304,27.5812,2.6787,2.5651,1983400.3131,1865397.5297
000703.SZ,20260304,183.1175,1.84,0.3743,4287119.848,4264207.4095
688005.SH,20260304,,2.6267,1.7124,2101292.8818,2100979.1309
920039.BJ,20260304,51.2355,3.131,5.8125,168125.26,168125.1507
601398.SH,20260304,6.8804,0.6687,3.0205,252335630.019,190885446.4776
002031.SZ,20260304,,7.5139,23.1205,1596761.2564,1407535.1071
920261.BJ,20260304,24.362,2.8113,0.618,463483.3348,270889.9695
300341.SZ,20260304,43.781,4.1701,5.5088,802503.4311,799336.5993
605123.SH,20260304,50.3017,2.8071,3.7506,1279806.9613,1279806.9613
600717.SH,20260304,15.1817,0.6706,1.0731,1337028.4796,1337028.4796
301262.SZ,20260304,26.6088,2.8649,11.1106,1038330.0,303967.7261
605068.SH,20260304,,2.8666,2.9825,431123.5997,431123.5997
688033.SH,20260304,,4.0406,8.6175,588621.93,588621.93
301667.SZ,20260304,64.0378,5.5938,4.0172,695701.608,140140.4796
603280.SH,20260304,47.1027,2.898,3.9433,393516.2012,101428.2512
600481.SH,20260304,,2.9482,1.7846,1564634.6671,1564634.6671
600726.SH,20260304,,5.2299,1.2912,2150795.4491,2033291.4486
600933.SH,20260304,15.9553,1.8677,2.4627,1744014.441,1654697.2683
603767.SH,20260304,716.7233,4.3355,6.7656,602757.3195,602757.3195
300940.SZ,20260304,40.2678,4.479,6.3865,532787.9822,376848.2568
601778.SH,20260304,35.2247,1.0246,4.0458,1621234.2901,1621234.2901
688317.SH,20260304,,1.1247,30.1512,376629.678,376629.678
600378.SH,20260304,33.8824,2.7001,3.0257,4859428.5685,4040353.7224
603697.SH,20260304,22.8648,2.7266,3.115,479870.534,479870.534
301270.SZ,20260304,244.4307,3.6782,18.9897,362300.0,342347.5738
601900.SH,20260304,10.7752,1.411,1.3578,1218882.6699,1218882.6699
600906.SH,20260304,21.6751,1.7449,7.5619,2125475.0,1391373.8923
000058.SZ,20260304,112.0228,4.9647,6.1374,1034208.5645,827181.0574
600522.SH,20260304,34.3372,2.687,1.9027,9839533.8467,9839533.8467
603185.SH,20260304,,1.3162,2.0899,1599082.7935,1589590.9749
300725.SZ,20260304,42.2886,1.1898,4.2964,850591.1066,737473.1755
600753.SH,20260304,,104.8103,2.7748,233070.8611,233070.8611
002972.SZ,20260304,36.6369,2.4196,8.9003,290536.3928,159017.7409
300670.SZ,20260304,,3.9411,8.5834,224696.6196,159308.2062
000926.SZ,20260304,,0.3989,0.4592,344080.3912,339813.1753
688651.SH,20260304,,3.4218,10.3056,321425.937,138353.218
603900.SH,20260304,,1.4101,1.7824,274419.072,273399.072
688697.SH,20260304,22.5615,3.6986,2.3598,682798.7363,682798.7363
920026.BJ,20260304,55.928,4.6043,7.666,290225.1419,131590.8963
603797.SH,20260304,22.395,0.8763,2.8715,283689.7535,283689.7535
603137.SH,20260304,48.6619,2.0717,1.3913,257570.1343,103816.5343
688623.SH,20260304,93.8197,2.8527,17.932,605029.821,195829.821
688067.SH,20260304,62.7274,3.5293,7.893,181560.0,181560.0
301260.SZ,20260304,,1.6876,1.4271,752633.0354,318919.8012
603738.SH,20260304,232.4326,5.1847,9.6345,887541.2316,887541.2316
002497.SZ,20260304,66.6196,2.68,3.7099,2907915.238,2670725.0308
000711.SZ,20260304,,18.8339,17.3591,1091364.9172,873150.2787
002073.SZ,20260304,16.4175,1.2481,0.962,764794.8173,760593.2423
300252.SZ,20260304,657.6153,4.4682,4.0278,975352.5975,823100.5556
603928.SH,20260304,51.3123,2.5819,2.5448,400196.16,400196.16
301257.SZ,20260304,40.8848,3.9843,6.067,496940.0033,473755.9376
002902.SZ,20260304,,5.6501,2.9509,477068.3959,360593.4594
301019.SZ,20260304,32.0471,3.4549,7.5702,356815.8147,226270.2858
300640.SZ,20260304,185.5116,2.7559,2.2181,223915.2674,158939.3736
002460.SZ,20260304,,3.3696,7.1533,14024788.8684,8102919.2347
002520.SZ,20260304,,17.9499,3.7716,461400.7802,441225.7052
688111.SH,20260304,70.7337,10.7286,21.9879,13036047.8801,13036047.8801
600905.SH,20260304,22.5759,1.349,4.1164,12035400.7098,12035400.7098
600346.SH,20260304,24.0351,2.589,0.775,16731940.1913,16731940.1913
920870.BJ,20260304,130.4636,4.7836,22.3619,216410.0,106594.6835
600104.SH,20260304,55.2291,0.5345,0.2409,15794511.2905,15794511.2905
300319.SZ,20260304,37.02,2.5938,3.4026,1247949.1835,1184945.5277
603220.SH,20260304,159.441,3.5053,4.3954,1360710.2967,1101718.5029
301507.SZ,20260304,42.4936,3.15,6.8574,510229.2462,157677.3938
300695.SZ,20260304,21.0345,2.5899,10.6837,737783.7067,737783.7067
300214.SZ,20260304,,1.4054,0.8658,340308.7134,340308.7134
920522.BJ,20260304,160.3772,9.7166,10.7507,1045527.3024,867349.8582
300446.SZ,20260304,20.964,3.3539,2.1138,1900481.9295,839763.2644
688272.SH,20260304,,5.6135,11.0923,233092.0,233092.0
605001.SH,20260304,28.1328,1.1178,1.5108,300164.904,300164.904
600796.SH,20260304,32.093,1.7109,3.5153,585811.9778,210559.053
002979.SZ,20260304,52.7092,6.9385,6.5934,1140331.2746,802161.5927
600760.SH,20260304,54.883,7.5259,4.2267,16123183.6385,16072519.7308
002907.SZ,20260304,77.8561,3.4397,7.3855,580876.4728,417181.0834
002951.SZ,20260304,864.2739,3.597,10.1218,603450.0,597675.3933
688101.SH,20260304,14.4721,1.2343,3.5959,546491.8606,546491.8606
605589.SH,20260304,27.9685,2.8506,2.676,2927657.8146,2918012.3931
920149.BJ,20260304,,7.3869,1.8718,87726.2075,72545.4594
301486.SZ,20260304,142.5146,9.3126,24.3964,2434001.0204,1370462.7758
000589.SZ,20260304,14.8392,0.847,0.6936,749329.0109,740923.7021
603396.SH,20260304,119.6378,2.1229,2.1233,549677.0327,549677.0327
301348.SZ,20260304,,4.2172,8.6453,627600.0,405688.9296
301372.SZ,20260304,,2.3281,7.0623,183702.861,110295.6222
688392.SH,20260304,125.4848,8.0156,18.6306,1442037.6656,1442037.6656
002845.SZ,20260304,,1.9654,0.4582,467416.283,357085.8459
002615.SZ,20260304,26.5226,2.5214,1.2613,428966.3134,281559.2021
301030.SZ,20260304,,2.8369,,238609.9461,238282.6321
920223.BJ,20260304,,11.7256,6.4746,285157.705,147911.3388
002056.SZ,20260304,14.878,3.4153,1.5532,3500684.3832,3497068.0226
600188.SH,20260304,19.3031,3.7511,1.424,19573087.0608,11551626.6138
002459.SZ,20260304,,1.7251,0.7434,3908741.058,3904094.7288
688188.SH,20260304,37.5936,6.9205,18.98,4167527.7663,4167527.7663
600416.SH,20260304,73.9128,2.1553,4.2719,2082328.9438,1870148.4939
300897.SZ,20260304,85.4078,3.7699,6.6807,369759.6231,230526.1919
300119.SZ,20260304,20.3882,1.8249,2.2051,852824.8855,614655.3085
603937.SH,20260304,,1.69,1.4224,260693.442,260693.442
600580.SH,20260304,65.827,5.9847,3.999,6406243.9126,6387850.9276
600682.SH,20260304,42.8681,0.535,1.4346,946973.0836,819498.4336
603298.SH,20260304,16.1452,3.1952,2.0056,3554829.901,3554829.901
300745.SZ,20260304,,1.9965,1.7265,449374.1823,378984.5568
603936.SH,20260304,,1.8795,2.3351,822038.9972,822038.9972
002090.SZ,20260304,58.5487,3.1542,2.8034,481093.0623,475617.0319
920422.BJ,20260304,59.4309,2.5858,2.2446,111045.8011,83109.5011
920640.BJ,20260304,104.8708,8.8029,9.2507,815114.976,784174.9044
688615.SH,20260304,61.2169,9.515,15.3628,2780120.0,1919677.7054
603418.SH,20260304,20.5407,2.3471,2.2054,1035619.1336,216825.8072
301678.SZ,20260304,95.5049,8.5054,17.1067,1624186.0663,324837.2173
002536.SZ,20260304,57.8862,5.8557,4.5338,2024395.8975,1917437.3784
688273.SH,20260304,39.8386,3.018,9.4209,406600.0,406600.0
301001.SZ,20260304,270.9202,3.151,6.9482,246080.0,154722.8
601226.SH,20260304,100.7047,2.9517,1.405,1285419.4122,1285419.4122
688265.SH,20260304,103.1539,1.9563,7.9415,334541.4343,334541.4343
300112.SZ,20260304,,2.6104,2.366,244079.9769,199858.1919
002104.SZ,20260304,299.5077,5.7215,14.6817,1225426.7364,1037479.2769
002415.SZ,20260304,19.5464,3.3278,2.9976,27732901.3103,27374508.0797
300016.SZ,20260304,160.1029,2.421,4.7517,535292.378,534571.0683
002516.SZ,20260304,49.0773,2.384,3.9519,900153.2734,894097.5334
002335.SZ,20260304,69.2787,4.6192,3.6196,2920851.3703,2576629.8735
600843.SH,20260304,,2.547,1.7836,775211.9638,510045.1075
600135.SH,20260304,,2.06,3.6517,491336.7039,491336.7039
002239.SZ,20260304,79.2611,1.7934,1.1783,1002137.5674,986377.933
603668.SH,20260304,256.4083,2.9829,1.1989,702449.6248,702449.6248
300227.SZ,20260304,,4.5745,5.5772,724708.0311,563854.1832
002149.SZ,20260304,258.7626,8.052,7.6711,2307788.8732,2307434.3482
600543.SH,20260304,,2.1598,6.6614,164092.32,164092.32
000908.SZ,20260304,32.5368,136.5728,12.9554,509389.3492,509389.3492
301326.SZ,20260304,,8.0633,8.9048,1033932.3322,388302.241
600339.SH,20260304,55.5598,1.092,0.3171,2925569.2748,2925569.2748
002307.SZ,20260304,,1.8657,0.6724,837579.7604,644292.1237
301065.SZ,20260304,35.7703,1.8639,3.8415,250207.2,203638.5
300265.SZ,20260304,309.4539,3.5823,3.2176,836071.187,835535.4575
603172.SH,20260304,54.1901,2.7906,5.2747,303306.12,113881.92
600605.SH,20260304,237.0383,3.8308,46.0028,544585.6126,544585.6126
688521.SH,20260304,,33.8375,38.2036,12043459.7517,12043459.7517
688187.SH,20260304,18.2919,1.7671,2.611,7509454.7184,4805058.5414
300200.SZ,20260304,35.1118,2.9794,3.9635,489154.5888,481103.8227
002866.SZ,20260304,,2.551,2.4775,529825.7285,331717.706
002647.SZ,20260304,29.5801,18.9341,12.9263,1063604.4492,637749.5647
002890.SZ,20260304,174.5534,4.3487,8.4588,261607.7464,248685.6834
600129.SH,20260304,,2.5653,0.904,907634.3325,907634.3325
603029.SH,20260304,28.273,2.4699,2.4191,229579.064,229579.064
688166.SH,20260304,310.2156,7.2856,14.2113,1738956.8276,1738956.8276
000957.SZ,20260304,19.4541,2.0841,0.8998,643893.6745,643893.6745
002905.SZ,20260304,102.1292,39.3473,3.3986,373685.76,346993.92
300878.SZ,20260304,,3.9727,30.5929,402806.6758,400952.8539
688228.SH,20260304,,6.0958,19.0681,797977.1279,797977.1279
001287.SZ,20260304,48.3476,3.1083,0.2728,1671780.2134,962267.8956
600987.SH,20260304,11.2574,1.2702,0.7493,818696.7361,818696.7361
603158.SH,20260304,30.6938,2.064,1.2062,479482.4346,479482.4346
603310.SH,20260304,33.4132,1.502,6.0213,595711.5,334667.25
301177.SZ,20260304,91.0643,1.9793,8.0726,1232845.614,1232028.721
688469.SH,20260304,,4.4566,7.1103,5817584.8974,3074281.2
603221.SH,20260304,43.9827,1.805,2.4219,290024.44,287332.22
000676.SZ,20260304,57.7442,2.3891,2.5261,1020429.2642,1019813.1109
300989.SZ,20260304,,3.188,10.3379,316861.2201,226220.9663
920035.BJ,20260304,35.7685,3.6314,3.8433,211673.15,47618.226
300819.SZ,20260304,147.2731,10.1787,15.3904,869865.15,785663.9175
001378.SZ,20260304,40.854,1.7641,2.1938,327600.6552,158490.6671
688505.SH,20260304,,3.8793,11.971,820965.1032,562773.1032
605158.SH,20260304,24.9934,1.6556,0.6075,409136.0,409136.0
688193.SH,20260304,212.2514,2.2098,12.4539,201831.9352,201831.9352
300612.SZ,20260304,,5.8674,5.6275,287644.4666,286727.9166
300235.SZ,20260304,578.9759,4.7178,45.9473,329032.8519,265496.5183
600360.SH,20260304,48.7226,2.5155,3.845,854662.8206,854662.8206
300161.SZ,20260304,,3.8901,3.8355,597878.9902,586739.6631
001282.SZ,20260304,41.7169,3.5044,3.4166,562129.568,197756.944
300779.SZ,20260304,736.4969,14.4361,16.9296,1966936.0933,1576425.8461
300434.SZ,20260304,30.47,1.5785,3.7691,397324.6894,338357.7541
000695.SZ,20260304,,16.8943,5.7937,290153.678,277707.5773
920112.BJ,20260304,21.9538,3.5313,2.8235,316235.95,86403.041
000905.SZ,20260304,46.8661,1.9146,0.464,963610.6665,963608.718
301332.SZ,20260304,33.5446,1.4627,1.213,426483.75,244765.29
301278.SZ,20260304,124.3603,2.6204,3.8904,372827.0423,213626.5624
920725.BJ,20260304,,5.5558,19.6332,332879.925,153457.598
920068.BJ,20260304,100.6273,10.4967,22.3174,1408228.8322,134688.7526
000573.SZ,20260304,41.083,1.6295,6.1667,268077.8537,265845.224
300521.SZ,20260304,,8.4418,23.9844,449190.0,449190.0
600639.SH,20260304,12.0544,0.7904,5.438,1144861.1509,867241.4371
301149.SZ,20260304,38.3167,2.5715,0.8995,517290.0217,314258.1429
600835.SH,20260304,26.7823,1.7489,1.242,2447415.164,1929964.7899
000973.SZ,20260304,263.5403,3.6995,14.0707,3171125.4281,1247975.8906
000501.SZ,20260304,31.4331,0.6348,1.1306,690555.4724,689869.2523
000822.SZ,20260304,,1.2334,1.2437,591655.7631,591655.7631
688588.SH,20260304,49.8141,4.1201,4.8005,506012.6538,506012.6538
300812.SZ,20260304,,8.6314,15.5134,676431.973,447687.2073
301205.SZ,20260304,219.2423,15.5497,22.5217,2466303.696,1291818.9445
600386.SH,20260304,4074.4118,1.8742,0.8133,334656.0,334656.0
605116.SH,20260304,23.5939,3.9715,6.166,1001647.855,1001647.855
301539.SZ,20260304,47.9753,3.595,2.7697,293188.0,148697.4238
603811.SH,20260304,15.9494,2.7308,4.5649,361016.665,361016.665
301268.SZ,20260304,,5.4759,3.0284,920512.4271,792460.1732
002586.SZ,20260304,,1.8699,2.3058,557236.9487,529621.2675
301165.SZ,20260304,79.8676,13.5676,4.8072,6731136.3598,6731136.3598
000850.SZ,20260304,16.5286,1.1128,1.5042,506748.1098,506604.124
300241.SZ,20260304,113.0289,1.9301,2.4547,431362.5298,361209.9981
688378.SH,20260304,117.9614,5.5318,16.4416,948507.5729,916854.9727
603193.SH,20260304,29.1129,4.0915,5.855,888891.5109,227029.8819
920000.BJ,20260304,23.9405,2.4529,3.7986,162640.32,102171.623
301383.SZ,20260304,155.2597,2.6705,2.6281,536648.112,231967.8113
300221.SZ,20260304,51.1795,3.4561,2.1983,496494.9099,478404.4984
002426.SZ,20260304,,5.5987,4.0304,1350842.4887,1350832.1567
603919.SH,20260304,26.3216,3.022,3.3257,997273.1541,997273.1541
300778.SZ,20260304,,2.2299,19.9298,275551.4956,275497.1646
600027.SH,20260304,8.53,1.2505,0.4802,5956840.1564,4727642.4688
300353.SZ,20260304,354.7012,7.2505,14.9661,1440694.0202,1258797.8885
603755.SH,20260304,34.7799,4.0678,6.2542,292882.6326,292882.6326
301023.SZ,20260304,41.1604,4.1764,11.8038,332442.7625,177801.2242
600959.SH,20260304,42.0075,0.8424,2.3537,1915274.8737,1915274.8737
002163.SZ,20260304,,16.8192,3.2632,1184630.9295,1126575.5228
002065.SZ,20260304,77.0439,2.2755,2.0375,2775947.7368,2518260.148
688041.SH,20260304,215.7698,25.2925,38.1572,54854378.9476,54854378.9476
603016.SH,20260304,69.4704,5.582,7.3317,460333.12,460333.12
920856.BJ,20260304,81.4944,3.0528,3.4173,144307.0947,80492.0761
002926.SZ,20260304,14.8781,0.9385,4.4029,2281125.0,2281125.0
000776.SZ,20260304,11.3179,1.2046,4.5656,15626216.4855,11790386.4741
600265.SH,20260304,,292.9655,10.2849,254537.8,254537.8
600702.SH,20260304,110.6027,2.323,3.5809,1646823.6922,1646130.8322
002201.SZ,20260304,101.5365,6.8515,4.5342,793041.3053,732662.5021
603722.SH,20260304,,3.7949,8.2552,362443.9288,354951.7488
301398.SZ,20260304,91.4576,5.6519,15.3565,634032.0,210696.759
600824.SH,20260304,238.948,1.8529,6.8566,446907.479,446907.479
600011.SH,20260304,7.9657,1.7352,0.4955,11600890.9923,8127307.6301
301208.SZ,20260304,66.4836,2.81,3.9215,431640.2158,237661.1998
600116.SH,20260304,47.0042,1.1591,1.3246,1302169.3176,1302169.3176
605555.SH,20260304,28.3963,2.5516,1.7519,770153.8426,770153.8426
002100.SZ,20260304,21.6962,1.3652,0.5531,978885.3363,978885.3363
920807.BJ,20260304,115.4852,2.8696,4.5162,269546.16,180760.61
600172.SH,20260304,,13.4378,9.6864,1326809.7179,1174155.29
920163.BJ,20260304,48.5672,4.0681,2.4917,202597.6618,94057.4944
605300.SH,20260304,181.5411,1.7297,2.0645,495294.4707,495294.4707
920207.BJ,20260304,4247.5575,11.218,8.0091,334206.875,204013.0715
002074.SZ,20260304,19.5767,2.2894,1.6399,6514482.6702,6234666.815
301419.SZ,20260304,59.3341,4.3982,10.0697,417600.0,276056.568
002693.SZ,20260304,,7.5322,13.6215,294429.7225,291796.9332
600215.SH,20260304,,1.6053,2.9524,322102.4304,322102.4304
301287.SZ,20260304,29.6709,2.4381,4.6803,282214.11,72093.7046
603718.SH,20260304,17.9207,2.0249,12.4637,307047.1137,305669.4387
600273.SH,20260304,13.989,1.4444,1.4823,1454574.8476,1454574.8476
920230.BJ,20260304,107.1881,2.9798,3.7274,124587.5413,58445.4643
300481.SZ,20260304,32.4041,2.0254,3.4865,486814.8706,483846.1408
920765.BJ,20260304,,4.9489,2.8945,151414.7741,91989.9752
920030.BJ,20260304,,2.5777,0.473,112132.48,70243.5354
603206.SH,20260304,96.2732,2.0974,1.146,475806.7813,475806.7813
601077.SH,20260304,6.4429,0.5931,2.6988,7665975.0,5965813.6261
300738.SZ,20260304,139.5367,6.4972,9.4828,2282659.7082,2282013.3487
603977.SH,20260304,61.2218,2.7838,4.1378,931862.742,931862.742
600801.SH,20260304,14.6217,1.5544,1.3896,4798321.9579,3096638.1739
603335.SH,20260304,,11.2197,2.5492,242757.9882,242757.9882
603759.SH,20260304,18.0902,1.6784,1.9034,477921.6,477921.6
002004.SZ,20260304,,1.0881,0.8912,1055296.9288,1002903.1557
301355.SZ,20260304,345.9915,1.6058,1.4108,242116.5286,124354.9361
300244.SZ,20260304,,1.9803,1.2198,1281207.8438,1027991.0751
920786.BJ,20260304,41.113,2.7333,1.5737,208007.735,141485.4727
300896.SZ,20260304,28.7322,5.6967,16.7401,4210265.9368,2902343.105
300687.SZ,20260304,113.602,2.9733,3.7495,821724.1593,662121.9153
603203.SH,20260304,38.9266,6.6072,9.0124,964419.5706,947280.915
600850.SH,20260304,34.9162,3.6443,1.5731,1756953.348,1756953.348
002651.SZ,20260304,186.4161,3.866,14.775,1072731.48,586951.2594
300971.SZ,20260304,39.1306,2.7392,5.6632,288590.4,225921.3701
300808.SZ,20260304,,4.9786,14.1976,482720.0,358720.0268
603809.SH,20260304,31.5678,2.9728,4.2311,1085940.7923,1085940.7923
603010.SH,20260304,197.7536,1.897,2.0629,685679.9037,685679.9037
600107.SH,20260304,,4.5502,8.5044,207720.0,207720.0
603279.SH,20260304,18.3637,2.5636,2.0192,1136031.183,1136031.183
002737.SZ,20260304,,1.9324,3.7397,783144.0,783144.0
002193.SZ,20260304,,3.0296,4.8726,165927.6587,165926.7077
603393.SH,20260304,14.7768,1.8395,4.3706,1653293.1753,1650563.1909
301009.SZ,20260304,88.8456,2.4709,2.9447,329494.32,183054.4539
002313.SZ,20260304,,254.9276,1.2765,341078.4,341054.4179
002385.SZ,20260304,40.4989,2.2135,0.6472,1900634.7257,1557642.4261
300652.SZ,20260304,36.8639,4.0159,5.8935,607594.0555,545315.1575
603609.SH,20260304,36.0924,1.0201,0.1799,658511.0714,658511.0714
002238.SZ,20260304,,2.8393,4.6485,602721.9292,602721.9292
605183.SH,20260304,15.7141,2.4233,3.9629,878345.2022,871050.9878
001400.SZ,20260304,62.8775,5.6727,6.8175,697740.0,174435.0
688038.SH,20260304,,4.2499,9.6196,252646.6514,252646.6514
603128.SH,20260304,20.7324,1.2764,0.4598,773646.478,773646.478
688163.SH,20260304,48.8014,2.2683,12.8625,252369.04,252369.04
300920.SZ,20260304,113.5879,3.3486,8.9888,397000.0,219863.8047
600536.SH,20260304,,10.7218,6.9019,3779034.3054,3414275.4071
600268.SH,20260304,31.7022,4.123,1.4441,1415107.9938,1408088.1026
300588.SZ,20260304,,16.7348,25.1998,458573.1169,423488.7619
600009.SH,20260304,30.8418,1.7577,5.6611,7298222.1463,6001737.8175
920419.BJ,20260304,24.3047,2.4358,1.7469,150414.1184,140676.2433
603028.SH,20260304,,5.2406,1.4764,268382.4,265717.65
688691.SH,20260304,,11.3807,19.3346,1402440.0,835211.5719
603112.SH,20260304,16.4913,2.1222,2.2438,926392.5155,866415.7997
002421.SZ,20260304,,2.0133,2.394,598004.0222,565887.2864
600736.SH,20260304,42.7404,0.9854,1.3362,735676.1676,735676.1676
688311.SH,20260304,,4.7215,14.221,746742.3123,746742.3123
601007.SH,20260304,96.1634,1.9132,1.716,303030.0,303030.0
600059.SH,20260304,41.2822,1.461,4.638,849557.5289,849557.5289
600305.SH,20260304,57.2785,2.5403,3.7214,853089.5481,850403.9238
600292.SH,20260304,18144.034,2.2826,14.4002,6570309.3015,1171225.335
920781.BJ,20260304,,4.0462,6.0638,146065.866,96467.7074
600406.SH,20260304,28.7401,4.6674,3.6072,22970822.6062,22903321.2236
000055.SZ,20260304,371.2162,0.6701,1.0804,408072.2063,256823.847
000997.SZ,20260304,20.7097,3.1963,2.8505,2296692.9733,2283865.0767
000049.SZ,20260304,23.1536,1.4508,0.4392,966596.6359,966336.1082
301213.SZ,20260304,,9.5435,48.1864,748799.9906,484015.4186
002440.SZ,20260304,56.9037,1.7231,2.8281,1636543.8617,1377898.2221
920892.BJ,20260304,24.7633,6.0966,4.5502,268303.381,233548.256
605196.SH,20260304,92.9231,8.4123,3.9815,2776789.112,2743967.752
002534.SZ,20260304,84.8537,3.0697,2.7789,1636761.0766,1614844.3054
600881.SH,20260304,,3.2393,0.8131,549465.668,549465.668
688231.SH,20260304,105.6377,2.8761,4.2517,793892.5719,793892.5719
003037.SZ,20260304,53.0668,1.6066,0.708,450504.1579,450504.1579
688386.SH,20260304,76.8099,5.8908,12.0191,868291.2869,793247.0
603111.SH,20260304,16.0969,1.4758,1.3381,585318.8263,579104.5667
002984.SZ,20260304,13.4519,1.5013,2.3058,1984948.08,1367334.1806
600372.SH,20260304,87.654,1.8979,3.0114,7253506.0484,7253506.0484
301098.SZ,20260304,,1.3639,1.9633,162966.923,132624.7455
603120.SH,20260304,43.295,3.3798,6.2216,385375.2,96343.8
301469.SZ,20260304,44.5579,2.2704,2.96,312732.6,160975.1041
688012.SH,20260304,98.6722,9.1803,16.8227,20834358.9451,20834358.9451
600971.SH,20260304,338.5922,0.7768,1.7396,930003.7851,930003.7851
300992.SZ,20260304,158.9429,3.228,2.9832,279153.078,226904.382
002192.SZ,20260304,80.3351,4.0985,21.244,1417457.7532,1414537.3247
688373.SH,20260304,,14.0224,25.7821,365519.2077,337340.3075
300736.SZ,20260304,,29.9471,5.7943,245633.9021,240165.575
688212.SH,20260304,476.5373,4.1605,7.0611,546202.254,546202.254
002022.SZ,20260304,,0.9456,1.8321,293179.2481,293123.6731
300236.SZ,20260304,91.1978,4.3174,13.011,2344406.2684,2085156.4401
300909.SZ,20260304,95.3358,3.9156,5.0907,789621.6491,557893.4478
600622.SH,20260304,,1.4127,2.6466,415412.8564,415412.8564
603588.SH,20260304,34.4966,2.042,1.4808,1955833.0428,1955833.0428
603703.SH,20260304,,6.8716,6.3102,568525.5044,568525.5044
605151.SH,20260304,,1.9797,1.4461,269781.2151,269781.2151
300281.SZ,20260304,1746.738,2.4166,6.9312,303300.6719,287663.9603
300677.SZ,20260304,17.722,1.661,3.0631,3017029.0365,2144073.0522
300058.SZ,20260304,,7.39,0.882,5862831.2637,5682888.5948
002032.SZ,20260304,16.4603,5.4825,1.5156,3451273.0521,3448957.6638
002614.SZ,20260304,58.9985,0.9352,0.789,404183.0042,285940.2779
002816.SZ,20260304,,9.9924,12.3532,231200.0,231200.0
000713.SZ,20260304,116.7601,1.9633,2.1452,585893.0939,450686.9953
600420.SH,20260304,14.9969,1.0277,1.5126,1416278.3628,1416278.3628
301286.SZ,20260304,117.8243,12.4185,21.8061,2372192.9,956225.5507
600423.SH,20260304,505.7142,5.5434,20.9006,309893.6701,309893.6701
600491.SH,20260304,,0.4786,0.7666,469635.6922,469635.6922
300746.SZ,20260304,,3.7126,2.3989,285558.9849,282784.9943
688282.SH,20260304,,5.5531,23.4883,707080.0,707080.0
601133.SH,20260304,45.4063,2.8943,1.8086,846941.5521,239616.3374
301033.SZ,20260304,44.511,5.9598,13.4705,453590.6793,382013.5968
002278.SZ,20260304,119.429,4.0924,7.0756,569455.3544,487635.1251
301128.SZ,20260304,80.1115,12.0732,6.2714,1074341.0302,916370.8634
300869.SZ,20260304,,3.2579,11.5478,565738.9014,356732.5893
601633.SH,20260304,17.1296,1.9722,0.7621,16978818.5242,12319138.7866
603922.SH,20260304,192.0758,3.6479,5.4283,379187.2,379187.2
600789.SH,20260304,47.6764,1.7495,1.4537,899908.3989,773754.5532
600916.SH,20260304,45.5334,2.5792,0.3112,1856400.0,1856400.0
003016.SZ,20260304,,1.2986,2.411,347771.3731,339800.1103
605189.SH,20260304,60.3564,1.5609,0.8456,275978.3515,275978.3515
301421.SZ,20260304,322.4117,8.6172,21.2461,1028733.02,411682.4317
300213.SZ,20260304,222.5115,2.2985,5.1328,504615.5963,468836.3659
001285.SZ,20260304,28.6479,2.5713,4.1586,949539.0297,214084.7436
002491.SZ,20260304,4156.5836,6.272,4.876,1555943.0425,1488233.1218
688234.SH,20260304,,5.5644,27.25,3991802.9469,3539529.8694
301255.SZ,20260304,94.2721,3.7191,9.032,390853.12,97713.28
002766.SZ,20260304,281.1275,3.9483,4.5844,454228.9432,449859.6506
002115.SZ,20260304,,5.2506,1.1252,1089161.3589,1010198.5995
300904.SZ,20260304,,6.4363,6.4636,424165.7395,128821.7395
000932.SZ,20260304,15.9838,0.7983,0.3474,4428433.4319,4428378.3597
002841.SZ,20260304,26.9718,1.8629,1.049,2447890.1888,1833571.9336
688475.SH,20260304,37.5983,3.6792,3.6098,2130187.5,2130187.5
300987.SZ,20260304,140.6841,3.922,9.3971,310848.824,310848.824
688138.SH,20260304,46.7604,3.1526,7.0595,875144.0,875144.0
688018.SH,20260304,51.4214,5.7417,9.9793,2559962.3412,2400058.8902
603920.SH,20260304,50.2654,6.3577,7.5703,4106655.6146,4106655.6146
601377.SH,20260304,16.4503,0.9935,4.3178,5535667.8555,5535667.8555
300916.SZ,20260304,31.2485,3.121,2.6762,426410.5326,275417.3894
300039.SZ,20260304,18.7677,1.4368,5.5376,648520.0,568494.2601
003026.SZ,20260304,92.6951,6.1898,9.6459,407522.136,300866.0609
688351.SH,20260304,207.8299,5.8989,22.8851,1063085.4,1063085.4
301099.SZ,20260304,59.2152,4.7614,1.0288,617022.9238,377706.046
300132.SZ,20260304,36.2553,3.4357,2.2982,484036.2902,476072.1631
605166.SH,20260304,16.2495,1.7201,0.5405,335190.268,335190.268
600326.SH,20260304,,3.5288,4.0564,1422412.8576,1422412.8576
001373.SZ,20260304,,3.3174,5.1575,288484.9296,139153.2744
920029.BJ,20260304,16.6412,3.1526,3.8937,1176092.2962,325905.0962
301337.SZ,20260304,,2.8052,12.4566,307598.4,109182.0078
300390.SZ,20260304,,3.4312,5.5639,3742532.2999,3029777.2479
301100.SZ,20260304,,2.11,3.4791,421000.0,184187.5
300706.SZ,20260304,,8.9271,4.66,627463.0354,465196.0504
300069.SZ,20260304,93.5521,7.6943,8.6743,217269.0,217269.0
600730.SH,20260304,664.504,3.1367,48.0048,562016.4499,562016.4499
301520.SZ,20260304,68.1294,1.8395,9.426,278266.6681,93593.5686
300604.SZ,20260304,84.7458,18.7779,16.7658,8190137.7467,6318869.6659
920675.BJ,20260304,45.2973,3.6626,4.0537,227084.316,104224.5705
301127.SZ,20260304,37.6605,3.2993,5.5603,1068402.6555,1036965.5372
601298.SH,20260304,10.866,1.3417,3.1034,5958829.8,4949924.85
601117.SH,20260304,9.1862,0.8607,0.2979,5587599.5382,5570581.6362
688209.SH,20260304,50.0412,4.0493,5.51,887955.9483,887955.9483
000722.SZ,20260304,87.6662,1.9616,16.5761,617330.5151,617330.5151
300710.SZ,20260304,,6.288,10.2151,290710.6566,217922.798
600734.SH,20260304,,28.3566,23.172,880034.4548,879852.6548
301618.SZ,20260304,92.6667,4.7293,8.1583,442147.9299,162489.2733
002432.SZ,20260304,12.5501,1.0685,15.1067,2370911.5532,2235450.841
688050.SH,20260304,41.3527,3.9396,7.4024,1097563.0181,1097563.0181
300592.SZ,20260304,178.9163,2.3459,0.5617,541844.3685,467504.5252
600684.SH,20260304,160.2161,4.5503,3.5072,559673.5872,431851.1258
920378.BJ,20260304,59.958,3.8767,3.7824,153815.214,110157.0591
002815.SZ,20260304,58.6303,2.0215,2.4832,1811734.1436,1140844.4766
688068.SH,20260304,,4.5173,27.5877,1124732.7281,1124732.7281
002862.SZ,20260304,,6.9624,6.1257,278544.0,209319.0447
300408.SZ,20260304,44.4629,5.3897,13.3122,11318833.4731,11043086.1484
600819.SH,20260304,53.4694,2.0166,1.3789,768707.8165,588216.4447
300580.SZ,20260304,36.4523,3.3589,7.6218,1094058.9756,1029306.404
603086.SH,20260304,21.5252,1.6318,1.3912,352633.459,352633.459
300103.SZ,20260304,,4.78,14.4944,232483.932,232290.9014
603982.SH,20260304,,1.2305,1.0841,288817.035,268586.8565
603022.SH,20260304,40.7563,2.6076,2.247,213800.0,213800.0
300009.SZ,20260304,23.2686,3.738,6.0372,1555999.5791,1145360.173
603079.SH,20260304,52.8555,2.0491,3.8444,322862.5978,322862.5978
300681.SZ,20260304,41.4028,2.3065,2.197,698724.3412,526904.4416
002560.SZ,20260304,66.2562,2.1135,0.7115,566220.4399,487812.0742
300299.SZ,20260304,,10.2131,11.4285,439030.8541,438345.8821
002879.SZ,20260304,82.0072,2.4474,2.8839,430630.0372,307481.3312
920267.BJ,20260304,,4.4075,2.0981,108113.1014,63975.1548
603352.SH,20260304,38.1604,3.0968,2.4129,889440.0013,174313.3877
920057.BJ,20260304,132.9809,1.7425,0.8089,124890.4116,79283.6978
300399.SZ,20260304,324.1139,9.6708,10.3216,496371.2,496322.7812
920076.BJ,20260304,23.8749,2.0296,1.8144,192777.5018,45550.0662
688201.SH,20260304,59.7185,3.437,8.7367,473510.6473,451678.4142
603387.SH,20260304,19.8477,1.5397,3.9739,414344.4234,414344.4234
300767.SZ,20260304,,3.3264,10.2552,537662.3405,466829.8262
300758.SZ,20260304,79.7617,3.4776,4.0631,622863.2063,561905.665
000528.SZ,20260304,15.214,1.2199,0.6756,2227346.6126,2224417.409
300133.SZ,20260304,58.6086,2.045,7.0741,1476627.9071,1260763.0006
300956.SZ,20260304,248.219,2.5085,1.5549,344468.8283,336513.3812
600348.SH,20260304,24.1924,1.3407,1.5808,3701295.0,3701295.0
688700.SH,20260304,92.4901,6.4909,10.8082,1196887.855,1196887.855
002408.SZ,20260304,,1.5067,0.6847,1717082.4214,1661661.8076
301488.SZ,20260304,134.757,9.5418,7.4066,1275120.0,324492.9257
603208.SH,20260304,,2.0609,1.2234,248041.7436,248041.7436
688122.SH,20260304,64.699,7.6312,10.3827,5437691.8399,5437691.8399
920227.BJ,20260304,60.3146,6.3189,16.9313,262894.0665,118764.9422
688681.SH,20260304,42.9839,3.2925,3.9964,202013.1,202013.1
002935.SZ,20260304,132.885,5.3307,9.1364,843539.8884,825615.7663
600496.SH,20260304,13.6723,0.931,0.4074,855753.735,855753.735
300966.SZ,20260304,,2.9292,3.6244,226988.5115,150369.1098
920685.BJ,20260304,35.95,2.265,7.4523,126475.0305,75877.1898
300504.SZ,20260304,,1.962,3.1974,416022.7303,335016.1001
002223.SZ,20260304,20.9119,2.7736,4.5021,3638991.2523,3412774.1353
002036.SZ,20260304,,5.4041,1.2938,1158834.4408,1156649.1122
688207.SH,20260304,,2.1398,25.5723,397523.7806,397523.7806
002401.SZ,20260304,,3.5434,3.3116,579059.4295,578585.0185
688137.SH,20260304,,1.3957,18.7584,284210.528,132335.528
600644.SH,20260304,319.0337,3.6084,2.1991,746612.176,746612.176
301160.SZ,20260304,33.1911,4.4532,4.8092,728914.7957,474551.7274
600160.SH,20260304,27.9332,5.5311,4.0942,11033862.233,11033862.233
002843.SZ,20260304,167.9184,5.0178,4.5557,710151.6624,707485.8174
603803.SH,20260304,,2.6593,3.486,417660.5365,417660.5365
600617.SH,20260304,,2.0529,0.4423,694509.0394,639195.368
001395.SZ,20260304,19.3683,3.0067,4.4954,359952.24,193468.14
600382.SH,20260304,26.779,2.1406,6.9573,580525.1624,580525.1624
603725.SH,20260304,25.4978,3.6441,0.9492,301504.2455,283504.4455
300689.SZ,20260304,221.6963,7.571,12.4142,522858.8,457646.973
002046.SZ,20260304,92.0797,5.9867,8.2312,2591241.3467,2555097.8756
000598.SZ,20260304,10.2285,1.0394,2.2608,2050013.9913,2046729.4443
920374.BJ,20260304,116.484,6.9393,7.3878,181459.068,75936.7645
002706.SZ,20260304,41.1539,3.0909,2.7227,1257900.0224,1024788.3408
000488.SZ,20260304,,2.1438,1.0961,685359.2946,391763.2577
603608.SH,20260304,,4.8542,4.928,513313.9766,513313.9766
002064.SZ,20260304,35.0416,2.1874,2.3678,5840914.1668,5824473.4482
002045.SZ,20260304,257.0224,1.6242,0.8473,718853.4427,718022.4232
603607.SH,20260304,36.9485,3.9481,4.2987,398985.048,398985.048
300144.SZ,20260304,26.0958,2.4769,9.2715,2073497.4686,1863467.5978
000402.SZ,20260304,,0.3428,0.5901,807011.0749,806940.1364
605162.SH,20260304,26.4382,3.0922,5.2331,393372.508,393372.508
301322.SZ,20260304,51.9963,1.6022,5.7594,450425.7551,290094.2278
603392.SH,20260304,,3.9691,26.722,4798370.6912,4798370.6912
600362.SH,20260304,23.7415,2.3658,0.3649,18996533.5158,11384807.2638
603041.SH,20260304,74.6712,1.5731,3.8045,236443.6704,236443.6704
002835.SZ,20260304,20.6149,2.861,3.198,352068.2653,204170.2712
920770.BJ,20260304,54.6849,3.8423,12.965,236840.5585,149046.716
688080.SH,20260304,27.3562,3.5135,5.29,411148.5288,411148.5288
688077.SH,20260304,68.8104,3.5513,2.3726,390257.2201,390257.2201
688178.SH,20260304,,2.2591,4.106,207649.7329,207649.7329
688396.SH,20260304,102.7688,2.9576,6.149,6796950.5178,6796950.5178
002531.SZ,20260304,,2.074,3.71,1863363.1683,1852980.1706
603533.SH,20260304,,5.0614,3.736,1170098.9621,1170098.9621
300298.SZ,20260304,33.2442,2.9333,1.9882,937327.2029,755026.0678
001220.SZ,20260304,23.5984,2.5087,3.9766,375343.43,91949.3714
600452.SH,20260304,53.6351,3.8245,7.0092,2092769.7327,2092769.7327
688516.SH,20260304,59.1405,7.2121,4.0844,2622913.9668,2618175.3436
920821.BJ,20260304,178.8799,5.9866,8.0289,316295.3011,166542.9227
600206.SH,20260304,73.0213,4.8008,2.2208,2033421.1035,2033421.1035
000559.SZ,20260304,57.54,6.1688,4.1749,5798561.9186,5797137.8303
002981.SZ,20260304,28.72,3.4732,1.9745,391010.5111,339613.1743
301053.SZ,20260304,98.6782,4.0214,4.0833,273456.9013,251046.5976
603093.SH,20260304,34.3994,2.8286,7.0823,1551721.2187,1318962.4607
600269.SH,20260304,8.6347,0.5833,1.8112,1139678.6228,1139678.6228
300875.SZ,20260304,,5.9003,36.8878,556978.0758,489789.7214
300557.SZ,20260304,108.2302,5.1134,7.2491,509820.7094,503151.1572
300691.SZ,20260304,,2.719,2.2034,438011.391,359361.6594
300563.SZ,20260304,95.1438,5.6385,7.2791,623089.0554,438386.7579
301357.SZ,20260304,1240.2172,11.7742,73.3682,1339464.0,334866.0
002725.SZ,20260304,57.2417,4.0755,6.1416,419840.0,347702.6468
000010.SZ,20260304,112.5508,15.5645,5.5653,508146.3131,374830.7341
603218.SH,20260304,25.9073,1.3981,2.2447,1429083.3138,1425886.2788
002471.SZ,20260304,,6.4489,2.0788,1125120.72,1103595.6332
300193.SZ,20260304,18.1372,1.8539,3.4723,427196.0751,376431.1378
300783.SZ,20260304,33.9797,2.5973,0.6886,772009.5478,538671.0598
300700.SZ,20260304,,6.3687,13.4616,554252.2369,377772.0472
600873.SH,20260304,8.323,1.9471,1.2754,3137946.4064,3137946.4064
002932.SZ,20260304,584.8433,0.7463,11.8163,415049.9082,278612.0124
002597.SZ,20260304,26.9081,1.915,3.0168,1449215.6889,1445387.9859
920751.BJ,20260304,45.373,5.2492,9.1547,210875.4,201683.0138
601869.SH,20260304,330.0375,13.6456,13.7163,18898589.9003,9275484.6937
920091.BJ,20260304,98.0948,7.9778,15.9168,380162.262,84059.7165
600777.SH,20260304,19.119,1.3934,4.3182,3277838.9877,3068485.4525
600759.SH,20260304,82.5636,3.8985,15.8318,3427081.6653,3422684.4543
603059.SH,20260304,,3.1787,2.2669,334494.171,334494.171
600096.SH,20260304,13.2801,3.0914,1.4285,7487022.9322,7487022.9322
601811.SH,20260304,10.0576,1.1116,1.3911,1639774.689,1052440.2831
600355.SH,20260304,,5.4637,2.1532,57574.4364,57574.4364
300534.SZ,20260304,102.1353,4.1542,3.257,286661.025,285438.6562
300525.SZ,20260304,30.7134,3.3516,4.1241,844158.721,692378.2989
300763.SZ,20260304,42.1221,4.1081,5.3091,3739359.1535,3021030.1283
000088.SZ,20260304,16.3625,1.3109,27.5017,2360565.4391,1435954.0885
300548.SZ,20260304,156.1785,23.7041,19.258,4443913.239,4104420.7565
001336.SZ,20260304,80.8054,2.7031,5.939,213472.016,123724.873
002072.SZ,20260304,,11.4714,5.8152,270244.8,270135.873
000155.SZ,20260304,59.3005,2.6354,9.176,2636328.3924,2636328.3924
600327.SH,20260304,,1.1278,1.0137,357450.9253,357450.9253
600859.SH,20260304,,0.7485,1.3873,1467854.4397,1467719.4516
601718.SH,20260304,,1.202,2.0537,1469680.4225,1469680.4225
002311.SZ,20260304,17.987,3.5752,0.7179,9034162.3371,9027490.6753
688001.SH,20260304,166.1468,3.874,6.017,1338358.9173,1338358.9173
600266.SH,20260304,,0.5587,0.3291,1085613.8542,1085613.8542
688750.SH,20260304,161.2972,3.8803,15.5677,955987.5,481442.1798
603655.SH,20260304,95.6685,7.1059,15.0168,394320.0,394320.0
603267.SH,20260304,55.9656,3.1846,7.9466,1392031.2934,1392031.2934
603008.SH,20260304,20.1287,1.8689,0.7795,697545.8719,697545.8719
603223.SH,20260304,30.3077,1.8042,5.3239,704188.4274,704188.4274
920976.BJ,20260304,33.9684,8.9173,7.5683,228469.948,142065.112
600267.SH,20260304,21.8591,1.4044,1.1506,1195251.6514,1195164.9124
001914.SZ,20260304,12.4675,1.0501,0.5965,1130641.4076,1130637.8667
920247.BJ,20260304,83.5922,7.4843,8.2063,358570.5218,260071.3506
603171.SH,20260304,209.6986,8.8951,10.7552,2245462.47,2242948.14
000735.SZ,20260304,,2.0734,3.5457,875150.3193,874682.1129
603303.SH,20260304,25.246,2.3201,1.6326,722571.0311,722571.0311
002099.SZ,20260304,,2.4121,6.6382,1235079.738,1232777.4695
920726.BJ,20260304,107.6751,4.8291,9.8614,212795.31,117034.7101
300997.SZ,20260304,122.4881,8.9391,5.8343,908194.9341,801351.0635
600548.SH,20260304,18.1345,0.9628,2.3858,2251078.3846,1520695.8469
920080.BJ,20260304,31.5783,3.9261,5.5635,218290.0,59596.8546
600381.SH,20260304,,1.6533,5.9786,170247.6149,170247.6149
600602.SH,20260304,138.8053,5.4612,4.2396,2632771.4009,2068033.2558
002707.SZ,20260304,137.1585,7.3159,0.9724,678073.3728,569392.9853
000603.SZ,20260304,65.8429,10.2752,14.9022,3380849.7954,3266910.1591
301002.SZ,20260304,,5.12,5.8449,541096.0788,340790.5558
000042.SZ,20260304,,1.7183,2.2582,566436.1304,565839.7841
601069.SH,20260304,77.1366,7.7432,2.8525,3525566.606,3433419.2744
002205.SZ,20260304,,7.308,3.5459,262968.1676,262968.1676
301066.SZ,20260304,134.2914,2.9601,5.2799,367419.7456,364594.4719
301238.SZ,20260304,269.0252,1.9869,7.2006,1424133.2686,1424133.2686
600980.SH,20260304,42.6837,3.2716,3.6175,473726.6056,470050.4244
600252.SH,20260304,,1.3661,3.4452,789672.4414,789672.4414
002136.SZ,20260304,,2.6576,1.664,299952.9,299165.7852
300199.SZ,20260304,,22.2596,16.0894,1444982.8257,1219961.6744
603080.SH,20260304,19.2457,2.3202,2.2615,353467.0,353467.0
002827.SZ,20260304,49.8104,9.2,5.3703,979911.702,976212.0
688433.SH,20260304,562.3287,18.5108,53.3861,3822778.024,1865422.8736
603868.SH,20260304,34.0162,4.6826,3.9625,1532005.2,1532005.2
603506.SH,20260304,20.7763,1.9325,1.3126,241106.6682,241106.6682
688358.SH,20260304,29.7065,2.5355,7.7449,346468.1442,346004.6442
605277.SH,20260304,35.4607,4.6202,1.901,746144.0162,732664.4052
605167.SH,20260304,36.5356,4.034,2.7627,797099.25,797099.25
301312.SZ,20260304,120.3868,8.3119,15.887,1023976.1714,511670.8643
600036.SH,20260304,6.4821,0.9147,2.8841,97348604.0199,79627725.4959
603790.SH,20260304,85.2559,3.8763,5.8494,488542.08,488542.08
600853.SH,20260304,10.0773,1.1464,0.2305,407640.7619,407505.8105
002596.SZ,20260304,,6.9549,4.0034,464770.1098,464342.7335
603658.SH,20260304,17.9788,2.2566,4.6789,1973701.1487,1973701.1487
002912.SZ,20260304,52.3147,3.0765,7.1031,503547.648,478392.7104
002227.SZ,20260304,,2.4867,7.6488,237398.3109,235607.4218
300822.SZ,20260304,167.9266,3.7245,5.5019,468550.4448,434628.9836
601188.SH,20260304,28.6888,0.992,5.154,458219.9402,458219.9402
300983.SZ,20260304,,1.6668,27.0367,472435.2,323384.2593
301122.SZ,20260304,1036.6047,2.2558,11.8112,403410.6714,249614.1714
002010.SZ,20260304,31.3865,0.9749,0.6612,1730283.3484,1725920.0959
601611.SH,20260304,27.5634,2.1761,0.4356,4728705.8786,4728705.8786
600693.SH,20260304,240.474,3.1361,6.0005,1108184.1174,1107045.8443
002940.SZ,20260304,55.2793,3.7955,4.0607,597518.8869,548785.9333
000039.SZ,20260304,25.3116,1.4115,0.4138,6859285.9297,2927389.8834
002508.SZ,20260304,12.4549,1.6724,1.7152,1908776.6103,1885774.6097
603020.SH,20260304,21.3001,1.174,1.5704,388219.8651,388219.8651
688809.SH,20260304,107.456,10.4989,42.2535,4276493.3744,803844.1211
300515.SZ,20260304,21.6792,4.5315,5.8539,390933.55,383346.4225
688562.SH,20260304,,4.7587,6.7513,821200.0,355210.06
301338.SZ,20260304,123.177,11.6219,17.2628,1819759.2,1011642.45
000911.SZ,20260304,53.3685,22.3436,0.9419,268214.2781,268214.2781
002980.SZ,20260304,68.96,5.9698,8.296,644342.7463,344928.5895
600425.SH,20260304,27.8338,1.1121,1.8483,726930.7793,726930.7793
002606.SZ,20260304,32.8237,3.084,3.6013,561135.5752,538219.5463
920703.BJ,20260304,25.2814,2.0291,6.2195,229100.48,115923.0234
002543.SZ,20260304,9.4951,1.2815,0.8496,648419.2,576924.7946
002642.SZ,20260304,219.1116,4.481,3.0907,526617.9291,526617.9291
688123.SH,20260304,56.0513,7.9583,16.6591,2033941.1864,2033941.1864
688777.SH,20260304,127.8817,5.7486,7.1496,5755903.8089,5726873.5616
301339.SZ,20260304,35.3042,2.8373,7.3155,781128.6487,226209.9297
603808.SH,20260304,,1.3751,1.2337,358020.0917,358020.0917
920118.BJ,20260304,45.9542,2.1144,0.7536,120012.768,73897.5978
301359.SZ,20260304,58.9695,2.943,7.393,248283.616,141307.5491
603153.SH,20260304,21.4392,1.8044,1.4267,653728.4641,215325.0
002555.SZ,20260304,15.931,3.8249,3.0013,4970898.0692,3592879.5074
300830.SZ,20260304,442.9977,4.4892,15.4016,612876.4937,457424.0356
002811.SZ,20260304,33.5595,3.2482,3.3755,456103.5774,419290.0198
301499.SZ,20260304,83.8332,3.4231,4.6093,443798.1199,110949.5316
002667.SZ,20260304,,13.8925,22.6318,642358.0475,583246.115
002523.SZ,20260304,50.5033,2.4259,2.9551,607738.9032,605551.811
600272.SH,20260304,253.2969,4.3261,2.8613,335931.8377,204640.0
600969.SH,20260304,,1.0359,0.9301,377081.4432,377081.4432
300439.SZ,20260304,40.0777,1.2768,2.5649,377401.0763,287070.0741
600022.SH,20260304,,0.9639,0.2506,1818804.4242,1818804.4242
688146.SH,20260304,68.9995,4.1537,10.5954,2394529.4131,655703.1184
688698.SH,20260304,59.6865,6.9966,8.2301,1601746.4406,1601746.4406
603363.SH,20260304,6.1043,3.3102,1.3536,1106258.7761,904999.3397
300007.SZ,20260304,188.8229,5.3106,6.5391,1543251.2023,1335169.5188
000595.SZ,20260304,688.4529,13.8286,12.783,703689.6342,703689.6342
300856.SZ,20260304,49.8165,2.3505,4.0987,628858.5088,607770.4936
603283.SH,20260304,25.3773,3.8586,3.5897,1218384.9303,1218384.9303
603381.SH,20260304,66.6093,1.7115,0.5324,612121.3211,366715.2299
002340.SZ,20260304,38.2772,2.2814,1.3091,4689963.4929,4664531.5032
688330.SH,20260304,9.6323,1.407,9.4393,615300.0,615300.0
002927.SZ,20260304,263.0162,4.3018,5.1727,445268.3991,440371.9748
301392.SZ,20260304,484.1594,14.1927,26.1909,1029200.0,419871.516
002014.SZ,20260304,15.2181,3.0609,1.9459,718452.9588,709098.5407
300902.SZ,20260304,,4.2343,10.9259,347608.0415,231836.0687
001213.SZ,20260304,32.3086,0.9594,1.5448,1831111.1109,1831111.1109
002851.SZ,20260304,314.9828,8.3719,8.2597,7483845.9524,5893940.9658
300447.SZ,20260304,,3.2618,8.3563,652104.063,420287.0785
002761.SZ,20260304,51.724,1.2567,0.129,1061221.8392,866512.5252
600072.SH,20260304,,2.0159,2.0058,1956847.2205,1412671.8601
002343.SZ,20260304,,3.2926,6.1964,313576.3493,313576.3493
002334.SZ,20260304,27.6898,2.5602,1.8197,779958.0888,695922.5956
603326.SH,20260304,16.8349,2.6226,2.0665,300664.6681,300664.6681
688236.SH,20260304,28.1484,2.6373,7.3387,765986.2945,575990.716
002241.SZ,20260304,30.1599,2.4922,0.882,8768379.9168,7761429.0888
603092.SH,20260304,34.1155,5.0327,4.9997,2667200.6668,223061.0033
300775.SZ,20260304,47.4088,3.7007,14.6914,2165005.8279,2101884.512
300043.SZ,20260304,173.4851,4.157,3.478,714169.8822,713791.6736
603685.SH,20260304,340.7698,3.7231,6.0711,735285.1642,590294.6387
688526.SH,20260304,17.3622,1.701,7.5931,721566.2307,721566.2307
000301.SZ,20260304,,2.7118,0.7458,9063996.7646,9060329.9264
920002.BJ,20260304,66.7267,5.8724,11.8422,418217.7789,288363.0846
002164.SZ,20260304,110.6692,4.7627,4.5693,682246.6693,615071.8295
301077.SZ,20260304,32.0949,4.2047,6.1611,481493.482,270084.8427
300248.SZ,20260304,57.9694,2.6124,5.7091,554469.5295,476207.6589
605298.SH,20260304,110.4825,8.1499,15.0197,850584.8,843344.528
603948.SH,20260304,20.7138,2.1557,2.0756,452532.3301,452532.3301
002796.SZ,20260304,1009.696,15.3601,14.1732,1315084.166,1186587.4458
600655.SH,20260304,,0.5577,0.4902,1922874.3869,1921584.0589
600307.SH,20260304,,1.7015,0.3528,1158721.1234,1158721.1234
601006.SH,20260304,15.6699,0.6333,1.3647,10436238.0569,10436238.0569
603828.SH,20260304,,6.3451,2.1089,408828.6684,408814.5828
603955.SH,20260304,,2.506,19.6641,382730.4,382730.4
002763.SZ,20260304,40.0838,1.6802,1.0431,313591.86,232253.388
603711.SH,20260304,36.6995,1.6252,1.7696,536736.33,536736.33
600982.SH,20260304,16.7266,1.2514,1.4311,550990.3501,550990.3501
300921.SZ,20260304,133.7403,5.6207,8.245,465559.0346,290537.8027
920275.BJ,20260304,310.4531,6.055,18.4051,141367.9312,117008.1801
300953.SZ,20260304,50.7026,5.8497,2.8737,2502069.3142,1796502.4571
600246.SH,20260304,,3.7812,43.8807,2108141.4115,2051097.5365
600739.SH,20260304,21.2581,0.6235,1.6492,1834122.0694,1834122.0694
300790.SZ,20260304,39.4225,3.6481,3.0175,939038.6423,814805.0176
300054.SZ,20260304,60.227,8.0704,11.0744,3997819.1817,3110552.0366
688049.SH,20260304,41.6108,4.1612,9.2296,851314.779,851314.779
301069.SZ,20260304,88.2091,4.7883,10.4775,1054083.2567,992676.8567
688130.SH,20260304,,2.1726,15.5027,269103.5752,134194.6192
603650.SH,20260304,60.5483,8.7352,10.2857,3464991.2345,3455798.3341
920469.BJ,20260304,,4.2363,3.4873,141791.676,104068.851
300804.SZ,20260304,70.7897,2.3847,4.1127,324490.0,120587.5
601696.SH,20260304,33.7946,1.9933,10.9146,3716964.0,3716964.0
001356.SZ,20260304,51.7735,3.3923,3.3424,692451.0,235759.9313
002582.SZ,20260304,,1.5971,3.2081,498746.5906,383485.8141
001298.SZ,20260304,177.2414,5.39,1.0841,868097.6928,481410.7155
688510.SH,20260304,97.8872,8.2841,14.3083,999681.086,999681.086
301528.SZ,20260304,65.1475,2.5676,19.9023,392507.9,201960.5773
301167.SZ,20260304,86.315,2.0336,5.5913,191744.0,121753.838
001286.SZ,20260304,14.0235,1.5683,1.8105,4106250.0,1149750.0
600203.SH,20260304,,3.9677,0.5667,687866.1751,687866.1751
000852.SZ,20260304,447.7974,2.7491,1.1956,862282.8555,853056.385
002390.SZ,20260304,80.913,0.9246,1.0884,623976.4496,618829.6531
300708.SZ,20260304,46.8467,3.4722,3.0257,979288.4952,740544.8669
301171.SZ,20260304,99.8835,6.4154,6.8411,2401427.3705,1938343.8716
301662.SZ,20260304,114.4883,9.9841,8.6444,1440160.0,299334.0516
001309.SZ,20260304,82.9074,17.455,5.2894,5706756.2183,4047155.8716
603416.SH,20260304,34.115,3.146,4.255,799835.642,708757.05
000550.SZ,20260304,12.8029,1.2999,0.3883,1520983.068,913532.0879
300173.SZ,20260304,58.6214,3.4281,2.3815,331361.2898,331361.2898
002455.SZ,20260304,696.7318,4.3068,1.2671,750548.3857,655787.1035
600512.SH,20260304,140.0922,0.6086,0.9753,382514.635,380977.2391
601877.SH,20260304,15.4198,1.6072,1.089,7024979.5825,7024979.5825
600126.SH,20260304,,1.5863,0.5077,3093505.2,3093505.2
300151.SZ,20260304,133.867,5.9532,9.2376,923902.8148,639399.7478
000726.SZ,20260304,9.6355,0.6274,1.0057,602355.2,434179.8098
002813.SZ,20260304,,12.5968,7.5502,314400.0,314022.9165
002274.SZ,20260304,,1.159,0.9623,629513.031,619918.2749
601228.SH,20260304,29.1221,1.226,1.704,2602863.3161,2602863.3161
601326.SH,20260304,12.2344,0.9752,2.8225,1977943.848,1684175.886
300587.SZ,20260304,,3.3321,5.0202,798435.3102,646941.5693
688070.SH,20260304,484.7712,8.882,9.0884,564453.1,564453.1
002997.SZ,20260304,14.9398,2.7812,2.0477,676317.2011,676317.2011
688280.SH,20260304,37.8045,8.1979,2.2428,611469.647,539283.7342
920160.BJ,20260304,37.8474,5.28,14.9316,279801.6,62955.36
600048.SH,20260304,76.9148,0.4207,0.2559,7888522.2125,7888522.2125
000881.SZ,20260304,,1.5218,1.3767,795103.1104,760038.9072
300335.SZ,20260304,63.1783,1.6462,2.8354,319121.2876,257003.8187
300811.SZ,20260304,64.0809,8.4639,14.1237,2453159.4041,2011525.1001
603262.SH,20260304,67.8031,6.8236,9.8903,1046426.16,104660.928
601020.SH,20260304,33.527,7.0669,14.0796,3023209.8415,3023209.8415
603578.SH,20260304,,2.8288,1.9084,277389.1152,277389.1152
000838.SZ,20260304,,6.6525,9.2856,272914.6182,261333.932
603052.SH,20260304,317.6663,9.9645,12.1368,1083979.4199,1083979.4199
920168.BJ,20260304,23.0821,2.2766,2.578,184776.2172,69252.9554
300748.SZ,20260304,83.6702,7.538,7.1617,5100685.1133,4192540.5751
001326.SZ,20260304,159.3524,3.5213,2.8815,427195.2,140667.028
001279.SZ,20260304,89.0763,5.2093,3.6272,519840.0,129960.0
002126.SZ,20260304,47.6075,5.9914,2.7839,4051793.8504,3799638.8635
301479.SZ,20260304,39.0077,5.8668,4.4468,752290.8558,177590.5105
920735.BJ,20260304,17.3997,3.1544,3.8974,412248.3889,364602.9097
600366.SH,20260304,50.3943,2.4851,2.8709,1521072.8146,1521072.8146
600350.SH,20260304,13.9634,1.5572,1.8115,4607345.9962,4607345.9962
688320.SH,20260304,,3.9857,4.7513,488378.2023,488378.2023
688819.SH,20260304,18.8476,1.7566,0.6547,2997956.4,2997956.4
688170.SH,20260304,209.7741,4.2048,6.7151,528479.68,528479.68
600601.SH,20260304,123.616,10.1044,10.1589,4500251.26,4391318.8312
603778.SH,20260304,,14.2793,7.0292,1038807.8338,1016999.9986
603927.SH,20260304,61.9779,4.7079,2.1249,1479251.2,1479251.2
920111.BJ,20260304,32.3088,4.2666,3.2413,400143.4555,194168.0744
603107.SH,20260304,25.8746,2.3201,2.1836,491159.76,317661.3411
000006.SZ,20260304,,2.1413,3.3575,1155595.7594,1155589.211
600635.SH,20260304,35.1202,2.2556,3.3414,2046037.2298,1676222.6308
000797.SZ,20260304,,0.933,1.0714,471226.2651,471171.7407
002251.SZ,20260304,,1.4742,2.9511,1209914.8601,968612.4536
605005.SH,20260304,35.6878,3.8815,4.2845,791975.0,791975.0
002842.SZ,20260304,,13.4887,7.3072,1506629.0033,1236268.9329
301408.SZ,20260304,38.7363,3.4466,1.4014,722418.06,413500.6818
600745.SH,20260304,,1.1171,0.7556,3793698.2018,3793698.2018
000777.SZ,20260304,41.7147,4.1206,4.9418,939373.1029,939356.5262
920651.BJ,20260304,26.6085,3.9354,6.2472,213683.0,53507.8731
600740.SH,20260304,,0.8195,1.8782,1247753.002,1247753.002
000811.SZ,20260304,34.2468,3.2445,3.0611,1993888.2719,1965596.9231
603500.SH,20260304,26.5476,3.832,5.1163,388699.0073,387581.4918
600354.SH,20260304,58.4187,5.8604,3.2153,403768.5912,403768.5912
605006.SH,20260304,497.529,2.2815,2.4972,572417.0575,572417.0575
300512.SZ,20260304,120.3649,2.5368,3.6348,412511.274,326498.4586
300191.SZ,20260304,,15.3554,29.5582,1630720.0,1127209.72
300807.SZ,20260304,,7.3439,17.6507,345096.7853,263447.2322
300582.SZ,20260304,,3.6958,2.0462,489599.8403,363325.3753
600895.SH,20260304,53.1662,4.3716,25.1003,5784355.4693,5784355.4693
603933.SH,20260304,258.1517,3.345,2.0777,441447.311,441447.311
605566.SH,20260304,122.3921,1.8753,4.6716,374685.4,374685.4
300219.SZ,20260304,82.6173,2.1152,1.2579,545116.4996,544119.6461
002338.SZ,20260304,210.8975,9.1504,16.9958,1245840.0,1245840.0
301396.SZ,20260304,244.0918,11.9328,7.7001,1529034.7681,757767.497
000783.SZ,20260304,11.0055,1.1669,3.9637,4153084.7839,4153084.7839
600193.SH,20260304,,20.1571,,179507.406,179507.406
600690.SH,20260304,10.9797,1.9657,0.7258,23012703.1611,15344931.7206
002029.SZ,20260304,16.3546,1.083,2.4866,738864.6668,697345.445
301197.SZ,20260304,70.8066,2.2699,7.19,291586.26,263064.4358
300821.SZ,20260304,,3.3062,3.8961,1618800.0,1618517.7218
920425.BJ,20260304,47.7902,6.0014,13.1119,161025.964,134414.1865
300457.SZ,20260304,51.93,2.4838,1.8202,1607141.9551,1578536.9178
920339.BJ,20260304,49.9233,3.2851,3.5892,198844.0314,136512.9529
688291.SH,20260304,125.383,4.8823,18.4388,467236.1517,467236.1517
920809.BJ,20260304,,2.6943,1.2072,421731.2,323211.4322
000960.SZ,20260304,36.6868,3.5402,1.4823,6993085.796,6993085.796
300651.SZ,20260304,101.2043,3.7669,10.9415,407672.3693,252419.1461
601872.SH,20260304,28.3834,3.5562,5.5398,14300007.687,14300007.687
002526.SZ,20260304,57.7761,2.0344,3.016,656068.1316,651759.0732
300442.SZ,20260304,31.0437,11.4145,31.6497,15460890.2006,15404418.1441
688278.SH,20260304,27.8844,8.3727,7.8301,2893655.2237,2893655.2237
688319.SH,20260304,522.8362,12.1399,16.507,1162355.9985,1161497.6445
688395.SH,20260304,54.3597,2.8112,4.9682,219958.2088,219958.2088
600963.SH,20260304,24.592,1.3048,1.0916,1042237.7374,1042237.7374
600599.SH,20260304,,6.9877,3.0041,81008.0,81008.0
688720.SH,20260304,120.5074,5.9053,10.2304,608120.0046,389051.8218
600284.SH,20260304,19.4631,0.9289,0.4975,725751.488,725751.488
000651.SZ,20260304,6.5216,1.4883,1.1504,20663585.7785,20345408.8498
300931.SZ,20260304,,4.6944,6.9337,300662.792,231589.2484
002809.SZ,20260304,1078.6642,1.7148,3.6296,267054.8652,175567.5218
688103.SH,20260304,78.3622,4.9271,4.1817,553306.7736,553306.7736
600826.SH,20260304,28.4606,1.9128,4.6802,812764.5716,812764.5716
002182.SZ,20260304,218.6427,3.7944,2.1239,2040115.2245,1780359.1323
001209.SZ,20260304,121.8252,2.4271,1.6893,311840.3691,227840.382
601200.SH,20260304,19.3297,0.9917,1.7548,1149680.6344,1149680.6344
300866.SZ,20260304,19.7965,5.156,1.7414,5098870.8822,2923661.1069
000729.SZ,20260304,23.8964,2.3602,2.4095,3675375.3007,3272527.0938
000538.SZ,20260304,19.0203,2.4891,2.4257,9890167.6084,9826597.7739
002134.SZ,20260304,310.4405,10.8938,4.2306,560141.4246,559794.9174
300727.SZ,20260304,49.9826,4.6761,4.4605,607960.188,546340.2818
000993.SZ,20260304,31.7099,2.4564,10.188,654412.6292,628399.2804
600315.SH,20260304,,1.9891,2.2665,1396885.5864,1396885.5864
301026.SZ,20260304,39.3878,3.2778,1.9895,530692.6784,383278.5598
000810.SZ,20260304,122.505,1.9029,1.4385,1227258.6828,1185016.7887
301078.SZ,20260304,47.8487,2.985,1.2539,1239762.1715,1232883.5455
000066.SZ,20260304,,4.4143,3.2881,4896763.0156,4896445.3741
300930.SZ,20260304,58.1951,3.584,4.785,328600.0,154852.7533
605060.SH,20260304,63.9256,5.7882,11.8908,1400004.848,1390394.1876
300903.SZ,20260304,,6.3846,3.5061,1278294.949,964168.1956
002042.SZ,20260304,,1.2548,0.7012,722789.5759,722789.5759
002650.SZ,20260304,,4.2758,5.5467,706319.4797,706295.5547
300289.SZ,20260304,,2.1695,10.5401,359047.5814,358483.2814
600566.SH,20260304,15.4284,1.8401,4.1465,2547516.8789,2538918.0054
601886.SH,20260304,15.0036,1.4156,0.4614,993642.8066,993642.8066
001234.SZ,20260304,79.2179,3.4618,3.6492,316096.1793,264402.7245
002170.SZ,20260304,15.4208,3.915,2.933,1375059.0089,1114901.715
300075.SZ,20260304,,2.3915,15.5401,833556.672,691718.4348
000820.SZ,20260304,,14.7647,22.7858,219828.7609,100968.7382
000901.SZ,20260304,171.5574,4.6845,3.3733,2024238.7656,2024218.4142
300264.SZ,20260304,,441.456,25.9656,429564.9454,369317.6661
688456.SH,20260304,90.3114,5.052,1.6411,640411.48,640411.48
300796.SZ,20260304,,2.0051,2.3508,344891.4428,344891.4428
688506.SH,20260304,,15.1524,39.8274,10036962.4913,9748310.0
605007.SH,20260304,34.83,2.1924,0.8693,751653.4047,634453.819
601678.SH,20260304,49.7718,0.9682,0.8013,1106577.9165,1099314.9165
002235.SZ,20260304,2688.2264,7.4417,14.1077,559287.2541,534203.0614
002688.SZ,20260304,36.5198,1.9508,1.667,458350.8324,443993.3885
300506.SZ,20260304,,,59.9464,731331.0399,376899.3112
688129.SH,20260304,26.1743,2.6654,3.9642,262884.7416,262884.7416
300018.SZ,20260304,49.9003,4.4345,9.9188,613949.453,568379.9975
001221.SZ,20260304,39.8281,10.1965,7.9157,2647266.18,238307.562
601858.SH,20260304,29.5195,2.8298,5.1483,1550961.0,1550961.0
001313.SZ,20260304,625.4646,2.0151,0.796,513800.0,513158.3746
000702.SZ,20260304,,6.7349,2.0924,237091.4644,182378.05
001387.SZ,20260304,26.5856,1.9962,1.2783,249653.4656,155373.6942
301007.SZ,20260304,103.5767,7.7573,8.2859,531783.12,530581.458
300622.SZ,20260304,61.4292,7.8212,4.8484,663283.4598,453454.0473
002829.SZ,20260304,,3.2442,12.1847,557552.6041,391849.3168
300229.SZ,20260304,,4.5743,36.648,1813637.0548,1812410.7637
920455.BJ,20260304,55.0663,4.4414,9.4707,153139.35,80791.5236
300360.SZ,20260304,14.9397,2.2125,5.1956,900341.6576,875984.3914
601789.SH,20260304,27.6581,1.2359,0.3705,750000.8035,534704.9063
300115.SZ,20260304,79.6631,5.7375,2.5351,4776709.6845,4762616.1851
300859.SZ,20260304,83.7817,7.2209,18.2463,584660.0,584660.0
688551.SH,20260304,63.4744,3.1797,8.0206,411946.4741,411946.4741
688380.SH,20260304,66.5068,5.9578,16.8723,1893326.085,1893326.085
688722.SH,20260304,37.4312,2.8687,4.2011,410241.3942,409216.0952
601336.SH,20260304,5.94,2.318,1.4009,22813244.2858,15250817.8934
601615.SH,20260304,147.4562,1.6951,1.3463,4473240.4845,4473240.4845
000727.SZ,20260304,,4.855,0.2117,1123332.611,1123332.611
600390.SH,20260304,584.9188,0.5818,41.0684,2464939.8715,2464939.8715
688617.SH,20260304,39.542,10.506,12.5582,3244960.3974,3244960.3974
603369.SH,20260304,12.6016,2.1948,3.4558,3623200.9075,3623200.9075
300657.SZ,20260304,160.713,11.8324,2.134,1488684.5073,1453372.8168
603409.SH,20260304,28.4061,3.0272,3.6891,451565.49,112892.1034
600992.SH,20260304,,2.3738,1.5806,330626.41,330626.41
300012.SZ,20260304,26.4548,3.492,4.0848,2610066.5599,2220674.7861
601601.SH,20260304,7.1395,1.3152,0.8525,37375026.5527,26592986.0527
002539.SZ,20260304,22.1955,1.9427,0.8749,1798300.6816,1312110.0832
300261.SZ,20260304,,3.2748,5.22,656977.0592,638470.166
920982.BJ,20260304,32.2449,11.0843,13.1613,2099712.3243,1001908.0458
001332.SZ,20260304,23.6236,2.313,4.4026,583497.69,253506.4888
002886.SZ,20260304,147.1974,3.3984,3.0274,612737.8993,486733.9658
300437.SZ,20260304,,3.6112,5.6887,503078.8616,350390.5198
603356.SH,20260304,,6.7048,2.7029,257079.52,257079.52
002869.SZ,20260304,205.3205,1.7318,6.4873,370636.9061,330000.7421
601518.SH,20260304,10.0963,0.979,3.6157,550150.9722,550150.9722
300308.SZ,20260304,55.46,19.9604,15.6614,59889278.2026,59586475.9798
300425.SZ,20260304,55.08,1.4656,2.0647,344523.5508,342930.5151
603182.SH,20260304,21.8649,2.2932,1.7825,251103.3,251103.3
300003.SZ,20260304,72.424,2.0299,4.9352,3087689.2112,2644630.5024
002252.SZ,20260304,22.4268,1.2609,5.1497,4095636.6444,4093480.0906
300946.SZ,20260304,147.3697,6.489,12.4025,771614.5788,374928.0678
000812.SZ,20260304,,1.7872,2.2563,321313.5127,321091.2855
002612.SZ,20260304,7.3409,2.23,1.303,761006.045,438151.4704
301548.SZ,20260304,52.9758,4.6392,11.8209,700437.0,211217.8401
920953.BJ,20260304,64.0238,7.1849,13.2124,432391.4663,202114.4164
300047.SZ,20260304,274.3386,2.4603,0.9161,811211.2228,695328.2946
002802.SZ,20260304,52.8587,3.8225,5.9115,241914.7407,241438.1951
300942.SZ,20260304,116.0392,4.2868,14.3958,362536.5438,362536.5438
000157.SZ,20260304,19.2403,1.4624,1.7154,8276648.2209,6766389.4164
300305.SZ,20260304,,1.2171,2.5952,249265.847,213459.9956
601096.SH,20260304,50.2069,3.6647,1.6963,1679997.3953,1031789.2677
688501.SH,20260304,17.6509,2.8328,1.5639,319385.046,319385.046
920414.BJ,20260304,,4.2679,19.0086,118186.7894,83106.9839
000686.SZ,20260304,13.5801,1.0109,3.42,1991725.4307,1991725.4307
000893.SZ,20260304,30.1377,4.1438,10.9694,5410319.6999,4753147.9833
600208.SH,20260304,,0.7052,8.5964,2935584.576,2935251.8363
000036.SZ,20260304,185.8976,1.4169,17.2635,720159.0059,718790.4543
600872.SH,20260304,20.4474,2.5031,3.0125,1424671.8872,1410907.9485
601008.SH,20260304,44.7687,1.667,2.6795,687313.4553,687313.4553
603383.SH,20260304,33.7765,4.6659,10.5461,662142.0862,662133.3814
300565.SZ,20260304,,6.3642,5.5936,358076.4136,327246.1779
920375.BJ,20260304,166.5141,1.9798,2.1759,154108.0259,92051.1546
688277.SH,20260304,,9.1606,38.378,1087085.0091,1087085.0091
600615.SH,20260304,285.1491,3.5697,4.7203,262401.4214,261984.4162
002482.SZ,20260304,,13.3661,4.3411,641414.5641,640148.726
300541.SZ,20260304,69.7473,3.7191,2.1533,640766.2931,576001.9397
688663.SH,20260304,83.8368,5.8312,3.9741,798199.6932,798199.6932
600141.SH,20260304,27.3111,1.9811,1.4554,4384652.9595,4384652.9595
600280.SH,20260304,,6.2268,1.8057,383633.8279,383633.8279
688400.SH,20260304,122.9388,4.646,6.7647,1977590.1846,1977590.1846
920037.BJ,20260304,37.0085,8.6314,9.238,734904.4658,237549.2148
301559.SZ,20260304,47.3714,2.3229,3.853,1057800.0,158670.0
300271.SZ,20260304,,1.5713,3.596,573985.4958,563650.4503
603728.SH,20260304,322.93,8.7664,9.884,2598747.03,2598747.03
600613.SH,20260304,52.6053,1.4056,1.7411,327919.9796,294302.4665
300518.SZ,20260304,,4.8302,22.0006,363128.4799,363095.975
600018.SH,20260304,8.7734,0.8466,2.9808,11756380.0545,11739592.7668
301557.SZ,20260304,43.8363,3.9467,3.4403,399080.9941,160009.2109
600199.SH,20260304,,2.754,7.6232,569652.0496,569652.0496
000597.SZ,20260304,19.5062,1.3622,1.0671,730669.1917,721569.7853
002857.SZ,20260304,261.7788,5.4137,3.4953,282038.806,276352.0
002275.SZ,20260304,15.3723,2.5702,3.8614,803793.8448,764768.5203
600869.SH,20260304,,6.7309,1.0211,2867403.7478,2867403.7478
002234.SZ,20260304,,1.7642,1.499,318949.6338,275487.496
600570.SH,20260304,48.6083,5.6721,8.6992,5117941.7107,5117941.7107
600628.SH,20260304,69.9512,1.1377,4.374,483215.9118,483215.9118
600529.SH,20260304,16.9153,1.588,2.7528,1294047.5204,1294047.5204
300729.SZ,20260304,18.8882,1.2421,0.6914,452295.2241,421618.5307
601388.SH,20260304,233.2369,1.9759,1.1977,904702.4952,904702.4952
600449.SH,20260304,20.5999,0.8117,1.0151,601551.7508,601551.7508
920526.BJ,20260304,123.9345,7.8028,15.5801,178632.0,113113.7698
301365.SZ,20260304,76.6013,2.6356,6.786,442980.0,249501.9683
600608.SH,20260304,,25.7929,130.611,100302.7395,97103.2895
688102.SH,20260304,218.9535,18.7336,21.591,3377894.5166,3196142.0849
300081.SZ,20260304,,2.8636,8.2094,304212.0948,304166.0325
603051.SH,20260304,,2.0739,2.2434,365128.7121,365128.7121
000966.SZ,20260304,110.8272,1.1906,1.0968,1643048.5276,1539438.771
600101.SH,20260304,33.1898,1.9805,2.022,610318.7927,610318.7927
605296.SH,20260304,22.7142,3.0249,2.7949,1517618.6969,1498010.9369
002144.SZ,20260304,131.1801,1.3461,5.0248,286001.7703,222708.4386
300485.SZ,20260304,61.1539,1.4569,12.3462,496598.0584,282305.5146
688181.SH,20260304,58.1572,2.1705,5.2291,455488.9963,455488.9963
301609.SZ,20260304,64.5624,6.9625,12.2283,857400.32,192915.072
301345.SZ,20260304,29.3442,6.3268,6.1232,2161025.44,575841.3159
600461.SH,20260304,10.5225,1.3094,1.5777,1263608.8959,1263608.8959
603117.SH,20260304,489.0726,3.3161,13.0185,341542.7129,341542.7129
600405.SH,20260304,,15.551,7.5398,322348.3633,320922.8028
920906.BJ,20260304,51.1952,2.9519,2.2477,170871.1,87725.5515
601956.SH,20260304,33.2762,1.6752,0.6817,426428.9807,426428.9807
300389.SZ,20260304,25.0047,3.8594,1.5266,634852.5452,401071.8721
301123.SZ,20260304,,4.7246,6.3413,1357392.4,1351376.0
000663.SZ,20260304,,2.5984,8.1851,260256.6771,236770.8245
605588.SH,20260304,,3.8302,2.8118,390558.3137,389620.6601
688248.SH,20260304,68.2163,8.8148,7.7928,2874323.0,2874323.0
601113.SH,20260304,14.109,1.2506,0.9764,496868.5017,496868.5017
688429.SH,20260304,,4.4116,5.9572,606401.2128,181658.1368
000793.SZ,20260304,,47.2548,15.9613,541253.5188,531433.3347
300444.SZ,20260304,150.3446,7.5703,3.196,1348079.1519,1049002.0279
000709.SZ,20260304,27.5167,0.5124,0.2054,2646302.9996,2645865.5739
002391.SZ,20260304,,0.9814,1.0933,418337.6022,298893.8023
003028.SZ,20260304,29.7541,2.4884,3.1263,431962.335,210556.518
600114.SH,20260304,37.6624,6.221,3.391,2017270.209,1969345.209
002285.SZ,20260304,,1.9204,2.4642,538063.8403,533459.581
002882.SZ,20260304,109.9872,6.1629,2.737,1304760.6,743665.7701
600611.SH,20260304,148.4917,1.2609,5.8594,1278990.4694,845754.1529
002506.SZ,20260304,,16.9312,1.8899,3012912.9599,3009882.1077
002109.SZ,20260304,,1.4654,1.6453,597294.2903,597294.2903
300035.SZ,20260304,25.8681,2.7492,1.7736,1348234.2619,1147445.7717
688128.SH,20260304,21.4009,3.4452,2.3918,1139881.0,1139881.0
300137.SZ,20260304,,3.6104,6.0072,589167.2666,581977.4484
603890.SH,20260304,20.7703,2.0432,1.5048,625978.0192,625978.0192
601827.SH,20260304,11.485,1.2184,2.5757,1449566.1711,1449566.1711
301267.SZ,20260304,33.1109,2.4674,3.5502,1461600.0,1128293.2264
300514.SZ,20260304,24.9993,2.699,3.6973,285200.0,228528.3715
600825.SH,20260304,143.4508,2.532,4.278,620663.3829,620663.3829
688202.SH,20260304,,4.5342,7.6031,882828.2011,882828.2011
000633.SZ,20260304,183.6258,14.6801,8.0492,288444.6734,288442.5387
002757.SZ,20260304,,2.9899,1.8754,596820.9443,569748.9204
920719.BJ,20260304,,3.3249,5.2064,112084.4536,88125.169
002007.SZ,20260304,28.8581,2.6176,6.4149,2737530.0857,2357406.9127
301367.SZ,20260304,31.4987,2.2223,6.3102,662323.2,517022.8177
002084.SZ,20260304,,1.7677,0.8989,246147.3512,245605.7224
920438.BJ,20260304,220.3325,6.2556,11.4356,624960.6,598836.8388
300072.SZ,20260304,,1.9081,4.5521,1151362.948,1142367.0223
000825.SZ,20260304,209.1978,0.8918,0.3176,2956352.6061,2956352.6061
300332.SZ,20260304,68.8528,1.4395,2.2277,612506.9466,587605.1883
301045.SZ,20260304,140.0246,4.4282,7.506,453960.0432,263187.1042
688116.SH,20260304,64.0986,4.0485,11.6347,1511578.0546,1511578.0546
300181.SZ,20260304,18.6796,3.5732,3.9599,1113803.088,957422.5394
603637.SH,20260304,33.046,2.9717,6.3201,306472.6661,306472.6661
000968.SZ,20260304,26.8456,1.741,5.1736,1075862.9579,1075862.9579
605179.SH,20260304,188.8949,6.4462,2.5582,726211.0,726211.0
600089.SH,20260304,29.3104,2.2668,1.5848,15597970.6667,15597970.6667
600756.SH,20260304,,2.3177,3.5215,550665.286,510455.536
300327.SZ,20260304,89.3159,5.1678,6.7846,903948.2155,897418.4037
688141.SH,20260304,,15.0424,8.8076,2341672.3668,2341672.3668
300203.SZ,20260304,248.2717,2.3432,1.9872,667272.8112,666723.9967
603825.SH,20260304,,13.5136,1.8588,222176.1561,222176.1561
600668.SH,20260304,6.5618,0.7808,1.6251,450887.4486,450887.4486
603848.SH,20260304,32.7891,2.6352,4.2655,659946.678,659946.678
300290.SZ,20260304,,13.0078,13.5289,1009497.9939,1009197.9766
603877.SH,20260304,40.0242,1.6735,1.1054,716035.1172,713371.8112
920639.BJ,20260304,95.3599,2.0467,0.7698,174384.0,102721.8934
000909.SZ,20260304,,2.6405,7.9714,262190.8328,262188.6314
688060.SH,20260304,,2.9885,7.1351,267969.1211,267969.1211
600331.SH,20260304,,16.5443,13.812,5264708.8,4049776.0
688281.SH,20260304,78.9269,5.3294,19.7715,2473851.4463,2473851.4463
002675.SZ,20260304,60.7746,2.308,3.6707,1009305.1429,909902.0087
920001.BJ,20260304,,3.5284,11.847,252149.8308,145541.9638
603818.SH,20260304,,1.1515,0.7223,250588.5071,250588.5071
002485.SZ,20260304,,2.4528,3.7754,288864.0,288864.0
600480.SH,20260304,17.8347,1.7004,0.6774,1324956.3189,1305311.5917
002577.SZ,20260304,430.1009,3.984,10.7195,463135.2,463110.45
002281.SZ,20260304,68.5375,6.4249,5.4961,6279970.7293,6068231.2398
603276.SH,20260304,88.0059,2.0598,4.6512,359025.9803,130785.5851
002556.SZ,20260304,42.5181,1.7885,0.4158,638899.704,638294.2803
300245.SZ,20260304,,3.043,7.0419,358738.7635,357949.1783
002630.SZ,20260304,,12.2816,1.4908,296380.8,258598.4946
002703.SZ,20260304,102.1599,9.3399,5.718,1908507.1309,1359631.5317
688350.SH,20260304,314.1955,2.5018,3.2273,448212.441,448212.441
300876.SZ,20260304,,3.0783,5.8363,309308.1269,230743.4519
603048.SH,20260304,52.0798,2.5005,4.502,319170.24,319170.24
601015.SH,20260304,,1.9561,1.0015,1102948.7251,1102948.7251
603270.SH,20260304,44.1803,2.499,3.0524,550615.0542,177710.9842
301071.SZ,20260304,167.8383,2.2266,21.441,1178513.0333,881122.3882
601666.SH,20260304,38.5869,0.9816,1.0352,2254526.3447,2254526.3447
300789.SZ,20260304,53.6835,2.9081,5.2334,309850.8688,213021.8828
301192.SZ,20260304,71.636,4.6495,6.3672,288311.4,138149.2125
003001.SZ,20260304,65.9433,2.6763,4.7358,320975.5406,194563.0124
300021.SZ,20260304,80.6942,1.9938,1.1026,503004.7947,429387.6918
603167.SH,20260304,15.4599,1.2723,2.4346,446625.5669,446625.5669
600159.SH,20260304,,1.4263,3.5043,244850.9534,244850.9534
688618.SH,20260304,94.818,4.0524,9.6602,346754.1776,346320.5777
301117.SZ,20260304,343.4386,5.1928,19.6441,677747.7491,416873.5571
002805.SZ,20260304,,4.7251,2.773,466584.1383,464051.9683
688168.SH,20260304,,5.2988,9.4351,531959.0476,531959.0476
300550.SZ,20260304,64.2704,2.9521,8.1396,329775.5371,329469.3494
920792.BJ,20260304,28.3418,2.0409,2.5884,212718.9,128961.1068
002186.SZ,20260304,,3.8854,2.6332,336079.1389,335629.9151
605020.SH,20260304,25.7581,2.6165,2.9503,1478820.2031,1455964.9424
300490.SZ,20260304,,2.9394,3.2044,647839.8453,639035.4945
688176.SH,20260304,,4.9478,28.175,780790.0544,595582.6923
300306.SZ,20260304,48.8543,2.3697,8.6691,352873.9167,206774.4669
600794.SH,20260304,56.5173,1.8228,6.4882,478860.7106,478860.7106
300844.SZ,20260304,,5.1002,7.8713,373962.0506,361239.9986
300665.SZ,20260304,,3.0842,2.8684,170339.7779,169659.1983
002196.SZ,20260304,,5.2383,2.7826,741328.5354,729986.6835
000090.SZ,20260304,23.0418,0.6372,0.3259,719389.9921,719357.0746
600429.SH,20260304,41.7569,1.5001,1.2064,782588.4029,780227.4189
300077.SZ,20260304,,11.7261,8.6427,1127767.0378,1095277.1916
301509.SZ,20260304,40.8882,1.9059,7.0309,420117.9815,197912.3569
300105.SZ,20260304,49.8775,2.0623,3.247,397177.1034,397177.1034
603239.SH,20260304,30.64,4.7436,4.2277,595042.56,595042.56
603906.SH,20260304,,3.9226,1.4973,1173540.1608,967980.1608
002765.SZ,20260304,36.7313,2.6722,1.8937,702341.9529,641768.2958
603929.SH,20260304,44.7884,15.3411,7.0329,2863504.56,2863504.56
300374.SZ,20260304,,4.5647,1.9032,371573.5412,294546.1806
002718.SZ,20260304,,9.528,16.2254,852672.8496,619051.6877
603350.SH,20260304,34.1161,3.1356,2.1348,412971.23,155980.0
300835.SZ,20260304,72.0885,8.7507,8.2521,1044966.193,721052.2909
920575.BJ,20260304,,10.2099,1726.233,249474.72,166800.7478
300124.SZ,20260304,35.494,5.3533,4.2503,18406447.333,16307855.4556
603700.SH,20260304,29.2808,1.6764,1.6052,271148.3825,271148.3825
001376.SZ,20260304,60.4919,9.0228,9.8508,1055461.0,489493.9418
600356.SH,20260304,18.3816,1.0545,0.9785,283197.3463,283197.3463
002349.SZ,20260304,26.9435,2.2381,4.1793,605662.6828,594352.0628
300206.SZ,20260304,32.6659,3.7608,4.2475,806311.7143,470685.9749
688150.SH,20260304,62.2952,7.1476,24.8013,1369495.1018,1369495.1018
688717.SH,20260304,170.5352,4.5199,4.8349,1973600.0,1221754.7117
002470.SZ,20260304,,4.5097,1.0016,926659.8232,926581.3356
600498.SH,20260304,96.5733,4.7757,3.2441,7937130.7648,7431355.7889
603334.SH,20260304,50.6867,4.689,2.7834,782792.5,169397.5407
300656.SZ,20260304,,3.9478,10.3461,386742.6627,300349.2359
300477.SZ,20260304,,3.0003,1.8535,295877.1576,273474.7543
301161.SZ,20260304,56.2083,4.4272,5.2936,408000.0,408000.0
300893.SZ,20260304,33.123,5.691,4.4177,1102092.9498,584534.3253
300853.SZ,20260304,,5.1594,14.0496,314764.7858,236172.1241
301516.SZ,20260304,,3.5538,5.5754,458666.6677,114666.6673
688301.SH,20260304,39.174,4.3759,11.2681,2590463.4019,2455102.3479
603886.SH,20260304,24.0901,1.9626,1.5542,304560.0,304560.0
001324.SZ,20260304,56.2708,2.3894,5.8074,270894.0,160286.0168
605099.SH,20260304,28.7374,6.0521,5.7426,1818638.4646,1813730.1094
000019.SZ,20260304,26.5144,1.7233,1.5657,859791.2995,310497.4396
605177.SH,20260304,,1.4429,2.9497,245284.4424,240704.6262
002315.SZ,20260304,26.612,4.8932,6.987,1341590.49,855591.2388
603097.SH,20260304,59.716,5.5661,3.0626,604625.7956,585771.6456
600763.SH,20260304,41.7632,4.9675,7.3621,2157722.7004,2157722.7004
603000.SH,20260304,124.8333,6.347,11.3749,2330796.746,2330796.746
603801.SH,20260304,13.6513,1.2031,0.8572,399168.9338,399168.9338
300095.SZ,20260304,,2.6256,3.2542,438574.1312,353631.0705
603060.SH,20260304,45.3394,2.6833,2.0351,529810.0901,529810.0901
600422.SH,20260304,25.6766,1.6757,1.3662,898530.2236,898530.2236
603320.SH,20260304,48.3369,3.1134,3.5579,362574.4195,362574.4195
002451.SZ,20260304,357.6332,6.078,2.9164,471076.23,469450.281
300471.SZ,20260304,1029.3839,4.6255,6.7199,724984.7632,565217.7562
000677.SZ,20260304,453.438,6.5842,3.1474,334359.4659,334359.4659
002483.SZ,20260304,15.0661,1.5603,0.8806,684353.6148,683413.6168
300516.SZ,20260304,369.9085,9.2772,19.6,1204920.0,1204920.0
002679.SZ,20260304,191.7167,3.7929,18.4001,278192.08,278192.08
603313.SH,20260304,30.9414,1.3635,0.5537,502687.0457,502687.0457
688605.SH,20260304,65.9424,7.6293,10.1365,1254755.1072,671780.726
301047.SZ,20260304,63.4419,1.5965,12.7613,842456.0751,828215.381
002176.SZ,20260304,,4.9652,7.3761,1685849.674,1685546.8866
300829.SZ,20260304,67.1618,1.8906,2.8575,456822.9651,318071.3063
000970.SZ,20260304,119.6446,2.654,2.61,1727546.3234,1727546.3234
600692.SH,20260304,,2.9446,5.483,272265.3855,197378.1402
603113.SH,20260304,,0.7565,0.3625,609216.2623,609216.2623
688237.SH,20260304,336.8004,3.5265,10.9698,426527.3637,426527.3637
000821.SZ,20260304,31.5224,2.0637,1.1785,884482.1848,858604.0849
002782.SZ,20260304,37.8811,5.4806,2.1321,1174938.7468,1152521.3428
920116.BJ,20260304,166.9274,28.672,51.8121,1683069.85,1616705.65
000567.SZ,20260304,,1.9755,23.0012,1065252.7245,1062696.6837
300402.SZ,20260304,91.1067,3.668,3.9127,549602.4368,542538.3928
002849.SZ,20260304,99.1529,2.8252,2.401,386550.796,339129.9446
002358.SZ,20260304,79.256,2.4042,2.7583,807029.056,807027.9493
300141.SZ,20260304,,5.8154,8.9597,384704.1432,380070.2299
600010.SH,20260304,138.0578,2.6872,2.1106,13994183.3785,9696666.6707
600861.SH,20260304,8.3859,1.3582,0.2222,970317.1987,628309.2895
300560.SZ,20260304,,3.7012,3.5701,359089.2812,292225.959
601958.SH,20260304,26.2627,4.4272,5.9571,8373038.418,8373038.418
000701.SZ,20260304,,,0.1086,396309.6719,395973.7522
601208.SH,20260304,139.4785,5.4306,6.3189,3177025.3557,3177025.3557
601026.SH,20260304,65.3154,5.3907,3.6084,1374849.0,223478.0479
002425.SZ,20260304,,1.1346,5.9927,328136.1176,327928.888
688271.SH,20260304,53.6109,4.6876,7.3229,10120660.0926,10120660.0926
600592.SH,20260304,115.4475,3.4798,6.0042,885011.1598,885011.1598
600997.SH,20260304,29.7046,0.7464,0.5656,1047947.9017,1047947.9017
603176.SH,20260304,,2.3981,1.0719,259954.6685,252613.3815
600216.SH,20260304,13.0717,1.471,1.8153,1626129.4353,1608799.6022
600419.SH,20260304,273.4779,1.2406,1.0825,294688.0969,294688.0969
603758.SH,20260304,34.4441,2.3946,4.3395,606856.3188,606856.3188
688648.SH,20260304,12.8286,3.6919,5.8278,807432.0,412793.2218
603730.SH,20260304,32.5463,4.4491,3.1885,2030413.0915,2030413.0915
688707.SH,20260304,,1.7417,4.8614,694430.3798,694430.3798
300752.SZ,20260304,53.0684,3.293,2.7281,401244.1667,276156.5498
920873.BJ,20260304,,4.7395,13.4648,122096.0536,95365.8904
300445.SZ,20260304,33.6907,3.4536,7.1844,439092.8369,293647.8238
000025.SZ,20260304,49.2976,4.1499,4.3781,750041.4768,683434.2768
300017.SZ,20260304,51.4106,4.3688,9.2012,4429469.0484,4153361.0738
300867.SZ,20260304,20.8331,1.3228,3.2542,512231.8849,361218.4445
300803.SZ,20260304,299.6035,24.4803,44.3559,6828449.8642,6778588.16
002077.SZ,20260304,204.0705,2.7034,24.7392,906504.3773,906504.3773
300256.SZ,20260304,,8.8484,5.2767,821158.4057,812108.4057
002187.SZ,20260304,,1.1642,1.1072,469599.4041,469599.4041
002895.SZ,20260304,20.1249,3.4029,3.2486,2513309.4009,2467648.3745
603129.SH,20260304,19.6208,4.9193,1.9168,3543158.4902,3543158.4902
300469.SZ,20260304,,40.1998,56.3821,1531881.7829,1531843.0907
300532.SZ,20260304,22.6517,2.8719,2.5067,510782.3843,485751.1331
002154.SZ,20260304,17.6604,1.2297,1.0937,557465.4845,450673.1248
600198.SH,20260304,168.4708,42.3152,11.1006,1160207.1515,1158735.3256
600556.SH,20260304,536.6189,3.0314,3.1048,1165997.2291,1165997.2291
603995.SH,20260304,10.4859,1.2311,0.1657,703814.4479,703814.4479
301617.SZ,20260304,49.8962,5.1582,6.2481,871199.16,345767.76
300475.SZ,20260304,252.1236,19.3138,1.9123,6532574.7979,6258476.4859
920926.BJ,20260304,47.4931,5.0312,2.958,139699.9062,126768.3412
300253.SZ,20260304,,3.703,9.6513,2089243.8008,1720745.7378
000985.SZ,20260304,,4.686,1.52,288188.6085,288188.6085
002137.SZ,20260304,,3.2086,7.7301,485104.0774,333025.334
603183.SH,20260304,55.8155,1.4195,2.6907,225707.576,225707.576
000498.SZ,20260304,4.1,0.5901,0.1332,933017.0819,871057.4406
603115.SH,20260304,35.562,3.5127,3.2529,725429.3096,725429.3096
000555.SZ,20260304,,2.8843,1.3323,1598318.5278,1591978.0346
603986.SH,20260304,144.5392,8.4825,22.9159,19565666.1001,18637544.4429
301058.SZ,20260304,23.9537,2.5883,1.8643,566063.0407,566063.0407
600587.SH,20260304,17.5943,1.1549,0.9351,895407.3543,895407.3543
688058.SH,20260304,,3.4018,9.5997,221139.3623,221139.3623
002960.SZ,20260304,36.4124,1.4786,1.9562,931361.1078,795573.1767
920802.BJ,20260304,50.2642,2.8944,6.4118,128178.9573,34540.1009
300594.SZ,20260304,,3.407,3.3768,281500.2508,278818.255
002734.SZ,20260304,23.2866,2.5525,2.1778,978326.2669,893014.9545
002729.SZ,20260304,78.8261,5.9721,7.7602,327882.0966,314430.9701
000045.SZ,20260304,86.9382,2.0429,1.8541,607826.2188,548426.2188
688622.SH,20260304,,25.938,80.7801,786324.7488,786324.7488
000899.SZ,20260304,14.4945,2.173,1.9628,1370827.2528,1370827.2528
600719.SH,20260304,,8.9268,4.3622,262989.74,262989.74
688656.SH,20260304,363.7236,10.3825,21.3798,851771.1513,851771.1513
603693.SH,20260304,31.286,1.7227,5.8014,1199035.0586,1199035.0586
600857.SH,20260304,73.6756,3.1402,5.5448,279726.939,279726.939
301448.SZ,20260304,864.6815,6.4921,5.8097,443922.4,204910.93
301000.SZ,20260304,58.7584,6.8139,10.2284,847641.8538,800149.9338
301061.SZ,20260304,20.1488,4.5508,5.7089,1832833.2856,1217636.1256
300601.SZ,20260304,,1.6963,5.7235,1543596.9214,1244316.8058
600418.SH,20260304,,8.5986,2.8272,11530121.4674,11171210.081
000030.SZ,20260304,13.3318,1.0996,0.5239,896021.4502,870542.2578
600557.SH,20260304,33.1445,1.6477,2.481,776769.8818,776769.8818
920075.BJ,20260304,69.5438,4.0207,3.1186,160935.645,86604.2193
000520.SZ,20260304,,11.5844,6.854,466570.4728,466570.4728
002884.SZ,20260304,13.474,2.7023,3.6866,624871.3432,477057.6365
601012.SH,20260304,,2.3513,1.7867,13382861.4461,13382848.1198
300472.SZ,20260304,,,,207269.7416,199425.5524
605069.SH,20260304,,3.4464,9.0411,293413.1203,293413.1203
603678.SH,20260304,63.4643,3.0268,5.4755,1833309.3625,1833309.3625
300136.SZ,20260304,108.582,8.6945,7.5765,6676223.6022,5689518.6894
300449.SZ,20260304,,10.4817,17.9202,325428.3387,325428.3387
600383.SH,20260304,,0.2558,0.2394,1395006.3237,1395006.3237
002636.SZ,20260304,178.399,5.6613,4.5323,1972152.0,1962170.4647
300303.SZ,20260304,45.9186,3.9426,4.3119,1479144.9702,1387682.6974
000863.SZ,20260304,,1.4913,8.1317,670637.3501,660933.5574
301589.SZ,20260304,26.8336,4.0484,4.6646,1550168.064,577908.4493
600683.SH,20260304,,,6.1618,520766.6507,520766.6507
002267.SZ,20260304,14.3017,1.4667,1.0869,965281.4863,965281.4863
000698.SZ,20260304,30.0822,2.1967,0.5991,324527.7004,311142.9004
300184.SZ,20260304,76.7289,2.8975,1.3596,1182109.9893,1074455.0203
301330.SZ,20260304,43.9627,2.4676,4.2281,837851.518,691784.7572
601002.SH,20260304,23.5614,1.1728,2.0971,498218.0558,498218.0558
688121.SH,20260304,36.6806,1.0577,1.2277,267955.2614,232458.667
002047.SZ,20260304,,,6.518,730831.87,730794.7652
300210.SZ,20260304,,10.5904,12.4241,437250.6176,436831.621
002611.SZ,20260304,29.479,3.679,4.1291,2007305.1747,1652624.0188
603528.SH,20260304,,3.2311,14.9085,614159.214,614159.214
688609.SH,20260304,,5.3511,1.7467,417500.0,417500.0
301041.SZ,20260304,119.0706,4.403,4.1104,293796.72,217347.4398
300067.SZ,20260304,,2.2333,5.5665,557562.9192,452804.6179
920527.BJ,20260304,60.8228,2.7358,2.9148,107476.433,64965.7892
603329.SH,20260304,76.1681,1.9436,0.5998,273305.9343,225576.6769
000700.SZ,20260304,24.9608,3.1044,1.6498,1153945.344,1153945.344
603069.SH,20260304,,7.8523,9.3052,635476.0,635476.0
600976.SH,20260304,14.6441,1.8504,1.5047,477836.639,477525.139
300947.SZ,20260304,125.2966,2.2004,2.2504,274919.469,274810.3927
300846.SZ,20260304,,18.8144,12.6765,1609770.1472,1256168.8589
000007.SZ,20260304,80.5231,24.9776,10.0745,456272.0739,456272.0739
003816.SZ,20260304,21.7429,1.6587,2.4273,20451990.1698,15930722.0448
000788.SZ,20260304,25.0666,2.2539,2.049,359976.4047,359976.4047
920931.BJ,20260304,122.4274,3.3022,4.1607,129623.4,39710.604
002632.SZ,20260304,38.45,3.6858,5.2131,790117.8489,736085.8039
301277.SZ,20260304,37.6488,3.0599,6.9476,465789.1392,465789.1392
300142.SZ,20260304,367.6463,1.879,7.547,1810462.5484,1761329.2181
920508.BJ,20260304,579.5694,6.7747,14.9169,132300.0,70352.5646
002332.SZ,20260304,32.6021,1.514,2.4859,892262.7891,888085.4873
002762.SZ,20260304,,2.9817,6.5882,230116.25,137395.9821
603232.SH,20260304,600.6699,4.2121,13.1205,566712.9941,559977.2879
300025.SZ,20260304,,5.3308,4.5784,287468.0009,286111.5484
300605.SZ,20260304,,5.0664,6.4729,245726.8975,177795.9983
300033.SZ,20260304,70.3592,22.3053,32.7306,16734950.4,9748063.5643
300403.SZ,20260304,34.1673,3.5868,6.5334,767016.0,543224.8903
301105.SZ,20260304,,3.1927,14.8421,266450.0,87595.4215
301611.SZ,20260304,152.2788,29.0733,48.4993,5020540.0,1687899.6523
000885.SZ,20260304,7.3737,0.9581,1.2946,877720.9746,877720.9746
605098.SH,20260304,19.2428,6.1384,7.0667,555710.126,555710.126
301568.SZ,20260304,55.769,5.6812,12.9049,572980.8616,264128.8486
301095.SZ,20260304,146.8258,5.1295,23.4103,1608857.9799,1401793.3231
002400.SZ,20260304,154.892,3.292,0.7585,1638736.9003,1622594.7409
600984.SH,20260304,,2.7619,2.3547,597095.8644,597095.8644
603605.SH,20260304,16.8351,5.0129,2.4357,2657394.9226,2657394.9226
600986.SH,20260304,129.0837,3.1314,2.1222,1636111.4682,1636111.4682
600848.SH,20260304,16.9778,1.3714,2.4611,2683926.1723,2547122.6585
603456.SH,20260304,20.0068,1.6519,2.7003,1446239.2415,1446239.2415
000988.SZ,20260304,63.6407,9.3632,7.4286,10210879.9896,10205629.3468
603025.SH,20260304,25.7214,6.8351,6.2679,1782181.0177,1770242.9377
600023.SH,20260304,9.9606,0.9751,0.9009,7254124.4172,7254124.4172
002683.SZ,20260304,39.1005,5.2878,1.8615,3524130.4193,3081912.2029
600212.SH,20260304,167.0641,9.5098,3.5406,512621.3551,386699.1951
000720.SZ,20260304,,2.0625,3.4753,486277.718,486277.718
000969.SZ,20260304,79.7375,4.4236,3.3209,2503387.7231,2463416.8276
603585.SH,20260304,33.5459,1.5823,1.4734,401817.2131,392883.9631
600728.SH,20260304,49.1078,1.6693,1.2841,1311548.5455,1311548.5455
688362.SH,20260304,217.7689,6.9743,4.0699,1790937.4599,1790937.4599
300791.SZ,20260304,18.234,2.5658,1.4146,630035.7898,525362.9952
002821.SZ,20260304,33.7646,2.0217,5.5729,3507704.7084,3081239.3488
601127.SH,20260304,24.4903,4.4121,1.1861,17682890.608,15325799.0411
000516.SZ,20260304,,3.012,2.3908,1005264.6421,989980.4648
000902.SZ,20260304,15.1453,2.0724,1.4315,2386503.4499,2173572.994
600746.SH,20260304,71.7397,1.7307,1.5422,943617.0503,942194.5364
603773.SH,20260304,,6.9376,3.269,810119.0306,809837.7626
301072.SZ,20260304,,3.2819,3.1732,246017.6969,157241.6997
600004.SH,20260304,17.1915,1.1272,2.976,2327251.872,2137146.6095
300901.SZ,20260304,,4.0617,11.7829,393360.0,393360.0
600590.SH,20260304,,3.5658,2.4385,1140286.8558,1127852.4523
000737.SZ,20260304,42.684,4.8435,1.2448,3224684.9245,3224383.1049
605208.SH,20260304,79.8412,1.9009,0.7363,413084.88,413084.88
300345.SZ,20260304,,8.2342,4.3421,429370.2318,354716.9968
301168.SZ,20260304,106.1494,2.2234,3.2763,480600.0,381729.9107
688293.SH,20260304,140.8929,2.2425,16.5534,587502.7655,514239.4558
300342.SZ,20260304,300.5485,11.3857,20.3581,1785147.4746,1758955.2246
300964.SZ,20260304,130.1136,4.5573,5.9391,463789.704,335591.004
688184.SH,20260304,,1.6077,2.5839,173997.9803,109933.3403
301043.SZ,20260304,43.2936,4.4427,6.3088,372504.0,310864.1745
300828.SZ,20260304,83.5912,4.8754,6.0868,379608.582,284527.8114
603316.SH,20260304,,5.9856,7.4397,383975.592,383975.592
301571.SZ,20260304,54.4591,5.4366,10.0625,1109031.5373,736571.1652
600468.SH,20260304,,4.2082,3.8929,845170.3444,845170.3444
300217.SZ,20260304,41.0584,1.8443,2.2417,774459.9166,642922.5923
600864.SH,20260304,20.9792,0.9838,7.9244,1302437.1455,1302437.1455
688056.SH,20260304,63.3759,3.084,6.2048,249574.102,249574.102
600626.SH,20260304,69.447,1.8459,0.551,593014.3555,497482.4408
002930.SZ,20260304,,2.6566,5.0053,619898.7793,586335.5052
688052.SH,20260304,,3.1914,7.5748,2551073.7935,2235843.5285
000407.SZ,20260304,38.8339,1.6337,1.2194,495487.6613,493065.3854
000668.SZ,20260304,,2.9395,7.4231,207634.4325,207634.4325
603551.SH,20260304,15.4667,3.6327,2.5021,456689.5256,450730.7856
603617.SH,20260304,59.2196,1.9063,2.6245,286605.9614,281592.7414
603601.SH,20260304,161.9221,4.9574,9.625,1313692.1167,1313692.1167
600724.SH,20260304,41.8712,3.3298,5.8798,916282.839,916093.649
300993.SZ,20260304,23.7633,2.6118,5.1721,399338.0352,312069.2508
600232.SH,20260304,,3.1131,2.468,292504.2723,292504.2723
603083.SH,20260304,140.4114,5.0762,9.0642,3850589.4228,3009149.4448
002749.SZ,20260304,17.4346,3.6607,3.1555,654301.0457,636472.3979
001330.SZ,20260304,,2.6218,7.4513,1098240.6682,1098240.6682
603035.SH,20260304,13.6792,0.9996,0.8041,530836.9189,530836.9189
600649.SH,20260304,40.9565,0.5657,0.8226,1189637.8648,1189637.8648
002571.SZ,20260304,,4.8569,2.7725,474260.347,360950.4875
600184.SH,20260304,,3.2366,6.5745,1096693.0948,1096693.0948
603859.SH,20260304,43.6122,3.4196,6.6775,1043146.2994,1043146.2994
000728.SZ,20260304,12.7705,0.9232,4.4233,3434293.2002,3434293.2002
603375.SH,20260304,158.3131,2.3174,7.2321,366326.0012,232098.8006
920642.BJ,20260304,,7.1845,17.5563,158097.174,152434.239
688244.SH,20260304,,3.2718,10.7917,319434.5742,319434.5742
002738.SZ,20260304,141.6786,4.8994,8.9009,5885930.7326,5800678.1315
688009.SH,20260304,16.5166,1.278,1.7437,6046786.649,4922601.278
000420.SZ,20260304,,2.3793,2.0618,1052395.6508,1052037.3292
920553.BJ,20260304,58.7845,3.9625,3.0726,141247.7222,90303.5093
688690.SH,20260304,76.3337,5.444,11.2276,1038207.7608,1038207.7608
603284.SH,20260304,26.2156,1.7403,1.4266,361991.04,88672.3344
300995.SZ,20260304,194.3435,4.9887,8.5461,309155.5636,220588.7198
688533.SH,20260304,27.8408,3.0282,1.6959,512612.605,512612.605
301158.SZ,20260304,36.9518,3.5351,6.7943,484644.1537,472235.3491
601118.SH,20260304,110.8701,3.3018,0.6309,3201011.9922,3201011.9922
603285.SH,20260304,40.7201,3.2703,8.7903,548320.0,213491.0651
000989.SZ,20260304,56.6242,1.9765,3.7284,721559.1161,585171.6138
601179.SH,20260304,69.9652,3.7291,3.5197,8437202.3514,8437202.3514
300453.SZ,20260304,19.4522,3.5072,3.1132,510598.421,351942.8013
300991.SZ,20260304,328.247,13.0974,11.6242,835920.0,534884.31
301008.SZ,20260304,125.0095,2.8348,3.6963,424189.9149,375216.2349
002194.SZ,20260304,,3.2497,5.5725,807643.8227,603876.4421
002322.SZ,20260304,21.6709,1.9062,4.5852,495290.3994,476146.565
300056.SZ,20260304,,25.6507,8.3136,378551.615,378217.5386
300567.SZ,20260304,,11.1305,13.0883,3933222.2924,3192300.982
688502.SH,20260304,366.9942,13.3074,24.6571,1702588.8,541732.8
600795.SH,20260304,11.9033,1.4855,0.5177,8828631.4456,8828631.4456
300965.SZ,20260304,107.1652,2.9287,17.1377,356100.0,330661.1063
300922.SZ,20260304,83.1448,3.7688,14.1688,351658.6274,276596.8204
300614.SZ,20260304,,2.2945,5.9118,242746.7473,242746.7473
001696.SZ,20260304,31.7836,4.799,2.0782,2631271.8622,2048433.1211
000712.SZ,20260304,67.8893,4.2532,13.2354,1078784.0,1078463.8865
000679.SZ,20260304,,12.4577,4.858,245916.0,245916.0
603290.SH,20260304,50.1305,3.3796,5.8931,2337021.5547,2337021.5547
301223.SZ,20260304,22.6014,1.2602,1.2013,374088.0837,216973.1712
000655.SZ,20260304,23.4192,1.8635,3.8074,642967.4484,642967.4484
605009.SH,20260304,21.2438,1.8599,1.746,629713.1309,629631.1469
688458.SH,20260304,,2.3289,7.6571,425066.0931,324196.2098
603271.SH,20260304,22.6317,3.1528,0.9569,888190.8,177710.4
600674.SH,20260304,17.2254,1.6715,44.6204,7419151.5922,7419151.5922
603198.SH,20260304,13.6028,2.8047,4.489,2848800.0,2848800.0
002603.SZ,20260304,,2.6855,4.5553,2739956.8166,2258028.652
002351.SZ,20260304,25.1459,3.5922,3.62,1033142.334,605467.9726
300816.SZ,20260304,69.9149,5.5867,5.0349,506160.0,358542.0487
001266.SZ,20260304,87.7573,3.7025,4.5486,351654.9216,197186.3598
002190.SZ,20260304,,2.4502,5.5984,1284251.0479,1284251.0479
002728.SZ,20260304,71.5737,3.1641,6.1735,570458.7756,419017.5528
300963.SZ,20260304,118.1429,8.191,9.4482,903979.44,570432.3923
002444.SZ,20260304,15.5313,2.1051,2.6359,3919082.9151,3763414.5446
603648.SH,20260304,32.6063,1.9544,2.5845,357701.4336,357701.4336
601825.SH,20260304,6.5256,0.6411,3.1061,8072400.0005,7846407.4543
301232.SZ,20260304,,10.3362,5.8653,1458901.1553,866991.6137
000753.SZ,20260304,128.4298,2.6385,2.3415,721798.2197,721798.2197
603569.SH,20260304,64.2455,1.5274,0.885,429697.1627,429697.1627
002291.SZ,20260304,,2.1234,1.8964,640564.2918,595350.81
300721.SZ,20260304,,2.3075,1.683,260457.8476,218595.637
002167.SZ,20260304,48.4706,7.1094,10.0704,1244899.9931,1217144.9545
920641.BJ,20260304,162.1997,4.1375,2.7763,143768.625,86982.4138
001368.SZ,20260304,29.7199,2.1636,2.7441,295976.0544,83423.8574
300169.SZ,20260304,,,4.4599,207000.0559,191602.2216
603721.SH,20260304,,5.9041,9.8989,271570.0,271570.0
300171.SZ,20260304,73.8711,1.6269,2.4451,1277401.1707,938512.4681
301203.SZ,20260304,28.6355,2.5892,11.9093,369040.0,202245.4525
301087.SZ,20260304,37.6737,2.558,3.8497,1205753.484,1121193.7994
300959.SZ,20260304,301.467,5.7566,8.9471,645755.273,420674.1847
688661.SH,20260304,468.4549,11.3096,16.0036,1388406.6175,1388406.6175
600166.SH,20260304,31.1075,1.541,0.4125,2367302.7097,2367302.7097
002955.SZ,20260304,101.4819,1.827,1.8669,600592.0967,498158.1019
301097.SZ,20260304,250.1535,2.7534,6.5838,325389.4714,159756.3514
601083.SH,20260304,10.9362,1.8306,2.3622,1625414.72,243814.72
920370.BJ,20260304,,2.0978,3.083,121915.0373,106194.3393
688766.SH,20260304,171.6231,14.7775,15.4058,3573757.2732,3573757.2732
000099.SZ,20260304,45.8226,2.9841,7.0363,1617480.7356,1617480.7356
300014.SZ,20260304,34.0699,3.1351,2.1178,12614802.5171,12162848.8599
301335.SZ,20260304,70.8663,1.7666,1.1101,338830.476,135139.1237
920108.BJ,20260304,126.5078,4.3147,4.0428,211633.8,43510.1027
688652.SH,20260304,127.2589,8.477,13.0749,1864800.0,1340325.0
688671.SH,20260304,,1.7041,5.3627,173448.2501,103485.2925
603186.SH,20260304,,5.9792,2.8718,1216694.4197,1216694.4197
688767.SH,20260304,111.3082,2.1987,11.6171,520874.669,520874.669
688522.SH,20260304,108.9415,5.1149,25.682,1181682.8634,480078.3234
300660.SZ,20260304,65.9235,6.0513,5.1809,2098858.9563,2097178.5935
301269.SZ,20260304,851.427,9.8304,39.7948,5108023.1989,5108023.1989
301256.SZ,20260304,78.8447,4.1371,4.2897,706560.0,706560.0
920566.BJ,20260304,19.1118,1.9236,3.7848,160591.5715,124030.6033
301085.SZ,20260304,,4.6462,4.5434,498526.2529,338447.9578
688261.SH,20260304,248.4814,3.7073,8.7389,1094717.1017,1090444.6364
920779.BJ,20260304,40.8468,5.2258,15.2756,256479.3282,64166.346
688508.SH,20260304,42.7551,2.9223,6.9705,796528.5588,796528.5588
002903.SZ,20260304,1286.4085,4.8373,8.0403,392685.188,267247.7314
300952.SZ,20260304,63.7283,3.9296,5.2083,665667.2452,404169.4528
000948.SZ,20260304,126.3949,2.2968,0.5751,616804.0405,615600.9564
603889.SH,20260304,14.4499,1.7502,1.2942,629468.1239,624709.5391
002438.SZ,20260304,29.4867,2.4212,4.1395,888698.0942,821010.0479
301155.SZ,20260304,50.3729,2.855,4.1419,1641957.8333,931656.4774
300786.SZ,20260304,,2.5957,5.3983,288168.8665,229164.085
601112.SH,20260304,43.1196,5.2961,4.9484,3358907.0883,342092.3186
301166.SZ,20260304,,1.3388,2.5445,271266.6708,178155.4308
920128.BJ,20260304,110.8499,4.2243,3.9479,218076.34,102699.21
920970.BJ,20260304,,3.2665,5.1574,86424.624,54655.614
601997.SH,20260304,4.0725,0.3293,1.5491,2080376.7052,2080376.7052
600201.SH,20260304,164.0748,3.0228,12.4574,1653169.0173,1653169.0173
002399.SZ,20260304,39.1788,1.3309,3.0452,1646306.3409,1399360.3119
000630.SZ,20260304,56.1268,2.9277,0.6442,10378930.9487,8624690.8623
300212.SZ,20260304,,29.57,17.9528,804119.8354,780237.5957
000078.SZ,20260304,,4.6347,0.3096,844590.5655,843087.6053
603970.SH,20260304,20.5897,2.3868,0.3351,369600.1843,369600.1843
300882.SZ,20260304,39.546,5.2869,5.7944,692893.0761,644777.7396
300128.SZ,20260304,,13.2416,4.0841,875603.7877,874661.2829
300491.SZ,20260304,197.5892,3.9423,3.2045,463952.7865,411968.4781
002677.SZ,20260304,256.4389,3.7765,9.953,557542.5714,461593.4305
688702.SH,20260304,,35.6403,69.1333,7954000.0,3938040.5902
603717.SH,20260304,,4.0688,2.9559,210646.1702,210646.1702
001202.SZ,20260304,39.7994,3.4819,1.7877,291209.3692,204091.4494
603351.SH,20260304,23.6484,1.9841,2.6549,349026.6432,349026.6432
600051.SH,20260304,25.9787,0.7128,1.4538,242175.52,242175.52
002988.SZ,20260304,44.6337,3.0104,1.0878,806761.7124,806512.3468
600636.SH,20260304,,1.7925,10.4147,368893.5505,368893.5505
605089.SH,20260304,50.8152,3.0113,5.337,369426.0,369426.0
000530.SZ,20260304,50.1696,1.672,1.2012,532067.0919,378626.1632
300950.SZ,20260304,49.4626,4.3889,7.4527,350219.584,208122.8292
002674.SZ,20260304,56.6154,1.6877,1.373,405200.3442,401104.7669
300777.SZ,20260304,42.8521,3.9756,18.4443,1778177.2796,1713100.1155
301519.SZ,20260304,,1.675,3.6941,236968.4606,110648.7381
301060.SZ,20260304,,2.602,2.6933,410529.925,369189.1709
688432.SH,20260304,95.947,4.4417,19.9751,2007984.7839,2007984.7839
000990.SZ,20260304,90.315,0.5848,0.9062,1045104.2801,1045103.5061
301198.SZ,20260304,,2.9199,6.0065,266851.0,245620.3344
920718.BJ,20260304,33.5756,2.2578,1.1448,130922.7148,62251.045
600676.SH,20260304,,1.5213,1.6808,780626.1445,780626.1445
300686.SZ,20260304,,4.0388,2.3618,380250.737,247918.9438
688055.SH,20260304,,2.8925,4.7223,1180000.0236,1180000.0236
002119.SZ,20260304,83.2715,5.7441,4.0869,834256.332,834256.332
000652.SZ,20260304,127.3313,1.0386,0.3173,594656.2624,594208.3307
300231.SZ,20260304,,2.8591,2.7102,464729.2218,464705.3573
688247.SH,20260304,87.8963,3.3262,9.6354,430219.66,430219.66
605488.SH,20260304,74.8881,6.5231,3.4986,1001224.9917,986837.2353
300412.SZ,20260304,87.0038,2.6378,2.0048,272272.8804,255920.3204
603207.SH,20260304,21.1368,4.7751,8.9432,451260.92,152646.4
603039.SH,20260304,50.2372,5.2488,4.7857,1088786.2109,1088786.2109
601929.SH,20260304,,2.2871,5.6538,1144650.5191,1144650.5191
002101.SZ,20260304,21.2612,0.974,0.8365,761375.1699,758895.1801
688633.SH,20260304,22.6363,2.3443,4.6706,376677.0044,376677.0044
300269.SZ,20260304,125.651,36.7873,6.8459,395361.954,378489.3142
301588.SZ,20260304,66.3182,3.2236,3.5,301448.6241,186038.8881
601828.SH,20260304,,0.2521,1.6286,1088683.1683,903361.7598
001228.SZ,20260304,36.5532,2.0189,0.6914,339221.813,260837.813
600507.SH,20260304,19.0198,1.6083,0.8684,1612291.9593,1612291.9593
601187.SH,20260304,7.5146,0.7209,3.38,1979345.916,1975035.069
301172.SZ,20260304,138.385,3.1172,10.8395,456554.56,261433.8138
600469.SH,20260304,27.9713,1.3856,0.8682,639935.0298,524475.1762
603708.SH,20260304,49.8131,3.3016,0.4208,745579.5724,745579.5724
600552.SH,20260304,79.1188,2.922,2.2066,1242158.0656,1242158.0656
603139.SH,20260304,,3.6337,5.1319,263383.56,263383.56
301222.SZ,20260304,31.6411,2.2897,4.9613,328090.7568,261256.2605
600930.SH,20260304,28.1572,2.2829,6.467,24903428.5713,1928198.7234
300891.SZ,20260304,,3.2895,2.3738,417208.5119,346716.0532
601616.SH,20260304,241.117,1.8943,5.2244,460984.6723,460984.6723
301022.SZ,20260304,70.1654,2.1672,3.8975,306908.5287,207268.6187
003039.SZ,20260304,37.3947,3.6216,4.7468,1018905.9045,1018905.9045
002553.SZ,20260304,26.4343,5.6899,10.7507,910736.6397,646311.6
920284.BJ,20260304,,11.6155,15.3694,361510.4753,233779.9868
603286.SH,20260304,,8.2552,6.4679,694396.9319,682678.7254
600764.SH,20260304,87.675,2.4886,6.3361,2043770.1141,2043770.1141
300632.SZ,20260304,170.1224,2.3503,5.3822,420235.0907,304606.9384
002093.SZ,20260304,48.6858,2.7459,18.6191,1053845.0,1053845.0
300198.SZ,20260304,,143.8362,31.5713,266139.5233,264763.8598
300183.SZ,20260304,,2.2272,7.2783,689287.6141,605740.2969
003019.SZ,20260304,29.0268,3.1572,2.3783,526251.7831,508665.8999
601928.SH,20260304,12.5329,1.2356,1.856,2450738.7,2450738.7
002269.SZ,20260304,,23.9257,9.2765,449737.5,449737.5
603887.SH,20260304,,2.5681,3.6573,916890.8082,906610.5582
601838.SH,20260304,5.3041,0.8326,3.0046,7061233.3031,7061233.3031
002456.SZ,20260304,,7.5791,1.3722,2988722.557,2948839.1686
000802.SZ,20260304,,3.8118,6.3562,297098.6058,296918.0808
301225.SZ,20260304,92.8155,8.3954,13.1087,1287701.28,372210.192
301170.SZ,20260304,25.9034,1.6474,2.6295,291000.0,97704.4868
002207.SZ,20260304,,111.1829,12.0501,393869.2331,392000.2857
600784.SH,20260304,23.4067,1.4974,1.4872,488496.5963,488496.5963
601996.SH,20260304,,1.0507,1.5145,267898.5454,267898.5454
001212.SZ,20260304,,5.7278,24.212,1096435.7085,948518.6381
688296.SH,20260304,,2.7088,5.3004,162603.2806,161841.4921
002673.SZ,20260304,17.6642,1.1466,5.1208,3387942.9324,3387942.9324
603926.SH,20260304,47.7608,2.8128,2.0158,485863.3848,477835.9248
002448.SZ,20260304,31.4176,2.5017,2.5118,932629.2889,722026.7933
300347.SZ,20260304,78.8519,2.2794,7.3566,4826912.0363,3174196.8388
600370.SH,20260304,,1.6811,0.3798,829992.9927,829992.9927
603690.SH,20260304,,2.0472,3.0814,1026727.1543,1026727.1543
600783.SH,20260304,94.1531,3.4312,193.5727,1624936.3388,1624936.3388
920706.BJ,20260304,52.0375,4.3089,6.825,256239.7444,117427.8705
600511.SH,20260304,11.1724,1.2453,0.4325,2246909.928,1647865.6507
920066.BJ,20260304,58.2343,4.1007,3.6273,164738.5674,52087.9874
002660.SZ,20260304,,2.6675,2.425,320606.7911,308345.0523
600288.SH,20260304,148.4473,3.3643,3.3473,640348.8,640348.8
603122.SH,20260304,,6.0412,9.6994,667932.3182,667932.3182
600079.SH,20260304,22.1419,1.6725,1.3085,3163253.9202,2990680.4563
920556.BJ,20260304,63.5353,3.3373,5.3452,175994.8832,128191.1515
300996.SZ,20260304,41.9951,3.5934,5.3736,452724.4528,375888.0713
301202.SZ,20260304,61.8517,4.927,4.3737,566605.6,154445.72
300384.SZ,20260304,22.3101,2.0991,6.9749,580274.215,400603.2249
603776.SH,20260304,,1.4965,13.3097,533445.0868,533445.0868
603538.SH,20260304,45.0289,1.9942,2.9077,447954.7332,439310.0363
002302.SZ,20260304,,0.9334,0.414,795283.2115,795283.2115
688739.SH,20260304,75.3816,1.1083,7.4616,1037376.95,1037376.95
688523.SH,20260304,630.577,16.1634,60.1879,2706972.64,642120.5289
301219.SZ,20260304,25.6236,2.3151,2.8337,2098386.3358,2057376.5883
920871.BJ,20260304,111.9556,4.6398,7.3433,122422.523,64771.7342
002899.SZ,20260304,60.6013,2.5248,3.7476,439696.0036,439696.0036
002780.SZ,20260304,,3.3055,2.8294,250522.9952,197937.4149
000999.SZ,20260304,14.44,2.2286,1.5622,4941062.8204,4936538.4949
688160.SH,20260304,142.899,8.0374,14.397,1041845.4028,1041845.4028
600713.SH,20260304,12.9483,0.9863,0.1275,687189.4129,677167.1755
002213.SZ,20260304,,11.4429,5.6891,640734.3142,557771.9581
603071.SH,20260304,12.1487,1.4319,0.1963,799548.7154,799548.7154
000531.SZ,20260304,16.6783,1.0197,1.701,703987.3004,614987.9499
920169.BJ,20260304,99.1706,8.8833,14.301,299121.9332,188073.4575
301578.SZ,20260304,79.1791,3.0549,3.312,284384.0146,80862.951
300111.SZ,20260304,861.7545,7.9557,18.0599,547064.5535,547064.5535
300607.SZ,20260304,,4.6127,5.6538,1314058.9951,914796.108
002011.SZ,20260304,11.9588,2.1715,1.066,1392781.5721,1373188.8606
601998.SH,20260304,5.6419,0.5504,1.8751,39841936.181,29186307.4895
002413.SZ,20260304,,6.3038,14.3333,2120180.5451,2081756.8087
300145.SZ,20260304,35.7162,3.0438,1.7555,894832.7888,890446.1733
002690.SZ,20260304,22.7067,5.9829,6.7181,1630359.0072,801564.4837
002244.SZ,20260304,10.2181,1.1371,0.3599,3379028.0645,2916886.7104
300753.SZ,20260304,,5.8558,10.4594,398185.632,277694.299
605155.SH,20260304,27.4689,2.5558,3.8539,338597.637,330686.445
300037.SZ,20260304,37.5334,4.0457,4.2756,4121321.2826,2951611.8177
002403.SZ,20260304,,2.3197,1.3438,371636.6897,324203.1463
001217.SZ,20260304,151.6599,1.9866,2.2839,446697.02,442272.7476
000680.SZ,20260304,15.0434,3.2648,1.2812,1905181.1172,1669671.2911
605318.SH,20260304,,13.8083,15.3832,892424.6407,892424.6407
603231.SH,20260304,19.7775,1.7867,2.124,348455.5711,193404.0872
300967.SZ,20260304,16.9628,4.8927,2.9692,401027.2684,266651.6294
301328.SZ,20260304,56.5914,2.8846,8.4544,560457.3294,257635.6392
301027.SZ,20260304,167.6797,3.4493,4.8264,328545.0,264271.5316
300969.SZ,20260304,81.5205,10.5752,15.5814,1461297.857,655772.4629
301039.SZ,20260304,19.7746,1.1762,0.8467,1709201.471,1324613.88
600371.SH,20260304,144.0471,5.2998,13.1984,291115.11,291115.11
300674.SZ,20260304,39.0142,3.4971,4.0811,1548221.4749,1545922.9372
600704.SH,20260304,7.5415,0.7086,0.0485,2864833.6591,2864833.6591
300539.SZ,20260304,156.2507,6.892,8.8306,800816.6774,650832.1639
301622.SZ,20260304,47.7415,4.9642,5.6872,774772.754,419824.5697
301196.SZ,20260304,40.58,3.323,4.9788,1075317.1772,703312.584
300026.SZ,20260304,,1.2207,1.9206,1054458.3478,961223.4958
002973.SZ,20260304,30.7824,2.4062,1.6196,606051.1931,462002.5507
688210.SH,20260304,,6.1004,9.1903,787443.1934,787443.1934
300932.SZ,20260304,59.1858,2.5211,1.9129,442383.7252,315087.4288
688807.SH,20260304,201.0846,10.0349,36.4528,1772080.0,333054.8161
300586.SZ,20260304,,3.7538,4.1219,704104.4786,529250.5033
688107.SH,20260304,,12.5597,22.7946,1185311.5782,1185311.5782
002767.SZ,20260304,88.445,3.9004,5.0625,331950.0,288129.327
603863.SH,20260304,,11.2182,7.9215,408481.4,408481.4
002139.SZ,20260304,28.5096,2.1762,1.4001,1538594.3752,1321626.2709
688297.SH,20260304,490.0852,7.5812,14.3937,4340925.0,4340925.0
300503.SZ,20260304,120.8049,11.1108,10.0793,1493667.0001,1167765.3298
920060.BJ,20260304,40.2073,4.6599,4.2499,501443.2986,312730.4491
300817.SZ,20260304,65.4912,4.1342,4.6377,421097.305,241628.957
300955.SZ,20260304,,3.8431,3.0894,337276.8,337276.8
002060.SZ,20260304,13.3227,1.0459,0.2045,1441687.0049,600120.8294
002877.SZ,20260304,590.6697,2.9049,3.1851,352285.2581,238109.5055
301600.SZ,20260304,70.2508,10.2844,12.8571,1239753.2335,382618.0685
002250.SZ,20260304,39.0725,2.2959,2.5015,1509987.2581,1501769.3186
000503.SZ,20260304,,6.5538,25.1756,823551.329,823537.032
002492.SZ,20260304,57.7422,2.0771,10.5782,359235.0,352879.4011
301086.SZ,20260304,133.4805,5.6203,12.5353,1085850.0,571136.7463
688411.SH,20260304,42.1484,8.3697,3.447,4000034.3398,2944607.2442
688095.SH,20260304,257.8688,2.7054,6.6001,709680.7824,709680.7824
300860.SZ,20260304,174.3589,1.623,12.4723,494683.1479,287219.3861
301510.SZ,20260304,203.3864,9.4751,26.941,1334833.37,931554.4506
000537.SZ,20260304,20.7224,0.9349,4.0275,1862008.7192,1862008.7192
600312.SH,20260304,27.0086,2.7887,2.395,3101922.1124,3101922.1124
002786.SZ,20260304,,16.7996,1.6257,385586.136,384419.136
000421.SZ,20260304,23.4343,1.4699,0.4641,413004.9127,412919.0375
605108.SH,20260304,98.6527,2.0706,1.8097,462540.0,462540.0
605178.SH,20260304,,5.5058,19.1403,672951.36,672951.36
300591.SZ,20260304,,12.153,5.9533,308717.7443,266688.5133
300057.SZ,20260304,,1.0374,0.9082,537747.4454,434362.7559
002769.SZ,20260304,,3.449,5.9594,408036.633,407700.1814
600609.SH,20260304,21.0234,3.6114,1.3358,568787.5313,568787.5313
920717.BJ,20260304,412.2665,2.2676,8.4583,127868.2,49372.2
600075.SH,20260304,169.3566,1.2404,0.9797,1109786.4603,1109786.4603
002377.SZ,20260304,,7.5114,3.635,332626.048,316662.5494
002911.SZ,20260304,20.7472,4.6774,0.6151,2076132.353,2025993.7652
300349.SZ,20260304,24.7572,1.5019,2.0906,666706.8742,590950.3923
300482.SZ,20260304,34.4975,1.6595,3.4775,894978.346,822922.0773
002557.SZ,20260304,29.3609,2.2129,1.6709,1148797.1297,1146340.5322
603406.SH,20260304,31.8452,3.2344,3.9843,1442436.06,132205.1301
002356.SZ,20260304,143.0896,9.2039,8.104,571706.9712,571703.7012
300160.SZ,20260304,20.7431,1.6529,2.5599,432849.9235,426921.3295
600223.SH,20260304,33.3306,1.7045,1.8895,713631.2801,713631.2801
002685.SZ,20260304,55.6019,4.5739,8.3698,718483.427,718387.6533
688315.SH,20260304,35.0273,2.1977,2.6332,581847.6,581847.6
301656.SZ,20260304,50.8813,6.3592,2.9421,5879713.775,408025.7321
603027.SH,20260304,29.5813,3.786,4.5061,1249138.511,1170889.5989
603990.SH,20260304,,5.0728,12.9477,422976.4515,422976.4515
603666.SH,20260304,,2.7766,10.8834,587817.0012,587817.0012
001339.SZ,20260304,94.8016,7.3068,3.8961,1646415.1247,779262.1655
002006.SZ,20260304,45.0014,4.0939,5.2048,983968.9819,983968.9819
603353.SH,20260304,1006.1731,4.8967,2.8452,799190.994,792273.282
002958.SZ,20260304,5.7411,0.4589,1.6063,1705576.0971,1669951.3615
603175.SH,20260304,140.9239,12.0877,7.8205,3480501.5124,350410.4889
002982.SZ,20260304,94.0429,1.865,0.6588,295850.416,189099.2813
002300.SZ,20260304,87.416,3.7286,0.5657,704997.6912,704935.723
600657.SH,20260304,,0.494,1.2677,915453.029,915453.029
002867.SZ,20260304,12.5105,2.1658,1.3163,1297141.3021,1289520.6808
300369.SZ,20260304,,2.8691,2.9798,704430.4198,702200.6014
600858.SH,20260304,79.7635,1.1428,0.5821,309439.6205,307941.0773
920394.BJ,20260304,57.4474,9.0517,16.4695,736222.5,730799.9356
301581.SZ,20260304,54.957,3.9193,4.783,393680.0,240528.638
603095.SH,20260304,51.507,2.3782,4.3613,551404.742,551404.742
600150.SH,20260304,40.3304,2.0561,2.2353,29018795.6865,29018795.6865
300536.SZ,20260304,,5.6333,14.7147,252227.7944,252209.5091
605319.SH,20260304,18.3081,3.1461,2.9193,816401.2609,702165.9089
300595.SZ,20260304,27.5851,2.7821,7.4714,1356363.0213,1012769.5614
603255.SH,20260304,,2.5597,4.7837,406466.8343,183239.249
000561.SZ,20260304,,3.057,6.3809,964244.3536,799498.071
600428.SH,20260304,13.8575,1.3899,1.0758,2296661.3706,2046704.033
300546.SZ,20260304,120.3767,3.9391,7.7695,442879.3757,317777.8864
600531.SH,20260304,23.1155,3.1097,0.447,2019468.7057,2019468.7057
002498.SZ,20260304,45.6616,3.0337,2.584,2704685.148,2704685.148
000599.SZ,20260304,,4.1783,1.2203,549678.7983,549669.4604
000581.SZ,20260304,14.9279,1.1471,2.0005,2290315.3067,1880671.0391
003002.SZ,20260304,28.5945,3.4696,4.0254,520400.0,475768.6096
603709.SH,20260304,,4.2919,1.3884,222274.1036,220567.643
002092.SZ,20260304,,0.8759,0.6548,1890714.2474,1880195.6774
603661.SH,20260304,16.6264,1.2347,0.3918,458643.0682,458643.0682
601992.SH,20260304,,0.4919,0.1935,1996743.2021,1558487.5954
688550.SH,20260304,24.027,2.2994,4.4541,746835.7056,746835.7056
920396.BJ,20260304,60.4198,6.7956,9.5529,246851.8428,175373.3178
001215.SZ,20260304,64.555,1.9329,1.9179,360951.0569,359548.5218
300211.SZ,20260304,,5.5069,12.8519,255300.9673,249551.9258
300071.SZ,20260304,,36.5549,4.9563,512786.4668,502926.6607
000608.SZ,20260304,,1.2129,7.3775,251970.8718,250463.6598
002687.SZ,20260304,42.1309,1.6744,1.9488,249865.848,204657.5688
300785.SZ,20260304,122.0992,5.4885,7.9032,1036433.5265,637606.2934
600831.SH,20260304,,1.9929,2.2668,292910.1607,292910.1607
603800.SH,20260304,87.2433,9.5465,6.8936,822640.0,822640.0
300740.SZ,20260304,59.4244,4.3473,1.9562,900143.3177,828532.1847
603822.SH,20260304,,19.4336,2.6794,868132.5118,868132.5118
301418.SZ,20260304,176.5168,1.7038,8.1062,275733.3358,110680.6158
300834.SZ,20260304,69.1788,1.549,3.1864,454836.6048,451818.0771
002876.SZ,20260304,95.9591,1.949,1.381,463924.9986,397397.0259
301313.SZ,20260304,,4.6541,6.1943,335189.016,244580.3942
301163.SZ,20260304,66.9206,2.123,2.9412,241128.0,161714.2632
300172.SZ,20260304,53.2697,2.1575,5.5056,418206.78,323530.6552
300666.SZ,20260304,82.6984,8.048,8.6422,3980075.5657,3317577.8521
000514.SZ,20260304,43.4548,1.0657,13.8599,404166.2922,404166.2922
600282.SH,20260304,13.2783,1.3217,0.6386,3563422.6044,3563422.6044
000166.SZ,20260304,12.8445,1.0918,4.4978,12044213.3334,10839579.019
688566.SH,20260304,22.1506,2.3607,5.9379,572964.8751,572964.8751
600741.SH,20260304,8.4697,0.9036,0.3245,5848302.9903,5848302.9903
688631.SH,20260304,190.7495,5.497,8.2728,1053564.15,418087.15
001317.SZ,20260304,,4.3561,2.8057,433219.6353,432792.4446
605305.SH,20260304,15.1913,2.7433,4.5569,782286.12,782286.12
300558.SZ,20260304,58.0584,3.0133,5.3934,1760771.133,1755158.2821
600433.SH,20260304,303.9239,1.3264,0.788,589844.1015,589844.1015
002368.SZ,20260304,55.8489,2.4056,1.4919,1247709.0346,1242100.2994
603458.SH,20260304,,1.1152,2.1702,318369.4946,318369.4946
600990.SH,20260304,,3.9197,4.5503,706421.6116,701047.0858
603517.SH,20260304,104.0029,1.1232,1.3029,716900.2903,716900.2903
600115.SH,20260304,,7.1991,0.8497,11551886.2784,8904056.639
600589.SH,20260304,375.6986,23.0894,39.8217,1642044.8983,1635187.6983
603222.SH,20260304,,3.213,7.0476,449477.5664,449477.5664
000937.SZ,20260304,51.9487,1.0938,1.4218,2084792.6415,2025704.3639
002838.SZ,20260304,71.8792,3.4787,2.0805,1245749.4388,1095325.0093
688262.SH,20260304,,6.1722,22.8051,1212959.6859,1212959.6859
300733.SZ,20260304,58.2037,3.0377,2.6948,519343.9997,383097.2854
002507.SZ,20260304,19.3382,1.7159,6.1067,1485093.789,1478652.9808
002333.SZ,20260304,76.2936,2.0065,2.3241,384032.2112,379243.8844
000534.SZ,20260304,80.8604,11.5693,14.5751,1810425.8773,1776394.888
003042.SZ,20260304,,1.9818,1.304,260168.48,232569.8504
002475.SZ,20260304,21.3293,4.2909,1.0789,33719536.5437,33642194.3101
600361.SH,20260304,18.8396,1.5684,0.2185,1750329.628,1750329.628
603100.SH,20260304,18.6533,2.6125,1.7297,1176192.9194,1172447.7685
300865.SZ,20260304,,3.0709,8.537,267138.56,157054.0149
300096.SZ,20260304,52.846,9.4437,6.5535,331100.0,331100.0
600038.SH,20260304,53.8443,1.7829,1.1181,3076239.3352,2509844.9492
600128.SH,20260304,59.3034,1.2723,0.3576,276868.57,271444.25
603698.SH,20260304,98.3038,5.5851,4.0764,1927956.03,1927956.03
920166.BJ,20260304,27.3834,3.8453,6.8057,234992.9423,74169.6505
002730.SZ,20260304,67.1528,3.9299,5.2491,640157.2278,611780.8278
002284.SZ,20260304,29.4444,3.5365,2.164,1131562.6328,1119488.8989
002537.SZ,20260304,49.7313,2.4181,1.5427,1022568.5849,1018372.9779
600593.SH,20260304,,20.1866,9.6249,487864.3,481712.0
000809.SZ,20260304,,1.0346,6.8994,276305.0832,276305.0832
601882.SH,20260304,23.5509,3.7673,3.1829,1075842.0,1075842.0
000564.SZ,20260304,,2.5127,26.3332,3954715.8745,3222588.7414
000617.SZ,20260304,26.1827,1.0825,126.9907,11276734.5385,11276734.5385
002578.SZ,20260304,,2.7571,2.2023,418629.0616,384078.5022
