ts_code,trade_date,pe_ttm,pb,ps_ttm,total_mv,circ_mv
920027.BJ,20260107,33.6773,4.1447,4.788,175277.3455,93396.3455
300593.SZ,20260107,,7.4755,15.2716,1784277.4645,1480916.6548
603530.SH,20260107,50.1103,11.4236,11.5638,1864877.364,1846647.8237
688357.SH,20260107,38.9516,1.9511,4.2164,338702.6769,338702.6769
301389.SZ,20260107,139.9771,7.1086,42.0533,1557832.5,464706.9133
002107.SZ,20260107,50.2804,5.6295,4.7998,389616.48,384491.2388
603833.SH,20260107,13.3489,1.6917,1.7551,3204753.2333,3204753.2333
600545.SH,20260107,,1.466,1.2038,468433.0022,468433.0022
002676.SZ,20260107,84.6013,4.5556,2.0706,594000.0,593980.5787
600758.SH,20260107,121.4461,0.9115,0.9968,505010.6445,504523.9765
000524.SZ,20260107,102.0151,3.6078,1.8438,821005.5313,820687.4429
000566.SZ,20260107,,33.0899,11.1563,921129.2395,920682.2994
920753.BJ,20260107,60.6784,4.7372,7.745,186985.8333,72383.1214
920088.BJ,20260107,58.3821,4.3654,6.7308,293101.952,105768.1597
002320.SZ,20260107,131.1289,6.2992,5.1521,2536347.2005,2536347.2005
600499.SH,20260107,19.1844,2.2159,1.6745,2786645.3361,2786645.3361
002852.SZ,20260107,13.1548,1.669,0.6031,370109.8962,306948.3658
301586.SZ,20260107,62.9073,3.1664,5.3532,404339.6261,257835.6392
600871.SH,20260107,66.4766,4.3488,0.5102,4151593.0374,2966795.7049
002067.SZ,20260107,129.2108,1.2123,1.4259,802320.496,727656.496
601225.SH,20260107,11.3676,2.3029,1.23,21745885.0,21745885.0
688800.SH,20260107,56.3673,7.4306,5.4156,1704011.8655,1704011.8655
002398.SZ,20260107,77.504,1.0935,1.5337,394391.1807,321670.1104
003010.SZ,20260107,73.6576,14.3386,4.0899,1124791.0652,817730.1301
000958.SZ,20260107,39.3511,1.7935,7.9595,3531522.5491,3531511.4791
000050.SZ,20260107,194.8824,0.8302,0.6317,2283247.5771,2283218.8013
300837.SZ,20260107,99.2367,2.9742,6.8173,410107.4515,282617.614
601990.SH,20260107,29.3863,1.5695,11.775,3581297.0251,3000697.8817
000048.SZ,20260107,19.7437,1.9155,1.6069,809210.7135,803224.6733
002075.SZ,20260107,43.6786,1.9297,0.9067,1259255.8054,1259253.7821
300669.SZ,20260107,302.6021,5.653,15.2946,494096.9687,467929.8385
301265.SZ,20260107,70.8202,2.0454,4.9265,432645.7039,240544.051
600332.SH,20260107,13.8487,1.0911,0.5334,4136012.1743,3576586.5743
688485.SH,20260107,150.2019,2.1433,8.8,268571.9148,157538.3067
600234.SH,20260107,55.0206,6.5577,6.8347,327888.6953,327888.6953
000507.SZ,20260107,16.0962,0.8872,1.1202,485620.0246,476443.1522
000757.SZ,20260107,55.1422,1.6161,0.8173,257301.8739,257297.0077
000876.SZ,20260107,38.4703,1.7129,0.3908,4156060.6844,4154059.0537
688087.SH,20260107,17.962,2.2193,1.8592,608943.884,584438.3476
002747.SZ,20260107,,10.6903,4.6671,2074765.955,1863689.0744
600300.SH,20260107,14.0862,1.6259,1.7061,572468.3317,572468.3317
000609.SZ,20260107,,,17.3805,270536.0319,263116.6779
002705.SZ,20260107,10.3605,1.373,0.6998,1148804.2287,1143466.311
601368.SH,20260107,49.1813,0.9048,1.7541,438837.6193,438837.6193
603348.SH,20260107,305.6535,1.4331,1.0519,618891.1139,618891.1139
920046.BJ,20260107,107.0053,5.6382,7.3696,140598.5,89067.4289
601919.SH,20260107,6.0622,1.0317,1.0173,23064435.3001,18776384.0646
300052.SZ,20260107,,8.9562,17.5564,338583.312,338573.6145
301560.SZ,20260107,47.2852,4.3329,3.9582,420736.0,84147.2
688004.SH,20260107,,3.2842,10.916,193812.96,193812.96
600624.SH,20260107,,5.8857,5.5373,366168.0017,366168.0017
300923.SZ,20260107,41.0218,1.7858,3.8152,202080.6,196600.5135
600720.SH,20260107,10.9234,1.0902,1.4072,1663581.7846,731561.084
300555.SZ,20260107,,6.3549,19.5848,302000.0,298957.1431
600989.SH,20260107,14.0108,3.2777,3.4038,15062721.44,15062721.44
600562.SH,20260107,56.7458,5.6347,10.1832,3597662.1625,3597662.1625
001380.SZ,20260107,22.6751,3.3929,3.0872,629194.3252,204432.9505
300388.SZ,20260107,15.0924,1.1774,1.5106,547557.9537,546561.0122
601058.SH,20260107,14.9671,2.622,1.5447,5524008.4351,5524008.4351
601798.SH,20260107,,2.521,4.1738,319429.9064,319429.9064
301055.SZ,20260107,70.1041,4.9082,3.22,321204.0,321204.0
000009.SZ,20260107,369.9843,2.5874,1.1639,2607585.3186,2604356.6901
002848.SZ,20260107,,14.4093,10.5263,166314.25,164101.5809
002221.SZ,20260107,32.8694,1.1473,0.4179,1275087.3635,1181847.9656
603322.SH,20260107,,21.8186,2.5537,628613.7292,628613.7292
603091.SH,20260107,27.7683,3.7475,5.4583,793373.0337,239138.0033
688113.SH,20260107,25.1903,2.6656,5.0183,258749.3921,258749.3921
300765.SZ,20260107,,15.0981,26.5786,5567806.43,5567806.43
301010.SZ,20260107,108.7634,2.8392,2.3149,235224.0,235224.0
920556.BJ,20260107,61.3526,3.1922,4.8081,165993.3408,120906.2282
300996.SZ,20260107,44.1722,3.7797,5.6522,476194.8648,395375.0856
301202.SZ,20260107,61.1221,4.8689,4.3221,559922.0,152623.9
300384.SZ,20260107,20.1637,1.8972,6.3038,524447.9437,362062.5078
603776.SH,20260107,,1.4508,12.9034,517160.9736,517160.9736
603538.SH,20260107,45.4206,2.0105,2.933,451851.7944,442768.1362
002302.SZ,20260107,,0.9141,0.4054,778872.6056,778872.6056
688739.SH,20260107,61.0157,1.1566,7.3884,1085685.15,1085685.15
688523.SH,20260107,296.012,17.9114,56.1724,3014980.8,715183.0932
301219.SZ,20260107,25.764,2.3278,2.8492,2109880.3059,2068645.9264
920871.BJ,20260107,74.5095,5.0253,7.761,133022.5745,70124.3984
002356.SZ,20260107,131.2749,8.4439,7.4349,524501.8084,524498.8084
300160.SZ,20260107,20.5949,1.6411,2.5416,429758.1384,423871.8915
600223.SH,20260107,35.0399,1.7919,1.9864,750227.756,750227.756
002685.SZ,20260107,59.0332,4.8561,8.8863,762821.8152,762720.1312
688315.SH,20260107,33.0183,2.229,2.6625,578518.0,578518.0
301656.SZ,20260107,56.4377,7.0537,3.2634,6521792.9479,452583.1433
603027.SH,20260107,32.3595,4.1416,4.9293,1366453.5473,1280855.7512
603990.SH,20260107,,5.5466,14.1572,462486.9238,462486.9238
603666.SH,20260107,,3.0775,12.0631,651531.4314,651531.4314
001339.SZ,20260107,77.6583,5.9855,3.1915,1348687.6801,638305.1349
002006.SZ,20260107,55.7941,5.0758,6.4531,1219955.2037,1219955.2037
603353.SH,20260107,629.8051,3.0651,1.7809,500246.46,495916.38
002958.SZ,20260107,5.8159,0.4649,1.6272,1727798.5869,1691709.6854
603175.SH,20260107,132.8549,11.3956,7.3727,3281216.1421,330346.8045
002982.SZ,20260107,88.359,1.7523,0.619,277969.3469,177670.2038
002300.SZ,20260107,84.1916,3.5911,0.5448,678993.678,678933.9955
600657.SH,20260107,,0.5417,1.3901,1003861.2654,1003861.2654
002867.SZ,20260107,12.7409,2.2057,1.3405,1321021.7278,1313260.8105
300369.SZ,20260107,,2.5192,2.6163,618504.4998,616546.6731
600858.SH,20260107,84.7236,1.2139,0.6183,328682.0842,327090.3543
920394.BJ,20260107,53.4312,8.3244,13.7705,646278.75,641518.6562
301581.SZ,20260107,54.5661,3.8914,4.749,390880.0,238817.908
603095.SH,20260107,40.4095,1.8658,3.4216,432600.91,432600.91
605155.SH,20260107,26.3826,2.4547,3.7015,325206.77,322888.65
300037.SZ,20260107,40.775,3.9571,4.5828,4031105.0578,2887000.3241
002403.SZ,20260107,,2.6705,1.547,427842.0552,373234.7862
001217.SZ,20260107,150.6459,1.9733,2.2687,443710.19,439315.5004
000680.SZ,20260107,14.5459,3.1568,1.2388,1842175.1275,1614453.8153
605318.SH,20260107,,12.3532,13.7621,798379.3278,798379.3278
603231.SH,20260107,20.1361,1.8067,2.1625,354773.7216,196910.8646
300967.SZ,20260107,15.3284,4.4212,2.6832,362387.597,240959.2834
301328.SZ,20260107,53.6286,2.7336,8.0118,531115.7398,244147.6557
301027.SZ,20260107,150.4241,3.0944,4.3298,294735.0,237075.8035
300969.SZ,20260107,86.2254,11.1856,16.4807,1545635.811,693619.9884
301039.SZ,20260107,20.3817,1.2123,0.8727,1761676.9548,1365281.85
600371.SH,20260107,127.8328,4.7032,11.7127,258346.374,258346.374
300674.SZ,20260107,41.6754,3.7356,4.3595,1653830.0339,1651374.7065
600704.SH,20260107,7.8274,0.7262,0.0504,2973428.4368,2973428.4368
300539.SZ,20260107,213.2688,9.407,12.0531,1093046.399,703429.3739
000581.SZ,20260107,12.9304,0.9936,1.7328,1983844.242,1629015.1845
003002.SZ,20260107,36.0893,4.379,5.0805,656800.0,600559.858
603709.SH,20260107,,4.0752,1.3183,211053.2328,209432.918
002092.SZ,20260107,,0.6587,0.4924,1421920.7148,1414010.1738
603661.SH,20260107,15.8803,1.1793,0.3742,438061.1477,438061.1477
601992.SH,20260107,,0.4498,0.177,1825898.8639,1425141.0631
688550.SH,20260107,24.1043,2.5799,5.0221,836980.1207,836980.1207
920396.BJ,20260107,65.3339,7.4548,10.0216,258551.6669,182126.8543
001215.SZ,20260107,70.967,2.1249,2.1084,396803.2615,395261.4167
300211.SZ,20260107,,5.9789,13.9535,277183.9074,270942.0909
300071.SZ,20260107,,44.9378,6.0929,630380.3557,618259.4664
000608.SZ,20260107,,1.0267,6.0205,228723.5592,227355.4055
002687.SZ,20260107,39.5775,1.5729,1.8307,234722.4633,192254.0798
300785.SZ,20260107,105.5132,4.7429,6.8296,895644.0145,550993.6196
600831.SH,20260107,,2.051,2.3328,301441.5246,301441.5246
603800.SH,20260107,110.4935,12.0906,8.7308,1041872.0,1041872.0
300740.SZ,20260107,61.7674,4.5187,2.0334,935633.5342,861198.9119
603822.SH,20260107,,19.1481,2.64,855379.4147,855379.4147
002060.SZ,20260107,12.5941,0.9887,0.1933,1362844.7468,567301.7216
002877.SZ,20260107,541.7455,2.6643,2.9213,323106.0751,218387.304
301600.SZ,20260107,83.4113,12.2111,15.2658,1472004.4505,454296.4555
002250.SZ,20260107,34.2059,2.0099,2.1899,1321913.7558,1314719.3856
000503.SZ,20260107,,7.0993,27.2711,892099.002,892083.515
002492.SZ,20260107,56.1798,2.0209,10.2919,349515.0,343331.3677
301086.SZ,20260107,135.317,5.6976,12.7077,1100790.0,578994.9063
688411.SH,20260107,47.1299,10.0666,4.1061,4510416.4621,950045.8599
688095.SH,20260107,,3.5305,10.1739,893496.1447,893496.1447
300860.SZ,20260107,196.4775,1.8289,14.0545,557437.2386,323655.2168
301510.SZ,20260107,224.2918,10.449,29.7102,1472036.8,1027306.0768
000537.SZ,20260107,19.1355,0.8633,3.719,1719413.1569,1719413.1569
600312.SH,20260107,21.8928,2.2605,1.9413,2514375.1856,2514375.1856
002786.SZ,20260107,,18.8941,1.8284,433660.5,432348.0
000421.SZ,20260107,22.2284,1.3942,0.4402,391751.5306,391670.0746
605108.SH,20260107,109.1335,2.2906,2.002,511680.0,511680.0
605178.SH,20260107,,4.5071,15.6684,550884.8,550884.8
600433.SH,20260107,295.8073,1.2909,0.767,574091.5884,574091.5884
002368.SZ,20260107,68.5419,2.9523,1.831,1531279.2697,1524395.822
603458.SH,20260107,,1.2214,2.3768,348675.8214,348675.8214
600990.SH,20260107,,4.9485,5.7446,891836.954,885051.7698
603517.SH,20260107,114.1131,1.2324,1.4296,786590.5129,786590.5129
600115.SH,20260107,,8.4518,0.9976,13561870.3154,10453328.4443
600589.SH,20260107,285.3407,17.5363,30.2443,1247122.7076,1241914.7076
603222.SH,20260107,,3.6034,7.9038,504086.9904,504086.9904
000937.SZ,20260107,48.4267,1.0197,1.3254,1943450.7675,1888368.4749
002838.SZ,20260107,67.9595,3.289,1.9671,1177816.8657,1035595.3045
688262.SH,20260107,,5.3579,30.4129,1104767.7139,1104767.7139
300733.SZ,20260107,63.034,3.2898,2.9184,562444.3552,414890.5269
002507.SZ,20260107,18.8446,1.6999,6.2333,1510480.0077,1503929.1001
002333.SZ,20260107,79.9139,2.1017,2.4344,402255.1808,388927.6076
000534.SZ,20260107,47.565,6.8054,8.5736,1064956.3984,1044938.1694
003042.SZ,20260107,,1.7409,1.1455,228537.92,204294.655
002475.SZ,20260107,26.5228,5.2577,1.3416,41929910.6974,41833734.2596
600361.SH,20260107,17.8693,1.4876,0.2072,1660183.896,1660183.896
600295.SH,20260107,23.4159,2.0424,1.623,4290523.9974,3028558.3974
600444.SH,20260107,59.5539,3.8057,3.7816,277176.7173,277176.7173
605100.SH,20260107,231.6166,4.4428,10.5187,784845.81,781177.404
301399.SZ,20260107,91.7636,2.7516,7.3803,360789.0,106632.9927
600606.SH,20260107,,0.4146,0.114,2375162.8951,2375162.8951
300320.SZ,20260107,26.8209,2.3033,1.5686,568166.3105,459069.4238
003036.SZ,20260107,69.3394,2.5049,2.3762,346466.0731,346457.182
301233.SZ,20260107,30.8637,2.7842,6.091,268879.28,147215.585
300313.SZ,20260107,,58.2126,22.2976,200215.46,164789.5788
605118.SH,20260107,45.6934,8.4824,16.089,1259157.144,1248217.656
300890.SZ,20260107,280.3599,1.7865,2.4909,367081.333,335346.6171
301309.SZ,20260107,24.4327,1.7818,3.3075,288232.1248,73207.1248
002436.SZ,20260107,,7.0321,5.5447,3791971.7191,3369919.3781
301290.SZ,20260107,,1.229,6.4996,262053.4417,178315.4544
002173.SZ,20260107,,7.0941,15.7313,1263397.0998,1191879.6203
300936.SZ,20260107,,2.9591,12.7555,295836.8,186708.7219
002268.SZ,20260107,113.5627,3.3357,8.0436,1795285.4042,1794567.4587
688507.SH,20260107,265.9083,3.5148,23.9162,961127.3442,531056.5838
001316.SZ,20260107,33.0864,3.5608,4.4777,445036.2137,430253.4609
603838.SH,20260107,,2.5715,6.8744,240652.032,240652.032
002519.SZ,20260107,,4.2261,201.5816,970983.4341,964393.0674
603529.SH,20260107,11.2381,2.7653,1.0429,2631719.4508,2566412.9881
000900.SZ,20260107,16.9083,0.5588,0.8802,622309.6169,622281.9419
600958.SH,20260107,18.5959,1.2312,5.3834,9592712.5347,8433046.1535
601156.SH,20260107,11.2335,1.546,1.2462,2944915.5564,1752224.7564
600770.SH,20260107,140.992,2.0094,16.406,689000.0,689000.0
600097.SH,20260107,27.0151,1.2269,1.245,284546.0762,284546.0762
688089.SH,20260107,23.8178,2.4826,6.775,404110.1971,404110.1971
603813.SH,20260107,,7.6333,10.1131,416384.475,416384.475
300174.SZ,20260107,23.6057,1.671,3.053,578366.0517,576352.1548
688007.SH,20260107,,3.3758,4.2463,871431.244,871431.244
002416.SZ,20260107,39.3199,2.658,0.3247,1547862.9757,1528656.4757
000953.SZ,20260107,336.1176,17.221,15.231,265438.5914,265438.5914
301428.SZ,20260107,77.1632,2.6614,3.1427,338624.0011,210026.9611
002929.SZ,20260107,,2.019,1.2862,1276101.2133,945838.8576
002489.SZ,20260107,12.7178,1.7717,1.4195,830733.2479,732690.0794
002283.SZ,20260107,20.6784,1.181,1.8957,711021.2791,626200.4917
600255.SH,20260107,170.2416,4.9517,1.5913,717040.3411,717040.3411
002583.SZ,20260107,,8.2214,3.6762,2100505.3851,1481542.8116
300040.SZ,20260107,,1.5437,2.7428,398914.4703,320773.1479
920445.BJ,20260107,80.1509,5.7038,4.6462,176064.0998,124569.4118
688310.SH,20260107,,3.2658,9.4,263125.7693,263125.7693
000796.SZ,20260107,,12.8614,15.5365,1066519.6291,884959.9287
002948.SZ,20260107,5.4311,0.6567,1.8593,2607518.9164,1394364.7926
300611.SZ,20260107,40.5958,4.8196,3.132,592275.5521,416138.1619
300951.SZ,20260107,30.8909,2.5708,4.4788,598322.9086,534724.8689
688011.SH,20260107,,5.6071,41.3089,600000.0,600000.0
688668.SH,20260107,79.5229,8.7256,11.1705,1658588.5653,1658588.5653
000723.SZ,20260107,,1.65,1.241,2188536.3276,2184520.7505
688037.SH,20260107,451.9108,14.2142,23.4669,3846847.1804,3846847.1804
603590.SH,20260107,116.5831,2.0867,7.6429,665935.8777,662639.9217
002258.SZ,20260107,24.3031,1.4483,1.2788,1129416.9287,1127601.1368
688369.SH,20260107,,3.5657,3.8476,301640.9099,301640.9099
601107.SH,20260107,11.6072,1.0,2.0893,1899055.26,1343061.54
000980.SZ,20260107,,1430.6752,30.3742,1800189.5428,1796205.7563
920198.BJ,20260107,101.2068,4.4425,8.9657,177822.9869,77653.5353
300994.SZ,20260107,22.2401,3.4099,1.1189,376903.296,188645.688
000521.SZ,20260107,10.3739,1.0976,0.2183,681809.4993,579633.7535
688509.SH,20260107,,3.3324,6.6462,413490.0,206633.4114
300863.SZ,20260107,59.2868,6.9828,2.5355,997331.9308,958604.8202
300427.SZ,20260107,,4.8028,9.0735,614801.0403,608132.9096
300743.SZ,20260107,32.2442,5.6817,4.0518,352630.3088,297122.2095
002449.SZ,20260107,332.5746,1.3832,1.6138,530034.9338,530034.9338
002846.SZ,20260107,,4.9285,3.1981,696349.4485,426136.0032
003033.SZ,20260107,36.4594,4.4672,3.1759,604786.5,597343.1281
002798.SZ,20260107,,1.6217,1.2556,308009.5692,264768.9282
002627.SZ,20260107,61.9143,1.8283,7.1361,566638.2776,560778.1174
002384.SZ,20260107,118.9044,6.928,3.9499,14762756.7079,11173753.0874
301575.SZ,20260107,34.5646,3.2239,3.9897,442623.69,84424.1898
688082.SH,20260107,57.2358,7.1524,14.007,9507262.8222,8640320.238
920015.BJ,20260107,38.8466,4.763,7.4269,779508.3353,217035.5498
002462.SZ,20260107,78.5274,1.2623,0.2791,557744.0134,557291.4411
603659.SH,20260107,36.3144,3.0381,4.1549,5999008.6054,5999008.6054
300499.SZ,20260107,6237.8793,7.0385,10.6212,974353.4163,866320.4061
688026.SH,20260107,29.5507,2.1171,4.1413,234408.4562,234333.6034
301181.SZ,20260107,39.3884,3.3889,8.8042,485503.1685,378941.499
920679.BJ,20260107,60.115,2.2796,8.9554,113654.75,45915.1963
300943.SZ,20260107,78.5456,4.3659,8.5163,432302.22,284935.7487
688179.SH,20260107,51.9,4.293,7.2621,435715.1386,435715.1386
300858.SZ,20260107,45.596,2.4816,12.8948,453211.603,333275.0724
002605.SZ,20260107,19.657,2.6971,3.8331,992828.0936,801621.5527
300887.SZ,20260107,,2.531,5.3792,726376.2305,482084.4998
600076.SH,20260107,,1.2841,12.6719,489413.7856,489413.7856
300277.SZ,20260107,499.7855,9.0576,19.9739,443184.9,442685.2256
002204.SZ,20260107,24.6731,1.8875,0.968,1462047.1142,1462047.1142
300366.SZ,20260107,,2.5469,2.8519,417404.8151,364455.2106
601390.SH,20260107,5.5329,0.4377,0.1233,13725574.8097,11384021.0152
603225.SH,20260107,25.091,1.7525,0.4422,3070455.065,3052433.5916
300551.SZ,20260107,,13.4406,30.9372,588308.7115,586596.0443
000890.SZ,20260107,,,9.1031,225273.6308,225266.6917
920433.BJ,20260107,,3.6147,10.0543,152528.1299,100912.572
003015.SZ,20260107,50.8471,4.1085,6.9933,447739.2005,394110.8954
301082.SZ,20260107,,4.1665,1.8231,431118.9765,398586.0285
603307.SH,20260107,22.2913,1.9228,3.0778,268972.227,67167.0
920729.BJ,20260107,58.4755,3.6584,9.7532,242461.45,68143.8114
688028.SH,20260107,107.3464,5.1485,13.962,1009848.81,1009848.81
002319.SZ,20260107,,14.7821,6.7507,268543.7578,256400.0
603032.SH,20260107,,4.0181,8.3496,456754.7141,453132.9062
600549.SH,20260107,33.7883,4.2428,1.744,7120322.4296,6969384.9303
600917.SH,20260107,33.5239,1.5163,0.8336,864816.027,864816.027
000683.SZ,20260107,27.3385,2.0106,2.5298,2921429.6062,2632323.4501
600874.SH,20260107,11.3883,0.9377,1.9385,946962.1053,741942.1053
000544.SZ,20260107,7.6911,0.8992,1.5524,815810.9165,815810.9165
000681.SZ,20260107,153.7581,4.7398,21.1377,1718516.4505,1658874.2257
600210.SH,20260107,9.1593,1.7128,1.0133,1142102.327,1142102.327
920363.BJ,20260107,,5.5258,10.6309,194145.3,103916.1854
600137.SH,20260107,66.5104,3.3661,4.7781,182671.8479,182671.8479
300250.SZ,20260107,,10.4411,23.0903,542923.6767,399684.3594
600909.SH,20260107,15.83,1.52,6.085,3522848.0198,3522848.0198
688610.SH,20260107,80.7595,3.0636,11.3826,454376.0,273511.4194
603017.SH,20260107,74.546,2.1287,2.5435,303533.132,303533.132
300194.SZ,20260107,36.7223,1.1918,3.1002,530611.7224,431881.5203
300350.SZ,20260107,,3.8384,9.1801,354629.748,297557.7781
000639.SZ,20260107,,1.2229,0.7612,355131.8433,355131.408
300152.SZ,20260107,,6.5377,9.9007,153964.8,153925.5798
600302.SH,20260107,,6.2097,10.2175,368500.4413,368500.4413
300448.SZ,20260107,,4.3717,12.8109,536478.0436,368383.3317
002383.SZ,20260107,,6.1758,8.2718,1045388.7507,1045388.7507
603681.SH,20260107,24.5455,1.3946,0.5431,362958.2893,362958.2893
300426.SZ,20260107,,24.1339,14.5782,355352.0371,315600.0
688045.SH,20260107,6735.7913,2.0229,4.1553,279770.3029,279770.3029
920946.BJ,20260107,33.8273,3.7141,8.2173,460217.9705,460076.483
300787.SZ,20260107,32.644,2.4597,1.2079,370791.2627,225904.3314
002296.SZ,20260107,14.377,1.8116,3.1639,435161.3291,388063.0509
300406.SZ,20260107,18.1307,2.1115,5.4612,782722.0184,566595.7672
300625.SZ,20260107,,1.6725,1.7339,332403.89,192746.3896
688448.SH,20260107,92.4804,3.6616,8.0323,370442.391,248016.791
688595.SH,20260107,,6.9411,6.2172,499282.5638,499282.5638
600618.SH,20260107,19.4101,1.6989,1.9591,1540324.768,998786.848
688778.SH,20260107,60.7079,4.5742,2.5015,4120802.6927,4120802.6927
605169.SH,20260107,37.6723,1.9409,1.2306,379059.2,379059.2
688366.SH,20260107,26.9625,1.8752,4.1076,1035913.2463,871874.9845
301608.SZ,20260107,36.3375,3.8034,4.9406,804380.61,360991.8989
000800.SZ,20260107,53.1191,1.2689,0.5834,3351392.344,3351106.1251
002672.SZ,20260107,,1.7279,1.5385,526101.7618,430836.3118
601065.SH,20260107,18.0735,1.2245,2.2897,541860.2346,350903.8746
002501.SZ,20260107,,37.162,33.4566,979800.0,978825.5009
300540.SZ,20260107,67.5177,4.1965,5.5916,463250.284,417175.4977
603856.SH,20260107,20.3082,1.3122,1.7564,354826.5235,354826.5235
301090.SZ,20260107,,1.6685,0.7136,1046920.0739,1045828.241
002152.SZ,20260107,39.307,2.6239,2.8638,3337666.6149,3335987.7103
002369.SZ,20260107,,16.1322,2.888,500055.439,499401.989
688109.SH,20260107,155.6322,13.0474,22.6829,1038510.7756,1038510.7756
600679.SH,20260107,,3.256,3.1742,696677.8355,464674.6355
603260.SH,20260107,,2.1066,3.1325,6743308.3915,6743308.3915
300970.SZ,20260107,621.0148,1.5535,2.0577,239578.1814,185895.9961
601339.SH,20260107,15.8641,0.9463,1.1437,868250.451,868250.451
002019.SZ,20260107,38.1303,1.7589,2.9733,1553330.1385,1074562.4002
301633.SZ,20260107,48.4391,4.2274,6.5521,386196.48,176941.8129
600439.SH,20260107,,1.203,2.503,316955.9232,316955.9232
002304.SZ,20260107,45.3168,1.9313,4.8222,9379127.0307,9378905.6964
300771.SZ,20260107,51.3605,1.9477,6.7608,384000.0,289918.6208
688639.SH,20260107,47.0186,3.2824,3.1083,880407.2394,880407.2394
920478.BJ,20260107,25.6644,2.9253,5.2513,149389.1126,89356.8777
002559.SZ,20260107,75.9397,3.2291,2.6547,571205.8599,519923.4174
600421.SH,20260107,,226.8764,9.3491,139854.0,139854.0
002897.SZ,20260107,63.9987,3.7757,1.6417,1036873.9622,975610.0391
300150.SZ,20260107,72.9278,1.9948,3.601,314201.9505,247139.8756
603101.SH,20260107,53.9291,3.3652,1.964,477456.0,477456.0
002095.SZ,20260107,,5.1848,7.7569,459192.24,457354.1901
301237.SZ,20260107,,3.3835,7.5118,442640.0,364417.2125
600879.SH,20260107,400.4155,3.7692,5.6351,7822638.7209,7822638.7209
300461.SZ,20260107,,5.5727,16.5617,296365.9778,271168.046
603836.SH,20260107,82.5605,1.582,0.3047,280146.0985,280146.0985
300316.SZ,20260107,112.1275,2.8976,4.4462,5056109.9902,4755035.5268
600808.SH,20260107,,1.3188,0.4074,3172680.6486,2458713.4886
605288.SH,20260107,153.8298,3.0724,4.9829,681923.8928,677349.3019
301449.SZ,20260107,46.9891,4.9846,6.5197,567326.093,121031.4574
688391.SH,20260107,51.8725,1.8597,6.277,345659.8616,345659.8616
301218.SZ,20260107,,2.8884,4.1829,265143.0,162910.0437
920866.BJ,20260107,39.8283,1.9604,2.8658,148669.8675,77228.033
002484.SZ,20260107,37.171,4.2098,4.7971,2583891.7328,2492594.7411
688051.SH,20260107,,4.8003,13.8003,313280.034,313280.034
601138.SH,20260107,41.0325,7.7636,1.6146,125404506.357,125404506.357
300813.SZ,20260107,188.2868,3.9221,9.6931,309906.403,194462.5937
600238.SH,20260107,,27.9104,14.9484,283262.4,281411.6386
601975.SH,20260107,11.9299,1.3055,2.5215,1446226.5055,1446226.5055
300618.SZ,20260107,55.1995,2.6932,2.2679,1505747.2564,1324878.7512
002671.SZ,20260107,27.0884,1.6456,1.8861,292877.6999,286484.691
000923.SZ,20260107,28.9872,1.4856,2.9143,1525427.5819,1467405.4643
002427.SZ,20260107,237.0349,6.8085,2.7856,645458.4689,644982.0933
601799.SH,20260107,23.198,3.3115,2.4746,3646983.463,3646983.463
300357.SZ,20260107,41.0086,6.0747,15.2703,1601119.872,1480268.3389
002639.SZ,20260107,408.0369,6.7697,6.5173,1696634.3829,1428759.996
688630.SH,20260107,93.1192,8.6003,16.277,1903653.3462,1903653.3462
301591.SZ,20260107,49.2928,3.9549,8.3137,354397.56,143025.9784
300391.SZ,20260107,,,2.5353,29428.2334,29428.2334
002947.SZ,20260107,23.4448,3.9821,4.7232,1298725.1242,976466.6072
603015.SH,20260107,123.1176,4.0985,7.0852,571565.666,571565.666
301176.SZ,20260107,,2.8462,2.6572,431796.2675,143932.09
301059.SZ,20260107,42.1354,4.756,6.6568,290560.578,259868.4417
600768.SH,20260107,86.3606,4.9251,1.2037,190723.5072,190723.5072
300051.SZ,20260107,,15.3473,5.1185,247763.7815,244872.226
002028.SZ,20260107,43.8494,8.3393,6.3856,12054512.7696,9405934.9381
002965.SZ,20260107,44.1069,2.5731,1.4571,1097613.1648,824807.7748
300635.SZ,20260107,,5.9776,3.4012,225615.74,193869.913
300643.SZ,20260107,26.7583,3.5115,3.7692,444238.0619,443464.5059
300207.SZ,20260107,28.7554,1.9231,0.7797,4777537.8854,4431983.0121
601995.SH,20260107,18.4817,1.7885,6.0668,17378124.7248,10524752.784
603019.SH,20260107,61.8776,6.1917,9.3651,13042214.0986,13038568.9857
601288.SH,20260107,9.084,0.9721,3.6346,262137292.3709,239113913.872
600612.SH,20260107,14.7604,1.8495,0.4556,2378616.4729,1441897.4876
002248.SZ,20260107,161.5437,38.0642,11.1204,362537.3124,362537.3124
300376.SZ,20260107,192.9862,2.2328,4.679,1494730.3856,1494213.2064
603881.SH,20260107,161.5595,7.2294,13.347,2374235.9817,2374235.9817
002025.SZ,20260107,320.5519,4.0061,4.8479,2607769.2073,2598822.8763
002915.SZ,20260107,,5.9933,5.1008,783076.9103,693126.1943
000725.SZ,20260107,24.6599,1.2193,0.7798,16312451.8823,16003837.8876
600113.SH,20260107,184.3844,10.4718,36.1066,2660994.1379,2599422.0689
000543.SZ,20260107,7.9396,1.1031,0.6462,1895097.7447,1895097.7447
603089.SH,20260107,19.7684,2.0698,1.1321,309642.9157,309642.9157
601860.SH,20260107,6.8693,0.5046,2.3719,1014098.1687,983789.8491
600131.SH,20260107,27.2195,3.2151,2.1634,2002451.2785,1998357.504
920263.BJ,20260107,62.4361,3.2138,5.7232,186158.1369,135218.5454
002799.SZ,20260107,,2.202,3.0804,279714.96,279711.2892
603390.SH,20260107,74.4767,2.9401,5.109,475081.8304,473544.3505
688612.SH,20260107,26.8253,4.0678,2.1486,1420209.276,855648.3138
002628.SZ,20260107,,1.0888,3.8263,311925.371,310559.3384
301584.SZ,20260107,42.5442,6.1371,0.6607,1274819.0282,152582.5792
301132.SZ,20260107,37.5354,2.829,3.2526,513711.1978,328633.7758
301314.SZ,20260107,156.895,2.2372,13.5207,234149.5,68867.5
688662.SH,20260107,124.0401,7.5794,10.0452,544705.52,544705.52
002576.SZ,20260107,33.5759,2.1778,1.5561,284467.3,279173.5048
600665.SH,20260107,,1.0411,0.2508,276519.2067,276519.2067
300629.SZ,20260107,313.2119,3.4564,16.9636,588079.3887,507174.8125
920690.BJ,20260107,31.97,3.9114,6.122,228602.4,148605.6278
600568.SH,20260107,,3.0654,9.2201,526117.5958,440633.7617
002601.SZ,20260107,38.0732,2.0977,1.8675,4871018.7784,4060672.4918
300382.SZ,20260107,,4.3903,4.9007,1010207.1907,1010110.9499
600774.SH,20260107,,1.652,2.6643,275855.2959,275677.3925
301362.SZ,20260107,22.8485,1.7755,2.6971,442440.09,125415.09
600318.SH,20260107,124.5575,4.2683,14.1845,466582.1451,466582.1451
603318.SH,20260107,,2.1363,1.2036,303445.8808,303445.8808
300110.SZ,20260107,,2.7912,3.0125,378308.1542,377871.2342
301129.SZ,20260107,47.3662,1.9483,7.0212,328328.1184,160138.52
002171.SZ,20260107,38.148,2.5015,0.3682,2169867.9349,2157572.3454
002775.SZ,20260107,,7.9377,4.6751,281858.1059,208843.7319
001227.SZ,20260107,6.9939,0.4361,1.7181,1327097.4401,981660.2423
688205.SH,20260107,391.0253,11.1001,28.1479,2513254.4539,2513254.4539
300375.SZ,20260107,83.8832,1.7217,1.4411,394304.4465,264449.8198
002316.SZ,20260107,375.0307,24.2521,2.9672,185552.64,160832.82
603305.SH,20260107,48.3299,2.0937,4.3575,1899984.8661,1899984.8661
001325.SZ,20260107,24.2895,2.2418,2.7543,393176.0,98294.0
001230.SZ,20260107,21.0526,1.6626,2.0323,318652.6593,126006.3981
600737.SH,20260107,26.612,3.2242,1.2084,3636041.9876,3636041.9876
688390.SH,20260107,1747.6953,6.8341,2.3315,1862567.9655,1862567.9655
300394.SZ,20260107,85.7756,32.2215,32.9141,15717794.4842,15686183.5401
920682.BJ,20260107,24.3275,2.6743,0.8281,305011.2,176881.9827
688302.SH,20260107,,4.765,222.1978,524584.6382,524584.6382
300564.SZ,20260107,168.9316,2.0442,7.5676,246812.256,173183.3775
601009.SH,20260107,6.3832,0.7704,2.5596,13735923.2092,13735923.2092
603300.SH,20260107,23.77,2.357,2.6125,1539593.3158,1539593.3158
002195.SZ,20260107,310.0075,5.3619,82.9853,5353003.633,5287591.0561
301295.SZ,20260107,155.2572,3.407,4.4799,325080.0,94815.0
002573.SZ,20260107,,0.9051,0.6031,537801.49,536844.042
002374.SZ,20260107,,4.7136,6.8474,397186.5976,397186.5976
300792.SZ,20260107,88.4707,2.4094,6.3119,705378.5072,632712.7445
688155.SH,20260107,37.12,4.1417,3.4864,891879.6004,891879.6004
603332.SH,20260107,54.3188,2.3074,1.8815,294448.5174,294448.5174
301397.SZ,20260107,49.0123,2.8836,4.0222,565056.3197,256778.2067
002645.SZ,20260107,,2.4763,1.4141,988470.567,880310.8928
300527.SZ,20260107,709.0343,2.8296,7.9902,823584.0013,823584.0013
688716.SH,20260107,259.1232,4.3514,17.6917,514584.72,295722.0019
000717.SZ,20260107,,0.8005,0.2233,627776.0078,627702.2899
688793.SH,20260107,,7.1864,2.4846,198791.7541,198791.7541
300908.SZ,20260107,22.7496,2.3281,3.7787,409822.0,345689.5559
601089.SH,20260107,29.1898,3.6677,3.9532,1351680.0,1351680.0
002168.SZ,20260107,,142.5561,9.664,323075.3076,323075.3076
300230.SZ,20260107,17.8806,1.2304,1.6848,400914.2264,310502.492
000782.SZ,20260107,,2.0526,1.3325,352902.8956,271463.7662
300600.SZ,20260107,,3.5798,18.0066,437232.4373,437232.4373
002774.SZ,20260107,41.9197,3.4668,2.9375,415809.5565,347988.3397
600150.SH,20260107,36.0526,1.838,1.9982,25940816.5797,25940816.5797
300536.SZ,20260107,,4.9652,12.9694,222312.4048,222296.2882
605319.SH,20260107,16.5809,2.8493,2.6439,739382.274,635923.842
300595.SZ,20260107,28.6229,2.8868,7.7525,1407394.5014,1050873.7627
603255.SH,20260107,,2.5377,4.7426,402967.451,181661.6925
000561.SZ,20260107,,3.5062,7.3186,1105943.3446,916987.0349
600428.SH,20260107,11.8542,1.189,0.9203,1964647.0028,1750824.4774
300546.SZ,20260107,126.7683,4.1482,8.1821,466395.0948,334651.0485
600531.SH,20260107,17.8141,2.3965,0.3445,1556321.0923,1556321.0923
002498.SZ,20260107,24.0743,1.5321,1.3317,1317411.216,1317411.216
000599.SZ,20260107,,3.8741,1.1314,509657.6079,509648.9499
688796.SH,20260107,99.7005,11.7553,18.7157,2491905.5899,200109.4862
688560.SH,20260107,,1.1918,4.9444,316446.6151,316446.6151
002863.SZ,20260107,43.1194,1.2004,0.6109,340506.6587,340506.6587
688727.SH,20260107,276.7086,11.2519,43.4167,2788477.4376,311809.082
002743.SZ,20260107,96.5822,0.726,0.7115,239397.6629,239014.0379
601700.SH,20260107,242.9081,2.5968,2.4664,663645.3327,663645.3327
603378.SH,20260107,,2.8944,3.9837,288874.1367,288874.1367
002919.SZ,20260107,,7.4419,4.1468,611410.7954,606506.462
601319.SH,20260107,8.2298,1.4132,0.6521,43914422.6489,35249272.2869
600610.SH,20260107,236.3099,95.9859,10.3716,1089486.2733,720775.059
002215.SZ,20260107,16.1726,2.624,1.9847,1087616.9974,850064.6678
600694.SH,20260107,12.5469,0.7137,0.9663,627419.9626,627419.9626
600121.SH,20260107,,3.7201,1.5502,570216.8338,570216.8338
920367.BJ,20260107,139.813,3.0729,10.459,146045.0363,86112.4279
000752.SZ,20260107,19.4352,4.6512,6.3944,285914.2042,285914.2042
301272.SZ,20260107,59.6616,2.3402,4.1355,235998.2782,126379.169
603014.SH,20260107,36.1667,2.4807,4.643,1715715.9491,161681.6325
301606.SZ,20260107,41.6115,8.0458,3.0715,2527215.6283,1334028.3381
601162.SH,20260107,65.9561,1.6013,12.538,4351961.6211,3714323.2448
603216.SH,20260107,130.5708,5.5861,9.1522,1000768.86,1000768.86
920808.BJ,20260107,,22.9983,24.4457,1496000.0075,1455399.8989
601881.SH,20260107,12.7297,1.5376,5.7383,17866813.2863,11835744.396
002837.SZ,20260107,204.5182,30.8024,17.7691,10205008.8102,8884537.4365
301418.SZ,20260107,176.329,1.702,8.0975,275440.0025,110562.8705
300834.SZ,20260107,70.8877,1.5872,3.2651,466071.9213,462978.8303
002876.SZ,20260107,89.0895,1.8095,1.2821,430712.9766,368947.6886
301313.SZ,20260107,,3.943,5.2479,283979.583,207213.9451
301163.SZ,20260107,61.0098,1.9355,2.6814,219830.4,147430.8715
300172.SZ,20260107,47.6669,1.9306,4.9265,374220.63,289502.35
300666.SZ,20260107,57.1388,6.0413,6.8832,2939753.1676,2450420.812
000514.SZ,20260107,45.5414,1.1169,14.5254,423573.0244,423573.0244
600282.SH,20260107,12.1756,1.2119,0.5855,3267498.2358,3267498.2358
000166.SZ,20260107,14.5001,1.2325,5.0775,13596689.8961,12236780.4726
688566.SH,20260107,25.0456,2.5667,6.3197,605272.6753,605272.6753
600741.SH,20260107,9.4696,1.0102,0.3628,6538749.5428,6538749.5428
688631.SH,20260107,178.9734,6.2851,8.0556,1138568.55,451819.55
001317.SZ,20260107,,4.5876,2.9548,456236.8349,455786.9474
605305.SH,20260107,18.1049,3.2695,5.4309,932325.24,932325.24
300558.SZ,20260107,68.7822,3.5698,6.3897,2085998.3936,2079348.8083
000707.SZ,20260107,,1.2937,1.6565,368371.8316,292411.832
603138.SH,20260107,,5.624,10.2797,431405.1383,423287.3038
600732.SH,20260107,,4.4315,1.9297,2866756.3957,2448737.9553
002599.SZ,20260107,,3.5486,2.1149,439460.8243,328355.5572
920006.BJ,20260107,,7.5523,28.319,244768.5992,92965.2758
002423.SZ,20260107,28.7419,1.2337,,2753406.1621,2753406.1621
600855.SH,20260107,,8.0287,10.7072,1229456.1183,1227086.6463
600379.SH,20260107,56.0209,5.1879,3.1588,396572.0784,396572.0784
301175.SZ,20260107,24.9651,2.5168,5.1139,887543.64,374993.64
920985.BJ,20260107,,2.0789,0.8247,227155.5308,160979.3085
600838.SH,20260107,117.9226,3.2047,56.0062,505111.2961,505111.2961
300300.SZ,20260107,244.634,69.8039,57.1832,990267.8871,990204.8488
002305.SZ,20260107,,,1.8759,398869.6271,398843.7535
300769.SZ,20260107,,2.4592,1.7968,1279058.357,1149272.8871
688768.SH,20260107,29.6837,3.7162,6.1932,390933.8519,387711.9482
688349.SH,20260107,26.257,2.4707,1.4151,3279404.8709,3180680.7909
920564.BJ,20260107,185.3851,6.697,9.3779,206631.2971,93901.2912
002833.SZ,20260107,17.2826,2.5265,2.985,693619.5898,471783.7364
603100.SH,20260107,18.0985,2.6496,1.7984,1233668.3151,1226041.3438
300865.SZ,20260107,,3.0467,8.4697,265033.6,155816.4833
300096.SZ,20260107,51.3361,9.1739,6.3662,321640.0,321640.0
600038.SH,20260107,52.8541,1.7501,1.0975,3019666.7035,2463688.4189
600128.SH,20260107,59.4112,1.2746,0.3582,277371.9674,271937.785
603698.SH,20260107,109.8368,6.2403,4.5547,2154143.81,2154143.81
002730.SZ,20260107,57.2774,3.352,4.4772,546016.459,521813.059
002284.SZ,20260107,30.7329,3.6912,2.2587,1181082.3561,1168480.2485
002537.SZ,20260107,50.2451,2.443,1.5586,1033134.7356,1028895.7756
600593.SH,20260107,,23.3171,11.1176,563522.4,556416.0
000809.SZ,20260107,,1.0501,7.0023,280429.0396,280429.0396
601882.SH,20260107,22.6025,3.6156,3.0547,1032516.0,1032516.0
000564.SZ,20260107,,2.8569,29.9405,4496457.7751,3664039.2539
000617.SZ,20260107,28.3254,1.1711,137.3834,12199606.3112,12199606.3112
002578.SZ,20260107,,2.8684,2.2912,435524.4049,399579.4283
300396.SZ,20260107,,1.8786,6.9681,356146.4103,355610.9607
002286.SZ,20260107,25.5403,1.6694,1.3657,368008.6565,357356.9097
002574.SZ,20260107,,0.9963,0.975,296736.0,296736.0
300131.SZ,20260107,444.4609,10.0755,3.2719,1780845.572,1635317.7326
600829.SH,20260107,55.6797,2.2164,0.6494,663392.555,663392.555
001225.SZ,20260107,98.5156,3.3209,18.2201,458630.5284,146492.9764
301379.SZ,20260107,34.9329,3.9138,3.1512,553695.3356,355642.728
300343.SZ,20260107,116.3855,3.3296,7.1394,641381.4714,639731.6334
300683.SZ,20260107,,1.7112,6.1659,382211.6217,356428.7517
301182.SZ,20260107,,5.1874,5.8807,395743.621,395743.621
600530.SH,20260107,199.8169,16.0174,16.3039,509897.36,509897.36
603577.SH,20260107,27.4965,1.8718,0.8477,363217.9761,363217.9761
920016.BJ,20260107,74.796,4.0017,6.3935,152039.3098,66633.4743
300022.SZ,20260107,,7.1846,1.3725,382047.8137,382039.3494
603073.SH,20260107,22.1975,1.5575,2.6732,215296.0,94457.1259
301013.SZ,20260107,,9.4026,13.2341,721564.8139,584188.9365
920964.BJ,20260107,,2.0237,1.9245,177621.44,90003.017
300354.SZ,20260107,51.9113,7.8276,12.0845,644157.1761,378654.1223
600455.SH,20260107,41.9822,4.9142,5.4211,162453.258,162453.258
600525.SH,20260107,,1.4161,0.683,532787.1814,532787.1814
600810.SH,20260107,,1.3295,0.7344,993477.9181,984693.4741
300073.SZ,20260107,64.9833,2.2772,3.5031,3316381.3191,3082883.204
603477.SH,20260107,24.1338,2.9696,1.1388,883951.9547,883951.9547
603376.SH,20260107,54.1094,9.0671,5.5974,1526403.816,118439.4702
301119.SZ,20260107,50.3464,5.709,12.6918,582400.0,471016.0
000858.SZ,20260107,14.678,3.1501,5.077,41735049.2698,41733291.393
603162.SH,20260107,29.3801,2.6503,2.8158,1149126.2183,345635.977
300322.SZ,20260107,,13.2068,5.2209,1317089.232,1260953.2745
300371.SZ,20260107,34.5598,2.1534,5.4001,252326.4892,168550.6178
603180.SH,20260107,21.6157,1.1244,0.9113,312216.4514,312216.4514
603001.SH,20260107,,1.4331,1.6002,340833.0,340833.0
603161.SH,20260107,29.3862,1.8146,1.1957,271004.3408,265903.7575
688323.SH,20260107,,5.6824,11.2462,430200.5354,430200.5354
301602.SZ,20260107,67.894,7.4176,26.2174,965455.0041,131529.7447
002742.SZ,20260107,,,3.1649,299636.694,229494.5339
920599.BJ,20260107,11.674,3.0831,1.5458,1013854.8,764074.9664
688365.SH,20260107,,7.9136,14.1427,749877.2685,749877.2685
603173.SH,20260107,17.454,3.672,2.3928,695360.0,215300.84
000570.SZ,20260107,236.0617,1.1416,1.5568,392365.0339,308965.0339
003021.SZ,20260107,119.4595,8.6661,17.1426,2952526.7812,2543190.6129
688206.SH,20260107,5174.8697,8.1669,36.2559,1648018.5293,1648018.5293
600259.SH,20260107,200.5167,6.0009,2.4696,2097005.027,2097005.027
300647.SZ,20260107,,5.4157,3.9374,310063.6543,309603.373
300276.SZ,20260107,272.9461,6.6908,8.1953,1326787.7115,1001096.4858
300122.SZ,20260107,,1.5776,4.2409,4627195.581,2733853.9774
301387.SZ,20260107,151.9954,3.8034,4.0658,626392.5931,250471.6132
002419.SZ,20260107,317.476,1.623,0.5715,663905.522,663828.6506
300031.SZ,20260107,53.3166,2.3762,2.915,965211.132,811133.8611
600893.SH,20260107,469.1612,2.8544,2.5333,11358097.0481,11356096.5938
688029.SH,20260107,26.4997,3.9789,5.187,1620184.0148,1620184.0148
301116.SZ,20260107,,3.3699,0.2595,497020.4095,497017.9187
300885.SZ,20260107,116.1574,8.9988,27.9753,791107.9384,532452.6667
688199.SH,20260107,,1.6956,2.9784,435313.5777,435313.5777
603087.SH,20260107,46.1268,3.7848,11.0988,4270133.2234,3988130.9884
003020.SZ,20260107,32.2548,2.9776,3.5571,524332.2758,379706.5099
603992.SH,20260107,60.9319,5.3325,6.4758,1732557.368,1711093.368
001314.SZ,20260107,317.5407,3.0829,1.7053,637003.444,231366.0962
300662.SZ,20260107,17.8313,2.3797,0.3685,516813.4987,515440.7126
001308.SZ,20260107,19.1759,1.8814,0.9963,1492012.3426,1052949.0534
300749.SZ,20260107,,4.2757,2.6378,242510.2308,186041.5992
002228.SZ,20260107,53.2228,1.8098,0.5447,578784.945,576846.4552
000635.SZ,20260107,,2.5308,2.2317,390586.4204,300359.8136
603070.SH,20260107,56.9659,2.4464,2.678,526914.0,519577.8171
002923.SZ,20260107,,3.9784,3.5016,416607.2478,321057.5323
603810.SH,20260107,93.2389,1.7311,2.2944,265697.3946,265697.3946
300840.SZ,20260107,,3.6248,6.8426,463440.0,341951.3957
003008.SZ,20260107,25.6717,2.1759,10.127,224432.0,167996.6854
688198.SH,20260107,84.1459,12.1804,25.6636,1517433.4331,1517433.4331
601126.SH,20260107,32.9088,5.6399,3.3383,2667020.3835,2641098.3654
688125.SH,20260107,,7.4936,20.9261,1396805.0628,1389379.0299
002306.SZ,20260107,,,4.6136,177431.55,166039.56
920832.BJ,20260107,477.9145,1.4048,2.8478,104766.7181,92102.1367
600718.SH,20260107,,1.3473,1.0481,1274575.89,1274575.89
300530.SZ,20260107,,88.3116,37.5346,473038.1749,435338.9083
688115.SH,20260107,2247.4215,3.4634,17.163,428554.76,428554.76
600814.SH,20260107,30.2819,1.6072,3.4882,594678.5858,594678.5858
601212.SH,20260107,250.3428,2.8701,0.4899,4428055.1576,4428055.1576
603211.SH,20260107,96.3471,4.9323,4.7747,605860.032,605860.032
300317.SZ,20260107,,2.0779,5.6336,323773.478,323276.228
300118.SZ,20260107,,1.7667,1.1758,1858222.5967,1510726.5104
603518.SH,20260107,13.2538,0.9443,0.7963,342934.5201,341436.381
600691.SH,20260107,,2.0826,0.7177,753186.2788,753060.7468
001269.SZ,20260107,,5.1783,9.2088,452359.6387,452359.6387
000789.SZ,20260107,312.5346,0.6636,0.8116,427410.3744,427410.3744
600435.SH,20260107,116.4967,10.2521,6.7819,2997493.0585,2997493.0585
002184.SZ,20260107,,3.9487,1.7548,461703.7814,315367.4132
601988.SH,20260107,7.4727,0.679,2.7864,179150100.9686,117185626.2544
920834.BJ,20260107,42.8401,6.348,6.331,189720.0079,99281.1701
688372.SH,20260107,62.3086,5.9025,11.7958,1673874.6569,1673874.6569
300825.SZ,20260107,,2.6421,5.1128,557307.2982,542055.0138
600067.SH,20260107,,1.0638,0.5656,598417.5578,598417.5578
002039.SZ,20260107,17.3054,1.7756,2.9258,771314.8593,771312.6945
920273.BJ,20260107,39.7211,5.3172,4.611,345577.975,229978.1274
301186.SZ,20260107,29.3445,2.4375,4.9983,382371.3324,359060.6338
688721.SH,20260107,93.9184,5.6099,27.8718,676711.5,271113.1333
920579.BJ,20260107,578.2245,6.4782,7.6424,337036.44,116027.2153
300409.SZ,20260107,57.3054,3.0342,3.1884,2436705.4886,2141530.2348
000930.SZ,20260107,115.2553,1.0237,0.6001,1091588.1288,1091532.671
002346.SZ,20260107,15.8756,3.1534,10.7667,909645.357,810249.5577
600351.SH,20260107,20.5256,1.6672,2.0122,457412.0304,457412.0304
300723.SZ,20260107,,9.1302,15.6045,1598540.6989,1478124.1854
002178.SZ,20260107,,10.5499,10.2542,460050.8386,459811.9201
003035.SZ,20260107,135.0281,2.5691,5.0903,1784090.9087,1784090.9087
600803.SH,20260107,14.038,2.6821,0.4675,6215854.8272,6164955.5009
605055.SH,20260107,,4.2558,2.8904,444400.0,444400.0
603338.SH,20260107,16.4694,2.6124,3.4813,2903398.7382,2903398.7382
605111.SH,20260107,35.3741,3.626,8.3174,1545452.4818,1545452.4818
301029.SZ,20260107,35.015,4.0627,6.0759,1728202.3902,1258625.0955
688611.SH,20260107,217.2428,10.2973,21.5095,895181.7056,895181.7056
003022.SZ,20260107,94.2027,3.6834,4.6306,2717880.88,2715568.7639
603257.SH,20260107,44.2737,3.0079,3.1789,735120.0,152537.4
000558.SZ,20260107,,6.3924,13.2603,670396.4535,670115.9962
300334.SZ,20260107,87.2389,3.4865,8.835,211747.8146,211722.8625
688518.SH,20260107,53.6385,2.9962,3.001,959464.842,959464.842
301016.SZ,20260107,82.2819,5.4228,14.2714,541632.0,513732.3918
600661.SH,20260107,,21.595,2.1591,290560.5136,290560.5136
603466.SH,20260107,172.6654,2.8176,3.3939,593596.447,593596.447
300294.SZ,20260107,35.5786,1.5179,5.9291,1164310.336,1164310.336
002595.SZ,20260107,29.058,6.0804,6.5789,6924000.0,6876954.5445
688285.SH,20260107,58.21,2.0129,2.8175,337155.762,337155.762
600973.SH,20260107,,2.9959,0.2205,1071037.0397,1071037.0397
600645.SH,20260107,167.4062,3.3717,8.5008,1251295.3319,1250817.4212
300628.SZ,20260107,17.9741,5.266,7.8621,4567831.5785,2616863.9121
603324.SH,20260107,65.4082,2.3007,3.0023,386772.82,386772.82
002975.SZ,20260107,104.0233,5.8575,8.619,1315282.7756,868572.9309
301456.SZ,20260107,69.6904,2.1392,7.7098,470901.6297,189365.2128
605378.SH,20260107,66.2922,4.8037,4.3623,600312.6808,600312.6808
920304.BJ,20260107,38.9533,4.3369,3.3421,223632.864,108626.1608
603090.SH,20260107,88.8734,9.5633,7.8385,586300.0,586300.0
600217.SH,20260107,,2.238,1.9253,687926.2743,687926.2743
002490.SZ,20260107,,12.3389,3.9738,614343.268,417125.94
300383.SZ,20260107,153.6028,1.9764,3.632,2518427.5786,2512769.3375
688047.SH,20260107,,21.5361,100.5926,5504126.0,5504126.0
605003.SH,20260107,51.7067,2.3436,6.255,337040.0,337040.0
002550.SZ,20260107,24.156,3.7731,6.7676,1037917.8,763345.786
600834.SH,20260107,112.9928,2.35,7.0648,402910.3278,402910.3278
920665.BJ,20260107,41.6769,2.5567,5.7815,184585.8,90981.7686
688676.SH,20260107,60.8747,8.4722,5.4752,3995066.3388,3995066.3388
300613.SZ,20260107,71.6577,4.0094,6.776,1103601.8268,1040930.7734
601022.SH,20260107,17.7939,2.0151,2.0179,1213103.1006,1213103.1006
600883.SH,20260107,52.6924,1.9328,33.6621,189578.664,189578.664
001390.SZ,20260107,29.3001,3.1298,5.1269,496800.0,124200.0
600368.SH,20260107,9.9325,0.887,4.0964,635813.2739,635813.2739
003023.SZ,20260107,28.9857,1.5326,2.0258,237229.2832,236689.9607
920476.BJ,20260107,51.0997,4.2573,5.1822,183221.7498,173264.6482
300165.SZ,20260107,,1.8819,3.4473,240323.1866,203959.3193
002868.SZ,20260107,,,10.3329,606588.0118,601224.4351
002527.SZ,20260107,,8.7005,2.9058,1088746.6398,869078.2986
002133.SZ,20260107,,0.9102,0.5082,263983.1637,262525.7385
920395.BJ,20260107,32.2529,7.5694,10.0521,179593.3736,121542.8155
001338.SZ,20260107,18.3571,1.6403,1.457,610606.425,610606.425
002457.SZ,20260107,18.1494,1.5131,1.4049,373171.7292,372986.9252
000510.SZ,20260107,,7.0932,4.9125,875533.8452,818997.503
601231.SH,20260107,41.8339,3.3881,1.1226,6771931.1131,6771931.1131
600207.SH,20260107,,2.2182,1.5909,530495.2138,530495.2138
600226.SH,20260107,85.9289,4.5353,9.7076,1638884.0544,1638884.0544
688161.SH,20260107,44.0374,2.9135,7.9637,1175200.0,1175200.0
002051.SZ,20260107,37.7213,0.9281,1.0017,1074070.9573,1074009.1384
301369.SZ,20260107,482.4896,6.3325,29.6007,944510.5514,486651.3554
688363.SH,20260107,332.5036,3.0437,4.6117,2148766.6376,2148766.6376
600877.SH,20260107,1043.5254,8.2896,21.2824,2048422.9212,2048422.9212
300841.SZ,20260107,51.8829,2.6907,7.7878,943544.4336,863545.4658
002801.SZ,20260107,29.0495,4.412,5.4237,811289.856,409130.9391
920806.BJ,20260107,44.8329,2.8763,2.1811,429451.9605,429451.9605
300839.SZ,20260107,,4.7777,1.2853,359855.5615,353420.6495
002731.SZ,20260107,11.7394,1.7187,0.7151,321475.78,288218.782
300883.SZ,20260107,,1.6209,2.5945,230436.0,220229.267
002102.SZ,20260107,,2.5473,0.834,844188.7354,740953.4385
603131.SH,20260107,,6.7318,9.7045,957234.4562,957234.4562
920570.BJ,20260107,,5.0875,14.2781,174590.9771,84707.8075
000975.SZ,20260107,23.8649,4.8069,4.1996,6933475.4957,6310998.8052
002037.SZ,20260107,,2.4409,0.6684,458237.737,458237.737
600289.SH,20260107,,3.9746,13.8689,444260.6566,398409.5695
300395.SZ,20260107,123.6502,11.2298,28.2377,5110389.1803,5006294.9413
601607.SH,20260107,11.7056,0.8772,0.2354,6608300.7436,4970367.7739
002458.SZ,20260107,40.9957,2.292,3.1925,963685.649,652264.6464
600882.SH,20260107,61.4011,2.7169,2.4119,1255752.0789,1255752.0789
001283.SZ,20260107,37.7074,2.0625,1.246,712194.2954,568246.6013
000718.SZ,20260107,,0.7673,4.5964,710104.9139,534009.7905
002141.SZ,20260107,,4.6443,2.9135,386317.9885,381095.1073
920174.BJ,20260107,57.867,5.2949,5.7125,445003.1018,430131.7525
600500.SH,20260107,,1.2803,0.2957,1453352.0552,1453264.0527
300542.SZ,20260107,,10.8432,4.4139,586968.7614,486906.6455
000423.SZ,20260107,19.2483,3.2484,5.0826,3231475.7028,3226664.7505
300015.SZ,20260107,32.6198,4.6806,4.7373,10500396.6504,8957733.0213
300699.SZ,20260107,58.2095,5.7018,12.429,3149161.376,3111626.2696
600460.SH,20260107,91.3298,4.1304,3.8623,4932308.9486,4932308.9486
002389.SZ,20260107,276.2188,3.0448,8.69,2432742.5719,2432352.3242
688625.SH,20260107,34.9301,6.6819,10.0483,978515.6614,978515.6614
000650.SZ,20260107,19.0171,1.3334,2.2539,846962.6316,805488.4296
605058.SH,20260107,29.4492,2.499,3.2136,435775.1236,435775.1236
600686.SH,20260107,38.6623,3.9124,0.5104,1270608.0229,1270608.0229
000623.SZ,20260107,9.5708,0.8102,10.4962,2457565.0203,2447553.0726
300045.SZ,20260107,,11.6657,28.1969,1873382.8922,1459617.3486
000518.SZ,20260107,,6.9686,7.3175,250182.1619,250177.1734
600167.SH,20260107,23.3136,1.4924,4.8048,1617930.931,1617930.931
603299.SH,20260107,15.7832,1.3423,1.7751,826212.7195,822194.6587
002108.SZ,20260107,52.3797,1.6289,2.8553,817704.7102,817159.1102
300079.SZ,20260107,291.0216,1.8426,10.216,777185.2938,698406.4125
600025.SH,20260107,19.6681,2.4652,6.4876,16935664.6796,16362000.0
688132.SH,20260107,,2.0574,11.1988,283747.7803,202236.0184
688259.SH,20260107,58.3101,3.0467,10.5537,479974.9,479974.9
301316.SZ,20260107,186.7999,17.2199,8.7897,1895972.0,1877246.93
601116.SH,20260107,59.0128,2.4952,2.061,802348.856,802348.856
605016.SH,20260107,26.2161,4.6263,6.6063,858925.1944,858925.1944
600148.SH,20260107,295.5676,5.8857,3.8188,279494.9888,279494.9888
002352.SZ,20260107,18.0484,1.9956,0.6474,19603384.291,18563152.6419
688312.SH,20260107,41.184,3.4524,8.6661,510345.0272,510345.0272
300577.SZ,20260107,15.145,2.3882,1.0378,512050.3873,298144.3787
000912.SZ,20260107,,1.0488,1.5112,661696.0,661696.0
600094.SH,20260107,,0.9544,4.2603,978803.9689,895142.809
002778.SZ,20260107,,8.2238,11.5773,259736.3706,256978.6367
300894.SZ,20260107,,4.567,5.2547,494039.0275,357590.6947
000011.SZ,20260107,,1.57,1.7011,532805.3082,470669.1354
600941.SH,20260107,15.1958,1.5885,2.0792,217064191.7608,9054761.706
002918.SZ,20260107,97.7522,1.9375,1.5732,634876.3066,330927.1083
002592.SZ,20260107,24.277,2.9472,4.0071,272564.573,252733.1479
002396.SZ,20260107,35.8592,2.5254,0.9158,1743614.3067,1736425.3876
300304.SZ,20260107,24.6053,3.1183,4.6385,1045869.1681,1018942.7614
300935.SZ,20260107,,3.5632,21.4761,282534.9288,214393.3908
920932.BJ,20260107,182.2945,3.2862,5.9396,229242.3616,188905.4057
301107.SZ,20260107,36.2834,3.073,4.0847,292096.4782,169912.6058
300877.SZ,20260107,38.4898,2.1267,3.4352,354720.0,354716.8962
600822.SH,20260107,222.2326,4.44,2.5003,544082.2867,434574.2551
000637.SZ,20260107,,3.9354,0.681,218347.6495,153125.7231
688513.SH,20260107,43.7357,3.6834,7.9436,1055662.8909,1055662.8909
301508.SZ,20260107,48.895,3.6377,8.3301,728446.5144,189570.8808
000750.SZ,20260107,29.054,1.2266,7.0479,2758827.3741,2503960.1181
300190.SZ,20260107,,1.2231,1.9079,356526.3324,355309.3058
301458.SZ,20260107,69.0183,5.3662,11.8807,887466.7776,214826.7796
600678.SH,20260107,269.1524,18.1706,9.3929,512317.32,512317.32
300973.SZ,20260107,23.5892,3.0466,1.7305,737647.3095,507588.4365
603908.SH,20260107,77.6097,4.0745,2.0829,217172.136,217172.136
300287.SZ,20260107,,6.6621,15.7232,716201.6302,657792.762
603169.SH,20260107,208.8201,4.4716,2.1772,1480028.6071,1480028.6071
920523.BJ,20260107,17.6336,4.0675,5.2319,274931.9155,218298.4405
002199.SZ,20260107,,11.7059,9.4099,223236.6469,223236.6469
002758.SZ,20260107,11.7619,1.0757,0.1161,514652.079,514059.6814
688307.SH,20260107,73.5849,4.6524,6.8682,407650.208,270575.8946
603341.SH,20260107,39.089,3.9204,0.5276,2257591.4112,1277821.5888
300784.SZ,20260107,44.254,3.5276,5.4169,282312.752,84982.827
688553.SH,20260107,175.2398,2.2185,8.4093,827714.4,671276.6227
300109.SZ,20260107,34.6388,2.229,5.7346,829687.3585,767848.0812
000070.SZ,20260107,,7.1657,2.6651,1080413.712,1066414.6224
300566.SZ,20260107,26.5313,2.3621,2.3034,498471.5295,431330.1451
600227.SH,20260107,,1.7208,1.836,412049.5551,311734.3519
688177.SH,20260107,,21.0391,12.0503,1018636.8,1018636.8
601186.SH,20260107,4.9592,0.3877,0.102,10578462.8285,8961028.2445
600506.SH,20260107,97.3418,10.9469,2.1873,525171.7845,525171.7845
600892.SH,20260107,,264.4048,7.8596,199728.7151,199677.0744
002290.SZ,20260107,79.1144,13.0237,4.8421,1235599.4034,1232004.4659
600787.SH,20260107,26.6395,0.8865,0.1937,1232605.2026,1232605.2026
600985.SH,20260107,17.6682,0.7625,0.7716,3156499.2069,3156499.2069
002581.SZ,20260107,,2.6293,19.0694,491503.0116,298589.4149
002803.SZ,20260107,29.8292,3.0617,1.1755,784155.6064,502748.8973
603077.SH,20260107,,1.1332,2.6862,2057746.3101,2057746.3101
000919.SZ,20260107,127.7036,1.2628,1.3916,478881.8866,478760.3806
603629.SH,20260107,39.1621,3.8746,2.2853,735713.52,718979.248
300581.SZ,20260107,,9.6617,61.2034,923083.8182,923083.8182
603733.SH,20260107,17.9861,2.0945,1.4372,1735339.4638,1735339.4638
000972.SZ,20260107,,,8.5908,313141.1331,313141.1331
000856.SZ,20260107,121.8471,5.4441,0.8681,228362.0,228362.0
603896.SH,20260107,29.2755,1.7287,5.9646,387566.846,387566.846
002430.SZ,20260107,30.9574,3.0715,2.1019,3109210.3054,3107985.9015
920152.BJ,20260107,,8.0086,4.2969,287818.2945,212386.7666
688376.SH,20260107,45.5467,4.3197,4.1826,839483.3184,839483.3184
002971.SZ,20260107,89.8102,4.0595,4.1162,647335.035,492190.8971
301299.SZ,20260107,49.4761,5.8527,9.8631,333421.4523,333421.4523
301386.SZ,20260107,35.1067,2.2949,6.3533,340340.0,104340.9607
301587.SZ,20260107,77.488,1.8065,5.4577,357417.825,178197.075
688221.SH,20260107,,9.1744,63.7725,900487.0818,900487.0818
603931.SH,20260107,54.2668,4.292,11.0654,692467.5786,692467.5786
688567.SH,20260107,,2.0904,2.2269,2011582.9947,2011582.9947
688530.SH,20260107,,3.3189,5.3872,274156.7835,116104.0635
301363.SZ,20260107,75.2628,6.4657,14.4857,2364228.6241,1551031.7012
920533.BJ,20260107,148.3986,11.3162,5.759,399202.1224,220456.8247
600301.SH,20260107,41.3108,5.622,4.719,2526474.5111,1099690.7099
600170.SH,20260107,11.8334,0.7602,0.0982,2399203.7309,2399203.7309
603589.SH,20260107,16.6888,1.7315,3.7571,1813498.2391,1813498.2391
002442.SZ,20260107,34.852,1.7291,0.7089,317072.4215,310315.7503
688169.SH,20260107,26.631,2.9848,2.4151,4106835.9328,4106835.9328
600149.SH,20260107,119.5099,8.2471,9.2426,192360.96,192360.96
300478.SZ,20260107,,70.8572,8.1437,363931.529,363931.529
002209.SZ,20260107,25.3702,4.0512,1.7551,332577.5426,261198.8943
601019.SH,20260107,11.7447,1.1755,1.5674,1813516.1,1813516.1
300237.SZ,20260107,,,1.9988,366246.3922,366242.9632
002212.SZ,20260107,639.8662,1.157,4.4124,1076841.3915,1065333.9888
002347.SZ,20260107,,5.6046,5.5314,641476.5928,627089.6672
688322.SH,20260107,354.6496,12.5571,40.3051,3738664.3168,2970063.9734
688225.SH,20260107,,4.5105,1.0861,801220.03,801220.03
300692.SZ,20260107,56.9209,1.6254,4.0467,395909.8657,353620.1612
300768.SZ,20260107,76.4065,3.6532,10.2856,1240658.5582,810626.6752
600865.SH,20260107,248.0967,2.7202,33.8441,624935.1649,624935.1649
601898.SH,20260107,10.5107,1.1647,1.1325,18071558.2142,12474176.5452
600503.SH,20260107,,1.2216,16.7435,434220.59,434220.59
688008.SH,20260107,75.3007,12.8941,30.3508,15557007.89,15557007.89
603181.SH,20260107,19.1955,2.5857,3.5508,863034.2,863034.2
688669.SH,20260107,,2.3166,0.787,303090.6683,303090.6683
300242.SZ,20260107,,11.7667,1.4504,310932.0598,310931.8902
002366.SZ,20260107,,3.66,16.0833,1670992.9249,1008940.9052
600031.SH,20260107,24.2394,2.3603,2.3336,19980744.6416,18414849.5504
603033.SH,20260107,,3.8515,2.3167,1120874.7832,1100621.2166
603499.SH,20260107,48.3564,7.0703,5.9405,618200.3388,618200.3388
603201.SH,20260107,12.6494,1.8767,1.0902,324485.3652,321709.8993
002541.SZ,20260107,20.9688,1.343,0.5967,1285501.9355,924269.3989
002478.SZ,20260107,12.356,1.2873,1.3209,760278.7684,609979.0037
300638.SZ,20260107,79.5812,4.1898,3.603,2643841.5814,1559519.131
600660.SH,20260107,18.5408,5.0839,3.8067,16840675.012,12925270.8004
600016.SH,20260107,5.5536,0.3,1.1776,16856231.1233,13652917.437
601619.SH,20260107,20.5674,1.7635,5.6129,1386467.4511,1158897.7302
300162.SZ,20260107,,3.8014,2.8969,339803.1243,277151.0418
301079.SZ,20260107,,9.521,16.8505,450216.9231,287347.6475
601595.SH,20260107,104.1722,7.4371,14.9027,1271543.4,1271543.4
600398.SH,20260107,13.8628,1.6265,1.3756,2929689.8806,2929689.8806
920885.BJ,20260107,137.32,10.5644,22.411,421925.153,215377.0717
000883.SZ,20260107,19.1507,0.8583,1.7831,3235280.1469,2961170.5525
600408.SH,20260107,,3.3744,0.8631,458094.0,458094.0
688096.SH,20260107,,2.2804,3.9098,204886.5427,204886.5427
603269.SH,20260107,40.269,4.4889,2.4913,427621.1987,427621.1987
301251.SZ,20260107,93.1145,4.6577,5.2036,731224.5886,293128.6105
600055.SH,20260107,801.2501,2.4651,7.1271,1154426.2572,1154426.2572
001322.SZ,20260107,123.8368,1.7647,1.2312,833694.4715,677198.2336
002669.SZ,20260107,,1.7326,1.0066,470270.0,469212.59
002510.SZ,20260107,126.2767,2.8756,3.1085,718718.2053,711431.6378
002041.SZ,20260107,163.5349,2.3487,7.2048,850960.0,850960.0
002370.SZ,20260107,41.569,5.0014,17.1667,560741.9826,560741.9826
603339.SH,20260107,27.2196,1.6312,2.5567,424862.7333,424862.7333
603508.SH,20260107,16.9524,2.7205,6.695,1046216.8905,1046216.8905
000878.SZ,20260107,32.0891,2.7099,0.2224,4151517.8583,4151445.0627
600320.SH,20260107,42.855,1.7269,0.7625,2676323.5785,1687574.8118
688552.SH,20260107,706.4345,4.8775,17.6401,1264680.0,325603.3163
603116.SH,20260107,,1.3682,1.8068,357244.496,357244.496
000060.SZ,20260107,24.7907,1.4679,0.4449,2784615.1312,2784579.8624
688120.SH,20260107,56.2415,8.5307,14.8332,6153544.6434,6153544.6434
300873.SZ,20260107,18.3985,1.6368,2.8934,514703.1707,372386.1769
300641.SZ,20260107,9.3075,3.0621,3.4829,967883.7791,967883.7791
300232.SZ,20260107,80.1656,1.6952,0.9884,788399.1845,640440.9394
002367.SZ,20260107,16.1575,1.7703,1.4984,640589.6012,638050.3345
300913.SZ,20260107,92.938,7.435,9.314,1871584.9152,1396579.892
603858.SH,20260107,10339.0386,1.6258,1.5684,1718946.5605,1718946.5605
002124.SZ,20260107,16.2808,1.5584,0.6654,613253.7376,544369.8828
000582.SZ,20260107,21.0955,1.2345,3.0162,2303311.43,1953149.9482
002422.SZ,20260107,30.222,2.1414,2.7507,5033868.1218,4113536.1908
300505.SZ,20260107,17.5979,2.3548,1.7073,651161.162,514928.7349
002053.SZ,20260107,32.791,1.4743,3.9089,1091985.1443,1091977.4057
603237.SH,20260107,31.0745,1.8774,1.5137,331278.9347,329495.7114
688729.SH,20260107,125.1318,9.0567,15.6135,7962278.64,538228.0422
300440.SZ,20260107,106.6333,3.2834,5.2376,526101.3702,524072.4133
301199.SZ,20260107,36.8136,2.2621,4.1289,432714.968,166202.918
000632.SZ,20260107,,3.1247,0.4863,275122.0659,275099.6291
001386.SZ,20260107,22.2161,2.3331,4.1128,2781773.76,227820.8829
000504.SZ,20260107,,11.8076,22.8048,286130.026,285349.1191
002001.SZ,20260107,11.0391,2.5158,3.5371,7947868.4645,7853324.9458
688131.SH,20260107,56.1077,5.5126,6.1052,1654620.5971,1654620.5971
300905.SZ,20260107,43.6931,3.2079,4.3189,608613.7412,473314.6468
605366.SH,20260107,,2.0612,2.8527,416751.7453,416751.7453
688558.SH,20260107,26.5819,2.3552,3.2686,395340.0,395340.0
603007.SH,20260107,,10.95,24.6979,521753.1801,297399.3129
300189.SZ,20260107,,10.002,37.9216,730112.0,631889.1728
002266.SZ,20260107,24.5162,1.9515,1.0506,2291260.1455,2149695.6601
300623.SZ,20260107,48.4737,4.0036,7.0722,2362274.89,2178657.7104
603062.SH,20260107,22.1083,2.5582,2.4945,522288.0,179285.5116
300585.SZ,20260107,,4.4313,7.1164,315699.9998,315699.9998
600380.SH,20260107,15.7875,1.4509,1.4192,2156925.5421,2156925.5421
603191.SH,20260107,55.9401,2.0683,1.3948,516809.5479,513208.1679
300633.SZ,20260107,185.4409,3.9787,5.9809,1241019.1775,1241019.1775
002500.SZ,20260107,24.3176,1.2098,6.4291,2214889.0445,2214889.0445
002312.SZ,20260107,39.3577,2.2304,2.2542,2144437.7012,2140018.6089
688592.SH,20260107,,3.8945,7.8966,360302.6295,172500.4995
920415.BJ,20260107,155.1241,3.7589,11.9166,201493.4724,155120.4276
301320.SZ,20260107,151.7677,2.9768,3.4469,315605.34,118270.0277
601330.SH,20260107,13.8629,1.2016,2.8558,981380.8641,678518.8668
603365.SH,20260107,13.6178,1.7635,1.1814,529980.0297,524540.8437
603281.SH,20260107,23.5724,2.3438,5.6854,1101333.3353,742497.0522
300005.SZ,20260107,259.8853,4.6997,6.858,985327.9374,984895.4289
002938.SZ,20260107,30.748,3.8157,3.2367,12464160.313,12417558.6552
002659.SZ,20260107,,1.6721,10.5196,361959.6323,361957.9311
002883.SZ,20260107,,2.589,5.6046,167868.9535,164824.4277
300713.SZ,20260107,,5.4679,7.2312,279031.184,156653.2317
603610.SH,20260107,44.6635,2.1503,2.2921,678449.8956,678449.8956
301512.SZ,20260107,66.2846,2.4421,4.1747,246293.6412,114588.2812
920748.BJ,20260107,,13.9838,20.9263,345176.52,280439.3924
688139.SH,20260107,39.8025,2.4044,4.5005,1018474.223,1018474.223
002521.SZ,20260107,42.7845,1.1892,1.3756,463170.4884,346023.2795
603358.SH,20260107,57.9118,6.318,4.673,2421525.5568,2315864.0837
300731.SZ,20260107,220.6554,11.9898,6.1655,742281.1213,705572.0186
000910.SZ,20260107,54.2973,0.6316,0.8516,424233.0625,424067.9875
002933.SZ,20260107,133.5859,2.7125,10.2724,415066.95,403532.9592
600867.SH,20260107,13.4683,2.3162,6.0227,1651051.6048,1651051.6048
600389.SH,20260107,22.6637,2.7769,1.9161,1083515.4,1083515.4
002172.SZ,20260107,73.6605,17.7143,1.6554,309355.8734,309169.8799
300985.SZ,20260107,,3.4302,2.4928,346167.1629,344308.2564
600495.SH,20260107,150.4791,1.804,4.4918,589597.1524,589597.1524
301263.SZ,20260107,524.3422,7.0418,18.1052,1221177.825,871291.9779
301103.SZ,20260107,297.1084,1.6525,2.9059,315578.8626,315578.8626
300201.SZ,20260107,26.3431,4.1667,3.7419,703303.3941,699593.6172
605218.SH,20260107,81.9175,3.033,1.823,400552.5717,400552.5717
600579.SH,20260107,,2.5258,1.1495,414131.0368,414131.0368
603559.SH,20260107,,2.8673,6.516,272868.3457,272868.3457
002658.SZ,20260107,28.0221,2.2438,3.9575,582992.7673,328800.8946
603867.SH,20260107,23.9822,1.8962,1.8687,555678.6284,551079.6284
688658.SH,20260107,,3.6896,4.9659,1265400.0,1265400.0
601279.SH,20260107,,1.916,1.8515,808750.8524,808750.8524
600908.SH,20260107,5.6125,0.5889,2.6746,1301446.2451,1185592.4103
001335.SZ,20260107,44.9587,4.8133,3.3358,462510.989,115627.7473
301252.SZ,20260107,46.5768,4.0914,4.4036,533567.8123,149075.2273
300180.SZ,20260107,277.4166,2.502,2.8861,1179910.3039,1147466.1481
605339.SH,20260107,106.0075,2.4865,2.7135,847308.3602,847308.3602
601000.SH,20260107,12.9437,1.1023,4.177,2311112.1595,2311112.1595
002262.SZ,20260107,19.9769,3.0309,4.0779,2456171.9577,2137290.695
600138.SH,20260107,56.2824,1.1313,0.6599,721668.48,721668.48
300324.SZ,20260107,,3.9213,3.8373,1081471.7125,1070454.2708
920592.BJ,20260107,402.2759,9.5049,16.361,327138.955,203606.8438
603843.SH,20260107,,15.5285,3.6523,434466.0302,434466.0302
300850.SZ,20260107,23.7476,2.6491,3.9524,1817422.7298,1320152.8
300082.SZ,20260107,,2.5937,1.6009,710022.5208,708049.1134
002708.SZ,20260107,99.3219,4.3654,2.9647,739158.8266,675903.5854
600733.SH,20260107,,22.2462,2.3124,4642728.1398,4074796.0302
600119.SH,20260107,,23.8731,12.6759,284910.8886,284910.8886
301321.SZ,20260107,,3.7647,1.1846,365785.47,289524.6902
688002.SH,20260107,58.1725,7.6717,8.7765,4609286.3542,4609286.3542
000860.SZ,20260107,,1.5718,1.4289,1097073.3767,1097073.3767
300257.SZ,20260107,34.9784,2.1393,3.0967,1413942.6306,1358524.1546
301628.SZ,20260107,54.6604,6.1617,7.7296,706798.8766,305913.3726
600517.SH,20260107,15.1545,1.5408,4.6691,3568303.9043,3568303.9043
000572.SZ,20260107,,7.4436,6.3119,1251568.3202,1249754.584
001256.SZ,20260107,33.7306,2.5439,5.951,307472.675,230503.475
300493.SZ,20260107,235.2847,9.1609,3.7804,1066156.0978,1053603.2978
002127.SZ,20260107,,1.883,2.6697,785558.529,638314.559
603333.SH,20260107,,2.4607,3.4268,507788.0378,507788.0378
600821.SH,20260107,16.6871,1.0883,2.8444,1030587.9417,1030587.9417
600236.SH,20260107,24.5595,3.5767,6.5082,6234960.8414,6234960.8414
688667.SH,20260107,46.7872,2.2221,3.0749,385994.2225,385994.2225
920978.BJ,20260107,37.8448,9.0779,6.1316,655483.652,367504.1457
002745.SZ,20260107,63.1944,1.045,0.823,1390663.9159,997601.4392
603871.SH,20260107,17.7292,3.4238,2.144,1882379.9134,1882379.9134
300363.SZ,20260107,,2.5849,3.9438,1353171.0182,1242152.3987
600620.SH,20260107,78.6909,3.2955,10.0094,488914.1045,488914.1045
600056.SH,20260107,28.9214,1.3251,0.4627,1570673.7354,1570119.0519
002431.SZ,20260107,,4.0251,1.7018,448798.7865,448798.7865
301246.SZ,20260107,641.2417,2.1036,5.1656,912015.504,364897.47
603699.SH,20260107,28.788,11.1359,5.6189,4149840.3056,4056821.7375
002293.SZ,20260107,15.9303,2.0343,1.7175,814664.1039,807571.6584
600098.SH,20260107,10.1197,0.8587,0.4641,2331400.2124,2331400.2124
688693.SH,20260107,,3.3583,12.758,284126.3176,150015.4204
300654.SZ,20260107,97.2626,4.2457,6.914,362463.6035,348738.9187
300288.SZ,20260107,,4.2542,15.1667,462979.7207,351500.0657
002437.SZ,20260107,23.917,3.2758,3.1174,700856.8316,659157.6862
002783.SZ,20260107,28.282,1.8481,1.3144,484376.9176,442073.9459
002732.SZ,20260107,35.8278,1.7843,1.6696,268439.1,266986.9716
002752.SZ,20260107,23.2546,1.992,0.9558,688727.5199,688621.7699
603997.SH,20260107,83.1341,3.4702,0.8369,1797710.2528,1797710.2528
301526.SZ,20260107,362.8524,3.3706,3.3004,2767824.4872,1030824.4055
000998.SZ,20260107,,2.4379,1.6391,1397445.106,1250613.0692
300135.SZ,20260107,716.1675,3.9386,2.7408,372326.4,372326.4
600410.SH,20260107,34.4665,4.3343,4.6041,2055927.5306,2055927.5306
600654.SH,20260107,53.546,6.4055,3.2835,1107859.3799,892196.9853
601566.SH,20260107,22.1801,1.9108,2.5592,779207.9754,779207.9754
688023.SH,20260107,,2.3898,2.5798,542478.3717,542478.3717
603496.SH,20260107,,6.392,9.1266,889861.4863,889861.4863
300177.SZ,20260107,,5.2691,6.8325,795516.7316,648138.1753
603966.SH,20260107,23.3666,2.4876,1.9515,501926.7714,500732.1692
002739.SZ,20260107,,3.1238,1.9501,2398980.6123,2369076.4449
300572.SZ,20260107,,3.7892,14.9926,671166.208,538123.103
002125.SZ,20260107,39.9738,2.9891,4.7228,912126.4355,912126.4355
600180.SH,20260107,243.7682,0.497,0.1567,391185.887,391185.887
689009.SH,20260107,21.0609,5.844,1.8473,4005065.8248,3075190.8472
002469.SZ,20260107,20.7035,2.1323,1.9961,559319.5871,542107.4133
600999.SH,20260107,12.5839,1.2952,6.1299,15236314.9641,13003353.2365
002936.SZ,20260107,9.2316,0.3856,1.3331,1763865.7235,1363683.5965
300430.SZ,20260107,101.0756,2.9303,8.423,670329.8842,637942.0831
301062.SZ,20260107,,2.508,3.0151,360951.4511,260193.7488
300463.SZ,20260107,,1.0906,3.1232,689924.618,561143.9826
601177.SH,20260107,27.0501,2.5096,2.9318,700493.075,686903.02
600671.SH,20260107,64.2504,31.9842,8.467,212991.2699,212889.2122
603985.SH,20260107,,2.1081,1.7928,678921.3246,678921.3246
000403.SZ,20260107,23.7697,1.6578,5.5846,1330556.3404,1316994.1848
300620.SZ,20260107,305.8735,18.6313,30.7452,3868777.1417,3836593.9173
601880.SH,20260107,25.4802,0.9455,3.3082,3818626.2885,2982914.2967
920670.BJ,20260107,395.4316,7.3712,17.5831,178917.344,112302.5894
300836.SZ,20260107,86.7149,9.1166,8.5435,519780.9009,354480.7659
300348.SZ,20260107,3738.7878,5.6716,6.7053,1200336.536,1049563.3342
002210.SZ,20260107,972.7891,9.4668,48.6627,902157.9104,900471.0125
300381.SZ,20260107,503.3452,1.2633,3.9362,327046.933,325900.9555
002748.SZ,20260107,70.3163,2.2073,1.49,303120.0,303120.0
300918.SZ,20260107,50.2519,2.4417,5.497,922683.0604,922683.0604
002395.SZ,20260107,8.117,3.0886,1.786,464269.779,464230.7986
300843.SZ,20260107,69.4692,5.1743,5.0967,819506.5442,786393.6363
300684.SZ,20260107,46.2387,7.0865,8.3932,1484367.7092,1012525.8266
603667.SH,20260107,302.1709,9.2819,8.0187,2768492.9412,2768492.9412
688779.SH,20260107,,2.2821,2.2431,1529870.9398,1529870.9398
300267.SZ,20260107,,1.6152,5.5886,721911.7045,497837.1619
300553.SZ,20260107,118.1947,5.1741,12.9886,440312.6214,334157.0037
601933.SH,20260107,,12.0976,0.8051,4464918.2006,4464918.2006
920942.BJ,20260107,68.8199,3.9632,10.9822,198147.8601,133686.9933
601658.SH,20260107,7.4764,0.6433,1.8447,65211614.0462,36447460.5936
002819.SZ,20260107,,2.2007,2.9307,884748.6253,694189.1138
688718.SH,20260107,63.9153,3.0174,6.1261,228834.5303,228834.5303
603306.SH,20260107,85.5827,7.0015,8.8386,2172026.5113,2172026.5113
002424.SZ,20260107,2694.0671,1.8332,1.898,598172.1152,519255.8111
301381.SZ,20260107,37.0012,3.1756,0.7248,845244.929,409505.879
000069.SZ,20260107,,0.4484,0.4887,2057666.0616,1766042.0559
601360.SH,20260107,,2.678,9.3503,7860503.4981,7860503.4981
600109.SH,20260107,14.3909,1.0224,4.1813,3564561.0434,3564561.0434
001203.SZ,20260107,65.8709,6.7116,11.5181,4481194.1115,3844669.8167
000955.SZ,20260107,,4.8996,6.8623,317653.05,317485.7703
600527.SH,20260107,134.5404,1.8199,7.0357,375792.1157,375792.1157
002719.SZ,20260107,,7.5849,2.3435,145754.7255,135477.7365
688772.SH,20260107,44.5204,3.429,1.8324,2445268.7182,2445268.7182
301209.SZ,20260107,210.6408,16.4919,23.7754,1258880.0,1075476.92
000008.SZ,20260107,,2.8079,3.8662,823062.4379,823037.9765
300134.SZ,20260107,,2.5868,4.1804,985467.4397,914744.7197
301138.SZ,20260107,40.4937,4.0676,6.4367,477960.0,273075.0376
603323.SH,20260107,5.0301,0.5455,2.4404,1019363.4257,1019363.4257
300528.SZ,20260107,,14.2788,10.5055,754531.3094,754531.3094
000691.SZ,20260107,,,8.8484,395682.48,263788.32
002551.SZ,20260107,,1.2232,2.6442,317060.4668,229195.0208
301361.SZ,20260107,40.774,3.3579,14.2257,402871.568,105427.572
000096.SZ,20260107,90.2661,1.9613,3.7091,548064.0,530260.224
300698.SZ,20260107,143.1612,11.8923,8.3588,612246.0,541636.4136
688602.SH,20260107,,1.7068,6.3752,476266.875,238049.6796
600712.SH,20260107,,4.647,6.3715,370365.6448,366280.8923
300167.SZ,20260107,153.7424,72.2166,4.3865,207536.342,191290.1023
600773.SH,20260107,267.1843,2.7794,7.3041,1312238.2868,1312238.2868
920790.BJ,20260107,423.2614,8.6593,14.2045,270619.9775,186253.8791
605398.SH,20260107,702.8864,4.5675,8.9905,470413.0517,470413.0517
603855.SH,20260107,15.1121,3.181,1.7384,665571.692,661670.09
002824.SZ,20260107,47.4157,2.6211,1.5755,593418.0441,360720.4596
603278.SH,20260107,,2.8104,1.1199,563902.9968,563902.9968
300246.SZ,20260107,,1.9763,2.1623,226214.1011,180646.2383
300314.SZ,20260107,57.3636,3.1338,7.3901,381888.0,190601.16
688569.SH,20260107,27.466,1.6144,3.8318,462834.7399,462834.7399
603325.SH,20260107,14.229,2.4119,4.1819,639711.984,273328.8672
600805.SH,20260107,62.124,1.1246,1.7221,482457.1781,482106.1337
688246.SH,20260107,,2.3847,7.3874,329517.5072,329517.5072
300809.SZ,20260107,202.8978,5.8391,18.8899,958378.176,569152.7251
002279.SZ,20260107,163.1497,5.0735,2.4454,710458.4617,650735.3356
002957.SZ,20260107,44.173,3.054,3.99,978139.1633,975103.0696
301067.SZ,20260107,2487.9893,3.9957,4.1419,331380.288,217528.8912
000917.SZ,20260107,94.8675,1.5199,3.6439,1584827.9859,1584719.5678
600604.SH,20260107,,1.7897,4.2054,1112743.0536,836028.1536
688267.SH,20260107,24.7877,1.8177,6.24,507984.6,507984.6
301150.SZ,20260107,454.8367,2.9349,1.9093,1044885.9322,997182.0723
600685.SH,20260107,49.8251,2.3584,2.0023,4210835.5001,2447055.4042
600099.SH,20260107,108.5976,4.2039,2.0641,225036.24,225036.24
920819.BJ,20260107,,0.9542,0.8135,482965.2,475757.955
688466.SH,20260107,33.4652,1.7888,3.3414,206593.724,206593.724
603815.SH,20260107,28.2727,1.951,1.0852,471620.2671,471620.2671
300443.SZ,20260107,28.2969,1.4845,3.3549,930311.1418,705501.3748
603938.SH,20260107,103.2926,3.2172,4.0493,799302.5742,799302.5742
688208.SH,20260107,29.5651,7.3025,5.3258,2462924.1457,2462924.1457
300422.SZ,20260107,,2.2549,1.3054,249856.0221,239359.4845
300127.SZ,20260107,60.1185,7.2426,13.0524,1073492.2079,766771.2171
002653.SZ,20260107,204.2727,14.9293,14.7784,6310737.761,2723047.0203
600169.SH,20260107,37.0981,1.531,0.7888,779875.0386,776621.9695
002692.SZ,20260107,55.0544,3.0921,0.8392,375590.358,375361.7939
000688.SZ,20260107,116.5021,8.1469,14.7545,3330040.2539,3330028.1147
688066.SH,20260107,,19.795,13.109,829818.2007,829818.2007
688628.SH,20260107,21.601,2.9026,3.0059,360562.2389,360562.2389
603696.SH,20260107,123.032,8.5317,7.9839,495096.0,495096.0
300429.SZ,20260107,,4.9628,9.038,854869.2566,635422.5593
301556.SZ,20260107,64.3544,9.189,16.3252,889129.28,307358.48
000425.SZ,20260107,20.749,2.3028,1.3637,13786236.7214,10899063.2865
600325.SH,20260107,,0.6278,0.1486,1191681.8662,1191681.8662
605376.SH,20260107,114.6764,10.7199,17.2488,1765800.0,1765800.0
600996.SH,20260107,,5.2619,9.8084,1230591.4559,1230591.4559
600132.SH,20260107,24.7717,18.4601,1.7319,2535525.1063,2535525.1063
002096.SZ,20260107,19.9221,2.1183,1.7291,1659709.7503,937862.7549
600845.SH,20260107,41.6299,5.4255,5.4527,5965478.3506,4434564.5299
688556.SH,20260107,,2.725,3.0615,1063390.6355,1063390.6355
603277.SH,20260107,19.396,3.8977,3.6615,1025491.5387,1018885.6078
001965.SZ,20260107,12.8439,0.9989,5.3866,6645602.9022,6645602.9022
600120.SH,20260107,16.9743,1.3656,3.7905,2237074.8773,2237074.8773
688175.SH,20260107,,2.1252,13.2414,369846.62,369846.62
603098.SH,20260107,78.4788,2.6626,2.2831,752341.7693,751087.1693
600603.SH,20260107,19.3449,1.0731,2.4338,784017.2522,784017.2522
000925.SZ,20260107,92.2067,1.8244,2.5429,602645.5435,599860.6784
688326.SH,20260107,,3.8436,2.3459,1515202.6342,1409900.4629
605222.SH,20260107,53.494,1.706,0.3528,795660.9381,795660.9381
688536.SH,20260107,876.8739,3.9211,12.6865,2413083.0342,2320392.6686
000505.SZ,20260107,,1.8302,0.691,563386.4445,490094.7604
688203.SH,20260107,376.4167,1.7779,3.2435,261860.0639,160360.465
300722.SZ,20260107,158.4663,15.3775,25.1582,976396.8614,976396.8614
688981.SH,20260107,216.1695,6.8785,15.8939,103989303.6389,25990314.0119
300584.SZ,20260107,140.7694,6.0418,10.2433,630360.0,431327.7487
003040.SZ,20260107,1530.6785,6.4162,8.6572,898754.0094,890401.1528
688032.SH,20260107,325.0553,2.2008,6.2595,1283664.8966,1283664.8966
605128.SH,20260107,53.6798,4.0006,3.4901,832731.0565,832731.0565
000983.SZ,20260107,23.6322,1.0982,1.018,4008033.3477,3275990.7515
688338.SH,20260107,30.012,1.6927,10.2467,281808.072,281808.072
002638.SZ,20260107,,2.1264,10.9758,438161.2764,412568.089
301195.SZ,20260107,28.1531,1.933,4.5414,466206.5352,309624.5143
002081.SZ,20260107,20.7261,0.6905,0.5582,947950.557,944123.9454
300423.SZ,20260107,,3.299,4.2904,444775.0933,298024.2718
603102.SH,20260107,23.441,1.7518,3.3926,285120.0,285120.0
300359.SZ,20260107,,6.1261,9.2477,336300.0471,336283.2011
002452.SZ,20260107,19.4188,2.0606,2.9042,531624.5968,442130.405
688088.SH,20260107,91.3172,7.8918,24.1799,2101330.5552,2101330.5552
002853.SZ,20260107,,4.4225,6.4744,412109.6308,289971.9482
002044.SZ,20260107,68.4281,2.6778,2.0193,2117611.3723,2095957.1462
000151.SZ,20260107,,12.3552,3.615,411254.9174,375372.3932
688660.SH,20260107,,5.2866,2.0071,2321333.4494,2321333.4494
920021.BJ,20260107,,3.3134,4.8273,207029.9886,156004.5648
300616.SZ,20260107,,0.9778,0.8528,307586.8926,212361.2915
300561.SZ,20260107,,10.386,64.8389,623077.0445,457768.333
688227.SH,20260107,,6.3113,14.9874,817163.5277,817163.5277
002826.SZ,20260107,41.434,4.4357,5.6655,355804.6815,325293.0419
002027.SZ,20260107,19.7962,7.5134,8.5228,10744996.5961,10744996.5961
688092.SH,20260107,40.4319,3.3763,4.7921,219141.5747,219141.5747
002121.SZ,20260107,,17.9429,2.5994,1328653.3504,1119937.9232
002282.SZ,20260107,21.4333,1.0814,2.2925,391440.8926,375220.675
001223.SZ,20260107,73.5155,2.5637,5.8843,499526.552,499526.552
300460.SZ,20260107,,3.9289,4.134,219308.12,219308.12
000638.SZ,20260107,,10.9382,3.3344,152579.41,151971.3445
002069.SZ,20260107,,149.9017,1.8119,271644.8581,271302.5861
300099.SZ,20260107,62.1565,2.6027,10.3508,594973.0608,469199.6777
301051.SZ,20260107,,1.8128,2.273,399792.5649,317024.6851
603109.SH,20260107,24.2613,2.7821,1.7933,553239.3056,553239.3056
002873.SZ,20260107,325.2958,1.9322,3.2317,244103.806,238668.821
688190.SH,20260107,35.3896,4.6562,6.2502,1231320.0,1231320.0
920139.BJ,20260107,,5.6115,18.975,601001.4842,576058.5461
002310.SZ,20260107,,8.8249,38.8936,1355846.7984,948985.236
300415.SZ,20260107,18.3571,4.072,2.2296,1269803.2476,1227879.6967
002569.SZ,20260107,,68.3826,16.497,197293.7,191740.3023
600279.SH,20260107,13.06,0.9743,1.5625,656337.0545,656337.0545
002682.SZ,20260107,,4.193,1.9305,451581.981,451575.2358
600802.SH,20260107,,2.7073,1.7315,299694.4536,299694.4536
300805.SZ,20260107,111.316,2.9611,1.8592,462184.1148,313981.2336
300520.SZ,20260107,,6.5274,7.0037,1154982.6762,1099523.3525
002330.SZ,20260107,,1.3534,0.9464,310033.8615,309967.2129
688577.SH,20260107,263.9148,10.4142,12.5394,1039352.6689,1039352.6689
301151.SZ,20260107,39.7038,1.5699,3.6408,321276.7941,320972.0733
603599.SH,20260107,15.2802,1.1112,2.9031,1107797.7929,1107797.7929
000547.SZ,20260107,,12.479,24.692,5866378.5472,5832074.2975
002453.SZ,20260107,,5.877,15.4454,538599.4045,406261.9592
301075.SZ,20260107,,7.4477,25.1014,444560.0,444560.0
603170.SH,20260107,24.1967,4.3133,2.1333,608815.22,608815.22
688010.SH,20260107,,3.1949,8.3895,536275.6705,536275.6705
688119.SH,20260107,,2.2044,3.2004,657000.0,657000.0
301505.SZ,20260107,121.7959,2.6934,8.9096,257399.9798,168574.113
301323.SZ,20260107,42.7989,2.8271,6.482,611358.5151,391826.4558
600502.SH,20260107,6.7707,0.7236,0.0921,806770.9509,806770.9509
301580.SZ,20260107,28.7427,2.4946,5.2339,520034.9406,351442.921
601010.SH,20260107,47.2768,1.1785,2.9884,504504.0,504504.0
301126.SZ,20260107,,1.5105,0.4887,262916.096,176490.5843
688581.SH,20260107,18.3644,2.0146,7.4959,501253.3261,256797.3925
688019.SH,20260107,62.6185,14.1238,20.0976,4692610.0456,4692610.0456
300125.SZ,20260107,,,47.1475,479411.9906,259783.4534
002524.SZ,20260107,,18.8929,2.4698,211801.2769,209962.3602
603099.SH,20260107,85.5172,8.2044,15.8857,1246845.1271,1220815.26
600333.SH,20260107,,1.8049,1.5069,337402.9989,337402.9989
002594.SZ,20260107,23.2035,4.0473,1.0579,88983848.2344,34035480.1925
002950.SZ,20260107,15.6805,1.901,2.0423,709257.2558,506234.6341
300418.SZ,20260107,,3.9638,7.2865,5566252.7296,5562411.7771
002048.SZ,20260107,76.3817,2.2073,0.9056,2482191.0221,2164894.2182
300438.SZ,20260107,,5.0671,2.6685,2640035.9232,2119841.4283
601636.SH,20260107,32.125,1.2707,1.2149,1923124.9232,1923124.9232
002715.SZ,20260107,,4.4757,3.9032,211140.0,211140.0
002858.SZ,20260107,,4.74,5.2792,257845.9052,231197.083
600900.SH,20260107,20.3976,3.0134,7.941,66626956.8407,65371759.4577
301017.SZ,20260107,,3.1314,0.6257,621823.3322,373315.3322
600073.SH,20260107,2230.374,1.212,0.2706,607648.6979,607648.6979
603916.SH,20260107,39.494,1.0439,1.203,439936.8249,433775.7849
688328.SH,20260107,,3.8088,4.9909,315672.9379,315672.9379
002579.SZ,20260107,242.238,3.1883,2.3668,771286.8426,734471.3207
605088.SH,20260107,25.344,2.667,1.8008,765899.0282,754524.2258
002568.SZ,20260107,32.5521,4.7587,7.7082,2259622.136,1557544.0826
001300.SZ,20260107,,3.8352,7.9007,397354.7398,397354.7398
300462.SZ,20260107,54.597,1.4565,2.8658,208224.0068,158601.1143
920768.BJ,20260107,28.2545,1.9817,0.782,138490.56,95464.8689
000888.SZ,20260107,31.0623,2.6072,7.4307,698686.7733,698686.7733
600725.SH,20260107,,18.3835,7.9202,515172.46,515172.46
002616.SZ,20260107,16.3205,1.4149,1.296,482020.3824,329576.4303
002875.SZ,20260107,,5.7825,6.6846,371501.4248,318169.3641
300034.SZ,20260107,115.5774,4.1915,4.213,1598704.8954,1537891.9923
688636.SH,20260107,68.95,5.5388,10.2938,762579.5815,735046.1709
000620.SZ,20260107,,4.3721,10.0387,1955314.4083,1555692.3554
300130.SZ,20260107,44.5935,3.5424,5.0435,1536246.0251,1175684.4501
600851.SH,20260107,57.1664,1.9128,11.3346,893221.9521,546272.5214
920239.BJ,20260107,26.4424,5.9888,1.437,610858.9544,602003.4453
301236.SZ,20260107,226.1423,4.4359,1.3331,4597941.179,3778638.9876
600726.SH,20260107,,4.73,1.1677,1945204.7077,1838932.7072
600933.SH,20260107,18.7732,2.1976,2.8976,2052024.0794,1946932.6394
603767.SH,20260107,869.0224,5.2567,8.2032,730839.392,730839.392
300940.SZ,20260107,56.3716,6.2702,8.9406,745858.6462,527556.0637
601778.SH,20260107,31.966,0.9298,3.6715,1471252.2633,1471252.2633
688317.SH,20260107,,1.1714,30.2327,397574.8999,397574.8999
600378.SH,20260107,30.8242,2.4564,2.7526,4420828.6977,3675681.499
603697.SH,20260107,26.2884,3.1349,3.5814,551722.8064,551722.8064
301270.SZ,20260107,300.3142,3.9403,19.9757,384000.0,362852.521
601900.SH,20260107,10.3463,1.3548,1.3038,1170374.3147,1170374.3147
600906.SH,20260107,23.0981,1.8595,8.0583,2265010.0,1482715.9951
000058.SZ,20260107,124.5587,5.5202,6.8242,1149941.4276,919746.5566
600522.SH,20260107,21.8315,1.7084,1.2097,6255936.7121,6255936.7121
603185.SH,20260107,,1.7839,2.8326,2167402.6927,2154537.4469
300725.SZ,20260107,46.6128,1.3115,4.7357,937567.4374,812882.747
600753.SH,20260107,,85.0289,2.2511,189082.1907,189082.1907
002972.SZ,20260107,36.73,2.4258,8.9229,291274.4192,159421.681
300670.SZ,20260107,,3.9133,8.5229,223112.0172,158184.7351
000926.SZ,20260107,,0.4247,0.489,366381.898,361838.1034
688651.SH,20260107,,4.3932,13.3367,407682.393,175481.0814
603900.SH,20260107,,1.5053,1.9027,292942.3594,291853.5094
688697.SH,20260107,24.0815,4.1867,2.7119,731733.408,731733.408
601717.SH,20260107,9.539,1.8618,1.0798,4311740.831,3724330.238
603030.SH,20260107,,4.3866,4.5049,388495.3884,388495.3884
300735.SZ,20260107,59.6817,3.937,2.4435,1944745.3859,1919295.3901
603202.SH,20260107,13.9408,2.294,3.513,1483680.0,308438.8784
600699.SH,20260107,43.3155,2.8543,0.8146,4934551.9315,4311780.6952
600538.SH,20260107,,4.2599,10.399,328672.3642,328672.3642
301318.SZ,20260107,31.4333,2.0434,5.1913,383707.6379,214618.5341
300474.SZ,20260107,,5.5115,73.914,3842819.1467,2988804.3073
301501.SZ,20260107,27.0126,3.1769,3.6035,655788.6,163947.15
300473.SZ,20260107,59.229,2.6256,1.086,518325.7289,457352.3634
600727.SH,20260107,54.9504,1.1532,0.6708,369479.6114,369479.6114
002871.SZ,20260107,31.0289,4.081,6.942,447544.2826,265475.8533
301373.SZ,20260107,25.4031,2.2269,7.2191,362405.256,128537.3675
600846.SH,20260107,33.8271,2.17,2.4972,893408.9679,893408.9679
600928.SH,20260107,6.2213,0.4804,1.6013,1657777.778,1649911.0666
920974.BJ,20260107,43.2893,2.0609,1.2409,133497.0,104688.2121
002902.SZ,20260107,,6.2624,3.2707,528770.3895,399672.5535
301019.SZ,20260107,35.0399,3.7776,8.2772,390138.4197,247401.3989
300640.SZ,20260107,203.0322,3.0161,2.4276,245062.8205,173950.3144
002460.SZ,20260107,,3.3489,7.1095,13938824.3978,8053252.6644
002520.SZ,20260107,,18.0374,3.79,463651.5157,443378.0257
688111.SH,20260107,84.0071,12.3536,26.4153,14983850.1286,14983850.1286
600905.SH,20260107,22.1469,1.3233,4.0382,11806699.5086,11806699.5086
600346.SH,20260107,23.9137,2.5759,0.7711,16647470.9939,16647470.9939
920870.BJ,20260107,107.9857,5.4109,22.52,241468.0,118937.2258
600104.SH,20260107,61.4997,0.5951,0.2682,17587774.5811,17587774.5811
300319.SZ,20260107,31.9647,2.2396,2.9379,1077532.2253,1006396.0379
603220.SH,20260107,113.8283,4.8792,3.1379,971440.1882,971440.1882
301507.SZ,20260107,47.4229,3.5154,7.6529,569417.265,175968.4122
300695.SZ,20260107,27.1714,3.3455,13.8007,953034.5317,953034.5317
300214.SZ,20260107,,1.3325,0.8209,322642.4141,322642.4141
920522.BJ,20260107,161.1018,10.268,12.2504,1096314.5357,909481.9952
600735.SH,20260107,,1.9331,1.7397,235828.0205,233998.5049
300446.SZ,20260107,24.8061,3.9685,2.5012,2248790.8953,993670.0549
002245.SZ,20260107,29.0574,2.822,2.7024,2089550.8825,1965232.6505
000703.SZ,20260107,165.1135,1.6591,0.3375,3865613.1066,3844953.4037
688005.SH,20260107,,3.0677,1.9508,2487244.6356,2486873.257
920039.BJ,20260107,40.1807,3.3142,5.7881,176893.0,176892.885
601398.SH,20260107,7.5315,0.732,3.3063,276214849.244,208949464.7177
002031.SZ,20260107,,8.0313,24.7128,1706731.0399,1504472.7866
920261.BJ,20260107,19.533,2.7498,0.6055,446015.3699,261279.8623
300341.SZ,20260107,46.6038,4.439,5.864,854244.4647,850873.4529
605123.SH,20260107,49.2444,2.7481,3.6718,1252907.0233,1252907.0233
600717.SH,20260107,14.886,0.6575,1.0522,1310982.4702,1310982.4702
301262.SZ,20260107,26.8225,2.7249,11.1998,1046670.0,306409.2339
605068.SH,20260107,,2.9183,3.0363,438909.1275,438909.1275
688033.SH,20260107,,1.3827,6.6241,455943.0614,455943.0614
301667.SZ,20260107,76.4548,6.6784,4.7962,830598.4848,167313.786
603280.SH,20260107,49.4903,3.0449,4.1431,413463.0279,106569.5179
600481.SH,20260107,,2.9261,1.3785,1208584.6222,1208584.6222
002845.SZ,20260107,,1.993,0.4646,473967.3171,362090.5529
002615.SZ,20260107,21.9677,2.0884,1.0446,355296.0118,232771.5362
301030.SZ,20260107,,2.9644,,249336.2626,248994.2347
920223.BJ,20260107,,14.6038,9.4153,366631.335,190171.7213
002056.SZ,20260107,14.0622,3.2281,1.468,3308732.3585,3305314.2927
600188.SH,20260107,13.9081,2.7027,1.026,14102660.1643,8323095.073
002459.SZ,20260107,,1.7338,0.7471,3928599.1836,3923929.249
688188.SH,20260107,39.7641,7.2488,20.543,4220076.613,4220076.613
600416.SH,20260107,86.2228,2.5143,4.9834,2429137.8041,2181619.0085
300897.SZ,20260107,88.7438,3.9171,6.9417,384202.263,239530.4383
300119.SZ,20260107,21.6771,1.9403,2.3445,906736.4314,653510.903
603937.SH,20260107,,1.6413,1.3813,253173.4389,253173.4389
600580.SH,20260107,76.1481,6.923,4.626,7410685.4722,7389408.6322
600682.SH,20260107,53.3416,0.6657,1.7851,1178335.8256,1019716.8009
603298.SH,20260107,16.2463,3.2152,2.0182,3577096.7058,3577096.7058
300745.SZ,20260107,,2.2936,1.9835,516252.3243,435386.9582
603936.SH,20260107,,1.8694,2.3226,817626.2112,817626.2112
002090.SZ,20260107,59.1824,3.1883,2.8338,486300.5642,480765.2596
600653.SH,20260107,646.2153,5.1123,0.8658,373705.0209,373705.0209
002344.SZ,20260107,79.6938,0.7265,5.8801,609243.056,608688.7937
301162.SZ,20260107,64.8914,4.9143,10.977,751484.5476,483058.4061
920077.BJ,20260107,73.8948,4.1055,4.5358,1059002.6342,571156.1842
300283.SZ,20260107,,3.3541,1.0565,384164.1656,283859.902
688156.SH,20260107,,1.9829,5.25,162250.5069,162250.5069
001369.SZ,20260107,34.0201,2.6481,5.0642,1800790.0,315616.1392
002105.SZ,20260107,,3.1659,2.1377,264426.6879,263148.044
601728.SH,20260107,16.6103,1.2504,1.0893,57283468.8256,48596210.1656
002461.SZ,20260107,22.1844,1.8981,3.5535,2102662.056,2102662.056
300501.SZ,20260107,69.0426,2.0401,2.6386,300564.6786,156424.914
002253.SZ,20260107,,2.3147,21.3508,246383.6957,227468.016
002360.SZ,20260107,,0.9686,4.2187,193655.1875,157865.7149
300949.SZ,20260107,,3.4895,6.0998,233229.2078,132607.9096
301046.SZ,20260107,189.9446,4.048,3.8156,466478.0709,358235.2937
603988.SH,20260107,137.22,8.6903,8.157,583296.0,583296.0
688578.SH,20260107,24.6031,7.506,10.2534,4878000.0,4878000.0
001391.SZ,20260107,27.0587,2.7838,3.1596,7264284.3289,904015.6419
300998.SZ,20260107,,2.406,2.4448,303281.1675,238081.7624
001218.SZ,20260107,22.4888,1.322,0.6605,300711.7806,214615.5627
603619.SH,20260107,20.6134,2.473,2.5877,1052744.6757,1052744.6757
002439.SZ,20260107,,1.5573,6.8716,1743204.895,1043768.4849
603037.SH,20260107,48.6456,4.3768,5.4585,424417.1019,422101.2247
300078.SZ,20260107,,8.0296,6.3548,463916.9755,462047.3664
002946.SZ,20260107,23.5588,4.5158,1.4777,1618073.1304,1599332.8899
001267.SZ,20260107,193.7787,11.0847,13.3735,1758768.8787,1357796.8051
300465.SZ,20260107,306.8437,13.1081,7.6983,879511.2256,879511.2256
600689.SH,20260107,155.8104,5.7125,2.0105,270534.3477,204866.7765
301550.SZ,20260107,208.8069,22.3541,50.4599,4030198.15,2458452.5868
603615.SH,20260107,,5.0633,5.6076,579400.72,579400.72
300346.SZ,20260107,124.5935,11.0842,15.4286,3814494.9477,3623505.405
601857.SH,20260107,11.4361,1.1626,0.6355,181190768.0398,160302857.0398
603707.SH,20260107,23.2962,2.2577,4.0248,1513850.2349,1513850.2349
601500.SH,20260107,75.2358,1.277,0.9573,783532.6574,780419.3624
003017.SZ,20260107,28.2097,2.434,2.6484,260988.0,215277.7787
600748.SH,20260107,,1.0351,3.5873,1080913.8547,1080913.8547
000965.SZ,20260107,54.6884,0.802,1.342,440602.8653,440602.8653
603275.SH,20260107,37.0426,2.4546,10.0864,718270.4966,200535.6294
300838.SZ,20260107,462.8355,2.3036,2.4088,227387.744,167692.034
600323.SH,20260107,12.3633,1.6623,1.8063,2328631.449,2328631.449
002088.SZ,20260107,22.4496,2.0895,1.9634,542883.696,535127.2779
600103.SH,20260107,149.0218,2.3629,3.9745,938906.407,926965.8707
920663.BJ,20260107,32.4224,6.9835,6.5682,238791.8879,113113.9526
600192.SH,20260107,,4.4739,2.9581,453675.196,453675.196
300815.SZ,20260107,18.2374,2.1105,1.2226,931509.504,912319.4809
600363.SH,20260107,103.3138,7.39,9.966,3162982.4768,3162982.4768
600743.SH,20260107,,7.3769,3.3,466874.0739,466874.0739
688339.SH,20260107,,2.8203,44.9512,690327.0725,561909.0315
002561.SZ,20260107,951.9304,1.7928,10.2359,391232.983,389987.6325
002590.SZ,20260107,39.1341,2.7586,1.7386,828407.7533,789951.1565
688275.SH,20260107,,1.809,0.9448,945383.9986,634137.4254
000513.SZ,20260107,15.247,2.4446,2.7574,3266610.4821,2090186.3021
603136.SH,20260107,31.2582,2.3579,6.1922,320370.2781,320370.2781
688117.SH,20260107,54.0621,6.322,10.1702,649217.1593,649217.1593
600938.SH,20260107,11.0256,1.8025,3.3389,135888138.4403,8548410.0
300496.SZ,20260107,69.3254,3.3347,4.9123,3359041.8762,2686769.0726
600085.SH,20260107,32.6716,3.2371,2.4456,4422991.595,4422991.595
002953.SZ,20260107,33.1337,2.6561,1.2595,575639.7678,318087.5488
920839.BJ,20260107,40.2302,8.3804,7.4752,516813.9932,284415.4147
002138.SZ,20260107,29.5431,4.4338,4.2868,2886619.7073,2708300.8668
002840.SZ,20260107,85.3222,1.9265,0.8894,773288.4029,767951.7316
300370.SZ,20260107,,8.1525,11.2897,414824.6996,413789.5723
600088.SH,20260107,,5.1444,5.8019,649454.5512,649454.5512
300380.SZ,20260107,254.9293,15.2844,5.6244,591411.6216,544105.5997
002409.SZ,20260107,45.9022,5.4016,5.0639,4218147.0101,2823067.1067
301538.SZ,20260107,33.294,4.7954,6.5651,658246.4,262120.3577
600558.SH,20260107,26.4419,2.3433,1.5123,557412.6001,557412.6001
002208.SZ,20260107,,1.6469,1.2283,1058738.7163,1058465.2168
603328.SH,20260107,25.738,2.6751,2.8588,1126243.2652,1126243.2652
603989.SH,20260107,30.8838,1.813,1.7561,683109.9002,683109.9002
603194.SH,20260107,18.2706,3.0905,2.2948,1599188.0,630211.329
600884.SH,20260107,,1.3729,1.4907,3011963.8236,2457211.9499
688325.SH,20260107,98.4265,4.6237,17.439,795063.1085,738400.0
002237.SZ,20260107,31.4757,1.5309,0.212,1994808.7192,1663336.6312
300113.SZ,20260107,38.9673,5.6065,7.2566,1416348.9219,1073709.5753
601808.SH,20260107,17.2439,1.4634,1.3593,6727944.72,4174259.88
603488.SH,20260107,,2.8155,5.537,254031.6828,254031.6828
603006.SH,20260107,45.1421,2.5602,3.9264,333835.8303,333835.8303
600797.SH,20260107,611.3179,3.0196,3.0964,1054242.0556,1054242.0556
300041.SZ,20260107,42.4269,2.2691,1.5456,656216.8726,638214.1976
300678.SZ,20260107,1256.0918,11.7298,20.5713,992597.6953,975491.3449
688180.SH,20260107,,6.2432,15.6298,3880887.7124,2896969.9664
920242.BJ,20260107,19.1648,3.0045,2.4688,197641.6943,111094.4084
688251.SH,20260107,156.1078,3.3694,3.2984,281586.2995,279629.3087
603127.SH,20260107,137.4929,3.811,18.5525,3094808.1486,2603357.9478
000929.SZ,20260107,,3.9155,7.2592,182979.51,182967.9097
920130.BJ,20260107,,4.544,6.7591,232176.225,140840.6379
002191.SZ,20260107,,0.9233,2.4071,617006.0045,612219.1028
600582.SH,20260107,8.7198,0.9524,0.8374,2429351.6796,2429351.6796
300845.SZ,20260107,46.2451,2.8575,5.9155,228878.5443,160950.0663
603565.SH,20260107,9.9741,2.1576,1.9898,2131564.0495,2131564.0495
002076.SZ,20260107,,7.6022,10.1268,239570.8901,225131.2341
688409.SH,20260107,484.393,5.3033,7.0667,2441418.4772,2441418.4772
688503.SH,20260107,72.0172,3.5057,1.2773,1699076.1739,1410457.0311
002270.SZ,20260107,34.1379,7.9948,9.8188,2394714.3516,2394663.1828
920124.BJ,20260107,24.9379,2.6483,2.5109,275454.0994,141736.1695
301112.SZ,20260107,,3.602,8.267,435994.1364,435994.1364
301109.SZ,20260107,16.2445,1.5611,4.2039,1193120.4731,348699.894
002908.SZ,20260107,279.9641,4.0108,7.3679,443512.1865,330846.0017
300195.SZ,20260107,220.4082,1.3072,2.1437,349982.6065,259291.7093
603165.SH,20260107,16.1155,1.8936,1.5397,335980.4267,335980.4267
300085.SZ,20260107,,59.2159,38.8968,2965770.3254,2736497.9734
603766.SH,20260107,18.0317,3.266,1.6934,3244596.123,3244596.123
603408.SH,20260107,13.494,1.7489,1.1818,585425.484,585425.484
000004.SZ,20260107,,38.1579,19.1067,140985.0003,134496.4729
601628.SH,20260107,8.3308,2.2905,2.2182,141804024.985,104471650.01
301042.SZ,20260107,484.057,5.1735,11.5437,543843.9006,514962.4506
002350.SZ,20260107,71.4235,2.8684,2.1319,473455.2694,463171.4342
600505.SH,20260107,310.6327,3.9988,3.1486,487791.315,487791.315
688172.SH,20260107,,2.7171,26.9588,5075182.3348,2767677.6517
688449.SH,20260107,182.2532,13.3681,19.3724,2459160.0,1567469.3057
300750.SZ,20260107,26.5476,5.3862,4.3859,169314578.4583,157916171.829
920056.BJ,20260107,35.1159,3.9342,3.3425,205454.6255,77035.8836
300315.SZ,20260107,,2.8189,19.853,1394419.6665,1330259.2434
000938.SZ,20260107,52.0884,5.0208,0.745,7264602.88,7264602.88
001231.SZ,20260107,42.0043,2.7448,3.7555,271337.1,135492.075
600887.SH,20260107,22.4414,3.3744,1.5365,17976675.0156,17887348.2671
002354.SZ,20260107,,8.6942,5.9195,1116845.4285,1097503.6133
300307.SZ,20260107,59.6071,1.7482,2.9722,571595.3961,562997.5209
300637.SZ,20260107,257.9668,4.1198,3.3077,301888.6672,301573.358
001311.SZ,20260107,37.9697,2.2734,2.7355,1043311.3622,264924.8078
300762.SZ,20260107,,11.1702,54.1678,2608569.8169,2608569.8169
000625.SZ,20260107,17.2851,1.5329,0.7177,11748191.9811,9798262.7176
301136.SZ,20260107,1811.3901,3.7047,9.1911,540227.0617,540227.0617
002681.SZ,20260107,,5.2857,4.3314,1204211.6477,1028428.8034
301234.SZ,20260107,126.6558,4.0203,6.3674,305796.0,305796.0
000922.SZ,20260107,39.527,2.1366,1.9559,972284.2304,821620.1132
688585.SH,20260107,610.1091,38.5043,30.6449,5136004.8826,5136004.8826
688226.SH,20260107,,4.5022,2.2704,756612.2842,756612.2842
600256.SH,20260107,16.2855,1.3469,0.9849,3208785.4879,3208785.4879
600030.SH,20260107,15.579,1.56,5.9514,43720613.1456,35920825.3733
603057.SH,20260107,49.5444,4.7355,2.9762,949427.57,945952.0
000828.SZ,20260107,10.676,1.117,7.2732,1136192.0723,1136190.5967
002183.SZ,20260107,162.7528,1.4028,0.1818,1298504.5455,1298497.0455
002617.SZ,20260107,58.8736,2.4904,4.3053,1590325.8818,1564232.2612
301089.SZ,20260107,,2.4039,9.9584,365966.694,263103.4972
300688.SZ,20260107,,12.5532,30.3865,502138.392,445135.374
000153.SZ,20260107,26.0938,1.4132,0.7159,296990.4084,294295.4259
002086.SZ,20260107,,3.5012,13.727,464270.3205,374764.7908
300020.SZ,20260107,,1.0628,21.2408,284494.7147,274456.9711
605567.SH,20260107,54.5253,1.9803,0.8247,216200.0,216200.0
000506.SZ,20260107,278.3934,19.4848,24.0721,1247670.853,1247088.7968
603527.SH,20260107,25.9471,1.7067,0.3385,352155.0032,352155.0032
688655.SH,20260107,,3.5515,3.877,238501.32,238501.32
600988.SH,20260107,21.6888,4.7067,5.1482,5893175.063,5159789.1832
002548.SZ,20260107,,3.603,1.1003,513467.668,498772.325
301131.SZ,20260107,46.2522,2.7261,1.3761,230466.3086,148526.7522
000605.SZ,20260107,137.9842,1.114,1.4012,237339.2378,237339.2378
000913.SZ,20260107,15.344,1.7277,1.4704,813586.9575,715710.435
601233.SH,20260107,25.043,1.153,0.4713,4367080.0678,4350950.9369
920357.BJ,20260107,31.2006,4.9539,3.6299,191311.12,106345.3794
000967.SZ,20260107,60.148,1.3426,1.7131,2292867.3858,2291775.811
600062.SH,20260107,12.1941,1.7182,1.7603,1926895.1792,1916173.9878
601111.SH,20260107,589.5956,3.4444,0.9482,15965305.215,10648870.1687
601216.SH,20260107,13.3011,1.5515,1.7531,4472149.2167,4472149.2167
002175.SZ,20260107,,7.0868,18.8881,573274.5464,573274.5464
688576.SH,20260107,38.9486,1.7265,8.2442,296660.3912,142085.3983
301040.SZ,20260107,,4.1262,4.3561,301503.1085,284110.7041
605186.SH,20260107,300.7735,2.4843,6.8172,268328.0,268328.0
688603.SH,20260107,129.6094,8.6189,22.7553,1004780.7653,382028.466
688321.SH,20260107,1789.3041,8.5038,15.3109,1302945.151,1302945.151
605368.SH,20260107,17.7094,1.7283,1.3175,555986.7419,555986.7419
688359.SH,20260107,,11.0198,12.7784,681132.9283,681132.9283
603058.SH,20260107,30.7949,3.3536,4.1355,402222.884,401203.7632
002922.SZ,20260107,57.9444,3.986,2.8971,1507460.2137,1331495.9212
603786.SH,20260107,41.5203,6.1896,5.0376,3371395.7316,3371395.7316
301585.SZ,20260107,48.8121,3.3327,7.0443,321672.0,210660.9205
920271.BJ,20260107,20.9859,3.5311,5.6156,217427.826,96213.8963
003003.SZ,20260107,37.4973,1.83,2.2882,236451.36,157611.4829
300424.SZ,20260107,,6.0526,2.6432,460188.84,459916.4288
002533.SZ,20260107,15.5037,2.1804,0.4769,939444.5594,816186.1542
000761.SZ,20260107,,1.5774,0.2964,1372150.9085,1238550.9085
002493.SZ,20260107,162.4069,2.7366,0.3869,11957362.378,11206551.6093
002810.SZ,20260107,31.0827,2.2656,2.5861,506374.1514,468897.4353
605080.SH,20260107,16.1472,1.5034,3.2106,330639.4022,327860.4032
300590.SZ,20260107,68.4877,3.2408,6.9087,590994.0363,455355.7136
300697.SZ,20260107,45.4852,6.1596,2.4742,755389.44,351803.7469
300400.SZ,20260107,46.3247,6.4645,6.5841,504904.2898,499280.5954
600365.SH,20260107,,5.4727,1.9029,147559.75,138866.0
603606.SH,20260107,40.929,5.2851,4.0963,4052018.9483,4052018.9483
002140.SZ,20260107,18.0029,1.7828,0.8936,824128.147,822903.0405
002472.SZ,20260107,32.8487,4.1069,4.5739,3890215.1069,3458069.9305
300751.SZ,20260107,61.8942,6.5414,6.2188,5141052.1104,3557684.3256
002200.SZ,20260107,,,6.553,336539.6834,146011.5736
002068.SZ,20260107,,2.4644,0.7148,661075.3312,660770.2331
920496.BJ,20260107,38.7683,2.9466,2.56,169879.95,148768.3912
002128.SZ,20260107,13.1839,1.7915,2.1906,6670922.7152,6670922.7152
002236.SZ,20260107,16.3402,1.6922,1.9503,6366445.5468,4098618.4909
688802.SH,20260107,,17.9729,137.6229,24164439.6,1095521.4133
300254.SZ,20260107,127.9015,8.8617,3.0669,260462.4086,228192.3294
603486.SH,20260107,29.1726,5.3897,2.4456,4693893.949,4648731.5782
301288.SZ,20260107,,2.5525,16.6528,202842.78,146689.8682
301118.SZ,20260107,,2.067,1.8649,277033.7496,264101.892
300597.SZ,20260107,,2.6387,5.0878,249129.0074,248034.2255
002161.SZ,20260107,50.9343,3.3104,9.4672,556297.5648,529966.4517
688217.SH,20260107,,1.8207,8.4899,162819.9368,162819.9368
601088.SH,20260107,15.872,2.0669,2.7544,81977513.3343,68042022.6023
603638.SH,20260107,41.7983,4.6118,5.1831,1586548.5383,1586548.5383
600860.SH,20260107,,8.9437,4.2738,690379.8309,559935.4337
603317.SH,20260107,23.156,3.0836,3.8411,1353252.5032,1353252.5032
600765.SH,20260107,124.0218,2.1148,2.837,3009190.0122,2988076.8722
603282.SH,20260107,22.1224,2.045,2.6299,270316.4,129652.6072
600729.SH,20260107,8.3548,1.4662,0.7328,1155308.421,504882.4998
300467.SZ,20260107,436.1698,11.025,24.8184,703901.7632,583882.3971
002529.SZ,20260107,,9.4543,5.3393,182780.0,182780.0
300928.SZ,20260107,,2.2901,2.4658,251440.0,168422.3004
603536.SH,20260107,,6.7145,1.6038,270496.9505,268434.0022
600235.SH,20260107,79.2225,1.5531,1.9846,235019.7,235019.7
300820.SZ,20260107,56.447,4.7363,7.5003,1200757.5756,603785.5699
003000.SZ,20260107,20.697,3.8778,2.1087,516273.8121,343839.1582
920402.BJ,20260107,,2.8284,9.0515,452870.4519,292793.0262
001236.SZ,20260107,694.5735,5.7652,7.9723,1076306.6669,809627.0669
688653.SH,20260107,,3.7585,8.0502,540363.04,402791.963
002179.SZ,20260107,30.4676,3.3065,3.5021,7854549.0534,7777897.537
688222.SH,20260107,106.8864,8.2938,24.4663,1219669.92,1219669.92
601702.SH,20260107,16.4441,3.3422,1.6647,2048984.7912,2048984.7912
603373.SH,20260107,32.8465,2.38,1.55,425053.7645,179585.2169
300421.SZ,20260107,179.679,7.9519,9.3271,1009112.6211,790540.8551
600755.SH,20260107,31.5324,0.7873,0.0502,1547637.6742,1543682.7446
600415.SH,20260107,21.1141,3.9994,4.8788,8872398.8277,8872398.8277
600486.SH,20260107,24.0235,2.626,2.5562,2958874.6389,2949117.1742
002513.SZ,20260107,,67.851,1.1971,262915.7846,185637.1412
300682.SZ,20260107,,2.4969,3.9853,1684204.3524,1612074.5757
002714.SZ,20260107,12.5122,3.9168,1.8142,27750877.5436,19348671.6404
688419.SH,20260107,49.4188,3.4997,12.31,358317.6206,186145.8505
300225.SZ,20260107,100.7991,3.2441,3.6115,280028.0285,279808.626
300988.SZ,20260107,32.3362,2.6135,1.7325,332645.0334,252914.2072
002494.SZ,20260107,133.4576,1.637,5.0393,200729.302,152561.873
601512.SH,20260107,17.7459,0.9353,4.2737,1410455.49,1410455.49
688571.SH,20260107,28.8286,2.0368,2.6129,327883.9511,327883.9511
002575.SZ,20260107,,4.6024,9.0698,381613.5,362421.7145
600650.SH,20260107,71.2436,2.0653,5.1951,884231.0015,626067.8002
300157.SZ,20260107,160.1604,,6.2842,352088.9092,330554.1031
600651.SH,20260107,375.2146,7.4722,9.7385,1862721.8151,1862721.8151
605033.SH,20260107,90.6202,2.366,3.096,269859.2,269859.2
000816.SZ,20260107,,2.5717,4.2467,526712.8478,522860.6918
300538.SZ,20260107,,3.2553,0.9428,313263.7827,208336.5971
300766.SZ,20260107,,8.7711,29.2137,1377281.9022,1249934.3826
688021.SH,20260107,,1.6082,3.9243,137926.7592,137926.7592
001210.SZ,20260107,43.3866,2.5269,2.8913,327738.4928,199174.9978
920026.BJ,20260107,87.3654,5.0463,10.768,307871.7497,139592.0396
603797.SH,20260107,21.9399,0.8585,2.8131,277923.7016,277923.7016
603137.SH,20260107,48.5582,2.0673,1.3884,257021.3343,103595.3343
688623.SH,20260107,89.5018,2.9696,17.9349,623955.485,201955.485
688067.SH,20260107,63.7877,3.3397,7.7742,171904.0,171904.0
301260.SZ,20260107,,1.8239,1.5424,813422.6268,344678.7082
603738.SH,20260107,162.7028,3.6293,6.7442,621278.8621,621278.8621
002497.SZ,20260107,64.2168,2.5834,3.5761,2803032.0486,2574396.8589
000711.SZ,20260107,,8.4802,7.8161,491399.9104,393146.1988
002073.SZ,20260107,18.0592,1.3729,1.0582,841274.299,836652.5665
300252.SZ,20260107,678.5983,4.6108,4.1563,1006473.8277,849363.7777
603928.SH,20260107,58.537,2.9455,2.9031,456543.36,456543.36
301257.SZ,20260107,36.9198,3.5979,5.4786,448747.0936,427811.4031
600843.SH,20260107,,2.8234,1.9772,859365.6084,565413.3897
600135.SH,20260107,,2.6817,4.7538,639623.0064,639623.0064
002239.SZ,20260107,79.0938,1.788,1.1759,1000022.3365,982946.4717
603668.SH,20260107,313.0803,3.6422,1.4639,857706.6693,857706.6693
300227.SZ,20260107,,3.4326,4.1851,543809.329,423107.1712
002149.SZ,20260107,262.0471,8.1542,7.7685,2337081.7296,2336722.7046
600543.SH,20260107,,2.2824,7.0394,173404.8,173404.8
000908.SZ,20260107,40.1792,168.652,15.9985,629038.661,629038.661
301326.SZ,20260107,,6.4609,7.1351,828454.6408,311133.3146
600339.SH,20260107,35.5201,0.6981,0.2027,1870354.4028,1870354.4028
002307.SZ,20260107,,1.8216,0.6565,817794.4118,629072.6247
301065.SZ,20260107,32.8753,1.7131,3.5306,229957.38,187157.5875
300265.SZ,20260107,247.1477,2.861,2.5698,667734.7064,667306.8419
603172.SH,20260107,41.703,2.1475,4.0592,233415.0,87640.0
600605.SH,20260107,270.2595,4.3677,52.4502,620910.1113,620910.1113
688521.SH,20260107,,22.5067,27.3562,8005666.3482,8005666.3482
688187.SH,20260107,17.946,1.7374,2.561,7038246.6194,4503547.6347
300200.SZ,20260107,45.042,3.822,5.0844,627496.9879,617169.3091
002866.SZ,20260107,,2.5259,2.4532,524614.3279,328454.9089
002647.SZ,20260107,,13.7553,10.9209,901972.7423,540833.3184
002890.SZ,20260107,165.7124,4.1285,8.0304,248357.4839,236089.915
688272.SH,20260107,,5.3092,10.7421,241224.0,241224.0
605001.SH,20260107,28.6115,1.1369,1.5365,305272.422,305272.422
600796.SH,20260107,28.8172,1.5363,3.1565,526017.56,189067.0786
002979.SZ,20260107,60.7681,7.9994,7.6014,1314679.4447,924806.1337
600760.SH,20260107,56.4657,7.6021,4.3486,16588139.1716,16079636.2333
002907.SZ,20260107,85.5242,3.7785,8.1129,638087.1678,458269.3713
002951.SZ,20260107,848.0325,3.5294,9.9316,592110.0,586443.9094
688101.SH,20260107,14.1355,1.3015,3.7579,565748.5605,565748.5605
605589.SH,20260107,24.1602,2.4625,2.3117,2529008.832,2520676.794
920149.BJ,20260107,,5.809,1.8348,90709.0515,75012.1316
301486.SZ,20260107,104.4881,6.8277,17.8868,1784548.0387,1004788.6743
000589.SZ,20260107,15.732,0.8979,0.7353,794413.1215,785502.0991
603396.SH,20260107,105.256,1.8677,1.868,483599.4257,483599.4257
301348.SZ,20260107,,3.4769,7.1278,517440.0,334480.0505
301372.SZ,20260107,,2.2056,6.6906,174034.2893,104490.5894
688392.SH,20260107,89.2062,8.002,20.4097,1422362.9944,1422362.9944
000676.SZ,20260107,62.5919,2.5896,2.7382,1106094.9308,1105427.0511
300989.SZ,20260107,,3.5658,11.5631,354412.0171,253030.1088
920035.BJ,20260107,39.3656,4.1834,4.4551,237763.5,53487.54
300819.SZ,20260107,88.4144,6.1107,9.2395,522217.5,471667.875
001378.SZ,20260107,39.3742,1.7002,2.1143,315733.9648,155717.8235
688505.SH,20260107,,3.9383,12.4977,889378.8618,609670.8618
605158.SH,20260107,25.2746,1.6742,0.6144,413738.78,413738.78
688193.SH,20260107,,2.145,11.8014,195741.315,195741.315
300612.SZ,20260107,,6.8796,6.5984,337269.453,336194.778
300235.SZ,20260107,734.4622,5.9847,58.2866,417395.9208,336796.6545
600360.SH,20260107,45.1095,2.329,3.5599,791283.3305,791283.3305
300161.SZ,20260107,,3.9004,3.8457,599468.5654,588299.6224
001282.SZ,20260107,35.0883,2.9476,2.8737,472810.9568,166334.6944
300779.SZ,20260107,975.6887,19.129,22.4278,2605737.2145,2088328.0913
300434.SZ,20260107,32.3493,1.6759,4.0016,421831.0656,359227.1403
000695.SZ,20260107,,28.03,6.0592,303453.5383,302994.3232
920112.BJ,20260107,22.4193,3.7173,3.0028,324720.95,88721.341
000905.SZ,20260107,51.1234,2.0885,0.5062,1051144.1989,1051142.0734
301332.SZ,20260107,34.2707,1.4944,1.2393,435715.0,250063.24
920422.BJ,20260107,55.8203,2.8022,2.3125,118920.7622,89003.3222
920640.BJ,20260107,105.0915,8.1278,8.7277,746781.984,718435.6908
688615.SH,20260107,77.6351,12.3111,20.4202,3455760.0,2386208.3029
603418.SH,20260107,22.5587,2.5776,2.4221,1137366.2036,238128.4173
301678.SZ,20260107,99.1955,8.8341,17.7677,1686949.5986,337389.9239
002536.SZ,20260107,49.9478,5.0527,3.9121,1746774.3136,1654483.8708
688273.SH,20260107,54.0443,4.0985,12.5303,548600.0,202031.7699
301001.SZ,20260107,260.9677,3.0352,6.693,237040.0,149038.9
601226.SH,20260107,74.6636,2.1884,1.0416,953023.434,953023.434
688265.SH,20260107,72.0815,2.052,8.3341,349276.5382,349276.5382
300112.SZ,20260107,,2.4876,2.3664,249594.2688,204373.4186
002104.SZ,20260107,337.2492,6.4424,16.5318,1379844.672,1168213.6598
002415.SZ,20260107,20.8957,3.6879,2.955,27558768.7509,27202625.8412
300016.SZ,20260107,148.655,2.2479,4.412,497017.0029,496347.2695
002516.SZ,20260107,55.2938,2.6769,4.3788,998699.4651,991980.7601
002335.SZ,20260107,74.9022,4.9941,3.9134,3157941.8292,2785779.2898
301539.SZ,20260107,50.3729,3.7746,2.9081,307840.0,156128.5419
603811.SH,20260107,15.8627,2.7159,4.54,359052.839,359052.839
301268.SZ,20260107,,4.4898,2.4831,754748.1188,649755.2965
002586.SZ,20260107,,1.6434,2.0265,489727.7496,465457.7053
301165.SZ,20260107,82.7841,14.063,4.9827,6976931.8142,6976931.8142
000850.SZ,20260107,16.9288,1.1397,1.5406,519015.755,518868.2835
300241.SZ,20260107,104.772,1.7891,2.2754,399850.6566,334822.9041
688378.SH,20260107,361.7002,4.4605,16.2184,742852.1859,718062.5016
603193.SH,20260107,32.7703,4.6055,6.5905,1000559.2655,255550.7045
920000.BJ,20260107,26.8193,2.7609,4.0435,179326.08,94487.1228
301383.SZ,20260107,170.3373,2.9322,2.8833,588763.1592,254634.6069
300221.SZ,20260107,51.7655,3.4957,2.2235,502179.9661,483882.4125
002426.SZ,20260107,,5.3166,3.8273,1282789.9703,1282780.1589
603919.SH,20260107,28.1156,3.1336,3.5524,1065245.9937,1065245.9937
300778.SZ,20260107,,2.1986,19.6499,271681.9624,271628.3943
600027.SH,20260107,8.3305,1.2212,0.4689,5817498.8662,4263674.094
300353.SZ,20260107,318.6709,6.514,13.4459,1294349.5145,1130930.2413
603755.SH,20260107,50.4297,4.9638,8.2385,371872.1911,371872.1911
301023.SZ,20260107,40.1249,4.0714,11.5068,324078.9309,173327.9745
001205.SZ,20260107,41.2895,1.501,2.1574,312461.8735,265092.8691
300486.SZ,20260107,,5.3252,9.363,892745.6593,892477.341
688389.SH,20260107,22.8567,2.7303,5.4429,573742.3925,573742.3925
600977.SH,20260107,,2.6682,6.5737,2949860.0,2949860.0
601218.SH,20260107,46.3087,1.6919,3.6066,500990.3257,500990.3257
300926.SZ,20260107,16.2976,4.3458,2.6133,1421529.0163,975310.4691
300046.SZ,20260107,136.2982,7.5609,23.4198,864522.161,864522.161
600053.SH,20260107,,3.6354,33.4527,934713.9648,934713.9648
300224.SZ,20260107,114.4002,2.9623,2.237,1499358.3718,1490878.7122
002514.SZ,20260107,,35.9483,17.0834,442821.0724,340731.0724
600880.SH,20260107,441.625,2.0936,9.5687,636319.2775,636143.5619
300140.SZ,20260107,26.4674,1.5724,3.623,2181743.1793,718165.36
301503.SZ,20260107,23.4739,2.7439,2.001,292480.0,118746.88
300100.SZ,20260107,41.5237,7.1869,4.0012,2212430.0119,2134308.3756
688196.SH,20260107,33.807,2.3697,2.5836,757421.1842,714600.0
300483.SZ,20260107,,2.0832,1.7463,444146.8273,443963.2273
603370.SH,20260107,46.8024,4.3624,5.1998,831187.45,162880.5237
600367.SH,20260107,44.9224,2.5231,2.8441,624269.5507,589210.9231
301487.SZ,20260107,,5.4578,4.8734,1029081.2047,610785.775
600251.SH,20260107,34.0871,1.9739,2.3715,749021.814,749021.814
002943.SZ,20260107,,11.4928,12.6622,1026468.9724,661814.2347
688343.SH,20260107,,7.16,20.0533,2777677.1751,2042309.733
688314.SH,20260107,37.0534,4.8742,9.839,327556.3415,327556.3415
002991.SZ,20260107,21.6217,3.3211,2.5253,551651.2879,295507.6721
300428.SZ,20260107,19.664,1.9166,0.5358,1650194.7981,1436404.206
600935.SH,20260107,,1.5011,1.8704,898684.514,876850.453
002591.SZ,20260107,,3.1086,5.5232,204736.0481,152435.4991
600820.SH,20260107,8.0601,0.6661,0.3409,2056238.8455,2056238.8455
301169.SZ,20260107,,9.1676,11.9275,401337.8261,401212.4786
000690.SZ,20260107,10.0377,0.7471,1.0966,937807.6685,937197.1626
000733.SZ,20260107,31.802,1.9732,5.582,3017452.5518,3017045.8103
600551.SH,20260107,13.5819,0.9738,0.7475,564141.9588,564141.9588
002020.SZ,20260107,24.0826,3.0365,4.2922,1716031.076,1442868.8917
300757.SZ,20260107,,26.1466,86.0229,4353788.2913,3913356.4574
002254.SZ,20260107,,1.4254,2.684,1003613.9613,958704.1932
601068.SH,20260107,205.8373,6.2621,0.7923,1828555.7954,1566469.4882
301057.SZ,20260107,115.9159,5.6747,4.7627,431734.1957,304828.4804
300120.SZ,20260107,,1.6575,1.9347,494553.1729,454131.8687
603880.SH,20260107,,6.8636,2.9348,174581.368,174581.368
603595.SH,20260107,100.2832,2.5637,1.9793,396314.1658,396314.1658
300218.SZ,20260107,21.4615,2.2971,1.5563,354773.745,353611.9042
000560.SZ,20260107,64.3492,0.733,0.5781,690161.7493,660989.9714
301555.SZ,20260107,44.2344,2.9045,1.531,326162.7845,170907.5288
688619.SH,20260107,,3.2258,14.7475,257944.3164,257944.3164
300182.SZ,20260107,169.2124,1.7844,5.3457,1499733.8308,1271761.8581
603956.SH,20260107,,1.9568,3.588,386966.3682,386966.3682
688287.SH,20260107,,2.8801,24.4021,220827.2976,220827.2976
001222.SZ,20260107,25.0141,3.0686,2.6326,437138.1,245968.671
300338.SZ,20260107,,,9.9597,142931.7657,124023.2409
002222.SZ,20260107,107.2725,16.9422,27.386,2883102.75,2870238.1585
002240.SZ,20260107,,3.1919,8.0225,3351806.1593,3343071.74
603055.SH,20260107,16.1153,1.6466,1.2767,847559.115,844471.9694
600285.SH,20260107,15.2132,3.745,3.2155,1216462.7175,1213781.4675
002062.SZ,20260107,40.4363,2.2074,1.8969,1119730.1545,1017854.3688
600854.SH,20260107,21.6262,1.0532,26.6537,258170.8934,258170.8934
688308.SH,20260107,282.8858,2.0402,4.1899,526043.7986,526043.7986
000626.SZ,20260107,,1.6867,0.0472,400741.8494,398439.7681
603042.SH,20260107,,3.2872,3.242,283601.6574,283601.6574
688377.SH,20260107,63.8981,3.8285,5.9261,712481.22,712481.22
002017.SZ,20260107,70.0673,7.2611,10.0301,1284495.8146,1283730.0569
000525.SZ,20260107,79.5162,2.7114,2.7131,714130.8805,609244.4827
300351.SZ,20260107,73.0172,2.8147,3.1478,703529.0925,476509.6234
001331.SZ,20260107,4762.117,10.4423,2.575,1581390.72,940607.4294
688327.SH,20260107,,16.3876,29.5564,1555745.683,1248494.6779
300139.SZ,20260107,104.8855,7.8286,17.6503,867484.0,739765.1064
600171.SH,20260107,63.6843,5.12,7.2769,2300456.1182,2300456.1182
601579.SH,20260107,49.3801,2.7123,5.5392,986735.6957,986735.6957
600476.SH,20260107,,22.5286,3.6396,255940.23,255940.23
688112.SH,20260107,46.8228,3.923,10.7473,617161.1466,617161.1466
300806.SZ,20260107,343.7295,7.0278,5.4549,1594257.8691,1112111.1749
605399.SH,20260107,,2.0623,4.0945,442437.4598,441476.7338
600388.SH,20260107,21.8454,1.9793,1.8751,2104466.7075,2104466.7075
300364.SZ,20260107,,39.4787,13.7024,1866417.3023,1691973.9376
301626.SZ,20260107,115.3222,13.7348,20.2136,2163331.68,984027.8816
000592.SZ,20260107,,15.732,21.4168,3017441.7533,2991374.4053
600061.SH,20260107,14.4599,0.922,26.4545,5012883.2498,5012883.2498
688252.SH,20260107,32.7412,3.8646,3.931,910481.5051,405887.6936
002467.SZ,20260107,105.9163,4.3301,10.7321,845853.7019,840633.6336
300164.SZ,20260107,56.5845,2.4764,3.0337,360725.1396,357508.2069
601236.SH,20260107,40.8161,1.6299,18.4576,3985685.642,3985685.642
300487.SZ,20260107,41.515,8.9317,13.4754,3497816.9831,2112660.5054
605011.SH,20260107,43.4645,3.4218,2.5145,817404.3,817404.3
301291.SZ,20260107,20.0843,2.8393,1.8461,1394597.4,722032.278
600345.SH,20260107,84.6298,3.3058,12.989,1163860.4381,747015.8777
000931.SZ,20260107,72.4519,2.2761,1.5003,372797.8561,371759.6183
605580.SH,20260107,52.2468,6.5818,6.9731,635040.0,635040.0
688084.SH,20260107,,4.0769,20.779,639319.1077,626444.3582
603235.SH,20260107,19.1276,2.4664,5.3023,1180254.88,396487.7792
603987.SH,20260107,15.8539,1.4489,1.6973,386559.9288,386559.9288
688708.SH,20260107,58.1701,7.8403,26.2482,2592064.8,921950.748
603379.SH,20260107,20.3637,4.965,6.7838,3683020.0302,3683020.0302
000762.SZ,20260107,,4.984,61.5267,1463502.0644,1463449.7366
002724.SZ,20260107,,1.9395,3.0226,526161.6319,387231.1186
300163.SZ,20260107,23.8003,3.7637,9.0645,220884.0,211466.12
300205.SZ,20260107,,2.127,10.4736,209007.216,209007.216
002828.SZ,20260107,242.5812,3.1376,1.9971,218272.5336,210208.3049
002362.SZ,20260107,,5.1203,2.7915,538778.0398,457537.0261
001216.SZ,20260107,19.465,2.4276,2.9457,439003.6581,427999.2259
600703.SH,20260107,780.5364,2.0817,4.0728,7358802.6223,7358802.6223
002441.SZ,20260107,24.7973,1.1672,0.4692,521672.7774,382318.3804
002607.SZ,20260107,154.3423,20.3222,7.5977,1659030.4356,1367595.2947
600598.SH,20260107,24.868,3.3263,5.3587,2726960.9804,2726960.9804
688682.SH,20260107,527.6359,9.1205,19.8352,586897.5519,586897.5519
688167.SH,20260107,,7.9117,22.4295,1738781.7894,1738781.7894
688689.SH,20260107,50.9587,3.0902,3.6739,373174.9406,373174.9406
300644.SZ,20260107,31.3853,4.0249,1.4611,404846.8021,318976.8815
300222.SZ,20260107,79.806,5.1776,3.22,888797.1692,723803.6073
920184.BJ,20260107,261.8242,4.2115,10.9983,262044.689,173321.303
600533.SH,20260107,,0.8407,0.5088,270900.0,270900.0
002736.SZ,20260107,11.313,1.4527,5.208,14113121.9367,13245927.6815
688220.SH,20260107,,6.713,9.933,3701544.5668,3266513.9489
920418.BJ,20260107,32.3977,5.5201,6.9494,490718.592,471108.8532
300337.SZ,20260107,1211.0575,8.5139,2.4243,1471264.7795,1273405.2214
300871.SZ,20260107,20.6363,2.1084,2.6661,444524.6277,444524.6277
920407.BJ,20260107,95.3434,7.4165,7.3581,203299.304,82765.691
300500.SZ,20260107,,1.831,2.2583,203376.6219,195922.0094
603125.SH,20260107,50.2551,3.1733,7.7133,758663.3668,189675.6919
688300.SH,20260107,55.369,9.7128,14.548,1586452.5783,1586452.5783
603072.SH,20260107,76.1195,5.3122,5.0239,1136932.56,543041.46
300664.SZ,20260107,18.7744,0.9357,2.378,412159.7009,409973.7059
003006.SZ,20260107,30.909,6.1817,2.5559,907845.7803,905574.675
300066.SZ,20260107,51.1799,2.6646,5.8579,696822.2855,673959.9332
002691.SZ,20260107,,3.5285,8.0134,299540.0,295998.6487
600968.SH,20260107,10.1908,1.3605,0.7375,3893234.9082,3893234.9082
001277.SZ,20260107,29.5033,1.9724,2.9219,305064.0,182166.6435
000831.SZ,20260107,504.0761,11.2912,15.2926,5457858.6104,5457858.6104
603917.SH,20260107,286.3043,1.7259,4.378,289860.48,289860.48
002788.SZ,20260107,31.5265,2.9966,0.4643,970903.3233,954102.7087
000848.SZ,20260107,13.8424,2.7066,2.8311,873120.0633,865539.3273
600168.SH,20260107,51.7515,0.9496,1.2874,509612.9529,509612.9529
601568.SH,20260107,76.8099,1.3728,1.6851,1573000.0007,1573000.0007
601086.SH,20260107,82.6808,4.335,9.4283,689310.0,689310.0
002189.SZ,20260107,,11.5281,4.6876,606765.9112,606674.4965
688613.SH,20260107,,2.0622,13.8432,295938.5414,295938.5414
300933.SZ,20260107,221.8237,2.2127,1.5681,474327.4236,474327.4236
600510.SH,20260107,90.2155,0.9108,1.7424,948431.395,948431.395
300712.SZ,20260107,129.3649,3.9961,2.7643,514813.8661,512601.3275
688692.SH,20260107,60.447,9.1116,25.1088,3126556.4,2019302.9065
000935.SZ,20260107,58.1371,2.6818,16.7039,2083428.6688,2083428.6688
002150.SZ,20260107,30.2958,3.7289,2.1208,746637.5534,741829.5595
301191.SZ,20260107,126.5495,4.5545,4.5721,757145.298,569954.144
688439.SH,20260107,78.3936,2.5983,13.3335,1295000.0,1295000.0
000915.SZ,20260107,14.0497,2.8688,3.3246,784307.4803,783799.573
600243.SH,20260107,,3.5673,9.1258,226007.75,226007.75
300759.SZ,20260107,36.423,3.7698,4.0673,5508849.7365,4397253.5311
601059.SH,20260107,31.7015,2.8751,14.6743,5811456.0,1239347.2
600054.SH,20260107,29.499,1.7476,4.0717,836598.2177,588755.1
603579.SH,20260107,34.0331,1.9847,3.4504,545399.6226,545399.6226
002528.SZ,20260107,,32.816,5.6141,332032.9977,290910.8228
002271.SZ,20260107,,1.602,1.2379,3337013.7128,2675229.3273
301152.SZ,20260107,,2.7529,1.9429,370706.3019,221660.0706
688520.SH,20260107,,,11.2725,2127814.0415,2127814.0415
002823.SZ,20260107,22.8353,2.6208,1.8395,532614.4353,355085.4777
301070.SZ,20260107,2179.2265,7.6195,20.5738,599396.8271,394293.9364
000545.SZ,20260107,,3.2998,1.7217,300984.0943,300547.9443
920062.BJ,20260107,51.8832,2.546,1.2432,191159.4586,135114.9581
600643.SH,20260107,,0.7392,6.8106,884209.7818,882645.2024
600875.SH,20260107,27.126,1.991,1.1602,8853402.4346,5794218.4832
002299.SZ,20260107,13.8108,1.886,1.0611,2072267.2389,2043458.9434
603613.SH,20260107,13.9797,2.2608,0.385,2006697.8092,2006697.8092
600688.SH,20260107,,1.2207,0.3702,2962475.5175,2059396.5935
688153.SH,20260107,977.3862,4.1568,7.6523,1661008.2109,1577270.9535
002806.SZ,20260107,37.5682,2.2931,2.2638,264111.6319,216413.5529
000020.SZ,20260107,93.4981,9.6292,4.5801,409167.973,261783.99
300927.SZ,20260107,12.9997,3.6718,2.771,353537.64,345036.9896
600257.SH,20260107,,4.1299,3.5606,329166.2366,329166.2366
002061.SZ,20260107,9.0451,0.6799,0.2209,1072394.1115,1042254.2979
603816.SH,20260107,16.3114,2.5215,1.3225,2604001.3152,2574566.9523
002878.SZ,20260107,,3.7894,1.5552,487566.6039,439071.0115
605136.SH,20260107,,1.854,2.704,453719.4805,453719.4805
300773.SZ,20260107,115.3445,5.9598,3.7624,2045735.4572,1934825.3822
001301.SZ,20260107,23.0771,3.316,3.1517,2242378.6053,1388176.9781
301050.SZ,20260107,110.4488,4.4001,19.8718,1387354.7037,1180572.1176
000829.SZ,20260107,,3.7541,0.1365,1094807.2678,1093770.4865
688498.SH,20260107,600.3802,27.734,131.7098,6022357.1608,5885880.0
920510.BJ,20260107,,9.0362,17.5713,362164.5844,184605.5873
603261.SH,20260107,,2.9489,6.8825,196087.7057,196087.7057
688211.SH,20260107,,1.2123,2.1542,409434.6595,409434.6595
002726.SZ,20260107,,3.916,0.4245,450010.0073,449668.4843
600143.SH,20260107,41.6354,2.6324,0.7209,5021978.4094,5021978.4094
600569.SH,20260107,,2.4528,0.2327,669274.1829,669274.1829
688805.SH,20260107,114.6004,6.6315,14.8584,791114.24,148705.9768
002585.SZ,20260107,,0.9872,1.5571,851426.6686,661375.0938
600809.SH,20260107,17.6079,5.5836,5.7622,21653144.9763,21653144.9763
301228.SZ,20260107,,6.4989,11.5871,448680.0,447760.206
002700.SZ,20260107,38.354,2.0895,4.1327,285817.0758,182054.2279
688783.SH,20260107,,8.3227,39.9716,10474053.2,427018.0181
688192.SH,20260107,,20.0835,48.1638,2927159.5632,2895787.4656
300945.SZ,20260107,35.4075,2.6026,1.5075,429273.3283,390500.2598
002110.SZ,20260107,44.9212,0.5398,0.23,1061506.3112,1061506.3112
002831.SZ,20260107,17.4638,2.2381,1.4723,2576517.2865,1430270.02
920007.BJ,20260107,28.6521,4.978,3.4381,309607.0296,75436.5208
300739.SZ,20260107,134.5731,2.586,3.9843,697987.6884,641362.5954
600894.SH,20260107,11.8567,0.9235,1.1044,787802.4849,779908.6116
002623.SZ,20260107,,1.2769,1.7851,361696.5625,360921.8391
688036.SH,20260107,20.2928,3.77,1.1488,7697971.0524,7697971.0524
920346.BJ,20260107,42.8468,4.4381,7.3959,204840.434,113248.84
300939.SZ,20260107,52.5352,3.0745,3.4097,426720.0,426720.0
603236.SH,20260107,29.5685,4.2321,1.2286,2853481.376,2594073.9818
920033.BJ,20260107,57.5405,2.883,9.9667,219923.6715,152776.7285
000576.SZ,20260107,59.5185,2.8119,9.6931,464348.9797,461579.4377
301076.SZ,20260107,126.2567,7.0763,18.6906,829636.4128,520946.0027
920957.BJ,20260107,278.2686,3.5473,2.2244,138418.7209,55089.1069
000786.SZ,20260107,13.9788,1.6072,1.702,4316870.6025,4284591.8873
688468.SH,20260107,53.7542,2.1557,8.5938,303638.756,303638.756
600663.SH,20260107,26.7134,1.6194,2.0467,4048263.5579,2537169.6642
002552.SZ,20260107,36.2464,5.0235,2.2886,677422.3879,643406.7426
300344.SZ,20260107,,2.8689,2.6941,64812.348,64639.4108
688401.SH,20260107,43.7825,6.9633,9.6148,1057616.0379,1057616.0379
300226.SZ,20260107,40.1417,3.8077,0.1087,809871.1333,778449.7422
300627.SZ,20260107,46.7406,8.0079,8.9064,3207880.3899,2641812.2783
600082.SH,20260107,44.5827,1.515,3.592,269430.2994,264517.8668
603958.SH,20260107,,4.1991,2.205,289116.48,289116.48
301429.SZ,20260107,42.8122,1.6289,2.2424,221662.5,82577.1244
605180.SH,20260107,91.3287,2.1348,6.9524,244036.0,244036.0
002103.SZ,20260107,28.378,4.0678,1.7082,488325.479,344598.0897
300609.SZ,20260107,,5.0586,13.9067,504120.0822,503353.3743
920003.BJ,20260107,20.7661,3.6546,5.5696,215822.1438,44404.1443
002479.SZ,20260107,19.1091,1.0222,0.7732,430770.0,429810.2763
688627.SH,20260107,326.9252,13.5023,23.1988,2296613.1385,1767479.3862
601921.SH,20260107,13.8785,1.3084,1.6398,1780000.0006,1780000.0006
002925.SZ,20260107,60.1244,3.3262,3.9549,1548664.0337,1467747.1312
002123.SZ,20260107,,6.0563,3.3028,1045437.2238,934650.5589
603799.SH,20260107,27.3627,3.073,1.9679,14640839.5493,14543205.1603
001360.SZ,20260107,85.6245,3.0953,5.5464,438804.0,175911.245
301300.SZ,20260107,35.6689,3.5635,5.8733,285572.088,136103.3103
000565.SZ,20260107,545.7039,2.5492,8.6037,317823.0973,317823.0973
605138.SH,20260107,85.2738,1.6183,1.1214,390011.1207,390011.1207
605365.SH,20260107,51.8228,3.7016,2.0256,1380033.3961,1380033.3961
002434.SZ,20260107,37.6709,2.0496,2.0595,1219405.4,1218235.8355
000523.SZ,20260107,13.1426,3.5907,3.2143,679123.3306,490309.257
002530.SZ,20260107,180.4711,6.1527,7.352,815041.2911,727099.0074
688219.SH,20260107,32.6767,2.2847,1.0414,678756.0,678756.0
688575.SH,20260107,61.9162,3.273,4.6594,887366.0299,887366.0299
301638.SZ,20260107,83.3024,6.0287,9.5086,6429252.7651,475129.8815
688186.SH,20260107,23.7351,1.4092,1.3994,674296.4118,674296.4118
603226.SH,20260107,,12.0513,33.1907,1094203.6681,1094203.6681
600129.SH,20260107,,2.8521,1.0051,1009095.2786,1009095.2786
603029.SH,20260107,27.212,2.3773,2.3283,220963.782,220963.782
688166.SH,20260107,367.0232,9.5457,19.309,2278414.2376,2278414.2376
000957.SZ,20260107,20.7618,2.2241,0.9603,687175.6618,687175.6618
002905.SZ,20260107,112.5169,43.3493,3.7442,411694.08,382287.36
300878.SZ,20260107,,4.1298,31.8025,418733.6112,416806.4894
688228.SH,20260107,471.5076,11.6888,25.1787,1558396.0332,1558396.0332
001287.SZ,20260107,51.4023,3.3047,0.2901,1777406.3269,1023065.7308
600987.SH,20260107,9.6853,1.0928,0.6446,704365.0224,704365.0224
603158.SH,20260107,32.7987,2.2055,1.2889,512364.0345,512364.0345
603310.SH,20260107,33.0064,1.4837,5.948,588459.36,314490.24
301177.SZ,20260107,87.398,1.8996,7.7476,1183211.5698,1182427.5647
688469.SH,20260107,,4.3958,7.8677,5809202.2102,3069851.4
603221.SH,20260107,52.438,2.152,2.8875,345779.56,342569.78
600116.SH,20260107,44.9335,1.0988,1.2663,1244805.0305,1244805.0305
605555.SH,20260107,34.072,3.0616,2.102,924087.7974,924087.7974
002100.SZ,20260107,22.1198,1.3918,0.5639,997998.8575,997998.8575
920807.BJ,20260107,101.0695,3.0246,4.802,286097.24,191859.9457
600172.SH,20260107,,8.6469,6.233,853773.2098,755543.404
920163.BJ,20260107,49.6356,3.8687,2.335,187666.7033,87125.6841
605300.SH,20260107,195.8645,1.8661,2.2274,534372.7501,534372.7501
920207.BJ,20260107,,7.0343,6.0891,202091.44,123364.5939
002074.SZ,20260107,22.4177,2.6223,1.8779,7459891.0185,7139400.1769
301419.SZ,20260107,58.1917,4.3135,9.8758,409560.0,144779.46
002693.SZ,20260107,,7.7444,14.0052,302723.5175,300016.5651
600215.SH,20260107,,1.5916,2.9273,319361.1331,319361.1331
301287.SZ,20260107,30.7994,2.5308,4.8583,292947.98,74835.7519
603718.SH,20260107,24.4529,2.7314,17.0068,418968.1458,414698.0283
600273.SH,20260107,12.4753,1.2881,1.3219,1297176.823,1297176.823
920230.BJ,20260107,179.8651,3.0969,4.2596,126299.7387,59210.3976
300481.SZ,20260107,31.9573,1.9975,3.4384,480102.1955,477174.4015
920765.BJ,20260107,,6.4109,3.5455,181749.881,110419.6545
920030.BJ,20260107,,2.6554,0.4845,120359.1053,75396.9687
603206.SH,20260107,106.8329,2.3274,1.2717,527995.9792,527995.9792
601077.SH,20260107,6.0993,0.5516,2.5549,7257123.0,5647636.8994
301278.SZ,20260107,101.8582,2.1462,3.1864,305366.5188,174972.2855
920725.BJ,20260107,,5.2599,18.5815,318549.75,146851.3894
920068.BJ,20260107,134.5705,10.1778,19.8855,1288254.0295,123213.8729
000573.SZ,20260107,39.8113,1.5791,5.9759,259780.2058,257616.6813
300521.SZ,20260107,,8.1604,23.1849,434217.0,434217.0
600639.SH,20260107,12.2316,0.802,5.518,1161697.3443,879994.9876
301149.SZ,20260107,34.2079,2.2958,0.8031,461820.0193,280559.6388
600835.SH,20260107,32.882,2.1473,1.5248,3004808.0869,2369509.6334
000973.SZ,20260107,120.5983,4.9885,6.4389,1451134.7565,1451134.7565
000501.SZ,20260107,36.3336,0.7338,1.3069,798214.4548,797421.2515
000822.SZ,20260107,,1.058,1.0668,507517.122,507517.122
688588.SH,20260107,60.2805,4.7579,5.481,586014.6544,586014.6544
300812.SZ,20260107,,5.1459,9.2489,403281.7665,266906.4961
301205.SZ,20260107,194.4912,13.7942,19.9791,2187873.072,1145980.4756
600386.SH,20260107,4290.4047,1.9736,0.8564,352396.8,352396.8
605116.SH,20260107,24.5889,4.139,6.426,1043890.9114,1043890.9114
002651.SZ,20260107,141.725,4.3543,17.1142,1221549.72,668378.0237
300971.SZ,20260107,38.7479,2.7124,5.6079,285768.0,223711.8701
300808.SZ,20260107,,4.6997,13.4023,455680.0,338625.9981
603809.SH,20260107,37.9616,3.5749,5.0881,1305889.8171,1305889.8171
603010.SH,20260107,184.3206,1.7682,1.9227,639103.1948,639103.1948
600107.SH,20260107,,5.4019,10.0962,246600.0,246600.0
603279.SH,20260107,15.8016,2.2059,1.7375,977528.608,977528.608
002737.SZ,20260107,,2.1471,4.1552,870160.0,870160.0
002193.SZ,20260107,,2.4418,3.9273,133736.6461,133735.8796
603393.SH,20260107,10.34,1.2872,3.0583,1156881.3014,1154971.0123
301009.SZ,20260107,93.4638,2.5993,3.0978,346621.5,192569.6607
002313.SZ,20260107,,290.1865,1.4531,388252.8,388225.501
002385.SZ,20260107,36.9255,2.0182,0.5901,1732931.6617,1420203.3885
300652.SZ,20260107,50.0556,5.453,8.0025,825020.6878,740455.3785
603609.SH,20260107,35.8592,1.0102,0.1787,654256.1424,654256.1424
002238.SZ,20260107,,3.1191,5.1066,662111.307,662111.307
605183.SH,20260107,15.0891,2.3269,3.8053,843411.0181,836406.9145
001400.SZ,20260107,50.7551,4.579,5.5031,563220.0,140805.0
688038.SH,20260107,,3.6392,9.541,215290.79,215290.79
600959.SH,20260107,38.4978,0.772,2.157,1755251.9078,1755251.9078
002163.SZ,20260107,,24.9409,4.8389,1756667.4055,1670578.1111
002065.SZ,20260107,83.8942,2.4778,2.2186,3022769.8796,2742170.115
688041.SH,20260107,218.7612,23.6449,41.3681,51774630.977,51774630.977
603016.SH,20260107,69.1127,5.5533,7.294,457962.56,457962.56
920856.BJ,20260107,40.9682,3.4766,2.8941,164473.9398,91740.804
002926.SZ,20260107,16.2136,1.0227,4.7981,2485875.0,2485875.0
000776.SZ,20260107,12.7584,1.3964,5.1467,17615138.2035,13673778.2043
600265.SH,20260107,,297.298,10.4369,258302.0,258302.0
600702.SH,20260107,127.9005,2.6863,4.141,1904379.0645,1903577.8445
002201.SZ,20260107,89.3555,5.9958,3.9903,697902.4141,644767.0828
603722.SH,20260107,,4.2042,9.1454,401531.9772,393231.7972
301398.SZ,20260107,98.6792,6.0982,16.5691,684096.0,227333.652
600824.SH,20260107,266.5622,2.067,7.649,498554.8055,498554.8055
600011.SH,20260107,7.9981,1.7423,0.4975,11647985.2724,8160300.7599
301208.SZ,20260107,71.8806,3.0381,4.2398,466680.2333,256954.2413
600305.SH,20260107,59.2101,2.626,3.8469,881857.8078,879081.6177
600292.SH,20260107,15797.4056,1.9873,12.5377,5720549.2985,1019746.8583
920781.BJ,20260107,,3.6602,4.6545,144674.7625,95548.9673
600406.SH,20260107,23.595,3.8318,2.9614,18858563.4543,18775770.9127
000055.SZ,20260107,409.3147,0.7389,1.1913,449953.3011,283182.084
000997.SZ,20260107,25.1951,3.8885,3.4679,2794124.0496,2778517.8128
000049.SZ,20260107,25.2451,1.5819,0.4789,1053909.5832,1053625.5219
301213.SZ,20260107,,8.4484,42.6573,662879.9917,428477.752
002440.SZ,20260107,30.3669,0.9195,1.5092,873347.9262,735320.6858
920892.BJ,20260107,26.5886,6.9785,4.65,271029.0026,235920.8097
605196.SH,20260107,61.9886,5.6118,2.6561,1852385.0811,1830490.0811
002534.SZ,20260107,72.806,2.6338,2.3843,1404371.0974,1385566.1047
600881.SH,20260107,,3.5823,0.8992,607644.3857,607644.3857
688231.SH,20260107,86.8634,2.4483,4.0568,671204.5718,343814.1839
003037.SZ,20260107,57.6536,1.7455,0.7692,489444.0119,489444.0119
688386.SH,20260107,66.1387,10.0713,12.2974,815178.0,815178.0
603111.SH,20260107,16.4525,1.5084,1.3676,598249.2864,587477.7866
002984.SZ,20260107,15.3756,1.716,2.6356,2268808.0873,1562871.5321
603011.SH,20260107,,6.0837,5.6029,1277566.9052,1277566.9052
300484.SZ,20260107,74.9269,6.0001,8.6037,405212.5884,325385.7345
605198.SH,20260107,36.4151,4.6171,7.3623,1261893.888,1021543.936
605050.SH,20260107,18.947,1.5572,0.5811,678132.9531,678132.9531
300166.SZ,20260107,,2.0104,4.2976,1176324.3577,935668.2215
600571.SH,20260107,73.5426,6.1593,3.5451,738181.8831,724620.9458
002091.SZ,20260107,12.8004,0.9558,0.3739,1476337.2238,1448319.7898
920914.BJ,20260107,43.3853,3.0133,2.8363,287700.0,287473.4363
300321.SZ,20260107,490.1605,6.1595,10.0079,390364.8,389907.1764
002861.SZ,20260107,325.5745,3.1159,4.0396,343135.058,276610.1007
300668.SZ,20260107,,4.699,6.5598,368366.6954,305063.2177
920058.BJ,20260107,34.7905,5.5864,2.5766,192384.5695,94703.9396
920634.BJ,20260107,81.874,5.935,1.8335,168271.7809,106527.1331
688710.SH,20260107,38140.7847,3.3365,9.3955,779758.2506,501628.3149
301305.SZ,20260107,20.7714,1.494,3.1436,563750.3127,289118.342
001260.SZ,20260107,50.9235,2.7432,3.9803,227010.0,62674.5
603273.SH,20260107,136.1574,4.982,7.6472,438485.2164,114695.4864
688158.SH,20260107,,5.6034,8.2416,1348381.5144,1198175.3981
600241.SH,20260107,1072.39,2.0704,6.3279,241916.3385,241916.3385
601766.SH,20260107,13.3171,1.2073,0.7243,20117903.7257,17053786.4316
688420.SH,20260107,171.0964,1.4908,3.928,214000.6,101008.38
300960.SZ,20260107,81.4651,5.9773,7.9045,360388.4412,326541.2712
688048.SH,20260107,,7.5889,55.721,2280709.9025,2280709.9025
601169.SH,20260107,4.4656,0.4223,1.6824,11734356.271,11734356.271
001358.SZ,20260107,50.4269,2.2419,6.5171,320812.8,132742.306
001896.SZ,20260107,31.4525,2.3322,0.7034,804086.7609,804086.7609
603787.SH,20260107,52.3627,1.9236,0.7189,305861.0969,305861.0969
300323.SZ,20260107,,1.9939,2.5528,1353580.9967,733302.7282
688499.SH,20260107,,4.64,4.1148,1063158.3415,1063158.3415
601963.SH,20260107,6.7016,0.6853,2.524,3731707.8106,2018480.2214
301459.SZ,20260107,36.2341,3.754,4.9117,467819.3373,117262.7666
002454.SZ,20260107,26.5821,1.3898,1.0458,551894.6448,550487.7622
603949.SH,20260107,50.1785,3.644,9.4542,385746.7144,384045.0356
300513.SZ,20260107,,2.458,3.4099,324356.6543,298079.2783
600258.SH,20260107,22.8298,1.5873,2.5021,1912741.1548,1912741.1548
300492.SZ,20260107,87.6326,50.6401,4.7793,1513264.0603,1513264.0603
600352.SH,20260107,18.0552,1.0965,2.5056,3744584.9709,3744584.9709
688230.SH,20260107,87.8534,4.0122,23.1592,901756.8,901756.8
600706.SH,20260107,112.8471,4.3847,3.0033,278270.2254,277146.9318
300260.SZ,20260107,144.7329,12.0843,8.537,2511681.7856,1771555.9443
301517.SZ,20260107,,7.894,18.4783,1057602.9983,686412.4604
301193.SZ,20260107,,2.8364,1.7514,432320.4329,306729.9329
300101.SZ,20260107,268.1632,8.9955,17.1082,1658284.644,1652846.7718
000669.SZ,20260107,,,1.6238,205483.4567,205483.4567
605389.SH,20260107,101.2739,5.462,12.0428,1149814.8186,1087408.7448
600477.SH,20260107,62.5604,1.4015,0.9094,703582.9466,703582.9466
000928.SZ,20260107,12.5755,1.1174,0.6639,943996.1606,943984.6127
688337.SH,20260107,105.6824,2.4528,9.1812,769681.4355,738090.3391
688091.SH,20260107,443.8501,6.9769,41.2567,1019255.6488,1019255.6488
002662.SZ,20260107,25.3503,1.3558,2.0843,597000.0,596992.4778
600482.SH,20260107,27.6092,1.2829,0.9139,5122434.698,5122434.698
603713.SH,20260107,15.76,2.0335,0.7141,945126.2146,945126.2146
301210.SZ,20260107,81.0907,2.3696,2.7368,432439.8822,163989.3626
300798.SZ,20260107,,2.0317,2.904,341326.6904,277664.1074
688538.SH,20260107,,4.3192,7.1105,3742357.5964,1558855.8815
002888.SZ,20260107,170.6679,7.5705,9.8793,287904.6534,146099.889
301173.SZ,20260107,25.2565,2.7609,1.7158,406060.151,82096.1956
000791.SZ,20260107,8.1494,1.4562,1.6185,2124715.031,1267832.2698
002625.SZ,20260107,148.3306,11.2037,56.727,10691064.9712,10691017.8322
600373.SH,20260107,30.5541,0.7285,1.6201,1270412.2556,1251696.25
300507.SZ,20260107,67.4037,3.6214,3.0829,767019.7369,742442.0946
605338.SH,20260107,27.2849,3.4132,4.2553,773321.1849,773321.1849
603489.SH,20260107,87.5152,2.5827,5.0466,695642.3077,695642.3077
301303.SZ,20260107,18.5276,1.861,3.6316,626281.6,155857.7366
002158.SZ,20260107,24.9923,3.0558,4.3203,1331997.8302,1329165.5882
688356.SH,20260107,151.6403,4.4292,22.8008,574847.3346,574847.3346
002637.SZ,20260107,29.0019,1.2711,0.3719,479809.02,451577.613
601005.SH,20260107,,0.8092,0.5159,1327764.5651,1247045.4851
600281.SH,20260107,,23.9415,6.7387,312756.4312,312756.4312
600008.SH,20260107,13.0429,1.0684,1.1364,2231539.5658,2231539.5658
000819.SZ,20260107,,2.8078,1.6828,595641.2637,589238.0773
002661.SZ,20260107,26.7497,1.318,0.7158,306819.8604,289720.6435
300107.SZ,20260107,330.4738,2.5587,7.6905,384943.0713,237544.73
000001.SZ,20260107,5.2388,0.5094,1.6636,22588488.7825,22588119.1601
002130.SZ,20260107,34.2459,5.6265,4.2421,3473540.3354,3155418.8975
603789.SH,20260107,,8.7324,3.9997,150911.8812,145080.0
002078.SZ,20260107,14.23,1.4967,1.1557,4471256.1904,4443832.3008
002361.SZ,20260107,394.2068,6.1912,5.4479,1370441.3903,1165946.2199
600696.SH,20260107,,3.2122,10.4034,92313.563,92313.563
688403.SH,20260107,79.2241,4.115,8.406,1451134.7733,1451134.7733
601939.SH,20260107,7.0141,0.6987,3.133,236486744.8389,8672666.4758
603727.SH,20260107,140.971,1.3062,1.8824,414972.495,414972.495
002066.SZ,20260107,243.0015,6.2338,1.1447,440450.625,433125.0
688313.SH,20260107,122.2023,28.5665,21.0617,4013638.5926,4013638.5926
688336.SH,20260107,44.665,6.6134,28.3733,3887600.8533,3887600.8533
301658.SZ,20260107,79.8534,3.9265,5.1452,1240412.3741,124041.2389
002939.SZ,20260107,17.477,1.348,7.9676,4215976.169,3764779.3144
603272.SH,20260107,96.1374,3.6021,8.7247,201036.38,201036.38
000815.SZ,20260107,,5.9156,17.7407,798857.2272,798857.2272
601128.SH,20260107,5.5738,0.7863,2.0171,2338146.5831,2338146.5831
001239.SZ,20260107,36.7007,2.8194,1.995,388560.0,184566.0
000002.SZ,20260107,,0.3211,0.1982,5643225.5798,4595857.0245
300929.SZ,20260107,,1.7502,3.7571,140853.7311,135112.6815
301563.SZ,20260107,106.7215,10.1596,4.1193,1218973.3733,261176.0112
600182.SH,20260107,37.0139,4.5842,1.0697,516800.0,258400.0
603187.SH,20260107,15.6067,1.4114,1.8932,596626.4692,590366.7597
301108.SZ,20260107,72.831,2.0419,5.4483,383704.2631,221219.0575
688511.SH,20260107,588.1144,3.8385,24.7959,326482.5259,326482.5259
002211.SZ,20260107,,104.5499,3.1328,141852.0555,141852.0555
301366.SZ,20260107,359.0551,3.7152,7.6274,794351.738,289213.0661
688799.SH,20260107,30.8094,3.2947,4.5915,656337.36,656337.36
002702.SZ,20260107,,3.7309,2.5421,390143.52,322038.1125
300800.SZ,20260107,69.2341,1.3889,3.481,278902.102,276101.407
002157.SZ,20260107,,2.6001,2.2297,3052553.6544,2387303.8883
301319.SZ,20260107,76.9378,5.6315,4.6589,660311.8706,496172.156
301283.SZ,20260107,26.0678,2.4363,1.9015,398791.9793,227356.2797
300957.SZ,20260107,47.3276,2.8037,3.2892,1704566.4,1704566.4
600623.SH,20260107,24.4442,0.775,0.3714,1717370.5055,1514320.1586
301115.SZ,20260107,97.444,1.1797,2.1076,297860.8316,197808.6172
002277.SZ,20260107,,1.6279,10.2668,1094425.648,1094425.648
002219.SZ,20260107,314.1949,3.7518,2.1884,738449.2222,713305.531
600681.SH,20260107,16.9639,1.6225,1.0766,569863.2943,569418.7281
000089.SZ,20260107,24.5697,1.2405,2.8074,1435538.6563,1435519.6821
300479.SZ,20260107,160.4724,8.4932,3.6145,373589.48,373376.18
600319.SH,20260107,,8.766,3.9519,353203.2488,353203.2488
002891.SZ,20260107,35.6584,5.4889,3.0906,1587329.2883,1587328.5061
301133.SZ,20260107,99.213,3.4985,4.0196,449722.484,410342.0272
300982.SZ,20260107,548.6214,1.7068,2.8888,495474.5595,464189.7675
600081.SH,20260107,124.3424,1.4209,0.9829,651464.8283,651464.8283
603662.SH,20260107,59.6909,7.0226,13.2637,1933794.471,1933794.471
300716.SZ,20260107,,,31.4129,199704.96,199704.96
601016.SH,20260107,21.3925,1.1159,4.162,1925673.7366,1774216.3872
600769.SH,20260107,266.4048,40.9691,62.4588,492345.0636,492345.0636
688015.SH,20260107,31.7497,1.6888,1.8988,438305.3637,438305.3637
003041.SZ,20260107,31.8615,5.4425,8.1324,796464.0,756770.2254
002174.SZ,20260107,,2.4872,8.4678,1233127.3794,1232435.2655
002214.SZ,20260107,,8.1173,26.4856,1147540.6455,917321.1954
000697.SZ,20260107,,,6.7737,1235538.1455,578000.003
000026.SZ,20260107,46.0017,2.0126,1.9007,679654.7117,610642.9965
603636.SH,20260107,,3.0797,7.0798,692370.1039,692370.1039
920571.BJ,20260107,,4.163,5.8121,551519.6008,279225.0025
002640.SZ,20260107,,8.2908,1.2771,707350.7638,702910.9503
600021.SH,20260107,23.2059,2.896,1.4459,6119258.5957,6119258.5957
001226.SZ,20260107,153.6791,4.5226,5.0408,329578.8138,149752.4538
300910.SZ,20260107,21.8215,4.746,5.1022,1738619.7583,1218980.6554
000978.SZ,20260107,,3.0384,7.858,336585.47,336577.3813
603683.SH,20260107,121.6617,4.8449,3.834,780045.7214,768171.9898
300291.SZ,20260107,,2.4955,30.6991,761988.7277,752983.743
002232.SZ,20260107,870.3689,6.0871,9.6564,823633.6853,823633.6853
688279.SH,20260107,107.5531,4.4122,30.5156,2213401.8345,1797909.9345
000546.SZ,20260107,,1.2876,0.5815,522579.6321,468185.8984
002169.SZ,20260107,,3.5272,2.9044,930635.1678,902063.3468
002977.SZ,20260107,,3.9003,50.8383,408287.88,226441.9578
688065.SH,20260107,67.317,2.274,12.1712,4001715.7771,3236581.3604
002563.SZ,20260107,15.8862,1.3211,0.9689,1460196.8667,1196975.7483
300044.SZ,20260107,,42.38,44.8123,304783.822,285435.903
603219.SH,20260107,63.1718,6.0223,3.0927,969537.8,969537.8
002264.SZ,20260107,26.6106,3.3044,1.9697,659347.1508,599781.054
688687.SH,20260107,32.5744,2.481,3.8869,445652.1082,445652.1082
300615.SZ,20260107,189.1891,4.9045,5.8189,261245.8784,169341.2786
688459.SH,20260107,35.3447,1.3689,3.9932,465600.0,170317.419
603688.SH,20260107,137.8757,3.7046,22.2303,2148296.0942,2148296.0942
688582.SH,20260107,86.2717,11.3556,52.1508,2785256.8752,1734768.7152
300489.SZ,20260107,247.7523,11.1726,3.6433,707776.0447,705159.7693
600000.SH,20260107,8.0379,0.5413,2.2673,39267583.3557,39267583.3557
301156.SZ,20260107,42.1715,3.487,4.6001,248344.1667,157392.9123
601901.SH,20260107,16.3165,1.3216,5.8006,6593913.2174,6593913.2174
002026.SZ,20260107,20.1081,1.7686,3.2483,664322.164,637874.5735
688249.SH,20260107,92.9796,3.492,7.0505,7476271.4796,4424924.7109
002412.SZ,20260107,19.1022,1.4534,3.1256,328589.6,325092.785
601777.SH,20260107,995.7579,5.0816,5.7952,5312292.5834,5312292.5834
920699.BJ,20260107,29.818,7.1759,5.7782,236977.8082,108426.3082
301360.SZ,20260107,129.3842,3.5476,11.6742,410077.92,195736.48
000333.SZ,20260107,13.4831,2.7736,1.3363,60298542.6112,54336026.9343
605228.SH,20260107,108.6627,4.3489,4.0805,703359.4589,698717.6279
300511.SZ,20260107,,2.6163,2.1346,394120.9148,344433.2205
301148.SZ,20260107,99.7363,3.2049,10.8016,568505.7504,287300.6304
000610.SZ,20260107,,19.0953,5.6682,298539.1032,296970.9147
300497.SZ,20260107,,3.9862,8.8265,856451.8051,700939.8723
002570.SZ,20260107,48.5617,3.8804,2.4546,667466.7798,667437.1158
600793.SH,20260107,228.7672,15.6774,1.2945,373090.5402,373090.5402
920580.BJ,20260107,102.0409,3.974,10.2776,133300.0,73011.2357
301665.SZ,20260107,27.8598,3.7037,2.5483,1300500.0,110542.5
301468.SZ,20260107,168.9782,3.3689,16.4494,757002.5364,436365.1617
600467.SH,20260107,96.3703,1.1531,2.8588,394468.4621,394468.4621
603336.SH,20260107,551.6239,3.7409,5.045,533237.7958,533237.7958
301595.SZ,20260107,72.2757,6.1725,4.9688,533279.0,119987.775
300962.SZ,20260107,42.3282,4.3519,11.9253,435075.1263,435075.1263
001979.SZ,20260107,20.3469,0.8103,0.4198,8006236.5678,7471652.6185
688472.SH,20260107,45.149,2.5173,1.3374,5785306.4979,2140075.1729
603626.SH,20260107,,5.023,3.3346,1071472.6814,1071472.6814
688347.SH,20260107,4036.652,4.8904,13.2149,21764225.6814,5111961.75
688283.SH,20260107,116.935,5.6416,20.7688,545298.6,545298.6
002635.SZ,20260107,65.4893,1.5835,1.971,923561.4864,553492.3618
002463.SZ,20260107,40.9318,10.144,7.9291,14147920.724,14136502.6931
603959.SH,20260107,,119.7161,2.6931,284373.4154,284373.4154
688361.SH,20260107,2442.5086,12.4635,35.4185,6267921.9423,4444409.9024
300624.SZ,20260107,,13.1987,9.3201,1425275.3805,1262331.2684
000839.SZ,20260107,,6.8496,3.2336,1050513.4623,1050513.4623
300274.SZ,20260107,23.477,8.3603,3.813,35961925.3607,27575100.1024
301356.SZ,20260107,52.1194,1.5698,3.0226,471096.0,119540.61
600152.SH,20260107,,2.3025,2.6931,392047.8169,392047.8169
300049.SZ,20260107,168.9641,10.922,14.1554,2081120.7186,1833919.5401
600540.SH,20260107,,6.2512,0.629,272665.7942,272665.7942
300741.SZ,20260107,,1.6854,8.9728,1148000.32,1147994.1688
002686.SZ,20260107,302.4404,2.2529,2.1912,369754.1538,341344.393
300810.SZ,20260107,,6.2906,19.5745,468068.25,451972.4316
920876.BJ,20260107,,6.6093,3.3191,166548.8101,100078.3522
600927.SH,20260107,37.0063,1.78,2.045,2334711.1118,2334711.1118
688157.SH,20260107,146.4605,4.3666,7.6482,590527.327,590527.327
002587.SZ,20260107,,3.2732,5.5293,435231.4962,349626.0524
920199.BJ,20260107,365.2234,7.2187,13.6401,379303.4762,205827.8732
603327.SH,20260107,112.2344,5.4843,4.3161,1110566.9281,1110566.9281
601311.SH,20260107,14.7477,1.1157,0.6702,1099237.9126,1099237.9126
002512.SZ,20260107,,17.6192,3.7879,684185.4287,673087.8459
600966.SH,20260107,61.015,1.2247,0.4655,903706.7387,903706.7387
300986.SZ,20260107,60.1955,3.7371,2.8999,795933.7197,795315.2112
603312.SH,20260107,26.6585,4.8754,2.7264,775197.5775,246704.9775
000430.SZ,20260107,,22.9803,13.4351,615322.8827,281622.9294
601238.SH,20260107,,0.7811,0.8711,8626717.7514,6246608.1654
301613.SZ,20260107,34.9449,4.8853,2.8169,775016.6388,452059.9188
600929.SH,20260107,,1.2233,2.0587,921743.6499,921469.5299
300008.SZ,20260107,48.1646,6.0494,2.974,1413527.8308,1347483.2781
600028.SH,20260107,20.4617,0.8882,0.2614,73764563.6754,57799009.9788
002348.SZ,20260107,,12.5522,16.6369,558848.0,533084.4694
300331.SZ,20260107,,6.9536,5.5745,1087984.9783,880804.9143
603389.SH,20260107,,50.4702,56.5426,1180544.736,1180544.736
002825.SZ,20260107,23.7212,2.3852,1.9848,386276.2286,290151.273
605018.SH,20260107,62.7622,1.96,2.5911,531174.3461,531174.3461
002132.SZ,20260107,324.9735,1.4174,0.9425,491942.189,491218.2368
688020.SH,20260107,,4.9127,18.2975,679412.504,679412.504
300659.SZ,20260107,,3.3359,4.8581,400743.8697,292922.0699
600118.SH,20260107,2062.4527,18.6619,18.0,11852088.6001,11852088.6001
300036.SZ,20260107,,3.4687,6.1586,934285.5058,831353.8652
000837.SZ,20260107,295.3732,2.745,3.2584,1334182.1714,1313653.9514
688699.SH,20260107,,4.2303,8.1742,512460.9638,512460.9638
300413.SZ,20260107,49.9327,2.018,3.6324,4673060.5959,2552206.4951
920855.BJ,20260107,29.5054,2.3708,4.9134,136014.6661,122007.178
002324.SZ,20260107,92.1249,5.1772,2.5293,2368163.872,1652691.5231
300004.SZ,20260107,93.8558,3.479,10.4415,619191.7414,619191.7414
300756.SZ,20260107,105.7548,5.8876,12.5629,862062.0227,717830.0309
300915.SZ,20260107,384.1533,1.946,2.8445,299245.7793,136978.2409
001318.SZ,20260107,37.7348,3.0482,8.9696,439536.3,439536.3
300373.SZ,20260107,29.7294,4.2031,5.5846,3885480.0248,3876899.3469
002303.SZ,20260107,19.2007,1.4024,1.5261,620186.0924,391609.4878
603119.SH,20260107,150.5595,20.5191,31.2635,4019350.7575,2252868.2872
605117.SH,20260107,26.1378,9.567,6.6614,8018226.716,8018226.716
688162.SH,20260107,46.7807,1.8234,1.0527,437077.2707,437077.2707
301276.SZ,20260107,28.8003,1.8638,3.4668,388411.2,138054.1257
920204.BJ,20260107,85.4983,3.5329,5.5396,172640.9563,91526.0835
300738.SZ,20260107,120.9278,5.6307,8.2182,1978239.4019,1977679.2422
603977.SH,20260107,58.6913,2.6688,3.9668,893345.7487,893345.7487
600801.SH,20260107,15.7873,1.6783,1.5003,5180857.1573,3343510.5413
603335.SH,20260107,,10.8041,2.4548,233766.9516,233766.9516
603759.SH,20260107,18.5971,1.7254,1.9567,491312.64,491312.64
002004.SZ,20260107,,0.9921,0.8126,962240.7268,914467.0425
301355.SZ,20260107,381.3992,1.7701,1.5551,266893.9655,137081.0255
300244.SZ,20260107,,1.6557,1.0198,1071214.7533,859500.8306
920786.BJ,20260107,101.2235,2.8561,1.4527,214070.272,145609.1699
300896.SZ,20260107,30.0125,5.9506,17.486,4397873.0146,3031669.8784
300687.SZ,20260107,134.0978,3.5097,4.4259,969977.5738,781580.2926
603203.SH,20260107,38.1178,6.4699,8.8251,944380.3423,927597.8029
600850.SH,20260107,40.0259,4.1776,1.8033,2014068.4721,2014068.4721
603703.SH,20260107,,7.6039,6.9826,629112.8939,629112.8939
605151.SH,20260107,,1.8484,1.3502,251885.5036,251885.5036
300281.SZ,20260107,1951.8109,2.7003,7.7449,338909.1762,321436.6628
300677.SZ,20260107,15.1205,1.4172,2.6134,2574138.3462,1829329.6465
300058.SZ,20260107,,6.4713,0.7724,5134016.3546,4976442.5539
002032.SZ,20260107,16.1727,6.3576,1.5439,3521976.0265,3519738.5936
002614.SZ,20260107,66.164,1.0494,0.8848,453271.8676,320613.7473
002816.SZ,20260107,,9.9535,12.3051,230300.0,230300.0
000713.SZ,20260107,82.4736,2.1715,1.5153,413846.0965,413846.0965
600420.SH,20260107,15.0082,1.0237,1.507,1396160.7724,1396160.7724
301286.SZ,20260107,91.1156,9.6034,16.863,1834458.5,739466.0398
600423.SH,20260107,486.1633,5.3291,20.0926,297913.2447,297913.2447
600491.SH,20260107,,0.4568,0.7316,448219.0808,448219.0808
300746.SZ,20260107,,4.0413,2.6113,310841.6777,307822.0847
688282.SH,20260107,232.982,4.8139,25.991,615560.0,615560.0
601133.SH,20260107,48.4353,3.0873,1.9292,903439.5235,255600.719
301033.SZ,20260107,50.1366,6.713,15.1729,510918.1044,430294.6944
002278.SZ,20260107,100.942,3.4589,5.9803,481306.7859,412151.8797
301128.SZ,20260107,75.1286,11.3223,5.8813,1007517.9698,859373.4074
300869.SZ,20260107,,3.598,12.7534,624803.9713,393976.6878
601633.SH,20260107,17.5098,2.2167,0.8938,19084054.754,13846612.307
603128.SH,20260107,21.2937,1.3109,0.4722,794591.2219,794591.2219
688163.SH,20260107,53.2387,2.1556,12.3255,242521.02,242521.02
300920.SZ,20260107,124.4603,3.6691,9.8492,435000.0,240908.7029
600536.SH,20260107,,12.4333,8.0037,4382260.4387,3959277.1152
600268.SH,20260107,25.3527,3.2972,1.1548,1131680.0467,1126066.1495
300588.SZ,20260107,,18.9009,28.4616,517929.1362,478303.5912
600009.SH,20260107,34.5012,1.9662,6.3328,8164155.0842,6713843.0887
920419.BJ,20260107,25.3007,2.7628,2.0286,166633.2232,155845.3163
603028.SH,20260107,,5.4367,1.5317,278428.8,275664.3
688691.SH,20260107,,10.3908,18.7507,1303320.0,776181.4736
603112.SH,20260107,17.3525,2.2092,2.3082,928553.1978,868436.5945
002421.SZ,20260107,,2.0633,2.4535,612848.0937,579934.1339
600736.SH,20260107,46.6867,1.0764,1.4596,803602.4491,803602.4491
688311.SH,20260107,,5.5805,29.363,882589.9693,882589.9693
601007.SH,20260107,97.0297,1.9304,1.7315,305760.0,305760.0
600059.SH,20260107,40.7949,1.4437,4.5833,839530.5624,839530.5624
000932.SZ,20260107,14.1137,0.7049,0.3068,3910285.9944,3910237.366
002841.SZ,20260107,30.7219,2.1219,1.1949,2788242.2793,2088509.8567
688475.SH,20260107,43.5545,4.2563,4.1611,2401875.0,2401875.0
300987.SZ,20260107,134.2501,3.7427,8.9673,296632.648,296632.648
688138.SH,20260107,49.4859,3.5736,7.962,966436.0,966436.0
688018.SH,20260107,62.314,6.7115,11.7822,2897424.0784,2716441.6859
603920.SH,20260107,46.9403,5.9371,7.0695,3834992.3111,3834992.3111
601377.SH,20260107,19.5556,1.181,5.1329,6580622.318,6580622.318
300916.SZ,20260107,35.5309,3.5487,3.043,484846.7115,313161.1564
300039.SZ,20260107,18.5255,1.4183,5.4662,640152.0,561158.8503
003026.SZ,20260107,94.0808,6.2823,9.7901,413614.229,305363.7406
688351.SH,20260107,225.6462,6.5836,25.71,1179323.6,312898.8618
301099.SZ,20260107,66.5063,5.3477,1.1555,692995.7963,424212.2813
300132.SZ,20260107,32.8503,3.1131,2.0824,438577.1722,431361.0101
605166.SH,20260107,16.1732,1.712,0.5379,333616.6048,333616.6048
600326.SH,20260107,,3.7687,4.3323,1519147.8316,1519147.8316
001373.SZ,20260107,,2.7392,4.2586,238206.1276,114900.8466
920029.BJ,20260107,18.9786,3.5591,4.0778,1274285.1697,291703.8395
600372.SH,20260107,81.9235,1.7738,2.8145,6779294.1786,6779294.1786
301098.SZ,20260107,,1.3131,1.8902,156897.0489,127684.9976
603120.SH,20260107,40.2482,3.142,5.7838,358255.2,89563.8
301469.SZ,20260107,38.8973,1.982,2.584,273003.48,140525.0479
688012.SH,20260107,115.2711,10.2745,18.985,22061603.7468,22061603.7468
600971.SH,20260107,282.233,0.6475,1.45,775203.1551,775203.1551
300992.SZ,20260107,274.4311,3.1531,3.157,272665.8277,221630.5577
002192.SZ,20260107,81.5124,4.1585,21.5553,1438230.1694,1435266.9429
688373.SH,20260107,,16.4694,31.0307,424176.7527,391444.7089
300736.SZ,20260107,,25.0807,4.8527,205718.393,201138.6691
688212.SH,20260107,,5.0255,9.3196,625924.082,625924.082
002022.SZ,20260107,,0.9987,1.935,309638.4339,309579.7389
300236.SZ,20260107,95.0379,4.4992,13.5588,2443121.41,2172955.4347
300909.SZ,20260107,97.0901,3.9876,5.1844,804151.3794,568159.1761
600622.SH,20260107,,1.4994,2.809,440907.5082,440907.5082
603588.SH,20260107,22.2455,1.3168,0.9549,1261238.1304,1261238.1304
002432.SZ,20260107,10.0606,0.8565,12.1099,1900592.3059,1791989.9542
688050.SH,20260107,33.8941,4.3532,8.2713,1223468.4851,1223468.4851
300592.SZ,20260107,144.8688,1.8994,0.4548,438732.1939,378539.1118
600684.SH,20260107,139.3183,3.9568,3.0497,486672.6845,375522.7181
920378.BJ,20260107,82.7272,4.0635,4.118,155214.948,111159.4995
002815.SZ,20260107,55.4076,1.9359,2.3467,1712150.2067,1092661.6717
688068.SH,20260107,,6.0864,41.0868,1784998.6768,1784998.6768
002862.SZ,20260107,,8.0794,7.1085,323232.0,242900.9904
300408.SZ,20260107,34.7889,4.217,10.4158,8856134.3514,8640382.8466
600819.SH,20260107,55.8612,2.2668,1.4406,803092.9033,642030.4016
300580.SZ,20260107,42.6772,3.9404,8.9234,1280891.7505,1204811.9384
603086.SH,20260107,22.348,1.6941,1.4443,366112.6664,366112.6664
300103.SZ,20260107,,5.1457,15.6032,250269.588,250061.79
603982.SH,20260107,,1.3036,1.1485,305978.0978,284545.8732
603022.SH,20260107,40.6419,2.6003,2.2407,213200.0,213200.0
300009.SZ,20260107,25.0611,4.0199,6.5023,1675866.3005,1232036.9736
603079.SH,20260107,56.012,2.1715,4.074,342143.6194,342143.6194
300681.SZ,20260107,47.4993,2.654,2.5205,801610.0266,593794.367
300848.SZ,20260107,78.0569,4.3125,3.9207,665793.1476,393858.6287
300972.SZ,20260107,38.1178,20.1517,0.8404,4057387.7446,3608491.1221
600446.SH,20260107,,4.2077,5.1886,1549326.2704,1549326.2704
300197.SZ,20260107,,5.4708,7.7922,536718.9525,536705.3775
300401.SZ,20260107,28.5779,2.7295,6.9477,862486.7392,848437.744
002532.SZ,20260107,18.2042,3.0657,2.8962,8577050.43,7610006.8586
002807.SZ,20260107,5.1643,0.5977,2.7237,1129779.2902,1128229.5308
601688.SH,20260107,14.6284,1.3332,6.1246,22765750.4683,18427643.9433
300251.SZ,20260107,22.6914,4.5745,13.0766,4916694.212,4651511.7568
300454.SZ,20260107,73.1299,5.6719,6.3528,5089601.704,3352180.6483
688229.SH,20260107,,6.7737,20.7781,283494.0,283494.0
000056.SZ,20260107,,,0.7034,242418.2851,185263.9393
920145.BJ,20260107,,6.0027,23.1295,156338.8,107682.088
600309.SH,20260107,23.1124,2.4391,1.4353,25647954.0318,25647954.0318
300106.SZ,20260107,,5.9265,2.5325,228661.5594,228661.5594
600271.SH,20260107,,1.5663,3.4522,2115994.2566,2115994.2566
600095.SH,20260107,81.971,2.7184,127.1245,3322376.1574,3322376.1574
301083.SZ,20260107,89.6295,4.1269,9.1668,344705.6006,165912.0191
603075.SH,20260107,28.899,4.3749,4.4587,916856.5269,93956.2603
002033.SZ,20260107,24.17,2.0052,6.1118,508828.3984,508818.6476
688195.SH,20260107,298.8277,24.0387,43.118,2321573.8,2321573.8
002856.SZ,20260107,,20.3052,4.1071,168735.0716,154508.8404
002600.SZ,20260107,51.594,5.1284,2.3479,11813900.5998,11638416.6482
600754.SH,20260107,49.2129,1.7131,2.0081,2713729.54,2305882.1403
002789.SZ,20260107,,,0.3782,168083.5602,164758.8022
688072.SH,20260107,110.0507,17.569,17.7183,10712064.5691,10712064.5691
300240.SZ,20260107,,1.9076,0.4488,281644.7161,275441.1903
301329.SZ,20260107,56.2568,2.5468,4.608,394864.0,139070.08
300405.SZ,20260107,,4.3751,3.2245,183136.0001,140922.2432
002393.SZ,20260107,14.482,1.1251,4.2362,559028.584,544706.4452
920826.BJ,20260107,42.9583,5.2051,3.2801,195879.0447,87089.4154
300724.SZ,20260107,9.9539,2.5473,1.7371,3413261.6588,2819601.6002
001288.SZ,20260107,42.4936,3.4948,4.0329,766414.7289,495141.8467
603214.SH,20260107,21.4087,2.0629,0.6373,237319.0817,237319.0817
920171.BJ,20260107,,11.2888,11.847,237352.3005,159512.2877
688443.SH,20260107,,5.872,46.6243,1049804.84,334054.84
301390.SZ,20260107,82.7546,2.1433,3.1295,204300.0,104451.5076
300029.SZ,20260107,,,13.409,120303.9,120216.15
002910.SZ,20260107,,2.1627,2.594,225652.4064,197405.4903
603357.SH,20260107,10.4134,1.2051,1.4785,458552.7296,454483.2205
688233.SH,20260107,164.6157,7.5232,34.5141,1396507.0352,1396507.0352
600563.SH,20260107,20.945,4.2141,4.573,2413125.0,2413125.0
688016.SH,20260107,31.3556,3.1179,9.4657,1184672.2065,1184672.2065
603630.SH,20260107,,2.3943,5.4059,457390.502,457390.502
300709.SZ,20260107,52.4009,3.8993,3.1403,895028.8356,718051.5234
600981.SH,20260107,43.802,1.4238,0.1261,722063.4878,722063.4878
300888.SZ,20260107,25.7094,1.9563,2.0803,2247793.0589,2245353.3845
600176.SH,20260107,20.1894,2.2713,3.8755,7025504.9576,7025504.9576
600637.SH,20260107,75.2962,1.2398,4.8661,3701451.6985,3701451.6985
300857.SZ,20260107,81.0508,17.174,6.5234,6749008.8747,6729660.992
600032.SH,20260107,33.6929,1.3947,3.6853,1805911.1683,1805911.1683
300138.SZ,20260107,18.7175,1.8819,0.9207,627547.0208,517408.9663
300868.SZ,20260107,,2.7823,6.5156,419682.56,264662.3833
688078.SH,20260107,,2.8173,8.5665,202278.075,202278.075
920017.BJ,20260107,25.9015,1.4319,3.5748,234060.525,231580.65
920627.BJ,20260107,80.2629,5.0646,3.2123,228569.0,113225.75
301395.SZ,20260107,62.4324,2.1176,1.4305,326633.8391,184843.9391
002230.SZ,20260107,146.4111,6.9476,4.81,12257415.4079,11607405.6897
300984.SZ,20260107,241.4493,9.7978,8.2327,1016965.9665,639142.7625
002387.SZ,20260107,,3.0679,1.5148,1231974.1099,1230386.7745
603918.SH,20260107,,5.8519,7.6376,586469.9307,585997.5792
001229.SZ,20260107,63.362,4.2579,20.3841,431320.815,221780.4087
002540.SZ,20260107,21.7044,1.6284,1.1364,883305.5199,615472.8944
600186.SH,20260107,37.8084,5.7552,3.4268,1097381.5703,1094952.6341
300737.SZ,20260107,,1.375,0.9684,619363.4045,494893.0581
600708.SH,20260107,,0.8729,1.4494,797851.954,796649.442
003012.SZ,20260107,20.8911,1.0113,1.2257,770549.4512,762243.8305
002941.SZ,20260107,20.3421,2.5434,1.4121,1195332.4197,1195332.4197
920266.BJ,20260107,,1.2824,2.8512,114080.0064,109011.2204
688393.SH,20260107,,1.9737,6.5214,241966.0696,241966.0696
603168.SH,20260107,,1.7487,5.9285,281717.2583,280503.0458
920010.BJ,20260107,78.9625,3.9255,5.2669,270378.5,200210.9301
002407.SZ,20260107,,4.8517,4.9792,4012948.1901,3642536.8344
002468.SZ,20260107,17.9577,1.9957,0.3929,2052805.7046,1967515.1544
300168.SZ,20260107,,7.7947,4.7595,960899.2602,959934.7575
001233.SZ,20260107,18.4978,2.5879,5.3317,1182976.3776,225089.8371
688238.SH,20260107,,3.1325,18.9695,464061.2405,458419.1755
688607.SH,20260107,726.2692,4.5802,11.9662,393231.7185,393231.7185
002716.SZ,20260107,110.0965,6.6989,1.9579,2255647.8282,1857558.5298
002287.SZ,20260107,22.6634,2.8904,5.8094,1387958.7605,1385221.2427
688239.SH,20260107,67.5263,6.4136,6.6123,1262924.0216,1262924.0216
688383.SH,20260107,,5.9995,10.8276,820745.6096,820745.6096
688093.SH,20260107,26.6148,3.9297,9.9301,1066015.3714,998524.2482
600508.SH,20260107,25.9098,0.6977,1.1325,894002.166,894002.166
603078.SH,20260107,81.4342,3.8304,6.2444,742351.7024,742351.7024
300455.SZ,20260107,,13.0796,16.8405,2205700.8673,2177596.7458
603598.SH,20260107,,28.8793,0.7331,609751.2798,609072.6798
002797.SZ,20260107,28.7562,1.741,7.2194,2971096.8,2971096.8
301120.SZ,20260107,,4.5769,17.058,705738.0045,415377.5497
920371.BJ,20260107,35.7338,3.6357,2.3956,217155.9316,204959.9093
688256.SH,20260107,313.4061,38.5344,105.0999,58820020.993,58354836.0453
002476.SZ,20260107,65.262,4.8189,7.6427,462672.0,462617.0577
300578.SZ,20260107,238.4184,3.3368,8.7898,396737.7497,396630.4461
002495.SZ,20260107,124.8184,2.2678,9.5984,248876.4096,186405.7529
688776.SH,20260107,,6.3863,34.4989,1159377.433,1159377.433
603023.SH,20260107,1407.2742,4.0452,24.0775,311429.5131,311429.5131
002327.SZ,20260107,13.7183,1.6143,2.0386,560786.2656,328443.9899
688305.SH,20260107,70.4748,4.5629,13.717,856716.4464,852250.013
001872.SZ,20260107,10.486,0.7604,2.8756,4809714.8049,4461077.4616
000877.SZ,20260107,19.7177,0.4747,0.4824,3882328.4649,3882327.6459
600664.SH,20260107,19.6253,1.558,0.553,881478.4566,881478.4566
603085.SH,20260107,628.7632,5.3591,1.8181,477711.3,477711.3
000037.SZ,20260107,107.2703,3.4728,14.5496,510539.9188,287055.2031
920175.BJ,20260107,,1.9336,5.4805,138992.0,92594.2045
601606.SH,20260107,,15.8926,22.9097,3516853.1104,3516853.1104
600084.SH,20260107,499.9653,4.5861,37.26,593327.7662,593327.7662
300170.SZ,20260107,103.3399,3.6942,6.1553,2044454.422,1954214.818
002323.SZ,20260107,,10.1291,9.7145,354182.8087,354103.7813
920405.BJ,20260107,73.8603,5.0104,6.8163,402546.2,315930.3347
600409.SH,20260107,60.7545,0.9874,0.7059,1372792.3829,1372792.3829
688260.SH,20260107,,29.1841,6.5837,359760.0,359760.0
300761.SZ,20260107,26.6854,1.9154,0.9319,1727287.2694,1295597.2762
300385.SZ,20260107,,25.105,4.4228,206883.6238,180501.4951
601609.SH,20260107,25.139,1.9285,0.1545,1917059.756,1917059.756
002177.SZ,20260107,674.9051,3.9748,112.8013,677460.2517,600677.8771
605268.SH,20260107,26.3177,2.7797,1.3875,466386.1125,457392.5813
002486.SZ,20260107,46.633,2.3274,2.0787,252230.6286,251062.8638
300589.SZ,20260107,,9.6932,7.6493,762134.0159,467382.7525
301331.SZ,20260107,55.1218,2.6481,3.2293,286965.4728,286418.6336
600550.SH,20260107,134.6222,27.1448,3.5012,2125123.8659,2125123.8659
300270.SZ,20260107,,6.6348,25.7711,373965.4446,322248.8563
000798.SZ,20260107,,10.5418,0.9281,431713.2802,431686.7302
301282.SZ,20260107,52.5098,2.6336,2.3436,444804.9258,234310.5296
603712.SH,20260107,,4.0542,9.7438,1692224.0,1692224.0
688079.SH,20260107,,3.6507,8.114,482762.9957,474343.0397
601686.SH,20260107,11.2581,1.3647,0.1763,929741.3601,929741.3601
002860.SZ,20260107,28.5225,2.203,2.1718,500360.1098,486352.8663
000751.SZ,20260107,101.0122,1.9183,0.3883,691489.8947,603423.8374
002580.SZ,20260107,29.1326,2.4926,1.7249,580044.5731,578088.9864
605258.SH,20260107,40.4789,2.3529,2.9142,280896.0,280896.0
000028.SZ,20260107,25.9488,0.752,0.1897,1385847.0417,1190353.7429
301004.SZ,20260107,13.204,4.674,2.8052,751922.7694,700753.7932
688268.SH,20260107,46.7409,4.3474,5.792,799666.8897,799128.4827
600742.SH,20260107,14.5416,0.8588,0.3681,727453.6645,727453.6645
300642.SZ,20260107,196.1713,2.1228,8.3606,312247.1028,264535.0817
688591.SH,20260107,64.0618,4.4722,10.8216,1107179.5221,774643.4002
002229.SZ,20260107,,6.3661,7.8929,809288.3169,804350.9749
000619.SZ,20260107,,1.057,0.5565,269554.1557,219960.0
002790.SZ,20260107,30.1855,1.6649,1.7447,351012.732,218985.9
300097.SZ,20260107,,5.4532,13.0695,207178.6623,193867.1427
601918.SH,20260107,8.8919,1.1066,1.4493,1818560.3436,1818560.3436
002985.SZ,20260107,180.1917,4.1626,15.4466,1089143.5152,576551.5426
002538.SZ,20260107,25.6218,1.0609,1.2811,569321.6939,569318.2175
603053.SH,20260107,17.8432,1.7946,1.651,865778.86,865778.86
603679.SH,20260107,,3.5598,6.1784,279804.3863,279804.3863
600619.SH,20260107,351.0491,3.8104,1.1631,2333450.7386,1715666.0109
300679.SZ,20260107,40.1065,4.2771,4.0086,2151713.3,1819070.7368
603757.SH,20260107,43.5573,4.3645,4.2696,878451.0426,878451.0426
603516.SH,20260107,10166.1946,36.8858,141.8402,5134963.2641,5134963.2641
600771.SH,20260107,108.5674,5.4243,6.4402,894300.3146,894300.3146
000962.SZ,20260107,66.9577,6.5175,11.2189,1777122.2234,1765858.6
002920.SZ,20260107,34.4154,5.6072,2.6504,8210764.1159,7631628.7259
605500.SH,20260107,41.5794,1.4359,1.3835,366744.0,366744.0
688039.SH,20260107,,5.1622,16.515,573468.3834,573468.3834
300852.SZ,20260107,43.3194,2.9167,3.6304,643047.787,620754.9819
002652.SZ,20260107,,7.9232,6.5969,198680.832,198680.832
920662.BJ,20260107,106.7012,5.7215,6.7096,262387.356,75616.3689
600575.SH,20260107,32.3922,1.1178,0.8968,2486876.883,1348532.5896
000509.SZ,20260107,,29.015,3.9827,360571.0255,360569.9355
603081.SH,20260107,58.2925,1.8977,2.5593,606708.778,606708.778
601698.SH,20260107,714.5122,11.6785,70.3252,18532378.8024,18532378.8024
002847.SZ,20260107,25.7351,9.5507,3.2947,1934057.0435,1745601.0722
920504.BJ,20260107,67.1492,5.4308,8.8665,108636.0817,42849.4058
301536.SZ,20260107,99.8294,8.3782,9.6697,2617586.445,1162221.0376
300977.SZ,20260107,,2.013,6.0753,279031.5906,173772.2181
300185.SZ,20260107,158.6107,1.6909,1.6921,1118481.6643,1063902.7532
002746.SZ,20260107,18.241,1.1504,0.932,524068.0847,432192.8222
301003.SZ,20260107,34.0898,3.7386,7.0816,415147.8225,321149.873
600066.SH,20260107,14.5826,5.4099,1.8369,7257292.773,7257292.773
301068.SZ,20260107,191.5974,4.9138,3.069,388476.9748,277038.2409
600358.SH,20260107,,41.8261,7.6944,306496.5526,306496.5526
002893.SZ,20260107,36.7107,2.4733,2.4438,300813.24,231370.4031
300648.SZ,20260107,,7.151,8.5359,973884.4632,741454.6375
002382.SZ,20260107,,0.7568,1.0088,583132.9344,578829.8788
002243.SZ,20260107,57.0938,1.789,5.4356,1300188.9312,1293248.8195
688147.SH,20260107,107.6107,12.0829,12.1346,3491421.7896,3491421.7896
002898.SZ,20260107,,5.4618,10.272,251504.0,144704.1997
002760.SZ,20260107,,2.8207,3.9208,233255.605,233255.605
002963.SZ,20260107,,1.7006,6.3395,219675.8577,166863.6619
688728.SH,20260107,181.5659,5.3137,5.503,4155737.4939,3993221.7025
301668.SZ,20260107,49.7901,5.3481,6.3063,559350.0,117199.4156
300059.SZ,20260107,30.6084,4.3618,113.6392,38767304.4168,32812274.8776
600616.SH,20260107,139.577,1.8759,6.5154,360593.6681,360593.6681
300831.SZ,20260107,387.6668,4.1654,32.1074,381760.0,220089.6983
688126.SH,20260107,,3.908,22.101,7846125.535,6484957.6517
301011.SZ,20260107,48.7358,4.1964,3.9635,399294.3136,363385.6469
000661.SZ,20260107,40.5235,1.6892,3.0164,3886420.8388,3807127.9893
301157.SZ,20260107,91.4227,2.9236,12.0337,319860.0,110138.7532
301279.SZ,20260107,69.0717,3.1314,6.2474,421651.6623,318667.2873
000889.SZ,20260107,,46.6978,2.1097,331447.0551,307926.7853
688679.SH,20260107,,2.9863,2.3249,335281.9126,335281.9126
603177.SH,20260107,198.5977,6.4449,2.2514,233391.456,233391.456
002967.SZ,20260107,33.5242,3.9445,3.8931,1348210.076,1267874.538
688709.SH,20260107,318.3691,10.7215,44.1096,3082339.6058,1054743.6948
688367.SH,20260107,227.5699,4.7498,12.664,279960.597,279960.597
600017.SH,20260107,17.0602,0.6657,1.1845,928847.4742,928847.4742
688570.SH,20260107,58.5097,1.8867,4.6783,807978.0,351181.2
300570.SZ,20260107,71.852,16.2622,16.1081,2700084.1949,2284790.6574
601038.SH,20260107,19.6116,2.0393,1.4709,1598947.2263,1041216.6063
600313.SH,20260107,131.2775,3.5598,1.1296,702346.9323,702346.9323
301081.SZ,20260107,161.3899,2.1466,2.6095,231058.1917,221673.3462
688608.SH,20260107,58.6581,5.6902,10.6014,3947433.399,3947433.399
601519.SH,20260107,,21.2838,35.3562,2886271.16,2886271.16
002094.SZ,20260107,137.7111,3.3785,3.1146,522318.547,521982.883
600595.SH,20260107,29.1723,2.0347,1.498,3394695.6316,3394695.6316
603398.SH,20260107,,6.088,15.4363,391144.6546,391144.6546
002588.SZ,20260107,11.72,1.5636,0.9808,1144980.6281,853445.9846
002649.SZ,20260107,59.8503,1.8178,1.1402,772069.4377,723528.705
000672.SZ,20260107,16.7153,1.415,2.3997,1255367.1078,1255367.1078
688083.SH,20260107,962.0371,4.5748,13.0019,1187863.0145,1187863.0145
000892.SZ,20260107,,8.4435,12.4248,713172.8039,516778.1021
600839.SH,20260107,31.3764,2.7734,0.396,4288490.8822,4287296.5682
603063.SH,20260107,29.5134,3.108,3.6653,1539433.173,1539433.173
688548.SH,20260107,89.455,4.075,10.2784,2390750.1201,1252470.7116
000659.SZ,20260107,,30.6295,5.228,520709.5206,520709.5206
300076.SZ,20260107,,3.8516,28.669,346408.0,346408.0
600658.SH,20260107,,1.1702,4.6563,648779.3261,648779.3261
002697.SZ,20260107,15.9343,1.7459,0.865,818720.0,689231.305
002376.SZ,20260107,88.641,1.6493,2.348,624943.7191,602389.781
300661.SZ,20260107,81.7562,9.3098,12.3334,4566744.1476,4379829.9495
002515.SZ,20260107,138.3518,2.8797,24.427,751791.3958,751782.3976
002906.SZ,20260107,23.2136,2.5633,1.4342,1736432.1876,1735805.4606
600939.SH,20260107,,0.8112,0.2383,608791.9821,608791.9821
603103.SH,20260107,121.8378,8.7463,4.9933,1123802.4,1123802.4
301048.SZ,20260107,29.3163,2.2561,1.9027,618666.744,618666.744
603686.SH,20260107,82.2876,3.4765,2.4329,1179406.917,1179406.917
603879.SH,20260107,,9.824,7.4432,251900.4524,251900.4524
300196.SZ,20260107,18.4172,1.3028,1.9475,607353.2896,366929.9378
002768.SZ,20260107,17.9166,2.7108,0.7263,1492960.0,972821.68
301566.SZ,20260107,54.3357,5.7354,23.059,825220.63,428074.1669
688306.SH,20260107,5489.2841,7.9722,5.5519,1442004.0072,1442004.0072
002135.SZ,20260107,69.9183,0.8656,0.6153,545488.4335,510451.3791
003013.SZ,20260107,10.7865,2.0058,2.1153,584724.1179,572724.23
000526.SZ,20260107,20.0829,4.7339,1.4978,472089.9363,462785.9442
600353.SH,20260107,116.8691,7.6718,8.6986,1434198.941,1432185.6828
600750.SH,20260107,17.381,4.1844,3.31,1455312.9384,1440946.8566
002921.SZ,20260107,,1.928,2.2787,255185.8276,220123.2922
002328.SZ,20260107,36.3015,1.63,1.2844,541782.54,400695.911
603922.SH,20260107,167.6578,3.1842,4.7382,330982.4,330982.4
600789.SH,20260107,51.0542,1.8734,1.5567,963664.9753,828573.4007
600916.SH,20260107,33.6658,1.907,0.2301,1372560.0,1372560.0
003016.SZ,20260107,,1.5122,2.8074,404962.3124,395680.1768
605189.SH,20260107,65.1952,1.686,0.9134,298103.1982,298103.1982
301421.SZ,20260107,410.1411,10.962,27.0273,1308654.862,523702.6569
300213.SZ,20260107,252.3894,2.6071,5.822,572373.1676,531789.6589
001285.SZ,20260107,34.1492,3.065,4.9571,1131879.3519,255195.5141
002491.SZ,20260107,2007.6463,3.0294,2.3551,751526.6395,718822.4802
688234.SH,20260107,1228.1004,6.1606,28.5056,4557837.4063,4041432.3688
301255.SZ,20260107,105.9551,4.18,10.1513,439290.88,109822.72
002766.SZ,20260107,378.3997,5.3144,6.1706,611395.6118,605514.5107
002115.SZ,20260107,,4.9731,1.0657,1031580.9743,956792.7167
300904.SZ,20260107,,6.9734,7.0029,459561.14,139571.54
688700.SH,20260107,128.5455,6.1736,11.9552,1108561.0524,1108561.0524
002408.SZ,20260107,,1.2323,0.56,1404368.7354,1359041.2798
301488.SZ,20260107,162.4765,11.5045,8.9302,1537412.0,391241.0737
603208.SH,20260107,,2.1433,1.2723,257963.4133,257963.4133
688122.SH,20260107,62.7196,7.6802,9.8972,5311007.263,5311007.263
920227.BJ,20260107,58.2325,5.8562,15.3891,235635.0165,106450.4022
688681.SH,20260107,36.8676,3.0723,3.7861,185579.91,185579.91
002935.SZ,20260107,150.8568,6.0517,10.372,957623.4631,937275.2138
600496.SH,20260107,13.4815,0.918,0.4018,843812.9852,843812.9852
300966.SZ,20260107,,2.9887,3.698,231599.756,153423.8404
920685.BJ,20260107,31.5823,2.3623,7.4029,128488.3812,76909.1263
300504.SZ,20260107,,1.9275,3.1412,408705.0666,329123.3087
002223.SZ,20260107,22.0814,2.9287,4.7539,3842494.0689,3603626.2426
002036.SZ,20260107,,6.0833,1.4564,1304480.2994,1302020.3121
688207.SH,20260107,,2.1479,27.2704,411249.3574,411249.3574
002401.SZ,20260107,,3.6571,3.4178,597642.8515,597153.2155
688137.SH,20260107,,1.4103,19.9146,293403.5105,136616.0105
600644.SH,20260107,218.7413,2.7765,1.7942,586995.6303,586995.6303
301160.SZ,20260107,40.4858,5.4848,5.8661,889114.1376,574875.2948
600160.SH,20260107,26.539,5.1301,3.8899,10483114.0325,10483114.0325
301337.SZ,20260107,,2.8983,12.8701,317810.0,112806.6138
300390.SZ,20260107,,4.1852,6.7867,4564975.5801,3695588.4522
301100.SZ,20260107,,2.129,3.5105,424800.0,185850.0
300706.SZ,20260107,,8.3382,4.3526,586071.6307,434508.7957
300069.SZ,20260107,89.7737,7.3836,8.3239,208494.0,208494.0
600730.SH,20260107,858.0287,4.0502,61.9853,725693.4745,725693.4745
301520.SZ,20260107,66.9542,1.8077,9.2634,273466.668,91979.1132
300604.SZ,20260107,82.6452,18.3124,16.3503,7987128.9103,6162772.7067
920675.BJ,20260107,37.3888,2.8465,3.2733,176640.264,81072.3346
301127.SZ,20260107,38.3255,3.3576,5.6585,1087267.3854,1072792.0911
601298.SH,20260107,9.9191,1.2248,2.833,5439541.8,4518558.85
601117.SH,20260107,8.2729,0.7679,0.2683,5032066.9463,5016567.5063
688209.SH,20260107,65.1558,4.5889,6.1896,975146.5422,975146.5422
000722.SZ,20260107,78.9655,1.7669,14.931,556061.6218,556061.6218
300710.SZ,20260107,,6.8862,11.1869,318368.96,238656.0416
600734.SH,20260107,,32.919,26.9001,1021624.1567,1021413.1067
301618.SZ,20260107,94.1415,4.8045,8.2881,449184.7669,165075.3095
603607.SH,20260107,46.6857,4.9886,5.4316,504131.4432,504131.4432
300144.SZ,20260107,27.3511,2.5961,9.7175,2173235.3215,1953102.748
000402.SZ,20260107,,0.3567,0.6142,839889.3039,839815.4753
605162.SH,20260107,23.4498,2.7426,4.6416,348907.7947,348907.7947
301322.SZ,20260107,46.4183,1.4303,5.1415,402105.3008,258973.7053
603392.SH,20260107,,4.7618,32.0594,5756780.4366,5756780.4366
600362.SH,20260107,23.9233,2.3839,0.3677,19141968.1508,11471967.6548
603041.SH,20260107,69.5813,1.4659,3.5452,220326.6735,220326.6735
002835.SZ,20260107,21.0005,2.9145,3.2578,358653.0833,207988.9172
920770.BJ,20260107,53.6725,3.7666,13.4456,234237.915,147408.84
688080.SH,20260107,25.6954,3.4113,5.0862,383011.8864,383011.8864
688077.SH,20260107,80.0792,3.4381,2.4359,373314.4015,373314.4015
688178.SH,20260107,,2.0345,3.5097,202634.8601,202634.8601
688396.SH,20260107,101.855,3.514,7.4963,8032880.3873,8032880.3873
002531.SZ,20260107,,1.398,2.5008,1256018.1819,1249019.4207
603533.SH,20260107,,4.7026,3.4712,1087147.4603,1087147.4603
300298.SZ,20260107,34.7146,3.0631,2.0762,978786.9836,788422.3194
002560.SZ,20260107,62.5035,1.9938,0.6712,534150.3871,460182.978
300299.SZ,20260107,,11.9152,13.3333,512202.6631,511403.5291
002879.SZ,20260107,68.8051,2.0534,2.4196,361304.3944,257980.9734
920267.BJ,20260107,165.7496,4.5461,2.1461,118259.6384,68344.1246
920057.BJ,20260107,,1.6648,0.9022,119089.9861,75601.4361
300399.SZ,20260107,382.6918,11.4186,12.1871,586081.6,586024.4304
688201.SH,20260107,293.0333,3.5695,8.9537,464313.1866,442905.0224
603387.SH,20260107,20.4551,1.5868,4.0955,427023.2613,427023.2613
300767.SZ,20260107,,3.5845,11.051,579382.2857,503053.5177
300758.SZ,20260107,68.7386,2.997,3.5016,536783.0239,484249.8625
000528.SZ,20260107,16.5908,1.3303,0.7368,2428907.2292,2425712.9514
300133.SZ,20260107,64.1547,2.2386,7.7435,1616359.9597,1380067.9393
300956.SZ,20260107,262.3453,2.6513,1.6434,364072.7454,355664.5492
600348.SH,20260107,20.0189,1.1094,1.3081,3062767.5,3062767.5
002471.SZ,20260107,,6.5116,2.099,1136070.8,1114336.2233
300193.SZ,20260107,18.1574,1.856,3.4762,427672.3249,376850.7935
300783.SZ,20260107,41.4227,3.1663,0.8394,941112.5757,656663.0037
300700.SZ,20260107,,5.7117,12.073,497080.0864,338804.1569
600873.SH,20260107,7.6536,1.7905,1.1728,2885564.6579,2885564.6579
002932.SZ,20260107,611.0547,0.7798,12.3459,433651.5848,291098.8253
002597.SZ,20260107,22.2757,1.5853,2.4975,1199723.2625,1196554.5248
920751.BJ,20260107,47.3638,5.6605,10.0222,222937.82,213219.6141
601869.SH,20260107,170.2599,7.0395,7.076,9749410.5518,4785039.9857
920091.BJ,20260107,95.2929,11.1654,17.2339,525281.5992,116147.8314
600777.SH,20260107,15.3507,1.1188,3.4671,2631791.8843,2463700.9753
600759.SH,20260107,32.4857,1.5339,6.2292,1348428.016,1346697.8785
603059.SH,20260107,,2.9315,2.0906,308477.9577,308477.9577
600096.SH,20260107,11.4499,2.6653,1.2316,6455210.1785,6455210.1785
601811.SH,20260107,10.5192,1.1626,1.4549,1715038.99,1100746.421
600355.SH,20260107,,9.9934,3.9383,105307.0888,105307.0888
300534.SZ,20260107,104.1888,4.2377,3.3225,292424.58,291177.6344
300525.SZ,20260107,38.4677,4.1978,5.1653,1057284.1483,867183.6016
300763.SZ,20260107,33.6656,3.2823,4.2432,2988640.6344,2413568.8512
000088.SZ,20260107,16.448,1.3176,29.2429,2329368.539,1416976.7217
688677.SH,20260107,31.3907,4.1531,9.5705,547238.505,547238.505
300780.SZ,20260107,,2.6834,4.8329,274712.91,201413.0775
300365.SZ,20260107,,2.0394,3.3681,383907.5002,327503.7549
300948.SZ,20260107,,4.015,35.4785,386086.8855,363689.9525
920454.BJ,20260107,58.6589,5.4074,10.9662,174150.7,104687.8101
605299.SH,20260107,62.7471,3.8395,3.0969,471019.728,471019.728
300663.SZ,20260107,,11.7315,16.6019,887048.5971,848297.0659
688597.SH,20260107,31.9245,3.419,2.929,286323.1234,286323.1234
301489.SZ,20260107,213.7549,14.6433,17.591,1586813.4866,935348.3906
920022.BJ,20260107,25.5222,4.4201,2.9991,181505.889,49994.535
600035.SH,20260107,9.3737,0.7089,1.1688,631165.4332,631165.4332
300293.SZ,20260107,,8.2061,6.0994,766900.7482,635241.1879
002970.SZ,20260107,28.7849,5.1442,3.8772,989531.1294,675493.5933
600183.SH,20260107,62.5957,11.3232,6.6979,17586823.2252,17336191.1786
688216.SH,20260107,,4.2612,3.5385,248281.787,246901.925
600470.SH,20260107,,1.9813,0.5006,322348.8,322348.8
603248.SH,20260107,51.6491,4.5388,8.5607,1029940.0,155182.6674
301368.SZ,20260107,3658.4312,7.5782,14.5495,735252.2,392551.4557
600847.SH,20260107,,3.4145,3.1593,175667.3604,175667.3604
300414.SZ,20260107,262.4904,5.6578,12.1635,562383.5789,540836.8005
000415.SZ,20260107,,0.8744,0.4705,2523284.6831,2200325.9391
000429.SZ,20260107,13.7565,2.2208,5.4369,2408608.6572,1501436.0517
601952.SH,20260107,21.8928,1.8852,1.2313,1265004.0,1265004.0
300192.SZ,20260107,53.9332,7.468,9.1463,707987.3007,698295.7013
300693.SZ,20260107,28.7543,6.3611,3.9619,1250870.4962,1075143.247
301292.SZ,20260107,,5.1148,2.936,1384675.7603,528701.6411
688110.SH,20260107,,19.098,77.5047,5940740.9992,5940740.9992
002005.SZ,20260107,,11.8672,6.4642,438106.2145,437998.2895
002151.SZ,20260107,,6.0726,16.1291,3132595.968,2555064.8337
300393.SZ,20260107,,2.5815,1.4015,763828.778,670089.4401
300675.SZ,20260107,,4.2891,7.7775,228946.7187,228946.7187
002859.SZ,20260107,62.6674,4.2961,6.2916,1259198.8257,1185192.8554
000557.SZ,20260107,21.819,1.143,5.4504,727728.9928,727500.1828
688500.SH,20260107,,6.8076,9.9327,484986.1091,472227.7763
002255.SZ,20260107,24.7273,2.5468,4.1838,1127505.5916,865728.3338
002978.SZ,20260107,21.6189,2.0309,8.2386,1733619.1157,1358973.1157
688098.SH,20260107,,2.7174,13.0848,383130.852,383130.852
300432.SZ,20260107,74.7671,6.6986,2.6337,3074148.9151,3039619.1324
301221.SZ,20260107,85.296,2.7098,7.9118,542859.3003,367620.5521
002246.SZ,20260107,52.5364,3.6205,4.3742,1085441.7877,1085441.7877
000952.SZ,20260107,,2.8159,4.487,271852.2658,269692.8914
603215.SH,20260107,38.3851,3.4782,1.8096,422488.1106,420889.3982
301130.SZ,20260107,56.1434,2.4098,8.7399,220916.6503,168697.1339
920344.BJ,20260107,,4.8861,11.805,296363.73,275852.9707
002832.SZ,20260107,13.4953,1.5781,2.0476,861196.9898,587632.1906
605499.SH,20260107,32.0562,15.9588,6.9772,14041391.026,14041391.026
600630.SH,20260107,123.5895,5.0749,2.1502,390872.6692,390872.6692
688646.SH,20260107,,2.3052,4.6683,341919.2505,211933.0619
600807.SH,20260107,,62.5081,8.4448,274236.7666,243975.7238
601328.SH,20260107,6.6396,0.5616,2.3924,63003378.151,18589649.4127
600559.SH,20260107,23.5086,2.8127,3.2254,1483720.3542,1475224.3182
300420.SZ,20260107,,1.9705,4.6624,465531.9449,465495.791
300639.SZ,20260107,,0.9342,5.1914,358807.8741,352516.2259
688382.SH,20260107,,11.2202,103.5102,1868643.9744,1349373.1761
301258.SZ,20260107,40.0672,1.5921,6.9237,304344.4,295695.8
688100.SH,20260107,27.8633,5.6893,6.5215,1901346.5717,1901346.5717
600596.SH,20260107,,1.3237,1.1327,1646508.3998,1646508.3998
300961.SZ,20260107,,3.4397,7.7584,252269.44,217105.3071
603296.SH,20260107,23.8152,3.8065,0.5817,9466625.4461,5323383.2472
600519.SH,20260107,19.7988,7.8497,9.9813,178243133.3222,178243133.3222
300296.SZ,20260107,,2.2113,2.5541,1784481.0121,1496413.8945
601567.SH,20260107,17.3829,2.9191,2.2479,3427305.7266,3427305.7266
605336.SH,20260107,160.2525,1.6433,10.0376,307215.8538,307215.8538
002445.SZ,20260107,59.8447,2.7487,5.2698,622671.1731,619991.8149
002397.SZ,20260107,96.9005,2.4665,1.8422,298364.7958,258496.9755
688496.SH,20260107,,2.7056,3.9083,265050.0,140149.9584
300083.SZ,20260107,40.1468,2.8374,2.9871,1539997.8948,1381057.573
300854.SZ,20260107,,1.7594,2.769,168515.775,136978.0335
600560.SH,20260107,71.801,3.8399,5.5712,370580.5935,370580.5935
600399.SH,20260107,,2.087,1.5414,1202981.0,1202981.0
600015.SH,20260107,4.0041,0.3523,1.1959,10869896.1436,10509473.9804
920274.BJ,20260107,100.8206,4.7907,3.6913,233589.3352,233589.3352
688289.SH,20260107,41.1881,1.5682,6.6974,1118218.8516,1118218.8516
300823.SZ,20260107,63.1347,2.1571,4.9468,202892.2441,131338.8209
600586.SH,20260107,,1.548,1.753,850402.62,850402.62
301592.SZ,20260107,136.8183,9.8614,17.0604,864570.0,288499.8948
300545.SZ,20260107,41.5885,2.8156,4.535,601265.781,387610.0673
920593.BJ,20260107,200.7537,9.6804,28.086,690043.7254,585998.8644
603980.SH,20260107,60.5523,0.882,2.2303,342477.6802,342477.6802
002342.SZ,20260107,,3.5768,3.6017,870720.0,865903.83
000830.SZ,20260107,22.2257,1.723,1.0906,3283045.975,3282787.2336
003030.SZ,20260107,128.7408,2.4121,1.2791,245691.82,156310.7387
000156.SZ,20260107,27.2727,0.969,1.5328,1448993.1696,1329302.9358
688657.SH,20260107,50.7058,2.5206,11.023,354235.7552,221927.8386
300098.SZ,20260107,,4.0314,6.128,1094802.8333,971298.485
002181.SZ,20260107,56.3169,2.4372,17.139,1037986.0076,1014261.0418
000927.SZ,20260107,33.5466,1.6543,0.464,1591243.0076,1591242.2028
603657.SH,20260107,277.3879,4.2455,1.5987,400297.7381,400297.7381
603612.SH,20260107,18.6798,2.3623,0.7988,1325455.9654,1325455.9654
603779.SH,20260107,,3.8731,5.4026,211868.7971,211868.7971
300576.SZ,20260107,140.7439,9.6481,15.6153,1632900.2684,1036939.3638
600697.SH,20260107,,0.9284,0.3087,213018.9324,208048.4841
300179.SZ,20260107,92.3,6.4403,14.3944,767929.5333,591265.3491
301207.SZ,20260107,164.1085,2.1745,11.8428,1156376.91,1155647.0406
002629.SZ,20260107,813.1705,81.2666,11.361,291024.934,289109.9728
688557.SH,20260107,26.8907,3.1183,2.5419,382584.3386,382584.3386
002545.SZ,20260107,28.6833,2.8126,5.9319,2656072.5472,2412899.5166
688629.SH,20260107,195.1203,29.4323,24.7547,4955672.9333,1954167.7553
002992.SZ,20260107,,11.8959,6.0498,872148.558,762066.4786
000422.SZ,20260107,23.0841,2.7619,0.7205,1629107.8728,1583531.3664
300466.SZ,20260107,,7.3997,10.0441,533387.7884,447076.6734
600173.SH,20260107,601.8925,1.339,1.3998,512770.5706,512704.6906
688484.SH,20260107,81.0781,4.4559,6.0183,1834674.9993,1266303.7702
300892.SZ,20260107,125.1739,2.9635,3.7626,311300.0,200983.0625
300870.SZ,20260107,78.8433,10.116,5.8079,2625707.4058,2625707.4058
920082.BJ,20260107,35.5659,4.9664,3.4639,261784.355,70405.4394
600782.SH,20260107,12.9439,0.4754,0.3323,1257688.7489,1242532.5989
301018.SZ,20260107,149.8373,6.9339,5.1871,1839753.4801,1376080.9478
300259.SZ,20260107,22.8401,1.7827,5.3015,538108.6974,537985.2863
603676.SH,20260107,21.711,3.2959,4.127,482158.942,482158.942
605303.SH,20260107,,3.4178,5.6199,314090.4708,314090.4708
301413.SZ,20260107,144.0361,10.7505,11.7921,1344859.929,802934.8013
688539.SH,20260107,147.5875,5.2921,24.8124,921233.6,518887.6
688479.SH,20260107,66.2919,1.491,5.6215,275934.8688,119150.8688
000552.SZ,20260107,,0.7825,1.6146,1279082.742,890467.9691
688719.SH,20260107,,3.1526,5.5542,534580.6416,415683.4066
002709.SZ,20260107,163.3964,5.5986,6.3817,9252172.8293,6843733.7109
920857.BJ,20260107,,7.4203,6.6126,275898.6627,275898.6627
000068.SZ,20260107,,5.58,3.4284,339248.2834,339248.2834
301135.SZ,20260107,72.1789,2.3041,2.0639,288014.4,216001.6188
603026.SH,20260107,,3.6625,2.9406,1770622.0155,1542192.12
002079.SZ,20260107,82.4144,2.5589,1.8477,789533.766,788792.7098
688335.SH,20260107,,4.1689,18.8052,477263.5246,477263.5246
002558.SZ,20260107,49.7093,5.8027,21.6141,8803115.2801,8803115.2801
603205.SH,20260107,43.5617,3.0819,4.548,449436.0,119100.54
600458.SH,20260107,23.2334,1.7231,0.6019,1320413.949,1169067.4795
002584.SZ,20260107,,2.4664,0.7735,553029.5188,442663.068
002318.SZ,20260107,16.3717,3.4269,2.0668,2794708.2592,2731179.1021
000823.SZ,20260107,30.7904,1.6118,1.2215,759320.1252,759287.9652
920429.BJ,20260107,49.7613,2.3032,1.78,190858.5,173671.8699
000551.SZ,20260107,27.465,2.5134,1.7866,707225.5141,704671.2559
600792.SH,20260107,,1.6512,0.8555,469497.6828,469497.6828
603382.SH,20260107,43.4372,3.4523,1.276,598492.0171,119698.5566
300176.SZ,20260107,99.3549,2.7126,1.41,258703.5744,258703.5744
000016.SZ,20260107,,9.6269,1.1415,1218420.3764,807876.4628
300339.SZ,20260107,312.9964,11.3859,10.8867,4037802.9639,3942871.4017
600287.SH,20260107,97.5716,1.0502,0.871,242421.8211,242421.8211
688387.SH,20260107,,6.9587,6.935,4235831.25,2498786.9508
301535.SZ,20260107,75.8362,8.2409,12.387,949681.7655,142452.2655
603067.SH,20260107,45.5732,6.8039,5.5085,2363277.921,2363277.921
601677.SH,20260107,10.746,1.0083,0.5419,1871503.0586,1833099.9736
300379.SZ,20260107,,0.2742,0.9477,83688.4242,78995.6346
001289.SZ,20260107,24.3171,1.7049,3.8855,12798878.5471,7719201.2051
000685.SZ,20260107,13.0376,1.0068,3.2704,1809961.6277,1538611.5715
002986.SZ,20260107,,1.11,0.5754,423075.1093,336075.5722
301325.SZ,20260107,,2.679,4.6951,758745.9962,305278.7531
300268.SZ,20260107,,,1.0735,241267.0,185184.8875
600202.SH,20260107,,2.7394,1.7118,221187.5677,221187.5677
600675.SH,20260107,29.4706,1.1286,1.3148,1656641.0807,1656641.0807
603018.SH,20260107,15.4963,0.9895,1.2176,521052.8591,521052.8591
301187.SZ,20260107,33.4525,4.3959,3.4874,666651.1679,666649.0105
002795.SZ,20260107,,6.8012,3.9073,303880.9498,298887.1155
300575.SZ,20260107,,1.4135,1.1094,279040.554,200484.3064
300247.SZ,20260107,53.6042,3.651,4.7691,412472.6806,412080.2356
603038.SH,20260107,127.8235,3.213,3.177,447616.0586,447616.0586
002030.SZ,20260107,,1.1169,11.2938,864522.7557,864522.7557
600157.SH,20260107,123.7177,0.7742,1.5368,3643566.6122,3643566.6122
001208.SZ,20260107,143.4228,5.699,3.7239,1648859.1659,680356.3805
002772.SZ,20260107,24.2179,1.7404,2.96,590255.2799,585567.3477
603212.SH,20260107,,2.4824,2.3185,634361.4222,634361.4222
920099.BJ,20260107,27.1513,2.958,3.7438,258092.7934,129534.5378
002394.SZ,20260107,16.0606,1.2428,1.5096,537342.0,536654.106
002723.SZ,20260107,,3.0354,2.584,285820.8934,272717.7674
300050.SZ,20260107,,7.3764,11.601,302389.9285,302205.3527
603819.SH,20260107,98.9166,3.2448,1.7686,260405.3037,260405.3037
920656.BJ,20260107,26.5089,2.5809,8.2428,176200.0,57047.0071
000612.SZ,20260107,14.8495,2.0522,2.1559,1435408.0704,1434469.8534
301101.SZ,20260107,45.4173,4.9925,10.5465,857837.0097,812733.0305
605337.SH,20260107,21.8623,3.1749,3.54,468902.9321,468902.9321
300239.SZ,20260107,52.1682,2.1012,4.5318,355571.1519,353267.308
601333.SH,20260107,16.5274,0.7666,0.7636,2160478.785,1723932.285
688678.SH,20260107,276.122,3.4598,3.647,642173.3458,642173.3458
002024.SZ,20260107,185.8946,1.2513,0.2768,1575010.4951,1573255.0241
603806.SH,20260107,50.4313,2.3385,2.3586,3717453.3472,3717453.3472
000563.SZ,20260107,12.6526,0.9771,5.859,1800117.566,1800117.566
600078.SH,20260107,,4.0901,1.9843,709976.6912,695038.9312
603210.SH,20260107,33.6951,3.7273,3.3631,680800.0,150781.396
301080.SZ,20260107,55.765,3.646,12.1261,963445.0563,726128.4565
603663.SH,20260107,201.6765,11.7141,14.5834,1548853.7853,1547097.4653
600815.SH,20260107,,3.9626,10.8895,601418.0287,601418.0287
002050.SZ,20260107,58.075,7.4181,7.468,23459677.6876,20539401.2465
300788.SZ,20260107,35.7917,2.3935,3.1044,534706.0602,534706.0602
603788.SH,20260107,18.9827,1.7813,2.4083,368057.3622,368057.3622
605259.SH,20260107,15.7619,2.1753,1.5268,390322.24,390322.24
002117.SZ,20260107,31.1804,4.4358,4.9316,625846.5412,625647.8426
920925.BJ,20260107,100.0647,7.3569,9.9863,274114.4301,153941.4276
002634.SZ,20260107,,,4.8996,276070.8603,268355.2373
000859.SZ,20260107,,4.0891,4.9407,1114594.4811,1114531.0371
688360.SH,20260107,64.5656,3.7574,3.5517,552283.4267,528286.9573
688737.SH,20260107,,1.5286,1.6189,274998.3707,274998.3707
300286.SZ,20260107,30.5845,2.7854,5.7417,622698.2984,525972.4722
603883.SH,20260107,27.2432,1.7024,0.5125,1137576.4638,1137576.4638
300517.SZ,20260107,,2.228,7.4596,224863.9167,139156.8893
600638.SH,20260107,27.5662,0.9731,2.0783,448482.2595,448482.2595
300417.SZ,20260107,,4.0592,11.1558,186370.032,121273.6996
002756.SZ,20260107,48.972,2.3931,4.0035,2958589.2515,2133353.7578
920245.BJ,20260107,84.8109,4.149,4.3417,144165.195,110226.2858
688022.SH,20260107,,3.9734,4.8843,275249.5771,275249.5771
002404.SZ,20260107,23.5131,1.9149,0.8249,378594.8417,308112.0769
600057.SH,20260107,11.2576,1.511,0.0631,2434385.0635,1793281.2105
000921.SZ,20260107,10.226,2.0341,0.3674,3442764.8711,2282452.443
002496.SZ,20260107,,2.1739,8.3324,287949.6283,212478.3838
601018.SH,20260107,15.2632,0.9008,2.3915,7120306.154,7120306.154
600749.SH,20260107,133.6017,3.6262,19.1066,390153.7237,390153.7237
002657.SZ,20260107,,5.6542,8.3498,983090.3175,971705.6896
001259.SZ,20260107,434.5215,2.9796,5.2426,212819.0641,137498.6911
002843.SZ,20260107,119.1679,3.561,3.2331,503978.5991,502086.7091
603803.SH,20260107,,3.1598,4.142,496263.9946,496263.9946
600617.SH,20260107,,1.8248,0.3931,617341.3683,568173.6605
001395.SZ,20260107,22.7013,3.3213,4.8557,381936.72,86191.2577
600382.SH,20260107,24.0883,1.8377,6.2582,522194.8829,522194.8829
603725.SH,20260107,23.9767,3.4267,0.8925,283517.6424,266591.6424
300689.SZ,20260107,233.754,7.9828,13.0894,551296.4,482537.7878
002046.SZ,20260107,79.1787,5.148,7.0779,2228188.6994,2197109.2039
000598.SZ,20260107,10.1089,1.1075,2.2991,2157438.3053,2153981.6423
920374.BJ,20260107,227.1024,7.9462,9.829,202083.122,84567.4929
002706.SZ,20260107,41.0437,3.0826,2.7155,1254530.6473,1022043.372
000488.SZ,20260107,,2.0426,1.0444,653003.2764,373267.9966
603608.SH,20260107,,3.7191,3.7756,393274.8946,393274.8946
002064.SZ,20260107,34.4759,2.1521,2.3296,5746625.8327,5730450.5124
002045.SZ,20260107,287.5916,1.8174,0.9481,804350.8788,803421.0213
603223.SH,20260107,28.5864,1.7017,5.0216,664193.9528,664193.9528
920976.BJ,20260107,34.9711,7.0443,7.2166,195476.617,121549.498
600267.SH,20260107,22.8238,1.4664,1.2013,1248000.972,1247314.6928
001914.SZ,20260107,12.6883,1.0687,0.6071,1150662.0849,1150658.4813
920247.BJ,20260107,131.9801,9.1756,9.8231,423163.6299,306835.6478
603171.SH,20260107,242.6751,10.2939,12.4465,2598576.275,2595666.55
000735.SZ,20260107,,2.3708,4.0542,1000665.2993,1000129.9423
603303.SH,20260107,21.5633,1.9816,1.3944,617166.2801,617166.2801
002099.SZ,20260107,,2.1086,5.803,1079683.0738,1077670.4746
920726.BJ,20260107,135.211,5.0386,9.9095,220013.88,121004.8316
300997.SZ,20260107,170.0438,12.4097,8.0994,1260798.555,1112472.9118
600548.SH,20260107,18.0528,0.9584,2.375,2240926.9601,1513838.143
920080.BJ,20260107,33.3424,3.2882,5.8479,229827.0,62746.6504
600381.SH,20260107,,2.4287,8.7824,250087.8757,250087.8757
600602.SH,20260107,137.8679,5.4243,4.211,2614991.646,2054067.3169
002707.SZ,20260107,142.5256,7.6022,1.0105,704606.6787,591673.5803
000603.SZ,20260107,45.7138,7.134,10.3464,2347275.7151,2268169.0533
301002.SZ,20260107,,6.1846,5.2906,489782.9817,292038.2147
000042.SZ,20260107,,1.6195,2.1284,533859.4046,533297.3552
600452.SH,20260107,37.45,2.6704,4.8941,1461251.113,1461251.113
688516.SH,20260107,33.1506,4.5374,2.3727,1648608.0894,1645628.6473
920821.BJ,20260107,186.4541,7.0877,8.9089,372470.2321,196120.3568
600206.SH,20260107,66.0596,4.3431,2.0091,1839560.3904,1839560.3904
000559.SZ,20260107,58.6256,6.2852,4.2537,5907968.7472,5906517.7893
002981.SZ,20260107,29.4067,3.5563,2.0217,400359.5669,347733.3205
301053.SZ,20260107,107.8866,4.3966,4.4643,298975.0538,274473.4898
603093.SH,20260107,31.8218,2.6167,6.5516,1435449.786,1220131.786
600269.SH,20260107,6.9575,0.6142,2.0975,1221417.8683,1221417.8683
300875.SZ,20260107,,4.4091,27.565,416211.0769,366003.4681
300557.SZ,20260107,101.5075,4.7958,6.7989,478153.3254,471898.0507
300691.SZ,20260107,,2.9445,2.3861,474332.9745,389161.3056
300563.SZ,20260107,103.0731,6.2049,7.8858,675017.6388,466954.7702
301357.SZ,20260107,1269.5699,12.0529,75.1046,1371165.6,342791.4
002725.SZ,20260107,60.5925,4.314,6.5011,444416.0,368055.9724
000010.SZ,20260107,89.1239,12.3248,4.4069,402378.3022,296811.6673
603218.SH,20260107,24.88,1.3426,2.1557,1372414.545,1369344.285
301312.SZ,20260107,73.6568,5.0855,9.7202,626503.764,313057.7951
600036.SH,20260107,7.1353,0.9754,3.1619,106301649.2082,86951000.7682
603790.SH,20260107,67.056,3.0488,4.6007,384250.88,384250.88
600853.SH,20260107,10.9547,1.2462,0.2506,443131.873,442985.1721
002596.SZ,20260107,,8.6378,4.9721,577233.0006,576702.2098
603658.SH,20260107,18.9782,2.382,4.939,2083414.7041,2083414.7041
002912.SZ,20260107,54.4967,3.2048,7.3994,524550.144,498346.0178
002227.SZ,20260107,,3.1668,9.7407,302323.5274,300042.8545
300822.SZ,20260107,181.2133,4.0192,5.9373,505623.2526,469017.8461
601188.SH,20260107,28.7706,0.9948,5.1687,459525.4101,459525.4101
300983.SZ,20260107,,1.6113,26.1368,456710.4,312620.555
301122.SZ,20260107,898.3907,1.955,10.2364,349622.5819,216332.2819
002010.SZ,20260107,31.0857,0.9656,0.6549,1713699.163,1709377.7307
601611.SH,20260107,27.0364,2.1345,0.4273,4638290.8523,4638290.8523
600693.SH,20260107,337.6828,4.4039,8.4261,1556154.9341,1554556.527
002940.SZ,20260107,65.0399,4.4657,4.7776,703022.7282,645685.0025
000039.SZ,20260107,19.4613,1.0853,0.3182,5273884.9365,2250776.1839
002508.SZ,20260107,11.8322,1.5888,1.6294,1813337.7798,1791485.8793
300548.SZ,20260107,146.6308,22.255,18.0807,4172241.8734,3853503.7084
001336.SZ,20260107,77.2458,2.584,5.6773,204068.3165,118274.6432
002072.SZ,20260107,,96.7038,5.7712,293040.96,236419.8484
000155.SZ,20260107,51.2858,2.2792,7.9358,2280017.9024,2280017.9024
600327.SH,20260107,,1.4097,1.2671,446813.6566,446813.6566
600859.SH,20260107,,0.874,1.6199,1713995.4216,1713837.7976
601718.SH,20260107,,1.2234,2.0902,1495846.8395,1495846.8395
002311.SZ,20260107,17.8943,3.5568,0.7142,8987577.3379,8980940.0788
688001.SH,20260107,,4.0459,6.5985,1402049.4498,1402049.4498
600266.SH,20260107,,0.7211,0.4247,1401126.8672,1401126.8672
688750.SH,20260107,113.486,3.8085,15.1786,933787.5,470262.1002
603655.SH,20260107,107.9871,8.0209,16.9504,445094.0,445094.0
603267.SH,20260107,50.0569,2.8484,7.1076,1245063.8461,1245063.8461
603008.SH,20260107,21.946,2.0376,0.8498,760523.8783,760523.8783
920118.BJ,20260107,25.5064,2.0793,0.734,117111.696,71103.4311
301359.SZ,20260107,54.4027,2.715,6.8204,229055.456,130364.0797
603153.SH,20260107,23.4689,1.9752,1.5618,715617.4911,235710.0
002555.SZ,20260107,18.9088,4.5398,3.5623,5900037.8952,4264445.7704
300830.SZ,20260107,337.8796,3.4239,11.747,467448.1731,348882.739
002811.SZ,20260107,34.9191,3.3798,3.5122,474581.7777,436276.7863
301499.SZ,20260107,84.2738,3.2899,4.4684,420709.5572,105177.3908
002667.SZ,20260107,,7.9579,12.9639,367955.198,334094.732
002523.SZ,20260107,51.5628,2.4768,3.017,620488.6704,618255.6952
600272.SH,20260107,276.4679,4.7218,3.123,366662.1152,223360.0
600969.SH,20260107,,1.0776,0.9676,392253.513,392253.513
300439.SZ,20260107,41.0164,1.3067,2.625,386240.4091,293793.7113
600022.SH,20260107,,0.8732,0.227,1647622.8313,1647622.8313
688146.SH,20260107,75.1971,4.1824,11.0105,2371235.2954,649324.4013
688698.SH,20260107,79.2322,8.9948,11.2037,2053712.599,2053712.599
603363.SH,20260107,6.4777,3.5127,1.4364,1173935.7835,922277.7835
300007.SZ,20260107,238.9033,6.7191,8.2734,1952558.2261,1689288.3176
000595.SZ,20260107,662.8309,13.314,12.3073,677500.5378,677500.5378
300856.SZ,20260107,51.4745,2.4288,4.2351,649788.7466,627998.861
603283.SH,20260107,26.716,4.0622,3.7791,1282653.1761,1282653.1761
002059.SZ,20260107,,4.2793,18.6921,549752.1035,533794.0095
301006.SZ,20260107,26.0008,1.7963,5.9972,229394.16,141783.8067
002793.SZ,20260107,,3.6391,2.1229,528568.0042,527764.5772
688025.SH,20260107,58.5175,6.1867,7.2092,1364529.5166,1364529.5166
920252.BJ,20260107,324.7181,12.3225,8.4975,321707.1841,213836.703
002830.SZ,20260107,64.3214,3.9862,3.9187,260413.02,130562.9325
601515.SH,20260107,,1.5526,6.282,812126.6232,812126.6232
002696.SZ,20260107,47.5199,1.7819,0.6266,244531.757,236147.7853
002900.SZ,20260107,,2.1571,4.6951,410632.0999,227089.7728
002741.SZ,20260107,,5.2457,3.6024,1008633.3904,924771.4021
603656.SH,20260107,138.3024,3.2044,7.2937,422863.5755,422863.5755
600844.SH,20260107,,21.1717,3.3975,295808.5538,239414.6145
600033.SH,20260107,13.9399,0.9174,3.6916,1127948.4,1127948.4
688398.SH,20260107,78.4264,2.8537,2.9396,293842.4909,293842.4909
300498.SZ,20260107,13.9292,2.7391,1.0689,11251791.0017,10065747.3907
601168.SH,20260107,21.6275,3.8458,1.1015,6801082.0,6801082.0
301388.SZ,20260107,142.6221,3.2905,6.5533,321378.1212,85817.6166
688133.SH,20260107,261.3304,1.3436,1.4393,375080.7445,375080.7445
002648.SZ,20260107,10.2419,1.9608,1.305,6282524.2119,6278489.8345
920576.BJ,20260107,258.1334,22.3566,21.224,1002340.0,985574.4168
603151.SH,20260107,28.3441,2.3744,0.6356,321972.287,321972.287
002785.SZ,20260107,,9.0805,6.1884,805859.6354,688068.3018
300209.SZ,20260107,56.644,5.2964,25.1976,507035.3248,267550.1228
600037.SH,20260107,,0.8203,4.8621,1039658.0793,1039658.0793
920262.BJ,20260107,46.4853,4.9501,2.9168,169467.9816,76466.618
002247.SZ,20260107,59.8932,3.5675,2.9708,237392.7437,179547.8475
688232.SH,20260107,72.6064,1.5806,4.172,809784.6671,809784.6671
601689.SH,20260107,47.5615,5.5852,4.6134,12999010.1384,12999010.1384
300705.SZ,20260107,16.542,2.9437,2.5413,775829.8357,571905.1203
002624.SZ,20260107,,4.5604,4.6714,3230047.3927,3043175.5133
000987.SZ,20260107,12.9018,1.4826,3.6247,4625796.13,4623300.0104
002265.SZ,20260107,260.2021,7.6029,7.3587,2775779.5736,2775779.5736
603901.SH,20260107,113.8203,2.8475,1.7942,724886.3603,710467.2326
001366.SZ,20260107,,2.6104,1.6541,209526.72,72606.72
301180.SZ,20260107,,5.3535,5.2865,705617.64,289539.4355
000903.SZ,20260107,,3.8859,1.1622,516603.4575,512709.86
301235.SZ,20260107,39.8442,2.3736,2.0956,431637.0687,291334.942
002547.SZ,20260107,,,2.3963,524546.5831,513735.3322
601965.SH,20260107,19.5723,2.3929,3.786,1769388.8207,1760771.4866
603729.SH,20260107,,4.8816,3.5844,149154.124,149154.124
000995.SZ,20260107,,15.2791,15.4312,225308.16,225308.16
002357.SZ,20260107,18.377,2.0066,4.1918,345464.9177,345452.5202
603701.SH,20260107,126.1198,6.6747,6.13,535791.8971,535791.8971
300864.SZ,20260107,20.3088,2.3749,3.9207,313768.5271,313768.5271
600403.SH,20260107,,4.1047,4.514,1881569.3604,1881569.3604
601966.SH,20260107,17.8111,0.9349,0.8864,2151348.944,2151348.944
603444.SH,20260107,21.4364,6.5021,6.0017,3218796.3927,3218796.3927
000035.SZ,20260107,58.0726,1.2988,2.4998,1334910.3179,1292981.3931
600197.SH,20260107,36.136,1.7225,3.5589,657712.8566,657712.8566
603580.SH,20260107,,5.0036,9.1431,210645.1984,210645.1984
600516.SH,20260107,556.6502,1.4645,7.0931,2371296.5468,2371296.5468
300436.SZ,20260107,,38.3245,34.0611,1467963.939,1260146.5717
603557.SH,20260107,,21.1755,6.75,165834.2122,165834.2122
603861.SH,20260107,31.8299,1.7624,1.4319,702145.8135,686633.8349
920471.BJ,20260107,,2.0701,2.3483,108742.4,69311.0033
601222.SH,20260107,57.1986,0.7518,2.1974,1153694.7274,1153694.7274
301596.SZ,20260107,56.1222,7.0594,9.1663,599265.7198,243204.8166
600261.SH,20260107,25.2273,1.3079,1.6753,453918.0084,453918.0084
688182.SH,20260107,131.7615,5.5351,19.5706,1238400.0,1238400.0
000629.SZ,20260107,,2.6712,3.5391,3279704.5893,3279485.766
300433.SZ,20260107,43.8779,3.3707,2.324,17971998.137,16909333.4206
000813.SZ,20260107,,1.6435,20.9973,817871.1606,817736.6106
603004.SH,20260107,31.9465,2.7442,7.5256,568309.76,142077.44
600722.SH,20260107,86.5264,3.482,8.6579,429962.0352,429962.0352
000600.SZ,20260107,9.2738,1.3387,0.6423,1556191.2665,940713.906
600322.SH,20260107,,,1.0225,258733.8,258733.8
600448.SH,20260107,,1.7659,0.6361,199023.0132,199023.0132
688253.SH,20260107,31.7716,2.0862,9.8376,423966.458,214597.396
603377.SH,20260107,,3.5044,4.3884,283821.7913,283821.7913
603321.SH,20260107,61.1964,1.9869,3.8952,286089.3646,248062.3
600303.SH,20260107,,1.971,1.3003,221487.7644,218895.7644
301525.SZ,20260107,54.4305,2.5627,6.5152,835602.2645,437694.6054
000410.SZ,20260107,152.139,3.3848,6.5614,2000050.1218,1269091.5377
300234.SZ,20260107,552.7804,2.3107,7.9994,266680.6777,182313.1333
603400.SH,20260107,33.4094,4.3053,3.8174,542100.0,108420.0
300599.SZ,20260107,,1.6456,3.3758,326257.8575,193442.5982
000554.SZ,20260107,19.6897,2.7777,0.9909,313477.2433,236449.8844
002038.SZ,20260107,94.5572,1.3913,13.6895,792086.85,656825.2846
000158.SZ,20260107,,6.3029,3.6405,3288354.5951,3266376.63
002122.SZ,20260107,,2.7783,5.7663,606454.6742,602430.3837
300223.SZ,20260107,188.457,4.8259,13.4535,5983987.5059,5215493.6544
301183.SZ,20260107,131.6719,13.4836,15.3637,1259761.1382,923520.7246
600177.SH,20260107,13.3484,0.819,2.7669,3476828.3103,3476828.3103
002160.SZ,20260107,120.4635,1.6285,0.7219,606242.545,465802.2849
301439.SZ,20260107,29.3154,1.9907,1.5424,589489.2406,277619.0899
002817.SZ,20260107,39.4508,2.4137,4.8381,227912.8055,221009.9428
603876.SH,20260107,37.9431,1.989,0.5591,1454303.1883,1454303.1883
603611.SH,20260107,12.4541,1.9646,0.8992,616953.8944,616953.8944
688053.SH,20260107,,2.6516,22.3209,426600.0,426600.0
601229.SH,20260107,5.885,0.6007,2.5927,14152174.0297,14152174.0297
603160.SH,20260107,45.4043,4.0646,8.0856,3778528.2632,3778528.2632
301217.SZ,20260107,4333.1189,5.4213,4.6905,2924766.8392,2924766.8392
300419.SZ,20260107,,5.4363,7.6023,234626.9053,234626.9053
301073.SZ,20260107,329.957,5.8928,8.1619,553991.0301,507633.3955
603991.SH,20260107,,3.663,36.487,1174643.0893,573323.2046
000803.SZ,20260107,46.9789,2.4774,2.519,363710.9993,358634.4684
688105.SH,20260107,,2.1338,6.1004,820128.6297,820128.6297
920101.BJ,20260107,30.8639,3.553,4.0358,363902.8463,104787.1402
601868.SH,20260107,12.4318,0.9007,0.2124,9880805.7817,7685608.4497
600779.SH,20260107,35.8237,3.8575,5.1412,1941725.2376,1941725.2376
301687.SZ,20260107,84.2581,7.377,15.7936,1095311.712,220274.4539
601456.SH,20260107,32.4227,1.0996,8.5171,5720356.9556,4398968.0704
002664.SZ,20260107,172.2555,2.7077,1.5975,955596.2,942430.622
600151.SH,20260107,,5.8722,7.0777,2725079.3453,2725079.3453
000536.SZ,20260107,,24.6173,9.6291,1407910.6967,1406409.0006
688269.SH,20260107,48.6929,5.2842,2.7487,543728.64,543728.64
002885.SZ,20260107,107.1743,4.9314,2.0662,726057.4742,618832.51
001388.SZ,20260107,49.2986,4.8683,6.5814,678600.0,135720.0
002289.SZ,20260107,,39.1537,30.835,856735.6618,855818.5618
600901.SH,20260107,11.5783,1.5091,6.1448,3660459.5844,3659565.9364
002353.SZ,20260107,26.7248,3.4227,4.8198,7580628.5875,5132777.7616
300435.SZ,20260107,143.5253,2.9498,3.4648,977011.029,934207.4578
300084.SZ,20260107,,4.157,8.615,520963.1049,351830.5291
002365.SZ,20260107,180.704,2.323,5.7588,459115.335,382582.6374
300653.SZ,20260107,48.5389,4.2732,10.7504,373680.0,373680.0
002206.SZ,20260107,13.4879,1.8221,1.1997,713595.2331,523752.2452
603045.SH,20260107,45.5665,2.6642,0.5827,271432.0906,271432.0906
002363.SZ,20260107,78.3973,1.9008,1.8638,405222.2326,404116.9383
688535.SH,20260107,463.1759,5.4791,31.4373,1167054.0961,637597.1859
600640.SH,20260107,476.5767,2.5746,5.07,1024060.6748,1024060.6748
002695.SZ,20260107,106.2262,2.3771,4.005,667026.2748,609654.4601
301315.SZ,20260107,123.3428,5.242,22.6335,533192.0,224183.0
000628.SZ,20260107,449.2156,7.4161,2.7129,1625772.2,887181.0698
003029.SZ,20260107,,4.8179,14.5506,520063.9297,465314.531
300571.SZ,20260107,,2.7444,4.1752,398771.8643,330491.0462
000338.SZ,20260107,13.0706,1.7073,0.6922,15527601.8695,8922680.6176
688512.SH,20260107,,3.0886,7.5537,535002.706,371957.5592
002735.SZ,20260107,,4.4836,3.4588,775855.3091,569621.3888
603096.SH,20260107,39.8838,1.4473,4.0993,269139.4189,269139.4189
688596.SH,20260107,37.4212,2.776,1.9024,1000634.0464,1000634.0464
301491.SZ,20260107,33.6619,3.5156,4.6991,735171.0,154252.0918
300547.SZ,20260107,44.4736,6.689,5.7905,854827.2317,696110.7752
603391.SH,20260107,28.939,2.8342,5.9811,593047.0,148261.75
003043.SZ,20260107,103.6934,3.8232,6.7958,659919.4874,413346.4794
300062.SZ,20260107,,3.5201,5.1217,565683.7583,411686.5285
600761.SH,20260107,14.7166,1.8441,1.0457,1971103.0801,1971103.0801
300070.SZ,20260107,658.8252,0.5303,1.7652,1442435.3265,1341991.6024
301391.SZ,20260107,387.5749,3.9267,13.0081,815037.0488,796343.9484
300583.SZ,20260107,,1.4941,2.7638,263875.6573,258933.1561
300636.SZ,20260107,33.8584,1.3469,3.8779,320003.0392,279926.5552
002952.SZ,20260107,266.5962,3.7926,3.8003,329830.38,264211.5792
601969.SH,20260107,48.9009,3.2801,5.4307,2309974.9782,2291603.8262
000411.SZ,20260107,14.0068,1.4197,0.2059,690575.1546,438702.1469
603238.SH,20260107,25.5319,2.155,1.1518,310995.768,310995.768
603386.SH,20260107,,3.6771,1.9931,500578.807,500578.807
300456.SZ,20260107,26.3455,5.9001,37.8177,4013992.4006,3275215.8456
000657.SZ,20260107,46.1747,7.3857,4.2222,7291534.08,4622013.5008
603395.SH,20260107,286.2613,5.5574,2.3554,777400.0,194350.0
688027.SH,20260107,,17.9487,167.9573,5767416.3261,4506590.9259
603429.SH,20260107,,4.344,29.8477,536024.1452,536024.1452
300917.SZ,20260107,51.9861,5.8408,2.3285,679042.0,679042.0
301266.SZ,20260107,92.3822,2.3028,1.3572,415172.3407,393852.0392
688399.SH,20260107,,1.9258,16.857,571501.9069,571501.9069
603737.SH,20260107,52.1299,12.0449,2.8077,3467742.1231,3467742.1231
601158.SH,20260107,25.8032,1.2576,2.8954,2155210.3616,2155210.3616
603897.SH,20260107,21.2772,2.3195,0.4317,557789.2101,557789.2101
600539.SH,20260107,,7.2939,4.7255,231840.0,231840.0
001299.SZ,20260107,31.3312,2.6243,4.1844,310092.1385,279116.3745
002406.SZ,20260107,45.3117,1.4397,4.1329,577608.0399,476350.4023
300121.SZ,20260107,36.2658,1.7601,1.7419,605518.2155,583928.3978
003011.SZ,20260107,15.8022,1.5523,1.7292,219418.612,166875.6929
688334.SH,20260107,24.3575,2.2441,7.2596,641389.9981,317888.9181
000021.SZ,20260107,41.0292,3.3014,2.7563,4204245.3857,4203573.0913
688371.SH,20260107,147.324,3.5059,13.8015,690402.1086,690402.1086
603360.SH,20260107,104.8723,15.0412,15.3929,2265565.482,2265565.482
002928.SZ,20260107,24.0815,3.508,1.9238,1399674.4973,1399667.5166
688515.SH,20260107,,5.8349,16.9188,876080.0,545572.2494
000875.SZ,20260107,43.6804,1.1767,1.5393,2045780.6331,1885116.345
600521.SH,20260107,57.5141,2.9041,3.0912,2692059.3405,2692059.3405
300215.SZ,20260107,,2.5171,9.2974,493653.0692,329414.591
001306.SZ,20260107,134.9252,3.9908,6.8628,534732.9048,131874.0
000981.SZ,20260107,,27.0818,13.2291,4558846.7249,4338090.3784
301032.SZ,20260107,32.5418,2.4708,1.2805,298040.8824,197602.7499
000408.SZ,20260107,41.332,9.472,42.9988,14312607.6657,14312457.2682
600117.SH,20260107,,2.3548,1.5979,947238.4234,947238.4234
000601.SZ,20260107,96.859,1.2576,1.0752,507691.7655,500624.3346
600919.SH,20260107,5.7108,0.7654,2.2785,19525809.2286,19525809.2286
300980.SZ,20260107,104.694,3.3686,8.1345,474530.0855,337999.5568
605266.SH,20260107,23.6222,1.1505,0.3321,302131.4242,302131.4242
603326.SH,20260107,15.6911,2.4445,1.9261,280237.3445,280237.3445
688236.SH,20260107,38.5119,3.295,9.3338,983469.634,739529.392
002241.SZ,20260107,35.9894,2.9739,1.0525,10463198.1943,9261616.3531
603092.SH,20260107,33.3736,4.9232,4.891,2609200.6523,218210.3966
300775.SZ,20260107,37.6367,2.9379,11.6631,1718746.4985,1668635.7724
300043.SZ,20260107,182.8545,4.3815,3.6658,752740.0326,752341.3981
603685.SH,20260107,221.9074,2.4244,3.9535,478813.6837,384396.6453
688526.SH,20260107,16.1786,1.7821,7.3301,743474.2493,743474.2493
000301.SZ,20260107,,2.1283,0.5853,7113683.8211,7110805.9816
920002.BJ,20260107,82.1481,6.8563,14.0863,494844.777,341197.7528
002164.SZ,20260107,138.0344,5.9404,5.6992,850945.7287,767160.5736
301077.SZ,20260107,30.5418,4.0013,5.863,458192.6671,257014.6825
300248.SZ,20260107,61.3559,2.765,6.0426,586861.2202,504027.3503
605298.SH,20260107,97.9165,7.223,13.3114,753842.05,747425.263
603948.SH,20260107,20.3568,2.1186,2.0398,444732.8501,444732.8501
002796.SZ,20260107,603.7637,9.1848,8.4751,786375.41,709538.7605
600655.SH,20260107,,0.5871,0.516,2024078.302,2022720.062
600307.SH,20260107,,1.5819,0.328,1077297.4769,1077297.4769
601006.SH,20260107,15.4581,0.6247,1.3463,10295207.8129,10295207.8129
603955.SH,20260107,,2.6019,20.4172,397388.16,397388.16
002763.SZ,20260107,38.6691,1.6209,1.0063,302523.912,224056.2096
603711.SH,20260107,38.3086,1.6964,1.8472,560270.1537,560270.1537
600982.SH,20260107,14.9962,1.122,1.2831,493991.3484,493991.3484
300921.SZ,20260107,132.2091,5.5564,8.1506,460228.9074,287211.4718
920275.BJ,20260107,164.4676,6.0913,18.9972,141846.064,117403.9237
601069.SH,20260107,55.3709,5.5583,2.0476,2530755.5637,2464609.4947
002205.SZ,20260107,,7.0188,3.4055,252560.9469,252560.9469
301066.SZ,20260107,167.6066,3.6945,6.5897,458569.9127,368511.5271
301238.SZ,20260107,298.6706,2.2058,7.9941,1581066.5948,1581066.5948
600980.SH,20260107,41.0125,3.1435,3.4759,455178.78,451646.5325
600252.SH,20260107,,1.5148,3.8203,875644.8443,875644.8443
002136.SZ,20260107,,2.389,1.4958,269635.08,268927.523
300199.SZ,20260107,,26.0421,18.8234,1690523.9171,1427265.6753
603080.SH,20260107,18.8219,2.2691,2.2117,345684.5,345684.5
002827.SZ,20260107,64.5887,10.6034,5.925,1054991.168,1051008.0
688433.SH,20260107,796.6748,15.2912,55.4783,3024674.7464,1475967.849
603868.SH,20260107,40.9026,5.6306,4.7647,1842152.4,1842152.4
603506.SH,20260107,21.197,1.9716,1.3392,245988.8905,245988.8905
688358.SH,20260107,26.3792,2.5626,7.9802,358801.9616,358321.9616
605277.SH,20260107,35.0911,4.5721,1.8812,738368.3079,725029.1705
605167.SH,20260107,33.4893,3.6976,2.5323,730636.89,730636.89
603650.SH,20260107,55.5206,8.0098,9.4316,3177268.8116,3168839.2619
920469.BJ,20260107,,3.7365,2.1832,170685.606,125275.7242
300804.SZ,20260107,57.1322,1.9246,3.3192,261886.0,97322.5
601696.SH,20260107,38.5935,2.2764,12.4645,4244784.0,4244784.0
001356.SZ,20260107,57.5457,3.7705,3.715,769651.92,163551.033
002582.SZ,20260107,,1.6143,3.2427,504119.0853,387616.7206
001298.SZ,20260107,185.6036,5.6443,1.1352,909054.0968,504123.4262
688510.SH,20260107,65.7145,6.1273,10.2845,733670.4128,733670.4128
301528.SZ,20260107,70.6852,2.7858,21.594,425872.0,219127.7042
301167.SZ,20260107,81.0211,1.9089,5.2484,179984.0,114286.4589
001286.SZ,20260107,12.1793,1.362,1.5724,3566250.0,998550.0
600203.SH,20260107,,4.5526,0.6502,789267.1371,789267.1371
000852.SZ,20260107,359.9258,2.2096,0.961,693076.5745,685660.6199
002390.SZ,20260107,81.9212,0.9361,1.1019,631751.8571,626540.9261
300708.SZ,20260107,41.0077,3.0394,2.6485,857229.5265,648243.0139
301171.SZ,20260107,81.3945,5.2279,5.5748,1956910.848,1579546.4798
301662.SZ,20260107,89.9015,7.84,6.788,1130880.0,235050.8918
001309.SZ,20260107,,23.1517,7.2385,5671141.45,4021898.35
603416.SH,20260107,37.245,3.4346,4.6454,873219.3836,773784.465
603020.SH,20260107,21.5945,1.1902,1.5921,393585.1939,393585.1939
688809.SH,20260107,121.4485,10.943,47.5595,4272477.0361,803089.1778
300515.SZ,20260107,22.7632,4.7581,6.1466,410480.2275,402513.7436
688562.SH,20260107,,6.0451,9.2732,988000.0,427359.4
301338.SZ,20260107,67.0945,6.3305,9.4031,991222.4,551041.4
000911.SZ,20260107,58.8647,24.6447,1.0389,295836.3455,295836.3455
601555.SH,20260107,13.4911,1.1249,4.5132,4680518.0725,4680518.0725
002980.SZ,20260107,43.9868,3.8079,5.2917,411000.5172,220016.1785
600425.SH,20260107,26.3592,1.0532,1.7504,688417.8903,591500.9469
002606.SZ,20260107,23.218,2.1815,2.5474,396922.1909,380712.4177
920703.BJ,20260107,20.4572,2.0099,5.3107,224277.312,113482.5387
002543.SZ,20260107,11.0631,1.4931,0.9899,755497.6,672196.779
002642.SZ,20260107,229.2965,4.6893,3.2344,551096.4007,551096.4007
688123.SH,20260107,59.9334,9.5649,20.0494,2389892.7644,2389892.7644
688777.SH,20260107,47.5827,3.8805,4.6813,3958321.2036,3918458.4853
301339.SZ,20260107,40.8753,3.1997,8.8448,861214.6469,249402.3296
603808.SH,20260107,,1.2135,1.0887,315943.5036,315943.5036
688280.SH,20260107,158.1283,7.9664,2.4252,530609.2786,467969.1864
920160.BJ,20260107,47.3685,6.0875,17.8023,299965.44,67492.224
600048.SH,20260107,,0.3965,0.2528,7649113.3441,7649113.3441
000881.SZ,20260107,,1.6557,1.4978,865064.6207,770055.6369
300335.SZ,20260107,54.8678,1.4297,2.4625,277144.1974,223197.6363
300811.SZ,20260107,58.7515,7.76,12.9491,2249140.0041,1844234.6488
603262.SH,20260107,75.2677,7.5748,10.9792,1161629.04,112682.8811
601020.SH,20260107,26.5797,5.6026,11.1621,2396756.8123,2396756.8123
603578.SH,20260107,,2.1887,1.4766,214624.8681,214624.8681
000838.SZ,20260107,,8.4229,11.7567,345545.1214,330882.4785
603052.SH,20260107,222.5151,6.9798,8.5014,759292.9166,759292.9166
300748.SZ,20260107,82.384,7.4222,7.0516,5022276.5233,4128092.1358
001326.SZ,20260107,133.5218,2.9505,2.4144,357948.0,117865.2788
001279.SZ,20260107,95.1353,5.5636,3.8739,555200.0,138800.0
002126.SZ,20260107,38.0383,4.7871,2.2243,3237375.6751,3035904.3143
301479.SZ,20260107,43.9626,6.4515,5.2947,794015.597,187440.3153
920735.BJ,20260107,18.6906,3.3556,4.0774,412365.7049,364706.667
603381.SH,20260107,52.6936,1.3539,0.4212,484240.1614,290103.0171
002340.SZ,20260107,38.9533,2.3125,1.3323,4772806.8503,4744977.9552
688330.SH,20260107,24.346,1.3751,7.0491,532560.0,532560.0
002927.SZ,20260107,278.3094,4.5519,5.4735,471158.692,465977.5634
301392.SZ,20260107,676.139,19.8204,36.5761,1437300.0,586359.6288
002014.SZ,20260107,15.4905,3.1157,1.9808,731315.288,721793.3995
300902.SZ,20260107,,4.695,12.1145,385423.1423,257056.7289
001213.SZ,20260107,32.0733,0.9524,1.5336,1817777.7776,1817777.7776
002851.SZ,20260107,230.5461,8.6829,6.0455,5477669.2655,4559443.1808
300447.SZ,20260107,,2.8056,7.1877,560909.4335,361511.2993
002761.SZ,20260107,45.4502,1.3895,0.1133,932501.6189,932501.6189
600072.SH,20260107,,1.8096,1.8005,1756567.8254,1266421.3224
002343.SZ,20260107,,3.5811,6.7393,341049.8059,341049.8059
002334.SZ,20260107,26.6091,2.4603,1.7486,749516.6866,668761.0597
600745.SH,20260107,,1.4111,0.9544,4791886.6496,4791886.6496
000777.SZ,20260107,47.2142,4.6638,5.5933,1063216.9854,1063198.2233
920651.BJ,20260107,31.2046,5.2914,8.2726,271877.0,68080.1
600740.SH,20260107,,0.6849,1.5697,1042783.3097,1042783.3097
000811.SZ,20260107,28.127,2.6648,2.5141,1637588.6753,1614352.8737
603500.SH,20260107,27.5477,3.9763,5.3091,403341.7782,402182.1644
600354.SH,20260107,49.8659,5.0024,2.7446,344654.7582,344654.7582
605006.SH,20260107,384.4704,1.7631,1.9297,442340.8248,434412.88
300512.SZ,20260107,113.9168,2.4009,3.44,390412.4558,309007.4698
300191.SZ,20260107,,5.7764,11.1191,613440.0,424030.815
300807.SZ,20260107,,8.2243,19.7666,386464.8542,295027.6575
300582.SZ,20260107,,4.0879,2.2633,541545.1892,401873.3115
600895.SH,20260107,66.6606,5.4812,31.4711,7252513.1627,7252513.1627
603933.SH,20260107,293.7128,3.8057,2.3639,502257.8715,502257.8715
605566.SH,20260107,135.0234,2.0688,5.1538,413354.0,413354.0
300219.SZ,20260107,78.9692,2.0218,1.2024,521046.4204,520093.5838
002338.SZ,20260107,248.8436,10.7968,20.0538,1470000.0,1470000.0
301396.SZ,20260107,168.5115,8.238,5.3158,1055586.6532,523133.4648
000783.SZ,20260107,12.8226,1.3596,4.6182,4838813.8295,4838813.8295
600193.SH,20260107,,18.342,,163343.232,163343.232
601608.SH,20260107,82.2414,3.3382,3.8282,3086619.0165,3067082.7848
000886.SZ,20260107,587.6722,2.113,15.5293,639771.9101,632660.473
601968.SH,20260107,35.5035,1.5052,0.7767,678714.6727,678714.6727
000801.SZ,20260107,101.2111,6.1323,4.0713,1745029.6112,1745029.6112
601021.SH,20260107,28.8196,3.2521,2.7775,5776080.5294,5776080.5294
000665.SZ,20260107,,1.6318,4.6226,654998.1091,654980.9933
688545.SH,20260107,84.0082,5.5406,11.865,1614600.0,326882.7845
688295.SH,20260107,,6.179,14.6693,2898000.0,2898000.0
688626.SH,20260107,181.9588,6.5998,17.2832,1337600.0,1337600.0
688775.SH,20260107,103.7041,17.1132,11.9024,9796430.0,801304.0
300900.SZ,20260107,,9.5497,10.6068,1232698.4007,938208.0297
603798.SH,20260107,81.4544,3.6573,4.3337,422629.0232,422629.0232
600862.SH,20260107,32.7442,4.5971,6.8394,3428293.8523,3428293.8523
300159.SZ,20260107,,,17.1908,1052934.7299,586188.545
000034.SZ,20260107,54.0946,2.5779,0.206,2862669.2336,2393087.869
600721.SH,20260107,84.4166,5.3384,10.763,423771.4938,423771.4938
002608.SZ,20260107,7.9606,0.8082,0.8283,2822225.5389,2822225.5389
920509.BJ,20260107,96.2348,18.6586,29.9073,643627.3694,335937.1378
600641.SH,20260107,111.0506,2.151,13.0602,1753306.7693,1753306.7693
600993.SH,20260107,21.1379,2.8102,3.2019,1208244.0565,1206150.5658
601139.SH,20260107,14.4389,1.2059,0.6319,1904403.4867,1904403.4867
300410.SZ,20260107,,12.9602,3.9977,312047.5775,312047.5775
300301.SZ,20260107,,11.9032,4.465,195849.0295,186410.9057
300285.SZ,20260107,48.058,4.1973,6.7396,2941292.4821,2481967.2987
300458.SZ,20260107,125.3016,11.788,13.3404,3686358.688,3017563.5987
605090.SH,20260107,21.6002,2.8492,1.4571,3002699.2864,2996773.9219
688686.SH,20260107,82.0426,5.0256,12.885,1533932.7248,1533932.7248
002057.SZ,20260107,33.4963,2.484,2.5821,793085.6587,792603.0116
002233.SZ,20260107,14.3472,0.8917,2.5058,1068278.4143,1067561.1215
688332.SH,20260107,52.9402,3.9374,8.6113,1612518.5322,592527.1872
301376.SZ,20260107,22.1135,2.1764,0.855,724846.624,348750.8161
300488.SZ,20260107,38.4088,3.4555,8.2327,563801.1293,469433.5949
301185.SZ,20260107,40.5334,2.7553,14.1176,294868.6272,268830.8377
600029.SH,20260107,,3.9877,0.8333,14768551.4585,10983693.6525
002487.SZ,20260107,31.2688,4.2189,5.5603,3374331.8056,3338199.1274
300263.SZ,20260107,60.0105,2.2408,3.029,940820.7285,886755.9937
603421.SH,20260107,,1.6719,2.4671,468272.7869,468272.7869
688006.SH,20260107,60.5365,3.7427,6.7115,2034375.1522,2034375.1522
603258.SH,20260107,,2.1126,10.6518,458525.796,453721.738
300146.SZ,20260107,29.7225,1.8165,3.4141,2055387.5927,1361794.6707
920505.BJ,20260107,161.5747,9.6505,20.0722,321030.3958,179535.8183
601801.SH,20260107,15.3866,1.0731,1.4099,1305940.1351,1305940.1351
920221.BJ,20260107,36.3244,4.9417,5.966,201677.52,107347.4101
300879.SZ,20260107,50.0604,4.3111,1.7218,594242.9737,590219.5233
603190.SH,20260107,30.155,1.4803,1.8579,330155.54,107417.1415
688711.SH,20260107,,6.746,5.257,701714.5673,701714.5673
920833.BJ,20260107,40.8494,2.2446,3.0793,137541.2,104319.4725
601991.SH,20260107,9.9772,1.9871,0.556,6773456.0445,4536968.6128
002129.SZ,20260107,,1.4431,1.3232,3626674.8484,3623915.6943
300645.SZ,20260107,303.291,2.5771,2.1964,266307.5248,261086.4277
600572.SH,20260107,16.5411,1.6112,1.7301,1138021.4545,1134994.3625
300386.SZ,20260107,,4.8617,9.8395,716527.416,429798.6172
600233.SH,20260107,14.0924,1.6719,0.7557,5578796.7137,5578796.7137
603319.SH,20260107,77.6928,4.7108,5.5083,1168709.7904,1168709.7904
603110.SH,20260107,767.7789,4.912,8.2616,341884.2177,341884.2177
600667.SH,20260107,30.5518,2.0682,0.5395,1790360.1044,1790360.1044
920278.BJ,20260107,59.8938,4.2011,4.9238,160714.5,68198.208
688416.SH,20260107,,4.9005,15.0224,622708.6789,489976.123
002218.SZ,20260107,,1.6089,6.4147,652815.4936,643287.991
603178.SH,20260107,,3.6789,2.5727,446818.4551,446818.4551
920493.BJ,20260107,481.8127,19.935,8.8037,840708.4224,581461.0278
600731.SH,20260107,14.7059,1.2208,1.7241,386649.7519,374844.4042
603600.SH,20260107,14.896,1.7102,0.8086,391563.3065,355545.0703
301273.SZ,20260107,,2.046,5.5178,188561.1965,144723.5915
002771.SZ,20260107,,5.2175,6.3386,321568.3653,267530.9661
920427.BJ,20260107,114.2991,4.2922,15.2113,141137.055,69299.0045
600594.SH,20260107,,1.3412,1.6903,322314.4518,322314.4518
603993.SH,20260107,24.0564,6.0503,2.3068,47003299.4567,38361470.2607
603301.SH,20260107,66.4833,3.2835,4.3201,1867494.6334,1867494.6334
300377.SZ,20260107,,6.5493,12.7964,1651455.7729,1518462.8411
301590.SZ,20260107,43.6747,4.166,5.6228,811625.3704,166031.7433
000517.SZ,20260107,,1.0071,0.5104,579473.8923,453541.5277
002546.SZ,20260107,8.71,1.6238,7.9639,608855.8401,584899.4301
300899.SZ,20260107,94.9022,3.2873,13.6197,210485.4378,135089.0178
600497.SH,20260107,34.4965,2.3728,1.848,3941577.5377,3941577.5377
002917.SZ,20260107,30.9947,2.7535,2.7232,462674.4962,346696.2593
002641.SZ,20260107,60.3576,0.9738,0.8506,530968.5523,489885.6901
600127.SH,20260107,306.0467,6.3612,1.0809,432561.8889,432561.8889
601011.SH,20260107,,1.1908,10.6884,685807.905,685807.905
300129.SZ,20260107,43.7274,2.3748,1.9497,1090092.5045,838016.0769
600185.SH,20260107,,22.1253,2.3742,1266723.8942,1266723.8942
600738.SH,20260107,48.319,1.9181,6.2402,391326.3113,390982.4247
603999.SH,20260107,58.7044,2.016,4.8349,412416.0,412416.0
600751.SH,20260107,102.0911,1.4778,8.4376,1119144.3842,993250.9741
920270.BJ,20260107,42.7249,5.1514,9.0955,210173.544,162986.7889
002622.SZ,20260107,,7.0085,3.3893,255360.0,255352.476
002916.SZ,20260107,59.987,10.0645,7.5368,16288477.6219,16246454.0398
600576.SH,20260107,35.4247,2.2971,6.2934,682292.8407,427272.3837
600775.SH,20260107,,4.9139,6.2493,1485901.4482,1092409.4482
300092.SZ,20260107,55.6826,2.7897,4.4433,453069.0902,347118.7874
600710.SH,20260107,11.2713,1.7131,0.1198,1409982.6393,1409982.6393
688519.SH,20260107,123.0076,6.7231,4.085,1871124.8859,1871124.8859
300818.SZ,20260107,110.2262,3.567,7.0619,646061.5281,419098.6731
600798.SH,20260107,,1.1035,1.5639,430732.7098,430732.7098
300464.SZ,20260107,,20.8037,2.0119,288884.2074,224221.2279
601528.SH,20260107,5.4384,0.5651,2.4686,1090961.7356,964357.8351
601588.SH,20260107,,0.7875,0.873,592595.52,468160.0
301201.SZ,20260107,,3.3718,19.1751,718026.8572,503754.1149
603967.SH,20260107,17.6407,1.9518,0.4913,456560.0571,456560.0571
000159.SZ,20260107,83.3231,1.3655,1.9246,278317.1899,278309.5906
001396.SZ,20260107,32.387,3.1119,5.707,429640.8099,89250.5117
688030.SH,20260107,,3.9301,3.2405,327308.2273,327308.2273
300981.SZ,20260107,,1.0353,2.2393,555808.9869,509373.2032
300407.SZ,20260107,38.5219,1.9304,1.4303,371246.9719,282900.8104
301307.SZ,20260107,,2.5492,1.8726,728465.4,377002.0828
601727.SH,20260107,133.0283,2.6102,1.1633,14094890.3239,11442385.1499
600897.SH,20260107,16.6318,1.5661,3.7238,738807.048,738807.048
002131.SZ,20260107,91.2307,3.3797,2.2565,4462602.1653,3854968.0119
002008.SZ,20260107,39.9941,2.6659,2.6068,4524077.3748,4203845.3483
002717.SZ,20260107,,3.4142,9.4755,293057.6028,260047.2113
601211.SH,20260107,15.3161,1.2574,6.4974,39171473.192,29983653.1015
300258.SZ,20260107,61.4877,1.7664,4.0643,833107.274,811524.6957
001255.SZ,20260107,366.7093,3.3646,6.9901,294795.1274,242300.96
300978.SZ,20260107,36.9131,3.267,2.5735,537677.884,243231.0526
688786.SH,20260107,57.606,5.8165,10.1538,434276.0091,434276.0091
600711.SH,20260107,26.2323,3.1455,1.7668,5263311.4714,5263311.4714
603719.SH,20260107,,2.3454,0.8145,473982.0,473982.0
300730.SZ,20260107,,12.9579,12.6834,324814.1616,260400.7994
000100.SZ,20260107,31.7515,1.608,0.5512,9797206.2125,8523567.317
300272.SZ,20260107,48.7813,3.2869,2.5824,462270.9208,351140.8433
600239.SH,20260107,,2.967,2.0153,380547.7974,380547.7974
000759.SZ,20260107,,4.2477,0.5848,514734.2094,509483.5814
000539.SZ,20260107,290.6647,1.0059,0.4502,2357377.5097,1147368.7177
002818.SZ,20260107,13.4894,1.5211,6.5747,838274.0128,334160.0539
000548.SZ,20260107,58.8248,1.3084,5.4611,270574.9696,270552.3075
301211.SZ,20260107,140.0127,2.3437,12.2924,529516.8,529516.8
920368.BJ,20260107,102.5071,1.4272,1.8399,602211.8286,572924.002
002339.SZ,20260107,104.8289,2.8228,1.6614,486449.0444,462035.8279
300522.SZ,20260107,812.2181,5.1875,5.8743,417252.2501,340458.6736
301096.SZ,20260107,,2.4858,10.8871,642699.2231,487119.7612
920961.BJ,20260107,283.959,5.3703,18.1734,413094.7491,293891.466
688353.SH,20260107,,5.5144,25.5923,1821171.0,1359552.1528
002989.SZ,20260107,,3.9524,19.6045,591515.9414,537887.5559
301153.SZ,20260107,258.2231,5.1285,12.411,862719.6681,804967.3696
002880.SZ,20260107,25.6875,2.5277,5.1528,587412.0,587412.0
603031.SH,20260107,63.8749,4.0409,2.6451,1230597.737,1007675.76
300884.SZ,20260107,,3.358,6.4256,424712.4979,320228.7393
688488.SH,20260107,,7.5076,10.9375,734266.0,734266.0
002663.SZ,20260107,,1.3763,1.669,325712.9425,244356.6105
600221.SH,20260107,,14.1325,1.1362,7605951.3262,7540810.6282
002572.SZ,20260107,11.6328,1.8259,1.336,1315522.426,889899.3049
002112.SZ,20260107,55.5886,5.2623,2.3803,458256.5374,408319.9389
600187.SH,20260107,222.2761,1.2886,22.0266,409900.4002,409900.4002
002759.SZ,20260107,,7.7999,10.1075,2414157.2431,2412036.1778
000716.SZ,20260107,110.1065,1.8504,2.0098,471305.4153,462478.995
603519.SH,20260107,19.5159,2.7386,1.9014,325718.9471,325718.9471
300925.SZ,20260107,88.5084,4.2764,1.945,938443.8806,765156.4414
300153.SZ,20260107,206.8635,10.9583,5.6983,995840.0,990643.3272
688035.SH,20260107,69.1398,3.2073,5.0113,737941.12,737941.12
301025.SZ,20260107,652.8867,6.5005,10.8781,402310.947,278536.4937
002083.SZ,20260107,43.2496,2.9084,2.572,1329081.1728,1328641.0188
301311.SZ,20260107,,2.5216,2.1551,451200.0,451200.0
600335.SH,20260107,21.7265,0.8366,0.2499,970766.8611,970766.8611
301293.SZ,20260107,229.7775,8.2681,11.756,1932569.912,1509992.4823
300537.SZ,20260107,,5.5417,10.4215,500398.1026,346571.3735
002733.SZ,20260107,93.1654,2.8735,2.3871,789561.6462,758012.9697
688071.SH,20260107,,2.7836,5.7419,294729.0806,294729.0806
601665.SH,20260107,6.3913,0.7317,2.7213,3519997.9243,3519997.9243
300523.SZ,20260107,,5.2117,4.5219,550653.2891,549992.4748
603197.SH,20260107,32.7492,2.628,1.0255,825154.1244,825154.1244
000977.SZ,20260107,39.9286,4.7503,0.65,9900469.608,9889380.0226
300795.SZ,20260107,33.3388,7.2659,5.577,405598.9816,235120.8764
600196.SH,20260107,22.2255,1.519,1.8447,7295612.9159,5787711.4699
002329.SZ,20260107,,3.7445,1.8088,334626.402,261456.3474
600757.SH,20260107,9.6427,1.0872,1.555,1075294.1419,1075158.4333
301598.SZ,20260107,32.8916,3.989,6.7984,377413.405,112445.809
002949.SZ,20260107,36.0932,2.1011,2.4282,303279.8576,234961.9011
601816.SH,20260107,19.0377,1.227,5.8334,24854245.12,24854245.12
688329.SH,20260107,318.4732,2.1455,4.3689,166674.8,166674.8
300953.SZ,20260107,59.7266,6.8909,3.3851,2947386.6497,2119563.5621
600246.SH,20260107,,4.5146,49.3039,2368686.8324,2368686.8324
600739.SH,20260107,21.9318,0.6432,1.7015,1892251.0424,1892251.0424
300790.SZ,20260107,49.5844,4.5885,3.7953,1181093.623,1024836.4305
300054.SZ,20260107,63.9805,8.5733,11.7646,4246972.3677,3304408.7156
688049.SH,20260107,52.1621,4.9801,10.7687,977085.1517,977085.1517
301069.SZ,20260107,104.5783,6.0718,12.4219,1249691.6946,1175718.8946
688130.SH,20260107,,2.1276,16.446,265235.0602,132265.4962
688319.SH,20260107,176.1261,11.7824,15.9481,1130931.0096,1129470.3098
688395.SH,20260107,57.2263,2.694,5.0336,209912.8733,209912.8733
600963.SH,20260107,19.4911,1.0342,0.8651,826056.8914,826056.8914
600599.SH,20260107,,12.8729,5.5342,149234.0,149234.0
688720.SH,20260107,149.6674,6.536,11.8068,660383.0717,422487.7247
600284.SH,20260107,21.8829,1.0444,0.5594,815985.296,815985.296
000651.SZ,20260107,7.1491,1.5684,1.2611,22652084.8166,22303289.0725
300931.SZ,20260107,,4.1095,6.0697,263200.016,202733.08
002809.SZ,20260107,902.5907,1.4349,3.0372,223462.7081,146909.1149
688103.SH,20260107,104.2994,5.5331,5.2553,621362.077,621362.077
600826.SH,20260107,30.5211,2.0513,5.019,871607.2556,871607.2556
002182.SZ,20260107,182.0783,3.1598,1.7687,1698938.9303,1482622.8457
001209.SZ,20260107,105.229,2.0964,1.4591,269358.5306,196801.8145
601200.SH,20260107,18.3338,0.9406,1.6644,1090446.5033,1090446.5033
300866.SZ,20260107,22.6192,5.8912,1.9897,5825902.314,3340536.4445
000729.SZ,20260107,22.3754,2.21,2.2561,3441436.5354,3064229.7404
000538.SZ,20260107,19.6722,2.5745,2.5089,10229177.503,10163428.6556
002134.SZ,20260107,358.8941,12.748,4.8909,647568.2889,647166.5723
300727.SZ,20260107,54.0552,5.0571,4.8239,657497.6848,590856.8973
000993.SZ,20260107,27.2496,2.1109,8.755,562364.3867,540010.0184
600315.SH,20260107,,2.2121,2.5207,1553514.2398,1553514.2398
301026.SZ,20260107,37.614,3.1302,1.8999,506793.3064,357281.2925
000810.SZ,20260107,139.9356,2.1938,1.6432,1401879.371,1363832.9789
301078.SZ,20260107,51.4994,3.2128,1.3495,1334352.3677,1326948.9228
000066.SZ,20260107,,4.3009,3.2036,4770956.8512,4770647.3704
300930.SZ,20260107,53.9802,3.3244,4.4385,304800.0,143637.003
000550.SZ,20260107,14.0712,1.4002,0.4155,1576228.764,946713.7302
300173.SZ,20260107,57.9715,3.3901,2.3551,327687.6613,327687.6613
002455.SZ,20260107,402.1516,2.4859,0.7314,433214.3889,378518.4469
600512.SH,20260107,142.4271,0.6187,0.9915,388889.8789,387326.8598
601877.SH,20260107,13.8207,1.4406,0.9761,6296479.0997,6296479.0997
600126.SH,20260107,,1.4529,0.4651,2833461.6406,2833461.6406
300151.SZ,20260107,120.0559,5.339,8.2846,828583.7348,573432.8574
000726.SZ,20260107,9.374,0.6104,0.9784,586009.0616,422397.454
002813.SZ,20260107,,15.1787,9.0978,378840.0,378385.6288
002274.SZ,20260107,,1.0082,0.8371,547609.6715,539263.2498
601228.SH,20260107,27.6027,1.1621,1.6151,2467061.7518,2467061.7518
601326.SH,20260107,12.1652,0.9697,2.8065,1966769.024,1674660.768
300587.SZ,20260107,,3.2671,4.9223,782856.0846,634318.3191
688070.SH,20260107,,8.4387,8.5944,508139.16,508139.16
002997.SZ,20260107,17.1038,3.184,2.3443,774279.5812,774279.5812
002170.SZ,20260107,13.424,3.4081,2.5532,1197007.7368,970537.2424
300075.SZ,20260107,,2.7212,17.6824,948465.7513,787074.5529
000820.SZ,20260107,,14.6779,22.6518,218535.6505,100374.8044
000901.SZ,20260107,186.0342,5.0798,3.658,2195053.8665,2195031.7978
300264.SZ,20260107,,306.8495,18.0483,298584.26,256707.2644
688456.SH,20260107,98.1259,5.5589,1.8647,693589.06,693589.06
300796.SZ,20260107,,1.833,2.149,315277.7273,315277.7273
688506.SH,20260107,,19.4833,62.7624,13971237.0935,13569439.0
605007.SH,20260107,29.2307,1.84,0.7295,630817.984,532459.3443
601678.SH,20260107,43.481,0.8458,0.7,966713.0497,960368.0497
002235.SZ,20260107,2799.6555,7.7502,14.6925,582470.1454,556346.1935
002688.SZ,20260107,37.3191,1.9935,1.7035,468382.0796,453710.4155
300506.SZ,20260107,,,48.962,597324.9624,307837.8389
688129.SH,20260107,27.9809,2.619,3.969,247342.9764,247342.9764
300018.SZ,20260107,48.5196,4.3118,9.6443,596962.7093,552654.0687
001221.SZ,20260107,35.2543,9.0255,7.0067,2343258.58,204588.5763
601858.SH,20260107,27.5787,2.6437,4.8098,1448986.5,1448986.5
001313.SZ,20260107,623.7603,2.0096,0.7939,512400.0,511760.1229
000702.SZ,20260107,,6.4789,2.0129,228079.2158,175445.551
600366.SH,20260107,52.6155,2.5946,2.9975,1588114.3187,1588114.3187
600350.SH,20260107,13.8022,1.5392,1.7906,4554165.7172,4554165.7172
688320.SH,20260107,,4.3611,6.0596,545159.3415,545159.3415
688819.SH,20260107,22.5102,1.9373,0.7165,3264311.8,3264311.8
688170.SH,20260107,,2.9569,4.7866,359176.0,359176.0
600601.SH,20260107,156.4863,12.7912,12.8602,5696899.2684,5559000.9516
603927.SH,20260107,67.8275,5.1522,2.3254,1618865.92,1618865.92
920111.BJ,20260107,34.3748,4.1786,3.307,375008.4265,179388.8336
603107.SH,20260107,26.7632,2.3998,2.2586,508026.51,328570.041
000006.SZ,20260107,,2.4465,3.8361,1320295.155,1320287.6733
600635.SH,20260107,33.8026,2.171,3.2161,1969273.9282,1613334.0472
000797.SZ,20260107,,1.188,1.3642,600028.1109,599958.6832
002251.SZ,20260107,,1.8084,3.62,1484162.2283,1188164.6097
605005.SH,20260107,33.9711,3.6948,4.0784,753880.0,753880.0
002842.SZ,20260107,,4.8419,2.623,540816.0136,443768.1968
301408.SZ,20260107,41.8249,3.7214,1.5132,780019.5,290884.0409
600390.SH,20260107,622.2767,0.6189,43.6914,2622372.1626,2622372.1626
688617.SH,20260107,47.294,12.1519,15.0873,3633639.2125,3633639.2125
603369.SH,20260107,15.2512,2.6563,4.1823,4384995.7301,4384995.7301
300657.SZ,20260107,154.3053,11.3607,2.0489,1429330.1493,1395426.3479
603409.SH,20260107,29.3733,3.1303,3.8148,466941.15,116736.0433
600992.SH,20260107,,2.3351,1.5549,325234.43,325234.43
300012.SZ,20260107,24.4933,3.2331,3.7819,2416541.3153,2056021.272
601601.SH,20260107,8.8007,1.6212,1.0508,46071815.228,32780903.528
002539.SZ,20260107,18.4391,1.6139,0.7268,1493954.2936,1090047.1276
300261.SZ,20260107,,3.3132,5.2812,664683.535,645959.5522
920982.BJ,20260107,34.9341,14.8055,15.5816,2727048.558,1301250.5856
001332.SZ,20260107,26.4149,2.5863,4.9228,652443.45,283460.6734
002886.SZ,20260107,143.9727,3.324,2.9611,599314.5175,476070.9794
300437.SZ,20260107,,3.209,5.0551,447040.9754,311360.5673
603356.SH,20260107,,5.4389,2.1926,208543.76,208543.76
002869.SZ,20260107,245.8945,2.074,7.7693,443879.7124,395213.2993
601518.SH,20260107,9.7493,0.9454,3.4914,531245.4405,531245.4405
600690.SH,20260107,11.7671,2.1067,0.7779,24663165.9795,16445464.7209
002029.SZ,20260107,19.0387,1.2608,2.8947,860128.7151,811795.27
301197.SZ,20260107,61.1179,1.9593,6.2061,251687.52,171727.56
300821.SZ,20260107,,3.2793,3.8644,1605600.0,1605320.0235
920425.BJ,20260107,58.62,5.8747,16.8552,151307.6569,126301.9646
300457.SZ,20260107,62.687,2.9984,2.1972,1940054.54,1905524.0915
920339.BJ,20260107,35.9429,3.6225,3.5917,220203.8,151177.135
688291.SH,20260107,120.3648,5.0545,20.041,475757.4878,475757.4878
920809.BJ,20260107,,2.7515,1.6106,434311.25,332852.6823
000960.SZ,20260107,27.8019,2.6575,1.1233,5299482.2854,5299482.2854
300651.SZ,20260107,73.9664,2.7531,7.9967,297952.4417,184483.6849
601872.SH,20260107,14.4401,1.8092,2.8184,7275159.1903,7275159.1903
002526.SZ,20260107,58.5611,2.062,3.057,664982.1008,660614.4954
300442.SZ,20260107,19.8798,7.3096,20.2679,9900853.3652,9864689.7586
688278.SH,20260107,36.6233,11.2316,10.2963,3441037.3164,3441037.3164
920414.BJ,20260107,,3.2282,14.569,91630.6485,63339.234
000686.SZ,20260107,15.527,1.1559,3.9103,2277260.6863,2277260.6863
000893.SZ,20260107,27.3736,3.7638,9.9633,4914104.2125,4317205.9735
600208.SH,20260107,,0.8114,9.8921,3378049.4976,3377666.6058
000036.SZ,20260107,227.5706,1.7346,21.1335,881598.1593,879922.8173
600872.SH,20260107,20.0228,2.4512,2.95,1395088.5366,1381610.4064
601008.SH,20260107,42.506,1.5828,2.5441,652575.5912,652575.5912
603383.SH,20260107,39.3605,5.4372,12.2896,771609.1247,771598.9808
300565.SZ,20260107,,5.6452,4.9617,317624.2665,290276.9444
920375.BJ,20260107,90.2544,1.8716,2.3812,150086.8715,89649.2556
688277.SH,20260107,,6.1147,27.8552,763786.657,763786.657
600615.SH,20260107,266.6845,3.5942,4.7528,264206.4183,263786.5446
002482.SZ,20260107,,13.3661,4.3411,641414.5641,640148.726
300541.SZ,20260107,70.1218,3.7391,2.1649,644206.649,579094.5675
688663.SH,20260107,43.4387,4.3906,2.9615,600027.4573,600027.4573
600141.SH,20260107,25.6324,1.8923,1.3659,4115151.7134,4115151.7134
600280.SH,20260107,,7.5455,2.1881,464873.9327,464873.9327
688400.SH,20260107,167.6993,5.3055,7.7136,2142158.8783,2142158.8783
920037.BJ,20260107,42.1031,9.867,10.5683,791611.4687,255879.0857
000519.SZ,20260107,,2.5711,4.9792,2626366.2401,2626366.2401
002379.SZ,20260107,,17.647,10.6962,3159119.0333,3159119.0333
920009.BJ,20260107,43.711,6.8505,18.1091,430934.2,56016.0
300649.SZ,20260107,,3.743,12.174,187104.6685,149943.0582
920132.BJ,20260107,89.5235,5.3576,4.9701,137487.84,46587.7357
688418.SH,20260107,,10.1092,9.9862,882477.8876,882477.8876
605008.SH,20260107,1189.1803,4.55,2.2527,915974.7031,915974.7031
603777.SH,20260107,,2.8774,1.2323,456154.5624,456154.5624
000596.SZ,20260107,15.4,2.8615,3.4803,7285693.8,5631733.8
600195.SH,20260107,38.0006,1.4253,1.2973,814876.3115,814876.3115
600456.SH,20260107,53.6339,2.6377,3.3345,1863332.4021,1863332.4021
300680.SZ,20260107,42.9853,6.0966,4.7118,1208033.7938,932821.3327
603213.SH,20260107,63.4154,3.1544,2.0494,586055.3427,586055.3427
301567.SZ,20260107,118.9451,4.695,8.7267,351072.0,103565.5086
000895.SZ,20260107,17.5076,4.452,1.4986,9004654.4926,9003487.422
603882.SH,20260107,,2.0075,2.2439,1370781.2357,1361538.2133
000590.SZ,20260107,,4.7613,7.8963,277786.6697,277670.8553
301380.SZ,20260107,68.7975,5.5027,3.6345,400500.1104,318917.5253
600219.SH,20260107,13.0958,1.3805,1.8819,6694998.0089,6694998.0089
000731.SZ,20260107,48.7655,0.9367,0.8314,366066.8753,366066.8753
688046.SH,20260107,57.1612,3.1732,9.2274,694540.0,694540.0
000818.SZ,20260107,,5.735,3.1415,1324620.0783,1321030.3581
603155.SH,20260107,60.301,2.6147,9.2396,567784.6664,567784.6664
301327.SZ,20260107,47.3686,1.7006,2.3885,1054484.0597,461285.4537
002080.SZ,20260107,34.975,3.1439,2.1359,6167104.1712,6167104.1712
300715.SZ,20260107,,2.3409,1.8233,435141.7999,384616.8663
603968.SH,20260107,,1.2579,0.8274,227177.28,227177.28
688081.SH,20260107,,10.5016,23.4612,410820.48,410820.48
600876.SH,20260107,,1.8723,1.7909,640509.5633,392509.5633
300990.SZ,20260107,58.3196,7.6497,5.3688,1539476.8288,696034.9396
603633.SH,20260107,272.274,2.2626,2.813,438761.5209,438761.5209
001323.SZ,20260107,15.7245,2.5351,2.0406,1119462.8058,800841.2043
000404.SZ,20260107,10.5287,1.1245,0.4112,478149.2376,475898.346
002052.SZ,20260107,31.5944,29.9762,9.7914,997735.0342,914127.3675
301037.SZ,20260107,,3.1508,1.0864,199927.5645,97780.8148
600060.SH,20260107,12.152,1.5249,0.5133,3116273.7426,3104802.9057
603156.SH,20260107,24.3064,4.3591,6.8329,3918202.9527,3918202.9527
601598.SH,20260107,11.6972,1.153,0.4655,4411857.0046,3171844.1896
300275.SZ,20260107,83.9327,4.3439,8.8017,410262.7506,361586.6554
920608.BJ,20260107,35.8556,2.5447,8.0375,120434.4,76262.1523
301630.SZ,20260107,52.1742,4.2398,6.2373,709720.0,177430.0
301500.SZ,20260107,62.6246,1.9771,0.6547,925534.9489,237251.4502
300598.SZ,20260107,,6.9136,4.7537,1025455.708,1025168.5279
600577.SH,20260107,49.6674,4.949,1.2343,2963837.8954,2963837.8954
688798.SH,20260107,52.0005,4.3984,6.6856,1834022.9794,1067892.0691
920260.BJ,20260107,31.5341,2.6875,4.0861,115976.0,110674.9941
601003.SH,20260107,24.3331,1.4397,0.1915,1299336.1524,1299336.1524
601001.SH,20260107,12.5499,1.2909,1.8492,2426865.0,2426865.0
300832.SZ,20260107,28.3868,5.355,10.2949,4682883.9586,4064704.2835
600400.SH,20260107,,2.3677,3.4435,552220.6163,552220.6163
688213.SH,20260107,47.7439,7.9907,4.8405,3910030.9262,3144042.3826
301393.SZ,20260107,41.3607,2.426,10.1441,566460.0,220839.5449
600111.SH,20260107,85.2973,7.6433,4.3782,18256082.5021,18256082.5021
688410.SH,20260107,44.1798,2.8499,6.8313,501133.7753,501133.7753
300621.SZ,20260107,,2.0222,0.2084,173935.4012,169314.2549
300919.SZ,20260107,47.4247,2.5683,1.3738,5956480.7985,5214916.6403
301125.SZ,20260107,426.1136,4.3294,4.4253,261826.8782,216756.3842
600776.SH,20260107,55.9915,6.0959,9.0348,2304760.1174,1754260.1174
600231.SH,20260107,,1.3121,0.3872,618368.4423,610625.8823
301102.SZ,20260107,103.7831,1.4447,7.1789,434420.0,434420.0
600155.SH,20260107,95.2088,0.7554,4.6816,1509635.9693,1509635.9693
600110.SH,20260107,,2.1992,2.0351,1294444.9753,1294444.9753
300266.SZ,20260107,,119.7987,3.8421,407097.5163,406853.7384
000705.SZ,20260107,64.2487,1.5038,1.1368,303383.9437,256020.3619
603439.SH,20260107,29.9287,3.2617,2.7705,480901.934,474916.094
300204.SZ,20260107,,16.1835,57.6573,1408951.2647,1337856.6134
300328.SZ,20260107,,10.9182,7.3283,1195813.6752,1188787.1677
688151.SH,20260107,,1.7055,13.3579,714493.0,714493.0
002418.SZ,20260107,,4.0552,2.0645,584109.6,584108.2317
603660.SH,20260107,,6.6704,4.9055,653517.1622,648644.21
301189.SZ,20260107,,2.4179,6.1688,508186.9662,487934.8735
600778.SH,20260107,342.4212,9.1152,1.4231,209633.6799,209447.6156
688665.SH,20260107,32.0075,4.4945,4.8088,507090.4987,507090.4987
300881.SZ,20260107,20.9914,3.5428,1.2769,387420.0,202184.8125
002120.SZ,20260107,16.0908,0.9771,0.3936,1988851.9347,1931178.9454
688680.SH,20260107,,2.7087,2.3826,335591.4207,335591.4207
600817.SH,20260107,21.0117,2.5061,1.617,595700.9545,591165.9345
920810.BJ,20260107,,5.3146,12.7454,123327.4,80256.1029
002542.SZ,20260107,,11.6803,5.9166,610467.4574,594464.694
300608.SZ,20260107,,2.7854,4.7126,371982.1539,322948.5443
300889.SZ,20260107,,3.1075,4.1698,454768.9202,302247.8116
603108.SH,20260107,,2.2667,1.2638,935702.0641,935702.0641
002850.SZ,20260107,25.8614,3.3594,3.0205,4240999.9089,3058335.62
002777.SZ,20260107,76.4097,4.4947,5.4695,742980.4892,736210.9136
600211.SH,20260107,14.4702,3.9979,5.2189,1419816.0584,1419816.0584
688345.SH,20260107,,3.0291,1.2646,334400.247,330600.0
002388.SZ,20260107,,3.5414,1.737,346763.6704,343725.7531
688788.SH,20260107,,5.6376,40.6607,1092630.2517,1092630.2517
002256.SZ,20260107,,6.571,17.3436,743741.4022,727757.893
002896.SZ,20260107,237.4288,14.4666,17.2967,1729006.4507,1729006.4507
000767.SZ,20260107,13.3232,1.3882,0.545,870774.648,824165.7414
600123.SH,20260107,426.0066,0.5769,0.9952,911935.573,911935.573
000631.SZ,20260107,83.6978,1.359,17.9168,797627.935,797627.935
300602.SZ,20260107,50.7714,4.7493,3.0284,1885237.5164,1281108.5485
002097.SZ,20260107,98.0373,2.816,1.8851,1321779.2347,1319419.941
603669.SH,20260107,,4.9592,7.7717,334658.2071,334658.2071
300826.SZ,20260107,188.5646,1.9844,4.243,293244.6028,282010.938
688598.SH,20260107,,1.2723,8.8453,632060.1382,619887.7507
688266.SH,20260107,,23.0148,35.626,2644434.7781,2644434.7781
603195.SH,20260107,18.6929,4.7638,4.5382,7454011.0252,7424139.0079
603200.SH,20260107,119.423,12.543,27.8237,1361550.1192,1361550.1192
920237.BJ,20260107,40.3912,4.2954,6.0514,220301.64,216056.7825
002792.SZ,20260107,1801.4773,9.8136,23.4385,2732574.8213,1736943.9672
603040.SH,20260107,45.7906,8.3519,15.2764,1186753.5607,1180564.8945
300617.SZ,20260107,46.3189,1.9066,6.4281,561325.9632,471436.0297
600863.SH,20260107,14.5495,1.7325,1.4461,3002368.3931,3002368.3931
301159.SZ,20260107,,4.9897,8.5461,291068.05,199495.3509
688659.SH,20260107,,2.8298,2.221,151840.0,151840.0
301021.SZ,20260107,192.9969,8.2408,16.6738,831060.6084,830443.411
300102.SZ,20260107,176.8955,5.6471,7.2394,2391947.7099,2381567.3689
300088.SZ,20260107,43.8996,1.755,1.3478,1533608.4175,1526099.2393
002261.SZ,20260107,,16.2991,13.1131,4249411.5618,3864285.1438
000719.SZ,20260107,9.7687,1.0651,1.2672,1239099.74,807915.6746
300568.SZ,20260107,159.748,2.0871,5.287,2058585.5603,1862045.7506
603068.SH,20260107,313.5403,3.4719,6.6732,584701.8428,584701.8428
000882.SZ,20260107,,0.8347,4.5576,563894.5011,563515.9388
001238.SZ,20260107,,4.9415,3.6346,564738.72,528287.511
600493.SH,20260107,311.4965,1.7547,2.2177,197200.0,197200.0
920489.BJ,20260107,,6.0005,5.404,283835.136,180597.1003
301371.SZ,20260107,26.3656,2.2294,6.7415,1245649.08,185682.913
001278.SZ,20260107,,1.8882,1.0992,237939.3282,97177.8454
300797.SZ,20260107,43.1656,5.396,5.7748,682404.3984,674850.9953
600537.SH,20260107,,22.6949,2.1947,510181.1728,510181.1728
301631.SZ,20260107,34.9391,3.7826,2.0154,945592.4155,317617.6713
301333.SZ,20260107,39.3546,3.1011,7.5459,595713.187,352626.0033
688368.SH,20260107,250.3094,9.5214,7.2804,1115864.9654,1115864.9654
301200.SZ,20260107,96.9601,10.1575,11.6664,5719268.512,5663850.9464
002372.SZ,20260107,19.1052,3.5419,2.8306,1658903.5835,1532634.1496
300002.SZ,20260107,21.7834,3.0402,3.8379,2305527.771,2164744.3111
002063.SZ,20260107,38.384,3.118,4.836,1174690.3139,1084689.5128
920100.BJ,20260107,80.2388,11.5833,9.7079,516665.1,119700.966
300311.SZ,20260107,,5.207,7.3171,307848.9786,245595.9555
003009.SZ,20260107,,8.7151,18.4727,1340321.3603,1340061.6184
002689.SZ,20260107,49.7589,2.7799,2.5895,339075.9856,338946.2453
600578.SH,20260107,10.3566,1.5158,0.9845,3601706.1061,3601706.1061
300685.SZ,20260107,28.289,4.1893,7.2843,820659.7578,816596.0728
603050.SH,20260107,30.698,4.1309,1.6035,755820.1677,755820.1677
603311.SH,20260107,38.324,2.5299,4.0807,347692.8789,347692.8789
603355.SH,20260107,19.3861,3.4518,1.9182,1885899.8716,1885899.8716
000615.SZ,20260107,,,5.9987,613109.9937,317383.5245
002420.SZ,20260107,50.9213,5.0557,1.0566,311346.53,302466.428
300154.SZ,20260107,41.0421,2.3915,4.8604,427077.441,299331.8435
300719.SZ,20260107,489.726,4.2979,6.2455,445914.4211,315053.7115
301308.SZ,20260107,187.643,16.3124,5.8667,12278860.5968,8038486.4219
688549.SH,20260107,2699.0601,4.8596,12.7621,1481707.828,591086.957
600228.SH,20260107,,5.6207,6.3315,232086.5418,231732.7076
605598.SH,20260107,256.732,8.8786,10.8866,1613525.985,1603181.889
001201.SZ,20260107,165.9046,1.1132,1.841,378169.1295,297998.533
600376.SH,20260107,,2.4525,0.4856,1599330.45,1599330.45
600463.SH,20260107,,3.6218,5.6293,333000.0,333000.0
002249.SZ,20260107,24.7108,2.7446,2.107,2623161.2087,1965155.9603
300898.SZ,20260107,35.2312,3.4543,4.3341,338644.0,313340.4357
603402.SH,20260107,28.9899,3.7805,10.3051,1089085.3427,272271.3427
688726.SH,20260107,20.2872,3.7408,2.6167,1503760.1612,815919.7985
300690.SZ,20260107,33.1351,3.4845,5.2938,551107.947,369234.3362
300851.SZ,20260107,45.1559,1.8339,6.8395,235502.5806,146584.0577
601061.SH,20260107,26.0387,3.1358,0.5349,7413700.0,758245.7705
301206.SZ,20260107,59.6281,1.2922,8.0803,544660.7844,350722.1644
688085.SH,20260107,95.0337,2.9713,12.0347,616572.1588,580186.0705
603726.SH,20260107,21.6585,3.3146,2.3739,465798.8608,463427.8558
920799.BJ,20260107,135.4669,25.1509,20.0993,1014076.7617,583485.8962
603066.SH,20260107,479.4762,2.1976,2.5653,315361.0393,315361.0393
301302.SZ,20260107,,2.3026,14.2777,361606.8,322456.8
300397.SZ,20260107,,5.5429,20.2914,797678.224,624883.8337
603297.SH,20260107,57.5504,6.3171,13.7957,1262459.646,1260097.158
600133.SH,20260107,25.4349,1.1167,2.5982,979874.4451,979874.4451
300011.SZ,20260107,657.4287,3.4527,3.309,539549.8498,451965.0996
300872.SZ,20260107,196.4153,2.6947,5.2241,982099.619,849147.8863
301110.SZ,20260107,65.2033,4.3784,4.6744,638493.7977,451029.4227
301036.SZ,20260107,48.0437,2.1203,2.3148,351300.0,247433.3598
001219.SZ,20260107,26.6573,2.6507,4.9871,276291.9738,269402.9746
605060.SH,20260107,39.065,3.5372,7.2665,855545.152,849672.0624
300903.SZ,20260107,,4.9496,2.3419,853855.8149,676165.6386
002042.SZ,20260107,,1.2637,0.7061,727891.6199,727891.6199
002650.SZ,20260107,,4.4367,5.7553,732889.4915,732864.6665
300289.SZ,20260107,,2.3142,11.2427,382984.0868,382382.1668
600566.SH,20260107,14.6528,1.7476,3.938,2419450.0268,2411283.4294
601886.SH,20260107,15.3458,1.4479,0.4719,1016302.8478,1016302.8478
001234.SZ,20260107,76.1743,3.3288,3.509,303951.2586,254243.949
600529.SH,20260107,17.5659,1.649,2.8587,1343818.5788,1343818.5788
300729.SZ,20260107,19.8155,1.3031,0.7254,474500.05,442317.3256
601388.SH,20260107,181.5957,1.5384,0.9325,704391.2371,704391.2371
600449.SH,20260107,20.3707,0.8027,1.0038,594857.2162,594857.2162
920526.BJ,20260107,130.7759,9.2749,18.2179,208321.3,131913.6972
301365.SZ,20260107,74.4536,2.5617,6.5957,430560.0,242506.586
600608.SH,20260107,,30.444,154.1638,118390.1188,114613.7188
688102.SH,20260107,232.4511,18.2766,21.7117,3342151.7998,3162193.5267
300081.SZ,20260107,,3.0116,8.6337,319936.7756,319888.3324
603051.SH,20260107,,2.0454,2.2126,360118.0923,360118.0923
000966.SZ,20260107,101.2003,1.0872,1.0015,1500326.0919,1405716.3354
600101.SH,20260107,31.4816,1.6593,1.6951,514990.7227,514990.7227
605296.SH,20260107,22.6121,3.0113,2.7824,1510796.7594,1491277.1394
002144.SZ,20260107,100.5336,1.0316,3.8509,219185.5347,170678.9022
300485.SZ,20260107,65.8991,1.57,13.3042,535131.3704,304210.8892
688181.SH,20260107,81.857,2.3904,5.9428,495564.497,495564.497
301609.SZ,20260107,54.125,5.837,10.2514,718789.44,153352.8268
301345.SZ,20260107,35.707,7.6987,7.4509,2629609.2981,700703.3098
600461.SH,20260107,10.0199,1.2468,1.5023,1203253.5929,1203253.5929
603117.SH,20260107,416.1407,2.8216,11.0771,290610.9049,290610.9049
600405.SH,20260107,,15.9649,7.7405,330927.9775,329464.4744
920906.BJ,20260107,36.0813,3.2799,2.4982,191011.8,97558.6756
601956.SH,20260107,34.6344,1.7435,0.7095,443834.2453,443834.2453
300389.SZ,20260107,35.1748,4.1277,1.6992,648509.257,409699.581
301123.SZ,20260107,,6.0199,8.0798,1729531.44,1721865.6
000663.SZ,20260107,,2.4807,7.8145,248472.7396,226050.2826
001387.SZ,20260107,27.1314,2.0372,1.3045,254778.3168,158563.1835
301007.SZ,20260107,116.8374,8.7505,9.3467,599866.08,598510.572
300622.SZ,20260107,67.1058,8.5439,5.2964,724576.2288,495356.8775
002829.SZ,20260107,,3.8536,14.4736,662288.5387,465457.9845
300229.SZ,20260107,,4.4245,35.4476,1754230.8315,1753044.7079
920455.BJ,20260107,53.5604,4.5045,9.7225,152961.9,79979.0115
300360.SZ,20260107,15.0421,2.2277,5.2312,906511.9031,881987.711
601789.SH,20260107,20.1594,1.2038,0.2701,546659.6908,546659.6908
300115.SZ,20260107,92.9431,7.2394,3.2689,5997424.3817,5979729.2102
300859.SZ,20260107,84.8257,7.3109,18.4737,591945.0,591945.0
688551.SH,20260107,65.1752,2.4495,6.7835,319384.6235,319384.6235
688380.SH,20260107,78.0085,4.5535,13.3966,1386864.36,585641.16
688722.SH,20260107,31.3711,3.1456,4.7284,444615.3993,443504.1908
601336.SH,20260107,6.6865,2.6093,1.5769,25680107.6112,17167336.6469
601615.SH,20260107,124.4954,1.4311,1.1367,3776699.499,3776699.499
000727.SZ,20260107,,5.0899,0.222,1177687.4148,1177687.4148
600114.SH,20260107,37.3441,6.1684,3.3624,2000222.8551,1952702.8551
002285.SZ,20260107,,2.084,2.6741,583898.9081,578902.4342
002882.SZ,20260107,123.8542,6.9399,3.0821,1469262.6,837425.8871
600611.SH,20260107,160.8431,1.3658,6.3467,1385375.9983,916103.3893
002506.SZ,20260107,,9.5012,1.0605,1690741.4474,1689040.6391
002109.SZ,20260107,,1.1836,1.3289,482430.0037,482430.0037
300035.SZ,20260107,29.4583,3.1307,2.0198,1535355.743,1306699.8112
688128.SH,20260107,23.404,3.6147,2.5434,1232511.5,1232511.5
300137.SZ,20260107,,3.6301,6.04,592386.7598,585157.653
603890.SH,20260107,24.9772,2.3846,1.8096,752764.8665,752764.8665
601827.SH,20260107,11.2863,1.1974,2.5311,1424487.1716,1424487.1716
301267.SZ,20260107,34.9187,2.6021,3.7441,1541400.0,1189895.4428
300514.SZ,20260107,23.8597,2.576,3.5287,272200.0,218111.5803
600825.SH,20260107,154.8012,2.7323,4.6164,669773.1119,669773.1119
688202.SH,20260107,,4.2642,8.1546,879872.453,879872.453
000633.SZ,20260107,183.871,14.6997,8.0599,288829.7798,288827.6423
002757.SZ,20260107,,3.1986,2.0063,638480.228,609518.5233
920719.BJ,20260107,,2.4321,5.3435,123628.0352,97201.1831
300308.SZ,20260107,80.5132,26.535,21.8179,68844891.9746,68496809.8647
300425.SZ,20260107,54.8618,1.4598,2.0565,343159.1011,341572.3745
603182.SH,20260107,22.4094,2.3503,1.8269,257356.2,257356.2
300003.SZ,20260107,80.1204,2.2457,5.4596,3415813.796,2925671.8333
002252.SZ,20260107,23.2628,1.3038,5.3417,4248310.2957,4246073.3517
300946.SZ,20260107,165.3067,7.2788,13.912,865531.2744,420562.2564
000812.SZ,20260107,,2.0139,2.5423,362054.2212,361803.8169
002612.SZ,20260107,8.6939,2.641,1.5431,901261.2289,518903.8054
301548.SZ,20260107,37.2363,3.2609,8.3088,492333.0,148463.7631
920953.BJ,20260107,67.2508,8.1525,15.6987,462114.3759,216007.9111
300047.SZ,20260107,278.0051,2.4932,0.9284,822052.8822,704621.2041
002802.SZ,20260107,49.3534,3.569,5.5195,225872.1656,225427.2221
300942.SZ,20260107,125.1148,4.622,15.5217,390891.3573,390891.3573
000157.SZ,20260107,17.3504,1.2797,1.5469,7463685.9087,6101770.1843
300305.SZ,20260107,,1.0906,2.3255,223363.2213,191278.1587
601096.SH,20260107,33.9776,2.4801,1.148,1136940.9124,698265.0299
688501.SH,20260107,19.1246,3.2808,1.74,350565.772,350565.772
688141.SH,20260107,,13.0675,9.3231,2265117.6933,2265117.6933
300203.SZ,20260107,271.1454,2.5591,2.1703,728749.8624,728150.4846
603825.SH,20260107,,13.9451,1.9181,229269.5796,229269.5796
600668.SH,20260107,6.9164,0.823,1.713,475248.5837,475248.5837
603848.SH,20260107,37.3276,3.0,4.8559,751292.956,751292.956
300290.SZ,20260107,,18.9594,19.7189,1471384.9087,1470947.6212
603877.SH,20260107,42.9471,1.7957,1.1861,768324.5238,765466.7264
920639.BJ,20260107,75.7481,1.8838,0.7436,163296.0,94650.7008
000909.SZ,20260107,,2.4289,7.3327,241180.549,241178.5241
688060.SH,20260107,,2.8638,8.3128,257917.2695,257917.2695
600331.SH,20260107,,10.7667,8.9885,3426155.2,2635504.0
688281.SH,20260107,59.0245,4.4026,17.0483,2050821.7587,2050821.7587
002675.SZ,20260107,69.6624,2.6455,4.2076,1156907.7741,1042967.7436
920001.BJ,20260107,170.6677,4.1896,15.0487,311461.1255,179776.6975
603818.SH,20260107,,1.142,0.7164,248528.8755,248528.8755
002485.SZ,20260107,,1.9401,2.9862,228480.0,228480.0
600480.SH,20260107,19.8749,1.8949,0.7549,1476519.5878,1454627.6779
301559.SZ,20260107,43.2603,2.1214,3.5186,966000.0,144900.0
300271.SZ,20260107,,1.6379,3.7486,598341.316,587567.7254
603728.SH,20260107,376.4914,10.2204,11.5234,3029777.1225,3029777.1225
600613.SH,20260107,52.3483,1.3987,1.7326,326317.7647,292864.5066
300518.SZ,20260107,,5.3288,24.2719,400617.8562,400581.9955
600018.SH,20260107,8.8009,0.9061,3.2499,12687578.4747,12669461.5008
301557.SZ,20260107,60.0236,5.4041,4.7107,546448.973,136649.64
600199.SH,20260107,,3.1038,8.5915,642009.7002,642009.7002
000597.SZ,20260107,20.2301,1.4128,1.1067,757783.8687,748346.7891
002857.SZ,20260107,244.3188,5.0526,3.2621,263227.51,257920.0
002275.SZ,20260107,16.0915,2.6904,4.0421,841398.2352,800547.1645
600869.SH,20260107,,5.1732,0.7848,2203817.2768,2203817.2768
002234.SZ,20260107,,1.7005,1.4448,307433.9468,265541.011
600570.SH,20260107,55.6962,6.4992,9.9677,5864229.2881,5864229.2881
600628.SH,20260107,79.1282,1.287,4.9478,546609.6995,546609.6995
300021.SZ,20260107,76.1019,1.8804,1.0399,474378.5056,404950.9939
603167.SH,20260107,15.2001,1.2509,2.3937,439119.2548,439119.2548
600159.SH,20260107,,1.349,3.3143,231570.9017,231570.9017
688618.SH,20260107,96.6884,3.7921,8.8866,332760.6026,332344.501
301117.SZ,20260107,333.1623,5.0374,19.0563,657468.2758,404399.9248
002805.SZ,20260107,,5.0201,2.9461,495710.6392,493020.3985
688168.SH,20260107,,6.0329,6.3832,599700.5326,599700.5326
300550.SZ,20260107,74.2998,3.4128,9.4097,381237.3247,380883.3562
920792.BJ,20260107,36.0773,2.0041,2.8626,203945.28,123642.0884
002186.SZ,20260107,,4.2225,2.8616,365236.6897,364748.4922
605020.SH,20260107,24.2339,2.4622,2.7757,1391316.9846,1369811.7238
300490.SZ,20260107,,2.2285,2.4294,491162.2704,484487.218
688176.SH,20260107,,3.798,23.746,662557.7638,505395.7008
300306.SZ,20260107,43.7376,2.6013,9.1133,381652.506,223637.9333
600794.SH,20260107,54.9591,1.7726,6.3093,465659.0369,465659.0369
300844.SZ,20260107,,4.7989,7.4063,351871.072,339900.547
300665.SZ,20260107,,3.7383,3.4768,206465.8234,205640.9049
002196.SZ,20260107,,5.2313,2.7789,740336.7915,729010.1127
000090.SZ,20260107,22.3835,0.619,0.3165,698835.9923,698804.0153
002034.SZ,20260107,11.7058,1.0239,2.1285,702189.7832,698704.9543
300814.SZ,20260107,448.7677,9.4947,8.8426,1560729.8662,1560729.8662
001280.SZ,20260107,78.5831,8.172,6.7484,13408022.7261,1024879.7001
000065.SZ,20260107,16.2369,1.2389,0.8478,1261021.1737,1147530.613
920249.BJ,20260107,,8.0043,2.5459,583535.92,172542.6932
300824.SZ,20260107,32.4782,5.1164,4.1054,368766.1007,357639.6969
000766.SZ,20260107,441.2339,11.0207,20.3502,2536082.1112,2534804.1549
000591.SZ,20260107,16.8845,0.735,3.3343,1789545.7768,1789135.002
002993.SZ,20260107,23.8921,2.6117,1.7682,1249357.04,1079210.8188
603259.SH,20260107,19.5111,4.1231,6.589,29252755.1476,24248039.5318
000541.SZ,20260107,27.6767,1.387,1.0706,930681.6074,745703.1228
688152.SH,20260107,347.9141,3.418,14.6558,433018.6417,433018.6417
600222.SH,20260107,82.3767,2.4284,2.1637,386799.3547,386799.3547
601318.SH,20260107,9.481,1.3723,1.2241,133000630.4533,78298178.0346
300531.SZ,20260107,,4.0866,3.9265,574089.1894,552060.6235
300696.SZ,20260107,218.2261,4.6641,19.5346,882683.6318,800584.6761
600479.SH,20260107,20.1581,1.6148,1.3872,504023.0564,428551.2878
688218.SH,20260107,659.793,3.0321,3.8949,269937.5261,269937.5261
920122.BJ,20260107,115.0396,9.4369,16.1128,315744.7357,122283.7244
603309.SH,20260107,16.9525,2.1401,2.5253,414165.5421,414165.5421
002381.SZ,20260107,40.35,1.2855,0.9959,272876.0675,212422.9352
600983.SH,20260107,16.6955,2.803,1.7575,777169.146,777169.146
688759.SH,20260107,,10.918,,1863151.76,192352.6013
600064.SH,20260107,6.5263,0.7706,5.3123,1517507.8678,1517507.8678
002355.SZ,20260107,,3.6018,4.9159,440528.979,407371.8224
920950.BJ,20260107,29.2416,4.4228,6.963,135861.96,66189.3453
002609.SZ,20260107,100.8537,2.5154,3.4664,604832.5105,431836.1795
000950.SZ,20260107,27.2984,0.8853,0.1231,1023085.34,1023085.34
688333.SH,20260107,129.9913,5.6317,16.3977,2777512.0118,2777512.0118
688062.SH,20260107,,23.7313,28.9211,1806192.0,922848.4
688003.SH,20260107,98.3044,6.4787,6.9815,1211005.356,1211005.356
605199.SH,20260107,,4.3709,2.8325,301281.8903,301281.8903
302132.SZ,20260107,98.3719,10.7487,4.3839,21427500.7441,4699691.3125
002023.SZ,20260107,79.1296,2.3176,6.7386,1012755.9412,1012755.9412
603768.SH,20260107,,1.1686,0.7817,274601.059,274601.059
002155.SZ,20260107,28.8605,4.5705,0.726,3487837.7373,3487522.8936
300027.SZ,20260107,,22.9826,21.5198,604842.2903,541725.3756
688215.SH,20260107,255.7989,10.0754,11.192,462057.0371,462057.0371
600800.SH,20260107,,3.2974,0.9296,391845.9612,391734.7662
600716.SH,20260107,,0.7331,3.2586,368807.8725,368807.8725
002701.SZ,20260107,13.7987,1.5592,0.7209,1525617.2395,1524213.8336
300979.SZ,20260107,16.9819,3.7405,2.3155,5829165.0,5829114.051
600489.SH,20260107,26.9352,4.0793,1.6207,11909846.9697,11909846.9697
920014.BJ,20260107,34.1462,1.8737,2.4124,144278.3837,79384.0008
003027.SZ,20260107,33.982,1.6226,3.1457,277002.4608,222200.3912
600377.SH,20260107,12.7669,1.4782,2.6918,5954617.545,4494180.3072
603163.SH,20260107,58.6144,7.1597,2.9763,796900.0,796900.0
000739.SZ,20260107,22.1274,2.9397,1.8168,1906798.1261,1906081.8346
002314.SZ,20260107,,0.8494,0.5141,779841.3637,385423.852
301353.SZ,20260107,37.639,2.0086,2.8207,260082.1286,84453.4286
600744.SH,20260107,58.7605,8.6786,1.4448,1234923.5586,1234923.5586
002276.SZ,20260107,33.84,2.7675,0.8942,1685462.7685,1679095.1202
688352.SH,20260107,58.3891,2.6414,7.39,1573096.332,484060.7257
605077.SH,20260107,18.8048,1.5615,1.2837,470030.4461,464415.0506
002517.SZ,20260107,26.8066,5.0695,9.835,5178738.3992,4579046.6508
301220.SZ,20260107,32.3024,2.4228,4.286,424920.5251,293282.393
301212.SZ,20260107,211.3132,2.5454,4.8077,341280.0,296250.0
300042.SZ,20260107,,5.6071,5.4199,561721.2,561669.4847
688450.SH,20260107,,1.9081,8.3011,183084.0,135733.6841
601136.SH,20260107,50.8361,3.922,20.4702,5280800.9016,5280800.9016
002773.SZ,20260107,24.5872,3.3541,6.5901,3074448.0235,2291965.1548
600329.SH,20260107,10.0479,3.9901,6.6996,3594800.4538,2647173.1138
920541.BJ,20260107,28.7204,4.4114,6.0826,189876.3,125091.5121
600336.SH,20260107,,2.6806,0.9131,648786.0072,648786.0072
603150.SH,20260107,27.2844,1.9975,0.872,335862.707,335862.707
920547.BJ,20260107,35.9512,2.727,5.0082,189636.408,92070.6144
601199.SH,20260107,12.9955,1.1663,3.4115,527458.6047,527458.6047
600936.SH,20260107,,8.0967,2.2195,790395.411,790395.411
601366.SH,20260107,306.5151,1.1471,0.6481,464664.261,464664.261
600588.SH,20260107,,6.2544,5.1488,4633448.4866,4633448.4866
002855.SZ,20260107,,12.5304,2.496,409795.9312,409475.8868
002865.SZ,20260107,,3.9142,2.4527,1822798.644,1400913.8842
002012.SZ,20260107,608.4226,1.916,4.9103,295539.297,295012.1477
000785.SZ,20260107,42.148,0.891,1.4527,1836979.4001,1739790.0719
001328.SZ,20260107,37.0065,4.5364,3.8196,662869.13,165717.475
603823.SH,20260107,39.139,2.7005,2.9169,656195.5015,647785.6503
002371.SZ,20260107,59.3749,10.3603,10.1507,37340939.8272,37311078.8665
601669.SH,20260107,8.5789,0.6373,0.1416,9164316.7657,6954051.7522
920212.BJ,20260107,141.1922,3.5135,3.2007,147479.0,71630.5406
301310.SZ,20260107,50.5483,2.5373,1.6322,579673.5978,213286.4592
002225.SZ,20260107,65.5339,1.7015,1.3071,701339.6839,589376.9912
002644.SZ,20260107,75.545,2.4498,4.9826,446314.218,446314.218
301296.SZ,20260107,28.806,1.347,1.4638,366240.0,251847.075
002998.SZ,20260107,71.1398,1.6155,0.9965,265829.7326,202165.4689
603227.SH,20260107,19.4223,1.7575,1.5616,893791.7026,893791.7026
603368.SH,20260107,9.3134,0.9525,0.3489,730802.23,730802.23
002292.SZ,20260107,,4.7176,5.375,1392935.1146,958832.3832
000736.SZ,20260107,3.5047,3.3175,0.1976,413892.5142,399581.3889
002480.SZ,20260107,,5.0646,2.6213,488422.1055,487500.8957
603088.SH,20260107,44.0156,4.897,6.8305,536047.9597,467209.2533
002995.SZ,20260107,,3.4477,2.6734,306286.4325,194032.101
300776.SZ,20260107,27.9014,4.7539,7.5842,1786499.9642,1095643.1701
600293.SH,20260107,,2.1897,2.6416,368926.1246,368926.1246
301049.SZ,20260107,,3.3411,9.2856,199628.5614,90706.2284
300228.SZ,20260107,23.211,2.575,1.9782,617140.5921,580086.6239
002791.SZ,20260107,102.6348,1.36,1.2554,756252.2728,408757.4189
688388.SH,20260107,,2.6665,2.0817,1815842.6194,1815842.6194
300554.SZ,20260107,,4.2841,11.6642,273879.3616,189774.653
605133.SH,20260107,53.1782,2.615,3.6584,985015.3599,982617.3841
300091.SZ,20260107,,10.3809,4.7659,430368.4578,426573.6168
601033.SH,20260107,14.9533,1.2819,3.2523,1372500.0,366000.0
301038.SZ,20260107,73.3037,5.9509,6.6951,531822.72,531822.72
600621.SH,20260107,29.9345,1.9046,8.3969,1697438.8672,1697438.8672
688090.SH,20260107,6913.828,6.6871,7.3557,593494.8104,593494.8104
301636.SZ,20260107,37.7621,2.9647,3.7021,319977.7932,79994.4496
300404.SZ,20260107,531.7968,3.8635,5.1185,394218.613,286957.9592
601155.SH,20260107,120.6144,0.5298,0.4564,3277420.0098,3277420.0098
603366.SH,20260107,43.0281,1.8825,1.7006,782152.2732,782152.2732
300480.SZ,20260107,,5.0413,9.9031,646031.0013,453228.7373
603616.SH,20260107,,8.4494,2.2665,212094.356,208286.806
688789.SH,20260107,29.0923,4.1762,6.6364,1431774.2579,1431774.2579
301259.SZ,20260107,,6.3633,19.5906,526500.0,333689.7533
300452.SZ,20260107,24.6281,3.4206,3.4137,319088.1023,270331.5729
000571.SZ,20260107,,35.9562,7.928,510190.432,494907.3184
600581.SH,20260107,,,0.2823,521185.2758,521185.2758
000721.SZ,20260107,,24.177,8.99,526279.4204,469834.4024
002165.SZ,20260107,116.6378,2.8449,2.0769,581598.4411,575554.9313
300842.SZ,20260107,94.8352,4.9201,0.5528,915698.2201,817136.2993
002263.SZ,20260107,125.6497,2.308,4.9617,638642.434,638637.334
603885.SH,20260107,45.1548,3.3663,1.4983,3308767.981,3308767.981
603511.SH,20260107,51.5075,1.458,2.0367,634763.5115,631364.9672
300676.SZ,20260107,,2.1488,5.3458,1985751.155,1974972.8542
000607.SZ,20260107,,2.7705,3.6409,429468.729,373484.1134
002870.SZ,20260107,42.0555,2.9953,0.8493,507038.3666,495083.5056
600501.SH,20260107,,7.7408,5.8252,1333955.8556,1333955.8556
300579.SZ,20260107,,11.068,9.0664,865350.0,840602.8874
920121.BJ,20260107,27.3097,3.9867,5.19,303054.7554,54549.8608
688584.SH,20260107,106.2348,3.7804,12.2748,1558503.4627,795784.4164
300080.SZ,20260107,,1.937,2.483,934816.8376,933559.414
002990.SZ,20260107,61.2506,3.1582,6.1186,772725.6592,395715.49
688593.SH,20260107,749.2345,6.374,16.4453,987988.2358,693765.7045
300326.SZ,20260107,,1.4537,3.9629,405112.1653,402306.8036
002656.SZ,20260107,,4.5272,3.5937,192380.3579,182679.2468
002589.SZ,20260107,,0.9255,0.6766,495049.745,449279.6193
002945.SZ,20260107,103.358,7.0518,31.3633,5076000.0,5076000.0
600328.SH,20260107,4807.5808,1.0572,1.0498,1269824.0556,1269824.0556
603950.SH,20260107,26.1943,3.1593,3.9827,915021.2484,913541.9964
301088.SZ,20260107,45.0052,1.5258,5.9112,378314.0,311831.0
688097.SH,20260107,36.3459,3.6854,3.2504,1733439.976,1727079.017
000951.SZ,20260107,12.5145,1.3159,0.3853,1997277.912,1997277.912
300529.SZ,20260107,33.3504,4.854,7.8855,1606793.8133,1031084.0064
920098.BJ,20260107,36.3295,2.7033,5.2037,253150.3087,171793.8997
003005.SZ,20260107,,2.6367,12.7529,473884.0392,260051.3659
688525.SH,20260107,,13.2615,7.279,6001558.1906,6001558.1906
603716.SH,20260107,,4.8122,4.0833,509505.9267,509505.9267
300549.SZ,20260107,255.6757,4.5019,7.3709,248279.08,188163.8049
002259.SZ,20260107,56.0962,10.7244,3.0985,291151.0393,291151.0393
688108.SH,20260107,271.6026,10.1108,18.0662,910729.072,910729.072
301113.SZ,20260107,311.7497,3.3409,6.7585,229320.0,138896.0143
001333.SZ,20260107,21.9663,1.6597,1.7102,284416.0,97768.0
300999.SZ,20260107,41.6888,1.6552,0.6429,15923214.3412,1593754.5239
300329.SZ,20260107,,5.6636,30.1112,383885.168,382731.0433
600249.SH,20260107,154.2652,1.4481,2.9465,317350.0,317350.0
300707.SZ,20260107,126.5855,2.6106,3.7602,298530.8073,242294.7338
603826.SH,20260107,316.0046,5.8037,10.9686,1132185.6,1132185.6
600397.SH,20260107,,52.34,2.0294,813747.023,813747.023
000428.SZ,20260107,,2.4636,6.2783,343378.062,343378.062
600866.SH,20260107,9.2602,1.4279,0.7137,1186291.4478,896619.2973
002146.SZ,20260107,,0.688,0.2766,817454.804,735366.014
300976.SZ,20260107,29.3674,2.4103,2.7779,853439.2306,548432.159
600648.SH,20260107,20.7276,0.9288,2.1855,1408869.0578,1178730.4359
300911.SZ,20260107,,5.4395,12.8053,638374.7577,596594.0029
920879.BJ,20260107,44.4134,6.2875,9.643,375340.3121,298899.5494
688114.SH,20260107,,3.6654,9.4022,2832309.854,2817476.164
600967.SH,20260107,55.5201,2.4429,2.7397,2898156.3179,2898156.3179
920403.BJ,20260107,34.2441,4.8468,7.0699,230020.9002,134273.6577
688765.SH,20260107,,9.5451,1194.7824,2794220.0,320290.0898
600039.SH,20260107,11.1157,1.7387,0.7916,8599939.1479,8597654.5579
000031.SZ,20260107,,1.214,0.3421,1230171.9283,1230169.4492
000738.SZ,20260107,55.5964,2.3171,5.5429,2903926.2742,2903926.2742
605588.SH,20260107,,3.8325,2.8256,392467.1297,390497.8549
688248.SH,20260107,73.7574,8.7809,9.1396,2744442.0,2744442.0
601113.SH,20260107,14.8301,1.3145,1.0263,522264.0029,522264.0029
688429.SH,20260107,,3.7355,5.6241,539201.0784,161527.1559
000793.SZ,20260107,,47.0805,15.9024,539256.2734,529472.3261
300444.SZ,20260107,92.9856,4.6821,1.9767,833764.594,648790.3538
000709.SZ,20260107,25.6894,0.4784,0.1918,2470571.941,2470163.5631
002391.SZ,20260107,,0.9159,1.0203,390405.1226,278936.6074
003028.SZ,20260107,30.721,2.5692,3.2279,445999.302,217398.7232
001376.SZ,20260107,46.1218,6.8794,7.5107,804731.4,373212.4115
600356.SH,20260107,17.0437,0.9777,0.9073,262584.8813,262584.8813
002349.SZ,20260107,27.1649,2.2565,4.2136,610640.7323,599237.1483
300206.SZ,20260107,31.3743,3.6121,4.0796,774430.2303,452075.0988
688150.SH,20260107,51.2521,6.4346,20.6893,1114349.6729,1114349.6729
688717.SH,20260107,56.9415,2.5028,2.9824,1101600.0,681944.1581
002470.SZ,20260107,,2.8465,0.6322,584912.9381,584863.3962
600498.SH,20260107,60.6475,2.9991,2.0373,4984474.6589,4666850.7435
603334.SH,20260107,40.6051,3.7564,2.2298,627095.0,135704.3544
300656.SZ,20260107,,3.9879,10.4514,390678.5394,303405.8874
300477.SZ,20260107,,3.0221,1.8669,298021.195,275456.4554
301161.SZ,20260107,63.5484,5.0053,5.9848,461280.0,461280.0
300893.SZ,20260107,34.8431,5.9866,4.6471,1159326.103,614889.9706
300853.SZ,20260107,,5.0245,13.6823,306535.6411,229997.6894
301516.SZ,20260107,,3.4733,5.4492,448280.7027,112070.1761
688301.SH,20260107,41.973,3.9302,11.3127,2289994.1754,2170333.722
603886.SH,20260107,25.9125,2.111,1.6718,327600.0,327600.0
001324.SZ,20260107,52.5156,2.23,5.4199,252816.0,149589.3952
605099.SH,20260107,23.3754,4.9229,4.6711,1479304.196,1475311.676
000019.SZ,20260107,24.5596,1.5963,1.4503,796401.8605,287605.5372
605177.SH,20260107,,1.2567,2.5689,213619.9423,209631.3466
002315.SZ,20260107,29.5277,5.7488,8.1049,1505284.1984,959985.9134
603097.SH,20260107,47.8087,4.4562,2.4519,484063.9735,468969.3235
600763.SH,20260107,35.5126,4.224,6.2602,1834779.9579,1834779.9579
603000.SH,20260107,117.5494,5.9767,10.7112,2194796.7462,2194796.7462
002007.SZ,20260107,29.6865,2.6927,6.5991,2816110.7223,2425076.1365
301367.SZ,20260107,38.8024,2.7376,7.7733,815897.6,636906.0847
002084.SZ,20260107,,1.8187,0.9248,253253.9677,252696.7013
920438.BJ,20260107,171.8942,5.7798,10.7594,572445.54,551721.6499
300072.SZ,20260107,,1.8808,4.4871,1134914.9059,1126047.4934
000825.SZ,20260107,215.647,0.9193,0.3273,3047492.5709,3047492.5709
300332.SZ,20260107,52.3204,1.0938,1.6928,465436.0696,446347.1033
301045.SZ,20260107,102.0835,3.2283,5.4722,330955.074,191873.952
688116.SH,20260107,68.0155,4.8505,12.7311,1793441.1788,1793441.1788
300181.SZ,20260107,19.2913,3.6902,4.0896,1150275.2294,988773.9072
603637.SH,20260107,28.1817,2.5343,5.3898,261361.0353,261361.0353
000968.SZ,20260107,16.6578,1.0803,3.2102,667576.8354,667576.8354
605179.SH,20260107,222.4808,7.5924,3.013,855333.0,855333.0
600089.SH,20260107,22.9679,1.7763,1.2419,12222705.2292,12222705.2292
600756.SH,20260107,,2.7298,4.1475,648561.3368,601203.1868
300327.SZ,20260107,100.3118,5.804,7.6199,1015234.8915,1012097.2799
002679.SZ,20260107,189.6046,3.7512,18.1973,275127.252,275127.252
603313.SH,20260107,31.7843,1.4006,0.5687,516381.1309,516381.1309
688605.SH,20260107,74.1129,9.2192,12.0402,1487491.9416,796385.2155
301047.SZ,20260107,64.4494,1.6218,12.9639,855836.1167,841369.2494
002176.SZ,20260107,,5.0758,7.5404,1723388.8368,1723079.3072
300829.SZ,20260107,57.0374,1.6056,2.4267,387958.6076,270123.2437
000970.SZ,20260107,118.2132,2.6222,2.5788,1706878.9853,1706878.9853
600692.SH,20260107,,2.663,4.9588,246234.8448,178507.3619
603113.SH,20260107,,0.6902,0.3307,555761.3535,555761.3535
688237.SH,20260107,1086.6216,3.702,11.0699,448947.8517,448947.8517
000821.SZ,20260107,30.6344,2.0056,1.1453,859567.1936,834418.0543
002782.SZ,20260107,30.7175,4.4441,1.7289,952746.869,934568.8052
920116.BJ,20260107,146.5457,26.0909,45.6244,1431264.45,363522.6272
000567.SZ,20260107,,2.2437,26.1243,1209892.5439,1206989.4445
300402.SZ,20260107,92.5795,3.7273,3.976,558486.8947,551308.6587
002849.SZ,20260107,91.8522,2.6172,2.2242,358089.008,314159.7604
002358.SZ,20260107,52.2286,1.5844,1.8177,531820.9908,531820.2615
300141.SZ,20260107,,5.6829,8.7556,375937.4268,371409.1121
002577.SZ,20260107,466.855,4.3244,11.6356,502712.208,502685.343
002281.SZ,20260107,62.6653,5.8745,5.0252,5741918.0027,5548319.8414
603276.SH,20260107,86.937,2.0348,4.5947,354665.3409,129197.0962
002556.SZ,20260107,38.1718,1.6056,0.3733,573589.9565,573046.4205
300245.SZ,20260107,,3.099,7.5621,385239.2589,384414.0886
002630.SZ,20260107,,12.3305,1.4967,297561.6,259628.7675
002703.SZ,20260107,109.6458,10.0243,6.137,2048354.6362,1459259.7043
688350.SH,20260107,441.0804,2.4762,2.2453,333238.246,333238.246
300876.SZ,20260107,,3.8075,7.219,382585.3422,285408.1572
603048.SH,20260107,50.4741,2.4234,4.3632,309329.28,309329.28
601015.SH,20260107,,1.4743,0.7549,831296.5391,831296.5391
603270.SH,20260107,46.3427,2.6214,3.2018,577565.1742,186409.1342
301071.SZ,20260107,137.8883,1.8293,17.615,968213.0044,723890.3012
601666.SH,20260107,35.5016,0.9031,0.9524,2074263.0115,2074263.0115
300789.SZ,20260107,58.3191,3.1592,5.6853,336606.7934,231416.53
301192.SZ,20260107,81.0187,5.2585,7.2012,326073.6,156243.6
003001.SZ,20260107,77.0473,3.1269,5.5332,375023.5676,227324.845
603730.SH,20260107,30.6176,4.1854,2.9996,1910092.3157,1910092.3157
688707.SH,20260107,,1.849,4.8164,755479.2044,755479.2044
300752.SZ,20260107,55.2745,3.4299,2.8415,417924.5905,287636.862
920873.BJ,20260107,,4.1988,14.236,120408.7966,86509.7608
300445.SZ,20260107,43.9593,4.5062,9.3741,572923.7451,383148.6119
000025.SZ,20260107,50.4309,4.2453,4.4787,767283.8096,699145.4096
300017.SZ,20260107,30.4867,2.5907,5.4563,2626692.3618,2462959.2598
300867.SZ,20260107,21.6509,1.3747,3.3819,532340.7228,375398.9033
300803.SZ,20260107,263.6282,32.2741,55.11,8702951.8692,8566150.1309
002077.SZ,20260107,201.4576,2.6688,24.4225,894897.407,894897.407
300256.SZ,20260107,,9.9239,5.9181,920967.7147,910817.7147
002187.SZ,20260107,,1.3657,1.299,550903.1815,550903.1815
002895.SZ,20260107,18.6019,3.1454,3.0028,2323109.7291,2280904.1914
603129.SH,20260107,22.9067,5.7432,2.2379,4136533.0216,4136533.0216
300469.SZ,20260107,,44.9878,63.0975,1714337.3185,1714294.0179
300532.SZ,20260107,24.1014,3.0557,2.6671,543472.4568,516839.2056
002154.SZ,20260107,18.0302,1.2555,1.1166,569140.1543,460111.3054
600429.SH,20260107,41.837,1.5029,1.2087,784090.4919,781724.9764
300077.SZ,20260107,,12.7993,9.4337,1230980.4637,1195517.1414
301509.SZ,20260107,41.064,1.9141,7.0611,421924.6815,198763.4708
300105.SZ,20260107,46.4444,1.9204,3.0235,369838.9391,369838.9391
603239.SH,20260107,28.5351,4.4177,3.9373,554163.84,554163.84
603906.SH,20260107,,4.7035,1.7954,1407152.0668,1160672.0668
002765.SZ,20260107,44.1321,3.2106,2.2752,843853.7485,771075.3712
603929.SH,20260107,39.1786,13.4196,6.152,2504846.4,2504846.4
300374.SZ,20260107,,4.8034,2.0027,391000.6158,309946.014
002718.SZ,20260107,,6.9186,11.7817,619148.9661,260701.6719
603350.SH,20260107,36.6608,3.373,2.294,443773.98,167728.0
300835.SZ,20260107,55.2407,6.7056,6.3235,800747.2311,552535.2201
920575.BJ,20260107,,7.6814,1610.3539,248631.9,166237.2318
300124.SZ,20260107,40.7268,6.1436,4.8769,21120101.5485,18508808.1456
603700.SH,20260107,29.0433,1.6628,1.5922,268948.8012,268948.8012
002960.SZ,20260107,38.5684,1.5661,2.0721,986507.4891,842679.4832
920802.BJ,20260107,54.4701,3.0143,6.4752,130557.1977,35180.9601
300594.SZ,20260107,,2.2039,2.1843,182093.1779,180358.2838
002734.SZ,20260107,18.8014,2.0609,1.7583,789893.7758,721014.0197
002729.SZ,20260107,71.7001,5.4322,7.0587,298240.9696,286005.8489
000045.SZ,20260107,88.532,2.0803,1.8881,618969.6995,558480.6995
688622.SH,20260107,,22.7361,67.4492,833536.6479,833536.6479
000899.SZ,20260107,10.4711,1.5698,1.4179,990312.9264,990312.9264
600719.SH,20260107,,8.4599,4.1341,249233.3536,249233.3536
688656.SH,20260107,275.613,12.1109,25.9123,1004059.0476,1004059.0476
603693.SH,20260107,28.0528,1.5447,5.2018,1075119.9113,1075119.9113
600857.SH,20260107,83.306,3.5507,6.2696,316291.0858,316291.0858
301448.SZ,20260107,1010.1534,7.5843,6.7871,518606.8,239384.635
301000.SZ,20260107,64.7857,7.5128,11.2776,934591.9351,882228.3511
301061.SZ,20260107,22.2965,5.0358,6.3174,2028192.5747,1347422.3586
300601.SZ,20260107,,1.878,6.3364,1708901.9438,1377571.5698
600418.SH,20260107,,11.3102,2.7537,11230178.3453,11230178.3453
000030.SZ,20260107,14.1507,1.1671,0.5561,951055.3973,924011.2641
600557.SH,20260107,35.0771,1.7438,2.6257,822062.5863,822062.5863
603998.SH,20260107,17.5121,3.0935,3.0736,517237.8421,517237.8421
001206.SZ,20260107,24.2744,2.8661,2.9987,536192.0432,308314.8369
000792.SZ,20260107,28.2732,4.1485,10.7834,17033572.0095,17033472.8804
601865.SH,20260107,109.9132,1.765,2.3156,3830609.181,3108176.256
603558.SH,20260107,10.2421,1.5825,1.4955,379300.3202,379300.3202
301377.SZ,20260107,178.4266,24.1167,31.5066,6012650.0,1041566.96
688316.SH,20260107,,78.0086,13.3334,297734.7699,297734.7699
603126.SH,20260107,,2.0511,1.443,418192.5,418192.5
920090.BJ,20260107,,20.2091,16.1215,129766.1384,88111.1574
601878.SH,20260107,19.8756,1.3915,4.7497,5086061.8626,5086061.8626
688375.SH,20260107,150.8412,10.3504,27.3491,6416100.3985,6416100.3985
920158.BJ,20260107,44.1982,3.288,6.8651,222567.38,59535.6034
688255.SH,20260107,272.267,3.7868,6.5731,400984.8755,400984.8755
300717.SZ,20260107,34.6997,2.7282,5.5628,197739.1,195965.9416
603196.SH,20260107,,8.8468,7.3266,601239.2714,601239.2714
600490.SH,20260107,71.2625,2.8554,3.0176,1812354.5177,1631956.9151
300302.SZ,20260107,,8.8334,24.4198,947983.7924,729513.8843
002694.SZ,20260107,,26.7002,3.1881,280815.2064,264511.2976
603130.SH,20260107,91.1007,5.5758,2.8008,761828.668,761828.668
688057.SH,20260107,32.9521,1.0893,10.2073,343620.0,343620.0
600310.SH,20260107,,1.86,1.5505,565764.3387,565764.3387
603587.SH,20260107,23.6566,1.7095,2.8658,616320.6231,616320.6231
300187.SZ,20260107,28.1311,2.954,4.122,318937.3495,317212.8706
300774.SZ,20260107,112.6909,6.3394,8.5704,955689.4371,455630.4944
000933.SZ,20260107,15.8821,2.8225,1.6469,6762756.2278,6758263.6946
600396.SH,20260107,66.4479,3.1394,0.9638,424139.5633,424139.5633
920008.BJ,20260107,80.362,6.2835,9.2951,196860.0,103752.8504
300411.SZ,20260107,746.7524,4.9145,10.4641,476441.4482,362283.366
000419.SZ,20260107,27.1601,0.9978,1.7522,348980.0645,348980.0645
300470.SZ,20260107,19.2674,2.8785,4.5124,770290.2738,730835.0732
002654.SZ,20260107,225.7829,8.2531,2.3325,1291622.2872,1291530.6072
688573.SH,20260107,,3.694,4.4549,234610.5312,127718.94
603706.SH,20260107,17.6118,2.2708,2.5415,376871.6009,376871.6009
600513.SH,20260107,,4.0968,2.1049,546934.2133,546934.2133
000063.SZ,20260107,31.8773,2.4835,1.4128,18617517.7802,15675501.8349
600918.SH,20260107,30.7218,1.2057,4.2726,5329043.4903,2642095.2457
600520.SH,20260107,441.7712,10.3198,12.5902,400511.04,400511.04
600483.SH,20260107,8.796,1.0085,1.8753,2646691.1856,2646691.1856
688480.SH,20260107,53.0772,5.4094,5.8058,591975.5716,591975.5716
920701.BJ,20260107,36.1929,3.052,2.8102,253545.6,185182.9795
301533.SZ,20260107,70.9074,3.4909,4.9316,395389.5474,114372.4074
600528.SH,20260107,12.8086,0.7454,0.6482,1850552.4728,1850552.4728
600903.SH,20260107,,2.5756,1.1514,771656.3128,771656.3128
301298.SZ,20260107,35.4829,2.5162,3.6971,236494.8,174317.4366
605056.SH,20260107,27.0037,4.091,1.5931,686812.4698,675280.2168
001337.SZ,20260107,28.8301,6.9972,13.4537,1211700.0,832195.56
300284.SZ,20260107,67.4025,1.2024,2.2098,1012787.8747,960276.5919
603677.SH,20260107,50.1236,2.9462,1.6509,342829.5397,342829.5397
002567.SZ,20260107,,1.1521,0.2444,631975.6643,631254.8485
601618.SH,20260107,16.3747,0.6093,0.1341,6362151.0852,5480754.0852
002203.SZ,20260107,39.6808,1.7933,0.3525,2972406.5904,2869147.2259
300398.SZ,20260107,42.2637,2.8613,4.5377,1401491.6244,1393837.7958
301020.SZ,20260107,36.8504,3.4071,5.8796,328521.6,328521.6
002331.SZ,20260107,,2.3158,2.9313,388159.1646,358635.8373
688318.SH,20260107,108.2109,10.0525,98.7834,3723977.1229,3723977.1229
603869.SH,20260107,143.7375,1.4584,8.171,545998.8297,545998.8297
000807.SZ,20260107,23.4769,3.7533,1.9743,11714760.1141,11714637.3103
603135.SH,20260107,127.0979,1.9991,8.6674,589247.6429,236487.098
600438.SH,20260107,,2.3351,1.1036,9746808.5427,9746808.5427
603012.SH,20260107,27.59,1.1563,1.3753,439620.0,439620.0
002488.SZ,20260107,307.2557,2.8765,2.8344,1008379.7728,932045.091
002345.SZ,20260107,55.174,3.1103,1.3606,1074211.8628,1048553.8699
688620.SH,20260107,,3.657,9.7039,492744.0,292024.3796
688683.SH,20260107,124.6901,4.9332,6.2385,505880.0485,505880.0485
600283.SH,20260107,22.557,1.6974,2.1632,527175.4041,511517.1577
301629.SZ,20260107,203.9385,9.1317,24.5652,1064045.487,266008.8345
003004.SZ,20260107,,3.3058,6.3446,212350.5442,178314.6054
600161.SH,20260107,25.2255,2.8963,5.1685,3320006.6578,3320006.6578
002185.SZ,20260107,46.5353,2.1299,2.2878,3731419.4915,3730570.0435
002142.SZ,20260107,6.6619,0.8907,2.714,19229656.3863,19218872.0098
002098.SZ,20260107,18.0033,2.4388,1.267,354778.0,354766.8513
002337.SZ,20260107,88.9028,2.9234,5.9552,384954.7005,384549.7319
002295.SZ,20260107,262.8453,2.3657,0.6937,320036.632,319625.438
600080.SH,20260107,36.5538,1.807,5.2013,286298.3086,286298.3086
601908.SH,20260107,,1.1055,3.126,973084.953,973084.953
300074.SZ,20260107,,2.5732,4.7793,253430.5506,252041.8747
600179.SH,20260107,19.8823,1.9352,2.5274,2213088.61,2019971.6529
920123.BJ,20260107,37.5579,4.2394,2.0698,171883.14,98058.2927
300937.SZ,20260107,,4.1333,0.7834,343730.3884,226064.9237
603960.SH,20260107,118.9858,4.687,9.8895,524133.6021,524133.6021
603689.SH,20260107,13.8274,1.2166,0.8046,431343.4315,427331.1633
603002.SH,20260107,229.4423,2.5582,3.301,881179.0015,881179.0015
600584.SH,20260107,47.029,2.4831,1.7636,6993032.1396,6993032.1396
688606.SH,20260107,17.4832,1.3478,5.8451,515325.5575,515325.5575
688621.SH,20260107,60.7125,6.9481,7.9359,807520.0,807520.0
600535.SH,20260107,20.7947,1.9038,2.7351,2282755.6076,2282755.6076
920305.BJ,20260107,,2.2411,,134494.143,82398.489
301275.SZ,20260107,46.8667,5.8139,5.6196,2325312.0,186024.96
002779.SZ,20260107,446.3959,27.8762,21.1354,2110416.0,1893531.1857
002962.SZ,20260107,115.0924,2.4163,3.7018,427873.0714,306872.9353
603065.SH,20260107,96.9211,1.7511,2.5261,354027.5983,166189.0695
300770.SZ,20260107,13.1701,2.8568,5.9571,977427.5554,977427.5554
600925.SH,20260107,99.3002,2.0716,2.5476,3189555.5556,743600.4953
688381.SH,20260107,,2.2846,10.3485,593010.0,458945.1744
002564.SZ,20260107,87.6039,33.9125,2.4571,667368.7786,667368.7786
688159.SH,20260107,53.8049,5.0093,1.3453,475600.2496,474678.8296
600889.SH,20260107,,17.6209,17.8075,656125.7039,656125.7039
000593.SZ,20260107,2743.4476,4.6716,2.3255,408480.7193,408312.3295
688183.SH,20260107,65.7138,16.0534,9.9335,8280779.7971,8280779.7971
300533.SZ,20260107,11.6614,5.4738,3.1383,841484.0103,592111.6624
301239.SZ,20260107,,2.2802,1.7662,484316.8584,484316.8584
300606.SZ,20260107,,5.2942,6.278,357352.4346,303953.1973
301031.SZ,20260107,36.3259,7.9804,5.9429,1122646.0766,782773.3214
300907.SZ,20260107,42.6996,3.5635,2.5981,284736.0,284736.0
000868.SZ,20260107,927.8822,5.5511,1.3553,472575.9117,368864.1943
300702.SZ,20260107,44.787,2.3084,2.8765,858807.6284,521153.944
001319.SZ,20260107,28.3044,2.846,3.3165,381638.6,221318.2024
000715.SZ,20260107,29.3647,1.6973,4.3935,333448.1618,332558.9284
603535.SH,20260107,28.6034,2.0355,4.0832,535953.2285,535953.2285
300001.SZ,20260107,24.6242,3.5477,1.9334,2845729.6742,2781075.2618
000887.SZ,20260107,20.2941,2.167,1.6169,3058205.6823,3053282.9224
605577.SH,20260107,22.1851,1.5173,3.9025,603111.1119,603111.1119
603106.SH,20260107,59.3118,4.2502,12.4716,555915.36,555915.36
688568.SH,20260107,133.4466,12.1646,13.6003,4703827.3468,4703827.3468
601101.SH,20260107,22.8515,0.8916,1.2524,1077118.4486,1077118.4486
000795.SZ,20260107,47.7973,4.4496,2.9893,1156357.7851,1156357.7851
603567.SH,20260107,,1.1839,5.4103,862893.8043,861558.6605
301188.SZ,20260107,91.5563,2.8078,4.3826,425540.8442,425540.8442
603939.SH,20260107,16.3706,2.4545,1.1145,2689085.3651,2689085.3651
300441.SZ,20260107,16.9887,1.996,2.7188,492978.139,479310.1082
301349.SZ,20260107,262.8795,1.8022,4.5217,491436.0,235635.6075
603331.SH,20260107,37.4106,2.0117,1.7463,266871.8395,266871.8395
301248.SZ,20260107,4498.9758,3.6616,7.1237,559332.495,408764.1393
002565.SZ,20260107,363.843,11.0603,16.0456,2062738.4422,2062650.8722
603345.SH,20260107,19.6781,1.8045,1.7699,2729303.0641,2401786.4658
600375.SH,20260107,17.0973,2.9143,1.742,974667.3911,804192.9421
601699.SH,20260107,32.4793,0.8374,1.2923,3915754.6428,3915754.6428
300667.SZ,20260107,,3.2147,5.0572,364252.1494,307282.2437
688787.SH,20260107,632.8771,10.159,23.0591,742180.6895,742180.6895
300755.SZ,20260107,,2.4986,1.0739,729813.9984,729196.7359
600163.SH,20260107,18.5276,1.52,6.1194,1056162.8594,1056162.8594
301063.SZ,20260107,43.1009,1.6334,1.4341,256101.2167,246496.0251
688757.SH,20260107,138.7864,13.0777,22.7555,1153874.1614,100263.0841
688531.SH,20260107,70.2756,3.4605,11.8794,1146075.6518,740296.6951
600970.SH,20260107,8.9754,1.214,0.5676,2689986.8316,2310405.1168
002892.SZ,20260107,283.9501,7.5634,5.4176,984694.1618,639232.6042
000400.SZ,20260107,24.6754,2.3899,1.6352,2772689.7618,2753850.827
603359.SH,20260107,,1.533,15.2067,405501.264,405501.264
301028.SZ,20260107,25.2354,3.5422,4.7973,570697.8364,369210.7249
002148.SZ,20260107,407.8434,4.1223,13.8051,503647.5843,404835.1675
300220.SZ,20260107,1056.5818,35.1154,8.7147,221205.6,220941.3061
300655.SZ,20260107,,8.1036,13.186,2059038.716,2046559.4782
300013.SZ,20260107,,11.2892,4.3763,221110.122,176600.775
688059.SH,20260107,46.5749,5.1179,8.2461,779424.3139,726043.9912
688385.SH,20260107,141.6463,10.9075,17.1389,6737346.7146,4405272.0546
002481.SZ,20260107,96.0913,2.5972,2.7976,635353.6975,575752.0265
603049.SH,20260107,12.1495,2.0563,1.1375,4964454.7398,496445.4751
603866.SH,20260107,22.0991,1.6296,1.5506,851050.5905,851050.5905
920837.BJ,20260107,29.3381,4.0564,3.8704,224534.9248,202445.9248
002678.SZ,20260107,,2.282,13.8018,740284.576,739878.0742
603233.SH,20260107,18.1394,3.1009,0.769,2063592.6974,2063592.6974
300827.SZ,20260107,46.2964,8.2036,3.7589,1980602.3677,1513279.6838
688455.SH,20260107,,4.7831,2.3051,342950.5893,238859.5893
301558.SZ,20260107,2035.8032,4.8218,3.7302,653957.6639,181784.5931
300912.SZ,20260107,,3.7526,3.3232,184960.02,138173.581
301511.SZ,20260107,911.0773,5.7363,2.1259,2330930.756,1385069.4476
688355.SH,20260107,38.6444,2.0886,3.93,222501.1492,222501.1492
600019.SH,20260107,16.7533,0.7742,0.5073,15813793.5278,15813793.5278
603507.SH,20260107,90.614,2.1278,1.317,515306.4544,508235.3704
600886.SH,20260107,16.1737,1.6064,1.9716,10645977.3685,9914059.13
688171.SH,20260107,386.7556,5.0277,38.793,414762.1034,414762.1034
002666.SZ,20260107,60.7719,1.2108,0.7883,427883.6204,271862.8331
000409.SZ,20260107,121.2734,4.826,5.4846,759349.3656,657076.2408
600395.SH,20260107,201.8038,0.991,1.0755,1041113.0736,1041113.0736
300906.SZ,20260107,41.9159,3.1693,17.8791,285440.0,257598.896
601890.SH,20260107,33.4127,2.7076,4.8524,1002573.0,1002573.0
301498.SZ,20260107,40.3587,6.018,4.2675,2693179.849,1206802.9918
300535.SZ,20260107,,1.9804,2.5827,191779.5945,135739.8282
600888.SH,20260107,13.9372,1.0634,1.5439,1200174.7954,1200174.7954
600340.SH,20260107,,,0.6439,884500.7973,879898.244
688489.SH,20260107,,2.8854,10.2742,527429.8967,520722.2111
603209.SH,20260107,18.5237,1.4833,3.2105,493025.0,487702.7526
603159.SH,20260107,543.0209,7.0983,8.0569,355880.0,355880.0
600812.SH,20260107,52.5876,1.7484,0.9828,962524.7376,962524.7376
688561.SH,20260107,,3.1186,5.6718,2539344.6425,2539344.6425
600955.SH,20260107,,1.1336,1.0526,953700.0,953700.0
002712.SZ,20260107,,2.3727,0.4537,323300.0616,321294.7622
603566.SH,20260107,30.3742,1.7388,3.9534,436384.5263,436384.5263
920208.BJ,20260107,18.0396,3.3701,3.4319,333976.1668,243986.2813
000061.SZ,20260107,59.5359,2.3722,2.8086,1992901.0428,1703720.738
605507.SH,20260107,15.8054,1.668,2.3218,1379735.2215,744952.0772
002082.SZ,20260107,596.4971,3.1672,6.1099,847189.3412,766255.297
601108.SH,20260107,14.3374,1.1364,6.0306,4165455.8747,4165455.8747
920519.BJ,20260107,67.3512,2.1528,2.5255,110144.5003,77735.0328
301229.SZ,20260107,101.854,3.1545,3.7186,394281.9067,280409.7082
301378.SZ,20260107,,2.1313,6.8481,278208.0,132233.8493
920981.BJ,20260107,484.3732,5.1417,4.6289,260602.944,127151.1781
601100.SH,20260107,55.9734,9.4246,15.3221,15695650.5324,15695650.5324
688075.SH,20260107,42.2137,0.9883,11.027,510237.4621,510237.4621
600478.SH,20260107,64.0803,4.1776,2.6588,1212513.7868,1212513.7868
688600.SH,20260107,54.0018,4.7505,4.4936,361018.7532,361018.7532
301336.SZ,20260107,67.6512,2.5735,5.8006,213320.0,162284.7739
301285.SZ,20260107,,14.362,16.6425,1463430.27,555857.1404
603266.SH,20260107,40.3508,2.8345,3.3321,445108.5465,445108.5465
603076.SH,20260107,201.0277,2.197,1.9079,284855.1718,284855.1718
300880.SZ,20260107,39.6867,3.3704,4.7678,353198.4768,353160.8071
300175.SZ,20260107,,5.291,10.1905,273064.0,273064.0
301281.SZ,20260107,59.6425,2.2727,7.1534,311550.33,198087.204
300508.SZ,20260107,45.1377,4.6442,7.5792,392968.732,295976.1583
002058.SZ,20260107,18.129,85.3633,5.3931,341550.4785,340763.4366
688303.SH,20260107,,1.5498,13.0321,6058060.9646,6058060.9646
600262.SH,20260107,18.601,2.6603,1.3517,468350.0,468350.0
002375.SZ,20260107,17.579,0.6754,0.5173,553418.5537,547965.7973
603801.SH,20260107,13.7256,1.2097,0.8619,401340.6908,401340.6908
300095.SZ,20260107,,2.8897,3.5814,482683.5984,389197.4138
603060.SH,20260107,28.4381,2.5001,1.8447,493631.8594,493631.8594
600422.SH,20260107,18.0942,1.8066,1.2463,959088.2841,959088.2841
603320.SH,20260107,36.7249,2.3654,2.7032,275473.0369,275473.0369
002451.SZ,20260107,363.9896,6.186,2.9682,479448.96,477794.112
300471.SZ,20260107,,3.9114,6.2258,609325.7154,475046.8301
000677.SZ,20260107,509.6784,7.4009,3.5378,375830.4074,375830.4074
002483.SZ,20260107,13.9927,1.4491,0.8178,635597.8521,634724.8229
300516.SZ,20260107,465.8393,11.6831,24.683,1517400.0,1517400.0
002267.SZ,20260107,12.4563,1.2775,0.9467,840729.0364,840729.0364
000698.SZ,20260107,28.4109,2.0747,0.5658,306498.3837,293857.1837
300184.SZ,20260107,77.4013,2.9229,1.3715,1192469.2784,1083870.8871
301330.SZ,20260107,53.0023,2.975,5.0975,1010128.8526,488922.6263
601002.SH,20260107,23.6065,1.175,2.1011,499172.4966,499172.4966
688121.SH,20260107,21.5142,0.9937,1.0445,258610.7013,224352.0004
002047.SZ,20260107,,,5.2198,585271.9955,585242.2808
300210.SZ,20260107,,10.3793,12.1765,428534.6584,428124.014
002611.SZ,20260107,34.3415,4.2858,4.8102,2338407.0591,1925221.7951
603528.SH,20260107,,4.0816,18.8327,775817.214,775817.214
688609.SH,20260107,,5.7272,2.1295,509000.0,509000.0
301041.SZ,20260107,121.0594,4.4765,4.1791,298704.0,220977.7892
300067.SZ,20260107,,2.3073,5.7509,576032.9124,467804.3568
920527.BJ,20260107,54.0086,2.9244,2.9842,112219.8063,67832.9945
603329.SH,20260107,76.7256,1.9578,0.6042,275306.3437,227227.7414
000700.SZ,20260107,29.8457,3.4347,1.9727,1379777.1297,1379777.1297
603069.SH,20260107,,9.6797,11.4707,783364.0,783364.0
600976.SH,20260107,15.9416,2.0144,1.638,520174.6526,519835.5526
300947.SZ,20260107,141.7595,2.4895,2.5461,311041.3784,310917.9704
300846.SZ,20260107,,13.401,9.0292,1146602.9165,894740.7055
000007.SZ,20260107,70.3125,21.8103,8.797,398415.2506,398415.2506
003816.SZ,20260107,20.6691,1.5768,2.3075,19441965.2735,15143969.6485
000788.SZ,20260107,26.6021,2.392,2.1745,382027.9394,382027.9394
920931.BJ,20260107,74.1318,3.4648,3.8977,135540.99,41523.4794
600010.SH,20260107,115.2716,2.2436,1.7623,11684463.7918,8096245.958
600861.SH,20260107,8.88,1.4383,0.2353,1027494.5832,665333.3491
300560.SZ,20260107,,3.9262,3.7871,380914.9253,309987.6135
601958.SH,20260107,17.896,3.0431,3.8315,5501360.502,5501360.502
000701.SZ,20260107,,,0.1225,446708.4971,441285.9505
601208.SH,20260107,123.1867,4.66,5.5808,2805932.7505,2805932.7505
601026.SH,20260107,64.4696,5.3209,3.5617,1357045.2,220584.0875
002425.SZ,20260107,,1.2736,6.7265,368316.0504,368083.4457
688271.SH,20260107,64.6392,5.3422,9.0615,11059376.041,11059376.041
600592.SH,20260107,138.0679,4.1616,7.1807,1058417.4096,1058417.4096
600997.SH,20260107,27.3192,0.6864,0.5201,963794.5096,963794.5096
603176.SH,20260107,,2.3323,1.0425,252826.1127,245686.1407
600216.SH,20260107,10.7758,1.2126,1.4965,1340523.0235,1326236.9282
600419.SH,20260107,290.7533,1.3189,1.1509,313303.2978,313303.2978
603758.SH,20260107,42.638,2.9642,5.3718,751220.5479,751220.5479
688648.SH,20260107,15.8234,4.2117,8.3113,939352.0,480236.2781
300403.SZ,20260107,38.3308,4.0239,7.3295,860481.0,609419.7472
301105.SZ,20260107,,2.832,13.1654,236350.0,77700.0483
301611.SZ,20260107,144.5954,27.6064,46.0523,4767224.0,1602735.1106
000885.SZ,20260107,7.4924,0.9735,1.3154,891846.6962,891846.6962
605098.SH,20260107,17.3929,5.5483,6.3873,502285.6332,502285.6332
301568.SZ,20260107,51.5981,5.2563,11.9398,530128.6256,244375.1142
301095.SZ,20260107,143.1702,5.0018,22.8275,1568801.7623,1366892.4561
002400.SZ,20260107,152.7499,3.2465,0.748,1616073.5177,1600154.6009
600984.SH,20260107,,1.5008,1.989,500303.4822,500303.4822
603605.SH,20260107,17.254,5.1377,2.4963,2723522.9142,2723522.9142
600986.SH,20260107,98.8077,2.3969,1.6245,1252368.9602,1252368.9602
600848.SH,20260107,19.1,1.5428,2.7688,3019416.9438,2865512.9908
603456.SH,20260107,22.9968,1.8987,3.1039,1662374.6263,1662374.6263
000988.SZ,20260107,52.0657,7.6602,6.0774,8353716.4898,8349420.8384
603025.SH,20260107,29.2508,7.773,7.128,2026728.413,2013152.213
600023.SH,20260107,9.2057,0.9012,0.8326,6704366.3745,6704366.3745
002683.SZ,20260107,38.4934,5.2056,1.8326,3469410.2576,3034058.4874
600212.SH,20260107,183.6174,10.4418,3.8914,563413.7704,424944.1704
600198.SH,20260107,203.3007,51.0635,13.3956,1400070.203,1398294.0895
600556.SH,20260107,572.3935,3.2335,3.3117,1243730.3777,1243730.3777
603995.SH,20260107,10.2408,1.2023,0.1618,687361.6426,687361.6426
301617.SZ,20260107,64.0637,6.6228,8.0222,1118566.8,443944.8
300475.SZ,20260107,314.042,24.0571,2.382,8136895.5798,7795482.0618
920926.BJ,20260107,45.3166,5.7568,3.2596,156046.8275,141602.0813
300253.SZ,20260107,,3.542,9.2317,1998407.0101,1645230.4245
000985.SZ,20260107,,4.081,1.3238,250982.072,250982.072
002137.SZ,20260107,,3.2965,7.9418,498386.689,342143.8849
603183.SH,20260107,52.7419,1.3413,2.5425,213278.7447,213278.7447
000498.SZ,20260107,4.1273,0.594,0.1341,939226.8461,876854.8279
603115.SH,20260107,25.1744,2.4866,2.3027,513533.3192,513533.3192
000555.SZ,20260107,,3.0234,1.3966,1675404.7083,1668758.416
603986.SH,20260107,129.5087,9.5794,20.5329,17531045.4638,17530925.6325
301058.SZ,20260107,23.932,2.586,1.8626,565550.7665,565550.7665
600587.SH,20260107,19.0724,1.252,1.0137,970631.2784,966979.2576
688058.SH,20260107,,3.3849,9.8387,215470.1574,215470.1574
000737.SZ,20260107,39.5577,4.4887,1.1537,2988500.0865,2988220.373
605208.SH,20260107,86.9198,2.0695,0.8016,449708.22,449708.22
300345.SZ,20260107,,6.8878,3.6321,359162.3966,296715.9744
301168.SZ,20260107,117.9438,2.4705,3.6403,534000.0,424144.3452
688293.SH,20260107,135.5805,2.7814,16.6128,586287.6133,586287.6133
300342.SZ,20260107,244.7324,9.2712,16.5773,1453620.0865,1432292.1115
300964.SZ,20260107,123.2827,4.3181,5.6273,439440.7445,317972.4763
688184.SH,20260107,,0.9434,2.714,149981.8057,94759.7257
301043.SZ,20260107,46.605,4.7826,6.7913,400996.0,334641.4818
300828.SZ,20260107,61.2367,3.5716,4.459,278091.162,208437.5155
603316.SH,20260107,,6.4511,8.0183,413837.424,413837.424
301571.SZ,20260107,52.0723,5.0832,9.6515,997428.6226,662449.2974
600468.SH,20260107,,4.1107,3.8028,825591.1086,825591.1086
300217.SZ,20260107,41.5286,1.8654,2.2674,783327.7782,650284.3014
600864.SH,20260107,22.8894,1.0734,8.646,1421029.6652,1421029.6652
688056.SH,20260107,64.23,2.9231,5.9095,235071.8231,235071.8231
600626.SH,20260107,75.9432,2.0186,0.6026,648485.6315,544017.5466
002930.SZ,20260107,,2.1135,3.9821,493174.0842,466472.0845
920075.BJ,20260107,65.1621,4.3583,3.3687,174935.685,94138.0539
000520.SZ,20260107,,11.5091,6.8094,463534.2224,463534.2224
002884.SZ,20260107,13.7285,2.7533,3.7562,636674.866,486069.0286
601012.SH,20260107,,2.4831,1.8868,14133089.8057,14133075.7324
300472.SZ,20260107,,,,208370.7761,200484.9178
605069.SH,20260107,,3.7871,9.9348,322415.7159,128177.6264
603678.SH,20260107,59.3979,2.8328,5.1247,1715844.4046,1715844.4046
300136.SZ,20260107,105.4505,8.4437,7.3579,6483677.4432,5525429.6721
300449.SZ,20260107,,9.2258,15.7732,286438.7038,286438.7038
600383.SH,20260107,,0.2608,0.244,1422093.8252,1422093.8252
002636.SZ,20260107,111.557,3.5401,2.8341,1233232.0,1226990.3164
300303.SZ,20260107,30.5426,2.6244,2.8681,983845.8413,922958.6003
000863.SZ,20260107,,1.5805,8.6185,710781.1351,700496.4816
301589.SZ,20260107,32.457,4.8968,5.6421,1875030.336,699018.3187
600683.SH,20260107,,,3.7514,317052.8115,317052.8115
603859.SH,20260107,45.0137,3.5295,6.8921,1076669.8844,1076669.8844
000728.SZ,20260107,14.0524,1.0159,4.8673,3779031.6536,3779031.6536
603375.SH,20260107,164.0992,2.4021,7.4964,379714.6679,240581.6642
920642.BJ,20260107,,7.4151,13.9614,174995.4293,168727.2101
688244.SH,20260107,,3.9846,11.8478,385857.6426,385857.6426
002738.SZ,20260107,151.9771,5.2556,9.5479,6313775.4156,6222325.8554
688009.SH,20260107,17.184,1.2756,1.7593,5877349.545,4784664.99
000420.SZ,20260107,,2.5294,2.1918,1118785.0961,1118404.1701
920553.BJ,20260107,58.8615,4.1619,3.2352,146995.3406,93978.118
688690.SH,20260107,72.9062,5.7794,11.992,1083435.0145,1083435.0145
300995.SZ,20260107,216.9305,5.5685,9.5393,345086.2729,246226.0044
688533.SH,20260107,27.2192,2.9774,1.6846,491341.5451,491310.1683
301158.SZ,20260107,26.2435,2.5106,4.8253,344198.0974,335385.2666
601118.SH,20260107,88.1921,2.6264,0.5019,2546259.5392,2546259.5392
603285.SH,20260107,29.7648,2.3904,6.4253,400800.0,156053.4339
000989.SZ,20260107,60.2514,2.1031,3.9673,767779.9848,622655.9164
601179.SH,20260107,45.0141,2.3992,2.2645,5428309.4108,5428309.4108
300453.SZ,20260107,19.263,3.4123,2.9698,470920.0161,324593.4629
300991.SZ,20260107,235.3426,9.3904,8.3342,599328.0,383495.004
300672.SZ,20260107,695.8986,5.9072,12.3395,2403541.2461,2328648.2449
603979.SH,20260107,21.9687,4.7222,3.8196,4929176.6164,4929176.6164
300603.SZ,20260107,,3.3113,5.5734,464798.231,369618.555
600885.SH,20260107,26.4673,4.0068,3.0017,4847065.3883,4847065.3883
600071.SH,20260107,94.656,11.8021,3.6856,594684.0536,594684.0536
601599.SH,20260107,38.1485,3.0259,1.4327,459574.8114,459574.8114
603043.SH,20260107,20.1665,2.555,1.8826,998761.5336,998761.5336
301227.SZ,20260107,,2.8295,7.3851,464058.2265,165364.8895
603188.SH,20260107,,3.3439,3.5509,256576.5,256576.5
300032.SZ,20260107,,6.186,2.5972,427286.2315,427286.2315
688755.SH,20260107,50.7137,2.9879,5.0924,363176.0,72635.2
603978.SH,20260107,,3.9215,1.9537,593174.9802,593174.9802
002272.SZ,20260107,,5.3446,4.8098,797623.1585,635780.735
601668.SH,20260107,4.8012,0.4447,0.1012,21445282.6404,21445282.6404
002297.SZ,20260107,,3.3366,7.6775,702053.4033,702053.4033
601163.SH,20260107,12.6631,0.8325,1.1573,1141600.0,1141600.0
688031.SH,20260107,,19.0523,44.0306,1704140.0663,1322005.749
000417.SZ,20260107,40.3911,1.3227,0.9145,622347.5916,621663.9059
688143.SH,20260107,128.7257,4.9825,16.2017,674811.4025,641241.9922
003032.SZ,20260107,,2.074,7.7857,259981.085,178438.0457
600020.SH,20260107,9.3775,0.8034,1.3355,955133.0286,955133.0286
300782.SZ,20260107,,4.2925,11.0579,4299873.4255,3603013.5658
000636.SZ,20260107,65.951,1.5852,3.6178,1980806.6172,1980806.6172
000826.SZ,20260107,,76.5219,0.6607,320704.4808,320663.9158
920392.BJ,20260107,132.1997,7.161,3.3763,241722.26,115428.7628
688290.SH,20260107,395.0522,5.0835,24.7101,640116.3685,640116.3685
688288.SH,20260107,41.2352,3.625,4.2929,280676.1356,280676.1356
605599.SH,20260107,16.8733,3.2893,0.5401,1369666.7058,1369666.7058
603082.SH,20260107,36.1088,3.7586,2.9795,599106.3163,149776.6317
688758.SH,20260107,62.3601,5.854,19.345,772540.8758,78799.1683
920943.BJ,20260107,32.8379,4.2044,2.6371,267711.8738,136617.2556
688331.SH,20260107,,22.1332,23.0867,5143292.2571,1481061.2561
920019.BJ,20260107,68.9799,4.7224,2.907,433990.4688,345793.6146
300569.SZ,20260107,,1.1591,1.5139,599312.288,597491.8831
600063.SH,20260107,23.7617,1.5521,1.6238,1305606.1693,1305606.1693
002961.SZ,20260107,25.0279,3.7741,7.0576,1243920.6562,1243914.57
002670.SZ,20260107,103.2334,2.9802,30410.0316,3368982.3809,2826253.4538
920146.BJ,20260107,,5.393,3.0105,119196.5612,94602.7233
688076.SH,20260107,24.6093,3.9468,6.46,1227229.5161,1227229.5161
300519.SZ,20260107,42.1098,2.947,9.4917,244000.0,174002.5
300468.SZ,20260107,228.2758,11.336,28.1093,1865762.8509,1862755.9325
300123.SZ,20260107,,5.7238,9.4736,841991.3174,824345.106
920924.BJ,20260107,126.2065,7.4063,5.6967,234120.963,140600.491
300188.SZ,20260107,,4.0584,7.5332,1255696.3499,1249892.9365
603118.SH,20260107,,1.8504,1.0511,932135.2647,932135.2647
300781.SZ,20260107,,8.9763,6.3664,599404.1663,442375.5545
002999.SZ,20260107,49.8837,1.9546,0.1738,234277.008,231663.8258
603021.SH,20260107,,,3.9675,156454.6062,156454.6062
000936.SZ,20260107,24.8673,1.4762,2.3785,790323.4952,790211.5046
605287.SH,20260107,,2.5333,1.259,393400.0,393400.0
002593.SZ,20260107,47.9343,1.9628,1.3492,475080.0951,330279.8287
688589.SH,20260107,60.5368,3.5666,7.7442,341230.9681,341230.9681
000032.SZ,20260107,151.4215,3.8968,0.4588,2385162.5545,2385162.5545
600518.SH,20260107,1595.6003,3.6945,5.0333,2655148.1645,2653891.6201
603036.SH,20260107,38.3904,3.2224,10.2292,442088.9297,442088.9297
920018.BJ,20260107,34.5512,4.0413,1.4286,361997.9505,125728.2634
600178.SH,20260107,1471.9645,2.3418,1.1047,595690.0576,595690.0576
002474.SZ,20260107,,4.563,12.7779,623444.4,531827.4769
300238.SZ,20260107,168.0723,7.7259,11.2521,442014.5536,441978.5147
002162.SZ,20260107,,5.2291,3.9529,429500.3507,428936.7545
920693.BJ,20260107,306.4096,8.5479,10.8004,301705.0,151931.5
002554.SZ,20260107,,1.8193,1.6534,430791.5833,430710.9796
688790.SH,20260107,,5.7898,9.3958,1647249.4364,199554.4551
300726.SZ,20260107,60.9811,4.1841,11.6322,2102854.2486,1094922.5878
603124.SH,20260107,64.4361,7.3884,1.345,1327738.7629,266245.8993
301382.SZ,20260107,58.1639,5.5424,5.1472,1026710.0813,633757.2941
301515.SZ,20260107,,1.7429,3.5028,212300.0,139206.2777
300279.SZ,20260107,54.0476,3.3837,1.9101,350684.3343,349138.9928
603256.SH,20260107,218.9564,21.2244,31.5395,3369356.325,3369356.325
600316.SH,20260107,688.5189,4.7323,4.7428,2540019.6015,2540019.6015
300502.SZ,20260107,55.5648,28.7638,20.867,41778211.3834,37214166.118
601888.SH,20260107,56.8426,3.5037,3.6247,19325212.33,18238074.0565
002402.SZ,20260107,58.6409,6.8298,3.2949,3587813.8258,3126623.3022
920089.BJ,20260107,18.9658,2.4432,1.6067,301637.336,187188.6396
000790.SZ,20260107,,2.6023,3.6858,242626.8326,242197.0848
603229.SH,20260107,45.8189,3.608,11.2752,846903.0879,846903.0879
600818.SH,20260107,,5.696,3.0283,318233.4309,235578.3309
002317.SZ,20260107,,4.5513,7.492,1834149.9694,1643570.3621
920895.BJ,20260107,,6.034,17.1141,119830.88,60922.228
601137.SH,20260107,17.0235,2.0252,0.9903,1935015.8494,1933506.2494
603898.SH,20260107,205.7695,1.367,2.486,430278.8757,430278.8757
600666.SH,20260107,63.0986,8.2072,21.9302,927237.7718,815456.7391
603909.SH,20260107,26.9901,2.6188,0.4142,294299.9751,294299.9751
601066.SH,20260107,20.9282,2.5611,8.6954,20958589.3415,17551303.1366
603061.SH,20260107,65.6337,6.7601,16.4657,1040520.0,725352.2842
605086.SH,20260107,71.3271,6.2297,26.9645,796364.8,796364.8
688223.SH,20260107,,2.2224,0.8842,6073158.6429,6073158.6429
601399.SH,20260107,87.5822,2.6858,2.8513,3974669.2954,3974669.2954
002820.SZ,20260107,,2.7157,5.1487,242247.1638,242247.1638
920167.BJ,20260107,,3.098,0.6157,192314.8371,114472.1043
002198.SZ,20260107,91.0198,5.075,8.7762,359824.4822,359803.8503
601866.SH,20260107,19.6132,1.0828,1.2173,3325809.2666,2457499.9226
688599.SH,20260107,,1.7238,0.6144,4122919.1274,4122919.1274
600714.SH,20260107,63.6306,4.7707,10.2548,360508.5175,360508.5175
603665.SH,20260107,,7.4118,3.3179,527638.7117,524549.2404
603121.SH,20260107,323.4214,5.9415,6.1432,707873.9981,707873.9981
002937.SZ,20260107,47.593,4.8245,4.1989,735811.1652,733772.5408
300358.SZ,20260107,,1.4361,1.3813,767294.3383,752495.2992
600369.SH,20260107,33.077,1.1822,9.1876,3050105.0879,3050105.0879
301015.SZ,20260107,24.3052,5.3781,1.6904,1280945.8756,1280777.7226
300450.SZ,20260107,99.8672,6.7707,6.5453,8627992.1543,8590813.7258
600359.SH,20260107,3055.9916,4.2595,5.5389,284990.0765,284990.0765
300318.SZ,20260107,,3.9028,6.2953,525267.0183,513460.8882
300610.SZ,20260107,36.1409,2.1933,2.8801,253064.3925,189765.4137
603915.SH,20260107,43.7728,3.2787,4.4664,1183251.729,1183251.729
300510.SZ,20260107,,1.5738,3.5975,348844.1661,348844.1661
301226.SZ,20260107,125.2883,3.9232,6.9936,357625.6,357625.6
600337.SH,20260107,,2.2183,1.7729,557555.2772,557555.2772
920179.BJ,20260107,134.9818,4.588,11.6809,346361.4,275899.3499
688580.SH,20260107,49.0676,3.7279,14.2454,618012.1215,618012.1215
300849.SZ,20260107,,4.0193,7.6109,236850.0,191798.0083
002633.SZ,20260107,404.0668,5.6889,7.7053,242100.0,241161.8625
301607.SZ,20260107,47.6919,6.2368,2.1472,710737.4846,511469.188
300543.SZ,20260107,93.3399,2.2877,2.0468,335476.6107,273967.6948
920992.BJ,20260107,91.9954,2.8344,5.7288,175276.4524,85885.4967
002309.SZ,20260107,,5.3823,5.2805,1001552.5732,404802.085
688309.SH,20260107,58.822,2.5424,6.7476,188022.205,188022.205
002800.SZ,20260107,,4.7976,1.851,240712.0989,221468.3772
000755.SZ,20260107,15.5204,1.353,4.633,736589.7184,736589.7184
002996.SZ,20260107,35.7821,1.6227,0.3397,521491.2952,316093.1513
688486.SH,20260107,64.022,7.4166,21.4709,1119954.9312,624835.9572
600012.SH,20260107,12.8247,1.9851,3.3212,2468915.2796,1684292.0
002405.SZ,20260107,,2.9915,6.7431,2460733.4689,2445373.5653
600105.SH,20260107,119.7389,12.2815,8.3661,3989783.8147,3989783.8147
601999.SH,20260107,28.3844,1.4494,1.6547,383987.5459,383987.5459
603969.SH,20260107,25.6176,3.2748,2.6519,873633.536,859840.7596
002216.SZ,20260107,18.2565,2.1924,1.5253,992598.7902,711727.2506
600547.SH,20260107,39.1216,6.3965,1.9077,18942200.4182,14851747.7128
001382.SZ,20260107,69.9967,5.3549,2.8029,852016.0,128216.0
002522.SZ,20260107,67.1688,2.2488,3.1599,519011.5888,518576.3907
300861.SZ,20260107,487.8716,1.6096,5.3652,1018510.107,639547.1717
600561.SH,20260107,,2.0072,1.2049,181780.6752,181780.6752
300368.SZ,20260107,,42.9541,58.9013,800291.4777,800291.4777
000553.SZ,20260107,,0.7095,0.4417,1309354.2125,1223514.4421
601600.SH,20260107,16.9084,3.3808,1.0051,24103663.0696,18508578.0653
300631.SZ,20260107,46.0311,2.8539,6.1663,374004.8812,360712.9729
603199.SH,20260107,19.724,2.5954,4.8685,420362.64,420362.64
000533.SZ,20260107,59.331,6.464,2.629,612753.792,607508.4288
003031.SZ,20260107,59.3037,5.7792,12.5176,3636839.2021,2742683.4398
002009.SZ,20260107,,4.3649,3.0797,874052.7588,769508.3424
600106.SH,20260107,36.8388,1.6349,74.971,846588.9645,846588.9645
000586.SZ,20260107,319.0941,7.5688,5.0625,256308.0,256308.0
688013.SH,20260107,48.7,7.0609,12.572,394903.1496,394903.1496
601800.SH,20260107,6.5626,0.4639,0.1818,13621877.2163,9858551.9573
603568.SH,20260107,16.437,3.067,6.4006,4483955.7707,4475869.5227
688425.SH,20260107,19.0313,1.5583,2.8557,2821419.913,2821419.913
688428.SH,20260107,,5.732,26.7721,3820454.1561,580998.7873
002273.SZ,20260107,30.8648,3.7083,5.3122,3554455.9569,3481813.4988
600487.SH,20260107,21.7225,1.9973,0.9147,6147102.7652,6093391.3635
002881.SZ,20260107,75.0081,7.1524,3.297,1180518.207,820477.1047
301092.SZ,20260107,48.0473,2.5953,7.8611,503161.9622,226975.3042
920720.BJ,20260107,64.8544,7.487,5.4632,377889.86,101583.9155
600673.SH,20260107,83.4751,8.2992,5.6545,8080655.3334,8059183.034
688733.SH,20260107,,2.8557,10.9692,619303.089,619303.089
300143.SZ,20260107,67.7347,3.2119,4.8003,810906.6355,693954.9608
002298.SZ,20260107,,3.5265,3.7449,804500.5494,718130.3675
300292.SZ,20260107,58.5073,4.3568,1.3867,610503.0632,507754.8899
688258.SH,20260107,199.56,13.2575,33.3759,1144551.8552,1144551.8552
688073.SH,20260107,40.0627,3.0672,4.8371,614186.9626,292176.5344
300855.SZ,20260107,103.5047,6.9447,13.2027,1368934.5215,1013921.1936
301215.SZ,20260107,42.9178,3.2301,16.5124,926730.0,925680.0
002839.SZ,20260107,5.7108,0.6197,2.36,1121954.3431,1120916.5675
601916.SH,20260107,5.9856,0.4706,1.3027,8349249.3328,6549508.5328
301632.SZ,20260107,74.207,3.8784,8.7784,1033843.2,170092.7388
000949.SZ,20260107,57.0294,1.5447,1.3561,1023598.613,1023312.5673
002380.SZ,20260107,21.4469,2.7326,3.5538,665496.8427,393077.991
603013.SH,20260107,22.4993,2.7321,1.3556,1222549.2446,1222549.2446
603268.SH,20260107,71.504,11.1228,7.5715,8973874.6329,1147816.3872
603739.SH,20260107,43.7815,2.0624,2.6305,365879.7402,365879.7402
301178.SZ,20260107,,4.5623,11.881,351712.5808,260295.0353
002446.SZ,20260107,,3.9578,8.4588,1006957.2964,932555.0256
600230.SH,20260107,120.5341,1.6214,1.396,652402.5596,652402.5596
301552.SZ,20260107,22.9199,3.1413,5.4185,361664.8,90416.2
688528.SH,20260107,,3.5366,6.3083,175392.0,175392.0
605028.SH,20260107,28.575,3.5684,14.4108,469760.0,469760.0
600237.SH,20260107,52.4461,3.0981,4.2649,596015.4265,587483.9665
002465.SZ,20260107,,4.0122,11.1982,4827167.0289,4819490.427
300732.SZ,20260107,,0.969,1.7181,282366.7749,282053.9868
002428.SZ,20260107,517.5639,14.8534,20.3279,2161827.2,2161547.9188
600007.SH,20260107,16.6136,2.0739,5.2007,1967222.7889,1967222.7889
688701.SH,20260107,,7.4402,8.5441,109167.5034,109167.5034
000756.SZ,20260107,28.5719,2.1206,1.2854,1091916.2549,779823.6717
688118.SH,20260107,78.5133,2.9721,6.5814,245049.6883,245049.6883
300068.SZ,20260107,,3.8159,2.4314,1467033.7993,1393242.5056
920491.BJ,20260107,47.6855,4.1625,6.5013,436979.2853,357820.4198
603829.SH,20260107,37.3064,2.8271,1.8609,423941.7779,423941.7779
002646.SZ,20260107,645.5914,1.4663,3.6547,419698.5852,416914.3506
003025.SZ,20260107,28.0048,3.2695,5.9504,405769.6344,323548.3611
300552.SZ,20260107,,4.2558,7.6688,764295.3396,494016.0596
300801.SZ,20260107,53.966,2.7015,2.4048,677788.29,423531.9609
601369.SH,20260107,17.8441,2.0168,1.7416,1771731.7778,1753985.2082
002518.SZ,20260107,60.5999,6.2918,6.0298,2928009.9977,2842091.142
600597.SH,20260107,16.2139,1.1888,0.4662,1123456.1168,1123441.1208
603515.SH,20260107,16.0045,2.0632,1.9807,1373831.1682,1359916.6016
603105.SH,20260107,24.4946,2.2255,6.6906,474508.6378,474508.6378
603132.SH,20260107,31.2222,4.6822,9.1365,1476780.0,1476780.0
002913.SZ,20260107,38.9893,3.1534,2.6307,1391625.81,1322889.488
600956.SH,20260107,18.9798,1.3848,1.6448,3294265.9433,1714104.7342
601818.SH,20260107,5.1168,0.4146,1.62,20620857.3203,16195978.6308
600926.SH,20260107,6.0289,0.8796,2.9544,11453424.0258,11453424.0258
002166.SZ,20260107,47.4401,2.0321,3.3361,625176.7453,623689.6933
920047.BJ,20260107,,22.7131,95.2624,669497.8885,439639.7883
000529.SZ,20260107,33.7349,1.1052,1.635,350274.198,341930.6262
300559.SZ,20260107,150.7243,4.3296,12.1405,523763.5973,407900.3881
603189.SH,20260107,933.512,3.5572,20.2463,536131.6662,536131.6662
688426.SH,20260107,,2.0338,16.9179,282809.202,96606.906
000799.SZ,20260107,,4.8512,18.3978,1825126.0807,1824965.9962
300333.SZ,20260107,,6.6103,32.2816,383376.0,381984.0564
301230.SZ,20260107,122.9948,4.427,6.7423,450027.2145,404985.4359
002386.SZ,20260107,,0.9683,0.6124,727620.7138,727485.1362
300720.SZ,20260107,169.8539,11.2295,29.3283,657515.8617,589275.8176
600006.SH,20260107,58.8568,1.7256,1.4484,1444000.0,1444000.0
603520.SH,20260107,,1.6454,1.7898,427888.0439,427888.0439
300703.SZ,20260107,35.5438,4.872,2.1086,454587.4368,427547.1892
002983.SZ,20260107,38.0958,3.8206,4.5547,524718.1393,300589.3883
002668.SZ,20260107,9.4204,3.2454,0.5883,1103625.4337,1103625.4337
920694.BJ,20260107,25.869,3.1044,3.7667,271573.9067,128480.3467
600960.SH,20260107,,1.4379,1.616,531338.1746,531338.1746
601099.SH,20260107,87.5277,2.8992,19.3346,2883301.8245,2883301.8245
600526.SH,20260107,16.6445,1.0633,1.0171,475456.0194,467058.8199
300938.SZ,20260107,41.9057,4.3411,10.2226,787954.1821,549328.3061
002968.SZ,20260107,24.696,2.2162,0.886,273117.2841,257279.4827
300793.SZ,20260107,,2.2347,3.0948,668237.6627,653384.5367
002378.SZ,20260107,89.0034,8.5679,4.0577,1918664.0126,1908608.8263
600488.SH,20260107,275.3988,1.4845,1.5611,448765.4255,448765.4255
001268.SZ,20260107,47.1358,3.7089,4.7152,380788.8024,222028.8024
601198.SH,20260107,20.6855,1.5509,9.264,4551283.2922,4551283.2922
600276.SH,20260107,56.7459,7.1219,13.6778,42378521.1955,40729929.5195
605333.SH,20260107,21.8265,4.1967,1.7438,1433420.8141,1349201.3142
002035.SZ,20260107,12.0744,1.3568,0.8855,527240.5504,486427.4289
605081.SH,20260107,,1.3443,13.3633,119928.6492,119928.6492
301317.SZ,20260107,12.9972,3.8269,6.0578,514797.25,146720.0
301306.SZ,20260107,,12.4168,37.685,1136530.4,785067.8
688348.SH,20260107,147.0591,2.317,7.1062,839209.826,839209.826
002114.SZ,20260107,,3.34,2.2701,282324.0681,282320.1885
688590.SH,20260107,712.307,3.5597,2.4735,507129.3778,507129.3778
002301.SZ,20260107,127.7539,1.8462,0.5317,570554.575,567930.2664
603639.SH,20260107,23.3739,1.2799,1.1069,452095.1691,439462.6884
600130.SH,20260107,690.7532,3.2501,6.5207,312000.0,312000.0
605377.SH,20260107,17.8189,1.238,1.4222,475396.4089,475396.4089
002632.SZ,20260107,39.2403,3.7615,5.3203,806357.4252,751214.8402
301277.SZ,20260107,38.5044,3.1294,7.1055,476375.256,476375.256
300142.SZ,20260107,366.3472,1.8631,7.5204,1804065.1542,1755105.44
920508.BJ,20260107,121.4996,7.193,16.4514,138300.0,72019.725
002332.SZ,20260107,32.8912,1.5274,2.508,900176.4281,895962.077
002762.SZ,20260107,,3.2799,7.247,253127.875,151135.5803
603232.SH,20260107,596.452,4.1825,13.0284,562733.5968,556045.188
300025.SZ,20260107,,5.5007,4.7243,296626.2735,295226.6065
300605.SZ,20260107,,5.3694,6.8601,260424.2724,188430.302
300033.SZ,20260107,82.1147,26.0321,38.1992,19531008.0,10009117.7577
301223.SZ,20260107,21.4813,1.1977,1.1418,355547.838,206219.7255
000655.SZ,20260107,21.6194,1.7203,3.5148,593554.2093,593554.2093
605009.SH,20260107,22.7674,1.9933,1.8712,674876.9825,673476.4303
688458.SH,20260107,,2.4657,8.4889,456630.9591,348270.6069
603271.SH,20260107,21.0879,2.9377,0.8916,827601.04,165587.52
600674.SH,20260107,15.9012,1.5431,41.1904,6848822.5933,6848822.5933
603198.SH,20260107,15.1957,3.1331,5.0146,3182400.0,3182400.0
002603.SZ,20260107,,2.9001,4.9192,2958819.2209,2438395.5748
002351.SZ,20260107,26.4876,3.7839,3.8131,1088266.968,637773.4926
300816.SZ,20260107,51.6378,4.1263,3.7187,373840.0,264812.2323
001266.SZ,20260107,85.0454,3.7333,4.4726,350570.8445,196016.8989
002190.SZ,20260107,,2.555,5.8377,1339136.6374,1339136.6374
002728.SZ,20260107,73.6977,3.258,6.3567,587387.8579,431452.4262
300963.SZ,20260107,135.4658,9.392,10.8335,1036526.4,654072.6568
002444.SZ,20260107,17.0366,2.3091,2.8914,4298926.977,4128170.968
603648.SH,20260107,34.8858,2.091,2.7652,382707.9168,382707.9168
601825.SH,20260107,7.1337,0.7008,3.3955,8824666.6672,8577613.8837
301232.SZ,20260107,,9.5854,5.4392,1352922.246,804010.77
000753.SZ,20260107,140.2496,2.8814,2.557,788227.4514,788227.4514
603569.SH,20260107,69.2082,1.6454,0.9534,462890.0615,462890.0615
002291.SZ,20260107,,2.0799,1.8585,627750.9319,583183.0562
300721.SZ,20260107,,1.9395,1.4146,218916.4694,183731.0164
002167.SZ,20260107,39.4823,5.791,8.203,1014047.3497,991439.1696
001368.SZ,20260107,27.891,2.0305,2.5752,277762.1434,78290.0816
000720.SZ,20260107,,1.7534,2.9545,413398.8869,413398.8869
000969.SZ,20260107,75.2537,4.1748,3.1342,2362618.1239,2324894.8575
603585.SH,20260107,30.2069,1.4248,1.3268,361822.3835,353778.3035
600728.SH,20260107,52.8607,1.7968,1.3822,1411780.7108,1411780.7108
688362.SH,20260107,181.3083,6.1854,3.7334,1578307.2504,1578307.2504
300791.SZ,20260107,22.383,3.1496,1.7365,773393.5428,644903.5986
002821.SZ,20260107,35.0781,2.1003,5.7897,3644160.1343,3203601.3229
601127.SH,20260107,30.9657,5.5787,1.4997,22358378.5788,19378054.4472
000516.SZ,20260107,,3.4346,2.7263,1146315.1375,1128886.4097
000902.SZ,20260107,12.5415,1.7161,1.1854,1976205.5381,1799882.9998
600746.SH,20260107,62.9498,1.5187,1.3533,828000.6048,826752.384
603773.SH,20260107,,6.6836,3.1494,780464.091,780193.119
301072.SZ,20260107,,3.0563,2.955,229105.2933,146432.1721
600004.SH,20260107,18.0102,1.1808,3.1177,2438073.3897,2238915.4957
300901.SZ,20260107,,4.3467,12.6097,420960.0,420960.0
600590.SH,20260107,,2.5737,1.76,823019.3088,814044.5897
601083.SH,20260107,9.9349,1.6629,2.1459,1476590.92,221490.92
920370.BJ,20260107,,2.0531,3.0528,125518.4374,109333.0882
688766.SH,20260107,213.8097,11.9214,14.4851,2709298.5666,2709298.5666
000099.SZ,20260107,45.7128,2.9769,7.0194,1613601.885,1613601.885
300014.SZ,20260107,39.0386,3.5923,2.4266,14454537.2135,13936670.5517
301335.SZ,20260107,77.1301,1.9227,1.2082,368779.5368,147084.005
920108.BJ,20260107,73.8745,4.7981,4.418,236258.4,48572.7102
688652.SH,20260107,127.4157,8.8551,14.2357,1932000.0,1388625.0
688671.SH,20260107,,1.7258,5.2332,183577.1882,109528.5712
603186.SH,20260107,,5.0563,1.7499,741369.6544,741369.6544
688767.SH,20260107,67.2508,2.9496,14.4094,689770.6697,689770.6697
688522.SH,20260107,99.1779,5.398,26.5053,1227435.1999,490210.8659
300660.SZ,20260107,76.0915,6.9846,5.98,2422585.8171,2420646.276
301269.SZ,20260107,1018.2576,11.7566,47.5923,6108901.2096,6108901.2096
301256.SZ,20260107,92.771,4.8678,5.0474,831360.0,831360.0
920566.BJ,20260107,19.7715,2.0713,3.9762,167137.4236,129086.1986
301085.SZ,20260107,,4.4368,4.3386,476051.3531,323189.8166
688261.SH,20260107,189.6789,3.7397,8.5743,1102929.6251,1098625.1078
688052.SH,20260107,,3.7916,10.1024,2990157.0626,2620670.2976
000407.SZ,20260107,34.0056,1.4244,1.0678,433881.7354,431760.6305
000668.SZ,20260107,,2.347,5.9269,165784.4938,165784.4938
603551.SH,20260107,15.2087,3.5695,2.4603,449072.6062,443074.7452
603617.SH,20260107,62.931,2.0257,2.789,304567.6429,299240.2429
603601.SH,20260107,175.81,5.8926,10.4506,1426366.7388,1426366.7388
600724.SH,20260107,37.2482,2.8571,5.2307,815115.964,814947.6625
300993.SZ,20260107,27.3021,3.0008,5.9424,458807.3568,358542.5266
600232.SH,20260107,,3.315,2.628,311469.6366,311469.6366
603083.SH,20260107,162.028,5.8577,10.4597,4443394.6998,3472413.4998
002749.SZ,20260107,16.4529,3.4546,2.9778,617458.7202,600633.9664
001330.SZ,20260107,,2.5266,7.1808,1058379.6177,1058379.6177
603035.SH,20260107,14.9442,1.092,0.8784,579927.4276,579927.4276
600649.SH,20260107,15.3531,0.5429,0.6348,1144556.851,1144556.851
002571.SZ,20260107,,5.0857,2.9031,496601.5369,377953.9402
600184.SH,20260107,,3.4069,6.9203,1154383.1141,1007855.1963
300212.SZ,20260107,,50.6158,30.7303,1376434.3109,1335554.4163
000078.SZ,20260107,,5.2411,0.3501,955097.7423,953398.1331
603970.SH,20260107,19.4217,2.2514,0.3161,348633.7738,348633.7738
300882.SZ,20260107,32.4405,4.3369,4.7533,568395.5594,528925.4816
300128.SZ,20260107,,15.108,4.6597,999019.7518,997944.4015
300491.SZ,20260107,198.9359,3.9692,3.2264,467114.9032,414776.2906
002677.SZ,20260107,275.4564,4.0566,10.6911,598889.8768,495825.1565
688702.SH,20260107,3104.1887,22.6048,48.5588,5370180.0,2658786.3737
603717.SH,20260107,,4.3714,3.1757,226314.0672,226314.0672
001202.SZ,20260107,36.6783,3.2088,1.6475,268372.6871,188086.5676
603351.SH,20260107,24.4651,2.0526,2.7466,361080.7259,361080.7259
600051.SH,20260107,25.0116,0.6862,1.3997,233160.0,233160.0
002988.SZ,20260107,54.0026,3.6424,1.3161,976106.3342,975804.6249
600636.SH,20260107,,1.8501,10.7491,380736.7441,380736.7441
605089.SH,20260107,48.2526,2.8594,5.0679,350796.0,350796.0
000530.SZ,20260107,57.4844,1.9157,1.3763,609642.6426,433829.9777
300950.SZ,20260107,51.257,4.5481,7.723,362924.228,215672.7395
002674.SZ,20260107,59.2583,1.7664,1.4371,424115.6046,419828.8406
301008.SZ,20260107,131.2233,2.9757,3.88,445274.9956,393866.9956
002194.SZ,20260107,,3.7006,6.3457,919702.6949,687663.0212
002322.SZ,20260107,20.7033,1.7039,4.3805,473176.6666,455544.5594
300056.SZ,20260107,,21.9676,7.1199,324197.4626,323911.3544
300567.SZ,20260107,,8.6725,10.1978,3064608.5236,2487311.7274
002231.SZ,20260107,,5.6337,7.2499,46131.0523,40940.8204
688502.SH,20260107,401.666,18.9293,36.1266,2278320.0,724920.0
600795.SH,20260107,12.0475,1.5035,0.524,8935645.1601,8935645.1601
300965.SZ,20260107,123.0369,3.3624,19.6759,408840.0,379633.4925
300922.SZ,20260107,90.4645,4.1006,15.4162,382617.2876,300476.9395
300614.SZ,20260107,,1.9078,4.9155,201834.3742,201834.3742
001696.SZ,20260107,30.4005,4.5901,1.9877,2516769.1702,1959293.2986
000712.SZ,20260107,71.0469,4.451,13.851,1128960.0,1128624.9975
000679.SZ,20260107,,12.9091,5.034,254826.0,254826.0
603290.SH,20260107,51.877,3.4973,6.0984,2418442.5331,2418442.5331
603207.SH,20260107,22.0201,4.9922,9.3169,470119.5834,159283.2
603039.SH,20260107,66.6751,6.4724,6.3516,1445044.0398,1445044.0398
601929.SH,20260107,,2.4754,6.1192,1238874.7996,1238874.7996
002101.SZ,20260107,22.9124,1.0496,0.9015,820504.6552,817832.0658
688633.SH,20260107,26.8125,2.1787,5.143,350079.5823,350079.5823
300269.SZ,20260107,142.4045,41.6923,7.7587,448076.8812,428954.556
301588.SZ,20260107,47.542,2.3109,2.5091,216101.5768,133366.9947
601828.SH,20260107,,0.2743,1.772,1184487.2871,982857.5946
001228.SZ,20260107,29.5246,1.6307,0.5584,273994.8385,210682.8385
600507.SH,20260107,16.1818,1.3683,0.7388,1371720.4188,1371720.4188
601187.SH,20260107,7.3502,0.7367,3.247,1910728.5909,1906567.1866
301172.SZ,20260107,121.6554,2.7403,9.5291,401360.96,229828.6682
600469.SH,20260107,21.1072,1.3704,0.6551,482896.4766,482896.4766
603708.SH,20260107,50.8793,3.3722,0.4298,761538.0393,761538.0393
600552.SH,20260107,75.8097,2.7998,2.1143,1190204.6864,1190204.6864
603139.SH,20260107,,2.8496,4.0245,206551.84,206551.84
301222.SZ,20260107,27.6968,2.0043,4.3428,287192.184,228689.0273
600930.SH,20260107,29.9023,2.3969,6.8678,26446857.1427,1588281.1098
300891.SZ,20260107,,2.8953,2.0893,367207.4918,305163.3143
603385.SH,20260107,41.8737,0.6774,0.7955,254284.1986,254284.1986
002812.SZ,20260107,,2.153,4.428,5420872.9361,4540118.3595
000017.SZ,20260107,134.0449,14.4544,6.1613,541010.1724,346045.2315
600965.SH,20260107,62.0322,2.1827,4.3091,474846.5539,474846.5539
301577.SZ,20260107,90.1921,3.3753,5.965,257388.622,107696.042
301565.SZ,20260107,156.1589,4.1972,4.597,1010825.27,323481.27
688559.SH,20260107,,5.6767,3.7244,1341119.7052,1341119.7052
600780.SH,20260107,10.7951,0.8096,0.5953,663824.9608,663824.9608
603344.SH,20260107,37.6891,3.4792,2.8389,731047.4228,203048.4228
601166.SH,20260107,5.8163,0.5545,2.1482,44949904.4363,44949904.4363
600629.SH,20260107,74.047,4.158,2.8847,2205579.7719,2166435.0547
600343.SH,20260107,,21.3173,34.3686,2891074.7564,2891074.7564
920436.BJ,20260107,,4.4228,1.2618,169112.04,159073.9903
001296.SZ,20260107,27.6122,2.2443,3.3653,392826.1918,201811.6162
301052.SZ,20260107,122.4871,5.3823,5.6507,387821.6495,314287.8066
002294.SZ,20260107,85.199,6.5319,13.4749,5730156.9899,5728867.883
000014.SZ,20260107,,2.0534,60.9133,326762.4024,326762.4024
002055.SZ,20260107,,2.5727,0.8043,367529.9303,361145.9303
603586.SH,20260107,23.9329,1.6372,1.9929,376617.3904,376617.3904
002054.SZ,20260107,40.9552,1.4434,1.2053,365925.6281,291741.1328
600136.SH,20260107,,14.5876,5.0013,346940.4083,330325.214
002987.SZ,20260107,53.1232,6.01,3.6372,1750534.5867,1702278.5019
603602.SH,20260107,119.6013,3.1316,2.0615,338037.1137,338037.1137
001359.SZ,20260107,51.716,6.6673,11.2785,1317072.4715,329298.0
688148.SH,20260107,,17.666,2.2881,511703.5722,511703.5722
001207.SZ,20260107,17.8293,2.3559,2.2406,539585.1843,491572.3162
002106.SZ,20260107,26.3466,1.4069,1.2711,784161.7538,782256.1088
300895.SZ,20260107,,9.0326,26.7932,706819.2981,693624.7151
600998.SH,20260107,9.4818,0.9979,0.1675,2642254.4026,2642254.4026
600158.SH,20260107,452.4347,3.2314,3.8026,839573.9336,839573.9336
300155.SZ,20260107,,2.8827,22.0926,353012.251,208027.1421
002226.SZ,20260107,19.3674,1.5215,1.614,1560215.5616,1560184.0578
301005.SZ,20260107,1587.3811,27.9681,27.4157,2151229.8955,2120860.7553
002566.SZ,20260107,63.4023,1.1489,4.0029,255825.5868,179174.0318
301111.SZ,20260107,,4.4287,11.9062,331360.0,331360.0
301529.SZ,20260107,68.6098,7.7035,6.2959,1044770.2412,557112.2507
300619.SZ,20260107,,5.2271,5.1458,824584.3793,689354.1187
300562.SZ,20260107,39.7979,3.0005,3.0924,304526.8893,225898.4095
300958.SZ,20260107,,1.5681,3.2641,195293.7774,113447.586
603888.SH,20260107,48.9614,3.7467,6.1617,1378490.0772,1378490.0772
300802.SZ,20260107,63.2885,3.9435,7.155,551395.893,377945.3069
000401.SZ,20260107,,0.4361,0.4685,1185564.683,1173583.9634
600191.SH,20260107,155.5665,3.6119,11.8327,611499.252,611499.252
300355.SZ,20260107,109.0183,1.5147,2.5103,651322.2849,527178.3969
920299.BJ,20260107,72.4867,6.9276,15.6734,194275.5991,95003.6872
300476.SZ,20260107,73.751,17.6688,15.6293,26805888.4911,26339376.8081
300416.SZ,20260107,39.9233,3.5953,4.4511,957595.5187,951185.1051
600250.SH,20260107,141.4064,5.7758,4.9585,360910.0874,360910.0874
605358.SH,20260107,,3.9761,8.0636,2786216.1934,2786216.1934
603682.SH,20260107,48.7089,3.2285,3.1865,306652.5,306652.5
605289.SH,20260107,,5.8115,7.6626,743976.1875,739403.4375
301518.SZ,20260107,52.2724,3.5807,1.8522,527070.047,201154.9353
688298.SH,20260107,,0.7806,5.8964,496540.8,496540.8
603505.SH,20260107,67.8073,9.4184,4.4638,1642937.523,1642937.523
600573.SH,20260107,35.4181,2.1546,4.6934,296500.0,296500.0
300249.SZ,20260107,,19.8952,4.3981,664696.3829,563498.3657
000059.SZ,20260107,,0.8775,0.219,884491.723,884491.723
600830.SH,20260107,64.1237,1.9443,10.8756,433878.2234,433878.2234
688061.SH,20260107,,1.6403,6.273,390509.04,153026.7461
600868.SH,20260107,,3.3698,21.0597,652963.1456,652963.1456
605168.SH,20260107,107.1455,3.4447,2.4982,922535.1307,922535.1307
920971.BJ,20260107,134.3835,7.4934,11.9102,334284.9344,272620.6132
002202.SZ,20260107,42.0483,2.9044,1.6164,11154178.5881,8851319.6138
600052.SH,20260107,,1.4776,5.8923,397615.723,397615.723
601577.SH,20260107,4.7439,0.5569,1.4851,3888842.4801,3888001.0654
301035.SZ,20260107,19.784,2.7041,1.3694,1974943.0311,1971945.1403
600125.SH,20260107,15.9555,1.1146,0.7429,852505.7837,852505.7837
002535.SZ,20260107,118.634,4.3674,2.0229,309449.6666,288086.6552
002242.SZ,20260107,53.7665,2.2934,0.9634,795063.714,793697.3394
601949.SH,20260107,21.7793,1.2851,2.2373,1239483.2032,1239483.2032
603899.SH,20260107,19.011,2.817,1.0287,2514249.1292,2514249.1292
000862.SZ,20260107,41.2215,1.2306,4.209,551690.7723,377408.2199
300048.SZ,20260107,95.8158,3.8327,0.8974,704057.5508,702614.9408
002976.SZ,20260107,3130.5945,2.8422,2.0974,421257.7332,187596.5763
300030.SZ,20260107,,3.7348,4.6279,235600.734,207436.2501
300387.SZ,20260107,30.2106,1.6758,1.8824,248589.0355,248502.7147
603687.SH,20260107,50.696,1.7805,2.6268,580283.6165,580283.6165
002722.SZ,20260107,23.7899,1.181,1.4615,337560.7112,290372.4197
301297.SZ,20260107,120.0811,5.504,12.1946,2885054.2554,1323580.3224
002111.SZ,20260107,76.9353,1.8873,1.7925,557546.8898,504350.9809
600229.SH,20260107,,1.3381,1.9948,423513.6895,423513.6895
920351.BJ,20260107,64.9645,4.6064,1.0356,200808.8364,90476.6405
688099.SH,20260107,41.7709,5.3896,6.0836,3867563.8242,3867563.8242
300352.SZ,20260107,,7.554,36.5151,930787.0639,819584.1862
600248.SH,20260107,12.017,0.4607,0.0975,1331345.7618,1319243.1858
605066.SH,20260107,30.7683,2.1148,1.3075,377553.0935,375819.9775
301502.SZ,20260107,76.6201,3.046,5.8976,253222.406,104631.932
003018.SZ,20260107,36.4857,2.717,5.2421,432900.0,163134.9101
301601.SZ,20260107,95.4603,3.1368,7.7178,398120.32,89577.072
603556.SH,20260107,18.5619,2.3731,3.7423,1750064.7478,1750064.7478
002727.SZ,20260107,84.8943,1.0468,0.4399,765970.1955,519684.6624
002959.SZ,20260107,19.0775,2.3664,1.27,674444.5249,651394.5181
688435.SH,20260107,,3.7622,20.2842,413408.5,233600.9338
001270.SZ,20260107,240.94,14.8518,52.4226,2187085.2145,2159333.8418
002159.SZ,20260107,21.7135,1.8525,4.2183,270916.4246,211586.0763
688127.SH,20260107,52.6815,7.9541,12.5288,1627243.8793,1627243.8793
603192.SH,20260107,30.2868,2.3691,1.5326,377633.7669,371378.8281
603893.SH,20260107,77.1949,18.6264,19.1711,7894956.5154,7892743.3074
688257.SH,20260107,46.3821,4.2491,4.2678,980102.221,980102.221
300340.SZ,20260107,,,1.8014,346873.0262,344289.9951
000880.SZ,20260107,60.2495,6.6574,2.4383,1369745.6245,670410.1404
605286.SH,20260107,30.3422,3.1333,3.0129,665280.0,665280.0
603291.SH,20260107,54.5617,2.5051,3.7973,443958.4136,136310.2878
301522.SZ,20260107,129.8135,7.7834,6.057,1472592.0013,1114410.0013
688189.SH,20260107,,2.6521,24.0927,229672.8,229672.8
002429.SZ,20260107,28.0055,2.0998,1.9076,3445001.8019,3443017.4267
000869.SZ,20260107,50.6432,1.3199,4.259,1361144.3051,942520.9949
001367.SZ,20260107,27.5006,2.3716,6.6722,340504.932,88724.3617
603166.SH,20260107,35.4553,3.9659,5.1961,1013671.5221,1005923.5721
600156.SH,20260107,,8.3181,3.4987,328524.4435,328524.4435
002549.SZ,20260107,268.3583,7.8008,25.0274,1613207.1303,1606274.1003
002373.SZ,20260107,,1.7578,2.8345,2011579.5977,1753677.3224
603860.SH,20260107,46.0176,2.5244,8.0222,201773.68,201773.68
002003.SZ,20260107,18.5339,2.6631,2.5882,1223367.4529,1043037.3793
603230.SH,20260107,18.3761,1.6048,2.6279,448620.687,448620.687
301289.SZ,20260107,53.6637,4.7394,14.0521,468390.0,465700.3605
000920.SZ,20260107,24.7405,3.0568,3.0353,598338.3354,598309.8504
300019.SZ,20260107,27.934,3.219,2.3412,860925.573,739207.9922
300024.SZ,20260107,,6.6441,7.2695,2854125.1689,2807286.746
920061.BJ,20260107,383.8609,7.7007,20.7168,213856.59,111065.2524
300772.SZ,20260107,34.9961,2.3813,0.5879,1572908.5623,1394945.9761
600392.SH,20260107,44.8347,3.0591,2.9765,4043770.897,4043770.897
600475.SH,20260107,35.2531,2.3259,2.341,1999880.3051,1972516.9451
688543.SH,20260107,66.0133,5.5314,10.4486,1270386.0563,705397.0163
000898.SZ,20260107,,0.5224,0.2415,2389151.4208,2029123.2741
600546.SH,20260107,17.1404,1.2904,0.9217,2113298.2452,2113298.2452
301231.SZ,20260107,,3.1425,8.2395,264256.4,168758.5518
301551.SZ,20260107,44.8702,5.3952,21.5383,1299232.48,501990.4826
600961.SH,20260107,17.6135,5.109,0.8741,1872162.8667,1311912.6345
603596.SH,20260107,26.1398,4.7243,2.9503,3456505.1632,3456505.1632
301137.SZ,20260107,194.0815,7.0244,5.5144,963065.5798,963065.5798
605122.SH,20260107,,1.0789,1.8594,216476.624,216476.624
301012.SZ,20260107,105.8289,4.6663,3.8558,544200.9276,544200.9276
600828.SH,20260107,,1.5077,4.3913,1059973.3182,1059592.4308
600165.SH,20260107,,,13.5059,659280.5802,299028.7676
000682.SZ,20260107,21.6042,2.9757,2.0264,1637027.6755,1636820.0225
920110.BJ,20260107,30.5882,4.0254,7.3052,143715.0,59840.715
688565.SH,20260107,53.6511,3.5391,4.1517,174135.99,174135.99
600515.SH,20260107,183.5465,2.4168,12.4872,5689804.1818,4569654.229
300148.SZ,20260107,55.6923,3.661,7.3924,377565.1457,364755.2814
603878.SH,20260107,106.4984,1.7068,1.9568,446104.3149,446104.3149
002443.SZ,20260107,24.3062,1.2239,0.9539,418510.5581,417618.9639
301141.SZ,20260107,183.4222,5.6734,10.1874,725218.6414,260265.2014
300886.SZ,20260107,67.0616,3.3605,5.4066,195222.78,113916.843
600050.SH,20260107,17.0469,0.9577,0.4111,16132443.4687,15875682.2815
300149.SZ,20260107,,4.0201,4.7162,503939.5599,480247.6046
002197.SZ,20260107,,3.0978,7.9818,642009.2598,558030.0125
688270.SH,20260107,261.4149,12.6984,66.7081,2823982.7588,2823982.7588
300093.SZ,20260107,,,35.5233,874800.0,451980.0
600026.SH,20260107,19.5937,1.4434,2.8235,6552799.786,4166256.8976
002145.SZ,20260107,44.1754,1.5865,2.5562,1914756.108,1875623.0632
300310.SZ,20260107,,2.9302,2.3171,558971.5087,438658.5428
600338.SH,20260107,32.8927,3.3737,6.7335,1470049.9501,1470049.9501
300255.SZ,20260107,,38.6115,63.1253,5858094.0364,5849393.5264
002116.SZ,20260107,13.514,1.824,0.7039,482096.8407,476824.4596
000959.SZ,20260107,31.8239,0.7705,0.3751,3885238.6524,3768863.189
000027.SZ,20260107,17.0521,0.9605,0.7273,3144634.7345,3144634.7345
688685.SH,20260107,121.9575,9.4694,12.8497,799754.1785,799754.1785
688191.SH,20260107,122.108,8.6901,7.0534,738964.6803,738964.6803
603976.SH,20260107,170.5037,2.5537,4.6348,300895.4625,300895.4625
688063.SH,20260107,288.6481,1.6283,5.7158,1489085.2822,1489085.2822
002217.SZ,20260107,8.3573,12.3463,14.729,2311134.2688,1755224.2538
920689.BJ,20260107,42.4423,4.7928,4.1138,233118.4,120467.6396
000532.SZ,20260107,24.6406,3.5169,10.3094,551533.344,549679.5936
002326.SZ,20260107,,8.6863,4.4811,2365551.3653,2066462.6704
002808.SZ,20260107,,5.4197,6.1906,141388.8,86793.1181
603903.SH,20260107,,2.0708,3.0204,323745.1006,323745.1006
300086.SZ,20260107,,4.9384,11.9064,518386.7041,501937.3926
600298.SH,20260107,26.1355,3.3595,2.4196,3888543.5501,3840034.1101
600509.SH,20260107,90.5019,1.4991,1.3785,1165489.0011,1165489.0011
920020.BJ,20260107,22.9418,3.4781,1.523,386745.0,69614.1
002224.SZ,20260107,411.454,1.2413,3.9367,402343.8805,359645.6446
001389.SZ,20260107,39.1149,9.7462,7.2603,3549382.375,1260355.0455
600841.SH,20260107,,2.7208,1.5926,860449.5061,646675.1801
300968.SZ,20260107,243.1838,3.2268,4.7796,612215.78,612215.78
300634.SZ,20260107,50.5381,4.012,6.5567,1169087.4419,1125979.9385
300295.SZ,20260107,,2.1515,24.7051,242515.9402,214265.6108
688370.SH,20260107,118.8605,1.3681,6.4664,361416.369,115322.6698
301106.SZ,20260107,32.4778,2.4409,3.436,312267.1654,312267.1654
300126.SZ,20260107,,2.3949,5.3356,250157.1048,173367.1754
920578.BJ,20260107,316.9827,7.4679,9.3582,200375.2341,60260.0
301093.SZ,20260107,155.7682,3.6295,13.0441,788988.8033,754067.8268
600827.SH,20260107,67.0233,0.8204,0.648,1627161.3227,1463258.327
300718.SZ,20260107,100.8087,14.9087,20.1796,2497195.1327,1620131.7118
600330.SH,20260107,769.0266,2.0934,5.6528,1678704.2402,1678704.2402
300378.SZ,20260107,82.17,5.6596,5.4334,1288784.9852,1279234.8467
000708.SZ,20260107,14.2349,1.9739,0.7483,7999745.4379,7999745.4379
603501.SH,20260107,37.6821,5.7488,5.4777,15668810.0823,15668810.0823
603399.SH,20260107,,3.4874,1.1366,578376.1427,578376.1427
301616.SZ,20260107,20.767,2.9039,4.2941,414640.0,103660.0
603288.SH,20260107,32.6182,5.6502,7.9447,22348119.4611,21235933.4775
300158.SZ,20260107,,1.652,2.0484,597366.4397,596995.2381
688017.SH,20260107,384.5391,9.9806,67.5418,3499405.426,3499405.426
002626.SZ,20260107,25.6076,2.7894,3.5256,1234507.9765,1234320.7565
600816.SH,20260107,445.3017,2.0285,,2815512.2006,1564173.4448
688670.SH,20260107,,2.1742,22.2172,258966.4,258966.4
301179.SZ,20260107,45.4657,2.7156,5.3418,658779.9299,386896.3764
002909.SZ,20260107,5144.5425,3.0809,2.3743,276900.0,270103.4419
688638.SH,20260107,,2.4313,3.5683,207704.0,98143.9306
002043.SZ,20260107,15.0514,3.4288,1.2185,1101913.9494,977569.6906
688563.SH,20260107,49.3283,2.5804,9.6895,2689200.0,699126.2222
000833.SZ,20260107,33.3471,4.2517,5.685,1659508.1152,938709.4918
600833.SH,20260107,41.9946,2.4966,1.3896,289789.1648,289789.1648
603680.SH,20260107,26.062,2.3993,2.6432,1315080.091,1315080.091
002188.SZ,20260107,77.2253,6.3135,5.1575,204767.0189,161109.2424
000778.SZ,20260107,44.0344,0.6448,0.4651,1688315.6534,1658675.9413
300094.SZ,20260107,,4.3178,1.4923,444497.8977,435573.8552
300862.SZ,20260107,,2.1362,7.9383,425175.0283,348837.7291
000692.SZ,20260107,,,0.8805,184360.2097,184360.2097
600299.SH,20260107,23.342,1.3977,1.6274,2781040.6691,2421756.8495
688408.SH,20260107,30.3138,2.3197,1.1721,987110.8823,987110.8823
300596.SZ,20260107,20.5252,2.1725,1.7461,1035584.6982,1005932.0074
920092.BJ,20260107,,7.3015,12.943,271164.1296,139060.1066
920185.BJ,20260107,37.5529,3.0946,2.3578,3855498.1796,3793371.6497
688529.SH,20260107,,1.8035,2.6726,319534.3107,319534.3107
688616.SH,20260107,23.2508,2.6034,4.2496,221173.4007,221173.4007
603289.SH,20260107,28.6109,2.0545,2.5937,299256.8228,299256.8228
000029.SZ,20260107,,6.1086,20.3872,2237791.92,1972351.92
002016.SZ,20260107,34.1152,0.9577,3.2342,469275.4666,469275.4666
300760.SZ,20260107,28.3142,6.4668,7.3634,24354310.2813,24353591.6689
301603.SZ,20260107,28.2449,4.0198,3.8389,935406.96,292275.945
301216.SZ,20260107,,1.6928,0.621,1025773.5155,969433.7504
601899.SH,20260107,21.4321,5.8172,2.9818,97637500.0901,75646479.6101
002887.SZ,20260107,24.0724,1.2465,5.837,285486.2031,181562.7479
002392.SZ,20260107,27.6061,1.7071,1.4514,984535.9239,945989.9037
300573.SZ,20260107,28.5325,9.8256,7.6575,1843785.721,1418073.4634
002713.SZ,20260107,,,14.0199,989461.3914,547560.8642
000963.SZ,20260107,18.5758,2.8462,1.594,6868746.424,6866217.9607
600715.SH,20260107,,7.9888,25.9914,897227.6235,632584.2653
300650.SZ,20260107,68.2087,2.9375,1.3863,372413.191,290609.1517
301370.SZ,20260107,58.626,2.2982,0.7978,576014.4,396268.2387
688173.SH,20260107,,4.4874,7.1192,653178.6677,646029.5894
002511.SZ,20260107,42.1219,1.9487,1.2325,1068979.9626,1051498.3103
300061.SZ,20260107,,13.2063,14.9335,691943.3609,653278.1903
603367.SH,20260107,16.7854,1.3633,2.3215,827181.7937,827181.7937
002966.SZ,20260107,6.8571,0.7476,2.9644,3679354.8351,3618089.9028
000758.SZ,20260107,25.1295,2.3045,1.5426,1373403.5517,1363555.4508
920106.BJ,20260107,32.1578,7.8697,10.2155,455238.114,351159.8386
920225.BJ,20260107,46.668,6.8281,9.7712,487749.3096,318131.8178
688379.SH,20260107,33.2234,4.7372,2.2389,531144.2259,531144.2259
300169.SZ,20260107,,,4.3475,201784.3065,186774.4491
603721.SH,20260107,,5.6299,9.4393,258960.0,258960.0
300171.SZ,20260107,73.8711,1.6269,2.4451,1277401.1707,938512.4681
301203.SZ,20260107,20.6153,1.864,8.5738,265680.0,145600.9425
301087.SZ,20260107,31.0488,2.1082,3.1727,993723.029,924033.0741
300959.SZ,20260107,373.2788,7.1279,11.0784,799579.2422,520882.0738
688661.SH,20260107,255.3982,7.9784,11.2928,987574.6447,987574.6447
600166.SH,20260107,30.3792,1.5049,0.4029,2311880.9072,2311880.9072
002955.SZ,20260107,118.8354,2.1394,2.1861,703293.8185,583343.5299
301097.SZ,20260107,240.5461,2.6476,6.3309,312892.6293,153652.6293
601838.SH,20260107,5.1768,0.8126,2.9325,6891695.8889,6879700.6299
002456.SZ,20260107,,9.2723,1.6787,3656420.6451,3607686.5368
000802.SZ,20260107,,4.17,6.9535,325018.7158,324821.2258
301225.SZ,20260107,113.5231,10.2685,16.0333,1574994.3,455252.27
301170.SZ,20260107,25.5651,1.6259,2.5952,287200.0,96428.6206
002207.SZ,20260107,,61.1025,6.6224,216457.7422,215430.6294
600784.SH,20260107,23.4391,1.4995,1.4893,489172.2485,489172.2485
601996.SH,20260107,,0.9935,1.4321,253326.658,253326.658
001212.SZ,20260107,,5.5945,23.6485,1070913.8363,926439.8502
688296.SH,20260107,,2.2688,3.8341,144152.6098,143477.2618
002673.SZ,20260107,18.8993,1.2268,5.4789,3624830.7628,3332544.0538
603926.SH,20260107,38.9008,2.291,1.6418,395732.2061,389193.8981
002448.SZ,20260107,26.6802,2.1245,2.1331,791999.3835,613153.3525
300347.SZ,20260107,84.8158,2.4518,7.913,5191987.0815,3414271.6622
600370.SH,20260107,,2.0283,0.4583,1001445.8384,1001445.8384
603690.SH,20260107,,2.5511,3.84,1279483.5593,1279483.5593
600783.SH,20260107,116.1926,4.2343,238.8845,2005303.938,2005303.938
920706.BJ,20260107,47.8362,3.9761,5.7117,232676.4069,106629.4187
600511.SH,20260107,10.876,1.2123,0.421,2187304.1912,1604151.2832
920066.BJ,20260107,40.7273,4.0127,3.2805,158516.0882,50120.5282
002660.SZ,20260107,,2.7565,2.5059,331305.5717,318634.6536
600288.SH,20260107,156.6493,3.5502,3.5323,675729.6,675729.6
603122.SH,20260107,,7.9709,11.3418,881288.5295,881288.5295
600079.SH,20260107,21.0223,1.5879,1.2423,3003295.7756,2839448.9368
920779.BJ,20260107,50.3985,6.1936,18.1663,289149.8139,72339.8924
688508.SH,20260107,39.8211,3.1124,7.4374,843931.5937,843931.5937
002903.SZ,20260107,1189.9022,4.4744,7.4371,363225.964,247198.8194
300952.SZ,20260107,70.7505,4.3626,5.7822,739016.6305,448704.5882
000948.SZ,20260107,145.4899,2.6438,0.662,709987.4575,708602.6179
603889.SH,20260107,12.9748,1.5715,1.162,565206.8769,560934.0873
002438.SZ,20260107,27.1291,2.2276,3.8085,817642.8497,755366.7545
301155.SZ,20260107,53.6275,3.0395,4.4095,1748044.8746,991850.885
300786.SZ,20260107,,2.8807,5.9912,319819.5977,254334.0866
301166.SZ,20260107,,1.317,2.503,266846.6708,175252.5788
920128.BJ,20260107,79.4218,4.6645,4.0359,240484.78,113252.07
920970.BJ,20260107,,3.1394,6.9184,86978.628,55005.9705
601997.SH,20260107,4.2156,0.3409,1.6036,2153500.6668,2153500.6668
600201.SH,20260107,177.7569,3.2749,13.4962,1791025.7477,1791025.7477
002399.SZ,20260107,42.2516,1.4353,3.284,1775428.4068,1509114.0618
000630.SZ,20260107,42.2764,2.2052,0.4852,7817721.8903,6496375.6754
002899.SZ,20260107,58.5643,2.4399,3.6216,424916.306,424916.306
002780.SZ,20260107,,3.0742,2.6314,232994.6536,184088.3284
000999.SZ,20260107,17.312,2.3468,1.6005,4779633.6882,4775257.1766
688160.SH,20260107,208.3139,10.0413,19.2728,1271650.884,1176000.0
600713.SH,20260107,13.5649,1.0332,0.1336,719912.3965,706950.7181
002213.SZ,20260107,,12.0452,5.9885,674457.1728,587128.377
603071.SH,20260107,11.4874,1.3405,0.1856,756028.2689,756028.2689
000531.SZ,20260107,16.3822,1.0016,1.6708,691490.4844,604071.004
920169.BJ,20260107,77.4549,8.0328,13.0745,266721.0971,167701.3731
301578.SZ,20260107,77.8632,3.0041,3.257,279657.8619,79519.0968
300111.SZ,20260107,1295.6733,11.9616,27.1536,822527.6462,822527.6462
300607.SZ,20260107,,5.3862,6.6019,1534420.2494,1068202.9327
002011.SZ,20260107,11.9588,2.1715,1.066,1392781.5721,1191340.3912
601998.SH,20260107,5.8707,0.5817,1.9794,41177420.0754,30164619.4724
002413.SZ,20260107,,6.5725,14.8775,2200689.6684,2160735.6774
300145.SZ,20260107,36.1884,3.0828,1.7787,906664.9114,902398.055
002690.SZ,20260107,26.4422,6.967,7.8233,1898569.8276,933868.8251
002244.SZ,20260107,9.5407,1.0617,0.3361,3155004.1045,2723501.9561
300753.SZ,20260107,,6.5843,11.7606,447722.496,312241.2631
300777.SZ,20260107,42.5554,3.948,18.3166,1765865.4686,1701238.8882
301519.SZ,20260107,,1.5379,3.3918,217571.3151,101591.5426
301060.SZ,20260107,,2.5081,2.5961,395710.796,355862.3423
688432.SH,20260107,88.0755,3.8302,17.6568,1711663.2436,1711663.2436
000990.SZ,20260107,85.3791,0.5528,0.8567,987988.116,987987.3843
301198.SZ,20260107,,2.4188,4.9756,221052.0,203465.1029
920718.BJ,20260107,21.9208,2.4093,1.1469,141893.3855,66894.8592
600676.SH,20260107,,1.1986,1.3243,615038.7805,615038.7805
300686.SZ,20260107,,4.2824,2.5043,403185.6683,262531.9055
688055.SH,20260107,,3.0105,4.617,1236666.6914,1236666.6914
002119.SZ,20260107,64.9915,4.4831,3.1898,651117.74,651117.74
000652.SZ,20260107,133.3345,1.0876,0.3323,622692.1655,622223.1155
300231.SZ,20260107,,2.8919,2.7413,470060.7233,470036.5851
688247.SH,20260107,46.2582,3.5169,9.4918,456060.04,456060.04
605488.SH,20260107,71.1153,6.1945,3.3224,950784.3869,937121.4545
300412.SZ,20260107,89.2306,2.7054,2.0562,279241.4734,262470.3834
301622.SZ,20260107,47.87,4.9776,5.7025,776859.5279,420955.3257
603056.SH,20260107,211.6158,1.7572,0.3334,1411424.497,1411424.497
301196.SZ,20260107,37.5788,3.0082,4.6106,995789.1512,990389.3124
300026.SZ,20260107,,1.2485,1.9644,1078491.5865,983131.7236
002973.SZ,20260107,29.3709,2.2958,1.5453,578261.9273,440818.3474
688210.SH,20260107,301.34,6.5052,9.8851,853805.3124,853805.3124
300932.SZ,20260107,52.5049,2.2365,1.697,392447.5015,279520.3963
688807.SH,20260107,181.8321,9.251,34.5474,1609600.0,302517.3987
300586.SZ,20260107,,4.2012,4.6132,788028.0427,592332.8865
688107.SH,20260107,,10.9343,21.3882,1120373.9808,1120373.9808
002767.SZ,20260107,89.1244,3.9303,5.1014,334500.0,290342.7018
603863.SH,20260107,,10.8135,7.6358,393746.6,393746.6
002139.SZ,20260107,32.2061,2.4583,1.5816,1738087.9733,1492987.8619
688297.SH,20260107,527.524,5.7746,17.7414,3306150.0,3306150.0
300503.SZ,20260107,148.6254,13.6695,12.4005,1837648.0922,1436693.5402
920060.BJ,20260107,39.3683,4.8717,4.4164,511934.3803,319273.3238
300817.SZ,20260107,70.0746,4.4236,4.9623,450567.5674,258539.2262
300955.SZ,20260107,,4.4874,3.6074,393825.6,393825.6
601616.SH,20260107,176.8191,1.3892,3.8312,338055.4263,338055.4263
301022.SZ,20260107,74.8961,2.3133,4.1603,327601.2269,219860.8496
003039.SZ,20260107,37.78,3.6589,4.7957,1029403.7229,1029403.7229
002553.SZ,20260107,27.737,5.9703,11.2805,955619.6639,678163.2
920284.BJ,20260107,,13.7365,23.8067,431716.8574,279180.7378
603286.SH,20260107,,9.743,7.6335,819540.9943,805710.9352
600764.SH,20260107,85.3886,2.4091,6.1709,1990472.9102,1990472.9102
300632.SZ,20260107,187.9129,2.596,5.945,464181.244,336461.2587
002093.SZ,20260107,55.0625,3.1056,21.0578,1191872.5,1191872.5
300198.SZ,20260107,,142.1637,31.2042,263044.8777,261685.2103
300183.SZ,20260107,,2.2616,7.3906,699927.6243,615090.6505
003019.SZ,20260107,32.7103,3.5582,2.6801,593032.0479,573213.2241
601928.SH,20260107,13.0275,1.2844,1.9292,2547444.9,2547444.9
002269.SZ,20260107,,25.5297,9.8984,479887.5,479887.5
603887.SH,20260107,,2.4349,3.4676,869330.4839,859583.4839
300591.SZ,20260107,,15.1713,7.4319,385390.0882,332922.5857
300057.SZ,20260107,,1.0183,0.8915,527872.2837,426386.1444
002769.SZ,20260107,,3.6542,6.3138,432302.3065,431945.8463
600609.SH,20260107,22.2771,3.8268,1.4154,602706.0538,602706.0538
920717.BJ,20260107,193.8977,2.2866,8.342,129015.0,49815.0
600075.SH,20260107,138.0907,1.0114,0.7989,904902.8061,904902.8061
002377.SZ,20260107,,6.1043,2.9541,270315.9343,257342.8432
002911.SZ,20260107,18.0063,3.331,0.4839,1586637.7332,1548320.4384
300349.SZ,20260107,24.7417,1.501,2.0893,666289.6609,590580.586
300482.SZ,20260107,36.0853,1.7359,3.6376,936169.818,860797.152
002557.SZ,20260107,28.8825,2.1769,1.6437,1130080.4878,1127663.9141
603406.SH,20260107,35.3246,3.5878,4.4196,1600040.0,142159.592
300053.SZ,20260107,,7.5724,61.0211,1288520.6232,1203364.1979
001258.SZ,20260107,126.4956,2.2232,6.767,674800.0005,674792.9512
603628.SH,20260107,40.2386,2.746,1.6192,368416.8319,367158.6196
600459.SH,20260107,25.2784,2.166,0.288,1604712.6501,1604499.6169
600962.SH,20260107,95.4012,5.7598,2.3828,543036.91,543036.91
601985.SH,20260107,23.3565,1.5856,2.237,18326089.8479,16825006.8165
600642.SH,20260107,9.7185,1.0526,1.3721,3866322.707,3866112.3932
000906.SZ,20260107,21.4473,0.8878,0.0187,422249.5915,417237.6596
600979.SH,20260107,38.4928,1.2175,1.8525,565222.3333,552052.3859
002787.SZ,20260107,42.7918,2.2391,1.7826,417965.219,312822.5622
000768.SZ,20260107,73.2094,3.5994,1.7582,7848402.6784,7824632.3685
688586.SH,20260107,335.3424,4.2368,11.1384,1045359.0251,1045359.0251
600436.SH,20260107,42.4325,7.0944,10.4983,10267252.2798,10267252.2798
601788.SH,20260107,22.1796,1.4011,7.3003,8308639.3255,7039871.3079
688795.SH,20260107,,25.2091,307.2111,29026122.5126,1814479.865
300509.SZ,20260107,46.5346,7.3483,3.7994,453788.4,378315.4937
600707.SH,20260107,64.0098,1.1466,2.2102,2497519.2535,2497018.1335
920087.BJ,20260107,107.0742,5.1658,7.1133,268615.2,266738.9993
600153.SH,20260107,13.3001,0.4863,0.0388,2708169.0066,2708169.0066
603839.SH,20260107,,1.7435,1.4316,315896.014,315896.014
002698.SZ,20260107,33.7246,4.1946,5.8615,1664730.1367,1368397.2136
300671.SZ,20260107,,4.466,9.5392,741644.641,739489.9646
000678.SZ,20260107,,8.6462,4.4795,689417.6955,689417.6955
002321.SZ,20260107,,5.4177,1.0566,503362.0568,501314.0518
002872.SZ,20260107,,0.7895,3.0003,154866.0,104665.1313
688696.SH,20260107,31.749,2.6395,2.2097,762370.0,762370.0
301190.SZ,20260107,67.1576,2.3995,7.4412,469195.389,348347.844
002156.SZ,20260107,61.7162,4.0068,2.2598,6082528.4233,6081948.5058
920190.BJ,20260107,119.6313,3.2594,0.8648,279700.0028,275994.1176
000062.SZ,20260107,84.4418,3.8985,1.114,2599084.6652,2596648.565
300556.SZ,20260107,,5.2398,4.3078,232431.5095,204602.0397
600189.SH,20260107,531.271,4.0392,3.7794,499208.0728,499208.0728
688136.SH,20260107,54.0306,3.9583,4.4743,678438.1898,678438.1898
601121.SH,20260107,73.2958,1.9506,4.4914,613600.0,291460.0
600995.SH,20260107,27.3899,1.8502,5.9478,4148415.5349,4148415.5349
300233.SZ,20260107,71.5072,1.5144,1.9812,552779.4053,535254.2107
688579.SH,20260107,67.8039,3.1702,7.9249,437210.93,437210.93
300701.SZ,20260107,57.9523,3.802,8.4292,370100.2708,326100.4663
300847.SZ,20260107,44.596,3.5026,4.3242,512689.32,512689.32
002153.SZ,20260107,,4.3527,10.5894,3029405.1635,1775737.8224
002410.SZ,20260107,60.3768,3.5342,3.4441,2102925.1474,2021627.2136
603217.SH,20260107,25.8317,1.5578,2.4272,523340.314,523340.314
600308.SH,20260107,,0.6441,0.4585,591579.3686,591579.3686
605188.SH,20260107,1742.6349,8.8212,3.7521,1040886.812,1040886.812
920005.BJ,20260107,48.1536,5.4344,7.8358,347936.0,79648.0
000656.SZ,20260107,,,1.3285,1552575.9183,1111081.8644
002931.SZ,20260107,369.9355,9.7039,18.0459,922094.7123,849289.8882
600391.SH,20260107,285.1979,7.2742,2.958,1276940.3916,1276940.3916
300065.SZ,20260107,357.6962,7.6945,19.0539,1352885.925,1231671.1256
600698.SH,20260107,2303.2216,12.4809,19.5089,961773.9588,747406.5669
002836.SZ,20260107,64.6441,9.755,8.5885,368409.6,368409.6
300673.SZ,20260107,32.5075,2.4841,3.216,458346.2231,298327.2162
603009.SH,20260107,155.1111,9.3314,7.032,1602244.3531,1601689.655
600662.SH,20260107,10.4064,2.2815,0.4611,1150862.517,1147341.4404
002562.SZ,20260107,70.2062,2.0932,2.1592,770261.9721,472830.3997
300459.SZ,20260107,,8.4416,18.2052,1768452.9023,1653458.3074
002180.SZ,20260107,,3.1397,1.3997,3012961.4378,2892638.0023
300833.SZ,20260107,30.1721,2.2152,5.0237,535813.758,344198.1709
600218.SH,20260107,50.1077,1.3935,1.0648,453459.5157,453459.5157
601106.SH,20260107,,5.8126,3.2115,3065428.9684,3065428.9684
002598.SZ,20260107,89.9847,2.3272,1.4088,285523.1377,257521.0505
688197.SH,20260107,,8.6879,2653.588,568405.3289,244626.659
688478.SH,20260107,,3.5815,18.8857,549866.8655,410949.2179
600785.SH,20260107,23.3893,1.3712,0.515,312273.6915,312273.6915
603123.SH,20260107,,6.6022,5.3793,1206891.1008,985588.9589
600633.SH,20260107,29.2618,1.6396,5.4313,1672590.2286,1672590.2286
003038.SZ,20260107,99.7921,1.2952,0.4537,388694.7452,263969.1696
301301.SZ,20260107,25.642,3.0275,5.0645,2399571.46,664733.8161
688292.SH,20260107,,4.5395,12.3078,460478.2173,293216.6876
603912.SH,20260107,,2.7005,5.6687,473028.8657,473028.8657
688276.SH,20260107,,2.0371,11.8997,806218.6585,806218.6585
002901.SZ,20260107,37.8262,6.1397,8.2519,2048568.5157,1427381.2173
002544.SZ,20260107,2315.5536,6.506,5.1666,2430867.0551,2430635.4323
603330.SH,20260107,,2.041,3.0958,311525.0273,311525.0273
601375.SH,20260107,43.5641,1.4397,11.1966,2056797.9221,1527251.2271
000779.SZ,20260107,18.6948,0.982,1.92,388132.5924,388086.9096
301024.SZ,20260107,,5.6533,16.4511,226044.675,218845.8
300063.SZ,20260107,52.5233,3.8555,0.9654,670538.0006,553874.1276
002864.SZ,20260107,30.7539,2.2008,3.374,370601.7075,258703.0685
300055.SZ,20260107,120.9955,1.2989,2.5555,671073.184,507426.3175
603983.SH,20260107,38.7563,4.169,3.8749,1343751.0,1343751.0
688517.SH,20260107,26.3958,2.7733,3.1097,221859.8108,221859.8108
300494.SZ,20260107,,4.2546,5.0166,612647.0849,497536.7369
300010.SZ,20260107,124.3122,8.2291,15.033,1467294.9879,1180966.1332
688286.SH,20260107,92.9003,4.2838,7.2529,458942.7034,458942.7034
603179.SH,20260107,45.45,5.8008,2.7551,4152555.009,4152555.009
002414.SZ,20260107,822.4548,10.0353,17.6774,6952758.3838,5532941.0377
002021.SZ,20260107,,5.1692,3.8652,321583.3999,321572.7927
002755.SZ,20260107,62.1448,4.9755,8.7275,1594579.483,1594564.4076
300278.SZ,20260107,713.0093,4.8091,3.6291,852903.9048,850239.108
688069.SH,20260107,,2.095,5.9062,260578.0,260578.0
688695.SH,20260107,247.9317,3.0165,12.6107,235252.1115,141810.5906
688601.SH,20260107,121.6326,5.3043,8.8127,658302.8548,658302.8548
603315.SH,20260107,101.6777,2.8351,4.0775,481510.4948,481510.4948
688299.SH,20260107,,2.4514,4.4698,510409.7797,510409.7797
300975.SZ,20260107,57.7104,4.0205,1.1342,915778.4701,655933.6942
300941.SZ,20260107,109.5913,3.664,20.2903,467239.5,242549.4419
920896.BJ,20260107,35.8641,4.9615,5.0645,213077.0252,93257.1519
600426.SH,20260107,21.8465,2.1917,2.1631,7051213.6134,7038715.2092
002942.SZ,20260107,36.8288,2.596,3.0585,319197.0406,281003.6081
002040.SZ,20260107,28.6694,1.4386,4.7227,485995.1971,484131.1432
688185.SH,20260107,,3.3384,16.9402,1646299.8899,762181.0123
300006.SZ,20260107,,2.992,7.1351,550129.7378,550082.6879
300694.SZ,20260107,83.2969,1.8719,1.8713,261135.6623,261135.6623
002822.SZ,20260107,,5.5051,7.2498,760867.458,417530.2435
688165.SH,20260107,,8.0682,11.4435,1210007.82,1210007.82
600791.SH,20260107,,5.2687,0.5169,207871.92,207611.9865
301446.SZ,20260107,40.0716,2.9704,6.5299,350584.0,107103.412
920045.BJ,20260107,86.2452,23.4101,11.1987,2341661.2512,692387.204
002721.SZ,20260107,,4.0304,12.647,827066.7493,827066.7493
603583.SH,20260107,39.7633,3.1021,3.5606,1466701.1709,1453302.9229
600108.SH,20260107,67.084,1.4756,1.472,636641.2446,636641.2446
600583.SH,20260107,12.2468,0.9175,0.9106,2475958.688,2475958.688
603308.SH,20260107,79.9126,5.7556,10.3697,2824791.5946,2824791.5946
688135.SH,20260107,,5.5617,10.6438,608121.7134,608121.7134
300626.SZ,20260107,,5.2731,3.4693,279000.0,278847.3638
688583.SH,20260107,71.3846,7.4698,23.1056,853060.0,170612.0097
600523.SH,20260107,35.7315,2.038,2.5226,638003.263,637582.4104
603895.SH,20260107,,16.8346,7.3012,326185.44,326185.44
002602.SZ,20260107,35.8219,4.6586,3.933,13495719.3316,12445002.371
002631.SZ,20260107,,2.1434,3.8195,468802.334,466620.543
301091.SZ,20260107,158.0212,5.98,11.7276,1415746.8,1415746.8
002015.SZ,20260107,25.6114,1.3394,1.6235,1652544.4571,1652544.4571
688200.SH,20260107,55.9649,7.3224,23.2258,2841589.5954,2841589.5954
301261.SZ,20260107,172.9478,5.8087,8.2788,894282.7443,381392.7912
002643.SZ,20260107,57.4761,2.0437,3.9159,1471197.0047,1449417.1386
001211.SZ,20260107,84.6562,2.2242,1.2619,192240.0,178880.8553
002466.SZ,20260107,,2.3036,9.3521,9722439.0793,8742751.9574
603005.SH,20260107,54.7789,4.1318,13.7144,1873689.3113,1873689.3113
002956.SZ,20260107,38.4856,3.8672,2.7971,603882.8239,603821.7342
600975.SH,20260107,296.3211,2.4468,1.0309,738550.0883,738550.0883
000710.SZ,20260107,,2.5538,4.3948,413620.1141,385550.0099
300147.SZ,20260107,,8.5639,4.0324,593167.3034,589686.3226
603380.SH,20260107,28.1607,4.0733,2.6726,623314.062,623314.062
002753.SZ,20260107,39.32,1.156,0.7802,307360.8325,174094.9464
002655.SZ,20260107,55.707,6.1894,3.3709,465755.1005,465627.7841
600585.SH,20260107,13.6243,0.6299,1.4247,11992321.7363,9051326.9363
300451.SZ,20260107,,1.8457,7.1228,794700.967,783193.904
301358.SZ,20260107,65.9683,4.0192,1.6481,4935327.2511,2504748.7893
605369.SH,20260107,41.7467,2.4862,3.795,426653.8563,426653.8563
002364.SZ,20260107,170.4367,6.7793,7.4507,1639974.0336,1624081.9416
300747.SZ,20260107,123.5652,5.1493,5.0568,1696032.0,1538006.3988
002613.SZ,20260107,,1.8796,2.7202,410512.1221,288051.6887
300711.SZ,20260107,66.0202,7.8812,9.0905,583308.3886,581567.1482
003007.SZ,20260107,144.6539,4.7293,9.1295,377955.84,266846.9048
603337.SH,20260107,24.3122,4.3339,3.3464,2126294.9997,2114236.8663
300243.SZ,20260107,265.1336,2.4384,1.3092,261946.5688,203309.9395
688106.SH,20260107,98.3589,3.5492,3.8901,1049747.5547,1049747.5547
920300.BJ,20260107,,6.5922,13.674,137612.943,106650.2446
001379.SZ,20260107,58.4624,3.2376,2.3957,481000.0,161854.095
000426.SZ,20260107,46.9391,8.1702,14.7486,7482529.0041,7480715.8253
688235.SH,20260107,,16.1757,13.3016,47451270.8271,3542896.6212
002085.SZ,20260107,41.8248,4.6376,2.0999,3424878.8998,3424878.8998
600600.SH,20260107,18.217,2.6915,2.5913,8433454.238,4383816.5796
000568.SZ,20260107,13.6362,3.4702,5.7426,17239384.2707,17208040.8505
605388.SH,20260107,,2.632,3.2807,451563.968,451563.968
603618.SH,20260107,,2.1439,0.6255,581446.8931,581446.8931
600790.SH,20260107,67.127,0.9666,5.8187,559932.1345,559932.1345
603817.SH,20260107,18.9448,1.2776,3.0082,404189.5837,404189.5837
002620.SZ,20260107,,,3.9954,209886.664,175340.3285
603228.SH,20260107,64.9572,6.1716,5.372,7877515.1315,7805031.0731
600100.SH,20260107,77.1085,1.8865,1.9211,3048770.9188,3048770.9188
600162.SH,20260107,,1.057,3.6372,611197.9288,611197.9288
920195.BJ,20260107,21.3851,2.7239,2.0179,217724.63,157155.7057
002889.SZ,20260107,39.0092,2.3867,1.544,598602.9431,398286.0165
000012.SZ,20260107,,1.0429,0.984,1381811.4482,881692.4691
301121.SZ,20260107,103.9192,2.3987,3.1261,398763.14,204137.2755
301056.SZ,20260107,57.2961,5.4321,7.1522,416453.9872,274729.4906
600278.SH,20260107,32.386,0.8802,0.1883,674862.6411,674862.6411
601098.SH,20260107,12.7123,1.2928,1.6144,2013316.0,2013316.0
000897.SZ,20260107,23.951,1.2107,2.5071,371972.6138,371965.5758
600567.SH,20260107,,0.6573,0.3706,1065959.6087,1065959.6087
920475.BJ,20260107,,5.0064,8.4957,176855.0,73538.8465
301280.SZ,20260107,32.7043,3.7098,3.8884,692381.0687,203126.1137
920023.BJ,20260107,322.6275,1.2355,2.8477,150887.144,123920.7323
301139.SZ,20260107,171.6423,1.168,2.0347,228085.5808,142889.5696
