ts_code,trade_date,pe_ttm,pb,ps_ttm,total_mv,circ_mv
603400.SH,20251105,35.0241,4.5134,4.0019,568300.0,111373.2972
300599.SZ,20251105,,1.4306,2.9348,283640.2011,168174.0261
000554.SZ,20251105,21.26,2.9992,1.0699,338478.4959,255307.8507
002038.SZ,20251105,92.7176,1.3643,13.4232,776676.6,644046.5826
000158.SZ,20251105,,7.2895,4.2104,3803109.1793,3777690.8132
002122.SZ,20251105,,2.815,5.8424,614460.6765,610383.26
300223.SZ,20251105,139.2347,3.4402,9.5816,4261799.6655,3714477.8611
301183.SZ,20251105,79.7289,8.1774,9.3029,762800.0,559008.2162
600177.SH,20251105,13.4017,0.8153,2.778,3490698.636,3490698.636
002160.SZ,20251105,116.9748,1.5813,0.701,588685.2652,452312.2699
301439.SZ,20251105,31.3084,2.1261,1.6473,629566.727,296493.523
002817.SZ,20251105,42.5572,2.5768,5.219,245858.6957,238412.3005
603876.SH,20251105,33.7972,1.7716,0.498,1295398.4949,1295398.4949
603611.SH,20251105,12.8129,2.0212,0.9251,634728.349,634728.349
688053.SH,20251105,,1.8162,15.2887,292200.0,292200.0
601229.SH,20251105,5.9323,0.6055,2.6135,14265835.5813,14265835.5813
603160.SH,20251105,47.2873,4.2501,8.4209,3935227.8643,3935227.8643
301217.SZ,20251105,3996.5898,5.0003,4.3262,2697616.5802,2697616.5802
300419.SZ,20251105,,6.6548,9.3062,287215.6944,287215.6944
301073.SZ,20251105,254.3298,4.5421,6.2912,427014.497,391282.182
603991.SH,20251105,,24.5553,15.1161,486639.0019,486639.0019
000803.SZ,20251105,40.4139,2.1312,2.167,312884.7187,308517.6004
688105.SH,20251105,,2.3842,6.8163,916380.3894,916380.3894
920101.BJ,20251105,33.8959,3.902,4.4323,399651.264,91487.1049
601868.SH,20251105,12.7465,0.9235,0.2178,10130952.7635,7880180.8155
600779.SH,20251105,37.6855,4.0579,5.4084,2042638.3996,2042638.3996
601456.SH,20251105,34.6444,1.175,9.1007,6112317.8593,2795107.7053
002664.SZ,20251105,193.5942,3.0431,1.7954,1073974.2,1059177.6875
603301.SH,20251105,94.8005,4.6693,6.1602,2662913.3128,2662913.3128
300377.SZ,20251105,,5.8732,11.4754,1480978.0738,1304847.1959
301590.SZ,20251105,43.9134,4.1982,5.6535,816060.0,158637.4397
000517.SZ,20251105,,1.1288,0.5721,649520.1869,508365.2289
002546.SZ,20251105,9.5213,1.7751,8.7057,665571.1786,639383.2126
300899.SZ,20251105,84.8368,2.8287,12.1752,188161.2247,120761.3947
600497.SH,20251105,28.5412,1.9455,1.529,3261126.1725,3261126.1725
002917.SZ,20251105,32.7412,2.9086,2.8767,488745.561,366232.1116
002916.SZ,20251105,55.4935,9.3106,6.9722,15068341.967,15029466.2832
002641.SZ,20251105,61.1959,0.9874,0.8624,538343.1155,496689.658
600576.SH,20251105,40.462,2.6237,7.1883,779311.2972,488028.2713
600775.SH,20251105,,3.7444,4.7619,1132245.9374,832407.9374
600127.SH,20251105,311.0416,6.465,1.0985,439621.5043,439621.5043
300092.SZ,20251105,62.9207,3.1523,5.0209,511962.5935,392240.0325
601011.SH,20251105,,1.437,12.8978,827567.0808,827567.0808
600710.SH,20251105,12.3159,1.8719,0.1309,1540657.5827,1540657.5827
688519.SH,20251105,109.0709,5.9614,3.6222,1659126.6711,1659126.6711
300818.SZ,20251105,86.125,2.7871,5.5178,504798.8586,327461.8943
300129.SZ,20251105,32.5143,1.7659,1.4498,810557.6341,576136.4792
600185.SH,20251105,,22.7509,2.4413,1302539.0043,1302539.0043
600798.SH,20251105,,1.2983,1.8399,506744.3644,506744.3644
300464.SZ,20251105,,25.1556,2.4328,349316.4029,271126.461
601528.SH,20251105,5.5167,0.5733,2.5042,1106659.0268,978233.4874
601588.SH,20251105,,0.868,0.9622,653201.88,516040.0
600738.SH,20251105,52.9253,2.1009,6.8351,428631.7379,428255.0683
301201.SZ,20251105,,2.2595,12.8495,481159.9926,337572.7854
603999.SH,20251105,57.6386,1.9794,4.7472,404928.0,404928.0
603967.SH,20251105,16.2476,1.7977,0.4525,420506.7192,420506.7192
600751.SH,20251105,118.7537,1.719,9.8148,1301802.6646,1155361.8843
000159.SZ,20251105,90.6625,1.4858,2.0942,302832.1756,302823.9068
688030.SH,20251105,,4.2398,3.4956,353075.8946,353075.8946
002418.SZ,20251105,,4.5049,2.2934,648884.4,648882.88
603660.SH,20251105,,5.2305,3.8465,512441.3075,508641.6928
920270.BJ,20251105,38.6629,4.6617,8.2308,190191.888,147491.2803
301189.SZ,20251105,,1.9051,4.8604,400403.8396,384447.0831
600778.SH,20251105,350.5619,9.3319,1.4569,214617.5415,214427.0537
688665.SH,20251105,32.4962,4.5631,4.8822,514833.1059,514833.1059
002622.SZ,20251105,,7.9537,3.8464,289800.0,289791.4613
300881.SZ,20251105,22.8748,3.8607,1.3914,422180.0,220325.1875
002120.SZ,20251105,17.2401,1.0469,0.4217,2130912.161,2069119.6724
920810.BJ,20251105,,6.3147,15.1439,146535.2,95358.7288
002542.SZ,20251105,,13.0626,6.6168,682712.127,664815.5454
300608.SZ,20251105,,2.9838,5.0483,398480.5976,345953.9436
300889.SZ,20251105,,3.5529,4.7675,519956.1359,345572.4374
688680.SH,20251105,,3.0139,2.651,373402.1716,373402.1716
603108.SH,20251105,,2.4392,1.36,1006931.2744,1006931.2744
002850.SZ,20251105,27.8799,3.6582,3.2562,4572001.9691,3291629.0011
002777.SZ,20251105,80.5241,4.7367,5.764,782987.1309,775853.0397
600817.SH,20251105,21.9523,2.6183,1.6894,622366.1718,617628.1518
600211.SH,20251105,14.71,4.0641,5.3054,1443345.3597,1443345.3597
688345.SH,20251105,,3.3415,1.3951,368892.2265,364700.0
002388.SZ,20251105,,3.1189,1.5298,305397.1648,302721.65
688788.SH,20251105,,5.6708,40.9001,1099062.1024,1099062.1024
002256.SZ,20251105,,5.7078,15.0652,646038.1081,632154.3092
002896.SZ,20251105,232.8141,14.1854,16.9606,1695401.0741,1695401.0741
000767.SZ,20251105,14.5002,1.5109,0.5931,947698.2035,896971.9023
600123.SH,20251105,470.7407,0.6375,1.0997,1007696.1744,1007696.1744
000631.SZ,20251105,80.179,1.3019,17.1635,764094.0278,764094.0278
300602.SZ,20251105,46.5091,4.3506,2.7742,1726970.6632,1173558.6951
002097.SZ,20251105,104.8122,3.0106,2.0154,1413121.7022,1410599.3678
603669.SH,20251105,,6.06,9.4969,408946.4724,408946.4724
300826.SZ,20251105,193.4751,2.2312,4.3535,300881.2317,290807.2591
688598.SH,20251105,,1.2823,8.915,637041.893,624773.5655
688266.SH,20251105,,23.4295,36.2679,2692082.2516,2692082.2516
603195.SH,20251105,19.48,4.9599,4.7293,7767884.12,7734127.6791
603200.SH,20251105,125.0717,13.1363,29.1398,1425951.317,1425951.317
920237.BJ,20251105,47.1073,5.0096,7.0576,256932.1872,251981.5181
601366.SH,20251105,277.9252,1.0644,0.5877,421323.0867,421323.0867
600588.SH,20251105,,7.0108,5.7715,5193836.0617,5193836.0617
002855.SZ,20251105,,13.0503,2.5995,426798.8892,426465.5658
002865.SZ,20251105,,2.733,1.7125,1272740.6262,978166.1952
002012.SZ,20251105,579.5418,1.8251,4.6772,281510.5329,281008.4065
000785.SZ,20251105,41.8623,0.885,1.4428,1824525.3025,1727994.885
001319.SZ,20251105,29.1958,2.9357,3.4209,393657.6,228288.2088
000715.SZ,20251105,28.4129,1.6423,4.2511,322639.4693,321779.0604
603535.SH,20251105,30.7303,2.1869,4.3868,575804.8508,575804.8508
300001.SZ,20251105,27.7479,3.9977,2.1787,3206723.5721,3133867.45
000887.SZ,20251105,19.1235,2.042,1.5237,2881796.0562,2877157.2609
605577.SH,20251105,23.9671,1.6392,4.216,651555.5564,651555.5564
603106.SH,20251105,56.9793,4.0831,11.9812,534053.52,534053.52
688568.SH,20251105,89.3389,8.1439,9.105,3149083.5201,3149083.5201
601101.SH,20251105,24.4706,0.9547,1.3411,1153438.3387,1153438.3387
000795.SZ,20251105,48.9219,4.5543,3.0597,1183566.2035,1183566.2035
603567.SH,20251105,,1.4796,6.7614,1078382.0062,1076713.4405
301188.SZ,20251105,87.6472,2.6879,4.1955,407371.6846,407371.6846
603939.SH,20251105,17.2566,2.5873,1.1748,2834631.9116,2834572.2552
300441.SZ,20251105,18.0546,2.1212,2.8894,523910.1007,509384.4679
301349.SZ,20251105,253.7131,1.7394,4.364,474300.0,227419.1729
603331.SH,20251105,34.3497,1.8471,1.6034,245036.8708,245036.8708
301248.SZ,20251105,3204.5466,2.6081,5.0741,398403.36,291155.9904
002565.SZ,20251105,141.1621,4.2911,6.2253,800291.6361,800257.6611
603345.SH,20251105,17.9768,1.6485,1.6169,2493334.5003,2194134.1496
600375.SH,20251105,21.456,3.6573,2.1861,1223143.453,829904.2349
601699.SH,20251105,39.0794,1.0076,1.5549,4711469.49,4711469.49
300667.SZ,20251105,,2.9528,4.6452,334579.9238,282250.825
688787.SH,20251105,590.5412,9.4794,21.5166,692533.0664,692533.0664
300755.SZ,20251105,,2.8397,1.2204,829428.816,828727.3012
600163.SH,20251105,19.2954,1.583,6.373,1099931.7707,1099931.7707
301063.SZ,20251105,45.0681,1.7079,1.4995,267789.6178,257746.0474
688757.SH,20251105,139.3685,12.8391,22.8509,1158713.8993,100683.6213
688531.SH,20251105,67.2091,3.3095,11.361,1096066.2822,707993.6172
300318.SZ,20251105,,3.569,5.7568,480337.4911,469541.2166
300610.SZ,20251105,35.3732,2.1467,2.8189,247689.193,185734.7124
603915.SH,20251105,43.6756,3.2714,4.4565,1180625.199,1180625.199
300510.SZ,20251105,,1.7449,3.9887,386779.9383,386779.9383
301226.SZ,20251105,114.692,3.5913,6.4021,327379.2,327379.2
600337.SH,20251105,,1.315,1.0509,330509.5715,330509.5715
600156.SH,20251105,,8.9799,3.777,354661.6392,354661.6392
002549.SZ,20251105,263.8471,7.6697,24.6067,1586088.5622,1579272.0788
002373.SZ,20251105,,1.4844,2.3936,1698702.3311,1480913.6855
603860.SH,20251105,48.8766,2.6812,8.5206,214309.52,214309.52
002003.SZ,20251105,18.7711,2.7587,2.6213,1239023.0322,1077610.8792
603230.SH,20251105,18.1589,1.5858,2.5968,443317.842,443317.842
301289.SZ,20251105,56.1212,4.9564,14.6956,489840.0,487027.188
000920.SZ,20251105,26.6948,3.2982,3.2751,645600.4472,576421.265
300019.SZ,20251105,29.0309,3.3454,2.4332,894733.6092,768236.2513
300024.SZ,20251105,,6.6113,7.2336,2840034.5893,2793427.4039
920061.BJ,20251105,439.3879,8.8146,23.7136,244791.82,127131.2952
300772.SZ,20251105,32.2475,2.1943,0.5417,1449373.4726,1285387.938
600392.SH,20251105,43.0079,2.9152,2.8552,3879005.1994,3879005.1994
600475.SH,20251105,29.8944,1.9509,1.9852,1695883.2032,1672679.2832
688543.SH,20251105,56.0511,4.6966,8.8718,1078669.0746,598943.8746
000898.SZ,20251105,,0.5572,0.2576,2548428.1822,2164398.1591
600546.SH,20251105,18.5554,1.397,0.9978,2287754.3856,2287754.3856
301231.SZ,20251105,,3.8301,10.0421,322070.4,205679.538
301551.SZ,20251105,53.6011,6.067,25.7293,1552038.8,599668.4336
600961.SH,20251105,14.757,4.2804,0.7323,1568539.8918,1099149.7259
603596.SH,20251105,22.0622,3.9873,2.4901,2917317.0442,2917317.0442
301137.SZ,20251105,177.5203,6.425,5.0439,880885.923,872823.843
605122.SH,20251105,,1.2009,2.0696,240950.892,240950.892
301012.SZ,20251105,103.4541,4.5616,3.7693,531989.3976,387464.2896
600828.SH,20251105,,1.0273,2.9921,722236.7217,721977.1955
600165.SH,20251105,,,5.5139,269159.3236,269159.3236
000682.SZ,20251105,22.9312,3.1585,2.1508,1737582.2011,1737361.7929
920110.BJ,20251105,33.3274,4.3858,7.9594,156585.0,65199.585
688565.SH,20251105,50.6987,3.3443,3.9232,164553.27,164553.27
002721.SZ,20251105,,4.3544,13.6637,893551.2146,893551.2146
603583.SH,20251105,38.8952,3.0344,3.4829,1434682.1816,1421576.4256
600108.SH,20251105,65.4428,1.4395,1.436,621065.9236,621065.9236
600583.SH,20251105,12.2686,0.9191,0.9123,2480380.0428,2480380.0428
603308.SH,20251105,81.1229,5.8427,10.5267,2867570.8903,2867570.8903
920806.BJ,20251105,44.9585,2.8844,2.1872,430654.9071,430654.9071
300839.SZ,20251105,,5.1184,1.3769,385517.3925,378623.5975
002731.SZ,20251105,12.1978,1.7858,0.743,334027.424,299471.9456
300883.SZ,20251105,,1.6891,2.7036,240124.0,229488.1551
002102.SZ,20251105,,2.8162,0.9221,933311.2998,819177.262
603131.SH,20251105,,6.1323,7.4632,736152.2532,736152.2532
920570.BJ,20251105,,5.7015,16.0013,195662.3019,94931.1636
000975.SZ,20251105,19.7457,3.9772,3.4747,5736708.1995,5221675.4231
002037.SZ,20251105,,2.6652,0.7298,500335.6072,500335.6072
600289.SH,20251105,,3.7488,13.0809,419018.5738,375772.6622
300395.SZ,20251105,94.2572,8.5604,21.5253,3895594.5729,3816244.6568
601607.SH,20251105,11.7319,0.874,0.236,6623134.1909,4981524.6039
002458.SZ,20251105,42.9726,2.4025,3.3465,1010154.9914,683717.1322
600882.SH,20251105,62.274,2.7555,2.4462,1273603.9566,1273603.9566
001283.SZ,20251105,39.6071,2.1664,1.3087,748073.8565,596874.2367
000718.SZ,20251105,,0.8605,5.2053,804178.6418,604754.6773
002141.SZ,20251105,,4.9175,3.0849,409042.576,403512.4665
920174.BJ,20251105,62.9701,5.7619,6.2163,484246.9028,468064.0834
600500.SH,20251105,,1.3245,0.3059,1503591.3855,1502836.8335
300542.SZ,20251105,,10.2255,4.1624,553530.0527,459168.3218
000423.SZ,20251105,18.3968,3.1047,4.8577,3088512.8479,3083914.7357
300015.SZ,20251105,34.9084,5.009,5.0697,11237102.9874,9556805.8035
300699.SZ,20251105,43.3037,4.2417,9.2463,2342749.936,2314826.5121
600460.SH,20251105,92.1617,4.1681,3.8975,4977238.8884,4977238.8884
002389.SZ,20251105,242.1108,2.6688,7.617,2132343.1855,2132001.1263
688625.SH,20251105,24.4161,4.6706,7.0237,683981.694,683981.694
000650.SZ,20251105,19.6772,1.3797,2.3322,876361.3345,833447.5321
605058.SH,20251105,29.0435,2.4646,3.1693,429772.3177,429772.3177
300809.SZ,20251105,201.9853,5.7949,18.8049,954068.0096,566593.0436
002279.SZ,20251105,158.1998,4.9195,2.3712,688903.2899,630992.1519
002957.SZ,20251105,40.4176,2.7944,3.6508,894982.635,892204.6549
301067.SZ,20251105,3073.4845,4.936,5.1167,409363.56,268719.669
000917.SZ,20251105,75.2661,1.2059,2.891,1257372.4718,1257286.455
600604.SH,20251105,,1.8228,4.2833,1133349.4064,851510.1564
000915.SZ,20251105,14.4653,2.9537,3.4229,807506.2973,806983.3668
600243.SH,20251105,,3.7197,9.5157,235662.45,235662.45
300759.SZ,20251105,37.7045,3.9025,4.2104,5702673.0487,4551966.4539
601059.SH,20251105,32.9575,2.989,15.2557,6041709.0,1288450.8
600054.SH,20251105,29.3704,1.74,4.0539,832951.3205,586188.6
603579.SH,20251105,34.1093,1.9892,3.4581,546619.756,546619.756
002528.SZ,20251105,,37.4363,6.4046,378781.3259,331869.3863
002271.SZ,20251105,,1.4392,1.1121,2997818.3318,2403301.9369
301152.SZ,20251105,,2.9266,2.0655,394098.0832,235646.9489
688520.SH,20251105,,,12.0959,2283236.2057,2283236.2057
002823.SZ,20251105,24.6515,2.8293,1.9858,574974.0297,383325.938
301070.SZ,20251105,2016.1863,7.0495,19.0346,554552.5966,364794.6008
000545.SZ,20251105,,3.1484,1.6426,287168.4309,286752.3009
920062.BJ,20251105,67.2485,3.3,1.6113,247771.3417,175129.2596
600643.SH,20251105,,0.7592,6.9947,908107.3435,906500.4781
600875.SH,20251105,23.5551,1.7289,1.0074,7687935.0047,5031463.9407
002299.SZ,20251105,13.935,1.8409,1.0707,2090913.9147,2061846.3964
603613.SH,20251105,14.1002,2.2803,0.3883,2023990.7167,2023990.7167
600688.SH,20251105,,1.199,0.3636,2909762.43,2022752.526
688153.SH,20251105,905.9813,3.8531,7.0933,1539659.9426,1462040.2776
002806.SZ,20251105,40.107,2.448,2.4168,281959.8838,231038.443
000020.SZ,20251105,97.1216,10.0023,4.7576,425025.0017,271929.2519
300927.SZ,20251105,13.8278,3.9057,2.9475,376057.8,367015.6627
600257.SH,20251105,,3.5322,3.0452,281523.755,281523.755
002061.SZ,20251105,9.573,0.72,0.2338,1134984.3578,1104633.6075
603816.SH,20251105,15.6579,2.4205,1.2695,2499676.9723,2471421.8409
002878.SZ,20251105,,3.8321,1.5727,493068.4302,444025.6011
605136.SH,20251105,,1.6347,2.3842,400058.0415,400058.0415
300291.SZ,20251105,,2.0174,24.8174,615995.8318,608716.1532
002232.SZ,20251105,842.3064,5.8909,9.3451,797078.0357,797078.0357
688279.SH,20251105,100.0593,4.1047,28.3894,2059181.411,1672639.219
000546.SZ,20251105,,1.0194,0.4603,413708.8754,370647.1696
002169.SZ,20251105,,2.8687,2.3621,756874.8589,733637.7261
002977.SZ,20251105,,3.8946,50.7636,407687.28,226108.857
002985.SZ,20251105,158.3403,3.6578,13.5734,957065.7824,506634.567
002538.SZ,20251105,23.0097,0.9527,1.1505,511279.902,511276.78
603053.SH,20251105,19.6018,1.9715,1.8137,951112.3,951112.3
603679.SH,20251105,,3.8153,6.3315,286738.4471,286738.4471
600619.SH,20251105,341.199,3.7035,1.1304,2267976.7299,1667526.3482
300679.SZ,20251105,39.5918,4.2222,3.9572,2124100.0,1795726.295
603757.SH,20251105,37.5172,3.7593,3.6775,756635.6825,756635.6825
603516.SH,20251105,8302.1374,30.1225,115.8326,4193424.5958,4193424.5958
600771.SH,20251105,116.1737,5.8043,6.8914,956955.1807,956955.1807
000962.SZ,20251105,58.9684,5.6872,9.8803,1565079.2308,1555159.5625
002920.SZ,20251105,28.3639,4.6213,2.1843,6767001.7843,6271453.8365
605500.SH,20251105,44.0225,1.5202,1.4648,388292.8,388292.8
688039.SH,20251105,,4.9362,15.792,548361.8602,548361.8602
300852.SZ,20251105,41.8209,2.8214,3.5048,620803.8714,599262.3216
002652.SZ,20251105,,8.3724,6.971,209946.24,209946.24
920662.BJ,20251105,109.9054,5.8933,6.9111,270266.8562,75880.5808
600575.SH,20251105,19.4379,1.2125,0.5382,1492324.249,1492324.249
000509.SZ,20251105,,32.8145,4.5042,407788.6598,407787.427
603081.SH,20251105,54.842,1.7854,2.4078,570796.3503,570796.3503
600200.SH,20251105,,0.4118,0.9666,71087.948,71087.948
601698.SH,20251105,356.0346,5.8193,35.0424,9234506.5106,9234506.5106
002847.SZ,20251105,26.2535,9.2371,3.361,1973015.4182,1777301.8953
920504.BJ,20251105,76.7381,6.2064,10.1326,124149.3315,48968.3078
301536.SZ,20251105,93.38,7.837,9.045,2448478.637,1087136.3532
300977.SZ,20251105,,2.1481,6.483,297755.478,185433.021
300185.SZ,20251105,173.5259,1.8436,1.8512,1223659.5348,1164075.5473
002746.SZ,20251105,19.1995,1.2108,0.981,551605.324,454902.4615
301003.SZ,20251105,30.8674,3.3852,6.4122,375905.96,290793.17
600066.SH,20251105,14.2934,5.3026,1.8005,7113386.7235,7113386.7235
301068.SZ,20251105,190.3429,4.8816,3.0489,385933.2914,275224.2401
300870.SZ,20251105,65.5211,8.4071,4.8265,2182038.9602,2182038.9602
920082.BJ,20251105,38.9231,5.4351,3.7909,286494.705,77051.15
600782.SH,20251105,13.6913,0.5029,0.3515,1330302.6183,1314882.5983
301018.SZ,20251105,117.1179,5.4197,4.0544,1438014.1084,1075591.8327
000552.SZ,20251105,,0.8775,1.8105,1434284.894,998508.4094
688719.SH,20251105,,2.6586,4.6838,450810.8281,350545.0183
002709.SZ,20251105,135.875,5.8646,5.3068,7693799.9752,5565982.2389
920857.BJ,20251105,,6.1584,5.488,228978.1283,228978.1283
000068.SZ,20251105,,6.59,4.049,400655.2427,400655.2427
301135.SZ,20251105,72.6899,2.3204,2.0786,290053.44,217530.8338
603026.SH,20251105,,3.0445,2.4444,1471833.9136,1281951.0
002079.SZ,20251105,87.303,2.7123,1.9573,836366.4597,835581.2749
688335.SH,20251105,,2.6573,11.9866,304211.0866,304211.0866
002558.SZ,20251105,38.817,4.5312,16.878,6874168.9209,6874168.9209
603205.SH,20251105,42.7149,3.022,4.4596,440700.0,110175.0
600458.SH,20251105,22.9549,1.7025,0.5946,1304583.8805,1134458.7301
002584.SZ,20251105,,2.2054,0.6916,494507.8766,395820.4153
002318.SZ,20251105,14.2193,2.9763,1.7951,2427292.0685,2372114.9964
000823.SZ,20251105,28.0462,1.4682,1.1127,691645.1666,691615.8724
920429.BJ,20251105,58.0386,2.6864,2.0761,222606.0,202560.5371
000551.SZ,20251105,21.3847,1.957,1.3911,550656.7403,548667.9553
600792.SH,20251105,,1.8464,0.9566,524993.8628,524993.8628
603382.SH,20251105,43.4241,3.4513,1.2756,598310.7658,117254.3589
300176.SZ,20251105,103.222,2.8182,1.4648,268772.8752,268772.8752
000016.SZ,20251105,,10.4831,1.243,1326777.9198,879723.1838
300339.SZ,20251105,376.3982,13.4822,13.0919,4855716.8976,4741555.6087
600287.SH,20251105,102.9756,1.1056,0.9193,255848.3688,254652.1111
688387.SH,20251105,,3.6394,3.627,2215350.0,1306871.6256
600151.SH,20251105,,2.6271,3.1663,1219114.444,1219114.444
000536.SZ,20251105,,24.9075,9.7426,1424506.8935,1422987.4957
688269.SH,20251105,48.5875,5.2728,2.7428,542552.304,542552.304
002885.SZ,20251105,128.969,5.9343,2.4863,873707.2218,744677.1809
001388.SZ,20251105,52.9479,5.2287,7.0686,728832.0,142835.603
300259.SZ,20251105,26.3158,2.054,6.1083,619994.8035,619852.6124
603676.SH,20251105,21.907,3.1872,4.1643,486510.557,486510.557
605303.SH,20251105,,3.5161,5.7815,323119.7656,323119.7656
301413.SZ,20251105,143.2773,10.6939,11.73,1337774.9861,781982.5783
688539.SH,20251105,104.9941,3.7648,17.6516,655368.0,369138.0
688479.SH,20251105,68.3722,1.5378,5.7979,284593.9128,122889.9128
001328.SZ,20251105,35.0841,4.3007,3.6212,628434.37,157108.775
603823.SH,20251105,43.336,2.9901,3.2297,726561.6435,717249.9745
002371.SZ,20251105,45.7075,7.9754,7.8141,28745480.5469,28722490.1215
601669.SH,20251105,9.1595,0.6804,0.1512,9784458.5017,7424626.6828
920212.BJ,20251105,156.1241,3.885,3.5392,163075.7,78790.6577
301310.SZ,20251105,52.001,2.6102,1.6791,596333.2395,219416.2467
002225.SZ,20251105,63.2591,1.6424,1.2617,676995.6618,568919.2775
002644.SZ,20251105,78.916,2.5591,5.2049,466229.841,466229.841
301296.SZ,20251105,28.8391,1.3485,1.4655,366660.0,252135.8905
002998.SZ,20251105,76.7004,1.8228,1.0744,286608.1325,215692.0454
603227.SH,20251105,21.1223,1.9114,1.6983,972025.2689,883486.4404
603368.SH,20251105,9.6068,0.9826,0.3599,753826.5817,753826.5817
002292.SZ,20251105,,4.4422,5.0611,1311606.6312,902849.6008
000736.SZ,20251105,4.1056,3.8864,0.2315,484866.8622,468101.6632
002480.SZ,20251105,,5.8223,3.0134,561493.1291,560434.1006
603088.SH,20251105,52.3072,5.8195,8.1172,637027.9409,555221.4931
002995.SZ,20251105,,3.5696,2.7679,317111.1558,200889.5507
300776.SZ,20251105,28.9118,4.9545,7.8589,1851195.7458,1134166.9228
600293.SH,20251105,,2.2999,2.7745,387488.4454,387488.4454
301049.SZ,20251105,,3.6519,10.1493,218196.4682,99143.0211
300228.SZ,20251105,18.4429,2.0767,1.5718,490366.1165,460342.7173
002791.SZ,20251105,110.7994,1.4682,1.3553,816412.725,441274.3872
688388.SH,20251105,,2.7109,2.1164,1846103.666,1846103.666
300554.SZ,20251105,,4.4967,12.2431,287470.5393,199192.1608
605133.SH,20251105,60.919,2.9956,4.191,1128398.3021,1122796.8608
300091.SZ,20251105,,10.9556,5.0297,454195.0853,450190.1492
601033.SH,20251105,16.375,1.4038,3.5615,1503000.0,400800.0
301038.SZ,20251105,81.4828,6.6148,7.4422,591162.0,591162.0
301239.SZ,20251105,,2.6275,2.0352,558079.049,558079.049
300606.SZ,20251105,,4.8945,5.8041,330374.6085,281006.6726
301031.SZ,20251105,38.9379,8.5543,6.3702,1203368.8327,839057.8631
300907.SZ,20251105,49.5235,4.1329,3.0133,330240.0,330240.0
000868.SZ,20251105,1007.2042,6.0257,1.4712,512975.0453,400397.3162
300702.SZ,20251105,45.7306,2.3571,2.9371,876902.4407,532134.4972
920179.BJ,20251105,107.8686,3.6664,9.3346,276789.24,220268.3012
688580.SH,20251105,38.7263,2.9422,11.2432,487763.1698,487763.1698
300849.SZ,20251105,,3.9786,7.5338,234450.0,189854.5199
002633.SZ,20251105,470.4099,6.6229,8.9704,281850.0,280757.8313
301607.SZ,20251105,45.1577,5.9054,2.0331,672970.3277,468961.7455
300543.SZ,20251105,99.733,2.4444,2.187,358454.4608,292732.6054
920992.BJ,20251105,108.1403,3.3318,6.7342,206036.8894,59423.117
002309.SZ,20251105,,5.1075,5.0109,950422.2617,384136.5131
688309.SH,20251105,66.4574,2.834,7.6235,212428.4961,212428.4961
002800.SZ,20251105,,4.5397,1.7515,227770.5882,209561.4752
000755.SZ,20251105,18.272,1.5928,5.4544,867180.3258,867180.3258
002996.SZ,20251105,37.2979,1.6914,0.3541,543582.7108,338168.8321
688486.SH,20251105,52.8029,6.1169,17.7084,923696.1623,515318.884
600012.SH,20251105,13.9519,2.1595,3.613,2685906.4495,1832323.2
002405.SZ,20251105,,2.5794,5.8142,2121730.6885,2108486.841
600105.SH,20251105,63.8402,6.548,4.4605,2127202.4369,2127202.4369
601999.SH,20251105,32.4568,1.6573,1.8921,439079.0159,439079.0159
603969.SH,20251105,23.7321,3.0338,2.4567,809332.736,795700.432
002216.SZ,20251105,18.4506,2.2157,1.5415,1003148.9988,719122.3573
600547.SH,20251105,33.1996,5.4282,1.6189,16074824.2537,12603563.951
001382.SZ,20251105,75.3107,5.7615,3.0157,916700.0,137950.0
002522.SZ,20251105,62.3626,2.0879,2.9338,481874.6339,481470.5756
300861.SZ,20251105,531.9603,1.7551,5.8501,1110552.2473,697342.6615
600561.SH,20251105,,2.3496,1.4105,212788.6464,212788.6464
300368.SZ,20251105,,49.938,68.4781,930411.5725,930411.5725
000553.SZ,20251105,,0.8194,0.5101,1512047.8361,1412919.7027
601600.SH,20251105,11.878,2.375,0.7061,16932608.861,12994469.3276
300631.SZ,20251105,46.4621,2.8806,6.224,377506.0971,364089.7577
603199.SH,20251105,18.4309,2.4253,4.5493,392803.32,392803.32
301522.SZ,20251105,111.5543,6.6886,5.205,1265462.2678,957660.9178
688189.SH,20251105,,2.8898,26.2516,250252.8,250252.8
002429.SZ,20251105,22.927,1.7191,1.5617,2820283.9982,2818659.4702
000869.SZ,20251105,53.7917,1.3831,4.5237,1445765.0328,979384.4428
001367.SZ,20251105,28.5465,2.4618,6.926,353454.784,92098.6663
603166.SH,20251105,34.3106,3.836,5.0284,980944.7322,972606.3582
688135.SH,20251105,,5.4318,10.3761,592827.4743,592827.4743
300626.SZ,20251105,,4.5587,2.9993,241200.0,241068.0435
688583.SH,20251105,64.616,6.7615,20.9148,772174.0,154434.8087
600523.SH,20251105,32.6746,1.8636,2.3068,583421.2348,583036.3867
603895.SH,20251105,,16.472,7.1439,319160.24,319160.24
002602.SZ,20251105,35.8051,4.5002,3.9311,13489398.9423,12447289.7122
002631.SZ,20251105,,2.0049,3.5727,438505.5846,436464.7936
301091.SZ,20251105,177.4428,6.715,13.1689,1589749.2,1589749.2
600058.SH,20251105,95.23,1.9699,0.1734,984014.0327,984014.0327
002015.SZ,20251105,27.2971,1.4275,1.7303,1761307.2062,1761307.2062
688200.SH,20251105,49.1741,6.4339,20.4076,2496793.071,2496793.071
301261.SZ,20251105,129.8766,4.2767,6.217,671568.9876,286410.0558
002643.SZ,20251105,48.4977,1.7245,3.3042,1241380.1576,1223002.5417
001211.SZ,20251105,84.1489,2.2109,1.2543,191088.0,177808.9101
002466.SZ,20251105,,2.1104,8.5675,8906765.1727,8009269.8975
603005.SH,20251105,54.4738,4.1088,13.638,1863254.564,1863254.564
002956.SZ,20251105,31.571,3.1724,2.2945,495384.8378,495334.7239
600975.SH,20251105,315.3739,2.6042,1.0971,786037.2345,639665.3957
000710.SZ,20251105,,3.0842,5.3076,499525.83,465625.7812
300147.SZ,20251105,,9.5091,4.4774,658633.9288,654768.7596
603380.SH,20251105,28.7768,4.1624,2.7311,636951.564,636951.564
002753.SZ,20251105,35.3739,1.2017,0.7019,276514.0872,178706.5879
002655.SZ,20251105,54.0622,6.0066,3.2713,452003.2017,451879.6444
600585.SH,20251105,13.8772,0.6416,1.4511,12214892.4446,9219314.4446
300451.SZ,20251105,,1.7702,6.8312,762169.3485,751133.3348
301358.SZ,20251105,75.3749,4.5923,1.8831,5639069.7681,2861908.128
605369.SH,20251105,41.8761,2.4939,3.8067,427976.814,427976.814
002364.SZ,20251105,151.1674,6.0128,6.6083,1454561.1618,1440465.8046
300747.SZ,20251105,102.5843,4.1728,4.1982,1408052.6101,1269619.1895
601065.SH,20251105,18.4809,1.2521,2.3413,554072.9801,358812.7401
002501.SZ,20251105,,33.2573,29.9412,876850.0,875977.8939
300540.SZ,20251105,65.8783,4.0946,5.4559,452001.8876,407045.8647
603856.SH,20251105,21.196,1.3696,1.8332,370339.6068,370339.6068
301090.SZ,20251105,,1.814,0.7834,1149213.074,1148021.4251
688267.SH,20251105,23.5582,1.696,5.9305,482788.0,482788.0
301150.SZ,20251105,430.2674,2.7763,1.8062,988443.4331,943316.4336
600685.SH,20251105,46.7142,2.2112,1.8772,3947923.3138,2294268.4605
600099.SH,20251105,117.2685,4.5396,2.2289,243004.08,243004.08
920819.BJ,20251105,,1.0438,0.8899,528319.8,520435.7325
688466.SH,20251105,41.1234,2.1982,4.1061,253871.4296,253871.4296
603815.SH,20251105,50.4604,3.482,1.9369,841736.9596,841736.9596
300443.SZ,20251105,27.8198,1.4595,3.2983,914624.5465,693605.4466
603938.SH,20251105,93.2551,2.9045,3.6558,721629.8013,721629.8013
688208.SH,20251105,28.9858,7.1595,5.2214,2414670.9379,2414670.9379
300422.SZ,20251105,,2.5295,1.4644,280287.2042,268512.2423
300127.SZ,20251105,60.1185,7.2426,13.0524,1073492.2079,766771.2171
002653.SZ,20251105,194.5575,14.2192,14.0755,6010599.745,2584196.5887
600169.SH,20251105,39.9641,1.6493,0.8498,840122.8957,836618.5165
002692.SZ,20251105,58.7387,3.299,0.8953,400725.468,400481.6081
000688.SZ,20251105,70.87,6.0708,8.9754,2025714.6378,2025706.8618
688066.SH,20251105,,18.1621,12.0276,761363.4247,761363.4247
688628.SH,20251105,23.2549,3.1249,3.236,388168.8331,388168.8331
603696.SH,20251105,78.2028,5.423,5.0748,314697.6,314697.6
300429.SZ,20251105,,4.147,7.5525,714357.4968,530980.4574
301556.SZ,20251105,60.7806,8.5026,15.4186,839752.16,290289.56
000425.SZ,20251105,19.0862,2.1182,1.2545,12681457.3081,10022991.7753
600325.SH,20251105,,0.7119,0.1685,1351306.689,1351306.689
605376.SH,20251105,84.7247,7.92,12.7436,1304599.2,1304599.2
600996.SH,20251105,,5.2246,9.7388,1221863.8569,1221863.8569
600132.SH,20251105,25.2682,12.9144,1.7666,2586342.0821,2586342.0821
002096.SZ,20251105,20.5623,2.1863,1.7847,1713048.7034,968003.3367
600845.SH,20251105,46.1375,6.0129,6.0432,6611403.581,4914004.4199
000153.SZ,20251105,27.6456,1.4972,0.7585,314651.8098,311796.5623
002086.SZ,20251105,,3.8705,15.175,513243.983,414296.9417
300020.SZ,20251105,,1.14,22.7834,305156.342,294389.6003
605567.SH,20251105,56.3411,2.0463,0.8521,223400.0,223400.0
000506.SZ,20251105,252.6892,17.6858,21.8495,1132472.6507,1131944.3361
603527.SH,20251105,28.7963,1.8941,0.3756,390825.4896,390825.4896
688065.SH,20251105,58.3746,1.9719,10.5543,3470125.1989,2806631.7456
002563.SZ,20251105,17.2931,1.4381,1.0547,1589513.1944,1302980.9806
300044.SZ,20251105,,48.5405,51.3264,349088.2372,326927.8388
603219.SH,20251105,62.9157,5.9979,3.0801,965608.0,965608.0
002264.SZ,20251105,21.1781,2.6298,1.5676,524742.4377,477336.6685
688687.SH,20251105,35.2359,2.6837,4.2044,482063.27,482063.27
300615.SZ,20251105,194.3666,5.0387,5.9782,268395.3588,173975.6183
688459.SH,20251105,36.4743,1.4127,4.1208,480480.0,175760.553
603688.SH,20251105,135.5813,3.643,21.8603,2112545.3271,2112545.3271
688582.SH,20251105,76.7802,10.2182,46.4132,2478827.0728,1541524.3528
300489.SZ,20251105,201.4403,9.0842,2.9623,575472.4503,573345.2316
600000.SH,20251105,8.0856,0.5445,2.2808,39500724.2238,39500724.2238
301156.SZ,20251105,45.6858,3.7044,4.9834,269039.5139,142607.9297
601901.SH,20251105,16.4998,1.3364,5.8658,6668002.13,6668002.13
002026.SZ,20251105,20.1614,1.763,3.2569,666084.2918,639566.5485
688249.SH,20251105,79.8386,3.0005,6.054,6419632.5024,3797637.4272
002412.SZ,20251105,19.2485,1.4645,3.1495,331105.6,327582.01
601777.SH,20251105,981.3512,5.0081,5.7113,5235433.8822,5235433.8822
920699.BJ,20251105,32.212,7.752,6.2421,256003.5583,117131.3083
301360.SZ,20251105,133.743,3.6671,12.0675,423892.98,202330.62
000333.SZ,20251105,13.0487,2.6448,1.2933,58355561.7921,52640295.3467
605228.SH,20251105,105.1894,4.1814,3.9501,680876.8817,676383.4067
300511.SZ,20251105,,3.063,2.4991,461409.8515,403238.8922
301148.SZ,20251105,66.5249,2.1377,7.2047,379197.9954,191631.8754
000610.SZ,20251105,,18.9287,5.6188,295934.8763,294380.3675
300497.SZ,20251105,,2.7051,5.9898,581202.1998,475669.2593
002570.SZ,20251105,50.762,4.0562,2.5658,697707.9931,697676.9851
600793.SH,20251105,253.065,17.3425,1.432,412717.0367,412717.0367
920580.BJ,20251105,113.5617,4.4227,11.438,148350.0,81254.4397
002229.SZ,20251105,,6.8344,8.4737,868831.2955,863530.6911
000619.SZ,20251105,,1.1331,0.5966,288965.5843,235800.0
002790.SZ,20251105,34.9649,1.9285,2.021,406589.7479,253658.6675
300097.SZ,20251105,,4.6633,11.1764,177169.4968,165786.1081
601918.SH,20251105,9.3732,1.1665,1.5278,1917000.932,1917000.932
002289.SZ,20251105,,48.5291,38.2185,1061881.3943,1060744.6943
600901.SH,20251105,11.3961,1.4406,6.0481,3602860.2126,3601661.4121
002353.SZ,20251105,19.2928,2.4709,3.4795,5472509.4274,3705388.5921
300435.SZ,20251105,117.064,2.4059,2.826,796883.058,761971.0256
300084.SZ,20251105,,4.0023,8.2944,501573.6847,338735.9551
002365.SZ,20251105,204.4808,2.6286,6.5165,519525.2475,432922.4581
300653.SZ,20251105,47.2764,4.1621,10.4708,363960.0,363960.0
002206.SZ,20251105,12.6532,1.7093,1.1255,669431.3587,491337.6111
603045.SH,20251105,49.8184,2.9128,0.6371,296760.3346,296760.3346
002363.SZ,20251105,69.2832,1.6798,1.6471,358113.0636,357136.2655
688535.SH,20251105,309.3119,7.5791,20.994,779366.3431,506615.6826
600640.SH,20251105,521.0128,2.8147,5.5427,1119544.1876,1119544.1876
002695.SZ,20251105,114.0684,2.5526,4.3007,716269.8253,654662.5075
301315.SZ,20251105,116.4214,4.9478,21.3634,503272.0,211603.0
000628.SZ,20251105,465.2764,7.6813,2.8098,1683898.4,918900.4363
003029.SZ,20251105,,4.9776,15.0327,537296.1299,480732.6223
300571.SZ,20251105,,2.9278,4.4542,425421.7684,352577.7466
000338.SZ,20251105,12.0217,1.5703,0.6367,14281559.7441,8170687.3149
688512.SH,20251105,,3.1317,7.6592,542472.2028,377150.684
002735.SZ,20251105,,3.8147,2.9428,660107.3236,484640.9453
603096.SH,20251105,42.718,1.5502,4.3906,288264.5123,288264.5123
688596.SH,20251105,34.7809,2.5987,1.7681,930033.6492,930033.6492
301491.SZ,20251105,38.3399,4.0042,5.3521,837339.0,175688.7748
300547.SZ,20251105,40.2982,6.061,5.2469,774571.9474,630756.5537
603391.SH,20251105,24.383,2.388,5.0395,499681.0,124920.25
003043.SZ,20251105,107.3123,3.9515,7.0329,682950.3481,427258.7978
300062.SZ,20251105,,4.2424,4.6447,512997.6276,355227.6372
600761.SH,20251105,14.1381,1.7716,1.0045,1893612.8099,1893612.8099
300070.SZ,20251105,736.6262,0.5929,1.9737,1612773.1665,1500467.9977
300981.SZ,20251105,,1.08,2.3361,579825.4246,531383.1564
300407.SZ,20251105,42.2295,2.124,1.568,406978.4305,309569.1715
301307.SZ,20251105,,2.3782,1.747,679606.2,351716.0223
601727.SH,20251105,138.015,2.708,1.2069,14623254.4595,11871316.8975
600897.SH,20251105,16.2188,1.5272,3.6313,720461.952,720461.952
002131.SZ,20251105,73.9259,2.732,1.8285,3616129.8274,3123752.5316
002008.SZ,20251105,37.0268,2.4681,2.4134,4188426.6637,3891953.3174
002717.SZ,20251105,,3.9656,11.0057,340383.6753,302042.4131
601211.SH,20251105,13.4481,1.104,5.705,34394034.2924,26326780.9185
300258.SZ,20251105,57.8606,1.6622,3.8246,783963.3056,763656.8049
001255.SZ,20251105,402.3283,4.3789,7.6691,323429.036,312574.324
300978.SZ,20251105,34.0402,3.0127,2.3732,495830.3128,224300.3339
688786.SH,20251105,55.0691,5.5604,9.7066,415150.6087,415150.6087
600711.SH,20251105,15.9273,1.8927,1.0728,3195692.3437,3195692.3437
603719.SH,20251105,,2.4525,0.8517,495636.0,495636.0
300730.SZ,20251105,,18.7586,18.3612,470220.9467,376972.2041
000100.SZ,20251105,28.9202,1.4646,0.5021,8923569.9898,7763503.9894
300272.SZ,20251105,43.2966,2.8553,2.292,410296.0157,311660.7221
600328.SH,20251105,4418.9773,0.9717,0.9649,1167182.3883,1167182.3883
603511.SH,20251105,55.7697,1.5786,2.2053,687290.091,683610.3177
600970.SH,20251105,8.1531,1.1028,0.5156,2443535.7964,2098730.5739
300676.SZ,20251105,,2.2112,5.5012,2043478.9114,2032387.2746
000607.SZ,20251105,,2.9806,3.917,462035.0781,401805.1836
002870.SZ,20251105,40.4999,2.8845,0.8179,488283.6263,476770.9613
600501.SH,20251105,,5.4915,4.1326,946347.1304,946077.2664
300579.SZ,20251105,,11.3304,9.2814,885870.0,860536.0604
688584.SH,20251105,103.3317,3.6771,11.9394,1515914.1281,774037.9593
300080.SZ,20251105,,2.1117,2.7069,1019118.9572,1017748.1387
002990.SZ,20251105,62.0068,3.206,6.1942,782265.2482,401481.5917
688593.SH,20251105,731.462,6.2228,16.0552,964552.2358,677308.9366
300326.SZ,20251105,,1.5078,4.1102,420169.4317,417259.7998
002656.SZ,20251105,,4.2086,3.3408,178842.4808,169824.0406
002589.SZ,20251105,,0.8299,0.6067,443889.5889,402849.5067
002945.SZ,20251105,86.095,5.874,26.1249,4228200.0,4228200.0
002892.SZ,20251105,291.6803,7.7693,5.5651,1011501.3056,657625.4745
000400.SZ,20251105,25.5819,2.4777,1.6952,2874551.9867,2855020.9529
603359.SH,20251105,,1.4234,14.1193,376505.024,376505.024
301028.SZ,20251105,24.1655,3.392,4.5939,546502.706,353557.7803
002148.SZ,20251105,435.4555,4.4014,14.7397,537745.8115,432243.5418
300220.SZ,20251105,1131.6908,37.6117,9.3342,236930.4,236647.3183
300655.SZ,20251105,,7.0141,11.4132,1782211.0033,1773396.2274
300013.SZ,20251105,,12.8857,4.9952,252378.2201,201574.622
688059.SH,20251105,42.1924,5.3268,7.4701,706083.1519,706083.1519
688385.SH,20251105,102.2713,7.8754,12.3746,4864492.4706,3180690.2106
002481.SZ,20251105,108.2194,2.925,3.1507,715543.97,648419.758
603049.SH,20251105,12.0918,2.0465,1.1321,4940843.6287,479252.2722
603866.SH,20251105,23.0546,1.7,1.6177,887844.131,887844.131
920837.BJ,20251105,33.0251,4.5662,4.3568,252753.5031,227888.4531
002678.SZ,20251105,,2.1145,12.7888,685951.7631,685575.0962
603233.SH,20251105,18.5198,2.9928,0.7852,2106868.6058,2106868.6058
300827.SZ,20251105,41.145,7.2979,3.3407,1760221.533,1344783.9242
688455.SH,20251105,,3.3409,1.9473,289720.3655,208018.3655
603817.SH,20251105,21.4031,1.4434,3.3985,456637.3152,456637.3152
002620.SZ,20251105,,,4.1319,217059.05,181332.1742
688685.SH,20251105,136.4308,10.8279,14.3746,894664.8554,894664.8554
688191.SH,20251105,128.5005,8.9025,7.4227,777650.2921,777650.2921
603976.SH,20251105,173.331,2.596,4.7116,305884.988,305884.988
688063.SH,20251105,323.8432,1.8269,6.4128,1670651.1264,1670651.1264
002217.SZ,20251105,9.1687,13.545,16.159,2535516.2366,1925634.3755
920689.BJ,20251105,48.2154,5.4447,4.6733,264827.2,136853.6661
000532.SZ,20251105,22.8387,3.2597,9.5556,511202.4682,509484.2733
002326.SZ,20251105,,6.254,3.2263,1703159.9779,1487820.7963
002808.SZ,20251105,,6.1924,7.0733,161548.8,99168.5627
603903.SH,20251105,,2.4203,3.5301,378383.4694,378383.4694
300086.SZ,20251105,,4.0799,9.8366,428272.0708,414682.2532
600298.SH,20251105,21.7797,2.7993,2.0163,3240462.2722,3199742.7082
600509.SH,20251105,94.4507,1.5645,1.4387,1216341.7052,1216341.7052
920020.BJ,20251105,25.4354,3.8561,1.6886,428782.5,77180.85
002224.SZ,20251105,420.6795,1.2691,4.025,411365.0437,367709.4483
002613.SZ,20251105,,2.0055,2.9025,438026.3394,307358.1021
300711.SZ,20251105,62.2412,7.4301,8.5702,549919.5274,548277.9564
003007.SZ,20251105,138.0389,4.2967,8.712,360672.0,256866.5616
603337.SH,20251105,23.5169,4.1922,3.2369,2056736.6152,2034545.0767
300243.SZ,20251105,286.4249,2.6342,1.4144,282981.9461,219737.8835
688106.SH,20251105,90.4558,3.2641,3.5775,965401.0286,965401.0286
920300.BJ,20251105,,7.0446,14.6124,147056.1268,113968.7267
001379.SZ,20251105,56.6393,3.1367,2.321,466000.0,156806.67
000426.SZ,20251105,31.7123,5.5198,9.9643,5055234.9489,5054009.956
688235.SH,20251105,,15.5091,12.7234,41651037.547,3109828.6225
002085.SZ,20251105,43.4325,4.8159,2.1806,3556523.346,3556523.346
600600.SH,20251105,19.2277,2.8409,2.7351,8901384.0417,4627046.7781
000568.SZ,20251105,15.3886,3.916,6.4806,19454783.0152,19421671.2581
605388.SH,20251105,,2.632,3.2807,451563.968,451563.968
605255.SH,20251105,403.996,16.2872,39.7994,1314252.16,1314252.16
603618.SH,20251105,,2.2101,0.6449,599422.6591,599422.6591
600790.SH,20251105,67.8299,0.9767,5.8797,565795.2982,565795.2982
000912.SZ,20251105,,1.0811,1.5578,682080.0,682080.0
600094.SH,20251105,,1.2128,5.4139,1243848.2741,1137533.0233
301107.SZ,20251105,36.9322,3.128,4.1577,297319.8024,172951.015
002778.SZ,20251105,,8.1448,11.4661,257241.3046,254510.0619
300894.SZ,20251105,,4.7661,5.4837,515571.9405,373176.4353
000011.SZ,20251105,,1.8369,1.9903,623394.1302,550693.418
600941.SH,20251105,16.23,1.6966,2.2207,231837587.1355,9677671.5342
002918.SZ,20251105,94.9197,1.8813,1.5276,616480.0195,321338.1064
002592.SZ,20251105,21.0468,2.4075,3.4739,236298.1849,219105.4526
002396.SZ,20251105,31.1374,2.1929,0.7952,1514021.8283,1507779.5186
300304.SZ,20251105,25.3697,3.2151,4.7826,1078360.4857,1050597.5744
300935.SZ,20251105,,3.0243,18.2278,239801.2229,181966.1644
920932.BJ,20251105,200.9763,3.6229,6.5483,252735.4897,206748.8068
300877.SZ,20251105,38.1773,2.1094,3.4073,351840.0,351836.9214
600822.SH,20251105,237.6288,4.7475,2.6735,581776.2281,464681.4961
000637.SZ,20251105,,4.61,0.7978,255778.6752,179375.8471
688513.SH,20251105,41.1101,3.4623,7.4667,992287.811,992287.811
688556.SH,20251105,,2.3354,2.6238,911359.0056,911359.0056
603277.SH,20251105,20.8585,4.1916,3.9375,1102817.6511,1095713.6069
001965.SZ,20251105,13.6844,1.0643,5.739,7080488.9817,7080488.9817
600120.SH,20251105,18.4256,1.4824,4.1146,2428336.2408,2428336.2408
688175.SH,20251105,,1.8919,11.7877,329241.082,329241.082
603098.SH,20251105,84.1649,2.8555,2.4486,806851.4671,805505.9671
600603.SH,20251105,22.4365,1.2445,2.8227,909316.8131,909316.8131
000925.SZ,20251105,82.7894,1.6381,2.2832,541095.8864,538595.4464
688326.SH,20251105,,3.0196,1.843,1190353.5539,1106560.2193
605222.SH,20251105,52.9943,1.69,0.3495,788228.7134,788228.7134
688536.SH,20251105,890.3792,3.9914,12.8819,2450248.4359,2357786.2758
000505.SZ,20251105,,1.6861,0.6366,519042.4792,451519.5599
688203.SH,20251105,383.409,1.8109,3.3037,266724.3375,163339.2972
300722.SZ,20251105,142.7005,13.8476,22.6552,879255.337,879255.337
688981.SH,20251105,220.1228,6.3444,15.0021,95824853.5403,23950760.2119
300584.SZ,20251105,155.8031,6.6871,11.3372,697680.0,477391.8772
003040.SZ,20251105,1592.7224,6.6763,9.0081,935183.7512,926492.3232
002152.SZ,20251105,37.7277,2.5185,2.7487,3203563.9384,3201952.4898
002369.SZ,20251105,,16.0956,2.8815,498921.5264,498269.5582
688109.SH,20251105,168.251,14.1053,24.5221,1122714.352,1122714.352
600679.SH,20251105,,3.215,3.1343,687917.8331,458831.8331
603260.SH,20251105,,1.7938,2.6673,5741979.1124,5741979.1124
300970.SZ,20251105,556.4979,1.3921,1.8439,214688.5341,166583.3619
601339.SH,20251105,14.412,0.8597,1.039,788773.294,788773.294
002019.SZ,20251105,38.19,1.7617,2.9779,1555762.9187,1076245.3483
301633.SZ,20251105,51.512,4.4956,6.9677,410695.68,102673.92
600439.SH,20251105,,1.3405,2.789,353179.4573,353179.4573
002304.SZ,20251105,50.8122,2.1655,5.4069,10516493.0616,10516244.887
300771.SZ,20251105,44.2664,1.6787,5.8269,330960.0,249873.6113
688639.SH,20251105,46.2973,3.2321,3.0606,866900.9919,866900.9919
920478.BJ,20251105,29.7074,3.3861,6.0786,172923.0139,103433.6461
002559.SZ,20251105,77.4015,3.2912,2.7058,582201.1604,529931.5679
600421.SH,20251105,,226.2418,9.3229,139462.8,139462.8
002897.SZ,20251105,55.1073,3.2512,1.4136,892820.6051,840068.1059
300150.SZ,20251105,82.4342,2.2548,4.0704,355159.3742,279355.5018
603101.SH,20251105,55.895,3.4879,2.0356,494860.8,494860.8
002095.SZ,20251105,,5.7412,8.5894,508472.64,506437.331
301237.SZ,20251105,,2.665,5.9166,348640.0,287028.775
600879.SH,20251105,181.2087,1.7057,2.5502,3540148.1854,3540148.1854
300461.SZ,20251105,,6.0571,18.0011,322123.2753,233831.977
603836.SH,20251105,92.2983,1.7686,0.3406,313188.9717,313188.9717
300316.SZ,20251105,114.4217,2.9569,4.5371,5159563.1602,4852328.406
600808.SH,20251105,,1.306,0.4034,3141877.9239,2434842.4839
605288.SH,20251105,135.1132,2.6986,4.3766,598953.7767,594935.7792
688391.SH,20251105,53.0479,1.9019,6.4192,353492.2076,353492.2076
002051.SZ,20251105,37.1563,0.9142,0.9867,1057984.6411,1057923.748
301369.SZ,20251105,309.51,4.0622,18.9884,605889.7918,312179.7718
688363.SH,20251105,373.1256,3.4155,5.1751,2411281.2795,2411281.2795
600877.SH,20251105,849.9001,6.7515,17.3334,1668339.8242,1668339.8242
300841.SZ,20251105,56.5917,2.9349,8.4947,1029179.4401,941919.858
002801.SZ,20251105,28.4904,4.3271,5.3193,795674.88,401256.3555
688655.SH,20251105,,3.8077,4.1567,255708.63,255708.63
600988.SH,20251105,20.4648,4.4411,4.8576,5560603.1068,4868604.692
002548.SZ,20251105,,3.08,0.9406,438932.0387,426369.8908
301131.SZ,20251105,47.0189,2.7714,1.3989,234286.5164,150987.5314
000605.SZ,20251105,152.9512,1.2349,1.5532,263083.3156,263083.3156
000913.SZ,20251105,15.7611,1.7746,1.5104,835703.8845,735166.641
601233.SH,20251105,19.196,0.8838,0.3613,3347453.444,3335090.1455
920357.BJ,20251105,36.4246,5.7834,4.2377,223343.12,124151.2194
000967.SZ,20251105,58.071,1.2962,1.6539,2213693.7882,2212639.9059
600062.SH,20251105,12.6477,1.7821,1.8257,1998569.4473,1986781.7035
601111.SH,20251105,532.2469,3.1094,0.856,14412395.746,9613078.4255
601216.SH,20251105,13.0752,1.5252,1.7233,4396207.0602,4396207.0602
002175.SZ,20251105,,7.1025,18.9302,574551.3272,574551.3272
688576.SH,20251105,40.3285,1.7876,8.5363,307170.9051,147119.4055
301040.SZ,20251105,,3.3393,3.5254,244002.3644,229926.9194
605186.SH,20251105,330.9575,2.7336,7.5013,295256.0,295256.0
688603.SH,20251105,133.6316,8.8864,23.4615,1035961.8963,393883.8677
688321.SH,20251105,1707.5393,8.1152,14.6112,1243405.2474,1243405.2474
605368.SH,20251105,21.8749,2.1349,1.6275,686765.1143,686765.1143
688359.SH,20251105,,12.0315,14.0357,748150.0097,748150.0097
603058.SH,20251105,30.5406,3.1928,4.1014,398900.156,397902.048
002922.SZ,20251105,48.156,3.314,2.4077,1252808.3502,1110460.2176
603786.SH,20251105,36.8301,5.4904,4.4685,2990558.8635,2990558.8635
301585.SZ,20251105,51.9999,3.5504,7.5044,342680.0,85670.0
920271.BJ,20251105,22.7663,3.8307,6.0921,235873.869,104376.4471
003003.SZ,20251105,37.4298,1.8261,2.2841,236025.7305,157263.1001
300424.SZ,20251105,,5.5718,2.4332,423614.7241,423364.6578
002533.SZ,20251105,17.0783,2.4019,0.5254,1034856.8974,899080.0605
000761.SZ,20251105,,1.6955,0.3186,1474856.4515,1331256.4515
300712.SZ,20251105,143.3618,4.4285,3.0634,570515.0385,568063.1104
688692.SH,20251105,59.1116,8.9103,24.5541,3057480.0,1974689.55
000935.SZ,20251105,44.3112,2.044,12.7314,1587955.8926,1587955.8926
002150.SZ,20251105,33.5453,4.082,2.3483,826721.8426,815985.7799
301191.SZ,20251105,108.1564,3.8925,3.9075,647099.544,422723.213
688439.SH,20251105,70.0397,2.3214,11.9126,1157000.0,1157000.0
600863.SH,20251105,14.0434,1.6723,1.3958,2897938.1881,2897938.1881
600239.SH,20251105,,3.3802,2.2959,433535.4654,433535.4654
000759.SZ,20251105,,4.1105,0.566,498256.0917,493090.9308
301159.SZ,20251105,,4.7736,8.1759,278460.0,190853.91
000539.SZ,20251105,314.617,1.0888,0.4873,2551638.0172,1241918.0329
002818.SZ,20251105,13.6701,1.5414,6.6627,849500.8969,338635.4118
688659.SH,20251105,,3.1936,2.5066,171360.0,171360.0
301021.SZ,20251105,143.1035,6.163,12.3633,616215.3246,615755.5767
300102.SZ,20251105,82.3561,2.6291,3.3704,1113603.9742,1108771.2645
000548.SZ,20251105,63.0576,1.4026,5.8541,290044.3862,290020.0934
301211.SZ,20251105,159.4467,2.669,13.9986,603014.4,603014.4
920368.BJ,20251105,118.4926,1.6497,2.1268,696124.0046,662268.8756
300088.SZ,20251105,43.6851,1.7464,1.3412,1526115.2168,1518642.7283
002261.SZ,20251105,,16.188,13.0237,4220435.4379,3837935.1414
000719.SZ,20251105,9.9381,1.0835,1.2891,1260587.0188,821925.773
002339.SZ,20251105,93.4226,2.5156,1.4806,433519.3556,411762.4994
300522.SZ,20251105,834.1869,5.3278,6.0332,428538.0528,349667.3703
301096.SZ,20251105,,2.3654,10.3598,611569.1621,463525.4152
920961.BJ,20251105,265.9906,5.0305,17.0234,386954.9362,275294.5994
688353.SH,20251105,,2.6176,12.1484,864490.0,645364.5707
300568.SZ,20251105,145.9387,1.9067,4.83,1880633.1739,1702045.1525
603068.SH,20251105,298.7789,3.3085,6.3591,557174.0741,557174.0741
000882.SZ,20251105,,0.8104,4.4248,547470.3894,547102.8532
002989.SZ,20251105,,3.5931,17.8192,537649.8778,498566.9931
001238.SZ,20251105,,4.7806,3.5162,546342.6,511078.7734
301153.SZ,20251105,233.7209,4.6419,11.2333,780858.3335,728586.0077
600493.SH,20251105,318.8006,1.7958,2.2697,201824.0,201824.0
002880.SZ,20251105,27.076,2.6643,5.4313,619164.0,619164.0
920489.BJ,20251105,,5.7957,5.2195,274146.5328,171924.6932
603031.SH,20251105,52.3392,3.3111,2.1674,1008352.7654,825690.32
002792.SZ,20251105,669.6408,3.6442,8.7125,1015746.1387,645136.7497
603040.SH,20251105,39.4605,7.0299,13.1645,1022696.3117,1017363.169
300617.SZ,20251105,49.7714,2.0487,6.9072,603166.0022,506575.865
301371.SZ,20251105,27.4555,2.3216,7.0201,1297139.376,193358.3236
603568.SH,20251105,14.2965,2.6856,5.5671,3900028.9763,3892972.7843
688425.SH,20251105,19.1392,1.5671,2.8719,2837420.404,2837420.404
688428.SH,20251105,,6.273,31.8964,4213969.7574,640843.0042
002273.SZ,20251105,29.2346,3.5125,5.0316,3366720.607,3297914.8985
600487.SH,20251105,18.8982,1.7376,0.7958,5347880.7364,5301152.679
002881.SZ,20251105,73.8231,6.9104,3.2449,1161868.0416,808559.7481
301092.SZ,20251105,39.3885,2.1276,6.4445,412485.1807,186071.1985
920720.BJ,20251105,73.6753,8.5053,6.2062,429287.1419,115400.4734
600673.SH,20251105,62.6452,6.2283,4.2435,6064253.4439,6048139.2229
688733.SH,20251105,,2.8326,10.8808,614308.7093,614308.7093
300143.SZ,20251105,66.1696,3.1377,4.6894,792170.3454,677920.8813
002298.SZ,20251105,,4.2046,4.4649,959183.7277,856206.9516
301558.SZ,20251105,2207.7046,5.2289,4.0451,709177.2495,197134.3175
300912.SZ,20251105,,4.0439,3.5812,199320.27,148901.3435
301511.SZ,20251105,798.486,5.0274,1.8632,2042873.602,1213902.1308
688355.SH,20251105,42.2182,2.2817,4.2934,243077.8572,243077.8572
600019.SH,20251105,17.2609,0.7977,0.5227,16292999.3923,16292999.3923
603507.SH,20251105,80.5674,1.8919,1.171,458173.0492,451885.9552
600886.SH,20251105,17.7425,1.7622,2.1628,11678557.1283,10875648.3238
688171.SH,20251105,378.2408,4.917,37.939,405630.8028,405630.8028
002666.SZ,20251105,62.115,1.2376,0.8058,437339.6121,277870.8516
000409.SZ,20251105,123.8721,4.9295,5.6021,775621.1377,659656.2452
600395.SH,20251105,214.7026,1.0543,1.1442,1107658.4453,1107658.4453
300906.SZ,20251105,40.4005,3.0547,17.2327,275120.0,248285.483
601890.SH,20251105,35.7148,2.8941,5.1868,1071649.8,1071649.8
301498.SZ,20251105,44.2595,6.5997,4.6799,2953487.195,1323445.6601
300535.SZ,20251105,,2.2988,2.9286,217463.0357,158623.4705
000533.SZ,20251105,53.1102,5.7863,2.3533,548507.904,543812.5056
003031.SZ,20251105,40.2688,3.9243,8.4998,2469514.403,1862357.9106
002009.SZ,20251105,,3.4931,2.4646,699483.547,615819.1475
600106.SH,20251105,38.6316,1.7144,78.6196,887788.7414,887788.7414
000586.SZ,20251105,345.8257,8.2028,5.4866,277779.84,277779.84
688013.SH,20251105,52.9235,7.6732,13.6623,429150.8128,429150.8128
601800.SH,20251105,6.8465,0.484,0.1897,14211227.774,10282575.6974
603228.SH,20251105,62.3649,5.9255,5.1576,7563142.1722,7493548.777
600100.SH,20251105,74.8206,1.8305,1.8641,2958312.8806,2958312.8806
600162.SH,20251105,,1.2266,4.2207,709251.0725,709251.0725
920195.BJ,20251105,21.9051,2.7901,2.067,223018.25,160976.6909
002889.SZ,20251105,36.991,2.2632,1.4641,567634.2104,377680.6832
000012.SZ,20251105,,1.1148,1.0518,1477002.9035,942431.2836
301121.SZ,20251105,122.7199,2.8327,3.6916,470906.1616,241069.1741
301056.SZ,20251105,44.7064,3.9627,5.5806,324946.1604,214362.9209
600278.SH,20251105,34.771,0.9419,0.2021,724561.8279,724561.8279
601098.SH,20251105,13.869,1.4104,1.7613,2196508.0,2196508.0
000897.SZ,20251105,25.6171,1.2949,2.6816,397848.9696,397841.442
600567.SH,20251105,,0.6798,0.3619,1040970.327,1040970.327
920475.BJ,20251105,,5.4155,9.1899,191306.58,79548.0208
301280.SZ,20251105,34.6167,3.9267,4.1158,732867.9901,203189.5051
920023.BJ,20251105,323.3273,1.2382,2.8539,151214.448,124189.5409
301139.SZ,20251105,193.6008,1.3174,2.295,257264.9728,161169.6852
301218.SZ,20251105,,2.6847,3.8879,246440.44,151418.7546
920866.BJ,20251105,44.8491,2.2076,3.227,167411.2811,86963.4457
002484.SZ,20251105,34.8707,3.9493,4.5002,2423993.2319,2338345.9553
688051.SH,20251105,,6.4782,18.6241,422784.978,422784.978
601138.SH,20251105,48.8882,9.25,1.9237,149412974.7682,149412974.7682
300813.SZ,20251105,227.6083,4.7412,11.7173,374626.7859,235073.8666
600238.SH,20251105,,30.9134,16.5568,313740.0,311690.106
601975.SH,20251105,12.8338,1.3554,2.7125,1555801.392,1555801.392
300618.SZ,20251105,52.9175,2.5819,2.1742,1443498.1412,1270106.9229
002671.SZ,20251105,28.2579,1.7157,1.9675,305522.3355,298242.8295
000923.SZ,20251105,21.9544,1.1252,2.2072,1155330.261,1111385.3966
002427.SZ,20251105,254.0436,7.297,2.9855,691773.8095,691263.2512
601799.SH,20251105,22.7383,3.2292,2.4256,3574706.5699,3574706.5699
300357.SZ,20251105,44.4282,6.5812,16.5437,1734633.792,1603704.7112
002639.SZ,20251105,254.5586,4.2233,4.0659,1058464.9839,891348.4492
688630.SH,20251105,75.2558,6.9505,13.1545,1538468.0814,1538468.0814
301591.SZ,20251105,47.7952,3.8347,8.0611,343630.2,138680.5416
300391.SZ,20251105,,,10.6242,123318.3114,123318.3114
688032.SH,20251105,345.7601,2.341,6.6582,1365429.3627,1365429.3627
605128.SH,20251105,53.5846,3.9935,3.4839,831253.0855,831253.0855
000983.SZ,20251105,24.7703,1.151,1.067,4201054.7837,3433758.0115
688338.SH,20251105,30.7354,1.7336,10.4937,288601.1856,288601.1856
002638.SZ,20251105,,2.2101,11.4077,455400.4086,428800.2761
301195.SZ,20251105,27.4593,1.8853,4.4295,454716.4591,301993.5419
002081.SZ,20251105,19.7972,0.6595,0.5331,905465.3779,901810.2671
300423.SZ,20251105,,3.1551,4.1032,425372.153,285023.213
603102.SH,20251105,22.7728,1.7019,3.2959,276992.0,276992.0
300359.SZ,20251105,,6.6107,9.9792,362900.0508,362881.8724
002452.SZ,20251105,20.2571,2.1342,3.0296,554576.884,461218.8823
688088.SH,20251105,88.6498,7.6613,23.4737,2039951.484,2039951.484
002853.SZ,20251105,,2.6323,3.8536,245290.2863,172593.1569
002044.SZ,20251105,70.3254,2.7521,2.0753,2176325.1812,2154070.5606
000151.SZ,20251105,,12.943,3.787,430822.4197,393232.6055
001278.SZ,20251105,,1.8882,1.0992,237939.3282,97177.8454
003009.SZ,20251105,,5.3639,11.3683,824843.9267,824839.7333
002689.SZ,20251105,77.0115,4.3024,4.0077,524785.2947,524584.4966
600578.SH,20251105,9.317,1.3636,0.8857,3240196.5713,3240196.5713
300685.SZ,20251105,31.2312,4.6251,8.0419,906014.6372,901528.298
600621.SH,20251105,30.5894,1.9463,8.5806,1734570.3424,1734570.3424
688090.SH,20251105,4795.4881,4.6382,5.102,411652.8953,411652.8953
301636.SZ,20251105,40.7846,3.202,3.9984,345588.7903,81928.5624
300797.SZ,20251105,41.1138,5.1382,5.5003,649966.8924,642864.099
600537.SH,20251105,,21.5364,2.0827,484139.4424,484139.4424
300404.SZ,20251105,525.5379,3.8184,5.0582,389578.915,283577.6818
301631.SZ,20251105,32.4463,3.5127,1.8716,878128.4555,184753.6485
601155.SH,20251105,117.294,0.5152,0.4439,3187195.0955,3187195.0955
603366.SH,20251105,44.5041,1.9471,1.759,808982.8605,808982.8605
300480.SZ,20251105,,4.7385,9.3082,607219.745,426000.3588
603616.SH,20251105,,9.946,2.668,249660.884,245178.934
688789.SH,20251105,27.8867,4.065,6.3614,1372443.7871,1372443.7871
301259.SZ,20251105,,6.5424,20.142,541320.0,343082.5019
300452.SZ,20251105,24.7365,3.4357,3.4287,320492.9614,255359.0749
000571.SZ,20251105,,34.6551,7.6411,491729.594,476999.4878
600581.SH,20251105,,,0.3703,683672.45,683672.45
000721.SZ,20251105,,23.2806,8.6567,506766.334,452414.152
002165.SZ,20251105,125.1903,3.0535,2.2292,624244.0916,617757.4421
300842.SZ,20251105,89.6322,4.8552,0.5225,865459.5619,769993.8271
002263.SZ,20251105,137.4756,2.5252,5.4286,698749.9572,698744.3772
301333.SZ,20251105,42.0726,3.3153,8.0671,636856.8021,376980.523
603885.SH,20251105,39.1341,2.9175,1.2985,2867598.9169,2867598.9169
688368.SH,20251105,194.4116,7.3951,5.6546,866675.7709,866675.7709
301200.SZ,20251105,88.1882,9.2385,10.611,5201849.3832,5151445.4148
002372.SZ,20251105,19.0502,3.5317,2.8224,1654127.4695,1528221.5753
300002.SZ,20251105,22.564,3.1492,3.9755,2388149.0733,2242320.4724
002063.SZ,20251105,41.1302,3.341,5.182,1258733.1981,1162293.3153
920100.BJ,20251105,80.8463,10.7791,9.7814,520576.9929,120607.2733
300311.SZ,20251105,,5.7311,8.0536,338835.9655,270316.7738
002145.SZ,20251105,48.0396,1.7253,2.7798,2082249.6841,2039693.4703
300310.SZ,20251105,,2.8424,2.2476,542219.9966,425512.6243
600338.SH,20251105,28.9857,2.973,5.9337,1295435.8081,1295435.8081
300255.SZ,20251105,,33.0748,54.0735,5018072.3939,5010619.4939
002116.SZ,20251105,14.018,1.8911,0.7301,500078.3648,490923.3722
000959.SZ,20251105,27.3775,0.6629,0.3227,3342390.9365,3242275.5179
000027.SZ,20251105,18.2904,1.0303,0.7801,3372989.4504,3372989.4504
300292.SZ,20251105,60.5647,4.51,1.4355,631971.3028,525610.0069
688258.SH,20251105,136.4477,8.9415,22.8205,782578.851,782578.851
688073.SH,20251105,41.9775,3.2138,5.0683,643542.1548,306141.1719
300855.SZ,20251105,80.8658,5.4257,10.315,1069517.176,792153.3972
301215.SZ,20251105,41.6916,3.0838,16.0406,900252.0,899232.0
002839.SZ,20251105,5.7357,0.6224,2.3702,1126843.033,1125800.7355
601916.SH,20251105,6.0249,0.4737,1.3113,8404178.6047,6592597.4047
301632.SZ,20251105,86.1041,4.5002,10.1857,1199592.96,197362.6678
000949.SZ,20251105,44.7141,1.2111,1.0632,802555.7232,802340.3751
002380.SZ,20251105,22.4137,2.8558,3.714,695495.7988,410796.9772
603013.SH,20251105,23.2917,2.8283,1.4033,1265607.5828,1265607.5828
603268.SH,20251105,48.4068,7.5299,5.1257,6075130.6202,777048.3504
603739.SH,20251105,47.0515,2.2165,2.8269,393206.8578,393206.8578
301178.SZ,20251105,,5.2031,13.5499,401116.8,296858.052
002446.SZ,20251105,,3.1159,6.6594,792750.017,734175.1383
600515.SH,20251105,207.1348,2.7274,14.092,6421023.9963,5156919.0295
300148.SZ,20251105,60.9086,4.0045,8.0848,412928.5581,398917.769
603878.SH,20251105,137.1593,2.1986,2.5202,574537.6645,574537.6645
002443.SZ,20251105,24.7899,1.2482,0.9728,426839.1264,425929.789
301141.SZ,20251105,181.2577,5.6065,10.0672,716660.3917,257193.8317
300886.SZ,20251105,75.515,3.7841,6.0881,219831.322,128276.4757
600050.SH,20251105,17.9719,1.0096,0.4334,17007847.3779,16737153.4131
300149.SZ,20251105,,4.4292,5.1962,555229.8511,529126.5604
002197.SZ,20251105,,3.0059,7.745,622964.009,541476.0122
688270.SH,20251105,123.3023,5.7813,30.3936,1286664.1676,1286664.1676
300093.SZ,20251105,,,12.5428,308880.0,308389.224
600026.SH,20251105,20.28,1.494,2.9224,6782339.0612,4312197.5062
002947.SZ,20251105,23.6113,4.0104,4.7567,1307948.6603,982225.2737
002248.SZ,20251105,184.9737,43.585,12.7333,415119.06,415119.06
603015.SH,20251105,111.6243,3.7159,6.4237,518208.758,518208.758
300376.SZ,20251105,163.5272,1.8919,3.9648,1266562.8189,1266124.5861
600686.SH,20251105,34.8004,3.5216,0.4594,1143690.6301,1143690.6301
301176.SZ,20251105,,3.0144,2.8143,457325.3342,152441.779
000623.SZ,20251105,9.7338,0.824,10.675,2499421.3588,2489238.8914
301059.SZ,20251105,41.8337,4.7219,6.6091,288480.192,258007.8084
300045.SZ,20251105,,9.8212,23.7385,1577167.0617,1228825.3589
000518.SZ,20251105,,7.37,7.7391,264595.9491,264590.6731
600167.SH,20251105,26.3133,1.6845,5.4231,1826112.2536,1826112.2536
600768.SH,20251105,81.7579,4.6627,1.1396,180558.72,180558.72
300051.SZ,20251105,,16.1304,5.3969,261239.9564,258147.1901
603299.SH,20251105,15.9923,1.3601,1.7986,837155.9343,832432.0671
002108.SZ,20251105,50.2676,1.5632,2.7402,784732.7461,784209.1461
002028.SZ,20251105,39.7807,7.5655,5.7931,10935996.4548,8533175.343
300079.SZ,20251105,301.7013,1.9102,10.5909,805705.855,724036.0056
002965.SZ,20251105,41.8461,2.4412,1.3825,1041352.5287,782530.3937
300635.SZ,20251105,,5.4764,3.116,206697.65,177613.7401
600025.SH,20251105,21.0961,2.6441,6.9586,18165316.9006,17550000.0
688132.SH,20251105,,2.2053,12.0039,304145.9576,216774.4446
688259.SH,20251105,56.0167,2.9269,10.1386,461097.6,461097.6
300643.SZ,20251105,28.1931,3.6998,3.9712,468057.1771,467242.1447
300207.SZ,20251105,40.2197,2.6898,1.0905,6682271.6672,6198949.1705
601995.SH,20251105,18.6101,1.7929,6.1089,17498806.1465,10597841.345
301316.SZ,20251105,205.6271,18.9554,9.6756,2087064.0,2066451.66
601116.SH,20251105,56.0722,2.3709,1.9583,762368.3328,762368.3328
605016.SH,20251105,25.9469,4.5275,6.5385,850104.9357,850104.9357
600148.SH,20251105,309.0365,6.1539,3.9928,292231.4693,292231.4693
603019.SH,20251105,74.0115,7.4058,11.2015,15599740.489,15595380.584
601288.SH,20251105,9.9209,1.0454,3.9695,286286121.7081,261141764.4156
600612.SH,20251105,14.9942,1.8788,0.4628,2416280.9519,1464729.381
002352.SZ,20251105,18.3871,2.033,0.6595,19971262.7109,18911510.0051
688312.SH,20251105,37.4785,3.1418,7.8864,464427.0942,464427.0942
300577.SZ,20251105,16.6459,2.6264,1.1406,562793.4692,327918.1038
000504.SZ,20251105,,13.4146,25.9086,325072.7515,324185.562
002001.SZ,20251105,10.2451,2.3349,3.2827,7376212.032,7288468.6272
688131.SH,20251105,53.6757,5.2738,5.8406,1582901.6955,1582901.6955
300905.SZ,20251105,43.3063,3.1208,4.2806,603225.6375,469118.9558
605366.SH,20251105,,2.0098,2.7814,406339.9344,406339.9344
688558.SH,20251105,25.4813,2.2577,3.1333,378972.0,378972.0
603007.SH,20251105,,10.9868,24.7809,523506.9723,298398.9745
300189.SZ,20251105,,7.6312,28.9331,557056.0,482114.6003
002266.SZ,20251105,25.9123,2.0627,1.1104,2421741.9305,2272115.6863
300623.SZ,20251105,48.32,3.9909,7.0498,2354786.1708,2171751.0815
603062.SH,20251105,22.2318,2.5725,2.5084,525204.0,184241.5632
300585.SZ,20251105,,5.0101,8.046,356937.7775,356937.7775
601717.SH,20251105,9.223,1.8002,1.0441,4168908.8366,3600956.9796
603030.SH,20251105,,5.7992,5.9557,513604.0728,513604.0728
300735.SZ,20251105,67.3362,4.442,2.7569,2194170.1099,2165456.0064
603202.SH,20251105,14.3166,2.3558,3.6077,1523680.0,316754.3879
600699.SH,20251105,36.6311,2.9135,0.6889,4173054.9834,4051610.3956
600538.SH,20251105,,3.9882,9.7356,307704.4303,307704.4303
301318.SZ,20251105,33.0879,2.1534,5.4645,403906.1884,227354.4621
300474.SZ,20251105,,5.4568,73.1802,3804667.9434,2959131.6955
301501.SZ,20251105,28.8768,3.3961,3.8522,701046.0,175261.5
300473.SZ,20251105,55.1191,2.8305,1.0106,482359.0577,479409.7117
600727.SH,20251105,58.5666,1.2291,0.715,393794.4356,393749.7356
002871.SZ,20251105,27.851,3.663,6.231,401706.8828,238285.8672
301373.SZ,20251105,24.8633,2.1796,7.0657,354703.7376,125805.8042
600846.SH,20251105,34.3238,2.2018,2.5338,906528.9597,906528.9597
600928.SH,20251105,6.6382,0.5126,1.7087,1768888.8891,1760494.9183
920974.BJ,20251105,48.176,2.2935,1.381,148566.6,116505.7772
002902.SZ,20251105,,6.0064,3.137,507149.5558,383330.3869
301019.SZ,20251105,30.0568,3.0893,7.1001,334655.99,215991.0799
300640.SZ,20251105,186.7999,2.775,2.2335,225470.2346,160043.1193
002460.SZ,20251105,,3.306,7.0184,13760304.2104,8092016.8168
002520.SZ,20251105,,17.7456,3.7286,456149.064,436203.624
688111.SH,20251105,89.2734,13.128,28.0713,15923177.7348,15923177.7348
002933.SZ,20251105,127.4297,2.5875,9.799,395938.9,384936.4446
600867.SH,20251105,14.5067,2.4947,6.4871,1778356.8887,1778356.8887
600389.SH,20251105,20.4027,2.4999,1.725,975422.25,975422.25
002172.SZ,20251105,80.2243,19.2928,1.8029,336922.2384,336719.6712
300985.SZ,20251105,,3.9902,2.8998,402680.4443,402680.4443
600495.SH,20251105,162.1967,1.9445,4.8416,635508.406,635508.406
301263.SZ,20251105,558.5066,7.5006,19.2849,1300745.8575,928062.5701
301103.SZ,20251105,326.4175,1.8155,3.1925,346710.0774,346710.0774
300201.SZ,20251105,21.5053,3.4015,3.0547,574145.8124,572097.1324
605218.SH,20251105,89.5782,3.3166,1.9935,438011.2607,438011.2607
002245.SZ,20251105,28.9771,2.8142,2.6949,2083781.8298,1959806.8287
000703.SZ,20251105,100.0221,1.0051,0.2045,2341701.7741,2329319.6641
688005.SH,20251105,,2.366,1.5046,1918323.1615,1918036.7304
920039.BJ,20251105,46.3999,3.8272,6.684,204272.96,204272.8272
601398.SH,20251105,7.9105,0.7587,3.4727,290114693.2704,219464341.0067
002031.SZ,20251105,,8.021,24.681,1704531.6443,1502534.033
920261.BJ,20251105,20.8335,2.9328,0.6458,475710.9102,278675.78
300341.SZ,20251105,53.0679,5.0547,6.6773,972731.4317,968892.8477
605123.SH,20251105,32.6566,1.8224,2.4349,830868.8064,830868.8064
600717.SH,20251105,15.9375,0.704,1.1265,1403590.5034,1403590.5034
301262.SZ,20251105,28.0087,2.8454,11.6951,1092957.0,319959.6024
605068.SH,20251105,,3.0165,3.1385,453669.1905,453669.1905
688033.SH,20251105,,1.2549,6.0115,413778.1667,413778.1667
603280.SH,20251105,55.9393,3.4416,4.683,467341.1414,120456.5264
600481.SH,20251105,,3.2482,1.5302,1341620.3066,1341620.3066
002845.SZ,20251105,,1.9654,0.4582,467416.283,357085.8459
002615.SZ,20251105,23.5533,2.2391,1.1201,380940.737,249888.1976
301030.SZ,20251105,,3.5756,,300741.6284,300329.0851
920223.BJ,20251105,,16.0071,10.3201,401863.175,208446.4813
000910.SZ,20251105,54.6476,0.6356,0.8571,426970.05,426803.91
002056.SZ,20251105,15.1407,3.4756,1.5806,3562499.4421,3558819.2237
600188.SH,20251105,15.3336,2.9797,1.1312,15548057.3627,9176138.2691
002459.SZ,20251105,,2.1165,0.9121,4795729.4948,4790036.8331
688188.SH,20251105,37.0271,6.7499,19.1291,3929614.3065,3929614.3065
603022.SH,20251105,41.1375,2.632,2.268,215800.0,215800.0
300009.SZ,20251105,26.937,4.3208,6.989,1801305.3949,1315771.124
603079.SH,20251105,62.5106,2.4235,4.5467,381839.8405,345801.6952
300681.SZ,20251105,46.9899,3.3926,2.4935,793013.4292,557461.7788
002560.SZ,20251105,56.1671,1.7917,0.6032,479999.3144,413530.5698
300299.SZ,20251105,,10.9838,12.2911,472165.2581,471428.5901
002879.SZ,20251105,66.047,1.9711,2.3226,346821.3214,247639.673
920267.BJ,20251105,192.0201,5.2667,2.4862,137003.2413,79176.3506
920057.BJ,20251105,,1.9258,1.0437,137760.1057,87693.04
300399.SZ,20251105,355.0802,10.5948,11.3078,543795.2,543742.1552
688201.SH,20251105,310.8475,3.7865,9.498,492539.8762,469830.2594
603387.SH,20251105,20.3822,1.5812,4.0809,425501.8008,425501.8008
300767.SZ,20251105,,3.5554,10.9614,574685.3382,498975.3538
300758.SZ,20251105,73.2102,3.1919,3.7294,571702.3432,515759.8237
000528.SZ,20251105,16.5608,1.3297,0.7354,2424506.2618,2422691.3401
300133.SZ,20251105,60.1825,2.1,7.2641,1516281.5977,1294619.8075
300956.SZ,20251105,291.8397,2.9493,1.8281,405004.0008,395650.5045
600348.SH,20251105,19.2643,1.0676,1.2588,2947327.5,2947327.5
002471.SZ,20251105,,3.7344,1.2038,651529.76,636829.5772
300193.SZ,20251105,18.6427,1.9056,3.5691,439102.3202,386922.5296
300783.SZ,20251105,41.6524,3.1839,0.8441,946331.9284,660304.1044
300700.SZ,20251105,,5.2829,11.1665,459759.377,313366.7841
600873.SH,20251105,8.39,1.9628,1.2856,3163184.5812,3163184.5812
603059.SH,20251105,,2.9286,2.0885,308176.6116,308176.6116
600096.SH,20251105,9.5421,2.2212,1.0264,5379645.6472,5379645.6472
002932.SZ,20251105,615.3141,0.7852,12.4319,436674.3572,293127.9324
002597.SZ,20251105,20.9144,1.4885,2.3449,1126409.9982,1123434.8973
601811.SH,20251105,10.8673,1.1823,1.5031,1771795.676,1137174.0004
920751.BJ,20251105,40.0813,4.7902,8.4812,188659.72,180435.7498
600355.SH,20251105,,16.0642,6.3308,169278.6848,169278.6848
601869.SH,20251105,106.8787,5.1747,4.4419,6120083.7471,3281181.8856
300534.SZ,20251105,110.1331,4.4795,3.512,309108.555,307790.4663
600777.SH,20251105,16.144,1.1766,3.6462,2767801.8008,2591024.0231
600759.SH,20251105,28.1876,1.331,5.4051,1170020.617,1168519.39
600459.SH,20251105,19.4615,1.6676,0.2217,1235446.3869,1225743.1213
600962.SH,20251105,99.1325,5.985,2.476,564275.92,564275.92
601985.SH,20251105,23.8546,1.6195,2.2847,18716881.8873,17183789.229
600642.SH,20251105,10.2475,1.1099,1.4468,4076768.1202,4076546.3589
600295.SH,20251105,17.4283,1.5201,1.208,3193403.7058,2254132.5058
600444.SH,20251105,63.2662,4.0429,4.0173,294454.5053,294454.5053
605100.SH,20251105,181.3835,3.4792,8.2374,614628.0,611755.2
301399.SZ,20251105,92.4224,2.7714,7.4333,363379.28,107398.5629
600606.SH,20251105,,0.4416,0.1214,2529759.2965,2529759.2965
300320.SZ,20251105,27.9845,2.4032,1.6366,592816.9123,478986.7215
003036.SZ,20251105,73.2335,2.6457,2.5097,365923.9687,365922.1921
301233.SZ,20251105,32.707,2.9504,6.4548,284937.92,110250.132
300313.SZ,20251105,,77.6214,29.7319,266969.7188,168341.929
605118.SH,20251105,41.8484,7.7686,14.7351,1153200.672,1143181.728
300890.SZ,20251105,335.1921,2.139,2.9781,438874.3539,400897.7562
301309.SZ,20251105,25.6599,1.8713,3.4736,302709.0784,76884.0784
002436.SZ,20251105,,6.8272,5.3832,3681492.9375,3271737.0565
301290.SZ,20251105,,1.2294,6.5021,262153.6151,178383.6178
002173.SZ,20251105,,5.8725,13.0224,1045843.9142,986641.5299
300936.SZ,20251105,,2.926,12.6128,292528.0,184620.4698
002268.SZ,20251105,95.4825,2.8047,6.7629,1509460.4082,1508856.7658
688507.SH,20251105,237.6312,3.1411,21.373,858919.569,474583.2015
001316.SZ,20251105,29.514,3.1757,3.9942,396984.1008,384587.9719
603838.SH,20251105,,2.9339,7.8434,274573.728,274573.728
002519.SZ,20251105,,2.314,110.3788,531675.3839,528066.7376
603529.SH,20251105,11.8245,2.9095,1.0973,2769041.6678,2700327.5364
000900.SZ,20251105,17.7743,0.5874,0.9253,654184.012,654154.9195
600958.SH,20251105,17.6406,1.168,5.1068,9099907.1077,7999816.1473
601156.SH,20251105,9.7801,1.346,1.085,2563902.2229,1525521.8229
600770.SH,20251105,148.1746,2.1118,17.2418,724100.0,724100.0
600097.SH,20251105,26.4432,1.2009,1.2187,278522.6622,278522.6622
688089.SH,20251105,23.5995,2.4598,6.7129,400407.3965,400407.3965
603813.SH,20251105,,5.7139,7.5701,311684.52,311684.52
300174.SZ,20251105,24.3638,1.7247,3.1511,596940.78,594862.2052
300276.SZ,20251105,266.8934,6.5424,8.0135,1297365.8087,978896.8805
300122.SZ,20251105,,1.7228,4.6315,5053290.1559,2985600.4895
301387.SZ,20251105,98.1443,2.4559,2.6253,404465.156,161730.9036
002419.SZ,20251105,313.5634,1.603,0.5644,655723.5878,655647.6637
300031.SZ,20251105,53.5942,2.3886,2.9302,970236.0923,815356.6838
600893.SH,20251105,424.8987,2.5851,2.2943,10286528.1644,10284716.4411
688029.SH,20251105,25.1233,3.7722,4.9176,1536028.3697,1536028.3697
301116.SZ,20251105,,3.4034,0.2621,501959.185,501956.6695
300885.SZ,20251105,79.4301,6.1535,19.1299,540970.924,364098.7495
688199.SH,20251105,,1.4978,2.6309,384526.9936,384526.9936
603087.SH,20251105,41.4102,3.3978,9.9639,3833503.291,3580336.3664
600579.SH,20251105,,2.8389,1.292,465465.5157,465465.5157
603559.SH,20251105,,3.3691,7.6563,320620.3062,320620.3062
002658.SZ,20251105,26.1886,2.097,3.6986,544847.1119,307369.6909
603867.SH,20251105,25.391,2.408,1.9785,588321.2192,588321.2192
688658.SH,20251105,,2.6976,3.6308,925200.0,925200.0
601279.SH,20251105,,1.668,1.6119,704088.9773,704088.9773
600908.SH,20251105,5.8586,0.6081,2.7919,1358507.9692,1237574.5396
001335.SZ,20251105,35.5096,3.8016,2.6347,365303.0653,91325.7663
301252.SZ,20251105,39.8195,3.5254,3.7648,456158.4,128294.55
300180.SZ,20251105,299.3615,2.6999,3.1144,1273246.4921,1238235.8584
605339.SH,20251105,90.8787,2.1316,2.3263,726385.5346,726385.5346
601000.SH,20251105,13.4747,1.1475,4.3483,2405927.0173,2405927.0173
002262.SZ,20251105,19.9521,3.0271,4.0728,2453124.5979,2134638.9695
600138.SH,20251105,55.3228,1.112,0.6487,709363.2,709363.2
300324.SZ,20251105,,3.652,3.5737,1007185.3169,996924.6644
920592.BJ,20251105,454.237,10.7326,18.4743,369394.74,226933.8763
300850.SZ,20251105,27.1563,3.0294,4.5197,2078296.8059,1509648.4172
300082.SZ,20251105,,2.2161,1.3678,606647.5944,604961.503
002708.SZ,20251105,101.2857,4.4518,3.0233,753773.3737,689267.4586
600733.SH,20251105,,22.5666,2.3457,4709610.1778,4133496.5732
600119.SH,20251105,,27.5153,14.6098,328378.0626,328378.0626
301321.SZ,20251105,,3.214,1.0113,312278.625,247173.2192
601702.SH,20251105,13.6153,2.7672,1.3783,1696503.4894,1696503.4894
603373.SH,20251105,38.9871,2.8249,1.8398,504516.1303,213158.0667
300421.SZ,20251105,119.7336,5.2989,6.2154,672447.7169,526796.8927
600755.SH,20251105,28.9192,0.722,0.046,1419380.4084,1415753.2354
600415.SH,20251105,23.0454,4.3652,5.3251,9683965.5931,9683965.5931
600486.SH,20251105,20.4763,2.2377,2.1788,2521986.4574,2513213.4165
002513.SZ,20251105,,,1.3567,297962.6136,222234.1776
300682.SZ,20251105,,2.7689,4.4528,1881790.8593,1801349.0725
002714.SZ,20251105,12.1747,3.8112,1.7653,27002477.1963,18835771.8957
688419.SH,20251105,43.9208,3.1103,10.9405,318453.6398,85548.9372
300225.SZ,20251105,107.3022,3.4534,3.8445,298094.3529,297860.7954
300988.SZ,20251105,31.4497,2.5418,1.685,323525.7052,245980.6672
002494.SZ,20251105,140.2308,1.7201,5.2951,210916.6914,160304.6748
601512.SH,20251105,18.67,0.984,4.4963,1483901.1,1483901.1
688571.SH,20251105,30.0966,2.1264,2.7278,342305.7549,342305.7549
002575.SZ,20251105,,4.8106,9.48,398875.5,382453.993
600650.SH,20251105,69.9102,2.0267,5.0979,867682.6983,614350.998
300157.SZ,20251105,175.5934,,6.8897,386016.106,362406.2116
600651.SH,20251105,408.0396,8.1259,10.5904,2025678.6361,2025678.6361
605033.SH,20251105,106.3743,2.7609,3.6343,316773.6,316773.6
000816.SZ,20251105,,2.388,3.9434,489090.5015,485513.4995
300538.SZ,20251105,,3.0662,0.8881,295071.9254,196238.0723
300766.SZ,20251105,,9.2563,30.8297,1453468.6053,1319076.6399
688021.SH,20251105,,1.8193,4.4396,156036.8101,156036.8101
001210.SZ,20251105,35.9549,2.094,2.396,271599.5548,165057.9407
688468.SH,20251105,57.3757,2.3009,9.1727,324095.264,324095.264
600663.SH,20251105,28.2417,1.6905,2.1638,4279880.6272,2682331.1127
002552.SZ,20251105,34.4195,4.7703,2.1733,643279.6788,610978.4532
300344.SZ,20251105,,13.9753,13.1237,315719.5567,314877.1297
688401.SH,20251105,37.5765,5.9782,8.252,907701.8154,907701.8154
300226.SZ,20251105,41.674,3.9531,0.1128,840787.1112,808166.2416
300627.SZ,20251105,35.7073,6.1568,6.804,2450646.3024,2019155.3625
600082.SH,20251105,52.815,1.7947,4.2552,319181.218,313361.6935
603958.SH,20251105,,5.2187,2.7403,359311.68,359311.68
603788.SH,20251105,19.1208,1.7943,2.4258,370734.143,370734.143
605259.SH,20251105,15.734,2.1714,1.5241,389632.32,389632.32
002117.SZ,20251105,30.763,4.3764,4.8656,617467.0059,617270.9677
920925.BJ,20251105,130.7957,9.6163,13.0533,358298.2799,201218.6979
002634.SZ,20251105,,,4.704,265046.4,257638.8884
000859.SZ,20251105,,2.0873,2.522,568944.9321,568912.5471
688360.SH,20251105,69.8999,4.0678,3.8452,597911.4271,571932.4413
688737.SH,20251105,,1.5346,1.6252,276074.4513,276074.4513
300286.SZ,20251105,32.8756,2.994,6.1718,669344.2442,565372.746
603883.SH,20251105,30.9871,1.9061,0.5829,1293907.8524,1293907.8524
300517.SZ,20251105,,2.5418,8.5101,256528.1254,158751.8374
600638.SH,20251105,25.0,0.8825,1.8849,406731.6587,406731.6587
300417.SZ,20251105,,4.1119,11.3008,188792.1696,122849.8199
002756.SZ,20251105,41.5833,2.032,3.3995,2512213.1764,1811484.7871
920245.BJ,20251105,88.9622,4.3521,4.5542,151221.885,115621.7124
688022.SH,20251105,,4.0445,4.9717,280174.1701,280174.1701
002404.SZ,20251105,23.4435,1.9092,0.8225,377474.7386,307200.5027
600057.SH,20251105,11.3758,1.5004,0.0638,2459950.3676,1812113.802
000921.SZ,20251105,10.699,2.1282,0.3844,3602023.9058,2388036.5263
002496.SZ,20251105,,1.9918,7.6344,263828.1935,194679.1474
601018.SH,20251105,15.7636,0.9303,2.4699,7353758.8148,7353758.8148
600749.SH,20251105,146.037,3.9637,20.885,426468.2064,426468.2064
002657.SZ,20251105,,5.8185,8.5924,1011654.6851,1000453.8696
001259.SZ,20251105,440.2309,3.0188,5.3115,215615.4418,139305.3821
000981.SZ,20251105,,23.0433,11.2563,3879018.7045,3691182.1641
301032.SZ,20251105,35.3327,2.6827,1.3903,323601.0228,214549.2641
000408.SZ,20251105,24.7765,5.678,25.7757,8579713.4707,8579623.3147
600117.SH,20251105,,2.5814,1.7517,1038381.6394,1038381.6394
000601.SZ,20251105,110.2907,1.3804,1.2243,578095.1429,570168.3598
600919.SH,20251105,5.9684,0.7999,2.3813,20406672.8029,20406672.8029
300980.SZ,20251105,92.8208,2.9833,7.212,420714.4149,299351.3677
605266.SH,20251105,25.0721,1.2211,0.3525,320676.5756,320676.5756
603326.SH,20251105,16.4596,2.5642,2.0204,293961.9525,293961.9525
601388.SH,20251105,182.1632,1.5432,0.9354,706592.4597,706592.4597
600449.SH,20251105,22.7778,0.8975,1.1224,665149.8294,665149.8294
920526.BJ,20251105,135.8118,9.632,18.9194,216343.2,136993.3434
301365.SZ,20251105,71.7456,2.4686,6.3558,414900.0,106836.75
600608.SH,20251105,,38.7316,196.1306,150618.54,145814.12
688102.SH,20251105,101.6831,8.0531,9.4976,1461987.1319,1383127.6057
300081.SZ,20251105,,3.2165,9.2213,341709.4106,341657.6707
603051.SH,20251105,,2.0014,2.165,352359.7133,352359.7133
000966.SZ,20251105,106.8355,1.1478,1.0573,1583870.9323,1483992.8831
600101.SH,20251105,34.4288,1.8147,1.8538,563202.6202,563202.6202
605296.SH,20251105,23.9552,3.0651,2.9476,1600531.4749,1579852.4749
002144.SZ,20251105,109.1276,1.1198,4.1801,237922.3627,185269.1955
300485.SZ,20251105,72.839,1.7353,14.7053,591486.3392,336247.4995
688181.SH,20251105,74.3932,2.1725,5.4009,450378.6976,450378.6976
301609.SZ,20251105,62.9802,6.7919,11.9286,836388.8,178442.5029
301345.SZ,20251105,32.4286,6.9918,6.7668,2388174.6549,636369.0174
600461.SH,20251105,10.0092,1.2455,1.5007,1201969.2466,1201969.2466
603117.SH,20251105,471.9121,3.1998,12.5617,329558.7581,329558.7581
600405.SH,20251105,,17.5318,8.5002,363407.9457,361800.8024
920906.BJ,20251105,38.0572,3.4595,2.635,201471.97,102901.1745
601956.SH,20251105,37.3024,1.8779,0.7641,478023.1577,478023.1577
300389.SZ,20251105,33.5732,3.9397,1.6218,618981.2316,391045.0753
301123.SZ,20251105,,3.5647,4.8231,1032416.0,1027840.0
000663.SZ,20251105,,2.5883,8.1533,259246.6253,235851.9209
605588.SH,20251105,,3.8081,2.8076,389969.2109,388012.4698
688248.SH,20251105,75.8821,8.8265,9.4029,2823500.0,1142000.0
601113.SH,20251105,12.6981,1.1255,0.8788,447181.6515,447181.6515
688429.SH,20251105,,4.5197,6.8049,652401.3048,195438.2725
000793.SZ,20251105,,55.6247,18.7884,637121.3008,625561.7482
300444.SZ,20251105,88.087,4.4355,1.8725,789840.214,614610.7853
000709.SZ,20251105,27.0867,0.5044,0.2022,2604954.5152,2604523.9243
002391.SZ,20251105,,0.9433,1.0509,402097.7885,287290.782
003028.SZ,20251105,32.0966,2.6843,3.3724,465969.42,227132.9943
001376.SZ,20251105,33.6272,5.0157,5.476,586725.7,272107.3309
300033.SZ,20251105,79.8364,25.3098,37.1393,18989107.2,9731408.1321
301223.SZ,20251105,21.8897,1.2205,1.1635,362307.3026,210140.2526
000655.SZ,20251105,21.3158,1.6817,3.4654,585219.4461,585219.4461
605009.SH,20251105,23.5802,2.0644,1.938,698969.83,697513.83
688458.SH,20251105,,2.4031,8.2732,445031.1497,339423.4786
603271.SH,20251105,21.1079,2.9405,0.8925,828387.92,165744.96
600674.SH,20251105,16.9651,1.6463,43.9462,7307035.6352,7307035.6352
603198.SH,20251105,16.3073,3.3623,5.3815,3415200.0,3415200.0
002603.SZ,20251105,,2.905,4.9275,2963831.337,2442526.115
002351.SZ,20251105,27.6345,3.9477,3.9782,1135389.639,665389.5017
300816.SZ,20251105,47.1735,3.7695,3.3972,341520.0,241918.1296
001266.SZ,20251105,79.2139,3.4773,4.1659,326532.2904,182576.0697
002190.SZ,20251105,,2.8027,6.4038,1468996.6596,1468996.6596
002728.SZ,20251105,76.2079,3.3689,6.5733,607394.9553,446148.1857
300963.SZ,20251105,137.264,9.5167,10.9773,1050285.6,662755.0372
002444.SZ,20251105,14.4615,1.9601,2.4543,3649130.846,3504185.1368
603648.SH,20251105,36.2733,2.1742,2.8751,397929.2544,397929.2544
601825.SH,20251105,6.9076,0.6786,3.2879,8544977.7783,8305755.0831
301232.SZ,20251105,,2.5572,1.4511,360929.5903,214492.2065
000753.SZ,20251105,178.5315,3.6612,3.255,1003378.8439,1003378.8439
603569.SH,20251105,76.6073,1.8213,1.0553,512377.6561,512377.6561
002291.SZ,20251105,,2.1853,1.9527,659559.4739,612716.5646
300721.SZ,20251105,,2.0914,1.5254,236060.5302,198119.59
002167.SZ,20251105,39.0298,5.7247,8.109,1002427.2502,980078.1401
920641.BJ,20251105,235.9042,4.72,3.2744,168243.075,100070.107
001368.SZ,20251105,30.3143,2.1019,2.799,301895.5755,85092.3345
300169.SZ,20251105,,,4.9867,231448.8814,214232.4052
603721.SH,20251105,,5.7656,9.6667,265200.0,265200.0
300171.SZ,20251105,75.0226,1.6522,2.4832,1297312.6998,953141.5594
301203.SZ,20251105,22.1052,1.9987,9.1934,284880.0,156123.1425
301087.SZ,20251105,28.6273,1.9438,2.9253,916222.242,851967.4297
300959.SZ,20251105,394.252,7.5284,11.7009,844504.8424,550148.6413
688661.SH,20251105,199.9349,6.2458,8.8404,773109.0343,773109.0343
600166.SH,20251105,30.1712,1.4946,0.4001,2296046.1064,2296046.1064
920871.BJ,20251105,89.8263,6.0799,9.3564,160367.7838,83270.8701
002356.SZ,20251105,117.491,7.5573,6.6542,469429.1185,469426.4335
300160.SZ,20251105,22.0766,1.7591,2.7244,460675.99,454366.2721
600223.SH,20251105,36.9865,1.8914,2.0968,791907.0757,791907.0757
002685.SZ,20251105,57.7855,4.7535,8.6985,746698.765,746599.2302
688315.SH,20251105,34.9187,2.3573,2.8157,611814.0,611814.0
301656.SZ,20251105,60.0379,7.5036,3.4716,6937821.7754,481453.6757
603027.SH,20251105,29.8654,3.8224,4.5494,1261136.6398,1182136.1372
603990.SH,20251105,,6.0462,15.4323,504141.3752,504141.3752
603666.SH,20251105,,3.194,12.5198,676195.0818,676195.0818
001339.SZ,20251105,80.8277,6.2333,3.3218,1403731.6314,664120.704
002006.SZ,20251105,52.038,4.7341,6.0187,1137827.8402,1137827.8402
688523.SH,20251105,101.9064,6.1663,19.3382,1037950.88,246212.1553
603353.SH,20251105,490.2091,2.3608,1.3862,389367.09,385996.77
002958.SZ,20251105,6.1151,0.4952,1.7109,1816687.9823,1778763.6312
603175.SH,20251105,133.0142,11.4093,7.3815,3285149.406,330742.7982
002982.SZ,20251105,97.337,1.9304,0.6818,306213.3083,195722.9512
002300.SZ,20251105,64.8454,2.7659,0.4196,522969.5988,522923.6306
600657.SH,20251105,,0.5802,1.4888,1075158.2303,1075158.2303
002867.SZ,20251105,13.7878,2.2834,1.4507,1429569.1171,1421170.4909
300369.SZ,20251105,,2.7041,2.8083,663899.3255,661797.805
600858.SH,20251105,76.4121,1.0948,0.5576,296437.9557,295002.3765
920394.BJ,20251105,50.9646,7.9401,13.1348,616443.75,610389.9563
301581.SZ,20251105,57.2018,4.0793,4.9784,409760.0,102440.0
603095.SH,20251105,41.8087,1.9304,3.5401,447580.5236,447580.5236
600150.SH,20251105,37.8098,1.9276,2.0956,27205120.9561,27205120.9561
300536.SZ,20251105,,5.6006,14.6291,250761.3537,250743.1747
605319.SH,20251105,17.3424,2.9802,2.7653,773340.4511,665130.3771
300595.SZ,20251105,29.8975,3.0153,8.0977,1470064.74,1097668.3959
603255.SH,20251105,,2.7926,5.2201,443545.4428,199924.9422
301219.SZ,20251105,23.1404,2.0907,2.5591,1895031.4803,1857995.992
000561.SZ,20251105,,3.0625,6.3923,965972.3901,672739.3029
600398.SH,20251105,14.2036,1.6665,1.4095,3001731.435,3001731.435
920885.BJ,20251105,117.3613,9.0289,19.1537,360600.8089,184073.2786
600031.SH,20251105,24.1042,2.3956,2.3205,19869267.6423,18491119.0607
000883.SZ,20251105,18.3389,0.8902,1.7075,3098132.8543,3097323.585
603033.SH,20251105,,3.9755,2.3912,1156965.5076,1136059.8022
603499.SH,20251105,40.3089,5.8936,4.9518,515318.2462,515318.2462
603201.SH,20251105,13.7381,2.0255,1.184,352412.3843,347948.1413
002541.SZ,20251105,19.697,1.2615,0.5605,1207529.9985,868221.2228
002478.SZ,20251105,10.936,1.1393,1.1691,672900.7583,539874.7817
300638.SZ,20251105,72.0223,3.7844,3.2608,2392718.1525,1415985.8434
600660.SH,20251105,19.3022,5.2927,3.963,17532257.048,13456062.1784
600016.SH,20251105,5.8132,0.314,1.2327,17644314.6563,14291235.6548
601619.SH,20251105,19.8322,1.6635,5.4123,1336909.1605,1117466.9296
300162.SZ,20251105,,3.7451,2.854,334769.0039,273045.1004
301079.SZ,20251105,,6.0955,10.7879,288234.6912,183963.6766
601595.SH,20251105,113.609,8.1108,16.2527,1386730.8,1386730.8
600408.SH,20251105,,3.0703,0.7853,416815.2,416815.2
688096.SH,20251105,,2.241,3.8422,201340.0762,201340.0762
603269.SH,20251105,36.8672,4.1097,2.2808,391497.2418,391497.2418
301251.SZ,20251105,102.0511,5.1088,5.703,801403.3373,321022.9067
600055.SH,20251105,772.9477,2.3781,6.8753,1113648.7159,1113648.7159
001322.SZ,20251105,116.2227,1.6562,1.1555,782434.8346,635560.7552
002669.SZ,20251105,,1.518,0.8819,412017.2,409977.9593
002510.SZ,20251105,120.3909,2.7416,2.9636,685218.6279,678271.6886
002041.SZ,20251105,161.6746,2.322,7.1228,841280.0,841280.0
002370.SZ,20251105,48.3682,5.8194,19.9746,652459.0888,652459.0888
603339.SH,20251105,27.279,1.6348,2.5623,425791.0568,425791.0568
603508.SH,20251105,16.242,2.6065,6.4144,1002370.3371,1002370.3371
000878.SZ,20251105,26.1885,2.2116,0.1815,3388135.4722,3388076.0623
920768.BJ,20251105,31.6052,2.2167,0.8747,154914.12,106786.0233
000888.SZ,20251105,29.9379,2.4739,7.1617,673394.9444,673394.9444
600725.SH,20251105,,17.1081,7.3707,479430.83,479430.83
002616.SZ,20251105,17.9659,1.559,1.4267,530615.9878,362683.078
002875.SZ,20251105,,6.0146,6.9529,386412.6058,330939.9235
300034.SZ,20251105,98.3503,3.5667,3.5851,1360413.388,1308664.821
600905.SH,20251105,22.8977,1.3682,4.175,12206926.6106,12206926.6106
600346.SH,20251105,17.6648,1.9028,0.5696,12297307.3261,12297307.3261
920870.BJ,20251105,119.0719,5.9664,24.832,266258.0,131147.7623
600104.SH,20251105,63.9115,0.6185,0.2788,18277491.2314,18277491.2314
300319.SZ,20251105,33.8494,2.4189,3.1111,1141066.4289,1076031.3486
603220.SH,20251105,123.2907,5.2852,3.3988,1052194.6749,1052194.6749
301507.SZ,20251105,44.1862,3.2755,7.1306,530552.843,162495.3407
300695.SZ,20251105,30.8972,3.8043,15.6931,1083718.8806,1083718.8806
300214.SZ,20251105,,1.4765,0.9096,357510.1102,310338.8596
920522.BJ,20251105,137.4916,8.7632,10.455,935645.0477,776193.5987
600735.SH,20251105,,2.5727,2.3153,313865.6563,311430.7374
300446.SZ,20251105,21.0106,3.3613,2.1185,1904708.9801,841631.0653
688272.SH,20251105,,4.2621,8.6235,193648.0,193648.0
605001.SH,20251105,30.4158,1.2086,1.6334,324523.836,324523.836
605158.SH,20251105,27.5552,1.8253,0.6698,451072.44,451072.44
600796.SH,20251105,31.5233,1.6805,3.4529,575412.9486,206821.3183
002979.SZ,20251105,61.2182,8.0586,7.6577,1324417.811,931656.5495
600760.SH,20251105,58.2704,7.845,4.4875,17118301.8831,16593547.0137
002907.SZ,20251105,91.2332,4.0307,8.6545,680681.9918,488860.6513
002951.SZ,20251105,863.1138,3.5922,10.1083,602640.0,602634.978
688101.SH,20251105,14.318,1.3183,3.8064,573052.8259,573052.8259
605589.SH,20251105,21.662,2.2078,2.0726,2267510.9526,2260004.3946
920149.BJ,20251105,,6.9939,2.1914,108338.4677,89465.1053
301486.SZ,20251105,60.0196,3.922,10.2745,1025072.8062,577166.6123
000589.SZ,20251105,15.5171,0.8795,0.7253,783562.9556,774731.666
603396.SH,20251105,91.055,1.6157,1.616,418352.9836,418352.9836
301348.SZ,20251105,,3.5624,7.303,530160.0,342702.4265
301372.SZ,20251105,,2.5019,7.5895,197417.147,118529.7112
688392.SH,20251105,78.6815,6.9695,18.0017,1254549.6224,1254549.6224
000676.SZ,20251105,65.8008,2.7224,2.8785,1162800.7886,1162101.7209
300989.SZ,20251105,,3.7589,12.1894,373609.3347,266735.9064
300819.SZ,20251105,66.6139,4.604,6.9613,393453.585,355368.0533
001378.SZ,20251105,38.7091,1.648,2.0786,310400.6208,153087.4548
688505.SH,20251105,,4.1541,13.1823,938097.7505,643067.7505
600416.SH,20251105,87.6372,2.5555,5.0652,2468983.9284,2217404.9825
300897.SZ,20251105,83.2378,3.6741,6.511,360364.8963,224669.0608
300119.SZ,20251105,22.6882,2.0308,2.4539,949029.1097,683992.4469
603937.SH,20251105,,1.7307,1.4566,266960.1113,266960.1113
600580.SH,20251105,71.0438,6.4589,4.3159,6913932.1037,6913932.1037
600682.SH,20251105,45.886,0.5727,1.5356,1013637.5624,877290.3871
603298.SH,20251105,16.0262,3.0987,1.9908,3528633.66,3528633.66
300745.SZ,20251105,,2.103,1.8186,473343.0402,399198.9512
603936.SH,20251105,,1.6619,2.0647,726848.8986,726848.8986
002090.SZ,20251105,58.7924,3.1673,2.8151,483095.9476,477597.1195
920422.BJ,20251105,60.8458,3.0545,2.5207,129627.1702,97016.2702
920640.BJ,20251105,97.7473,7.5598,8.1178,694593.6,668228.2695
688615.SH,20251105,69.3507,10.9974,18.2412,3087000.0,2131578.8802
603418.SH,20251105,23.091,2.6385,2.4793,1164202.7173,243747.1323
301678.SZ,20251105,98.5616,8.7777,17.6542,1676169.6026,318452.8727
002536.SZ,20251105,36.5364,3.696,2.8616,1277749.029,1210239.4356
688273.SH,20251105,38.4398,2.8526,8.9123,390200.0,143698.1346
301001.SZ,20251105,270.2156,3.1428,6.9302,245440.0,154320.4
601226.SH,20251105,70.8699,2.0733,0.9887,904600.5048,901885.5912
688265.SH,20251105,73.1113,2.0814,8.4532,354266.2031,354266.2031
300112.SZ,20251105,,2.6814,2.5508,269039.4037,220295.5338
002104.SZ,20251105,359.061,6.8591,17.601,1469087.1094,1243767.4383
002415.SZ,20251105,21.8894,3.8633,3.0955,28869345.3825,28496265.8463
300016.SZ,20251105,146.6347,2.2173,4.352,490262.525,489601.8932
002516.SZ,20251105,50.4078,2.4403,3.9918,910449.1442,904324.1392
002335.SZ,20251105,67.9584,4.5311,3.5506,2865186.6539,2527525.228
301539.SZ,20251105,47.5636,3.5641,2.7459,290672.0,147421.3732
603811.SH,20251105,17.0484,2.919,4.8794,385891.7933,385891.7933
301268.SZ,20251105,,4.7233,2.6121,793986.9615,692154.6565
002586.SZ,20251105,,1.7125,2.1117,510323.7764,400026.6764
301165.SZ,20251105,66.4651,11.2908,4.0005,5601590.9059,672190.9059
000850.SZ,20251105,14.4972,0.976,1.3194,444466.2192,444339.93
300241.SZ,20251105,106.4234,1.8173,2.3113,406153.0313,340100.3229
688378.SH,20251105,325.2875,4.0114,14.5857,668068.4088,645774.3303
000088.SZ,20251105,17.0354,1.3302,30.2873,2412560.2725,1467583.0332
300525.SZ,20251105,37.1155,4.0502,4.9838,1020119.9279,836701.5382
300548.SZ,20251105,95.658,14.5433,11.7953,2721859.5943,2513424.7193
300763.SZ,20251105,37.316,3.6382,4.7033,3312705.3042,2675277.2627
001336.SZ,20251105,78.7975,2.6359,5.7914,208167.365,120650.3844
002072.SZ,20251105,,92.4571,5.5178,280172.16,226037.5464
000155.SZ,20251105,50.3307,2.2368,7.788,2237556.0305,2237556.0305
600327.SH,20251105,,1.3595,1.222,430887.6253,430887.6253
600859.SH,20251105,,0.8322,1.5423,1631948.4276,1631798.3489
601718.SH,20251105,,1.2932,2.2276,1594161.4737,1594161.4737
002311.SZ,20251105,19.1365,3.8037,0.7638,9611483.5767,9604385.5674
688001.SH,20251105,,3.785,6.173,1311637.7476,1311637.7476
600266.SH,20251105,,0.5256,0.3095,1021265.8054,1021265.8054
688750.SH,20251105,114.3853,3.8387,15.2988,941187.5,169413.75
603655.SH,20251105,89.4449,6.6436,14.0399,368668.0,368668.0
603267.SH,20251105,45.1515,2.5693,6.4111,1123053.1351,1123053.1351
603008.SH,20251105,19.9055,1.7985,0.7708,689811.7308,689811.7308
920118.BJ,20251105,29.9292,2.4398,0.8613,137419.2,83432.97
301359.SZ,20251105,59.3691,2.9629,7.4431,249966.08,74596.8434
603153.SH,20251105,25.9555,2.1845,1.7273,791441.7957,260685.0
002555.SZ,20251105,16.4628,3.8169,3.1015,5136815.8953,3712802.0543
300830.SZ,20251105,361.7108,3.6654,12.5755,500417.9477,373489.9274
002811.SZ,20251105,29.4807,2.8534,2.9652,400668.9765,368329.7203
301499.SZ,20251105,78.5688,3.0672,4.1659,392229.0548,98057.2651
002667.SZ,20251105,,7.0167,11.4307,324436.4175,294580.695
002523.SZ,20251105,53.6818,2.5786,3.141,645988.2048,643663.4634
600272.SH,20251105,268.5462,4.5865,3.0335,356156.0374,216960.0
600969.SH,20251105,,0.8285,0.7439,301591.1445,301591.1445
300439.SZ,20251105,43.0978,1.373,2.7582,405840.6686,308702.6459
600022.SH,20251105,,0.9299,0.2417,1754611.3269,1754611.3269
688146.SH,20251105,76.4059,4.2496,11.1875,2409352.9425,659762.3019
688698.SH,20251105,66.9176,7.5968,9.4623,1734517.0015,1734517.0015
603363.SH,20251105,7.598,4.1203,1.6848,1376966.806,845321.806
300007.SZ,20251105,209.1756,5.883,7.2439,1709593.5768,1479083.3986
688002.SH,20251105,46.323,6.109,6.9888,3670395.7931,3670395.7931
000860.SZ,20251105,,1.6611,1.51,1159381.8038,1159381.8038
300257.SZ,20251105,40.5583,2.4805,3.5906,1639497.7797,1575238.83
301628.SZ,20251105,53.4362,6.0237,7.5565,690969.9586,299062.3746
600517.SH,20251105,16.4902,1.6766,5.0806,3882817.8702,3882817.8702
000572.SZ,20251105,,8.5978,7.2906,1445635.4185,1443540.4459
001256.SZ,20251105,36.3121,2.7386,6.4064,331003.7471,95028.4245
300493.SZ,20251105,225.5566,8.7821,3.6241,1022074.6437,1010040.8537
002127.SZ,20251105,,2.1184,3.0034,883753.3451,718103.8789
603333.SH,20251105,,2.53,3.5233,522083.1722,522083.1722
600821.SH,20251105,18.3364,1.1716,3.1255,1132448.3779,1132448.3779
600653.SH,20251105,720.2608,5.6981,0.965,416525.3878,416525.3878
002344.SZ,20251105,80.3649,0.7326,5.9296,614373.5238,613814.5941
301162.SZ,20251105,68.4749,5.1857,11.5832,792983.2532,509734.0026
300285.SZ,20251105,36.6544,3.2013,5.1404,2243358.6728,1893025.9058
300458.SZ,20251105,122.6081,11.5346,13.0536,3607117.6593,2952698.8192
605090.SH,20251105,16.8293,2.2296,1.1353,2339489.7002,2334332.1546
688686.SH,20251105,79.5975,4.8759,12.501,1488216.6646,1488216.6646
002057.SZ,20251105,33.9102,2.5147,2.614,802886.1469,802397.5355
002233.SZ,20251105,13.7708,0.8559,2.4051,1025356.5138,1024677.0708
688332.SH,20251105,52.7897,3.9263,8.5868,1607935.8006,590843.2419
301376.SZ,20251105,22.8748,2.1984,0.8844,749799.7004,360756.6743
300488.SZ,20251105,40.1639,3.6139,8.609,589565.1673,490879.2168
301185.SZ,20251105,42.1994,2.8686,14.6979,306988.6176,279880.5964
600029.SH,20251105,,3.3957,0.7096,12575918.8804,8795306.1777
000519.SZ,20251105,,2.4729,4.7891,2526101.9933,2526101.9933
002379.SZ,20251105,,12.8226,7.7721,2295474.9811,2295474.9811
920009.BJ,20251105,49.2226,7.7143,20.3925,485271.79,63079.2
300649.SZ,20251105,,4.4424,14.4485,222062.6533,177957.8971
920132.BJ,20251105,113.6301,6.8002,6.3084,174510.168,59132.7464
688418.SH,20251105,,6.5115,6.4323,568421.2796,568421.2796
605008.SH,20251105,1511.215,5.7821,2.8627,1164024.27,1164024.27
603777.SH,20251105,,2.7741,1.1881,439767.7783,439767.7783
000596.SZ,20251105,17.3419,3.2223,3.9192,8204400.6,6341880.6
000541.SZ,20251105,29.1382,1.4603,1.1271,979826.5107,785080.1854
688152.SH,20251105,383.6061,3.813,16.1593,477441.3568,473959.9751
600222.SH,20251105,81.6434,2.4068,2.1445,383356.037,383356.037
688003.SH,20251105,84.2812,5.5545,5.9856,1038254.4315,1038254.4315
601318.SH,20251105,7.528,1.0896,0.972,105603768.1148,62169499.5641
605199.SH,20251105,,5.7408,3.7202,395707.5557,395707.5557
300531.SZ,20251105,,4.2991,4.1307,603949.5332,580775.1862
302132.SZ,20251105,102.2484,11.1722,4.5567,22271881.619,4884889.2742
002023.SZ,20251105,74.0357,2.1684,6.3048,947560.2406,947560.2406
300696.SZ,20251105,189.0181,4.0399,16.92,764542.9797,693432.3597
600479.SH,20251105,21.1817,1.6967,1.4576,529617.9772,450313.6579
688218.SH,20251105,702.1172,3.2266,4.1448,287253.378,287253.378
603998.SH,20251105,17.4972,3.0909,3.071,516798.7607,516798.7607
920122.BJ,20251105,133.2214,10.6112,18.6594,365647.7161,141610.483
603309.SH,20251105,16.845,2.1265,2.5093,411538.6994,411538.6994
002381.SZ,20251105,42.3584,1.3495,1.0455,286458.036,224130.2477
001206.SZ,20251105,24.0902,2.8444,2.976,532124.3794,305975.8968
000792.SZ,20251105,21.6858,3.182,8.2709,13064892.6037,13064816.5709
600983.SH,20251105,17.0413,2.8611,1.7939,793264.365,793264.365
688759.SH,20251105,,8.9322,,1524274.1573,157366.7296
601865.SH,20251105,126.1817,2.0262,2.6584,4397586.0641,3568224.2291
603558.SH,20251105,11.7964,1.8226,1.7224,436863.5125,436863.5125
301377.SZ,20251105,146.5981,18.5917,25.8863,4940090.0,855768.176
688316.SH,20251105,,77.4689,13.2412,295675.1503,295675.1503
600064.SH,20251105,6.6975,0.7908,5.4516,1557305.6796,1557305.6796
002355.SZ,20251105,,3.3121,4.5205,405099.486,374608.9899
603126.SH,20251105,,2.2098,1.5547,450549.0,450549.0
920950.BJ,20251105,33.2657,5.0314,7.9213,154558.56,75297.9708
002609.SZ,20251105,104.6088,2.609,3.5955,627352.87,447915.1862
000950.SZ,20251105,25.0389,0.812,0.113,938404.2899,938404.2899
688333.SH,20251105,92.695,4.0159,11.693,1980606.0963,1980606.0963
688062.SH,20251105,,23.2326,28.3132,1768230.0,903452.25
920090.BJ,20251105,,22.7546,18.1522,146111.4892,99209.6442
601878.SH,20251105,20.519,1.4365,4.9035,5250718.5416,5250718.5416
600955.SH,20251105,,0.925,0.8589,778250.0,778250.0
002712.SZ,20251105,,2.3168,0.443,315680.1948,313722.1583
603566.SH,20251105,33.891,1.9401,4.4111,486909.6181,486909.6181
920208.BJ,20251105,19.9404,3.7252,3.7935,369166.7645,238871.2237
000061.SZ,20251105,50.3446,2.006,2.375,1685232.0571,1440696.1221
605507.SH,20251105,14.1794,1.4964,2.0829,1237794.0525,668314.642
002082.SZ,20251105,614.1551,3.2609,6.2908,872268.5924,788938.6668
601108.SH,20251105,13.6021,1.0701,5.7214,3951841.8075,3951841.8075
920519.BJ,20251105,76.9572,2.4598,2.8857,125853.9266,88822.0391
301229.SZ,20251105,100.5952,3.1306,3.6727,389409.3403,276638.3302
301378.SZ,20251105,,2.3356,7.5044,304869.6,144906.2598
920981.BJ,20251105,508.8192,5.4012,4.8625,273755.44,133568.4324
601100.SH,20251105,41.7577,6.8652,11.4307,11709389.7231,11709389.7231
688075.SH,20251105,42.1296,0.9864,11.005,509220.7996,509220.7996
600478.SH,20251105,69.2736,4.5161,2.8743,1310780.7009,1310780.7009
688600.SH,20251105,48.9442,4.3055,4.0727,327206.9222,327206.9222
301336.SZ,20251105,67.1565,2.5547,5.7581,211760.0,161097.9923
301285.SZ,20251105,,10.3096,11.9466,1050503.61,399014.5241
300911.SZ,20251105,,6.2428,14.6951,732590.5681,684642.2924
920879.BJ,20251105,47.4955,6.7238,10.3122,401387.0597,319641.6889
688114.SH,20251105,,3.6481,9.358,2818981.337,2804217.4526
600967.SH,20251105,60.0843,2.6437,2.965,3136407.5713,3136407.5713
920403.BJ,20251105,35.3387,5.0017,7.2959,237373.6201,138565.7746
688765.SH,20251105,,13.6778,1712.0731,4004000.0,458962.2576
600039.SH,20251105,11.1831,1.7492,0.7964,8652112.6918,6681988.772
000031.SZ,20251105,,1.2732,0.3588,1290180.315,1290177.715
000738.SZ,20251105,46.7584,1.9487,4.6618,2442296.6899,2442296.6899
600888.SH,20251105,13.3667,1.0198,1.4807,1151043.849,1151043.849
600340.SH,20251105,,,0.6268,861018.4752,856538.1136
688489.SH,20251105,,2.9371,10.4582,536877.0902,237539.6415
603209.SH,20251105,19.1831,1.5361,3.3247,510575.0,439880.0
603159.SH,20251105,528.922,6.914,7.8477,346640.0,346640.0
600812.SH,20251105,57.5557,1.9136,1.0756,1053458.4472,1053458.4472
688561.SH,20251105,,3.2946,5.9918,2682617.7147,2682617.7147
001380.SZ,20251105,23.3779,3.4981,3.1829,648695.8282,210769.2279
300388.SZ,20251105,17.4388,1.3605,1.7455,632688.2326,631538.152
601058.SH,20251105,14.0762,2.4659,1.4527,5195198.4092,5195198.4092
601798.SH,20251105,,2.854,4.7251,361618.762,361618.762
301055.SZ,20251105,71.5001,5.0059,3.2841,327600.0,327600.0
000009.SZ,20251105,401.4567,2.8075,1.2629,2829397.7196,2825894.4501
002848.SZ,20251105,,12.0343,8.7914,138901.65,137053.6822
002221.SZ,20251105,33.3975,1.1657,0.4246,1295577.0245,1200839.3421
603322.SH,20251105,,25.4013,2.9731,731833.0806,731833.0806
603091.SH,20251105,26.8701,3.6263,5.2817,767711.0966,231402.9983
688113.SH,20251105,25.7608,2.726,5.1319,264609.5699,264609.5699
300765.SZ,20251105,,12.4167,21.8583,4578972.9974,4065456.1348
301010.SZ,20251105,140.5735,3.6696,2.992,304020.0,304020.0
688205.SH,20251105,222.2082,6.3078,15.9956,1428208.5236,1428208.5236
300375.SZ,20251105,85.4995,1.7549,1.4688,401901.8347,269545.192
002316.SZ,20251105,442.568,28.6195,3.5016,218967.84,189796.3575
603305.SH,20251105,37.4005,1.9681,3.3721,1470318.7284,1470318.7284
001230.SZ,20251105,21.1058,1.6668,2.0374,319458.0157,126324.8641
600737.SH,20251105,24.3891,2.9549,1.1075,3332325.5392,3332325.5392
688390.SH,20251105,1432.8137,5.6028,1.9114,1526989.8363,1526989.8363
300394.SZ,20251105,64.2956,24.1526,24.6717,11781737.8281,11758042.9098
920682.BJ,20251105,28.5978,3.1437,0.9735,358550.4,207930.4158
688302.SH,20251105,,4.3872,204.583,482998.087,482998.087
300564.SZ,20251105,185.4936,2.2446,8.3096,271009.536,190162.14
601009.SH,20251105,6.6934,0.791,2.684,14403555.8404,14403555.8404
603300.SH,20251105,24.8787,2.467,2.7344,1611404.6525,1611404.6525
002195.SZ,20251105,250.8959,4.3395,67.1618,4332303.7877,4279363.948
301295.SZ,20251105,138.6964,3.0436,4.002,290404.8,84701.4
002573.SZ,20251105,,0.9813,0.6539,583090.0365,582051.9613
002374.SZ,20251105,,4.2628,6.1926,359204.2727,359204.2727
300792.SZ,20251105,88.0249,2.3972,6.2801,701824.3663,629524.7394
688155.SH,20251105,31.2354,3.5441,2.9337,750491.8907,750491.8907
603332.SH,20251105,54.1592,2.3006,1.876,293583.1287,293583.1287
301429.SZ,20251105,46.7623,1.7792,2.4493,242114.56,90196.2404
605180.SH,20251105,97.4004,2.2767,7.4147,260260.0,260260.0
002103.SZ,20251105,30.4893,4.3704,1.8353,524656.0398,373388.4996
300609.SZ,20251105,,5.2611,13.7673,524299.2993,523501.9011
002479.SZ,20251105,19.9916,1.0694,0.8089,450665.0,449660.9517
688627.SH,20251105,233.2599,9.6338,16.5523,1638624.8722,1261089.9218
601921.SH,20251105,14.1038,1.3296,1.6664,1808888.8895,1808888.8895
002925.SZ,20251105,56.6533,3.1342,3.7266,1459258.2286,1381799.895
002123.SZ,20251105,,5.7484,3.1349,992279.3989,887125.9542
603799.SH,20251105,21.2053,2.3825,1.5251,11346246.2252,11274328.2393
001360.SZ,20251105,63.2929,2.288,4.0998,324360.0,130032.0221
002049.SZ,20251105,47.3349,5.1654,11.0185,6779150.1513,6777939.5376
301300.SZ,20251105,33.3753,3.2576,5.4956,267208.784,127351.382
000565.SZ,20251105,617.9184,2.8865,9.7423,359881.5426,359881.5426
605138.SH,20251105,104.3448,1.9802,1.3722,477234.7743,477234.7743
605365.SH,20251105,39.607,2.829,1.5481,1054729.0525,1054729.0525
002434.SZ,20251105,39.2523,2.1357,2.146,1270596.8,1269378.1364
000523.SZ,20251105,11.7573,3.2122,2.8755,607540.0606,438628.011
002530.SZ,20251105,191.6859,6.5351,7.8089,865689.1724,772282.0241
688219.SH,20251105,32.3025,2.2585,1.0294,670983.3771,670983.3771
688575.SH,20251105,60.021,3.1826,4.5167,860203.6144,860203.6144
688186.SH,20251105,24.2485,1.4397,1.4296,688881.8583,688881.8583
603226.SH,20251105,,16.0488,44.2004,1457160.7652,1457160.7652
300986.SZ,20251105,37.1704,2.3077,1.7907,491484.9522,491296.8733
603312.SH,20251105,32.2928,5.9059,3.3027,939037.0655,298846.5455
000430.SZ,20251105,,12.5182,7.3186,335189.044,274679.7264
601238.SH,20251105,,0.7193,0.8021,7943514.3361,5751900.4265
301613.SZ,20251105,32.2988,4.5154,2.6036,716329.4101,417828.2101
600929.SH,20251105,,1.2407,2.088,934864.5559,934586.5339
300008.SZ,20251105,40.8634,5.1324,2.5232,1199252.2183,1143219.3093
600028.SH,20251105,18.6556,0.8093,0.2384,67253575.6024,52637212.7923
002348.SZ,20251105,,10.0843,13.3659,448972.8,428274.6415
300331.SZ,20251105,,6.1288,4.9132,958932.8222,776327.5772
688236.SH,20251105,41.4108,3.543,10.0364,1057498.3545,795195.996
002241.SZ,20251105,38.5627,3.1401,1.1277,11211329.275,9923832.907
300775.SZ,20251105,30.5623,2.3858,9.4708,1395677.8032,1354985.7864
300043.SZ,20251105,199.4777,4.7798,3.9991,821170.9447,820736.0707
603685.SH,20251105,177.8007,2.7844,3.1677,383643.7823,383643.7823
688526.SH,20251105,16.1888,1.7832,7.3347,743940.3774,743940.3774
000301.SZ,20251105,,1.8059,0.4967,6036053.1425,6033611.2582
920002.BJ,20251105,84.6031,7.0612,14.5073,509633.2416,351394.4672
002164.SZ,20251105,115.1582,4.9559,4.7547,709919.7011,640020.1408
301077.SZ,20251105,29.2607,3.8334,5.6171,438973.7467,246234.1854
300248.SZ,20251105,63.099,2.8436,6.2143,603533.4139,518346.3091
605298.SH,20251105,100.5273,7.4156,13.6664,773942.0,760766.24
603948.SH,20251105,19.4197,2.0211,1.9459,424259.215,424259.215
002796.SZ,20251105,407.7731,6.2014,5.7239,531106.2986,474823.3202
600655.SH,20251105,,0.6153,0.5408,2121389.7588,2119966.2188
600307.SH,20251105,,1.6187,0.3357,1102350.9066,1102350.9066
601006.SH,20251105,17.3639,0.7017,1.5123,11564480.009,11564480.009
603828.SH,20251105,,6.0121,1.9982,387374.1027,387360.7563
603955.SH,20251105,,3.064,24.0432,467962.56,467962.56
002763.SZ,20251105,39.979,1.6758,1.0404,312772.012,231646.1896
603711.SH,20251105,39.3531,1.7427,1.8976,575546.4954,575546.4954
600982.SH,20251105,16.523,1.2362,1.4137,544284.5852,544284.5852
300921.SZ,20251105,129.1995,5.4299,7.965,449752.4507,280673.5109
920275.BJ,20251105,184.6102,6.8373,21.3238,159218.2224,131782.6065
300953.SZ,20251105,55.7367,6.4305,3.159,2750489.425,1977968.2329
600246.SH,20251105,,4.2047,45.9199,2206111.3595,2206111.3595
600739.SH,20251105,22.5701,0.662,1.751,1947320.5958,1947320.5958
300790.SZ,20251105,48.9561,4.4979,3.7473,1166128.8638,1011851.49
300054.SZ,20251105,49.5238,6.6361,9.1063,3287348.2942,2556997.4702
688049.SH,20251105,50.0207,4.7757,10.3266,936971.7599,936971.7599
301069.SZ,20251105,78.6041,5.9707,9.3367,939305.709,873566.189
688130.SH,20251105,,2.2061,17.0532,275027.2389,137148.5889
688319.SH,20251105,142.1779,9.5114,12.8741,912944.6664,911765.5157
688395.SH,20251105,63.2228,2.9763,5.561,231908.6942,231908.6942
300853.SZ,20251105,,5.7528,15.6628,350906.8522,263292.6199
301516.SZ,20251105,,3.7865,5.9405,488701.7555,122175.4393
688301.SH,20251105,40.8806,3.8294,11.0183,2230393.2662,2113826.5272
603886.SH,20251105,24.2419,1.9749,1.564,306480.0,306480.0
001324.SZ,20251105,57.1021,2.4247,5.8932,274896.0,162653.9712
605099.SH,20251105,22.9231,4.8279,4.5808,1450684.455,1446654.4622
000019.SZ,20251105,25.1282,1.6332,1.4838,814842.4246,294264.9997
605177.SH,20251105,,1.424,2.9111,242071.9043,237552.067
002315.SZ,20251105,29.4779,5.7391,8.0913,1502746.3115,958367.3914
603097.SH,20251105,46.1067,4.3328,2.3646,466830.965,454240.0
600763.SH,20251105,36.6813,4.363,6.4662,1895163.9887,1895163.9887
603000.SH,20251105,119.622,6.0821,10.9,2233495.9331,2233495.9331
603801.SH,20251105,13.9484,1.2293,0.8759,407855.5571,407855.5571
300095.SZ,20251105,,2.4647,3.0547,411688.3607,331952.5374
603060.SH,20251105,30.8465,2.7118,2.0009,535437.5092,535437.5092
600422.SH,20251105,19.2938,1.9264,1.329,1022674.2477,1022674.2477
603320.SH,20251105,39.787,2.5627,2.9286,298441.5522,298441.5522
002451.SZ,20251105,286.7087,4.8726,2.338,377654.19,376350.693
300471.SZ,20251105,,3.9476,6.2834,614967.6201,479445.4118
000677.SZ,20251105,550.687,7.9964,3.8225,406069.6356,406069.6356
600356.SH,20251105,18.2071,1.0445,0.9692,280508.7639,280508.7639
002483.SZ,20251105,13.6219,1.4107,0.7962,618754.9523,617905.0577
300516.SZ,20251105,227.9463,5.7168,12.078,742500.0,742500.0
002349.SZ,20251105,28.2722,2.3485,4.3854,635530.9795,623662.5755
300206.SZ,20251105,33.3705,3.8419,4.3391,823701.6147,480837.3619
688150.SH,20251105,41.7013,5.2355,16.8339,906691.879,906691.879
688717.SH,20251105,66.1134,2.8102,3.4627,1279040.0,782195.3772
002470.SZ,20251105,,3.0065,0.6678,617773.2155,617720.8904
600498.SH,20251105,37.2704,2.0253,1.252,3063169.2421,2815041.8847
603334.SH,20251105,62.032,5.7386,3.4064,958006.0,207314.0205
300656.SZ,20251105,,4.0299,10.5612,394785.5411,306595.4368
300477.SZ,20251105,,2.4459,1.511,241204.2046,222941.3758
301161.SZ,20251105,59.1014,4.655,5.566,429000.0,429000.0
300893.SZ,20251105,35.8072,6.1561,4.7757,1191404.8642,631641.8884
002955.SZ,20251105,111.8381,2.0134,2.0574,661881.8339,548994.567
301097.SZ,20251105,266.4678,2.9329,7.0131,346610.5238,170210.5238
601838.SH,20251105,5.4315,0.8525,3.0768,7230770.7173,7218185.2858
002456.SZ,20251105,,10.8041,1.956,4260464.0105,4203667.2739
000802.SZ,20251105,,4.3354,7.2292,337904.9204,337699.6004
301225.SZ,20251105,70.7666,6.4011,9.9947,981799.86,283789.354
301170.SZ,20251105,25.7076,1.635,2.6096,288800.0,96965.8274
002207.SZ,20251105,,61.9902,6.7186,219602.4068,218560.4141
600784.SH,20251105,21.8851,1.4001,1.3905,456740.9393,456740.9393
601996.SH,20251105,,1.1034,1.5905,281349.5184,281349.5184
001212.SZ,20251105,,5.1309,19.4858,882410.9062,755016.7871
688296.SH,20251105,,2.622,4.4311,166595.531,165815.039
002673.SZ,20251105,19.9945,1.294,5.7964,3834901.1029,3525675.4602
603926.SH,20251105,39.1777,2.3073,1.6535,398548.8055,391963.9615
002448.SZ,20251105,22.577,1.7977,1.805,670198.5868,518857.1089
300347.SZ,20251105,82.3402,2.3802,7.682,5040446.4967,3314617.9619
600370.SH,20251105,,1.8547,0.419,915717.7125,915717.7125
603690.SH,20251105,,2.3044,3.4772,1158606.843,1156552.035
600783.SH,20251105,64.0914,2.3356,131.7678,1106117.9109,1106117.9109
920706.BJ,20251105,48.5771,4.0377,5.8002,236280.2115,108280.9466
688739.SH,20251105,64.1519,1.216,7.7682,1141489.45,1141489.45
600511.SH,20251105,11.1124,1.2386,0.4302,2234837.8801,1639012.1079
920066.BJ,20251105,47.5905,4.689,3.8333,185228.7517,50258.8777
002660.SZ,20251105,,2.896,2.6327,348066.9945,334755.029
600288.SH,20251105,163.4337,3.7039,3.6852,704995.2,704995.2
603122.SH,20251105,,4.6947,6.6801,519060.6334,519060.6334
600079.SH,20251105,23.193,1.7519,1.3706,3313418.709,3132652.9031
920556.BJ,20251105,70.5942,3.6731,5.5323,190997.1968,139118.5366
300996.SZ,20251105,46.4805,3.9772,5.9476,501079.1571,416036.0165
301202.SZ,20251105,61.4199,4.8926,4.3431,562650.0,153367.5
300384.SZ,20251105,20.7524,1.9526,6.4879,539760.2924,372633.6759
603776.SH,20251105,,1.5563,13.8421,554782.8903,554782.8903
603538.SH,20251105,50.5187,2.2364,3.2622,502568.5193,492464.7237
002302.SZ,20251105,,0.9986,0.4429,850826.8009,850826.8009
688193.SH,20251105,,2.367,13.106,217379.0448,217379.0448
300612.SZ,20251105,,5.4036,5.1827,264907.2001,264063.1001
300235.SZ,20251105,812.4268,6.62,64.4738,461703.3286,372548.2897
600360.SH,20251105,45.1642,2.3318,3.5642,792243.6258,792243.6258
300161.SZ,20251105,,3.9366,3.8813,605032.0788,593759.4796
001282.SZ,20251105,40.0515,3.3322,3.2802,539688.8224,189862.2992
300779.SZ,20251105,1151.3653,23.2893,26.466,3074910.4198,2455073.0091
300434.SZ,20251105,35.8307,1.8563,4.4323,467228.1231,397886.823
000695.SZ,20251105,,23.2078,5.0168,251248.8666,250868.6527
920112.BJ,20251105,24.6747,3.9018,3.3048,357388.2,97646.796
000905.SZ,20251105,42.1037,1.72,0.4169,865691.7997,865690.0492
301332.SZ,20251105,36.7393,1.602,1.3285,467101.25,268076.27
301278.SZ,20251105,111.4037,2.3474,3.485,333983.4164,167471.1915
920725.BJ,20251105,,5.3519,18.9063,324117.525,149418.1329
920068.BJ,20251105,127.5851,9.6495,18.8533,1221382.8279,116818.0382
000573.SZ,20251105,44.7022,1.7731,6.71,291694.236,289264.9223
300521.SZ,20251105,,7.5498,21.4501,401725.59,401725.59
600639.SH,20251105,13.248,0.8687,5.9765,1258224.8531,953115.3441
301149.SZ,20251105,35.5775,2.3525,0.8352,480310.0201,291792.4735
600835.SH,20251105,28.7745,1.879,1.3343,2629462.7609,2073522.5553
000973.SZ,20251105,74.1278,3.0662,3.9578,891964.1637,891964.1637
300812.SZ,20251105,,5.0584,9.0915,396417.9921,262363.8013
301205.SZ,20251105,135.3007,9.5961,13.8988,1522026.864,797218.5827
600386.SH,20251105,4967.8371,2.2852,0.9916,408038.4,408038.4
605116.SH,20251105,22.0924,3.7186,5.7736,937904.7953,933106.6933
002651.SZ,20251105,133.9313,4.1149,16.1731,1154374.82,631622.887
300971.SZ,20251105,40.0076,2.8006,5.7902,295058.4,230984.8075
300808.SZ,20251105,,4.8829,13.9247,473440.0,351823.8513
603809.SH,20251105,35.6877,3.3608,4.7833,1227665.2685,1227665.2685
603010.SH,20251105,195.203,1.8725,2.0362,676836.2248,676836.2248
000501.SZ,20251105,35.0035,0.7069,1.259,768992.731,768228.566
000822.SZ,20251105,,1.0636,1.0725,510202.3978,510202.3978
600107.SH,20251105,,6.1353,11.4669,280080.0,280080.0
603279.SH,20251105,14.5645,1.9087,1.6015,901002.291,900870.999
603193.SH,20251105,34.8242,4.8942,7.0036,1063271.2292,271567.8332
920000.BJ,20251105,29.5341,3.0404,4.4528,197478.72,104051.7702
301383.SZ,20251105,160.7482,2.7671,2.721,555618.6996,240299.9354
300221.SZ,20251105,41.7542,2.8196,1.7935,405060.2557,390301.3799
002426.SZ,20251105,,4.5551,3.2791,1099048.1709,1099039.7648
603919.SH,20251105,26.6295,2.968,3.3646,1008940.134,1008940.134
300778.SZ,20251105,,2.2447,20.0624,277384.4324,277329.7399
600027.SH,20251105,9.1619,1.3143,0.5157,6398087.5754,4689190.4707
300353.SZ,20251105,347.8887,7.1112,14.6787,1413023.8405,1234621.2326
603755.SH,20251105,52.0077,5.1192,8.4963,383508.6054,383508.6054
301023.SZ,20251105,38.1118,3.7217,10.9295,307820.2677,164632.3115
600959.SH,20251105,41.7882,0.838,2.3414,1905273.4384,1905273.4384
002163.SZ,20251105,,19.8183,3.8451,1395870.3963,1327462.7415
002065.SZ,20251105,91.9011,2.7143,2.4304,3311263.2934,3003883.0634
688041.SH,20251105,218.0247,23.5653,41.2288,51600305.6202,51600305.6202
603016.SH,20251105,60.6608,4.8742,6.402,401958.08,401958.08
920856.BJ,20251105,45.7545,3.8827,3.2323,183689.5187,102458.9314
002926.SZ,20251105,16.8128,1.056,4.9754,2577750.0,2577750.0
000776.SZ,20251105,12.2406,1.3398,4.9378,16900188.7254,13118797.569
600265.SH,20251105,,309.2496,10.8565,268686.0,268686.0
600702.SH,20251105,134.9849,2.8351,4.3704,2009863.6292,2009018.0292
002201.SZ,20251105,73.2531,4.9153,3.2712,572136.6196,528576.5628
603722.SH,20251105,,4.0957,8.9095,391173.6444,383087.5844
301398.SZ,20251105,90.5044,5.593,15.1965,627424.0,187442.92
600824.SH,20251105,244.5835,1.8966,7.0184,457447.7497,457447.7497
600011.SH,20251105,8.7957,1.9161,0.5471,12809644.1809,8974131.2939
301208.SZ,20251105,74.6346,3.1545,4.4023,484560.2423,202419.1253
600305.SH,20251105,60.473,2.682,3.929,900667.8238,897832.4176
600292.SH,20251105,3184.7675,2.214,2.5276,1153266.5465,1153266.5465
920781.BJ,20251105,,4.1921,5.3307,165695.8819,109432.1506
600406.SH,20251105,24.8521,4.0356,3.1192,19863354.2645,19774911.1265
000055.SZ,20251105,431.783,0.7795,1.2567,474652.4083,298726.6852
000997.SZ,20251105,24.3455,3.7574,3.3509,2699905.9435,2684825.9504
000049.SZ,20251105,26.0006,1.6292,0.4933,1085449.9429,1085157.3806
301213.SZ,20251105,,5.8974,29.7767,462719.9942,299096.7074
000595.SZ,20251105,600.4468,12.0609,11.1489,613735.7813,613735.7813
300856.SZ,20251105,51.7383,2.4412,4.2568,653118.424,626848.3523
603283.SH,20251105,26.4819,3.8512,3.746,1271416.1307,1271076.7812
600072.SH,20251105,,1.8916,1.8821,1836206.9142,1323838.2002
603381.SH,20251105,55.043,1.4143,0.4399,505830.487,303037.5466
002343.SZ,20251105,,4.0586,7.6378,386523.1134,386523.1134
002340.SZ,20251105,34.4195,2.0433,1.1772,4217298.1239,4185738.933
002334.SZ,20251105,26.6089,2.4954,1.7486,749510.3526,676102.0154
600745.SH,20251105,,1.5789,1.068,5361831.9336,5361831.9336
688330.SH,20251105,24.5124,1.3845,7.0973,536200.0,536200.0
000777.SZ,20251105,40.5909,3.9955,4.8087,914067.5417,914051.4116
920651.BJ,20251105,33.116,5.6155,8.7793,288530.0,72250.1398
600740.SH,20251105,,0.7387,1.6931,1124771.1866,1124771.1866
000811.SZ,20251105,24.824,2.3515,2.2188,1445281.1391,1424626.4949
603500.SH,20251105,27.8895,4.0255,5.3749,408345.6564,407159.6665
600354.SH,20251105,49.9422,5.0101,2.7488,345182.5603,345182.5603
605006.SH,20251105,408.8979,1.8751,2.0523,470445.2137,462013.5597
002927.SZ,20251105,218.1914,3.5686,4.2912,369383.0579,365321.112
301392.SZ,20251105,597.7665,17.5229,32.3365,1270700.0,518393.6411
002014.SZ,20251105,14.6213,2.9408,1.8696,690278.333,681290.7548
300512.SZ,20251105,116.4244,2.4537,3.5158,399006.4406,315809.521
300191.SZ,20251105,,6.0355,11.618,640960.0,443053.585
300902.SZ,20251105,,4.9386,12.7431,405421.5129,270394.578
300807.SZ,20251105,,6.6315,15.9386,311621.3085,237892.0196
300582.SZ,20251105,,3.4524,1.9114,457357.8996,339399.0701
600895.SH,20251105,57.6786,4.7426,27.2306,6275290.0566,6275290.0566
603933.SH,20251105,288.2512,3.735,2.3199,492918.3656,492918.3656
605566.SH,20251105,125.8766,1.9287,4.8046,385352.6,385352.6
300219.SZ,20251105,81.2224,2.0795,1.2367,535913.234,534933.2105
001213.SZ,20251105,33.4848,0.9943,1.6011,1897777.7776,1897777.7776
002851.SZ,20251105,177.146,6.6709,4.6453,4208908.8324,3503267.5078
300447.SZ,20251105,,2.3417,5.9991,468153.2521,301729.0856
002761.SZ,20251105,49.8264,1.5406,0.1242,1022289.7999,1022289.7999
002338.SZ,20251105,216.6666,9.4007,17.4607,1279920.0,1279920.0
300348.SZ,20251105,3663.0016,5.5566,6.5694,1176005.39,1027314.5818
002210.SZ,20251105,1262.6171,12.2873,63.1611,1170942.4206,1168752.9366
300381.SZ,20251105,537.355,1.3487,4.2022,349144.6988,347921.2903
002748.SZ,20251105,70.5947,2.216,1.4959,304320.0,304320.0
300918.SZ,20251105,53.2842,2.589,5.8287,978357.8474,840286.4196
002395.SZ,20251105,8.2717,3.1475,1.82,473120.676,473080.9525
300843.SZ,20251105,65.3754,4.8694,4.7963,771213.6096,740052.0217
300684.SZ,20251105,40.3049,6.1771,7.3161,1293879.8434,878018.2661
920242.BJ,20251105,20.9163,3.2789,2.6944,215704.4288,120266.6373
603667.SH,20251105,177.0258,5.4378,4.6978,1621912.0683,1621912.0683
688779.SH,20251105,,2.0576,2.0225,1379391.7394,1379391.7394
300267.SZ,20251105,,1.6613,5.7483,742537.7532,512061.0808
300553.SZ,20251105,111.0957,4.864,12.2085,413866.798,317177.9977
601933.SH,20251105,,11.4583,0.7625,4228967.2387,4228967.2387
920942.BJ,20251105,79.6403,4.5863,12.7089,229302.0269,153041.2221
601658.SH,20251105,8.1373,0.7002,2.0078,70976176.6138,39669335.5632
002819.SZ,20251105,,2.2492,2.9952,904223.2818,709469.267
688718.SH,20251105,74.2523,3.5054,7.1169,265844.2152,265844.2152
603306.SH,20251105,62.6411,5.1247,6.4693,1589786.355,1589786.355
002424.SZ,20251105,3726.3731,2.5356,2.6253,827378.2528,718222.9911
603328.SH,20251105,25.4186,2.6419,2.8233,1112265.0687,1112265.0687
603989.SH,20251105,31.0296,1.7856,1.7644,686334.4617,686334.4617
603194.SH,20251105,18.1194,3.0067,2.2759,1585955.0,203504.9996
600884.SH,20251105,,1.3124,1.425,2879248.4646,2311078.0749
688325.SH,20251105,94.8542,4.4559,16.806,766206.5384,711600.0
002237.SZ,20251105,23.7685,1.5252,0.1601,1506354.3598,1194604.267
300113.SZ,20251105,40.3026,5.7986,7.5053,1464882.1137,1110501.7471
601808.SH,20251105,17.8432,1.5143,1.4066,6961752.728,4319322.812
603488.SH,20251105,,2.7216,5.3524,245563.96,245563.96
603006.SH,20251105,50.643,2.8722,4.4049,374516.5103,374516.5103
600797.SH,20251105,630.3843,3.1138,3.193,1087122.8995,1087122.8995
300041.SZ,20251105,45.7183,2.4452,1.6655,707124.8566,688165.1107
300678.SZ,20251105,1290.2227,12.0485,21.1303,1019568.8479,1001997.6788
688180.SH,20251105,,6.4117,16.0516,3985610.0792,2975142.1718
688251.SH,20251105,142.809,3.0794,3.0174,257598.0611,154758.027
300593.SZ,20251105,,5.6754,11.5941,1354618.6771,1124307.962
603530.SH,20251105,56.548,12.8912,13.0494,2104462.3031,2083890.7733
688357.SH,20251105,42.7834,2.143,4.6312,372022.6153,372022.6153
301389.SZ,20251105,139.6714,6.9851,41.9615,1554430.5,463692.0847
002107.SZ,20251105,46.3325,5.1875,4.423,359024.3712,354301.5563
603833.SH,20251105,13.1103,1.6615,1.7237,3147492.1042,3147492.1042
600545.SH,20251105,,1.701,1.3967,543525.3155,543525.3155
002676.SZ,20251105,87.165,4.6936,2.1333,612000.0,611979.9902
600758.SH,20251105,137.6601,1.0332,1.1299,572433.5316,571881.8896
000524.SZ,20251105,117.0883,4.1409,2.1162,942313.2874,941948.1998
000566.SZ,20251105,,29.3149,9.8835,816042.6643,733347.7871
920753.BJ,20251105,67.3089,5.2548,8.5913,207418.3297,80292.6397
920088.BJ,20251105,60.5223,4.5254,6.9776,303846.675,83317.5
002320.SZ,20251105,177.9055,8.5482,6.9899,3441120.047,3441120.047
600499.SH,20251105,16.7682,1.9368,1.4636,2435677.6166,2435677.6166
002852.SZ,20251105,13.1182,1.6643,0.6014,369077.9913,306092.5619
301586.SZ,20251105,63.2559,3.1839,5.3829,406579.9647,259264.2381
600871.SH,20251105,70.4228,4.607,0.5405,4398034.6333,3142906.8654
002067.SZ,20251105,151.0627,1.4173,1.6671,938007.0505,850716.0505
601225.SH,20251105,12.1633,2.464,1.3161,23268000.0,23268000.0
688800.SH,20251105,49.4549,6.5194,4.7515,1495046.7411,1495046.7411
002398.SZ,20251105,76.1308,1.0741,1.5065,387403.4959,315969.5242
003010.SZ,20251105,76.8149,14.9533,4.2652,1173005.284,852782.1683
000958.SZ,20251105,40.3109,1.8372,8.1536,3617657.2454,3617645.9054
000050.SZ,20251105,209.5668,0.8927,0.6793,2455289.9133,2455258.9693
300837.SZ,20251105,65.5528,1.9647,4.5033,270904.757,186688.7195
601990.SH,20251105,25.7414,1.7505,10.3145,3137093.2399,3114480.3088
000048.SZ,20251105,21.7232,2.1075,1.768,890343.8978,883757.7684
002075.SZ,20251105,44.6678,1.9734,0.9272,1287775.5362,1287773.467
300467.SZ,20251105,316.5505,8.0014,18.012,510857.1111,423752.9868
600729.SH,20251105,8.884,1.559,0.7792,1228486.3843,536834.6519
002529.SZ,20251105,,10.0192,5.6583,193700.0,193700.0
300928.SZ,20251105,,2.3805,2.5631,261360.0,175067.0236
300773.SZ,20251105,103.7099,5.3586,3.3829,1839384.555,1713938.8539
001301.SZ,20251105,25.3075,3.6365,3.4563,2459105.3582,1522344.8158
301050.SZ,20251105,87.8355,3.4993,15.8032,1103307.9192,938861.9674
000829.SZ,20251105,,3.5889,0.1305,1046627.5472,1045636.392
688498.SH,20251105,453.6825,20.9574,99.5277,4550846.144,3184843.7502
920510.BJ,20251105,,8.8248,17.1602,353690.7437,180286.2298
603261.SH,20251105,,2.9032,6.8827,196093.4846,195080.1404
688211.SH,20251105,,1.2392,2.2019,418515.6596,418515.6596
002726.SZ,20251105,,4.5451,0.4927,522313.7735,521322.7835
600143.SH,20251105,41.4888,2.6219,0.7183,5004290.8989,5000899.8011
600569.SH,20251105,,2.8002,0.2657,764064.0887,764064.0887
002585.SZ,20251105,,0.7225,1.1396,623162.1462,484062.7362
600809.SH,20251105,18.6882,5.9262,6.1158,22981686.014,22981686.014
301228.SZ,20251105,,4.7121,8.4013,325320.0,324653.094
002700.SZ,20251105,40.7962,2.2226,4.3959,304016.716,193646.6824
688783.SH,20251105,,8.5313,40.9732,10736510.2,437718.1612
688192.SH,20251105,,20.2016,47.8802,2909921.2706,2859755.9906
300945.SZ,20251105,37.9582,2.7901,1.6161,460197.7805,418631.5361
002110.SZ,20251105,47.2855,0.5682,0.2421,1117375.0644,1117375.0644
002831.SZ,20251105,16.5715,2.1238,1.3971,2444883.856,1357197.9897
920007.BJ,20251105,30.742,5.3411,3.6889,332189.8223,80938.8743
300739.SZ,20251105,117.7718,2.3477,3.4868,610844.8434,559582.3194
600894.SH,20251105,12.4848,0.9628,1.1629,829534.7246,821222.6894
002623.SZ,20251105,,1.4167,1.9806,401310.0,400450.428
688036.SH,20251105,21.2821,4.0098,1.2048,8073257.2141,7997278.5825
920346.BJ,20251105,46.1882,4.7841,7.9726,220814.5994,122080.3762
300939.SZ,20251105,48.6054,2.8445,3.1547,394800.0,394800.0
603236.SH,20251105,24.4023,5.207,1.014,2354918.886,2354918.886
920033.BJ,20251105,57.9145,2.9018,10.0314,221353.2945,153769.86
000576.SZ,20251105,60.022,2.8357,9.7751,468276.7436,465483.7751
920656.BJ,20251105,29.3825,2.8607,9.1363,195300.0,63230.8768
000612.SZ,20251105,12.2102,1.6874,1.7727,1180277.4001,1179505.9426
300456.SZ,20251105,12.0722,2.7036,17.3291,1839319.3926,1500792.0839
000657.SZ,20251105,36.1462,5.7816,3.3052,5707904.022,3618169.9436
603395.SH,20251105,325.706,6.3232,2.6799,884520.0,182335.2658
301101.SZ,20251105,46.1641,5.0746,10.7199,871942.8567,826097.21
688027.SH,20251105,,17.8297,166.843,5729152.0337,4476691.6603
603429.SH,20251105,,4.0125,27.5697,495114.279,495114.279
605337.SH,20251105,22.7353,3.3016,3.6814,487627.8413,487627.8413
300917.SZ,20251105,52.9436,5.9484,2.3714,691548.0,691548.0
301266.SZ,20251105,96.7962,2.4148,1.4221,435009.3497,412686.5282
688399.SH,20251105,,2.1754,19.0415,645560.6365,645560.6365
300239.SZ,20251105,49.9909,2.0135,4.3426,340730.9535,338523.2634
603737.SH,20251105,47.6933,9.7681,2.5687,3172615.1339,3172615.1339
601333.SH,20251105,16.5274,0.7666,0.7636,2160478.785,1723932.285
601158.SH,20251105,27.3549,1.3332,3.0695,2284810.6891,2284810.6891
688678.SH,20251105,286.7501,3.5929,3.7874,666891.134,666891.134
301391.SZ,20251105,413.4193,4.1885,13.8755,869385.5207,451247.7501
300583.SZ,20251105,,1.6542,3.0599,292141.274,286669.346
300636.SZ,20251105,36.5244,1.453,4.1832,345200.1289,301968.0162
002952.SZ,20251105,267.2604,3.8021,3.8098,330652.08,264869.8044
601969.SH,20251105,41.9211,2.8119,4.6555,1980264.0167,1964515.0447
600539.SH,20251105,,7.8438,5.0818,249320.0,249320.0
001299.SZ,20251105,30.2034,2.5299,4.0338,298930.7626,269069.9322
000411.SZ,20251105,11.8981,1.2511,0.1749,586609.1111,362850.5376
002406.SZ,20251105,44.9107,1.427,4.0963,572496.4643,472134.912
300121.SZ,20251105,40.5055,1.9659,1.9456,676306.1655,652258.3463
003011.SZ,20251105,17.7026,1.739,1.9371,245806.344,186944.5058
688334.SH,20251105,25.4516,2.3449,7.5857,670198.7295,332167.2457
000021.SZ,20251105,40.4923,3.2582,2.7202,4149236.5675,4148573.0695
603238.SH,20251105,25.6485,2.1649,1.1571,312415.84,312415.84
603386.SH,20251105,,3.121,1.6917,424871.9731,424871.9731
688371.SH,20251105,163.2161,3.8841,15.2903,764876.9717,764876.9717
603360.SH,20251105,101.5705,14.5677,14.9083,2194236.893,2194236.893
603266.SH,20251105,39.3231,2.7623,3.2472,433772.0018,433772.0018
603076.SH,20251105,218.4898,2.3878,2.0736,309598.9474,309598.9474
300880.SZ,20251105,42.4056,3.6013,5.0945,377395.4995,377355.2491
300175.SZ,20251105,,5.6832,10.946,293308.4,293308.4
301281.SZ,20251105,65.5093,2.4962,7.8571,342196.4,217572.32
300508.SZ,20251105,41.3638,4.2559,6.9455,360112.5423,271229.536
002058.SZ,20251105,18.9589,89.2711,5.64,357186.3467,356363.2747
688303.SH,20251105,,1.6426,13.812,6420600.7319,6420600.7319
600262.SH,20251105,19.2154,2.7481,1.3963,483820.0,483820.0
002375.SZ,20251105,17.8769,0.6869,0.5261,562798.5292,557253.3532
000799.SZ,20251105,,5.2355,19.8554,1969719.4768,1969546.7098
300333.SZ,20251105,,6.9579,33.9792,403536.0,402070.8605
301230.SZ,20251105,125.5508,4.4766,6.8824,459379.5171,413401.6965
002386.SZ,20251105,,1.0446,0.6606,784893.185,784746.9358
300720.SZ,20251105,135.3193,8.9463,23.3653,523830.0641,469464.5518
600006.SH,20251105,63.911,1.8738,1.5728,1568000.0,1568000.0
603520.SH,20251105,,1.7854,1.942,464276.064,464276.064
300703.SZ,20251105,38.0968,5.2219,2.26,487238.3598,458255.9357
002983.SZ,20251105,33.3356,3.3478,3.9856,459153.2142,263304.0038
002668.SZ,20251105,10.2255,3.5228,0.6385,1197943.1279,1197943.1279
920694.BJ,20251105,26.7246,3.2071,3.8913,280555.923,132729.6967
600960.SH,20251105,,1.4019,1.5755,518030.9573,518030.9573
601099.SH,20251105,92.0799,3.05,20.3402,3033260.7847,3033260.7847
600526.SH,20251105,17.8267,1.1388,1.0893,509226.7273,412955.4118
300938.SZ,20251105,37.1013,3.8434,9.0506,697617.037,486349.072
002968.SZ,20251105,25.3098,2.2109,0.908,279905.6176,263674.1674
300793.SZ,20251105,,2.0934,2.8991,625985.5232,612071.2907
002378.SZ,20251105,75.7392,7.291,3.453,1632726.6081,1624169.9405
600488.SH,20251105,290.8104,1.5676,1.6485,473878.8191,473878.8191
001268.SZ,20251105,39.3867,3.0992,3.94,318187.4686,185527.4686
601198.SH,20251105,18.2762,1.3702,8.1849,4021162.2269,4021162.2269
600276.SH,20251105,55.0662,6.9111,13.273,41124090.4193,39524298.0897
301397.SZ,20251105,46.3119,2.7247,3.8006,533923.7401,242630.6471
002645.SZ,20251105,,2.5203,1.4392,1006043.3771,895960.8643
300527.SZ,20251105,732.6688,2.9239,8.2565,851036.8014,851036.8014
688716.SH,20251105,242.3344,4.0694,16.5455,481244.4,276561.9574
000717.SZ,20251105,,0.8623,0.2405,676252.9196,676173.5092
688793.SH,20251105,,9.3053,3.2172,257406.5299,257406.5299
300908.SZ,20251105,24.5569,2.5131,4.0789,442380.0,373152.6022
601089.SH,20251105,22.7942,2.8641,3.087,1055520.0,1055520.0
002168.SZ,20251105,,141.5181,9.5936,320722.8175,320722.8175
300230.SZ,20251105,18.7874,1.2928,1.7703,421244.5624,326248.0545
000782.SZ,20251105,,2.1804,1.4155,374873.5039,288364.2342
300600.SZ,20251105,,4.464,22.4537,545216.4914,545216.4914
002774.SZ,20251105,33.0945,2.7369,2.3191,328270.7025,274727.6366
000972.SZ,20251105,,,8.1253,296172.8943,296172.8943
000856.SZ,20251105,135.8971,6.0719,0.9682,254694.0,254694.0
603896.SH,20251105,30.3537,1.7923,6.1842,401840.4076,401840.4076
002430.SZ,20251105,27.0122,2.6801,1.8341,2712973.7869,2711093.4849
920152.BJ,20251105,,8.7367,4.6875,313983.594,231694.6545
688376.SH,20251105,35.8764,3.425,3.2946,661248.0,250849.0979
002971.SZ,20251105,111.6916,5.0469,5.1191,805051.8,611978.2793
301299.SZ,20251105,51.9848,5.8994,10.3632,350328.0091,350328.0091
301386.SZ,20251105,37.995,2.4836,6.876,368340.0,112925.1615
301587.SZ,20251105,77.8393,1.7967,5.4825,359038.4335,179005.0585
688221.SH,20251105,,5.9458,41.3301,583593.5414,583593.5414
603931.SH,20251105,45.2745,3.5808,9.2318,577721.5101,577721.5101
688567.SH,20251105,,2.3038,2.4542,2216896.4474,2216896.4474
688530.SH,20251105,,3.408,5.5318,281518.8454,119221.8608
301363.SZ,20251105,40.7281,3.456,7.8389,1279391.2838,839333.565
920533.BJ,20251105,153.0649,11.672,5.94,411754.8259,227388.9751
600301.SH,20251105,30.2229,4.1131,3.4524,1848362.1736,804530.8599
600170.SH,20251105,13.2797,0.8531,0.1102,2692439.7424,2692439.7424
603589.SH,20251105,17.6796,1.8343,3.9802,1921159.7441,1921159.7441
002442.SZ,20251105,35.0179,1.7373,0.7122,318581.8547,312612.8704
688169.SH,20251105,26.295,2.9471,2.3847,4055014.6592,4055014.6592
300915.SZ,20251105,403.2155,2.0426,2.9857,314094.8129,143775.3108
001318.SZ,20251105,35.0655,2.8326,8.3351,408443.7,408443.7
300373.SZ,20251105,28.0748,3.9692,5.2738,3669227.6056,3661124.4986
002303.SZ,20251105,20.3859,1.4557,1.6203,658469.1846,415782.913
603119.SH,20251105,129.6038,17.6631,26.9121,3459915.3308,1939301.6423
605117.SH,20251105,23.8831,8.7962,6.0868,7326583.365,7326583.365
688162.SH,20251105,46.9128,1.8285,1.0557,438311.1777,438311.1777
301276.SZ,20251105,20.5455,1.3296,2.4731,277084.8,98485.0586
920204.BJ,20251105,94.8372,3.9188,6.1447,191498.5157,101523.4711
600595.SH,20251105,24.0749,1.6792,1.2363,2801525.6747,2801525.6747
603398.SH,20251105,,5.4873,13.9132,352550.559,352550.559
002588.SZ,20251105,11.331,1.5117,0.9483,1106968.1928,825112.2648
002649.SZ,20251105,61.0301,1.8536,1.1627,787288.3955,737790.8327
000672.SZ,20251105,13.9918,1.1844,2.0087,1050824.6678,1050824.6678
688083.SH,20251105,1071.0135,5.0974,14.4747,1322420.2975,1322420.2975
000892.SZ,20251105,,9.4655,13.9288,799499.0855,579331.71
600839.SH,20251105,34.281,3.0302,0.4327,4685487.8853,4684183.0105
603063.SH,20251105,27.1425,2.8608,3.3709,1415765.7565,1415765.7565
688548.SH,20251105,66.1532,3.0135,7.601,1767994.0181,926220.0627
603389.SH,20251105,,52.5371,58.8582,1228891.104,1228891.104
002825.SZ,20251105,23.889,2.4021,1.9988,389008.5097,292203.6251
605018.SH,20251105,64.8173,2.0242,2.676,548566.7804,548566.7804
002132.SZ,20251105,354.6007,1.5467,1.0285,536791.6193,536001.6657
688020.SH,20251105,,3.6512,13.5987,504940.36,504940.36
300659.SZ,20251105,,3.4118,4.9686,409857.603,299583.7154
600118.SH,20251105,884.8196,8.0062,7.7222,5084703.2805,5084703.2805
300036.SZ,20251105,,3.1614,5.6129,851500.7142,757689.5987
000837.SZ,20251105,301.9421,2.7884,3.3308,1363853.4007,1342868.6482
688699.SH,20251105,,3.8297,7.4,463922.4576,463922.4576
300413.SZ,20251105,57.4885,2.3233,4.182,5380193.0639,2938409.0792
920855.BJ,20251105,33.6881,2.7069,5.6099,155295.866,139302.7011
002324.SZ,20251105,56.0798,3.1515,1.5397,1441587.7774,1006053.6468
300004.SZ,20251105,87.235,3.2336,9.7049,575512.324,575512.324
300756.SZ,20251105,107.9782,6.0114,12.827,880185.813,732921.5215
600963.SH,20251105,18.7446,0.9946,0.832,794420.67,794420.67
600599.SH,20251105,,14.2904,6.1437,165668.0,165668.0
688720.SH,20251105,109.8986,4.7993,8.6696,484909.6037,304165.1733
000810.SZ,20251105,154.4078,2.4207,1.8132,1546862.0095,1504880.8521
600284.SH,20251105,20.7901,0.9825,0.5314,775234.544,775234.544
000651.SZ,20251105,7.0219,1.5405,1.2386,22248783.6033,21906197.8724
301078.SZ,20251105,51.9439,3.2399,1.3612,1345871.0197,1338236.7681
300931.SZ,20251105,,3.9483,5.8316,252873.738,194779.1362
002809.SZ,20251105,995.7504,1.583,3.3506,246527.1144,162071.764
688103.SH,20251105,101.2595,5.3718,5.1022,603252.0273,603252.0273
000066.SZ,20251105,,4.8244,3.5935,5351600.687,5351253.5412
300930.SZ,20251105,57.6284,3.5491,4.7384,325400.0,153344.7533
600826.SH,20251105,28.7955,1.9353,4.7352,822326.5078,822326.5078
605060.SH,20251105,40.3064,3.6496,7.4974,882732.048,876672.3276
300903.SZ,20251105,,3.9352,1.8619,678854.7688,537468.3409
002042.SZ,20251105,,1.4054,0.7853,809524.325,809524.325
002650.SZ,20251105,,4.3646,6.3507,808704.1404,808677.8154
300289.SZ,20251105,,2.5804,12.5363,427049.0173,426377.8423
002182.SZ,20251105,149.4466,2.5935,1.4517,1394458.9235,1216910.5202
001209.SZ,20251105,111.9086,2.2295,1.5518,286456.4842,209294.1172
601200.SH,20251105,19.1034,0.9801,1.7342,1136218.3318,1136218.3318
300866.SZ,20251105,23.5726,6.1396,2.0735,6071448.719,3419549.7372
000729.SZ,20251105,21.3492,2.0712,2.1527,3283598.3323,2923691.7671
600566.SH,20251105,14.0397,1.6763,3.7733,2318223.5419,2309960.2213
000538.SZ,20251105,19.1712,2.5089,2.445,9968675.163,9904600.7149
002134.SZ,20251105,318.9715,11.33,4.3468,575534.3069,575177.2763
300727.SZ,20251105,54.2111,5.082,4.8378,659393.7161,593064.2905
601886.SH,20251105,13.6008,1.2832,0.4182,900736.6377,900736.6377
001234.SZ,20251105,76.5856,3.3468,3.528,305592.4641,255616.7565
000993.SZ,20251105,28.4923,2.2071,9.1543,588009.6682,564635.8824
600529.SH,20251105,18.1298,1.702,2.9504,1386953.4962,1386953.4962
600315.SH,20251105,,2.326,2.6505,1633509.1314,1633509.1314
301026.SZ,20251105,31.1766,2.5945,1.5747,420059.1615,296135.0876
300729.SZ,20251105,20.6714,1.3594,0.7567,494996.769,460691.2303
688202.SH,20251105,,4.3749,8.3663,902712.3243,902712.3243
000633.SZ,20251105,164.9936,13.1906,7.2324,259176.589,259174.671
002757.SZ,20251105,,2.6169,1.6415,522366.0542,498671.3323
920719.BJ,20251105,,2.7617,6.0677,140384.8472,110376.0423
002007.SZ,20251105,31.401,2.8483,6.9802,2978754.3656,2565135.6928
301367.SZ,20251105,36.7144,2.5903,7.355,771993.6,602633.7388
002084.SZ,20251105,,1.8837,0.9579,262298.7522,261721.5835
920438.BJ,20251105,173.3708,5.8294,10.8518,577362.96,556461.0476
300072.SZ,20251105,,1.6628,3.9668,1003330.569,995491.2623
000825.SZ,20251105,173.3238,0.7389,0.2631,2449386.5523,2449386.5523
300332.SZ,20251105,59.5164,1.2443,1.9256,529451.533,507736.9468
301045.SZ,20251105,94.4613,2.9873,5.0636,306243.7618,177547.3636
688116.SH,20251105,75.3795,5.3762,14.1095,1987616.9513,1870076.9946
300181.SZ,20251105,20.1853,3.8612,4.2791,1203580.6669,1034595.137
603637.SH,20251105,28.9538,2.6037,5.5374,268521.6116,268521.6116
000968.SZ,20251105,18.3718,1.1915,3.5406,736269.5243,736269.5243
605179.SH,20251105,232.3897,7.9305,3.1472,893428.0,893428.0
600089.SH,20251105,22.8919,1.7704,1.2378,12182282.8887,12182282.8887
600756.SH,20251105,,2.8637,4.351,680377.5533,630696.1733
300327.SZ,20251105,88.7425,5.1346,6.741,898144.9225,895369.1807
002679.SZ,20251105,239.8084,4.7444,23.0157,347975.856,347975.856
603313.SH,20251105,33.154,1.461,0.5932,538634.0194,538634.0194
688605.SH,20251105,63.4447,7.8922,10.307,1273374.054,254674.992
301047.SZ,20251105,69.6157,1.7518,14.0031,924439.2392,908812.7196
002176.SZ,20251105,,5.5029,8.175,1868426.5112,1868090.932
300829.SZ,20251105,60.5459,1.7044,2.576,411822.4939,286738.909
000970.SZ,20251105,113.5823,2.5195,2.4778,1640014.0678,1640014.0678
600692.SH,20251105,,3.2223,6.0002,297944.1622,215993.9079
603113.SH,20251105,,0.6533,0.313,526064.1819,526064.1819
688237.SH,20251105,1172.635,4.0032,11.9461,484485.0972,484485.0972
000821.SZ,20251105,29.3469,1.9213,1.0972,823440.4565,799348.31
002782.SZ,20251105,34.5072,4.9924,1.9422,1070290.3401,1049869.5896
002737.SZ,20251105,,2.0852,4.0353,845048.0,845048.0
002193.SZ,20251105,,2.8528,4.5883,156244.1834,156243.2879
603393.SH,20251105,10.9993,1.3693,3.2533,1230643.6123,1228611.5239
301009.SZ,20251105,100.6477,2.7991,3.3359,373263.78,207371.0934
002313.SZ,20251105,,311.174,1.5582,416332.8,416303.5266
002385.SZ,20251105,37.9334,2.0428,0.6062,1780232.5259,1458968.2452
300652.SZ,20251105,50.6464,5.5173,8.0969,834758.1996,749194.7872
603609.SH,20251105,38.4098,1.082,0.1914,700793.1141,700793.1141
002238.SZ,20251105,,3.3497,5.4841,711067.4158,711067.4158
605183.SH,20251105,14.1665,2.1846,3.5726,791841.5081,785265.6633
001400.SZ,20251105,34.5721,3.119,3.7485,383640.0,95910.0
688038.SH,20251105,,3.5369,9.2728,209239.3732,209239.3732
603128.SH,20251105,21.5743,1.3282,0.4784,805063.5938,805063.5938
688163.SH,20251105,57.1823,2.3153,13.2385,260485.54,260485.54
300920.SZ,20251105,114.7037,3.3815,9.0771,400900.0,222023.6758
600536.SH,20251105,,13.4851,8.6807,4752973.7126,4294208.5056
600268.SH,20251105,29.5174,3.8389,1.3445,1317584.3991,1310933.4051
300588.SZ,20251105,,18.7123,28.1775,512759.4183,473529.3963
600009.SH,20251105,33.9123,1.9326,6.2247,8024809.554,6599251.4359
920419.BJ,20251105,28.9397,3.1602,2.3204,190600.308,178260.7617
603028.SH,20251105,,4.6969,1.3233,240539.52,238151.22
688691.SH,20251105,,10.8682,19.6122,1363200.0,811842.5136
603112.SH,20251105,17.4636,2.2234,2.323,934495.074,873993.7804
002421.SZ,20251105,,2.1918,2.6063,651018.5632,616054.599
600736.SH,20251105,40.1318,0.9253,1.2547,690775.7442,690775.7442
688311.SH,20251105,,3.5951,18.9159,568574.0117,568574.0117
601007.SH,20251105,93.6881,1.864,1.6719,295230.0,295230.0
600059.SH,20251105,42.5667,1.5064,4.7824,875992.2589,875992.2589
000932.SZ,20251105,14.6872,0.7335,0.3192,4069184.5419,4069133.9374
002841.SZ,20251105,31.4658,2.1733,1.2238,2855755.8841,2139080.3649
688475.SH,20251105,44.4827,4.347,4.2498,2453062.5,1275592.5
300987.SZ,20251105,144.3719,4.0249,9.6434,318997.12,318997.12
688138.SH,20251105,44.2633,3.1964,7.1217,864440.8,864440.8
688018.SH,20251105,57.3389,6.1757,10.8415,2666098.1525,2499565.1186
002440.SZ,20251105,29.1944,0.884,1.4509,839627.929,706929.9257
920892.BJ,20251105,28.4269,7.461,4.9714,289767.6515,248720.1196
605196.SH,20251105,50.9589,4.6133,2.1835,1522788.2874,1503203.7274
002534.SZ,20251105,74.1062,2.6809,2.4269,1429449.1527,1410308.3566
600881.SH,20251105,,3.7157,0.9327,630269.4427,630269.4427
688231.SH,20251105,77.3113,2.179,3.6107,597394.2861,306006.004
003037.SZ,20251105,59.065,1.7882,0.7881,501425.5055,501425.5055
688386.SH,20251105,53.0483,8.0779,9.8634,653835.0,653835.0
603111.SH,20251105,17.3534,1.591,1.4425,631006.4519,619645.1582
002984.SZ,20251105,14.0263,1.5296,2.4043,2069700.182,1425689.1657
600372.SH,20251105,70.5208,1.5227,2.4228,5835709.3358,5835709.3358
301098.SZ,20251105,,1.4594,2.1007,174370.5914,141905.1464
603120.SH,20251105,41.0099,3.2014,5.8933,365035.2,91258.8
301469.SZ,20251105,39.0758,1.9911,2.5958,274256.2,141169.8695
688012.SH,20251105,96.0211,8.5587,15.8146,18377364.7605,18377364.7605
600971.SH,20251105,319.8058,0.7337,1.6431,878403.5751,878403.5751
300992.SZ,20251105,235.5691,2.7066,2.7099,234053.8129,190245.5654
002192.SZ,20251105,67.2525,3.431,17.7844,1186624.2777,1184179.442
688373.SH,20251105,,18.3022,34.4839,471380.348,377828.3928
300736.SZ,20251105,,22.6319,4.3789,185632.7041,181500.1299
688212.SH,20251105,,5.125,9.5041,638313.285,638313.285
002022.SZ,20251105,,1.1132,2.1567,345127.6717,345062.2492
300236.SZ,20251105,66.8776,3.1661,9.5413,1719210.3714,1529096.141
300909.SZ,20251105,77.3338,3.1762,4.1295,640518.9412,455302.2946
600622.SH,20251105,,1.5912,2.981,467901.8454,467901.8454
603588.SH,20251105,19.72,1.1673,0.8465,1118054.0914,1118054.0914
002432.SZ,20251105,9.8143,0.8356,11.8136,1854078.3879,1748132.6495
688050.SH,20251105,34.0227,4.3697,8.3027,1228110.1613,1205290.706
300592.SZ,20251105,147.1386,1.9292,0.4619,445606.3388,386835.2517
600684.SH,20251105,123.3804,8.6736,2.7009,430997.6651,430997.6651
920378.BJ,20251105,93.8349,4.609,4.6709,176055.432,126084.7228
002815.SZ,20251105,53.4766,1.8685,2.2649,1652480.6761,1054581.713
688068.SH,20251105,,4.4161,29.8111,1295129.9218,1295129.9218
002862.SZ,20251105,,7.6763,6.7538,307104.0,230781.1904
000960.SZ,20251105,19.2627,1.8413,0.7783,3671784.1549,3671784.1549
301396.SZ,20251105,156.8461,7.6677,4.9478,982512.3008,486918.8736
300651.SZ,20251105,81.6085,3.0375,8.8229,328736.1537,203544.0845
000783.SZ,20251105,12.7493,1.3518,4.5918,4811163.4648,4811163.4648
601872.SH,20251105,13.4465,1.6847,2.6245,6774537.8032,6774537.8032
002526.SZ,20251105,60.6021,2.1339,3.1635,688158.4207,683638.5931
300442.SZ,20251105,16.4637,6.0535,16.7851,8199501.7057,8169552.4132
600193.SH,20251105,,20.4324,31.9665,182059.644,182059.644
688278.SH,20251105,32.1485,9.8593,9.0383,3020602.152,3020602.152
600690.SH,20251105,11.9497,2.0946,0.7899,25045837.1018,16699517.9237
002029.SZ,20251105,14.3727,0.9518,2.1852,649326.6776,612838.8882
920414.BJ,20251105,,4.0558,18.1193,113960.1364,78989.1696
301197.SZ,20251105,60.3569,1.9349,6.1289,248553.48,169589.19
000686.SZ,20251105,14.3461,1.0554,3.6129,2104067.1706,2104067.1706
300821.SZ,20251105,,2.3038,2.7149,1128000.0,1127803.305
920425.BJ,20251105,66.8372,6.6982,19.218,172517.6847,144006.7407
000893.SZ,20251105,20.9497,2.8805,7.6252,3760888.3311,3304067.0012
300457.SZ,20251105,59.9005,2.8204,2.0996,1853817.3563,1821020.8944
920339.BJ,20251105,39.034,3.934,3.9005,239141.3268,164178.3686
600208.SH,20251105,,0.8687,10.5898,3616299.84,3615889.9432
000036.SZ,20251105,148.9355,1.1352,13.831,576969.496,575873.054
600872.SH,20251105,20.2811,2.4828,2.988,1413090.0477,1398572.1413
601008.SH,20251105,46.3041,1.7242,2.7714,710885.5774,710885.5774
603383.SH,20251105,40.6088,5.4516,12.6794,796079.9306,793351.5367
300565.SZ,20251105,,5.3079,4.6653,298646.716,272933.3534
688291.SH,20251105,79.4813,3.3377,13.2338,314160.102,314160.102
920375.BJ,20251105,107.6387,2.232,2.8399,178995.7113,106916.9616
688277.SH,20251105,,6.2826,28.6202,784762.2905,784762.2905
920809.BJ,20251105,,2.4289,1.4218,383392.0,293828.5747
600615.SH,20251105,283.765,3.8244,5.0572,281128.2641,280536.1649
002482.SZ,20251105,,14.8512,4.8235,712682.849,711276.3622
300541.SZ,20251105,76.3476,4.071,2.3571,701402.5665,630509.5058
688663.SH,20251105,47.7989,4.8313,3.2588,660256.4151,660256.4151
688011.SH,20251105,,3.6633,26.9885,392000.0,392000.0
688668.SH,20251105,59.4336,6.5213,8.3485,1239591.37,1239591.37
000723.SZ,20251105,,1.7928,1.3484,2377879.4209,2373974.4811
688037.SH,20251105,294.6101,9.2666,15.2986,2507840.3076,2507840.3076
603590.SH,20251105,127.8007,2.2835,8.3784,730012.0211,724821.7481
002258.SZ,20251105,21.2544,1.2666,1.1184,987739.5394,986151.5257
688369.SH,20251105,,3.5534,3.8344,300603.9472,300603.9472
601107.SH,20251105,11.6633,1.1366,2.0994,1908229.44,1349549.76
000980.SZ,20251105,,1466.7427,31.14,1845572.4725,1841488.2543
920198.BJ,20251105,103.1354,4.5271,9.1365,181211.6283,78721.36
300994.SZ,20251105,24.6883,3.7853,1.2421,418392.96,209411.88
000521.SZ,20251105,10.8283,1.1457,0.2278,711677.2871,605025.5644
688509.SH,20251105,,3.0283,6.0398,375760.0,187778.5936
300863.SZ,20251105,56.0428,6.6007,2.3968,942760.9384,906152.8583
300427.SZ,20251105,,2.8682,5.4186,367151.6552,363169.5291
300743.SZ,20251105,25.8193,4.5482,3.2445,282366.0116,237876.1428
002449.SZ,20251105,342.2763,1.4236,1.6609,545496.8631,545496.8631
002846.SZ,20251105,,5.205,3.3774,735408.8566,450038.6861
003033.SZ,20251105,38.9285,4.7697,3.391,645743.25,637795.8054
002798.SZ,20251105,,1.7514,1.356,332649.4457,285954.4134
002627.SZ,20251105,48.7714,1.4402,5.6212,446354.4488,441738.2613
002384.SZ,20251105,101.2015,5.8965,3.3619,12564827.6695,9510167.0198
003020.SZ,20251105,34.1618,3.087,3.7674,555331.9714,402155.6072
603992.SH,20251105,42.7051,3.7415,4.5387,1214288.556,1191444.636
001314.SZ,20251105,336.8093,3.2699,1.8087,675657.258,245405.5525
300662.SZ,20251105,19.1757,2.5591,0.3962,555781.1578,554304.8638
001308.SZ,20251105,20.0869,1.9098,1.0436,1562898.8656,1102927.8006
300749.SZ,20251105,,3.592,2.216,203733.2142,156293.8308
002228.SZ,20251105,40.1682,1.3659,0.4111,436818.8264,435355.8152
000635.SZ,20251105,,2.278,2.0088,351567.1917,270354.141
603070.SH,20251105,61.778,2.653,2.9042,571425.0,563469.0939
002923.SZ,20251105,,4.3046,3.7887,450766.363,347382.1852
603810.SH,20251105,101.4596,1.8842,2.4967,289123.4926,289123.4926
300840.SZ,20251105,,3.6023,6.8001,460560.0,339826.3741
300669.SZ,20251105,434.0758,8.1091,21.9398,708770.9246,671234.7683
301265.SZ,20251105,58.1738,1.6801,4.0468,355387.5425,197589.7562
600332.SH,20251105,14.4584,1.1392,0.5569,4318100.7605,3734046.3605
688485.SH,20251105,132.1306,1.8854,7.7412,236259.1215,138584.3414
600234.SH,20251105,52.025,6.2006,6.4625,310037.2691,310037.2691
603881.SH,20251105,153.1027,6.8152,12.6483,2249956.7609,2249956.7609
002025.SZ,20251105,246.9918,3.0868,3.7354,2009339.4591,2002446.1282
002915.SZ,20251105,,5.9958,5.1029,783402.3786,693414.2766
000725.SZ,20251105,22.6237,1.1186,0.7154,14965552.1856,14682420.0804
600113.SH,20251105,136.8728,7.7735,26.8028,1975318.5354,1929612.1404
000543.SZ,20251105,7.8636,1.0926,0.64,1876962.8381,1876962.8381
603089.SH,20251105,20.8258,2.1805,1.1926,326205.2112,326205.2112
601860.SH,20251105,7.1173,0.5228,2.4575,1050703.3382,1019300.8555
600131.SH,20251105,30.6566,3.6211,2.4366,2255304.1928,2250693.4904
920263.BJ,20251105,69.0681,3.5552,6.3311,205932.1424,149581.6685
002799.SZ,20251105,,2.207,3.0874,280355.04,280351.3608
603390.SH,20251105,71.4999,2.8226,4.9048,456092.6232,454616.597
688612.SH,20251105,27.7042,4.2011,2.219,1466739.1234,883681.6244
002628.SZ,20251105,,1.2341,4.3371,353565.8938,352017.5025
301584.SZ,20251105,47.5213,6.8551,0.7379,1423955.1604,170432.6231
301132.SZ,20251105,38.7148,2.9179,3.3548,529852.5989,529677.1588
301314.SZ,20251105,170.1485,2.4262,14.6629,253929.0,74685.0
688662.SH,20251105,84.0933,5.1384,6.8102,369284.4,369284.4
002576.SZ,20251105,35.9727,2.3333,1.6672,304774.6,299102.8961
600665.SH,20251105,,1.1745,0.2829,311948.2301,311948.2301
300629.SZ,20251105,252.4175,2.7855,13.671,473933.1542,408732.1597
920690.BJ,20251105,31.8217,3.8933,6.0936,227541.6,147916.0426
600568.SH,20251105,,2.3571,7.0897,404552.5452,338820.6576
002601.SZ,20251105,32.7154,1.7821,1.6047,4185558.371,3486628.8448
300382.SZ,20251105,,4.2974,4.7969,988809.9909,988715.7886
600774.SH,20251105,,1.7704,2.8552,295622.4668,295431.8153
301362.SZ,20251105,23.308,1.8112,2.7513,451337.04,127937.04
600318.SH,20251105,129.8957,4.4512,14.7924,486578.5228,486578.5228
603318.SH,20251105,,2.3561,1.3274,334662.7036,279604.0068
300110.SZ,20251105,,3.0354,3.2761,411410.1177,410934.9672
301076.SZ,20251105,125.272,7.0212,18.5448,823165.8084,516882.9753
002635.SZ,20251105,65.4893,1.5835,1.971,923561.4864,553492.3618
002463.SZ,20251105,39.1892,9.7121,7.5915,13545594.9369,13534663.011
603959.SH,20251105,,150.0579,3.3757,356447.3672,356447.3672
688361.SH,20251105,1653.9468,8.4397,23.9837,4244328.5957,3009535.8898
920957.BJ,20251105,326.8038,4.1661,2.6123,162561.521,64697.672
000786.SZ,20251105,13.3579,1.5375,1.6264,4125146.9697,3966401.9605
301665.SZ,20251105,29.1322,3.8728,2.6647,1359900.0,115591.5
300624.SZ,20251105,,12.9373,9.1355,1397048.2772,1237331.2188
000839.SZ,20251105,,7.0285,3.318,1077952.2468,1077952.2468
300274.SZ,20251105,27.1367,9.6636,4.4074,41567889.0512,31873674.4525
301468.SZ,20251105,122.5078,2.4424,11.9257,548820.3332,316360.9921
600467.SH,20251105,89.5887,1.072,2.6576,366709.5703,366709.5703
603336.SH,20251105,581.8499,3.9375,5.3214,562456.3052,562456.3052
301595.SZ,20251105,58.3489,4.9831,4.0114,430521.28,91842.0455
300962.SZ,20251105,44.0234,4.5262,12.4029,452499.2515,452499.2515
001979.SZ,20251105,21.3691,0.8473,0.4409,8408455.9723,7849791.6648
688472.SH,20251105,61.2505,3.3423,1.8144,7848526.4655,2963732.8512
603626.SH,20251105,,3.4181,2.2691,729111.9127,729111.9127
688347.SH,20251105,1105.0802,4.7948,13.3942,20993791.9131,4932551.75
688283.SH,20251105,80.9952,3.9077,14.3856,377701.8,377701.8
301356.SZ,20251105,57.7351,1.7389,3.3483,521856.0,132420.96
600152.SH,20251105,,2.1782,2.5477,370884.6419,370884.6419
300049.SZ,20251105,153.7544,9.9388,12.8811,1893782.7573,1668834.0913
600540.SH,20251105,,6.7044,0.6746,292432.6109,292432.6109
300741.SZ,20251105,,1.6328,8.7322,1117206.32,1117200.3338
002686.SZ,20251105,303.8299,2.2632,2.2012,371452.8712,342912.5908
300810.SZ,20251105,,6.8539,21.3271,509976.0,492439.068
920876.BJ,20251105,,7.595,3.814,191386.7251,115003.3319
600927.SH,20251105,35.4836,1.703,1.9609,2238644.4451,2238644.4451
688157.SH,20251105,126.7514,3.779,6.619,511060.3384,511060.3384
002587.SZ,20251105,,3.1703,5.3555,421549.0689,338634.8142
920199.BJ,20251105,251.3083,4.9671,9.3857,260996.7536,141629.0914
603327.SH,20251105,93.3474,4.6176,3.5898,923678.4717,923678.4717
002928.SZ,20251105,24.3454,3.5465,1.9449,1415013.3959,1415006.3387
688515.SH,20251105,,5.7225,16.5928,859200.0,535060.356
000875.SZ,20251105,46.6235,1.2505,1.643,2183616.9169,2012127.7299
600521.SH,20251105,58.8896,2.9736,3.1652,2756439.9047,2756439.9047
300215.SZ,20251105,,2.4866,9.1845,487660.3157,325415.6278
001306.SZ,20251105,141.459,4.184,7.1951,560627.352,138260.0
300884.SZ,20251105,,2.812,5.3809,355661.8108,268165.2503
688488.SH,20251105,,6.4492,9.3956,630753.4292,630753.4292
002663.SZ,20251105,,1.8059,2.19,427390.5277,320637.2455
600221.SH,20251105,,15.0158,1.2072,8081323.284,6147190.5347
002572.SZ,20251105,11.1133,1.7443,1.2764,1256776.549,850160.0241
002112.SZ,20251105,57.1228,5.4075,2.446,470904.1825,419589.3596
600187.SH,20251105,246.779,1.4306,24.4547,455086.271,455086.271
002759.SZ,20251105,,5.3992,6.9966,1671108.2225,1669639.996
000716.SZ,20251105,111.0752,1.8653,2.0275,475451.9061,466312.3676
603519.SH,20251105,20.7127,2.9066,2.018,345693.535,345693.535
300925.SZ,20251105,90.4492,4.3702,1.9876,959021.91,781934.6548
300153.SZ,20251105,229.5972,12.1626,6.3245,1105280.0,1099512.2276
688035.SH,20251105,64.6353,2.9983,4.6848,689864.0,689864.0
301025.SZ,20251105,648.3392,6.4553,10.8023,399508.7812,276596.4385
002083.SZ,20251105,18.2671,1.2284,1.0863,561356.9341,561171.0286
301311.SZ,20251105,,2.7335,2.3363,489120.0,177799.9439
600335.SH,20251105,21.3248,0.8212,0.2453,952817.3968,952817.3968
301293.SZ,20251105,151.4788,5.4507,7.75,1274029.5146,995449.105
300537.SZ,20251105,,5.4911,10.3263,495826.3591,343405.0238
300658.SZ,20251105,81.4423,2.2182,1.7248,297823.874,201835.0425
002733.SZ,20251105,106.4942,3.2846,2.7286,902520.8306,866458.6209
688071.SH,20251105,,2.7932,5.7618,295746.5573,295746.5573
601665.SH,20251105,6.8383,0.7828,2.9116,3766151.6253,3766151.6253
300523.SZ,20251105,,5.084,4.4111,537160.3061,536515.6841
603197.SH,20251105,31.4942,2.5273,0.9862,793532.1964,793532.1964
000977.SZ,20251105,37.113,4.3682,0.6042,9202316.6476,9192034.684
601899.SH,20251105,16.9243,4.5974,2.3547,77101453.2293,59725609.1243
002887.SZ,20251105,25.0528,1.2972,6.0747,297113.2527,188957.1166
002392.SZ,20251105,27.1721,1.6802,1.4285,969059.5429,931119.4458
300573.SZ,20251105,29.0642,10.1123,7.8002,1878146.174,1442590.5295
002713.SZ,20251105,,,7.8349,552949.7396,542358.0953
000963.SZ,20251105,19.2683,2.9523,1.6534,7124833.497,7117071.8477
605333.SH,20251105,21.5368,4.141,1.7207,1414395.1575,1331293.4949
002035.SZ,20251105,12.4044,1.3939,0.9097,541650.6619,498431.5129
605081.SH,20251105,,1.4167,14.0825,126383.7324,126383.7324
301317.SZ,20251105,13.0567,3.8444,6.0855,517155.1,147392.0
301306.SZ,20251105,,5.5058,16.71,503952.4,348109.3
688348.SH,20251105,158.424,2.4961,7.6554,904064.9615,904064.9615
002114.SZ,20251105,,3.1487,2.1401,266154.3047,266150.6473
688590.SH,20251105,780.6202,3.8763,2.7108,555765.2262,555765.2262
002301.SZ,20251105,104.6581,1.5125,0.4356,467407.5406,465257.6645
603639.SH,20251105,23.2831,1.3012,1.1026,450338.7952,450338.7952
600130.SH,20251105,660.8649,3.1094,6.2385,298500.0,298500.0
605377.SH,20251105,19.2169,1.3351,1.5337,512693.3168,512693.3168
300094.SZ,20251105,,3.9562,1.3673,407268.3783,399091.781
300862.SZ,20251105,,2.443,9.0826,486468.1718,399126.1034
000692.SZ,20251105,,,0.9925,207804.8606,207804.8606
600299.SH,20251105,21.1368,1.489,1.4736,2518305.2953,2518305.2953
688408.SH,20251105,29.8496,2.2842,1.1542,971995.3362,971995.3362
300596.SZ,20251105,18.3043,1.9374,1.5571,923530.3007,897086.1494
920092.BJ,20251105,,6.0311,10.691,223983.5576,114864.6668
920185.BJ,20251105,39.2439,3.234,2.464,4029108.3315,3964184.2913
688529.SH,20251105,,1.8253,2.7049,323402.3576,323402.3576
688616.SH,20251105,25.5136,2.8568,4.6631,242698.7925,242698.7925
603289.SH,20251105,30.2653,2.1733,2.7437,316562.0168,316562.0168
000029.SZ,20251105,,8.0582,26.8942,2952023.88,2601863.88
002016.SZ,20251105,40.2324,1.1295,3.8141,553421.4123,553421.4123
300760.SZ,20251105,29.0753,6.364,7.5613,25009028.634,25008290.7031
301603.SZ,20251105,27.7308,3.9466,3.769,918379.8,286955.6625
301216.SZ,20251105,,1.9341,0.7004,1156816.1793,1092509.8184
600149.SH,20251105,137.46,9.4858,10.6309,221253.12,221253.12
300478.SZ,20251105,,64.1981,7.3784,329729.819,329729.819
002209.SZ,20251105,20.6788,3.3021,1.4306,271077.5661,213021.9538
601019.SH,20251105,11.8934,1.1904,1.5872,1836472.0,1836472.0
300237.SZ,20251105,,,2.109,386433.2012,386429.5832
002212.SZ,20251105,736.582,1.3319,5.0793,1239606.0268,1226359.2796
002347.SZ,20251105,,3.1529,3.1117,360862.1273,352768.7742
688322.SH,20251105,310.5087,10.9962,35.2886,3273336.9984,2384318.3808
688225.SH,20251105,,4.4114,1.0622,783619.59,783619.59
300692.SZ,20251105,56.3885,1.7615,4.0088,392206.4437,347015.4688
300768.SZ,20251105,89.6101,4.2845,12.0631,1455053.6281,950709.0223
600865.SH,20251105,139.3583,1.528,19.0106,351032.2148,351032.2148
601898.SH,20251105,11.4284,1.2664,1.2314,19649339.1588,13563264.5928
301075.SZ,20251105,,7.5965,25.6028,453440.0,453440.0
603170.SH,20251105,24.7214,4.4068,2.1796,622015.55,622015.55
688010.SH,20251105,,2.5665,6.7392,430786.7138,430786.7138
688119.SH,20251105,,1.6948,2.4606,505125.0,505125.0
301505.SZ,20251105,128.9412,2.8514,9.4323,272500.7786,178463.7943
301323.SZ,20251105,44.4241,2.9475,6.7281,634573.6387,405259.3218
600502.SH,20251105,6.9291,0.7406,0.0943,825652.8242,825652.8242
301580.SZ,20251105,26.5517,2.3045,4.835,480392.9328,324652.5999
601010.SH,20251105,47.1037,1.1742,2.9774,502656.0,502656.0
301126.SZ,20251105,,1.4548,0.4719,253878.3552,170423.7205
688581.SH,20251105,18.5546,2.0355,7.5736,506445.1392,259457.2133
688019.SH,20251105,43.2881,9.7668,13.8935,3243995.2495,3243995.2495
300125.SZ,20251105,,,26.4223,268670.395,266490.1216
002524.SZ,20251105,,19.812,2.8174,241605.6565,237741.6078
603099.SH,20251105,96.3154,10.8816,17.8916,1404284.22,1404284.22
600333.SH,20251105,,2.3457,1.9584,438502.0925,438502.0925
002594.SZ,20251105,22.7755,3.9727,1.0384,87342752.6727,33407776.6643
002950.SZ,20251105,16.0725,1.9485,2.0934,726988.6872,518890.4999
300418.SZ,20251105,,3.9692,7.2964,5573784.8713,5569938.7213
002048.SZ,20251105,78.8359,2.2783,0.9347,2561946.6681,2234454.7537
300438.SZ,20251105,,5.1888,2.7326,2703457.1866,2170766.1223
603416.SH,20251105,41.0989,3.79,5.1261,963574.0976,855444.66
000550.SZ,20251105,15.0498,1.4976,0.4444,1685856.942,1012558.5515
300173.SZ,20251105,78.3786,4.5835,3.1842,443039.5959,443039.5959
002455.SZ,20251105,404.3569,2.4995,0.7354,435590.0607,380594.0038
600512.SH,20251105,152.934,0.6644,1.0647,417578.4765,415900.1527
601877.SH,20251105,13.9575,1.4548,0.9858,6358799.2,6358799.2
600126.SH,20251105,,1.5707,0.5027,3063110.4983,3063110.4983
300151.SZ,20251105,106.0134,4.7145,7.3155,731667.1283,506416.5389
000726.SZ,20251105,9.361,0.6096,0.9771,585191.4991,421507.1995
002813.SZ,20251105,,12.6594,7.5877,315960.0,315581.0455
002274.SZ,20251105,,1.1169,0.9274,606656.2795,597409.8958
601228.SH,20251105,28.8689,1.2154,1.6892,2580229.722,2580229.722
601326.SH,20251105,13.444,1.0716,3.1015,2173503.268,1850690.451
300587.SZ,20251105,,3.9498,5.9508,946437.953,766862.4455
688070.SH,20251105,,7.5966,7.7367,457430.34,457430.34
002997.SZ,20251105,17.52,3.2199,2.4014,793118.5004,793118.5004
002170.SZ,20251105,12.252,3.1105,2.3303,1092499.3815,885801.5737
300075.SZ,20251105,,2.9101,18.9099,1014305.548,841711.0313
000820.SZ,20251105,,13.5054,20.8423,201078.6607,92356.6987
000901.SZ,20251105,140.1007,3.8255,2.7548,1653075.1118,1653058.4921
300264.SZ,20251105,,265.2278,15.6002,258083.6533,221886.9428
688456.SH,20251105,68.0619,3.8557,1.2934,481086.06,481086.06
300796.SZ,20251105,,2.0093,2.3557,345613.7285,345613.7285
688506.SH,20251105,,21.0275,67.7368,15078564.6707,3757686.5935
605007.SH,20251105,26.452,1.6612,0.6602,570850.9926,480656.0215
601678.SH,20251105,40.058,0.7792,0.6449,890610.1075,878919.1075
002235.SZ,20251105,2139.4382,5.9225,11.2277,445111.5141,425148.1359
002688.SZ,20251105,38.4257,2.0526,1.754,482271.4988,467164.7606
300506.SZ,20251105,,,25.9429,316496.4389,297365.0175
688129.SH,20251105,29.4802,2.7593,4.1817,260595.6444,260595.6444
300018.SZ,20251105,44.5355,3.9578,8.8524,547943.8201,507273.5314
001221.SZ,20251105,35.0557,8.503,6.9672,2330058.25,203436.063
601858.SH,20251105,29.986,2.8745,5.2296,1575466.5,1575466.5
001313.SZ,20251105,623.7603,2.0096,0.7939,512400.0,511760.1229
000702.SZ,20251105,,7.237,2.2485,254769.3368,195976.4134
001387.SZ,20251105,27.6588,2.0767,1.3299,259731.4896,161638.7625
301007.SZ,20251105,115.8817,8.6789,9.2703,594959.2,593614.78
300622.SZ,20251105,66.3672,8.4499,5.2381,716601.3332,489904.8364
002829.SZ,20251105,,3.515,13.2019,604101.9084,424564.2802
300229.SZ,20251105,,4.4972,36.0302,1783060.3222,1781854.7056
920455.BJ,20251105,63.3777,5.3302,11.5046,180999.0,94638.7375
300360.SZ,20251105,13.7367,1.96,4.7772,827841.2729,805445.3856
601789.SH,20251105,22.2836,1.3307,0.2985,604260.016,604260.016
300115.SZ,20251105,73.5194,5.7265,2.5857,4744048.4217,4730376.4273
300859.SZ,20251105,90.0009,7.757,19.6008,628060.0,628060.0
688551.SH,20251105,68.5378,2.5759,7.1335,335862.4825,335862.4825
688380.SH,20251105,74.6755,4.3589,12.8243,1327610.34,560619.54
688722.SH,20251105,28.0581,2.8134,4.2291,397660.059,396666.204
601336.SH,20251105,5.3828,2.0569,1.2695,20673235.3182,13820206.5062
601615.SH,20251105,111.4181,1.2808,1.0173,3379987.0985,3379987.0985
000727.SZ,20251105,,5.3053,0.2313,1227512.6516,1227512.6516
600114.SH,20251105,33.9138,5.6018,3.0535,1816490.2633,1773335.2633
002285.SZ,20251105,,1.7212,2.2087,482264.6272,478137.8467
002882.SZ,20251105,112.7241,6.3163,2.8051,1337228.1,762171.0564
600611.SH,20251105,162.2155,1.3775,6.4009,1397196.6126,923919.9711
002506.SZ,20251105,,8.6136,0.9615,1532782.9039,1531240.9946
002109.SZ,20251105,,1.1836,1.3289,482430.0037,482430.0037
300035.SZ,20251105,32.5882,3.4634,2.2344,1698487.2907,1445536.6661
688128.SH,20251105,24.0876,3.7203,2.6177,1268512.0,1268512.0
300137.SZ,20251105,,2.6338,4.3823,429802.3502,424557.3189
603890.SH,20251105,22.3322,2.2251,1.618,673050.7929,673050.7929
601827.SH,20251105,11.5645,1.2269,2.5935,1459597.7709,1459597.7709
301267.SZ,20251105,37.0309,2.725,3.9705,1634640.0,639900.9908
300514.SZ,20251105,25.9459,2.8012,3.8373,296000.0,237182.321
600825.SH,20251105,170.2572,3.0051,5.0774,736645.9343,736645.9343
603920.SH,20251105,35.7212,4.3718,5.3798,2918398.8839,2918398.8839
601377.SH,20251105,17.4769,1.0474,4.5873,5881107.3472,5881107.3472
300916.SZ,20251105,41.5516,4.15,3.5586,567004.5074,366226.6507
300039.SZ,20251105,19.1612,1.4568,5.6538,662118.0,580414.3011
003026.SZ,20251105,94.9653,6.3414,9.8821,417502.799,308234.6
688351.SH,20251105,232.5795,6.7858,26.5,1215559.8,322513.0726
301099.SZ,20251105,66.0699,5.3126,1.1479,688449.1572,421429.0896
300132.SZ,20251105,27.8202,2.6364,1.7635,371421.657,365310.4432
605166.SH,20251105,17.4394,1.8461,0.58,359735.5979,359735.5979
600326.SH,20251105,,4.2487,4.884,1712617.7797,1712617.7797
001373.SZ,20251105,,2.5631,3.9848,222888.9516,107512.4703
920029.BJ,20251105,19.6467,3.6844,4.2213,1319145.5632,301973.0863
301337.SZ,20251105,,2.7254,12.1021,298845.6,106075.2027
300390.SZ,20251105,,2.5804,4.1844,2814583.6697,2278553.8992
301100.SZ,20251105,,2.1591,3.5601,430800.0,188475.0
300706.SZ,20251105,,7.9672,4.1535,559254.8214,414550.5714
300069.SZ,20251105,104.6353,8.6059,9.7019,243009.0,243009.0
600730.SH,20251105,701.2668,3.3103,50.6606,593109.218,593109.218
301520.SZ,20251105,69.8596,1.8862,9.6654,285333.3348,95970.4058
300604.SZ,20251105,52.1107,11.7141,10.3094,5036161.2418,3878658.6719
920675.BJ,20251105,43.438,3.3071,3.8029,205219.488,94189.301
301127.SZ,20251105,31.4901,2.7581,4.6493,893352.7877,881471.3219
601298.SH,20251105,10.2387,1.2377,2.9243,5614801.5,4664144.875
601117.SH,20251105,7.9115,0.7344,0.2566,4812219.3613,4782829.6405
688209.SH,20251105,58.4468,4.1936,5.5522,874737.707,872401.415
000722.SZ,20251105,89.7095,2.0073,16.9625,631719.4218,631719.4218
300710.SZ,20251105,,5.5305,8.9845,255690.071,191670.6334
600734.SH,20251105,,28.7076,23.4588,890925.9704,890741.9204
301618.SZ,20251105,107.5471,5.4887,9.4683,513147.8117,188581.7153
603607.SH,20251105,38.9653,4.1636,4.5334,420764.0976,420764.0976
300144.SZ,20251105,26.7234,2.5365,9.4945,2123366.3951,1907354.4184
000402.SZ,20251105,,0.3859,0.6645,908634.6917,908554.8203
605162.SH,20251105,25.4956,2.982,5.0465,379346.9711,379346.9711
301322.SZ,20251105,48.9463,1.5082,5.4215,424004.9219,273078.0357
603086.SH,20251105,24.0202,1.8209,1.5524,393505.8944,393505.8944
300103.SZ,20251105,,5.002,15.1676,243282.366,243082.9073
603982.SH,20251105,,1.4794,1.3034,347237.6742,322915.4241
300408.SZ,20251105,38.4703,4.6633,11.518,9793301.5658,9554718.9669
600819.SH,20251105,54.2354,2.2008,1.3987,779720.0015,623344.9999
300580.SZ,20251105,42.6439,3.9373,8.9165,1279890.6628,1203870.3113
600141.SH,20251105,19.8531,1.4656,1.058,3187306.7949,3187306.7949
600280.SH,20251105,,6.1719,1.7898,380248.8236,380248.8236
688400.SH,20251105,134.5347,4.2563,6.1882,1718521.2606,1718521.2606
920037.BJ,20251105,53.5106,12.5404,13.4317,1006091.988,325207.388
301559.SZ,20251105,45.383,2.2254,3.6913,1013400.0,152010.0
300271.SZ,20251105,,1.8024,4.1249,658419.0058,646563.6707
603728.SH,20251105,354.7858,9.6312,10.8591,2855103.12,2855103.12
600613.SH,20251105,56.1181,1.4994,1.8574,349816.9163,313954.5856
300518.SZ,20251105,,4.2387,19.3064,318659.6984,318631.1741
600794.SH,20251105,59.4919,1.9188,6.8296,504063.9059,504063.9059
600018.SH,20251105,9.0436,0.9311,3.3396,13037564.5467,13000163.5422
301557.SZ,20251105,47.8418,4.3074,3.7547,435546.3719,108916.4
600199.SH,20251105,,3.3041,9.1461,683450.9001,683450.9001
000597.SZ,20251105,21.4111,1.4953,1.1713,802023.6049,792035.5847
002857.SZ,20251105,274.995,5.6871,3.6717,296277.912,290304.0
002275.SZ,20251105,17.1028,2.7559,4.2961,894279.4092,850860.883
600869.SH,20251105,,4.126,0.6259,1757727.3748,1757727.3748
002234.SZ,20251105,,1.7757,1.5088,321043.395,277295.9479
600570.SH,20251105,53.6454,6.2599,9.6007,5648298.3647,5648298.3647
600628.SH,20251105,71.3559,1.1605,4.4618,492919.0426,492919.0426
300021.SZ,20251105,80.2022,1.9817,1.0959,499937.6923,426769.4742
603167.SH,20251105,17.1488,1.4113,2.7005,495416.5952,495416.5952
600159.SH,20251105,,1.5569,3.8251,267261.0407,267261.0407
688618.SH,20251105,86.6994,3.4003,7.9685,298382.686,298009.5724
301117.SZ,20251105,209.4537,3.1669,11.9804,413339.584,254239.6384
002805.SZ,20251105,,4.6344,2.7197,457622.1381,455138.6051
688168.SH,20251105,,6.06,6.4118,602390.4619,602390.4619
300550.SZ,20251105,69.3875,3.1872,8.7876,356031.5512,355700.9855
920792.BJ,20251105,39.4449,2.1911,3.1298,222982.38,135183.3548
002186.SZ,20251105,,4.1657,2.8232,360325.9443,359844.3108
605020.SH,20251105,22.9084,2.3276,2.6239,1315213.3757,1294884.4305
300490.SZ,20251105,,2.2231,2.4235,489966.2583,483307.4601
688176.SH,20251105,,3.2643,20.4092,569456.9745,434378.8912
300306.SZ,20251105,40.193,2.3905,8.3747,350722.2465,205513.647
300838.SZ,20251105,440.3678,2.1918,2.2918,216349.504,159551.644
600323.SH,20251105,12.8481,1.7275,1.8771,2419950.3293,2419950.3293
002088.SZ,20251105,24.7413,2.3028,2.1639,598300.9353,589752.7467
600103.SH,20251105,141.5529,2.2445,3.7753,891849.0453,880506.9607
920663.BJ,20251105,36.8288,7.9326,7.4609,271245.1478,128486.8219
600192.SH,20251105,,4.7963,3.1713,486364.548,486364.548
300815.SZ,20251105,18.253,2.1123,1.2236,932306.688,913108.4286
600363.SH,20251105,88.0652,6.0868,8.495,2696143.4053,2696143.4053
600098.SH,20251105,10.774,0.9026,0.4941,2482152.4065,2482152.4065
688693.SH,20251105,,3.4907,13.2609,295326.3177,155928.8913
300654.SZ,20251105,102.3714,4.4687,7.2771,381502.0958,367056.5184
300288.SZ,20251105,,4.5834,16.3402,498801.5094,378696.4211
002437.SZ,20251105,26.1337,3.5501,3.4063,765814.2966,716128.4053
002783.SZ,20251105,28.3987,1.8557,1.3198,486374.3482,443896.9313
002732.SZ,20251105,37.0668,1.846,1.7274,277722.75,276220.4014
002752.SZ,20251105,20.3849,1.7462,0.8379,603735.6132,603642.9132
603997.SH,20251105,83.2667,3.4965,0.8382,1800577.662,1800577.662
301526.SZ,20251105,295.1265,2.7415,2.6844,2251214.1947,838422.575
000998.SZ,20251105,,2.5045,1.6839,1435650.7556,1284804.3834
300135.SZ,20251105,769.3483,4.2311,2.9443,399974.4,399974.4
600410.SH,20251105,35.0363,4.406,4.6802,2089918.8658,2089918.8658
600654.SH,20251105,53.3852,6.3949,3.2736,1104532.3588,889430.1262
601566.SH,20251105,15.2774,1.3161,1.7628,536711.0981,536711.0981
688023.SH,20251105,,2.5279,2.7288,573812.494,573812.494
603496.SH,20251105,,6.4978,9.2776,904591.1115,904591.1115
300177.SZ,20251105,,4.6184,5.9888,697286.4148,568106.1462
603966.SH,20251105,20.1944,2.1498,1.6865,433786.4008,432721.684
002739.SZ,20251105,,3.1183,1.9467,2394757.0549,2364905.5357
300572.SZ,20251105,,4.6269,18.3073,819550.9581,657094.0245
002125.SZ,20251105,43.1184,3.2243,5.0944,983879.9174,983879.9174
003017.SZ,20251105,28.9814,2.5006,2.7208,268128.0,221167.2577
600748.SH,20251105,,1.187,4.1138,1239546.2634,1239546.2634
000965.SZ,20251105,61.7138,0.905,1.5144,497204.241,497204.241
603275.SH,20251105,35.5388,2.355,9.677,689111.2138,192394.5806
600230.SH,20251105,95.0659,1.2788,1.101,514553.5416,514553.5416
301552.SZ,20251105,23.65,3.2414,5.5911,373184.0,93296.0
688528.SH,20251105,,4.2547,7.5893,211008.0,211008.0
603908.SH,20251105,83.9815,4.3765,2.2539,235002.222,235002.222
300287.SZ,20251105,,7.3564,17.3616,790835.8682,726340.3044
603169.SH,20251105,194.997,4.1756,2.0331,1382056.7223,1382056.7223
920523.BJ,20251105,19.7322,4.5516,5.8546,307652.2577,244278.6897
002199.SZ,20251105,,12.7016,10.2103,242225.1512,242225.1512
002758.SZ,20251105,11.6897,1.0665,0.1154,511492.7123,508463.6296
688307.SH,20251105,56.6629,3.5825,5.2888,313904.864,208352.8666
301129.SZ,20251105,50.5105,2.0775,7.4873,350123.2224,170743.72
002171.SZ,20251105,35.8654,2.3518,0.3461,2040032.9051,2028473.0278
002775.SZ,20251105,,11.0375,4.8438,292029.5705,216378.1085
001227.SZ,20251105,7.3241,0.4567,1.7992,1389750.109,1028004.7172
301508.SZ,20251105,49.2592,3.6648,8.3922,733872.5592,190982.9544
000750.SZ,20251105,30.3991,1.279,7.3742,2886550.8636,2619884.1976
300190.SZ,20251105,,1.2483,1.9352,361620.3983,358765.5889
301458.SZ,20251105,76.2353,5.9273,13.123,980266.7892,237290.6376
600678.SH,20251105,177.2959,11.9693,6.1873,337473.33,337473.33
300973.SZ,20251105,22.2949,2.8403,1.6355,697174.8838,479738.6165
603341.SH,20251105,35.7511,3.5971,0.4825,2064809.4121,1171070.2436
300784.SZ,20251105,47.1984,3.7623,5.7773,301096.1104,90637.0629
688553.SH,20251105,189.9477,2.4047,9.1151,897184.8,727617.1376
300109.SZ,20251105,34.1518,2.1977,5.6539,818022.1584,757052.3261
000070.SZ,20251105,,5.84,2.172,880537.1753,869127.9173
300566.SZ,20251105,26.0119,2.3159,2.2583,488713.0922,422886.1158
600227.SH,20251105,,1.7631,1.8811,422181.9213,319399.9508
688177.SH,20251105,,22.5785,12.932,1093171.2,1093171.2
601186.SH,20251105,5.0674,0.3962,0.1042,10809315.034,9156583.418
600506.SH,20251105,92.4658,10.3986,2.0777,498865.1905,383742.4561
600892.SH,20251105,,302.177,8.9824,228261.3887,228202.3707
002290.SZ,20251105,62.3542,10.2647,3.8163,973840.8953,971007.5359
600787.SH,20251105,28.0934,0.9348,0.2043,1299877.6696,1299877.6696
600985.SH,20251105,20.231,0.8731,0.8835,3614353.1875,3614353.1875
002581.SZ,20251105,,2.8234,20.4772,527788.4688,320632.9288
002803.SZ,20251105,28.5442,2.9299,1.1249,750375.2098,481091.1332
603077.SH,20251105,,1.0651,2.5248,1934074.6789,1934074.6789
601311.SH,20251105,15.8494,1.199,0.7203,1181358.1408,1181358.1408
002512.SZ,20251105,,15.1554,3.2582,588510.7183,578964.9927
600966.SH,20251105,47.1151,0.9457,0.3595,697832.7183,697832.7183
600358.SH,20251105,,40.5858,7.4663,297407.6927,297407.6927
002893.SZ,20251105,39.7351,2.677,2.6451,325595.4,250431.5932
300648.SZ,20251105,,5.5693,6.6478,758472.6528,577453.5759
002382.SZ,20251105,,0.7242,0.9652,557951.1828,553832.6083
002243.SZ,20251105,48.4819,1.5191,4.6157,1104071.0477,1098177.7685
688147.SH,20251105,71.2809,8.0037,8.0379,2312703.7742,507303.7742
002898.SZ,20251105,,5.2937,9.9557,243760.0,140248.647
002760.SZ,20251105,,3.0035,4.1749,248374.0238,248374.0238
002963.SZ,20251105,,1.9637,7.3201,253657.2019,192675.563
688728.SH,20251105,171.1128,5.0077,5.1862,3916483.5205,3763324.0825
301668.SZ,20251105,62.5582,6.7196,7.9235,702790.0,147254.0937
300059.SZ,20251105,31.5192,4.4916,117.021,39920999.1671,33788751.0562
600616.SH,20251105,150.1942,2.0186,7.011,388022.871,388022.871
300831.SZ,20251105,187.0495,4.9684,32.1546,455360.0,262521.0735
688126.SH,20251105,,5.5539,17.651,6266311.1613,6230913.3966
301011.SZ,20251105,48.623,4.1867,3.9543,398370.7339,362545.1249
000661.SZ,20251105,44.8196,1.8683,3.3362,4298437.7431,4210842.366
301157.SZ,20251105,89.9994,2.8781,11.8464,314880.0,108423.9686
301279.SZ,20251105,57.914,2.6256,5.2382,353538.7014,267190.2639
000889.SZ,20251105,,52.502,2.3719,372643.8642,346200.171
688679.SH,20251105,,3.2971,2.5669,370179.6764,370179.6764
603177.SH,20251105,209.9787,6.492,2.3804,246766.338,244417.824
002967.SZ,20251105,29.6438,3.487,3.4425,1192154.5092,1104585.0422
688709.SH,20251105,268.9034,9.0557,37.2562,2603430.6423,890866.1621
688367.SH,20251105,158.6935,3.3122,8.8311,195227.6088,195227.6088
600017.SH,20251105,18.2465,0.712,1.2668,993436.2058,993436.2058
688570.SH,20251105,61.0495,1.9686,4.8814,843051.0,366425.4
300570.SZ,20251105,57.6,13.0366,12.913,2164519.0425,1831599.5092
601038.SH,20251105,18.1921,1.8917,1.3644,1483211.763,965850.963
300795.SZ,20251105,35.2551,7.6836,5.8976,428912.7035,248635.562
600196.SH,20251105,22.9008,1.5652,1.9008,7517258.5499,5963546.0424
002329.SZ,20251105,,3.4372,1.6603,307157.0705,239993.513
600757.SH,20251105,9.7842,1.1031,1.5778,1091071.5954,1090933.8956
301598.SZ,20251105,34.4007,4.172,7.1104,394729.1885,98682.2988
002949.SZ,20251105,34.8567,2.0291,2.345,292889.5328,226912.1398
601816.SH,20251105,19.4874,1.256,5.9712,25441353.2724,25441353.2724
688329.SH,20251105,333.0767,2.2439,4.5692,174317.6,174317.6
603050.SH,20251105,32.1559,4.327,1.6797,791715.5759,791715.5759
603311.SH,20251105,34.762,2.2947,3.7014,315376.7837,315376.7837
603355.SH,20251105,14.9124,2.6553,1.4756,1450690.5391,1450690.5391
000615.SZ,20251105,,,2.8367,289932.2932,289750.1091
002420.SZ,20251105,51.3922,5.1025,1.0663,314225.56,305263.3434
300154.SZ,20251105,41.8197,2.4368,4.9525,435169.4346,305003.3942
300719.SZ,20251105,466.2728,4.0921,5.9464,424559.3405,299965.6204
301308.SZ,20251105,165.897,14.422,5.1868,10855862.4153,7106905.5582
688549.SH,20251105,2661.3863,4.7917,12.5839,1461025.964,582836.491
600228.SH,20251105,,6.5214,7.3605,269807.0079,269176.0535
605598.SH,20251105,123.443,4.2691,5.2345,775823.0141,770849.3181
001201.SZ,20251105,179.9279,1.2073,1.9966,410134.3456,323187.2297
600376.SH,20251105,,2.496,0.4942,1627705.6677,1627705.6677
600463.SH,20251105,,4.0688,6.3241,374100.0,374100.0
002249.SZ,20251105,27.6328,3.0692,2.3561,2933348.8004,2197534.7378
300898.SZ,20251105,34.741,3.4062,4.2738,333932.0,308980.5175
688726.SH,20251105,25.6351,4.727,3.3065,1900169.174,213465.9141
300690.SZ,20251105,31.6041,3.3235,5.0492,525644.2135,352174.0038
300851.SZ,20251105,48.4563,1.968,7.3394,252715.3938,157297.8427
601061.SH,20251105,23.8359,2.8705,0.4897,6786500.0,694098.0781
301206.SZ,20251105,60.8907,1.289,8.2514,556193.3493,358148.3024
688085.SH,20251105,102.0238,3.1898,12.9199,661923.0585,622860.6544
603726.SH,20251105,20.8729,3.1944,2.2878,448904.6016,446619.5916
920799.BJ,20251105,147.9095,26.7676,21.9454,1107219.1039,637078.7257
603066.SH,20251105,500.9453,2.296,2.6802,329481.6829,329481.6829
301302.SZ,20251105,,2.3523,14.5854,369400.05,329406.3
603803.SH,20251105,,2.589,3.3937,406613.564,406613.564
600617.SH,20251105,,2.0643,0.4447,698367.4229,642746.4534
001395.SZ,20251105,25.3562,3.7097,5.4235,426603.6,96271.1855
600382.SH,20251105,23.4797,1.7912,6.1001,509001.1292,509001.1292
603725.SH,20251105,25.6267,3.6625,0.954,303028.5339,284937.7339
300689.SZ,20251105,271.5448,9.2733,15.2055,640424.0,560549.244
002046.SZ,20251105,53.3003,3.4654,4.7646,1499938.3375,1479016.7132
000598.SZ,20251105,10.0809,1.1044,2.2927,2151470.2878,2148023.1868
920374.BJ,20251105,248.356,8.6899,10.7488,220995.298,92481.8368
002706.SZ,20251105,41.7785,3.1378,2.7641,1276993.1477,1040343.1638
000488.SZ,20251105,,1.9414,0.9926,620647.2582,354772.7355
603608.SH,20251105,,3.0721,3.1188,324860.1948,324860.1948
002064.SZ,20251105,26.2291,1.6373,1.7723,4372001.1733,4359695.0789
002045.SZ,20251105,316.9541,2.0029,1.0449,886473.416,885448.622
603223.SH,20251105,30.7688,1.8316,5.4049,714901.233,714901.233
920976.BJ,20251105,35.0727,7.0648,7.2375,196044.2442,121902.4548
600267.SH,20251105,24.0516,1.5453,1.266,1315136.471,1314413.2738
001914.SZ,20251105,13.2592,1.1087,0.6344,1202432.432,1202427.4424
920247.BJ,20251105,138.3678,9.6197,10.2985,443644.3715,321686.219
603171.SH,20251105,196.9482,8.3543,10.1012,2108930.55,2106569.1
000735.SZ,20251105,,2.3598,4.0356,996059.245,995526.3522
603303.SH,20251105,23.163,2.1286,1.4979,662952.9593,662952.9593
002099.SZ,20251105,,2.0043,5.5159,1026265.4704,1024352.4451
920726.BJ,20251105,121.7149,4.3826,8.9204,198053.16,108926.7153
300997.SZ,20251105,110.4517,8.0607,5.261,818950.3452,722605.5832
600548.SH,20251105,21.0786,1.119,2.7731,2616529.6669,1767573.1885
920080.BJ,20251105,35.5727,3.4145,6.2391,245200.0,69454.1291
600381.SH,20251105,,2.7594,9.9781,284137.3986,284137.3986
600602.SH,20251105,139.7427,5.498,4.2683,2650551.1558,2081999.1946
002707.SZ,20251105,142.1281,7.581,1.0077,702641.2486,590023.1659
000603.SZ,20251105,30.0324,4.6868,6.7972,1542081.4883,1490111.0624
301002.SZ,20251105,,5.0945,4.3579,403431.351,242285.4893
000042.SZ,20251105,,1.5771,2.0727,519897.9507,519350.6
300804.SZ,20251105,61.5878,2.0747,3.5781,282310.0,104912.5
601696.SH,20251105,34.7544,2.0437,11.2246,3822528.0,3822528.0
001356.SZ,20251105,63.1858,4.14,4.0791,845084.88,179580.537
002582.SZ,20251105,,1.4265,2.8654,445469.3515,342520.992
001298.SZ,20251105,200.6653,6.1013,1.2274,982823.9828,510174.945
688510.SH,20251105,54.9189,5.1612,8.5949,613141.9288,613141.9288
301528.SZ,20251105,69.7605,2.7494,21.3116,420301.0,216261.208
301167.SZ,20251105,89.1384,2.1001,5.7742,198016.0,125736.4401
001286.SZ,20251105,12.7557,1.4265,1.6468,3735000.0,1045800.0
600203.SH,20251105,,5.2504,0.7498,910236.7059,910236.7059
000852.SZ,20251105,360.4223,2.2127,0.9623,694032.5422,686606.3586
002390.SZ,20251105,97.8013,1.1175,1.3155,754214.5248,747993.4748
300708.SZ,20251105,40.289,2.9862,2.6021,842206.8842,636882.7858
301171.SZ,20251105,61.4335,3.9458,4.2076,1477002.8827,1168702.7216
301662.SZ,20251105,83.5608,7.2871,6.3092,1051120.0,218472.9533
001309.SZ,20251105,,20.8044,6.5063,5097453.873,3616814.25
601069.SH,20251105,54.5936,5.4803,2.0189,2495226.5979,2430009.1454
002205.SZ,20251105,,7.685,3.7288,276534.7233,276534.7233
301066.SZ,20251105,135.9228,2.9961,5.344,371883.2847,298849.2559
301238.SZ,20251105,305.8742,2.2361,8.1869,1619199.9264,1619199.9264
600980.SH,20251105,40.7226,3.1213,3.4513,451961.3001,448454.0206
600252.SH,20251105,,1.5482,3.9172,897859.172,894749.8227
002136.SZ,20251105,,2.2976,1.4386,259314.12,258633.6466
300199.SZ,20251105,,28.9674,20.9378,1880420.8043,1587590.712
603080.SH,20251105,18.4598,2.2255,2.1692,339034.0,339034.0
002827.SZ,20251105,63.4184,10.2123,5.8176,1035874.994,1031964.0
688433.SH,20251105,539.5527,10.3561,37.573,2048478.8848,999607.9667
603868.SH,20251105,34.5482,4.7558,4.0244,1555963.2,1555963.2
603506.SH,20251105,20.5498,1.9114,1.2983,238477.7793,238477.7793
688358.SH,20251105,28.9344,2.8109,8.7531,393557.1249,393557.1249
605277.SH,20251105,36.5272,4.7533,1.9582,768584.5086,753979.4357
605167.SH,20251105,23.1152,2.5522,1.7479,504305.61,504305.61
603650.SH,20251105,40.8292,6.807,6.9359,2336525.23,2330018.6818
920469.BJ,20251105,,4.1438,2.4212,189290.478,138930.8816
603392.SH,20251105,,5.7692,38.8415,6974621.8531,6974621.8531
600362.SH,20251105,16.9514,1.6606,0.2605,13563511.0794,8128744.0854
603041.SH,20251105,75.0182,1.5804,3.8222,237542.5565,237542.5565
002835.SZ,20251105,22.2086,3.0822,3.4452,379285.5128,219954.0079
920770.BJ,20251105,63.4827,4.4551,15.9031,277051.4006,174351.9002
688080.SH,20251105,24.8652,3.3011,4.9218,370637.6562,370637.6562
688077.SH,20251105,80.4967,3.456,2.4486,375260.5361,375260.5361
688178.SH,20251105,,2.4211,4.1766,241138.8834,241138.8834
688396.SH,20251105,82.5815,2.8491,6.0779,6512859.2266,6512859.2266
002531.SZ,20251105,,1.502,2.6868,1349455.8722,1341936.4591
603533.SH,20251105,,4.0533,2.9919,937044.7427,937044.7427
300298.SZ,20251105,37.0197,3.2665,2.214,1043777.9911,840773.2004
603388.SH,20251105,,0.31,1.4954,21824.1493,21824.1493
600452.SH,20251105,39.2221,2.7968,5.1256,1530395.4874,1530395.4874
688516.SH,20251105,28.2043,3.8612,2.0187,1402622.516,1400087.4266
920821.BJ,20251105,193.5188,7.3562,9.2465,386583.1458,203551.3658
600206.SH,20251105,66.3636,4.3631,2.0183,1848025.9238,1848025.9238
000559.SZ,20251105,41.4525,4.4441,3.0076,4177351.6394,4176325.7096
002981.SZ,20251105,31.0932,3.7602,2.1377,423319.7481,367675.4443
301053.SZ,20251105,106.0321,4.3211,4.3876,293835.9147,270378.9699
603093.SH,20251105,26.8862,2.7597,5.5354,1212810.9953,1212810.9953
600269.SH,20251105,7.2901,0.6435,2.1977,1279803.0437,1279803.0437
300875.SZ,20251105,,5.1663,32.2992,487692.7586,428862.3031
300557.SZ,20251105,77.233,3.6463,5.173,363807.812,358814.2913
300691.SZ,20251105,,2.9395,2.382,473525.8282,388499.0912
300563.SZ,20251105,104.6622,6.3006,8.0074,685424.6093,474153.9665
301357.SZ,20251105,1356.1294,12.8746,80.2253,1464652.0,366163.0
002725.SZ,20251105,52.076,3.7077,5.5874,381952.0,316324.603
000010.SZ,20251105,100.3281,13.8742,4.961,452963.003,327174.3259
603218.SH,20251105,26.8245,1.4475,2.3242,1479677.735,1476260.055
301312.SZ,20251105,69.136,4.7709,9.1236,588051.3323,293741.4533
600036.SH,20251105,7.2454,0.9904,3.2106,107940939.1723,88291882.1561
603790.SH,20251105,66.5884,3.0275,4.5687,381571.84,381571.84
600853.SH,20251105,10.2274,1.3048,0.2488,445159.9365,444022.9704
002596.SZ,20251105,,7.9338,4.5668,530182.1993,529694.6738
300594.SZ,20251105,,2.0882,2.0697,172538.3391,170894.4788
002734.SZ,20251105,19.1319,2.248,1.7892,803777.7374,728685.1289
300844.SZ,20251105,,6.6078,10.1982,484510.1542,468027.2962
300665.SZ,20251105,,3.7462,3.4841,206903.7149,206077.0468
002196.SZ,20251105,,4.0855,2.1703,578186.6704,569340.7846
002729.SZ,20251105,67.1254,5.0386,6.6083,279212.0979,267757.623
000045.SZ,20251105,95.1973,2.2369,2.0303,665569.7096,600526.7096
688622.SH,20251105,,27.645,82.0122,1013505.5885,1013505.5885
000090.SZ,20251105,22.982,0.6355,0.325,717521.4467,717488.6147
000899.SZ,20251105,11.1004,1.6641,1.5031,1049829.2698,1049829.2698
600429.SH,20251105,40.2629,1.4406,1.1632,754588.0215,748778.713
600719.SH,20251105,,8.8856,4.3421,261775.9412,261775.9412
300077.SZ,20251105,,13.7633,10.1443,1323697.609,1285563.198
301509.SZ,20251105,44.6394,2.0808,7.6759,458660.9156,216069.4538
300105.SZ,20251105,52.339,2.1641,3.4073,416778.0514,416778.0514
688656.SH,20251105,331.687,14.5749,31.1842,1208336.8509,1208336.8509
603693.SH,20251105,30.3556,1.6715,5.6288,1163376.0234,1163376.0234
600857.SH,20251105,101.1488,4.3112,7.6124,384035.7013,384035.7013
603239.SH,20251105,26.0817,4.0379,3.5988,506517.12,506517.12
301448.SZ,20251105,1301.5046,9.7718,8.7447,668184.8,308428.61
603906.SH,20251105,,4.3806,1.6721,1310555.9414,1080995.9414
002765.SZ,20251105,46.042,3.3495,2.3737,880372.9215,804444.939
603929.SH,20251105,16.8027,5.7554,2.6384,1074267.6,1074267.6
300374.SZ,20251105,,4.9997,2.0846,406984.9177,322616.763
002718.SZ,20251105,,3.9103,6.8335,359115.4688,154374.0915
603350.SH,20251105,38.1803,3.5128,2.3891,462167.55,174680.0
300835.SZ,20251105,47.8369,5.8068,5.476,693424.4451,478479.8667
920575.BJ,20251105,,12.2815,2574.7467,397530.1,265791.7322
300124.SZ,20251105,38.1537,5.7554,4.5688,19785716.0476,17339406.3238
603700.SH,20251105,28.7293,1.6329,1.575,266041.2237,266041.2237
002960.SZ,20251105,37.2672,1.5133,2.0022,953225.3389,814246.9019
301000.SZ,20251105,71.9579,8.3446,12.5261,1038057.6742,979897.0822
920802.BJ,20251105,62.4422,3.4554,7.4229,149665.1293,40329.9322
301061.SZ,20251105,21.0242,4.7485,5.957,1912464.6195,1270538.9126
688619.SH,20251105,,3.6757,16.8042,293919.2966,293919.2966
600743.SH,20251105,,8.1554,3.6483,516142.1923,516142.1923
688339.SH,20251105,,3.2358,47.7264,732947.1843,619470.4445
002561.SZ,20251105,896.2916,1.688,9.6376,368366.018,367193.4564
002590.SZ,20251105,33.7396,2.3784,1.4989,714216.2084,681060.6462
688275.SH,20251105,,1.8693,0.9763,976913.6144,655286.6192
000513.SZ,20251105,15.428,2.3673,2.7901,3305391.1721,2136321.6418
603136.SH,20251105,30.7047,2.3162,6.0826,314697.6172,314697.6172
688117.SH,20251105,51.2443,5.9635,9.6401,615379.174,615379.174
600938.SH,20251105,10.7171,1.752,3.2455,132085742.1215,8309210.0
300496.SZ,20251105,62.7406,3.018,4.4457,3039988.1454,2431570.201
600085.SH,20251105,33.9785,3.3666,2.5434,4599911.2587,4599911.2587
002953.SZ,20251105,35.7659,3.2014,1.3596,621368.8346,369427.0422
920839.BJ,20251105,44.2054,9.2084,8.2139,567880.7007,312518.6762
002138.SZ,20251105,31.7547,4.7657,4.6077,3102713.0262,2911045.1775
002840.SZ,20251105,98.4216,2.2086,1.026,892009.6854,697999.8472
300370.SZ,20251105,,9.137,12.653,464916.7388,393479.6255
600088.SH,20251105,,5.3177,5.9974,671328.4032,671328.4032
300380.SZ,20251105,270.1462,16.1967,5.9601,626713.5794,576583.8132
002409.SZ,20251105,38.5427,4.5356,4.252,3541853.7797,2370446.2832
301538.SZ,20251105,31.4065,4.5236,6.1929,620928.0,247259.7943
600558.SH,20251105,26.4845,2.347,1.5147,558310.2049,558310.2049
002208.SZ,20251105,,1.4744,1.0997,947884.4349,947639.5719
002254.SZ,20251105,,1.2172,2.2925,857213.183,818818.32
601068.SH,20251105,179.9395,5.4743,0.6926,1598492.4028,1369381.0068
301057.SZ,20251105,75.6861,3.7052,3.1097,281896.3456,199034.5808
300120.SZ,20251105,,1.9135,2.2335,570947.5654,524282.32
603880.SH,20251105,,7.8863,3.3721,200595.148,200595.148
603595.SH,20251105,109.2822,2.7938,2.1569,431877.8417,431877.8417
300218.SZ,20251105,22.9317,2.4545,1.6629,379076.289,377834.8603
000560.SZ,20251105,63.2511,0.7205,0.5682,678384.2451,649710.2791
301555.SZ,20251105,42.2073,2.7714,1.4608,311215.5791,163075.2743
300182.SZ,20251105,198.0657,2.0886,6.2572,1755461.0915,1488616.4556
603956.SH,20251105,,1.9222,3.5246,380127.4928,380127.4928
605028.SH,20251105,25.9375,3.2391,13.0806,426400.0,426400.0
600237.SH,20251105,44.5653,2.6326,3.624,506455.4365,499205.9525
002465.SZ,20251105,,2.3805,6.6441,2864036.376,2859481.7238
300732.SZ,20251105,,1.0491,1.8602,305712.0594,305373.4109
002428.SZ,20251105,423.1202,12.143,16.6186,1767342.72,1767114.4013
600007.SH,20251105,17.3196,2.1621,5.4218,2050827.2392,2050827.2392
688701.SH,20251105,,8.52,9.7842,125012.2333,125012.2333
000756.SZ,20251105,28.7704,2.1354,1.2943,1099503.7968,785242.5349
688118.SH,20251105,80.2773,3.0389,6.7293,250555.3744,250555.3744
300068.SZ,20251105,,4.795,3.0553,1843449.6975,1750724.8142
920491.BJ,20251105,48.5018,4.2337,6.6126,444459.8738,363945.8986
603829.SH,20251105,33.4115,2.9437,1.6666,379680.5606,379680.5606
002646.SZ,20251105,714.8671,1.6237,4.0469,464734.7348,461651.7353
003025.SZ,20251105,28.3772,3.3129,6.0295,411164.752,327850.2637
300552.SZ,20251105,,3.1093,5.603,558408.7534,360937.5561
300801.SZ,20251105,53.7399,2.6901,2.3948,674948.7,421757.5763
601369.SH,20251105,15.5007,1.752,1.5128,1539062.7214,1523275.8164
002518.SZ,20251105,53.3819,5.5424,5.3116,2579257.1664,2503572.034
600597.SH,20251105,16.6516,1.2209,0.4788,1153782.5396,1153767.1388
603515.SH,20251105,15.3373,1.9771,1.8981,1316557.2104,1300799.1518
603105.SH,20251105,27.153,2.467,7.4167,526007.5965,526007.5965
603132.SH,20251105,27.8519,4.1768,8.1502,1317366.0,1317366.0
002913.SZ,20251105,32.703,2.645,2.2065,1167251.9337,1109598.07
600956.SH,20251105,20.0148,1.5502,1.7345,3473902.4783,1939521.2472
601818.SH,20251105,5.0582,0.4098,1.6015,20384515.116,16010351.3685
600926.SH,20251105,6.1128,0.8733,2.9956,11612902.0819,11612902.0819
002166.SZ,20251105,45.3016,1.9405,3.1858,596995.5871,592875.5971
920047.BJ,20251105,,24.3042,101.9359,716398.3961,470437.9873
000529.SZ,20251105,34.1847,1.1199,1.6568,354944.5206,346489.7012
300559.SZ,20251105,139.4574,4.0059,11.233,484611.1698,377408.9784
603189.SH,20251105,1078.5372,4.1099,23.3917,619422.106,619422.106
688426.SH,20251105,,2.2838,18.9973,317569.7603,107255.1762
001389.SZ,20251105,33.6229,8.4032,6.2409,3051026.845,1078437.6502
600841.SH,20251105,,2.8173,1.6491,890981.5853,669621.7187
300968.SZ,20251105,228.734,3.035,4.4956,575838.34,575838.34
000919.SZ,20251105,120.738,1.1939,1.3157,452761.0564,452646.178
603629.SH,20251105,42.1171,4.2355,2.4578,791226.92,780518.128
300581.SZ,20251105,,9.535,74.7306,910981.4082,910981.4082
603733.SH,20251105,16.5557,1.9279,1.3229,1597333.1493,1597333.1493
688660.SH,20251105,,5.8666,2.2273,2576000.1288,2576000.1288
920021.BJ,20251105,,3.5112,5.1155,219389.9879,177607.795
300616.SZ,20251105,,0.9364,0.8167,294564.9658,203370.8135
300561.SZ,20251105,,8.9531,55.8932,537112.7551,394611.2486
688227.SH,20251105,,2.9827,7.0831,386196.8194,218954.6039
002826.SZ,20251105,44.8979,4.8065,6.1391,385550.4105,352487.9586
002027.SZ,20251105,20.3816,7.3638,8.7748,11062724.9901,11062724.9901
688092.SH,20251105,40.3535,3.3698,4.7828,218716.7878,218716.7878
002121.SZ,20251105,,21.5764,3.1258,1597705.6539,1346725.3526
002282.SZ,20251105,21.9237,1.1062,2.3449,400397.1445,383805.8049
001223.SZ,20251105,75.0679,2.6178,6.0086,510075.328,127595.328
300460.SZ,20251105,,4.8696,5.1239,271818.515,271818.515
000638.SZ,20251105,,16.7644,5.1105,233851.2998,232919.3464
002069.SZ,20251105,,155.003,1.8735,280889.3166,280535.3966
300099.SZ,20251105,53.8381,2.2544,8.9656,515348.4132,406407.1558
301051.SZ,20251105,,2.0835,2.6124,459487.3409,364361.0271
603109.SH,20251105,25.3237,2.9039,1.8718,577465.7154,577465.7154
002873.SZ,20251105,358.476,2.1293,3.5614,269002.3942,263013.0407
688190.SH,20251105,40.701,5.3551,7.1883,1416120.0,1416120.0
920139.BJ,20251105,,5.7323,19.3834,613937.839,589118.906
002310.SZ,20251105,,9.9573,43.8844,1529827.1398,1070757.6778
300415.SZ,20251105,16.6433,3.6918,2.0214,1151257.0404,1113247.3855
002569.SZ,20251105,,52.7594,12.728,152218.57,147933.9412
600279.SH,20251105,13.1545,0.9813,1.5738,661084.5196,661084.5196
002682.SZ,20251105,,2.7205,1.2526,292994.0375,292989.6611
600802.SH,20251105,,3.2785,2.0969,362932.7328,362932.7328
300805.SZ,20251105,119.9024,3.1895,2.0026,497834.6801,338200.1717
300520.SZ,20251105,,7.006,7.5172,1239671.6714,1180145.7981
002330.SZ,20251105,,1.4061,0.9832,322104.852,322035.6085
688577.SH,20251105,312.0637,12.3142,14.8271,1228973.3271,1228973.3271
300244.SZ,20251105,,1.5785,0.9722,1021216.3984,819384.1057
920786.BJ,20251105,101.52,2.8645,1.4569,214697.431,146035.7593
300896.SZ,20251105,31.2701,6.1999,18.2187,4582151.5797,3158702.1445
300687.SZ,20251105,138.2195,3.6176,4.562,999791.6213,805603.6027
603203.SH,20251105,32.7733,5.5628,7.5878,811969.2387,797539.7709
600850.SH,20251105,35.3758,3.6923,1.5938,1780080.1052,1780080.1052
603703.SH,20251105,,6.2998,5.7851,521217.5427,521217.5427
605151.SH,20251105,,2.0696,1.5117,282025.6493,282025.6493
300281.SZ,20251105,1864.9565,2.563,7.4003,323827.9273,307132.93
300677.SZ,20251105,15.0581,1.4116,2.6027,2563517.5038,1824929.4126
300058.SZ,20251105,,3.6384,0.4342,2886537.8665,2797943.9254
002032.SZ,20251105,17.7035,6.9594,1.69,3855341.6755,3850727.0893
002614.SZ,20251105,64.7987,1.0278,0.8665,443918.1822,313997.162
002816.SZ,20251105,,9.9405,12.289,230000.0,230000.0
000713.SZ,20251105,85.4104,2.2488,1.5692,428582.456,428582.456
603335.SH,20251105,,12.5455,2.8504,271443.6764,271443.6764
600420.SH,20251105,14.9505,1.0198,1.5012,1390796.0816,1390796.0816
301286.SZ,20251105,53.9341,5.6846,9.9817,1085871.4,437712.2862
600423.SH,20251105,501.804,5.5005,20.739,307497.585,307497.585
600491.SH,20251105,,0.5269,0.844,517058.1888,517058.1888
300746.SZ,20251105,,4.1734,2.6966,320999.9024,317881.6299
688282.SH,20251105,170.8645,3.5304,19.0613,451440.0,451440.0
601133.SH,20251105,36.6025,2.3331,1.4579,682727.8222,193157.06
603759.SH,20251105,24.8194,2.3028,2.6114,655699.2,655699.2
301033.SZ,20251105,44.3926,5.9439,13.4346,452383.7861,380997.1526
002278.SZ,20251105,97.3855,3.9502,5.7696,464348.7108,426179.7394
301128.SZ,20251105,72.5215,10.9294,5.6772,972554.8205,829551.2091
002004.SZ,20251105,,1.0023,0.821,972140.3228,923875.1396
300869.SZ,20251105,,3.8595,13.6801,670207.7276,422606.4999
301355.SZ,20251105,351.2887,1.6304,1.4324,245823.3893,126258.8393
601633.SH,20251105,17.6276,2.2316,0.8998,19212422.6669,13939750.7864
603922.SH,20251105,188.1725,3.5738,5.318,371481.6,371481.6
600789.SH,20251105,48.3725,2.3074,1.4749,913048.3461,913048.3461
600916.SH,20251105,33.9543,1.9233,0.2321,1384320.0,1384320.0
003016.SZ,20251105,,1.3991,2.5975,374684.7563,366096.6122
688700.SH,20251105,125.2583,6.0157,11.6495,1080212.9232,1080212.9232
002408.SZ,20251105,,1.2049,0.5475,1373093.7423,1328775.6025
301488.SZ,20251105,145.5979,10.3094,8.0025,1377700.0,350597.5153
605189.SH,20251105,80.6023,2.0845,1.1293,368552.1034,368552.1034
603208.SH,20251105,,2.1889,1.2994,263455.7662,263455.7662
301421.SZ,20251105,357.2279,9.5478,23.5404,1139822.3,456138.5773
688122.SH,20251105,57.4795,7.0385,9.0703,4867286.4115,4867286.4115
920227.BJ,20251105,58.0785,5.8408,15.3484,235011.9525,106168.927
688681.SH,20251105,40.5482,3.379,4.1641,204106.5,204106.5
300213.SZ,20251105,243.7405,2.5178,5.6225,552759.1338,513566.3372
002935.SZ,20251105,118.0532,4.7358,8.1166,749389.1316,733465.5903
001285.SZ,20251105,29.496,2.6474,4.2817,977646.8264,220421.977
600496.SH,20251105,13.7995,0.9397,0.4112,863714.0543,863714.0543
002491.SZ,20251105,1754.6369,2.6476,2.0583,656817.063,628234.3771
688234.SH,20251105,889.2466,4.4608,20.6404,3300252.2846,2926332.2096
300966.SZ,20251105,,3.3621,4.1601,260535.234,172592.193
301255.SZ,20251105,109.8495,4.3336,10.5244,455436.8,113859.2
920685.BJ,20251105,35.9687,2.6904,8.4311,146333.9897,87590.9494
300504.SZ,20251105,,1.8189,2.9641,385667.9773,310571.9286
002223.SZ,20251105,20.1745,2.6355,4.3434,3510674.2054,3292433.8903
002036.SZ,20251105,,4.952,1.1854,1061703.9151,1059701.6924
002766.SZ,20251105,289.0843,4.06,4.7141,467085.1306,462591.2383
688207.SH,20251105,,2.2074,28.026,422644.1759,422644.1759
002401.SZ,20251105,,3.9801,3.7197,650419.77,649886.895
002115.SZ,20251105,,4.4218,0.9476,917231.1965,850733.1467
300904.SZ,20251105,,8.6604,8.6971,570741.7843,173337.7843
688137.SH,20251105,,1.469,20.7434,305614.0368,142301.5368
600644.SH,20251105,251.4987,3.1923,2.0629,674900.3946,674900.3946
301160.SZ,20251105,31.8674,4.0232,4.6174,699845.4703,460785.6539
600160.SH,20251105,22.8346,4.414,3.3469,9019851.6566,9019851.6566
002843.SZ,20251105,121.1322,3.6197,3.2864,512285.9387,510362.8637
603658.SH,20251105,19.8371,2.4898,5.1625,2177699.7908,2177699.7908
002912.SZ,20251105,58.0091,3.4114,7.8763,558359.04,530465.976
002227.SZ,20251105,,3.5484,10.9144,338751.0344,336195.5591
300822.SZ,20251105,191.5971,4.2495,6.2775,534596.1192,495893.1755
601188.SH,20251105,30.4053,1.0513,5.4624,485634.8084,485634.8084
300983.SZ,20251105,,1.4101,22.8734,399686.4,273587.3415
301122.SZ,20251105,993.5699,2.1621,11.3209,386663.0163,239251.4013
002010.SZ,20251105,31.2538,0.96,0.6584,1722965.7739,1718645.3965
601611.SH,20251105,24.1202,1.9016,0.3812,4137994.3731,4137994.3731
600693.SH,20251105,133.0723,1.7355,3.3205,613241.6034,612611.7113
002940.SZ,20251105,74.8752,5.0777,5.5001,809333.4822,743325.1736
000039.SZ,20251105,15.7601,0.8789,0.2577,4270876.1449,1822714.4557
002508.SZ,20251105,12.0295,1.6153,1.6566,1843575.8251,1821359.5364
603020.SH,20251105,23.2346,1.2806,1.713,423477.7403,423477.7403
300515.SZ,20251105,24.3378,5.0873,6.5718,438874.3485,430356.7996
688562.SH,20251105,,4.5448,6.9718,742800.0,321298.14
301338.SZ,20251105,48.8949,4.6133,6.8524,722349.6,401569.35
000911.SZ,20251105,63.8032,26.7123,1.1261,320656.1742,320656.1742
601555.SH,20251105,13.4768,1.1237,4.5084,4675549.3696,4675549.3696
002980.SZ,20251105,49.8247,4.3133,5.994,465548.0513,246723.1265
600425.SH,20251105,28.5711,1.1416,1.8972,746187.2238,641137.39
002606.SZ,20251105,24.8874,2.3383,2.7306,425461.9502,408086.6513
920703.BJ,20251105,22.8769,2.2476,5.9388,250804.736,126905.2046
002543.SZ,20251105,12.3589,1.668,1.1058,843986.0,750928.4884
002642.SZ,20251105,248.5651,5.0834,3.5062,597407.0226,597407.0226
688123.SH,20251105,61.1281,9.7556,20.449,2437532.3486,2437532.3486
688777.SH,20251105,48.1248,3.9247,4.7347,4003419.0066,3963102.1258
301339.SZ,20251105,41.6466,3.158,9.0117,877463.9798,254108.0339
603808.SH,20251105,,1.2702,1.1396,330707.2187,330707.2187
688280.SH,20251105,160.2391,8.0728,2.4576,537691.9386,474215.7161
600048.SH,20251105,,0.4456,0.284,8594778.3741,8594778.3741
000881.SZ,20251105,,1.5037,1.3603,785648.8523,699362.0047
300335.SZ,20251105,59.2119,1.5428,2.6574,299086.7673,240869.0498
300811.SZ,20251105,60.6365,8.009,13.3645,2321300.2748,1903404.1408
601118.SH,20251105,89.2296,2.6573,0.5078,2576215.5338,2576215.5338
603285.SH,20251105,30.8817,2.4801,6.6664,415840.0,161909.3312
300601.SZ,20251105,,2.083,7.028,1895428.7014,1527972.0731
600418.SH,20251105,,10.4919,2.5544,10417726.7031,10417726.7031
000030.SZ,20251105,14.4577,1.1924,0.5682,971693.1274,944062.1414
600557.SH,20251105,36.0917,1.7942,2.7017,845841.2562,845841.2562
920075.BJ,20251105,72.5981,4.8557,3.7531,194898.705,104880.744
000520.SZ,20251105,,11.5844,6.854,466570.4728,466570.4728
002884.SZ,20251105,13.6283,2.7332,3.7288,632024.9934,482519.0863
601012.SH,20251105,,2.9092,2.2106,16558061.3841,16558044.896
300472.SZ,20251105,,,,218555.3451,210284.0486
605069.SH,20251105,,2.6507,6.9537,225669.8313,89715.9223
603678.SH,20251105,55.2164,2.6334,4.7639,1595050.4804,1595050.4804
300136.SZ,20251105,55.3139,4.4291,3.8596,3401003.7626,2898356.2599
300449.SZ,20251105,,9.1139,15.5818,282964.3799,282964.3799
600383.SH,20251105,,0.3237,0.3029,1765202.1767,1765202.1767
002636.SZ,20251105,104.3789,3.3123,2.6518,1153880.0,1148039.9359
300303.SZ,20251105,29.1802,2.5074,2.7401,939962.0699,881790.6627
000863.SZ,20251105,,1.0712,5.8411,481725.4205,474755.0905
301589.SZ,20251105,27.4769,4.1455,4.7764,1587332.16,591763.3632
600683.SH,20251105,,,4.4439,375574.2417,375574.2417
603859.SH,20251105,45.3207,3.5536,6.9391,1084010.8154,1084010.8154
000728.SZ,20251105,13.955,0.9994,4.8336,3752848.9863,3752848.9863
603375.SH,20251105,180.7614,2.646,8.2576,418270.0014,265009.76
920642.BJ,20251105,,7.2174,13.5892,170330.2668,164036.9196
688244.SH,20251105,,3.3797,10.0493,327284.5732,327284.5732
002738.SZ,20251105,95.4481,3.3007,5.9965,3965319.356,3907885.1447
688009.SH,20251105,16.4719,1.2227,1.6864,5633783.708,4586381.576
000420.SZ,20251105,,2.3904,2.0714,1057313.3875,1056953.3915
920553.BJ,20251105,72.2678,5.1098,3.9721,180475.2178,115382.7138
688690.SH,20251105,78.2322,6.2016,12.8681,1162582.7084,1162582.7084
300995.SZ,20251105,221.9028,5.6387,9.758,352996.0777,251869.8094
688533.SH,20251105,24.484,2.6782,1.5153,441967.4501,441967.4501
301158.SZ,20251105,27.4931,2.591,5.0551,360588.483,351355.9935
688308.SH,20251105,243.1811,1.7538,3.6018,452210.3044,452210.3044
000626.SZ,20251105,,1.7464,0.0488,414927.4016,412543.8307
688287.SH,20251105,,2.4741,20.9628,189703.9872,189703.9872
603042.SH,20251105,,2.9689,2.9281,256140.7948,256140.7948
688377.SH,20251105,74.8969,4.4875,6.9462,835121.43,835121.43
002017.SZ,20251105,73.7084,7.6384,10.5513,1351245.4842,1350439.9333
001222.SZ,20251105,24.3915,2.9922,2.567,426257.37,239846.3067
000525.SZ,20251105,90.621,3.1162,3.092,813863.1428,620780.2653
300338.SZ,20251105,,,11.5027,165076.1237,143238.1092
002222.SZ,20251105,78.3679,12.0443,20.0069,2106249.75,2096851.527
002240.SZ,20251105,,2.0963,5.2687,2201281.7622,2083398.121
603055.SH,20251105,14.9811,1.5307,1.1869,787909.0342,784890.2107
600285.SH,20251105,15.738,3.8742,3.3265,1258429.2634,1255655.5134
002062.SZ,20251105,46.2895,2.527,2.1715,1281812.641,1165183.0078
600854.SH,20251105,24.1065,1.174,29.7106,287780.0301,287780.0301
300351.SZ,20251105,72.0178,2.7758,3.1047,693899.2256,469130.0238
001331.SZ,20251105,1250.2363,2.7415,0.676,415175.04,246945.1238
688327.SH,20251105,,16.8251,30.3456,1597287.6238,1281832.3195
300139.SZ,20251105,79.6745,5.9469,13.4078,658970.0,561950.4361
600171.SH,20251105,65.3132,5.251,7.4631,2359296.7524,2359296.7524
601579.SH,20251105,53.1712,2.9205,5.9645,1062490.9143,1062490.9143
600476.SH,20251105,,25.0664,4.0496,284771.76,284771.76
300492.SZ,20251105,77.4388,33.6743,4.2234,1337234.5133,1337234.5133
600352.SH,20251105,16.6748,1.0127,2.314,3458291.7672,3458291.7672
688230.SH,20251105,75.262,3.4372,19.8399,772514.4,772514.4
600706.SH,20251105,109.7441,4.2642,2.9208,270618.4319,269526.0263
300260.SZ,20251105,130.6567,10.909,7.7067,2267405.5411,1599261.4142
301517.SZ,20251105,,5.0381,11.793,674972.4269,438075.048
301193.SZ,20251105,,2.4241,1.4968,369472.5787,261034.3453
300101.SZ,20251105,204.153,6.8483,13.0245,1262454.3711,1258314.5115
000669.SZ,20251105,,,1.8066,228617.3558,228617.3558
605389.SH,20251105,80.1434,4.3223,9.5301,909909.8471,860524.5894
600477.SH,20251105,58.9795,1.3213,0.8573,663310.522,663310.522
000928.SZ,20251105,12.4035,1.1021,0.6548,931084.359,931072.9691
002969.SZ,20251105,24.3715,1.5673,1.1431,361160.67,359015.3439
688337.SH,20251105,110.6315,2.5642,9.6112,805725.8285,771741.3093
688091.SH,20251105,480.0349,7.5456,44.6202,1102350.5121,1102350.5121
002662.SZ,20251105,25.1592,1.3456,2.0685,592500.0,592492.5345
600482.SH,20251105,25.4218,1.1759,0.8415,4716594.7849,4716594.7849
603713.SH,20251105,15.1034,1.9488,0.6843,905752.4469,905752.4469
301210.SZ,20251105,91.0416,2.6273,3.0726,485506.3188,184113.1566
300798.SZ,20251105,,2.2186,3.1712,372738.2543,296380.3216
688538.SH,20251105,,4.2076,6.9268,3645691.533,1518590.2314
002888.SZ,20251105,162.6159,7.2133,9.4132,274321.4595,139206.9712
301173.SZ,20251105,28.6547,3.1324,1.9467,460693.3791,93141.801
000791.SZ,20251105,8.8337,1.5785,1.7544,2303126.2168,1374291.4681
002625.SZ,20251105,134.3704,10.1493,51.3881,9684872.4397,9684840.4128
600373.SH,20251105,37.0003,0.8822,1.9619,1538443.2589,1515778.5589
300507.SZ,20251105,65.5743,3.5231,2.9992,746202.9173,722292.3091
605338.SH,20251105,23.5911,2.9512,3.6792,668630.5536,668630.5536
603489.SH,20251105,86.9839,2.567,5.0159,691419.1841,691419.1841
301303.SZ,20251105,20.257,2.0347,3.9706,684740.0,170405.8151
002158.SZ,20251105,24.3101,2.9724,4.2024,1295636.5888,1292881.662
688356.SH,20251105,147.0326,4.2946,22.108,557379.933,557379.933
002637.SZ,20251105,32.2717,1.4144,0.4138,533905.135,502490.7753
601005.SH,20251105,,0.8362,0.5331,1372023.3839,1288613.6679
920171.BJ,20251105,,11.9801,12.5725,251886.1196,169313.6464
688443.SH,20251105,,6.0709,48.204,1085372.8,345372.8
301390.SZ,20251105,92.0144,2.3832,3.4797,227160.0,116139.0331
300029.SZ,20251105,,,14.7499,132334.29,132237.765
002910.SZ,20251105,,2.0934,2.5109,218417.4506,191076.1982
603357.SH,20251105,11.0371,1.2773,1.5671,486021.0471,481707.7655
688233.SH,20251105,96.521,4.4112,20.237,818829.9787,818829.9787
600563.SH,20251105,23.5522,4.7386,5.1422,2713500.0,2713500.0
688016.SH,20251105,32.0212,3.184,9.6666,1209817.6784,1209817.6784
600981.SH,20251105,40.2652,1.3088,0.1159,663760.2248,663760.2248
603630.SH,20251105,,2.6984,6.0926,515493.2836,515493.2836
300709.SZ,20251105,48.4681,3.6066,2.9046,827855.1538,664160.3384
603738.SH,20251105,149.9695,3.3452,6.2164,572657.0381,572657.0381
002497.SZ,20251105,52.0177,2.0926,2.8968,2270548.1644,2085346.1398
000711.SZ,20251105,,8.6774,7.9979,502827.8152,402289.1337
002073.SZ,20251105,19.3069,1.4678,1.1313,899398.7051,894457.6529
300252.SZ,20251105,601.3631,4.086,3.6833,891921.2144,752692.7688
603928.SH,20251105,51.0435,2.5684,2.5315,398099.52,398099.52
301257.SZ,20251105,31.7393,3.0798,4.7099,385780.2919,367782.2326
600843.SH,20251105,,2.8164,1.9723,857226.109,564005.7215
600135.SH,20251105,,1.7677,3.1335,421620.0094,421620.0094
002239.SZ,20251105,84.7916,1.9226,1.2606,1072062.1655,1057886.8583
603668.SH,20251105,281.4469,3.3143,1.316,771044.6757,771044.6757
300227.SZ,20251105,,3.3981,4.0073,520714.6012,414445.8167
002149.SZ,20251105,96.2354,2.9946,2.8529,858280.6937,858148.8437
600543.SH,20251105,,2.722,8.3951,206801.28,206801.28
000908.SZ,20251105,43.6071,183.0405,17.3634,682704.8964,682704.8964
301326.SZ,20251105,,6.6503,7.3443,852739.69,320253.7751
600339.SH,20251105,38.9131,0.7648,0.2221,2049015.1219,2049015.1219
688067.SH,20251105,72.8966,3.7898,8.8844,196452.0,196452.0
002307.SZ,20251105,,2.1359,0.5071,631609.2078,631609.2078
301065.SZ,20251105,35.0731,1.8276,3.7666,245330.28,199669.275
300265.SZ,20251105,172.0342,1.9915,1.7888,464795.727,464497.8997
603172.SH,20251105,45.5873,2.3476,4.4373,255155.94,95803.04
600605.SH,20251105,276.7242,4.4721,53.7048,635762.4462,635762.4462
688521.SH,20251105,,22.3737,27.1945,7958339.1036,7582101.1895
301260.SZ,20251105,,1.9472,1.6466,868422.7332,367984.386
688187.SH,20251105,17.8975,1.7327,2.5541,7019235.3416,4491382.9295
300200.SZ,20251105,32.4204,2.751,3.6596,451659.9199,443579.689
002866.SZ,20251105,,2.6095,2.5344,541985.6632,339330.8992
002647.SZ,20251105,,12.0143,9.5387,787813.2849,472381.9836
002890.SZ,20251105,181.1275,4.5125,8.7774,271460.5057,258051.7676
600129.SH,20251105,,3.2199,1.1347,1139229.9702,1139229.9702
603029.SH,20251105,30.0363,2.624,2.5699,243897.42,243897.42
688166.SH,20251105,377.1092,9.8082,19.8396,2341025.9831,2341025.9831
000957.SZ,20251105,20.9051,2.2184,0.967,691918.8933,691918.8933
002905.SZ,20251105,120.5392,46.4401,4.0112,441047.04,409543.68
300878.SZ,20251105,,3.8228,29.4382,387603.692,385819.8382
688228.SH,20251105,336.9839,8.3539,17.9951,1113776.9309,1113776.9309
001287.SZ,20251105,56.347,3.6226,0.318,1948383.8487,1121479.4929
600987.SH,20251105,10.0783,1.1371,0.6708,732947.9508,732947.9508
603158.SH,20251105,32.6102,2.1929,1.2815,509419.4136,509419.4136
603310.SH,20251105,34.5173,1.5516,6.2203,615395.88,328885.92
301177.SZ,20251105,92.2765,2.0056,8.1801,1249256.8706,1248429.1033
688469.SH,20251105,,3.844,6.88,5079908.4262,2684458.8
603221.SH,20251105,45.0952,1.8506,2.4832,297360.64,294600.32
600116.SH,20251105,46.6591,1.141,1.3149,1292608.6031,1292608.6031
605555.SH,20251105,34.1612,3.0696,2.1075,926508.1426,926508.1426
002100.SZ,20251105,22.5435,1.4185,0.5747,1017112.3787,1017112.3787
920807.BJ,20251105,115.0123,3.4419,5.4645,325565.2,218327.5924
600172.SH,20251105,,9.1727,6.612,905691.8509,801488.611
920163.BJ,20251105,59.3721,4.6276,2.793,224479.239,104033.0618
605300.SH,20251105,201.0276,1.9153,2.2861,548459.1066,548459.1066
920207.BJ,20251105,,7.8333,6.7807,225047.995,137378.1814
002074.SZ,20251105,23.5841,2.7588,1.9756,7848030.2546,7510864.227
301419.SZ,20251105,57.1346,4.2352,9.6964,402120.0,142149.42
002693.SZ,20251105,,8.8795,16.0581,347095.3208,343991.5959
600215.SH,20251105,,1.7494,3.2593,355580.4518,350886.0518
301287.SZ,20251105,29.0821,2.3897,4.5874,276613.83,70663.0712
603718.SH,20251105,26.7872,2.9921,18.6303,458963.54,454285.79
600273.SH,20251105,11.1964,1.156,1.1864,1164202.6299,1164202.6299
920230.BJ,20251105,219.4526,3.7785,5.1971,154097.7674,71464.7914
300481.SZ,20251105,30.1506,1.8846,3.244,452959.6398,450197.3684
920765.BJ,20251105,,7.3217,4.4029,225703.2234,139840.8704
920030.BJ,20251105,,2.9593,0.5395,134129.7608,84023.3678
603206.SH,20251105,102.8807,2.2413,1.2246,508463.18,508463.18
601077.SH,20251105,6.7769,0.6129,2.8388,8063470.0,6275152.1104
300738.SZ,20251105,116.8918,5.4429,7.9439,1912216.2103,1911674.7412
603977.SH,20251105,54.4874,2.4776,3.6826,829357.8404,829357.8404
600801.SH,20251105,14.5456,1.5118,1.3823,4773374.0101,3086456.8901
603262.SH,20251105,76.3304,7.6818,11.1342,1178029.45,114273.7895
601020.SH,20251105,24.8247,5.2326,10.4251,2238503.6255,2238503.6255
603578.SH,20251105,,2.483,1.6751,243481.9932,243481.9932
000838.SZ,20251105,,8.5839,11.9814,352147.8944,337205.0736
603052.SH,20251105,183.3643,5.7517,7.0056,625697.9491,625697.9491
300748.SZ,20251105,81.3911,7.0739,6.9666,4961750.5943,4078342.4634
001326.SZ,20251105,129.6991,2.866,2.3453,347700.0,114490.8128
001279.SZ,20251105,106.0745,6.1418,4.3194,619040.0,154760.0
002126.SZ,20251105,34.5952,4.3676,2.023,2944339.5505,2766069.314
301479.SZ,20251105,45.1054,6.6192,5.4323,814655.5543,192312.7134
920735.BJ,20251105,20.5943,3.6974,4.4927,454364.8293,401851.7557
600366.SH,20251105,49.8846,2.46,2.8419,1505686.2399,1456367.5893
600350.SH,20251105,13.8755,1.5474,1.8001,4578338.5713,4578338.5713
688320.SH,20251105,,4.5942,6.3835,574304.9794,574304.9794
688819.SH,20251105,23.3281,2.0077,0.7426,3382908.0,3382908.0
688170.SH,20251105,,2.8028,4.5373,340467.84,340467.84
600601.SH,20251105,138.7598,11.3423,11.4034,5051564.0924,4929286.6652
603778.SH,20251105,,4.5582,2.2438,331604.2706,324642.8567
603927.SH,20251105,76.1144,5.7817,2.6096,1816653.44,1816653.44
920111.BJ,20251105,40.1774,4.8839,3.8653,438311.4625,104210.0125
603107.SH,20251105,28.4159,2.548,2.3981,539398.665,348860.2228
000006.SZ,20251105,,3.0268,4.7461,1633494.0057,1633484.7492
600635.SH,20251105,34.1067,2.1905,3.245,1986988.5363,1627846.7973
000797.SZ,20251105,,1.0138,1.1642,512065.8747,512006.6249
002251.SZ,20251105,,1.7396,3.4823,1427699.5349,1142962.6952
605005.SH,20251105,33.682,3.6634,4.0437,747464.0,747464.0
002842.SZ,20251105,,3.5091,1.901,391952.5616,321618.0858
301408.SZ,20251105,30.1568,2.6832,1.091,562414.06,209734.852
600390.SH,20251105,626.5462,0.6232,43.9912,2640364.4244,2640364.4244
688617.SH,20251105,53.2866,13.6979,16.999,4094053.5393,4094053.5393
603369.SH,20251105,16.5521,2.8828,4.5391,4759035.7412,4759035.7412
300657.SZ,20251105,158.3166,11.656,2.1022,1466486.9425,1431701.7796
603409.SH,20251105,27.8035,2.963,3.6109,441987.21,110497.5179
600992.SH,20251105,,2.717,1.8091,378418.96,378418.96
300614.SZ,20251105,,2.2203,5.7202,234877.979,234877.979
001696.SZ,20251105,31.9081,4.8178,2.0863,2641577.1044,2056455.7051
000712.SZ,20251105,76.9111,4.8184,14.9942,1222144.0,1221781.3465
000989.SZ,20251105,67.6401,2.361,4.4538,861933.6061,699012.8293
000679.SZ,20251105,,16.2853,6.3506,321472.8,321472.8
603290.SH,20251105,51.7229,3.4869,6.0803,2411258.3292,2411258.3292
603207.SH,20251105,24.4041,5.5327,10.3256,521017.0929,176528.0
601179.SH,20251105,37.788,2.0141,1.901,4556909.4109,4556909.4109
603039.SH,20251105,66.9758,6.5016,6.3802,1451559.1166,1451559.1166
300453.SZ,20251105,20.9288,3.7074,3.2266,511642.5895,352662.5207
300991.SZ,20251105,222.9591,8.8963,7.8957,567792.0,363315.906
301008.SZ,20251105,166.422,3.7738,4.9208,564713.465,499516.025
601929.SH,20251105,,3.4376,8.498,1720465.5668,1720465.5668
002194.SZ,20251105,,3.6291,6.2231,901937.2639,674379.783
002101.SZ,20251105,24.6934,1.1312,0.9716,884284.7741,881404.4369
002322.SZ,20251105,21.3005,1.7531,4.5069,486825.9935,468685.2678
688633.SH,20251105,27.4621,2.2315,5.2676,358561.5744,358561.5744
300269.SZ,20251105,93.7147,27.4372,5.1059,294874.124,282289.9468
300056.SZ,20251105,,23.9006,7.7464,352723.7553,352412.4723
301588.SZ,20251105,53.9227,2.6211,2.8458,245105.3087,151266.6353
300567.SZ,20251105,,5.8376,6.8643,2062840.3453,1674251.8856
002231.SZ,20251105,,14.1478,18.2065,115847.9057,102813.7895
688502.SH,20251105,327.6533,15.4413,29.4698,1858507.2,591343.2
600795.SH,20251105,12.9613,1.6175,0.5638,9613398.6852,9613398.6852
601828.SH,20251105,,0.2813,1.8176,1214970.4158,1008151.7239
001228.SZ,20251105,30.6774,1.6648,0.5802,284692.8933,218908.8933
600507.SH,20251105,16.673,1.4099,0.7613,1413357.8008,1413357.8008
601187.SH,20251105,7.4619,0.7373,3.2963,1939758.9977,1935534.3676
301172.SZ,20251105,118.6232,2.672,9.2916,391357.12,224100.2355
600469.SH,20251105,22.6057,1.4677,0.7016,517180.6675,517180.6675
300965.SZ,20251105,107.093,2.9267,17.1262,355860.0,330438.2513
300922.SZ,20251105,96.0237,4.3576,16.3635,406129.424,319273.7697
603708.SH,20251105,47.1262,3.1235,0.3981,705364.2359,705364.2359
600552.SH,20251105,74.0648,2.7353,2.0657,1162811.0865,1162811.0865
001229.SZ,20251105,53.8985,3.771,17.3396,366900.0,193280.8323
300888.SZ,20251105,27.0149,2.0556,2.186,2361929.7012,2359366.147
600176.SH,20251105,18.1187,2.0384,3.478,6304940.3466,6304940.3466
600637.SH,20251105,72.4922,1.1936,4.6849,3563613.806,3563613.806
002540.SZ,20251105,20.8667,1.5662,1.0925,849211.3207,591453.5336
600186.SH,20251105,35.7697,5.4448,3.242,1038209.0346,1034505.3453
300857.SZ,20251105,65.2181,13.8191,5.2491,5430634.8656,5415066.4631
600032.SH,20251105,36.3399,1.5043,3.9748,1947787.0124,1947787.0124
300737.SZ,20251105,,1.2419,0.8747,559424.883,447000.054
300138.SZ,20251105,18.7463,1.8848,0.9221,628513.221,518205.5929
300868.SZ,20251105,,2.5066,5.87,378098.16,238438.2142
600708.SH,20251105,,0.946,1.5708,864711.0563,863407.7751
003012.SZ,20251105,22.1772,1.0735,1.3011,817985.6787,809168.751
002941.SZ,20251105,22.4036,2.8012,1.5552,1316471.1143,1316471.1143
688078.SH,20251105,,3.0924,9.4031,222032.078,222032.078
000063.SZ,20251105,33.6628,2.6226,1.492,19660328.3856,16552449.9165
600918.SH,20251105,27.4534,1.244,3.8181,4762104.3201,2700982.9555
600520.SH,20251105,461.518,10.7811,13.153,418413.63,418413.63
920017.BJ,20251105,27.9611,1.545,3.8591,252671.5464,249273.9798
600483.SH,20251105,9.7385,1.1166,2.0763,2930265.2412,2930265.2412
920627.BJ,20251105,91.2079,5.7552,3.6504,259737.5,128665.625
301395.SZ,20251105,53.1488,1.8028,1.2178,278063.7515,157357.8515
002230.SZ,20251105,145.711,6.8539,4.787,12198801.7499,11551856.9588
688480.SH,20251105,45.7951,4.6673,5.0093,510757.6671,342087.8271
920701.BJ,20251105,38.3864,3.237,2.9805,268912.0,196406.1904
301533.SZ,20251105,72.882,3.5881,5.0689,406399.8978,117557.3178
600528.SH,20251105,12.8701,0.749,0.6513,1859438.6792,1859438.6792
300984.SZ,20251105,179.726,7.2931,6.1281,756992.4849,475754.6309
600903.SH,20251105,,2.7407,1.2251,821106.7173,821106.7173
301298.SZ,20251105,38.4343,2.7255,4.0046,256166.0,188816.8385
603918.SH,20251105,,6.5373,8.5322,655165.474,654637.7941
605056.SH,20251105,28.0684,4.2523,1.6559,713891.0976,697171.4376
001337.SZ,20251105,26.7915,6.5025,12.5024,1126020.0,773350.536
600438.SH,20251105,,2.6317,1.2437,10984855.2023,10984855.2023
603012.SH,20251105,24.1413,1.0118,1.2034,384667.5,384667.5
002488.SZ,20251105,303.0093,2.8367,2.7952,994443.6259,919163.915
002345.SZ,20251105,54.809,3.0897,1.3516,1067103.7611,1041615.5482
300087.SZ,20251105,451.7359,4.8557,1.844,845967.2536,799835.6041
688620.SH,20251105,,3.4184,9.0709,460600.0,272974.261
300284.SZ,20251105,72.445,1.2924,2.3751,1088557.5412,1032117.7335
688683.SH,20251105,126.5643,5.0073,6.3322,513483.7671,513483.7671
600283.SH,20251105,23.5888,1.775,2.2621,551290.8747,534916.3468
600063.SH,20251105,22.519,1.4425,1.5389,1237325.6565,1237325.6565
002961.SZ,20251105,20.4246,3.3897,5.7595,1015128.3477,1015123.2155
002670.SZ,20251105,123.5125,3.5657,36383.7426,4030781.3322,3381439.3706
920146.BJ,20251105,,6.0404,3.3719,133505.5481,105959.3356
688076.SH,20251105,24.0833,3.8624,6.3219,1200997.2086,1200997.2086
300519.SZ,20251105,45.0643,3.1538,10.1577,261120.0,186211.2
300468.SZ,20251105,230.1587,11.4295,28.3412,1881151.6799,1878119.9604
300123.SZ,20251105,,4.1817,6.9212,615144.142,602252.1284
920924.BJ,20251105,135.5766,7.9872,6.1197,251502.996,151235.7356
300188.SZ,20251105,,4.1112,7.6311,1272026.4188,1266147.5332
603118.SH,20251105,,1.8254,1.0369,919538.8422,919538.8422
300781.SZ,20251105,,9.0599,6.4257,604986.1279,446495.1844
002999.SZ,20251105,53.3622,2.0909,0.1859,250613.832,247818.4249
603677.SH,20251105,54.8825,3.2259,1.8076,375379.0859,375379.0859
603021.SH,20251105,,,4.5435,179170.9192,179170.9192
002567.SZ,20251105,,1.254,0.266,687864.6686,687080.1072
601618.SH,20251105,18.6149,0.6927,0.1524,7232543.0903,6230564.0903
002203.SZ,20251105,33.1336,1.4974,0.2944,2481970.9617,2395748.9943
300398.SZ,20251105,38.8956,2.6211,4.176,1289803.1738,1282759.2983
301020.SZ,20251105,39.1166,3.6166,6.2412,348724.8,348724.8
002331.SZ,20251105,,2.2365,2.831,374877.7804,346364.6331
688318.SH,20251105,102.0784,9.4828,93.1852,3512934.678,3512934.678
603869.SH,20251105,134.3718,1.3634,7.6386,510422.4354,510422.4354
000807.SZ,20251105,15.957,2.5511,1.3419,7962430.2019,7962346.7331
603135.SH,20251105,137.1463,2.1571,9.3526,635833.4608,255183.7276
688636.SH,20251105,54.3052,5.1273,8.1074,600608.9921,600608.9921
300130.SZ,20251105,44.4947,3.5346,5.0323,1532842.2303,1173079.5362
000620.SZ,20251105,,4.3327,9.9483,1937698.9632,1541677.109
600851.SH,20251105,53.1493,1.7784,10.5381,830455.0041,507885.8037
920239.BJ,20251105,29.0433,6.5778,1.5783,670943.4417,661216.899
301236.SZ,20251105,249.2486,4.8892,1.4693,5067741.1793,4164725.8313
600726.SH,20251105,,5.1338,1.2674,2111258.7681,733541.0707
600933.SH,20251105,20.4507,2.394,3.1565,2235387.5554,2120905.4144
603767.SH,20251105,1027.9273,6.2179,9.7032,864476.8315,864476.8315
300940.SZ,20251105,43.2968,4.8159,6.8669,572863.9692,405194.5528
601778.SH,20251105,28.7849,0.8373,3.3061,1324838.7647,1324838.7647
688317.SH,20251105,,1.2648,32.6437,429280.9698,429280.9698
600378.SH,20251105,27.7931,2.2149,2.4819,3986098.8258,3314226.9717
603697.SH,20251105,26.8386,3.2005,3.6564,563270.4931,563270.4931
301270.SZ,20251105,296.7167,3.8931,19.7364,379400.0,358505.8501
601900.SH,20251105,11.5626,1.5141,1.4571,1307961.6494,1307961.6494
600906.SH,20251105,24.0246,1.934,8.3816,2355870.0,1542194.5737
000058.SZ,20251105,130.96,5.8039,7.175,1209039.0599,967014.0456
600522.SH,20251105,19.7591,1.5462,1.0949,5662083.4727,5662083.4727
603185.SH,20251105,,1.6843,2.6641,2038424.6504,2038424.6504
300725.SZ,20251105,47.6473,1.3406,4.8408,958376.2908,830924.2843
600753.SH,20251105,,79.8506,2.114,177566.8319,177566.8319
002972.SZ,20251105,38.7464,2.559,9.4128,307264.9912,168173.7158
300670.SZ,20251105,,4.8583,10.581,276988.4986,196382.7535
000926.SZ,20251105,,0.4764,0.5485,410984.9117,405887.9594
688651.SH,20251105,,3.2549,9.881,302048.394,130012.4306
603900.SH,20251105,,1.5987,2.0564,316611.0043,315212.6593
688697.SH,20251105,24.9846,4.3437,2.8136,759173.4108,759173.4108
920026.BJ,20251105,92.9088,5.3664,11.4512,327406.1343,147608.4295
603797.SH,20251105,21.9854,0.8602,2.819,278500.3068,278500.3068
603137.SH,20251105,50.148,2.135,1.4338,265436.2676,106987.0676
688623.SH,20251105,63.788,2.1164,12.7823,444693.9613,143933.9613
300012.SZ,20251105,24.2374,3.1993,3.7424,2391298.8921,2034544.7266
601601.SH,20251105,6.4356,1.1855,0.7684,33690435.7754,23971335.1754
002539.SZ,20251105,15.8901,1.3908,0.6264,1287433.5303,939361.5505
300261.SZ,20251105,,3.7357,5.9548,749454.7684,728342.7994
920982.BJ,20251105,35.3837,14.9961,15.7821,2762143.4867,1317996.6374
001332.SZ,20251105,25.6455,2.511,4.7794,633439.17,275204.0712
002886.SZ,20251105,133.7296,3.0875,2.7504,556675.54,442200.3169
300437.SZ,20251105,,1.8446,2.9057,256966.5234,178975.1877
603356.SH,20251105,,5.5294,2.2291,212010.6,212010.6
002869.SZ,20251105,268.3652,2.2594,8.4792,484443.008,430362.3076
601518.SH,20251105,10.6861,1.0362,3.8269,582290.3761,582290.3761
300308.SZ,20251105,61.9845,20.4284,16.7969,53001455.6501,52733478.4919
300425.SZ,20251105,58.8974,1.5671,2.2078,368401.4206,366697.9766
603182.SH,20251105,22.1801,2.3263,1.8082,254723.4,254723.4
300003.SZ,20251105,77.31,2.1669,5.2681,3295992.7042,2823044.0645
002252.SZ,20251105,24.6077,1.3792,5.6505,4493915.7346,4491549.4673
300946.SZ,20251105,153.8651,6.775,12.9491,805624.2792,391453.4052
000812.SZ,20251105,,2.031,2.5639,365128.9917,364876.4608
002612.SZ,20251105,8.6725,2.6345,1.5393,899049.002,517630.1093
301548.SZ,20251105,34.1898,2.9941,7.629,452052.0,136316.9665
920953.BJ,20251105,78.4562,9.5109,18.3145,539112.0859,251999.2486
300047.SZ,20251105,348.5308,3.1257,1.1639,1030595.39,883373.0535
002802.SZ,20251105,53.735,3.8859,6.0095,245925.3845,245440.9384
300942.SZ,20251105,144.0441,5.3213,17.8701,450031.2224,450031.2224
000157.SZ,20251105,16.8478,1.2426,1.5021,7247472.5278,5925009.7502
300305.SZ,20251105,,1.2153,2.5913,248890.3936,213138.4667
601096.SH,20251105,36.7757,2.6843,1.2425,1230571.3405,755769.2089
688501.SH,20251105,17.7828,3.0506,1.6179,325969.024,325969.024
688141.SH,20251105,,11.8361,8.4446,2051665.2506,1218218.9307
300203.SZ,20251105,273.8167,2.5843,2.1917,735929.664,735324.381
603825.SH,20251105,,14.9775,2.0601,246243.1285,246243.1285
600668.SH,20251105,7.1267,0.8481,1.765,489700.1045,489700.1045
603848.SH,20251105,42.266,3.3969,5.4983,850687.3643,850687.3643
300290.SZ,20251105,,24.0372,25.0001,1865460.1712,1864905.7667
001258.SZ,20251105,144.8663,2.5461,7.7498,772800.0006,772798.1376
603139.SH,20251105,,3.1073,4.3885,225229.4,225229.4
301222.SZ,20251105,29.6883,2.1484,4.6551,307841.9536,245132.2872
600930.SH,20251105,30.8927,2.4763,7.0953,27322857.1427,1640889.7901
300891.SZ,20251105,,2.9615,2.1371,375607.5242,312144.0355
601616.SH,20251105,202.2704,1.5891,4.3827,386714.9195,386714.9195
301022.SZ,20251105,76.7156,2.3695,4.2613,335559.957,225202.1396
003039.SZ,20251105,31.7741,3.0772,4.0333,865761.2595,865761.2595
002553.SZ,20251105,29.9286,7.0428,12.1718,1031124.0,743120.4
920284.BJ,20251105,,13.7032,23.7489,430669.001,278503.1147
603286.SH,20251105,,5.857,4.5904,492828.2384,484396.0457
600764.SH,20251105,95.3572,2.6903,6.8913,2222848.7194,2222848.7194
300632.SZ,20251105,170.8636,2.3605,5.4057,422066.1805,305934.2017
002093.SZ,20251105,55.3417,3.1213,21.1646,1197917.5,1197917.5
300198.SZ,20251105,,128.7836,28.2673,238287.7127,237056.014
300183.SZ,20251105,,2.3931,7.8205,740637.2283,650865.9163
003019.SZ,20251105,33.0991,3.6007,2.7119,600081.6361,580026.5224
601928.SH,20251105,13.2357,1.3049,1.9601,2588163.3,2588163.3
002269.SZ,20251105,,30.4752,11.8159,572850.0,572850.0
603887.SH,20251105,,2.6525,3.7774,946992.2792,936374.5292
300591.SZ,20251105,,20.2656,9.9274,514800.023,444714.4855
300057.SZ,20251105,,1.072,0.9385,555702.0374,448865.4384
603628.SH,20251105,43.4596,2.9659,1.7488,397908.3027,396549.3588
002769.SZ,20251105,,3.2124,5.5504,380037.779,379724.4141
600609.SH,20251105,23.8684,4.1001,1.5165,645756.4862,645756.4862
920717.BJ,20251105,233.8838,2.7582,10.0623,155620.76,60087.96
600075.SH,20251105,127.9293,0.9369,0.7401,838315.531,838315.531
002377.SZ,20251105,,6.4975,3.1443,287726.1131,273917.467
002911.SZ,20251105,19.1262,3.5382,0.514,1685315.6937,1647719.9349
300349.SZ,20251105,22.0743,1.3392,1.8641,594457.1797,527091.7474
300482.SZ,20251105,39.2608,1.8887,3.9577,1018552.5204,936547.0598
002557.SZ,20251105,28.4688,2.1457,1.6202,1113893.0469,1111511.0885
603406.SH,20251105,40.6587,3.9523,5.087,1841646.04,163625.6904
300053.SZ,20251105,,5.4715,44.091,931024.0955,869494.0878
300887.SZ,20251105,,1.5916,3.3827,456782.0473,303159.0731
600076.SH,20251105,,1.0724,10.5831,408741.1836,408741.1836
300833.SZ,20251105,31.1978,2.2905,5.1945,554028.39,355898.9586
600218.SH,20251105,47.4603,1.3199,1.0085,429501.5201,429501.5201
601106.SH,20251105,,4.3042,2.3781,2269926.1488,2269926.1488
002598.SZ,20251105,119.4878,3.0903,1.8707,379137.1512,341954.0518
688197.SH,20251105,,9.0494,2763.9806,592051.7045,254803.4352
688478.SH,20251105,,3.0687,16.1816,471136.5569,352109.2317
600785.SH,20251105,23.2879,1.3519,0.5128,310919.9038,310919.9038
603123.SH,20251105,,5.5361,4.5106,1011999.3546,826433.6274
600633.SH,20251105,30.127,1.6881,5.5919,1722045.133,1722045.133
003038.SZ,20251105,105.4856,1.3691,0.4796,410871.0598,279029.4796
301301.SZ,20251105,27.3578,3.2301,5.4034,2560137.58,709214.1458
688292.SH,20251105,,3.2783,8.8879,332528.259,211741.047
603912.SH,20251105,,2.6912,5.6492,471401.8344,471401.8344
688276.SH,20251105,,2.312,13.5054,915010.6068,915010.6068
002901.SZ,20251105,37.8415,6.1422,8.2552,2049396.5547,1428163.1001
002544.SZ,20251105,1660.8198,4.6664,3.7057,1743527.8262,1743361.6959
603330.SH,20251105,,2.3472,3.5602,358253.7814,358253.7814
601375.SH,20251105,44.5475,1.4722,11.4494,2103226.7691,1561726.4241
301575.SZ,20251105,37.908,3.5358,4.3756,485438.67,92590.5399
688082.SH,20251105,50.7492,6.3481,12.4196,8429791.9009,7660664.9598
920015.BJ,20251105,42.3597,5.1937,8.0985,850003.0021,194579.0042
002462.SZ,20251105,59.4295,0.9553,0.2112,422100.2026,421757.6963
603659.SH,20251105,36.7929,3.0782,4.2096,6078055.3712,6078055.3712
300499.SZ,20251105,5295.9439,5.9756,9.0174,827223.6084,735503.8536
688026.SH,20251105,31.7272,2.273,4.4464,251673.2706,251592.9047
920679.BJ,20251105,68.4454,2.5955,10.1964,129404.45,52277.8918
300943.SZ,20251105,79.6195,4.4256,8.6327,438213.0,288831.6171
688179.SH,20251105,50.5925,4.1848,7.0792,424739.0139,424739.0139
300858.SZ,20251105,46.2588,2.5177,13.0823,459798.9809,338119.1869
002605.SZ,20251105,21.2842,2.9204,4.1504,1075018.0138,868044.7896
605111.SH,20251105,34.4615,3.5325,8.1028,1505580.5554,1505580.5554
301029.SZ,20251105,35.1949,4.0836,6.1071,1737081.2282,1265091.4263
688611.SH,20251105,167.6968,7.9488,16.6039,691020.148,691020.148
003022.SZ,20251105,90.2217,3.5278,4.4349,2603022.032,2600807.6269
603257.SH,20251105,46.4057,3.1528,3.332,770520.0,159882.9
000558.SZ,20251105,,6.8841,14.2803,721965.4114,721663.3805
300334.SZ,20251105,94.3326,3.77,9.5534,228965.5398,228938.5588
688518.SH,20251105,46.2158,2.5816,2.5857,826689.3801,826689.3801
605055.SH,20251105,,3.8892,2.6414,406120.0,406120.0
301016.SZ,20251105,69.7405,4.5962,12.0962,459076.8,435429.6321
600661.SH,20251105,,22.9154,2.2911,308326.5411,308326.5411
603466.SH,20251105,169.0321,2.7584,3.3225,581105.7764,581105.7764
300294.SZ,20251105,38.7374,1.6526,6.4555,1267681.3273,1267681.3273
002595.SZ,20251105,22.2022,4.6458,5.0267,5290400.0,5254454.1193
688285.SH,20251105,63.0175,2.1792,3.0502,365001.2156,365001.2156
600973.SH,20251105,,2.2555,0.166,806363.3538,806363.3538
600645.SH,20251105,155.073,3.1233,7.8745,1159109.4005,1158666.6987
600180.SH,20251105,334.5041,0.682,0.215,536793.9672,536793.9672
689009.SH,20251105,21.7032,7.3318,1.9037,4127218.8779,3180659.116
002469.SZ,20251105,20.1511,2.0754,1.9429,544395.7466,527642.8303
603338.SH,20251105,15.2056,2.412,3.2142,2680605.6714,2680605.6714
600999.SH,20251105,12.39,1.2752,6.0354,15001508.7404,12802959.0942
002936.SZ,20251105,9.7075,0.4055,1.4018,1854786.637,1366929.1355
300430.SZ,20251105,85.1011,2.4672,7.0918,564387.7273,537118.65
301062.SZ,20251105,,2.4842,3.0223,361816.0055,260816.9674
300463.SZ,20251105,,1.1355,3.2519,718343.9493,584258.5901
601177.SH,20251105,27.57,2.5578,2.9882,713956.25,700105.0
600671.SH,20251105,68.6954,34.1969,9.0527,227726.515,227617.3967
603985.SH,20251105,,2.1779,1.8522,701405.0828,701405.0828
000403.SZ,20251105,26.7579,1.8662,6.2866,1497826.2803,1482559.168
300620.SZ,20251105,203.2918,12.3829,20.4341,2571294.0439,2549904.2015
601880.SH,20251105,26.7385,0.9922,3.4716,4007200.4262,3130218.7064
920670.BJ,20251105,420.7768,7.8437,18.7101,190385.0432,119500.6189
300836.SZ,20251105,79.3702,8.3444,7.8198,475755.2361,324456.0933
600428.SH,20251105,11.7715,1.1807,0.9139,1950927.4008,1738598.0495
688560.SH,20251105,,1.1357,4.7116,301550.2732,301550.2732
002863.SZ,20251105,44.0303,1.2257,0.6238,347700.4613,347700.4613
002743.SZ,20251105,99.0406,0.7445,0.7296,245491.4216,245098.0316
601700.SH,20251105,222.4219,2.3778,2.2584,607675.2444,607675.2444
603378.SH,20251105,,3.5342,4.8643,352735.0364,352735.0364
300546.SZ,20251105,130.8266,4.281,8.444,481325.7101,345364.1673
002919.SZ,20251105,,5.9561,3.3189,489341.8572,485416.6801
600531.SH,20251105,14.5018,2.1895,0.2804,1266944.6437,1266944.6437
601319.SH,20251105,6.9784,1.1856,0.553,37236600.0709,29889111.0429
002498.SZ,20251105,24.2567,1.5437,1.3418,1327391.604,1327391.604
600610.SH,20251105,264.193,107.3116,11.5954,1218039.2259,805822.2636
002215.SZ,20251105,18.7584,3.0435,2.3021,1261515.0941,985980.7376
000599.SZ,20251105,,4.0914,1.1949,538244.1724,538235.0288
600694.SH,20251105,12.5946,0.7134,0.97,629807.5365,623632.0265
600121.SH,20251105,,4.3401,1.8085,665252.9727,665252.9727
920367.BJ,20251105,156.2297,3.4337,11.6871,163193.4588,96223.6397
000752.SZ,20251105,20.9413,5.0116,6.8899,308069.9175,308069.9175
301272.SZ,20251105,65.2964,2.5495,4.5261,258287.6545,138315.3275
603014.SH,20251105,39.3457,2.6988,5.0511,1866525.1669,170287.0387
301606.SZ,20251105,47.0085,9.0893,3.4699,2854994.3751,1507051.2222
601162.SH,20251105,79.0862,1.9201,15.034,5218324.3512,4453748.7055
603216.SH,20251105,45.6155,1.9515,3.1973,349623.3,349623.3
920808.BJ,20251105,,26.3742,28.0341,1715600.0086,1669040.1515
601881.SH,20251105,13.4465,1.6053,6.0614,18872778.2939,12502138.8173
002837.SZ,20251105,130.5981,19.6693,11.3467,6516557.3005,5673351.0348
600503.SH,20251105,,1.4695,20.1416,522346.54,522346.54
688008.SH,20251105,71.4533,12.2683,28.8001,14762145.795,14762145.795
603181.SH,20251105,24.0663,3.2419,4.4519,1082030.6,1082030.6
688669.SH,20251105,,2.172,0.7379,284162.6682,284162.6682
300242.SZ,20251105,,11.7908,1.4534,311566.615,311566.4451
002366.SZ,20251105,,3.8058,16.7242,1737582.9294,1049147.7657
603877.SH,20251105,38.4707,1.6085,1.0625,688241.2295,685681.3019
920639.BJ,20251105,85.3803,2.1233,0.8382,184060.8,106686.5306
000909.SZ,20251105,,2.7243,8.2243,270507.4034,270505.1323
688060.SH,20251105,,2.9573,8.5844,266343.9714,266343.9714
600331.SH,20251105,,8.6997,7.2629,2768396.8,2129536.0
688281.SH,20251105,52.6702,3.9286,15.2129,1830039.512,1830039.512
002675.SZ,20251105,77.0606,2.9264,4.6544,1279772.5342,1153731.9587
920001.BJ,20251105,181.1082,4.3559,15.9692,330514.4948,190774.384
603818.SH,20251105,,1.2871,0.8074,280109.8928,280109.8928
002485.SZ,20251105,,2.171,3.3417,255680.0,255680.0
600480.SH,20251105,20.9291,1.9953,0.7949,1554842.5267,1531694.0449
002577.SZ,20251105,498.7236,4.5389,12.4298,537028.4608,536999.8708
002281.SZ,20251105,52.5789,4.9276,4.2164,4817711.8112,4653978.6736
603276.SH,20251105,89.9401,2.1051,4.7534,366916.6612,133659.9936
002556.SZ,20251105,36.6601,1.5225,0.3585,550873.5226,550351.5128
300245.SZ,20251105,,3.7168,9.0696,462036.3447,461046.6775
002630.SZ,20251105,,14.9238,1.8115,360144.0,314233.2305
002703.SZ,20251105,61.1638,5.5918,3.4234,1142636.3814,814020.7748
688350.SH,20251105,346.8047,1.9114,1.7654,262012.5415,262012.5415
300876.SZ,20251105,,3.4462,6.5338,346272.8942,258319.1192
603048.SH,20251105,49.5633,2.3797,4.2845,303747.84,303747.84
601015.SH,20251105,,1.6301,0.8346,919123.9376,919123.9376
603270.SH,20251105,43.8286,2.4427,3.0281,546232.9208,176296.6508
301071.SZ,20251105,142.3734,1.8888,18.188,999705.9542,747436.1954
601666.SH,20251105,37.0231,0.9419,0.9933,2163156.7434,2163156.7434
300789.SZ,20251105,64.8239,3.5116,6.3194,374151.3973,257228.3738
301192.SZ,20251105,91.9651,5.9689,8.1741,370129.5,177353.7188
003001.SZ,20251105,82.935,3.3659,5.956,403681.6706,246381.2835
603730.SH,20251105,27.0014,3.6911,2.6453,1684490.0104,1684490.0104
688707.SH,20251105,,1.7718,4.6153,723937.3117,723937.3117
300752.SZ,20251105,59.989,3.7224,3.0839,453570.4277,312170.1318
920873.BJ,20251105,,4.4662,15.1427,128078.1467,92019.9367
300445.SZ,20251105,32.9409,3.3767,7.0245,429321.0563,287112.8456
000025.SZ,20251105,50.8559,4.2811,4.5165,773749.6844,705037.0844
688007.SH,20251105,,3.1995,4.0246,825929.2961,825929.2961
002416.SZ,20251105,39.4144,2.6644,0.3255,1551580.8211,1532328.1886
000953.SZ,20251105,348.6351,17.8623,15.7982,275323.8906,275323.8906
301428.SZ,20251105,79.2767,2.7342,3.2288,347898.6678,215779.4478
600810.SH,20251105,,1.554,0.7828,1058928.3885,1048827.2605
300073.SZ,20251105,69.58,2.4382,3.7509,3550971.89,3300956.8395
603477.SH,20251105,25.415,3.1273,1.1993,930878.3577,930878.3577
301119.SZ,20251105,41.8145,4.7415,10.541,483704.0,391195.61
000858.SZ,20251105,15.8603,3.1648,5.4859,45096521.8021,45094622.3404
603162.SH,20251105,26.7922,2.4208,2.5678,1047907.8368,315353.898
300322.SZ,20251105,,10.8589,4.2927,1082929.8122,1036774.0161
300371.SZ,20251105,36.5441,2.277,5.7101,266814.1345,178228.1652
603180.SH,20251105,20.9856,1.0916,0.8847,303115.1779,303115.1779
603001.SH,20251105,,1.5124,1.6887,359679.06,359679.06
603161.SH,20251105,29.1964,1.8029,1.188,269254.6714,264187.0188
688323.SH,20251105,,3.4736,6.8748,262980.3273,262980.3273
301602.SZ,20251105,74.5508,8.1449,28.788,1060115.8541,144425.9619
002742.SZ,20251105,,,2.2085,209088.0,209019.3117
920599.BJ,20251105,11.7379,3.1,1.5543,1019405.1,768257.8586
688365.SH,20251105,,6.4261,11.4844,608929.2981,608929.2981
603173.SH,20251105,16.1247,3.3924,2.2105,642400.0,198903.1
000570.SZ,20251105,246.2515,1.1909,1.624,409301.6541,322301.6541
003021.SZ,20251105,108.7854,7.8918,15.6109,2688710.594,2315949.7103
688206.SH,20251105,4767.6578,7.5243,33.4029,1518335.5291,1518335.5291
600259.SH,20251105,166.4485,4.9813,2.05,1740719.3983,1740719.3983
300647.SZ,20251105,,5.5035,4.0013,315094.1855,314626.4365
603978.SH,20251105,,4.061,2.0232,614284.4101,614284.4101
002272.SZ,20251105,,5.1659,4.649,770954.907,614523.6283
601668.SH,20251105,5.014,0.4644,0.1057,22395651.6206,22395651.6206
002297.SZ,20251105,,2.5086,5.7722,527829.5383,527829.5383
601163.SH,20251105,13.2133,0.8687,1.2076,1191200.0,1191200.0
688031.SH,20251105,,9.1266,21.092,816334.9379,633280.974
000417.SZ,20251105,33.6086,1.1006,0.7609,517843.1088,517274.2275
688143.SH,20251105,93.5227,3.6199,11.771,490268.5132,359847.4468
003032.SZ,20251105,,2.2731,8.5329,284932.83,195563.6786
600020.SH,20251105,10.3484,0.8866,1.4737,1054017.3892,1054017.3892
300782.SZ,20251105,,3.8722,9.9752,3878873.1287,3250242.7675
000636.SZ,20251105,67.3764,1.6194,3.6959,2023616.106,2023616.106
000826.SZ,20251105,,88.4253,0.7634,370591.8445,370544.9693
920392.BJ,20251105,181.0452,9.8069,4.6237,331034.52,158077.7256
688290.SH,20251105,382.1865,4.8981,23.9053,619269.6668,619269.6668
688288.SH,20251105,40.6194,3.5709,4.2288,276483.9601,276483.9601
605599.SH,20251105,14.018,2.7327,0.4487,1137888.9214,1137888.9214
603082.SH,20251105,36.9594,3.8471,3.0497,613220.1125,153305.082
688758.SH,20251105,64.1418,6.0212,19.8977,794613.4723,81050.5731
920943.BJ,20251105,30.3473,3.8855,2.4371,247407.5982,126255.689
688331.SH,20251105,,22.3492,23.2747,5185195.8356,1492459.6224
920019.BJ,20251105,70.818,4.8483,2.9844,445555.1373,355008.0763
300569.SZ,20251105,,1.3766,1.798,711806.5915,709644.4724
603385.SH,20251105,44.7572,0.7241,0.8503,271794.7872,271794.7872
002812.SZ,20251105,,1.8711,3.7794,4626832.272,3863962.8915
000017.SZ,20251105,116.1153,12.521,5.3372,468645.7544,206029.7762
600965.SH,20251105,56.8985,2.002,3.9525,435548.9081,435548.9081
600629.SH,20251105,75.5781,4.244,2.9443,2251185.6889,2211231.556
301577.SZ,20251105,106.9808,4.0036,7.0753,305300.01,127743.0309
301565.SZ,20251105,153.1927,4.1175,4.5097,991624.79,317336.79
688559.SH,20251105,,4.8608,3.1891,1148363.1689,1148363.1689
600780.SH,20251105,11.5595,0.867,0.6374,710831.5643,710831.5643
603344.SH,20251105,27.1686,2.508,2.0465,526984.4248,146369.9248
601166.SH,20251105,5.8109,0.5772,2.1462,44907571.8315,44907571.8315
600343.SH,20251105,,7.1481,11.5245,969435.4426,969435.4426
603839.SH,20251105,,1.9431,1.5955,352076.2225,352076.2225
002698.SZ,20251105,32.751,4.0735,5.6923,1616669.3695,1330314.1879
300671.SZ,20251105,,4.7887,9.7062,754633.0234,752646.95
000678.SZ,20251105,,7.9026,4.0943,630127.7737,630127.7737
002321.SZ,20251105,,6.9788,1.361,648398.5816,645760.4735
002872.SZ,20251105,,0.843,3.2036,165360.0,111757.4297
688696.SH,20251105,34.0141,2.8278,2.3673,816760.0,816760.0
301190.SZ,20251105,75.6368,2.7025,8.3807,528435.063,392329.548
002156.SZ,20251105,61.8394,4.0148,2.2643,6094669.1986,6094088.1236
920190.BJ,20251105,118.7759,3.2361,0.8586,277700.0028,274020.6166
000062.SZ,20251105,93.6505,4.1921,1.2355,2882526.0914,2879819.4762
300556.SZ,20251105,,5.6975,4.684,252732.5809,222472.3991
600189.SH,20251105,564.7609,4.2938,4.0176,530676.7765,530676.7765
688136.SH,20251105,60.57,4.4374,5.0158,760551.1478,760551.1478
601121.SH,20251105,68.5177,1.8234,4.1986,573600.0,272460.0
600995.SH,20251105,27.4532,1.8545,5.9616,4158003.5523,4158003.5523
300233.SZ,20251105,87.0004,1.8425,2.4105,672548.2764,651225.9564
688579.SH,20251105,75.2481,3.5182,8.7949,485212.13,485212.13
300701.SZ,20251105,56.1372,3.6829,8.1652,358508.1309,315886.4716
300847.SZ,20251105,47.248,3.7109,4.5814,543178.35,543178.35
002153.SZ,20251105,,3.7449,9.1107,2606380.1182,1527774.4328
002410.SZ,20251105,68.7717,4.0256,3.923,2395319.2959,2302717.5646
002929.SZ,20251105,,1.9372,1.2341,1224398.092,907516.8023
002489.SZ,20251105,13.2159,1.8411,1.475,863268.4926,761385.5133
002283.SZ,20251105,21.1424,1.2075,1.9382,726973.6796,640249.8617
600255.SH,20251105,162.9516,4.7397,1.5231,686335.8429,686335.8429
002583.SZ,20251105,,8.2285,3.6794,2102324.0044,1482825.5326
300040.SZ,20251105,,1.713,3.0436,442666.38,355954.719
920445.BJ,20251105,85.8842,5.8186,4.9786,188658.1521,134597.1567
688310.SH,20251105,,3.8125,10.9736,307173.9871,307173.9871
000796.SZ,20251105,,14.4473,17.4523,1198030.3203,994082.8071
002948.SZ,20251105,6.2191,0.752,2.129,2985841.9734,1596672.1844
300611.SZ,20251105,42.8528,5.0876,3.3062,625203.2022,439273.4268
300951.SZ,20251105,31.2408,2.5999,4.5295,605098.9325,540780.6432
002267.SZ,20251105,13.5932,1.3941,1.0331,917462.2421,917462.2421
000698.SZ,20251105,29.9302,2.1856,0.596,322888.6716,309571.4716
300184.SZ,20251105,82.8451,3.1057,1.4679,1276337.1857,1160401.0653
301330.SZ,20251105,37.4918,2.1044,3.6058,714527.3058,345845.5484
601002.SH,20251105,23.2454,1.1571,2.069,491536.9708,491536.9708
688121.SH,20251105,25.1679,1.1625,1.2219,302530.1339,262453.3338
002047.SZ,20251105,,,4.8141,539784.5347,539757.1295
300210.SZ,20251105,,11.0712,12.9882,457103.6356,456665.6149
002611.SZ,20251105,39.0431,4.8726,5.4688,2658553.3666,2188799.7921
603528.SH,20251105,,3.2571,15.0285,619100.7249,619100.7249
688609.SH,20251105,,5.654,2.1023,502500.0,502500.0
301041.SZ,20251105,125.9018,4.6556,4.3462,310652.16,229816.9008
300067.SZ,20251105,,2.2194,5.532,554099.7955,449992.1669
920527.BJ,20251105,56.2336,3.0449,3.1072,116843.0942,70627.6122
603329.SH,20251105,82.2309,2.0983,0.6476,295060.3865,243532.0025
000700.SZ,20251105,19.9964,2.3012,1.3217,924441.4967,924441.4967
603069.SH,20251105,,11.7024,13.8675,947052.0,947052.0
600976.SH,20251105,18.5413,2.3429,1.9052,605004.0784,604609.6784
300947.SZ,20251105,131.1516,2.3032,2.3556,287766.1732,287651.9998
300846.SZ,20251105,,12.6027,8.4449,1072401.9942,836557.3361
000007.SZ,20251105,54.2323,16.8224,6.7852,307299.415,307299.415
003816.SZ,20251105,21.7965,1.6628,2.4333,20502436.1066,15970004.3566
000788.SZ,20251105,24.5685,2.2092,2.0082,352824.5556,352824.5556
920931.BJ,20251105,89.5951,4.1875,4.7107,163813.92,50184.9952
002632.SZ,20251105,32.371,3.103,4.3889,665198.0309,619708.6017
301277.SZ,20251105,41.7052,3.3896,7.6962,515975.1744,132940.2144
300142.SZ,20251105,396.2265,2.015,8.1337,1951205.22,1898252.3376
920508.BJ,20251105,148.2769,8.7783,20.0771,168780.0,87892.185
002332.SZ,20251105,34.5177,1.603,2.632,944690.647,940267.894
002762.SZ,20251105,,3.7478,8.2809,289238.425,172696.1806
603232.SH,20251105,576.274,4.0399,12.5876,543696.2884,537078.5884
300025.SZ,20251105,,6.0573,5.2024,326645.0559,325103.7417
300605.SZ,20251105,,5.7577,7.2402,274854.2296,198614.578
920116.BJ,20251105,113.9582,20.2891,35.4789,1112992.65,282685.7135
000567.SZ,20251105,,2.9106,33.8898,1569537.5005,1565771.4441
300402.SZ,20251105,109.3117,4.401,4.6945,659424.208,650948.624
002849.SZ,20251105,79.5147,2.2657,1.9254,309990.7925,271962.0846
002358.SZ,20251105,54.2374,1.6453,1.8876,552275.6443,552274.887
300141.SZ,20251105,,5.297,8.1611,350410.8114,346189.9748
600010.SH,20251105,121.5266,2.3654,1.8579,12318504.4627,8535577.1341
600861.SH,20251105,9.1442,1.4811,0.2423,1058064.6699,685128.3909
300560.SZ,20251105,,3.5852,3.4582,347831.8437,283064.6845
601958.SH,20251105,15.125,2.5719,3.2382,4649536.9404,4649536.9404
000701.SZ,20251105,,,0.1189,433868.1621,428601.483
601208.SH,20251105,84.5679,3.1991,3.8312,1926278.9419,1926278.9419
601026.SH,20251105,71.8,5.7047,3.9666,1511344.8,245665.0771
002425.SZ,20251105,,1.3861,7.3205,400842.6627,400589.5163
688271.SH,20251105,66.9465,5.5329,9.385,11454147.7172,11454147.7172
600592.SH,20251105,119.6693,3.607,6.2313,917374.999,917374.999
600997.SH,20251105,29.7496,0.7475,0.5664,1049535.7015,1049535.7015
603176.SH,20251105,,2.6743,1.1953,289893.2481,281706.4381
600216.SH,20251105,11.1933,1.2596,1.5545,1392451.462,1392445.2718
600419.SH,20251105,287.5314,1.3043,1.1382,309831.5928,309831.5928
603758.SH,20251105,36.1626,2.514,4.556,637133.3151,637133.3151
688648.SH,20251105,12.4168,3.305,6.522,737120.0,358418.7681
300403.SZ,20251105,37.3638,3.9224,7.1446,838773.0,594045.4579
301105.SZ,20251105,,2.7356,12.717,228300.0,75053.6113
301611.SZ,20251105,68.6213,13.1013,21.8552,2262404.0,760617.568
000885.SZ,20251105,7.967,1.0352,1.3987,948349.5826,948349.5826
605098.SH,20251105,17.1368,5.1288,6.2933,494892.065,494892.065
301568.SZ,20251105,45.7087,4.6564,10.577,469619.2032,216685.003
301095.SZ,20251105,134.342,4.6933,21.4199,1472065.9968,1282606.8623
300017.SZ,20251105,32.3992,2.7533,5.7986,2791475.4969,2617470.7489
300867.SZ,20251105,22.3583,1.4196,3.4924,549732.1502,387663.0839
300803.SZ,20251105,250.6208,30.6817,52.3909,8273551.9097,8143499.9113
002077.SZ,20251105,221.0546,2.9284,26.7982,981949.684,981949.684
300256.SZ,20251105,,10.2905,6.1368,954993.6155,944468.6155
002187.SZ,20251105,,1.1503,1.094,463992.247,463992.247
002895.SZ,20251105,17.4536,2.9512,2.8174,2179700.3919,2140100.2706
603129.SH,20251105,20.9118,5.243,2.043,3776297.1593,3776297.1593
300469.SZ,20251105,,40.5255,56.839,1544293.7241,1544254.7184
300532.SZ,20251105,25.4713,3.0774,2.8187,574361.617,546253.5374
002154.SZ,20251105,18.4926,1.2877,1.1453,583733.4916,471909.0312
600198.SH,20251105,156.9239,39.4149,10.3398,1080687.3355,1079316.3875
600556.SH,20251105,576.5533,3.257,3.3358,1252769.1159,1252769.1159
603995.SH,20251105,10.1373,1.1902,0.1602,680414.8337,680414.8337
301617.SZ,20251105,65.7016,6.7921,8.2273,1147165.76,286791.44
300475.SZ,20251105,265.4461,20.4238,2.0134,6877764.9646,6588490.9846
920926.BJ,20251105,51.5778,6.5522,3.71,177607.0914,161166.5818
300253.SZ,20251105,,3.5916,9.3609,2026384.76,1751754.5912
000985.SZ,20251105,,4.0684,1.3197,250204.235,250204.235
002137.SZ,20251105,,3.4875,8.4019,527261.9317,361966.8214
603183.SH,20251105,59.012,1.5008,2.8448,238633.5605,238633.5605
000498.SZ,20251105,4.2091,0.6051,0.1368,957855.9773,894246.8281
603115.SH,20251105,22.9688,2.2688,2.101,468541.7048,468541.7048
000555.SZ,20251105,,3.7436,1.7293,2074496.4531,2066266.9728
603986.SH,20251105,107.6541,8.0094,17.068,14572683.6305,14571827.2141
301058.SZ,20251105,24.9075,2.6914,1.9386,588603.1075,588603.1075
600587.SH,20251105,18.2748,1.1996,0.9713,930037.2498,926487.0012
688058.SH,20251105,,3.9992,11.6241,254568.8187,254568.8187
000737.SZ,20251105,37.213,4.2227,1.0853,2811361.4581,2811098.3242
605208.SH,20251105,95.1463,2.2653,0.8774,492270.48,492270.48
300345.SZ,20251105,,7.6262,4.0191,397426.001,306401.3172
301168.SZ,20251105,118.5269,2.4827,3.6583,536640.0,426241.2386
688293.SH,20251105,150.6889,3.0913,18.4641,651620.3817,651620.3817
300342.SZ,20251105,132.8138,5.0314,8.9964,788865.1697,777290.6897
003008.SZ,20251105,28.1223,2.3365,11.0938,245856.0,184033.4403
688198.SH,20251105,84.3292,12.207,25.7195,1520739.3883,1520739.3883
001269.SZ,20251105,,5.9712,10.6189,521627.5602,521627.5602
000789.SZ,20251105,337.6073,0.7169,0.8767,461698.8933,461698.8933
600435.SH,20251105,81.8211,7.222,4.7632,2105279.7271,2105279.7271
002184.SZ,20251105,,4.5206,2.0089,528566.3717,361037.999
601126.SH,20251105,32.0667,5.4954,3.2528,2598777.3115,2556071.0278
601988.SH,20251105,7.6475,0.6857,2.8515,183338862.3222,119925577.9474
920834.BJ,20251105,45.2788,6.7093,6.6914,200520.0084,104932.8496
600236.SH,20251105,23.3175,3.3958,6.1791,5919665.7293,5919665.7293
688667.SH,20251105,39.9425,1.917,2.6251,329525.9051,329525.9051
920978.BJ,20251105,43.5408,10.0195,7.0544,754139.2525,422816.4972
002745.SZ,20251105,60.7664,1.0048,0.7913,1337233.9255,959273.1021
603871.SH,20251105,18.0771,3.4909,2.1861,1919316.1472,1919316.1472
688125.SH,20251105,,2.8577,7.9802,532671.545,529839.6277
002306.SZ,20251105,,,4.6136,177431.55,166039.56
300363.SZ,20251105,,2.5531,3.9696,1362024.9064,1249608.0862
600620.SH,20251105,70.6228,2.9576,8.9831,438786.6752,438786.6752
600056.SH,20251105,31.0974,1.4248,0.4976,1688848.2355,1688251.8187
920832.BJ,20251105,523.4904,1.5388,3.1194,114757.7164,101324.1086
002431.SZ,20251105,,4.9295,2.1309,561973.0422,561973.0422
600718.SH,20251105,,1.3196,1.0256,1247176.362,1247176.362
300530.SZ,20251105,,105.3576,44.7795,564344.3438,519368.3377
688115.SH,20251105,2207.9133,3.4025,16.8613,421021.05,421021.05
600814.SH,20251105,28.1483,1.4819,3.2424,552779.1057,548578.0953
601212.SH,20251105,210.154,2.4094,0.4113,3717196.8045,3717196.8045
603211.SH,20251105,78.4954,4.0184,3.89,493603.328,493603.328
300317.SZ,20251105,,2.259,6.1248,351999.8837,351459.2837
300118.SZ,20251105,,1.3072,0.87,1374856.7188,1117752.2525
603518.SH,20251105,12.4434,0.8855,0.7476,321966.1711,320563.0801
600691.SH,20251105,,1.938,0.6679,700914.6758,700797.8558
301246.SZ,20251105,542.2429,1.7789,4.3681,771213.1104,308562.422
603699.SH,20251105,29.8102,11.5313,5.8184,4297190.2697,4181736.6971
002293.SZ,20251105,15.6857,2.0031,1.6911,802156.4667,795172.9124
300465.SZ,20251105,326.8149,13.9613,8.1993,936754.8926,936754.8926
920077.BJ,20251105,61.3876,3.4106,3.7681,879759.68,474484.355
600689.SH,20251105,173.7529,6.3704,2.2421,301688.0058,228458.4186
301550.SZ,20251105,110.7347,11.6487,26.76,2137300.0,1305919.445
603615.SH,20251105,,5.3993,5.9797,617850.1,617850.1
300346.SZ,20251105,86.5088,7.6961,10.7125,2648513.2523,2515903.7347
601857.SH,20251105,11.0087,1.1192,0.6118,174418991.8606,154311740.1606
603707.SH,20251105,24.9868,2.4215,4.3169,1623713.1438,1623713.1438
601500.SH,20251105,68.9788,1.1708,0.8777,718370.7122,715516.3322
300283.SZ,20251105,,3.4278,1.0797,392612.7954,290102.6166
688156.SH,20251105,,2.378,6.2961,194579.7513,194579.7513
001205.SZ,20251105,43.575,1.584,2.2768,329757.918,279766.8027
300486.SZ,20251105,,6.6715,11.73,1118437.106,1118100.9553
688389.SH,20251105,23.7102,2.8323,5.6462,595166.679,595166.679
600977.SH,20251105,,2.9148,7.1812,3222442.0,3222442.0
002105.SZ,20251105,,3.1429,2.1394,264635.14,262055.35
601728.SH,20251105,17.8839,1.3463,1.1728,61675811.4831,52322437.1431
002461.SZ,20251105,21.8341,1.8681,3.4974,2069462.1288,2069462.1288
300501.SZ,20251105,72.1101,2.079,2.7558,313918.5955,203076.5816
002253.SZ,20251105,,2.2744,20.9793,242096.7999,223510.2392
002360.SZ,20251105,,1.0791,4.7001,215752.7712,175879.4375
300949.SZ,20251105,,3.9047,6.8255,260980.2258,148386.3985
301046.SZ,20251105,167.4976,5.0656,3.3647,411351.2637,305655.0565
603988.SH,20251105,143.4171,9.0828,8.5254,609638.4,609638.4
688578.SH,20251105,22.9213,6.9929,9.5525,4544550.0,4544550.0
001391.SZ,20251105,29.7418,3.0599,3.4729,7984608.3212,561632.48
300998.SZ,20251105,,2.4877,2.5277,313568.8598,246157.8059
001218.SZ,20251105,22.5764,1.3271,0.663,301883.3849,215451.7272
603619.SH,20251105,19.183,2.3014,2.4081,979695.1989,979695.1989
002439.SZ,20251105,,1.6753,7.3921,1875247.5173,1122830.8649
603037.SH,20251105,42.8321,3.8537,4.8062,373695.9478,371660.429
300078.SZ,20251105,,7.1009,5.6198,410259.1084,408605.7433
002946.SZ,20251105,21.6541,4.1507,1.3583,1487249.716,1470024.644
001267.SZ,20251105,148.8808,8.5164,10.2749,1351268.4108,1043200.1346
601636.SH,20251105,31.6934,1.3909,1.1986,1897289.7803,1897289.7803
600900.SH,20251105,21.289,3.145,8.288,69538674.7489,68228622.9815
301017.SZ,20251105,,2.5477,0.509,505880.3343,303704.3343
600073.SH,20251105,2343.9579,1.2737,0.2844,638593.7704,638593.7704
603916.SH,20251105,39.1114,1.0338,1.1914,435673.8273,429572.4873
688328.SH,20251105,,3.0668,4.0187,254181.8898,254181.8898
002579.SZ,20251105,228.0001,3.0009,2.2277,725953.0647,691301.4416
605088.SH,20251105,24.8321,2.6123,1.7644,750429.1641,738946.4361
002568.SZ,20251105,37.5671,5.4919,8.8957,2607740.2563,1797499.8299
001300.SZ,20251105,,3.6281,7.4742,375902.4594,375902.4594
300462.SZ,20251105,60.5366,1.6149,3.1776,230876.749,175855.3695
603536.SH,20251105,,7.4124,1.7705,298613.121,296335.7443
600235.SH,20251105,85.025,1.6668,2.1299,252233.4,252233.4
300820.SZ,20251105,57.1438,4.8352,7.5929,1215580.1492,609167.8079
003000.SZ,20251105,21.8538,4.0946,2.2265,545131.0382,363058.1155
920402.BJ,20251105,,2.8706,9.1864,459623.413,297158.9987
001236.SZ,20251105,721.2378,5.9865,8.2784,1117625.5558,840708.2558
688653.SH,20251105,,3.6994,7.9237,531873.44,389074.5332
002179.SZ,20251105,28.7914,3.1246,3.3094,7422421.7592,7290803.8104
002715.SZ,20251105,,6.6785,5.8242,315054.0,315054.0
002858.SZ,20251105,,4.52,5.0342,245879.757,220467.657
688222.SH,20251105,84.238,6.5364,19.282,961231.32,961231.32
000659.SZ,20251105,,21.6297,3.6919,367710.9207,367710.9207
300076.SZ,20251105,,3.1539,23.4756,283656.0,283656.0
600658.SH,20251105,,1.263,5.0256,700234.2382,700234.2382
002697.SZ,20251105,14.7432,1.6154,0.8004,757520.0,637710.6925
002376.SZ,20251105,91.9751,1.7113,2.4363,648450.0328,625047.7624
300661.SZ,20251105,79.3662,9.0376,11.9728,4433246.1458,4251795.9437
002515.SZ,20251105,141.6937,2.9492,25.017,769950.6083,769941.3927
002906.SZ,20251105,21.5294,2.3773,1.3302,1610451.6178,1609870.3606
600939.SH,20251105,,0.8315,0.2442,623792.6448,623792.6448
603103.SH,20251105,113.6557,7.6315,4.658,1048332.6,1048332.6
301048.SZ,20251105,31.8436,2.4506,2.0668,672000.084,672000.084
603686.SH,20251105,99.4176,4.2003,2.9394,1424926.2857,1424926.2857
603879.SH,20251105,,8.3805,6.3495,214887.9751,214887.9751
300196.SZ,20251105,17.8471,1.2624,1.8872,588552.313,354406.1227
002768.SZ,20251105,16.634,2.5168,0.6743,1386087.5,903182.9188
301566.SZ,20251105,48.4359,5.1127,20.5553,735618.39,381593.9859
688306.SH,20251105,5334.9856,7.7481,5.3958,1401470.6748,1401470.6748
002135.SZ,20251105,69.4894,0.8603,0.6115,542141.7057,507319.6026
003013.SZ,20251105,11.7657,2.1879,2.3074,637806.6147,624717.3515
000526.SZ,20251105,21.3789,5.0394,1.5944,502555.2135,492650.8089
600353.SH,20251105,109.6324,7.1968,8.16,1345391.4834,1343502.8887
600750.SH,20251105,16.0918,3.874,3.0645,1347370.8793,1331114.5068
002921.SZ,20251105,,1.9719,2.3305,260995.6625,225134.8558
002328.SZ,20251105,33.4057,1.4999,1.182,498563.42,368731.5648
002024.SZ,20251105,185.8946,1.2513,0.2768,1575010.4951,1573255.0241
603806.SH,20251105,56.8015,2.6339,2.6566,4187026.294,4187026.294
000563.SZ,20251105,13.084,1.0048,6.0587,1861485.2103,1861485.2103
600078.SH,20251105,,3.8445,1.8651,667337.4809,653296.8409
603210.SH,20251105,35.9695,3.9789,3.5902,726754.0,160959.1402
301080.SZ,20251105,58.6312,3.8334,12.7493,1012963.8749,764446.4916
603663.SH,20251105,155.3223,9.0217,11.2315,1192858.6955,1191506.0555
600815.SH,20251105,,4.3366,11.9174,658189.0521,658189.0521
002050.SZ,20251105,48.5747,6.2026,6.2463,19622012.709,17176316.3108
300788.SZ,20251105,38.4519,2.5368,3.3351,574447.7268,574447.7268
002400.SZ,20251105,142.0393,3.0073,0.6955,1502756.6043,1487953.9007
600984.SH,20251105,,1.5121,2.004,504074.6139,504074.6139
603605.SH,20251105,17.6617,5.2575,2.5553,2787877.2557,2787670.6739
600986.SH,20251105,104.9098,2.545,1.7248,1329712.4114,1329712.4114
600848.SH,20251105,18.733,1.5132,2.7156,2961399.7427,2810453.0085
603456.SH,20251105,23.9319,1.9759,3.2301,1729972.5245,1729972.5245
000988.SZ,20251105,47.472,6.9844,5.5412,7616683.0055,7612766.3518
603025.SH,20251105,30.8786,8.2055,7.5247,2139510.5451,2125178.8651
600023.SH,20251105,9.7397,0.9534,0.8809,7093219.6242,7093219.6242
002683.SZ,20251105,33.9568,4.5921,1.6166,3060529.0487,2659371.1682
600212.SH,20251105,197.1592,11.2119,4.1784,604965.536,442227.986
000720.SZ,20251105,,2.0571,3.4664,485021.1864,485021.1864
000969.SZ,20251105,72.2224,4.0061,3.0079,2267449.6533,2229770.0001
603585.SH,20251105,30.3934,1.4336,1.335,364055.802,355961.862
600728.SH,20251105,53.4197,1.8158,1.3968,1426708.9056,1426708.9056
688362.SH,20251105,151.4596,5.1671,3.1188,1318471.4924,901441.4724
300791.SZ,20251105,21.7374,3.0626,1.6864,751087.5382,626946.8483
002821.SZ,20251105,32.5963,1.9517,5.38,3386335.6245,2977105.83
601127.SH,20251105,33.0344,8.7382,1.5999,23852044.9539,22047349.3644
000516.SZ,20251105,,3.2065,2.5453,1070192.6479,1053921.2966
000902.SZ,20251105,11.7691,1.6104,1.1124,1854495.9401,1689032.6311
600746.SH,20251105,65.8798,1.5894,1.4162,866539.4199,865233.1015
603773.SH,20251105,,5.8463,2.7539,682453.6861,682216.7221
301072.SZ,20251105,,3.4444,3.3303,258203.0311,165029.9307
600004.SH,20251105,17.3257,1.2309,2.9992,2345417.8185,2345417.8185
300901.SZ,20251105,,4.3839,12.7175,424560.0,424560.0
600590.SH,20251105,,2.5043,1.7126,800844.6953,792111.7821
601083.SH,20251105,11.119,1.8084,2.4016,1652591.24,247891.24
920370.BJ,20251105,,2.3822,3.5421,145637.4214,126857.7698
688766.SH,20251105,166.6898,9.2941,11.2929,2112216.5382,2112216.5382
000099.SZ,20251105,48.0204,3.1272,7.3738,1695057.7493,1695057.7493
300014.SZ,20251105,47.3226,4.4278,2.9415,17521782.474,15943365.5952
301335.SZ,20251105,78.5103,1.9571,1.2298,375378.4824,149715.928
920108.BJ,20251105,84.428,5.4836,5.0492,270009.6,55511.6688
300964.SZ,20251105,136.0121,4.7639,6.2083,484814.8372,345341.0052
688184.SH,20251105,,1.0385,2.9874,165091.3195,104306.0395
301043.SZ,20251105,33.3514,3.4225,4.86,286960.0,239475.505
300828.SZ,20251105,60.4671,3.5267,4.403,274596.3,205818.0135
603316.SH,20251105,,5.7837,7.1888,371026.656,371026.656
301571.SZ,20251105,43.0142,4.199,7.9726,823923.7695,547214.8181
600468.SH,20251105,,4.0187,3.7176,807099.6082,807099.6082
300217.SZ,20251105,43.7225,1.9639,2.3871,824711.1325,684627.2257
600864.SH,20251105,24.8667,1.1662,9.3929,1543783.3258,1543783.3258
688056.SH,20251105,70.5885,3.2125,6.4945,258342.9218,258342.9218
600626.SH,20251105,80.7379,2.146,0.6406,689428.7162,578364.8866
002930.SZ,20251105,,2.1213,3.9968,495003.8467,468486.2643
688052.SH,20251105,,3.9943,7.9286,2346730.6493,2346730.6493
000668.SZ,20251105,,2.083,5.2602,147135.5738,147135.5738
603551.SH,20251105,14.6537,3.4392,2.3706,432685.9429,426863.6929
603617.SH,20251105,62.6889,2.0179,2.7782,303396.2288,298089.3188
603601.SH,20251105,60.9468,2.2719,3.6228,494468.6198,494468.6198
600724.SH,20251105,36.7199,2.8166,5.1565,803554.0355,803388.1212
300993.SZ,20251105,34.5814,3.8008,7.5267,581135.4432,454137.8141
600232.SH,20251105,,2.7172,2.1541,255302.9808,255302.9808
603083.SH,20251105,122.2907,4.9802,7.8944,3353653.7134,2682878.6084
002749.SZ,20251105,17.7826,3.4627,3.2184,667359.0851,649174.6268
001330.SZ,20251105,,2.3002,6.5374,963537.8078,746906.3723
603035.SH,20251105,15.6711,1.1451,0.9211,608136.1528,608136.1528
600649.SH,20251105,15.5882,0.5512,0.6445,1162088.3564,1162088.3564
002571.SZ,20251105,,3.452,1.9705,337077.602,256543.3217
600184.SH,20251105,,2.977,6.047,1008701.2471,880664.9898
300212.SZ,20251105,,52.9983,32.1768,1441224.6288,1398420.4714
000078.SZ,20251105,,3.7251,0.2489,678829.8003,677621.8136
603970.SH,20251105,20.0207,2.3208,0.3258,359385.7792,359385.7792
300882.SZ,20251105,35.5114,4.7475,5.2032,622201.3827,578994.9632
300128.SZ,20251105,,15.1669,4.6779,1002917.0981,1001837.5526
300491.SZ,20251105,219.9758,4.389,3.5676,516518.1821,458516.5953
601218.SH,20251105,51.9517,1.8981,4.0461,562039.437,562039.437
300926.SZ,20251105,16.6957,4.4521,2.6772,1456256.3374,949894.7203
300046.SZ,20251105,138.9085,7.7057,23.8684,881079.357,881079.357
600053.SH,20251105,,3.3369,30.7063,857977.2432,857977.2432
300224.SZ,20251105,115.0393,2.9788,2.2495,1507734.6755,1499207.6435
002514.SZ,20251105,,41.3259,19.6389,509064.2246,391702.2246
600880.SH,20251105,390.0262,1.849,8.4507,561972.6953,561817.51
300140.SZ,20251105,24.8884,1.4786,3.4068,2051582.3646,675320.2675
301503.SZ,20251105,25.4258,2.9721,2.1674,316800.0,128620.8
300100.SZ,20251105,41.0514,7.1051,3.9557,2187262.7626,2110029.7902
688196.SH,20251105,28.6011,2.0048,2.1858,640787.2252,604560.0
300483.SZ,20251105,,2.1165,1.5866,403530.192,403351.992
603370.SH,20251105,48.9204,4.5598,5.4351,868801.7,170251.4588
600367.SH,20251105,41.4857,2.3301,2.6265,576511.2244,544134.6776
301487.SZ,20251105,,6.3573,5.6765,1198679.6703,711446.7624
600251.SH,20251105,31.4351,1.8203,2.187,690747.2953,690747.2953
002943.SZ,20251105,,7.5913,8.3637,678011.9313,437147.1126
688343.SH,20251105,,6.8094,19.0715,2641681.8709,1942318.0796
688314.SH,20251105,30.7676,4.0473,8.1699,271988.7479,271988.7479
002991.SZ,20251105,20.7047,3.1802,2.4182,528254.1143,282974.3119
300428.SZ,20251105,18.0602,1.9542,0.4921,1515608.2479,1320434.0813
600935.SH,20251105,,1.6032,1.9976,959795.061,936476.2838
002591.SZ,20251105,,3.4003,6.0416,223948.8151,166740.2967
600820.SH,20251105,8.2449,0.6813,0.3487,2103400.2869,2103400.2869
301169.SZ,20251105,,7.6701,9.9792,335780.9383,335676.0658
000690.SZ,20251105,11.1556,0.8303,1.2188,1042250.2859,1041571.7886
000733.SZ,20251105,29.5709,1.8348,5.1904,2805759.8292,2805381.6231
600551.SH,20251105,15.2143,1.0783,0.8374,631947.4827,631947.4827
002020.SZ,20251105,21.8834,2.7592,3.9003,1559323.7725,1311106.6547
300757.SZ,20251105,,21.7066,71.4153,3614468.9137,3195288.9613
603011.SH,20251105,,5.5987,5.1562,1175717.5312,1175717.5312
300484.SZ,20251105,78.2595,6.267,8.9863,423235.8477,339858.4129
605198.SH,20251105,46.277,5.8675,9.3562,1603640.0,1271519.2
605050.SH,20251105,20.6132,1.6942,0.6322,737765.284,737765.284
300166.SZ,20251105,,2.0085,4.2934,1175185.6119,934762.444
600571.SH,20251105,79.4428,6.6535,3.8296,797404.3084,782755.4121
301305.SZ,20251105,19.9093,1.432,3.0131,540351.177,277118.137
001260.SZ,20251105,54.1998,2.9197,4.2363,241615.0,66706.75
603273.SH,20251105,129.0368,4.7214,7.2473,415553.6826,108697.2376
688158.SH,20251105,,4.6192,6.7941,1111559.1773,987734.4399
600241.SH,20251105,1192.4141,2.3022,7.0361,268992.1331,268992.1331
601766.SH,20251105,14.6659,1.3049,0.7977,22155523.0759,18781060.0931
002091.SZ,20251105,12.9974,0.9534,0.3796,1499056.1444,1471075.4966
920914.BJ,20251105,49.2063,3.4176,3.2168,326300.0,326043.0388
300321.SZ,20251105,528.517,6.6415,10.791,420912.0,420418.566
002861.SZ,20251105,355.9755,3.4069,4.4168,375175.8995,302439.0569
300668.SZ,20251105,,2.9576,4.1288,231854.3318,192010.3782
920058.BJ,20251105,38.0351,6.1026,2.8169,210326.4375,103342.2113
920634.BJ,20251105,85.8276,6.2212,1.922,176397.247,110194.0157
688710.SH,20251105,31258.7556,2.7345,7.7002,639060.5948,411115.7388
688420.SH,20251105,183.8225,1.6017,4.2201,229918.0,88683.4
300960.SZ,20251105,84.8934,6.2289,8.2372,375555.089,340283.489
688048.SH,20251105,,3.9235,28.808,1179136.5387,1179136.5387
601169.SH,20251105,4.5944,0.4344,1.7309,12072644.0193,12072644.0193
001358.SZ,20251105,56.3139,2.5036,7.278,358265.6,148239.1037
001896.SZ,20251105,36.7642,2.726,0.8222,939881.2993,939881.2993
603787.SH,20251105,55.6329,2.0438,0.7638,324963.0315,324963.0315
300323.SZ,20251105,,1.9007,2.4334,1290284.0436,699011.5935
688499.SH,20251105,,4.2158,3.7387,965970.7198,965970.7198
601963.SH,20251105,6.92,0.7001,2.6062,3853316.2256,2084257.1973
301459.SZ,20251105,34.0648,3.5293,4.6176,439810.5677,110242.138
002454.SZ,20251105,27.0665,1.3824,1.0649,561951.9504,560519.4298
603949.SH,20251105,55.3694,4.0209,10.4322,425651.5469,423773.8324
300513.SZ,20251105,,2.5507,3.5385,336590.6093,309322.1137
600258.SH,20251105,19.7246,1.3714,2.1618,1652572.6265,1652572.6265
300848.SZ,20251105,92.8055,5.1273,4.6615,791592.11,468276.6472
300972.SZ,20251105,31.4986,16.4213,0.6945,3352822.7405,2981876.9748
600446.SH,20251105,,4.1668,5.1382,1534265.9908,1534265.9908
300397.SZ,20251105,,4.5429,16.6308,653775.2089,512153.3303
603297.SH,20251105,50.4198,5.5344,12.0864,1106038.899,1103969.127
600133.SH,20251105,27.2615,1.1969,2.7848,1050246.2769,1050246.2769
300011.SZ,20251105,561.5794,3.4359,2.8266,460886.5693,418486.2033
300872.SZ,20251105,210.7657,2.8915,5.6058,1053853.4182,911188.0152
301110.SZ,20251105,70.8732,4.7591,5.0809,694014.9975,490249.3725
301036.SZ,20251105,47.1685,2.0816,2.2727,344900.0,242925.6071
001219.SZ,20251105,27.5039,2.7349,5.1455,285066.2425,277724.8797
603950.SH,20251105,28.3007,3.4133,4.303,988598.94,987000.74
301088.SZ,20251105,40.6131,1.3604,5.3344,341394.2,281399.3
688097.SH,20251105,30.2773,3.07,2.7077,1444012.2242,1438713.3372
000951.SZ,20251105,13.4862,1.3845,0.4153,2152360.6675,2152360.6675
300529.SZ,20251105,33.5327,4.8805,7.9286,1615578.4713,1034938.4396
920098.BJ,20251105,35.2675,2.6243,5.0516,245750.1551,131571.017
003005.SZ,20251105,,2.7681,13.388,497485.6857,273003.1429
688525.SH,20251105,,12.4674,7.0699,5829186.6795,4406126.0395
603716.SH,20251105,,4.9896,4.2328,528156.9461,528156.9461
300549.SZ,20251105,275.8606,4.8573,7.9528,267880.06,203018.8421
002259.SZ,20251105,60.7346,11.6112,3.3547,315225.5439,315225.5439
688108.SH,20251105,254.356,9.4688,16.919,852898.4,852898.4
301113.SZ,20251105,298.2653,3.1964,6.4661,219401.0,132888.2105
001333.SZ,20251105,24.0225,1.8151,1.8703,311040.0,106920.0
300999.SZ,20251105,44.4851,1.7662,0.686,16991267.8738,1700656.002
300329.SZ,20251105,,6.6262,35.229,449130.4733,447780.1929
600249.SH,20251105,173.5149,1.6288,3.3142,356950.0,356950.0
300707.SZ,20251105,119.6985,2.4573,3.5556,282288.9311,229112.4192
603826.SH,20251105,337.9494,6.2067,11.7303,1210809.6,1210809.6
600397.SH,20251105,,47.4371,1.8393,737520.1121,737520.1121
000428.SZ,20251105,,2.4709,6.2969,344396.988,344396.988
600866.SH,20251105,9.3121,1.4359,0.7177,1192937.3383,901642.3746
002146.SZ,20251105,,0.6148,0.2471,730491.527,657135.587
300976.SZ,20251105,29.6258,2.4315,2.8023,860949.0667,553399.3262
600648.SH,20251105,21.888,0.9808,2.3078,1487743.9665,1244721.136
600715.SH,20251105,,9.5793,31.1661,1075861.1775,705528.6439
300650.SZ,20251105,75.9252,3.2586,1.5431,414544.3433,323485.8026
301370.SZ,20251105,52.3515,2.0523,0.7124,514365.8,353857.1772
688173.SH,20251105,,4.2869,6.7554,619799.3809,614234.2878
002511.SZ,20251105,40.8041,1.8877,1.1939,1035534.1395,1018599.4462
300061.SZ,20251105,,14.4389,16.3273,756524.7412,714250.8213
603367.SH,20251105,19.4773,1.5819,2.6938,959838.7535,959838.7535
002966.SZ,20251105,6.982,0.747,3.0184,3746414.7652,3684033.2181
000758.SZ,20251105,23.3099,2.1375,1.4309,1273953.6192,1264720.3219
920106.BJ,20251105,35.8443,9.4062,11.3866,507425.2365,266081.3839
920225.BJ,20251105,46.6922,6.8316,9.7763,488003.1474,318297.3821
688379.SH,20251105,27.3856,3.9048,1.8455,437815.6272,437815.6272
000507.SZ,20251105,17.1327,0.9443,1.1923,516891.011,507123.2037
000757.SZ,20251105,63.3622,1.857,0.9391,295657.4327,295651.8411
000876.SZ,20251105,40.7609,1.9772,0.414,4403520.0146,4400311.9261
688087.SH,20251105,16.966,2.0963,1.7561,575178.3531,552031.6324
002747.SZ,20251105,,10.6589,4.6534,2068668.8259,1858212.2384
600300.SH,20251105,14.5239,1.6764,1.7591,590256.8957,590256.8957
000609.SZ,20251105,,,16.1308,251083.773,244197.8902
002705.SZ,20251105,10.9536,1.4515,0.7399,1214566.1669,1208922.6864
601368.SH,20251105,52.8427,0.9721,1.8847,471507.6231,471507.6231
603348.SH,20251105,337.3371,1.5816,1.1609,683044.461,683044.461
920046.BJ,20251105,138.1831,7.281,9.5168,181564.25,115018.7302
601919.SH,20251105,6.1151,1.0407,1.0262,23265611.618,18940122.729
300052.SZ,20251105,,8.6584,16.9725,327323.3875,327314.0125
301560.SZ,20251105,51.8361,4.7499,4.3392,461228.8,92245.76
688004.SH,20251105,,3.7347,12.4135,220402.176,220402.176
600624.SH,20251105,,6.8139,6.4105,423912.4918,423912.4918
300923.SZ,20251105,43.7661,1.9053,4.0704,215599.8,209753.0955
600720.SH,20251105,11.496,1.1473,1.4809,1750776.4161,769904.9753
300555.SZ,20251105,,5.025,15.4863,238800.0,236393.9264
600989.SH,20251105,12.476,2.9187,3.0309,13412715.44,13412715.44
600562.SH,20251105,54.0623,5.2688,9.7016,3427527.6384,3427527.6384
688652.SH,20251105,97.2902,6.7614,10.8699,1475208.0,1045553.67
688671.SH,20251105,,1.6911,5.128,179886.7999,107326.7565
603186.SH,20251105,,4.2912,1.485,629162.8159,629162.8159
688767.SH,20251105,59.5487,2.6118,12.7592,610773.3361,610773.3361
688522.SH,20251105,94.257,5.1301,25.1902,1166533.0831,465887.8879
300660.SZ,20251105,71.1901,6.5347,5.5948,2266535.1618,2264720.5561
301269.SZ,20251105,1053.2602,12.1608,49.2283,6318894.6887,6318894.6887
301256.SZ,20251105,56.4553,2.9623,3.0716,505920.0,505920.0
920566.BJ,20251105,22.3871,2.3453,4.5022,189247.8574,146162.8759
301085.SZ,20251105,,4.3292,4.2334,464510.1883,315354.5549
688261.SH,20251105,143.5556,2.8303,6.4893,834735.5798,831477.7711
920779.BJ,20251105,56.8466,6.9861,20.4905,326144.3346,81595.2317
688508.SH,20251105,37.6092,2.9395,7.0242,797053.8002,797053.8002
002903.SZ,20251105,1195.8813,4.5548,7.4745,365051.115,247546.9096
300952.SZ,20251105,52.0633,3.2103,4.255,543820.9721,330188.7337
000948.SZ,20251105,146.8482,2.6685,0.6682,716615.5666,715217.7989
603889.SH,20251105,12.959,1.5695,1.1606,564519.9234,557069.2083
002438.SZ,20251105,24.8557,2.0409,3.4894,749125.2924,692067.8645
301155.SZ,20251105,57.1955,3.2417,4.7029,1864349.3153,1057842.7049
300786.SZ,20251105,,2.7498,5.7189,305282.3433,243283.1326
301166.SZ,20251105,,1.3867,2.6356,280973.3377,184530.3217
920128.BJ,20251105,86.447,5.0771,4.3929,261756.56,70799.04
920970.BJ,20251105,,3.7271,8.3795,105346.9384,66816.8314
601997.SH,20251105,4.416,0.3571,1.6798,2255874.2129,2255874.2129
600201.SH,20251105,113.429,2.0898,8.6121,1142876.7651,1142876.7651
002399.SZ,20251105,42.3564,1.4389,3.2922,1779830.2955,1512855.667
000630.SZ,20251105,37.0553,1.897,0.4253,6852239.9416,5694078.851
002899.SZ,20251105,49.1533,2.0478,3.0396,356634.1031,356634.1031
002780.SZ,20251105,,3.4196,2.659,235435.7041,195195.1846
000999.SZ,20251105,17.3967,2.3583,1.6084,4803038.0916,4798534.8927
688160.SH,20251105,145.537,7.0153,13.4648,888429.8069,821604.0
600713.SH,20251105,12.5784,0.9581,0.1239,667554.4352,656321.7923
002213.SZ,20251105,,11.7572,5.8399,657716.8884,572540.5629
603071.SH,20251105,12.0639,1.4078,0.1949,793969.171,793969.171
002677.SZ,20251105,227.9127,3.3564,8.8458,495521.6132,410245.8415
688702.SH,20251105,2612.8936,19.0272,40.8735,4520250.0,2237984.4076
603717.SH,20251105,,5.2905,3.8435,273898.0506,273898.0506
001202.SZ,20251105,38.0224,3.3264,1.7078,278207.4626,194979.1809
603351.SH,20251105,26.1261,2.192,2.9331,385595.2088,385595.2088
600051.SH,20251105,26.1121,0.7164,1.4613,243419.04,243419.04
002988.SZ,20251105,52.026,3.5091,1.268,940379.2308,940088.5615
600636.SH,20251105,,1.8224,10.5881,375034.4657,375034.4657
605089.SH,20251105,50.5305,2.9944,5.3071,367356.0,367356.0
000530.SZ,20251105,58.041,1.9343,1.3896,615545.1301,438030.268
300950.SZ,20251105,70.7648,6.3236,10.6623,501049.28,296971.5107
002674.SZ,20251105,58.2259,1.7357,1.412,416726.831,412514.7493
300777.SZ,20251105,32.5841,3.023,14.0248,1352100.6763,1302616.9276
301519.SZ,20251105,,1.7231,3.8003,243777.6,115831.8563
301060.SZ,20251105,,2.5055,2.5935,395310.279,355502.1578
688432.SH,20251105,81.2101,3.5509,16.2804,1578240.6384,642070.5574
000990.SZ,20251105,81.5985,0.5283,0.8188,944239.5647,944238.8654
301198.SZ,20251105,,2.4502,5.0403,223925.0,206109.527
920718.BJ,20251105,27.0193,2.9697,1.4136,174896.0643,82453.7914
600676.SH,20251105,,1.2667,1.3996,650007.5406,650007.5406
300686.SZ,20251105,,4.3461,2.5415,409180.0254,266435.0947
688055.SH,20251105,,3.2782,5.0277,1346666.6936,1346666.6936
002119.SZ,20251105,67.8009,4.6769,3.3276,679264.04,679264.04
000652.SZ,20251105,136.81,1.116,0.3409,638923.4779,638442.2014
300231.SZ,20251105,,3.0641,2.9045,498050.4957,498024.9201
688247.SH,20251105,49.8908,3.7931,10.2372,491873.9,491873.9
605488.SH,20251105,63.5069,5.5318,2.9669,849062.5368,836861.3328
300412.SZ,20251105,90.9803,2.7584,2.0965,284716.7964,267616.8615
301622.SZ,20251105,53.0778,5.5191,6.3229,861373.8684,215343.4671
603056.SH,20251105,227.8234,1.8918,0.3589,1519524.9281,1519524.9281
301196.SZ,20251105,37.9522,3.0381,4.6564,1005684.4144,1000230.9169
300026.SZ,20251105,,1.3319,2.0957,1150591.3026,1048856.4071
002973.SZ,20251105,32.7958,2.5636,1.7255,645691.7633,352156.8385
688210.SH,20251105,336.3119,7.2786,11.0323,952893.2902,952893.2902
600754.SH,20251105,45.1328,1.5711,1.8416,2488740.5683,2114706.843
002789.SZ,20251105,,,0.4368,194102.193,190262.7764
688072.SH,20251105,89.6027,14.3046,14.4262,8721705.1086,8721705.1086
300240.SZ,20251105,,2.1039,0.495,310626.6262,303784.7428
301329.SZ,20251105,52.0861,2.358,4.2664,365589.6,128759.712
300405.SZ,20251105,,4.477,3.2996,187401.5902,144204.5936
002393.SZ,20251105,14.3819,1.1173,4.2069,555164.3311,539449.5281
920826.BJ,20251105,43.513,5.2723,3.3225,198408.3294,88213.9559
300724.SZ,20251105,9.5263,2.4379,1.6625,3266630.7243,2698473.8172
001288.SZ,20251105,37.3952,3.0751,3.5491,674460.5825,435669.3061
603214.SH,20251105,22.821,2.199,0.6793,252974.1057,252974.1057
688677.SH,20251105,33.7355,4.4633,10.2854,588116.562,588116.562
300780.SZ,20251105,,2.6576,4.7864,272072.85,199477.4473
300365.SZ,20251105,,2.1127,3.4892,397704.1759,339273.4211
300948.SZ,20251105,,3.2094,28.3306,308301.3332,290405.9254
920454.BJ,20251105,64.5708,5.9524,12.0714,191702.4,115238.724
605299.SH,20251105,53.9156,3.2991,2.661,404725.0312,404725.0312
300663.SZ,20251105,,11.2128,15.8676,847814.3817,806229.0059
688597.SH,20251105,35.5965,3.8123,3.2659,319256.8746,319256.8746
301489.SZ,20251105,188.7352,12.9294,15.532,1401079.5925,825871.3122
920022.BJ,20251105,28.3721,4.5279,3.334,201773.745,55577.175
600035.SH,20251105,9.9476,0.7523,1.2404,669808.2148,669808.2148
300293.SZ,20251105,,8.2387,6.1236,769946.6912,637764.2112
002970.SZ,20251105,23.5723,4.2127,3.1751,810338.9278,553169.8174
600183.SH,20251105,54.7107,9.8969,5.8542,15371466.4874,15152405.7704
688216.SH,20251105,,4.4886,3.7274,261534.8828,260081.3648
600470.SH,20251105,,2.039,0.5152,331737.6,331737.6
301368.SZ,20251105,3728.9465,7.7243,14.83,749424.0,400117.7856
600847.SH,20251105,,3.7601,3.4791,193448.6988,193448.6988
300414.SZ,20251105,186.4062,4.0178,8.6378,399373.8459,384072.5105
000415.SZ,20251105,,0.7736,0.4163,2232612.1828,1946857.0196
000429.SZ,20251105,14.6401,2.3634,5.7862,2563328.3105,1597882.4648
601952.SH,20251105,22.2744,1.918,1.2527,1287052.0,1287052.0
300192.SZ,20251105,45.1324,6.0397,7.6538,592457.9922,584347.8672
300693.SZ,20251105,33.9961,7.5207,4.6841,1478898.6511,1271137.1022
301292.SZ,20251105,,2.7224,1.5627,737008.4336,281407.0843
688110.SH,20251105,,12.723,51.6333,3957693.0843,3957693.0843
002005.SZ,20251105,,12.7691,6.9555,471402.2868,471286.1595
002151.SZ,20251105,,3.1657,8.4084,1633076.0263,1331999.1369
300393.SZ,20251105,,2.4011,1.3035,710437.0374,623250.0926
300675.SZ,20251105,,4.9458,8.9682,264000.06,264000.06
002859.SZ,20251105,66.4849,4.5578,6.6748,1335905.4936,1257392.5283
000557.SZ,20251105,22.8247,1.1957,5.7016,761271.6117,761032.2554
688500.SH,20251105,,7.5706,11.0461,539350.3337,525161.8633
002255.SZ,20251105,21.6478,2.2296,3.6627,987086.6933,757911.0247
002059.SZ,20251105,,4.4527,19.4495,572025.6693,555421.0228
301006.SZ,20251105,28.3372,1.9577,6.5361,250007.6,154524.5495
002793.SZ,20251105,,4.0734,2.3762,591648.1364,590748.8271
688025.SH,20251105,58.9781,6.2354,7.266,1375270.1014,1375270.1014
920252.BJ,20251105,308.4511,11.7052,8.0718,305591.0297,203124.3985
002830.SZ,20251105,59.5788,3.6923,3.6298,241212.06,120936.1725
601515.SH,20251105,,1.7741,6.9196,894552.648,894552.648
002696.SZ,20251105,47.6546,1.787,0.6284,245224.4815,236816.7592
002900.SZ,20251105,,2.3516,5.1183,447645.9333,247559.344
002741.SZ,20251105,,5.0353,3.4579,968176.4494,887678.22
603656.SH,20251105,148.6181,3.4434,7.8377,454404.1371,454404.1371
600844.SH,20251105,,23.6453,3.7945,330370.378,267387.4561
600033.SH,20251105,12.6511,0.8234,3.3503,1023661.2,1023661.2
688398.SH,20251105,94.5058,3.4388,3.5423,354087.7531,354087.7531
300498.SZ,20251105,14.9094,2.9318,1.1441,12043608.1252,10792500.0881
601168.SH,20251105,17.3156,3.0791,0.8819,5445155.0,5445155.0
301388.SZ,20251105,160.3988,3.7006,7.3702,361435.1328,96514.0425
688133.SH,20251105,274.964,1.4137,1.5144,394648.7448,394648.7448
002648.SZ,20251105,9.5335,1.8252,1.2147,5847968.9178,5844213.594
920576.BJ,20251105,87.5409,7.5818,7.1977,339924.0,334238.2805
603151.SH,20251105,37.7857,3.151,0.8473,429223.9609,429223.9609
002785.SZ,20251105,,8.8686,6.044,787050.2007,672008.2149
300209.SZ,20251105,64.0098,5.9851,28.4742,572968.4897,302341.4392
301151.SZ,20251105,44.3195,1.7381,4.064,358626.7002,358286.5542
603599.SH,20251105,14.891,1.0829,2.8292,1079579.4432,1079579.4432
000547.SZ,20251105,,2.9956,5.9274,1408250.545,1399336.9632
002453.SZ,20251105,,5.9656,15.6784,546723.0758,412389.5905
002493.SZ,20251105,133.9144,2.2565,0.319,9859579.5047,9240489.9234
002810.SZ,20251105,28.0156,2.0478,2.331,456407.4929,419533.2319
605080.SH,20251105,16.8868,1.5722,3.3576,345784.2721,342877.9816
300590.SZ,20251105,64.2772,3.0416,6.4839,554660.5508,427361.0821
300697.SZ,20251105,44.4692,6.022,2.4189,738516.48,565426.68
300400.SZ,20251105,50.3094,7.0205,7.1504,548334.308,542226.884
600365.SH,20251105,,5.7557,1.9438,150727.52,142711.52
603606.SH,20251105,44.0132,5.6834,4.4049,4357364.5716,4357364.5716
002140.SZ,20251105,19.9363,1.9742,0.9895,912629.881,700496.02
002472.SZ,20251105,29.0965,3.6379,4.0515,3445845.5448,3063271.6596
300751.SZ,20251105,35.0812,3.7076,3.5248,2913914.8076,2016472.2735
002200.SZ,20251105,,,2.7608,141782.3253,141782.3253
002068.SZ,20251105,,2.6892,0.78,721373.6373,721040.7104
920496.BJ,20251105,44.9652,3.4176,2.9692,197034.25,172548.1341
002128.SZ,20251105,11.2568,1.5297,1.8704,5695838.2457,5695838.2457
002236.SZ,20251105,16.9898,1.7318,2.0278,6619525.726,4261547.5687
300254.SZ,20251105,137.0823,9.4977,3.2871,279158.3337,244571.9165
603486.SH,20251105,30.7735,5.7552,2.5798,4951486.7816,4890313.2416
301288.SZ,20251105,,2.2834,14.8971,181456.8,131224.1633
301118.SZ,20251105,,2.0028,1.807,268438.4304,255907.7999
300597.SZ,20251105,,2.7051,5.2158,255398.1181,254275.787
002161.SZ,20251105,54.3886,3.5349,10.1093,594025.1922,565908.3255
688217.SH,20251105,,1.8332,8.5482,163937.0548,163937.0548
601088.SH,20251105,16.7645,2.081,2.9092,86587009.9639,71867943.4079
603638.SH,20251105,41.8201,4.5054,5.1858,1587379.119,1587379.119
600860.SH,20251105,,8.9792,4.2908,693117.2608,559908.7408
603317.SH,20251105,22.1416,2.9473,3.6728,1293970.4972,1293970.4972
600765.SH,20251105,102.0096,1.7395,2.3334,2475098.1724,2457732.3384
603282.SH,20251105,22.0348,2.0369,2.6195,269245.84,129139.1315
001289.SZ,20251105,27.5414,1.9097,4.4007,14495921.2284,8742713.8404
000685.SZ,20251105,12.7188,0.9822,3.1904,1765708.2871,1500992.7067
002986.SZ,20251105,,1.0908,0.5691,418398.6658,329514.0667
301325.SZ,20251105,,2.8203,4.9426,798748.1557,321373.4797
600313.SH,20251105,131.8843,3.5763,1.1348,705593.5283,705593.5283
301081.SZ,20251105,175.1906,2.3303,2.8327,250816.3369,240628.6581
300268.SZ,20251105,,,0.8743,196497.6,150822.06
600202.SH,20251105,,3.0955,1.9343,249938.1181,249938.1181
688608.SH,20251105,58.6781,5.6921,10.6051,3948782.9489,3948782.9489
600675.SH,20251105,31.4066,1.2027,1.4012,1765471.5167,1765471.5167
601519.SH,20251105,,20.7997,34.5521,2820628.88,2820628.88
603018.SH,20251105,15.842,1.0116,1.2447,532677.3979,532677.3979
301187.SZ,20251105,32.7873,4.3085,3.4181,653394.6246,169944.1003
002795.SZ,20251105,,5.6793,3.3472,260320.3816,253994.7674
300575.SZ,20251105,,1.5633,1.227,308614.0828,221732.2158
300247.SZ,20251105,47.1257,3.2097,4.1927,362622.1812,362277.1662
603038.SH,20251105,155.2909,3.9034,3.8597,543802.4625,543802.4625
002094.SZ,20251105,146.819,3.6019,3.3206,556863.4245,556505.5605
301535.SZ,20251105,67.7533,7.3626,11.0667,848461.7654,127269.2654
002030.SZ,20251105,,1.1948,12.0822,924870.9351,924870.9351
600157.SH,20251105,122.9769,0.7695,1.5276,3621748.8481,3621748.8481
001208.SZ,20251105,70.5176,2.8021,1.831,810705.0486,334515.1387
002772.SZ,20251105,23.5563,1.6929,2.8791,574132.3841,569597.7614
603212.SH,20251105,,2.0372,1.9027,520613.8568,520613.8568
920099.BJ,20251105,25.9719,2.8295,3.5812,246881.5937,123907.7337
603067.SH,20251105,41.242,6.1572,4.985,2138677.6735,2138677.6735
002394.SZ,20251105,11.3875,0.8812,1.0704,380994.9,380507.1583
002723.SZ,20251105,,2.7883,2.3736,262556.402,250519.8096
601677.SH,20251105,10.6104,0.9889,0.535,1847876.1097,1809957.8477
300379.SZ,20251105,,0.3984,1.3773,121627.1765,114806.989
300050.SZ,20251105,,7.9346,12.4789,325273.4906,325074.947
603819.SH,20251105,100.1571,3.2855,1.7908,263671.2565,263671.2565
000531.SZ,20251105,18.2573,1.1063,1.862,770636.9857,673211.6611
920169.BJ,20251105,75.5599,7.766,12.7546,260195.5764,161813.3434
301027.SZ,20251105,128.592,2.6453,3.7014,251958.0,202667.2953
300969.SZ,20251105,71.9153,9.3303,13.7455,1289120.0,349446.9264
301578.SZ,20251105,82.9452,3.2002,3.4696,297910.5895,84709.1544
301039.SZ,20251105,21.1406,1.2574,0.9052,1827271.3095,1416116.8125
300111.SZ,20251105,1853.2792,17.1094,38.8394,1176510.5926,1176510.5926
300607.SZ,20251105,,5.3259,6.528,1517249.2426,1056249.1541
600371.SH,20251105,134.9265,4.9642,12.3627,272682.696,272682.696
002011.SZ,20251105,12.4048,2.2758,1.1058,1444731.4628,1246686.6594
300674.SZ,20251105,40.6287,3.6418,4.25,1612290.6674,1609897.0106
600704.SH,20251105,7.8682,0.7305,0.0506,2988941.9764,2988941.9764
601998.SH,20251105,6.426,0.6274,2.1666,45072581.4338,33018029.4225
002413.SZ,20251105,,2.1869,4.9503,732246.2332,718952.1464
300145.SZ,20251105,34.5017,2.9391,1.6958,864405.1062,856810.4855
002690.SZ,20251105,25.1889,6.6368,7.4525,1808581.8525,888934.4583
300539.SZ,20251105,238.8485,10.5353,13.4987,1224147.6227,787799.4902
000581.SZ,20251105,13.674,1.0507,1.8324,2097924.9538,1722691.4963
003002.SZ,20251105,30.5397,3.7056,4.2992,555800.0,508208.2355
002244.SZ,20251105,9.6818,1.0774,0.341,3201675.7628,2763790.4466
603709.SH,20251105,,3.8294,1.2387,198319.4356,196796.8817
300753.SZ,20251105,,5.5759,9.9595,379152.384,264420.5291
605155.SH,20251105,26.9723,2.5096,3.7843,332476.0978,330106.161
300037.SZ,20251105,38.1144,3.7597,4.2838,3768076.1334,2722367.1922
002403.SZ,20251105,,2.949,1.7084,472465.7091,412162.9367
002092.SZ,20251105,,0.564,0.4216,1217309.173,1210536.943
001217.SZ,20251105,156.0542,2.0441,2.3501,459639.95,455087.4855
603661.SH,20251105,16.7575,1.2444,0.3949,462258.811,462258.811
000680.SZ,20251105,13.1126,2.8457,1.1168,1660657.8715,1455374.897
605318.SH,20251105,,12.7092,14.1587,821387.7399,821387.7399
603231.SH,20251105,21.9943,1.9734,2.3621,387513.2285,215082.3476
300967.SZ,20251105,16.804,4.8469,2.9415,397275.0794,264310.8115
301328.SZ,20251105,49.8226,2.5396,7.4432,493422.2371,226820.3961
601992.SH,20251105,,0.4629,0.1822,1879287.7196,1466811.8545
300932.SZ,20251105,55.4599,2.3624,1.7925,414534.6774,295251.9684
300586.SZ,20251105,,4.1595,4.5674,780204.6596,586452.3254
688107.SH,20251105,,10.6057,20.7454,1086702.6339,1086702.6339
002767.SZ,20251105,79.8123,3.5197,4.5684,299550.0,260006.4464
603863.SH,20251105,,12.5896,8.8899,458416.0,458416.0
002139.SZ,20251105,31.6978,2.4195,1.5567,1710657.6035,1469425.6432
688297.SH,20251105,502.5372,5.501,16.901,3149550.0,3149550.0
300503.SZ,20251105,72.1439,6.6353,6.0193,892008.3158,697381.9365
920060.BJ,20251105,40.7714,5.0453,4.5738,530179.7399,244443.1424
300817.SZ,20251105,68.411,4.3186,4.8445,439870.9536,252401.4248
300955.SZ,20251105,,4.3645,3.5086,383040.0,383040.0
002060.SZ,20251105,13.5655,1.0649,0.2082,1467967.7576,611060.5321
002877.SZ,20251105,526.233,2.588,2.8377,313854.139,212133.9231
301600.SZ,20251105,70.5765,9.9028,12.9168,1245502.026,384392.286
002250.SZ,20251105,27.7556,1.6113,1.777,1072639.0787,1066874.7671
000503.SZ,20251105,,7.9955,30.7137,1004713.0363,1004695.5943
002492.SZ,20251105,61.5179,2.2129,11.2699,382725.0,375953.8151
301086.SZ,20251105,95.9422,4.0397,9.01,780480.0,410517.8503
688411.SH,20251105,55.1577,11.7813,4.8055,5278691.033,1111870.4013
688095.SH,20251105,,3.9495,11.3812,999525.4368,999525.4368
300860.SZ,20251105,185.3186,1.725,13.2562,525777.5172,305273.1761
301510.SZ,20251105,192.5375,8.9697,25.5039,1263631.59,881864.1023
000537.SZ,20251105,20.0324,0.9038,3.8934,1800010.6486,1800010.6486
600312.SH,20251105,22.4481,2.3178,1.9906,2578150.4871,2578150.4871
002786.SZ,20251105,,20.3193,1.9663,466370.892,464959.392
000421.SZ,20251105,23.9232,1.5005,0.4737,421621.1488,421533.482
605108.SH,20251105,105.7508,2.2196,1.9399,495820.0,495820.0
605178.SH,20251105,,5.8366,20.29,713376.0,713376.0
600433.SH,20251105,300.3165,1.3106,0.7787,582842.9846,582842.9846
002368.SZ,20251105,71.0247,3.0592,1.8973,1586746.8542,1579614.0671
603458.SH,20251105,,0.9554,1.8593,272756.942,272756.942
600990.SH,20251105,,3.9513,4.587,712114.1879,706696.3524
603517.SH,20251105,121.7617,1.315,1.5254,839312.6814,839312.6814
600115.SH,20251105,,6.7351,0.8116,11034191.8022,8471686.8025
600589.SH,20251105,240.1617,14.7597,25.4556,1049661.6122,1045278.2122
300401.SZ,20251105,24.5262,2.3425,5.9627,740205.9098,728148.7381
300197.SZ,20251105,,6.3776,9.0837,625677.8949,625662.0699
002532.SZ,20251105,13.0031,2.1781,2.0687,6126533.0916,5439217.1803
002807.SZ,20251105,5.6594,0.6465,2.9848,1238080.5729,1236382.2527
601688.SH,20251105,12.3315,1.1151,5.1629,19191112.409,15534167.7334
300251.SZ,20251105,23.26,4.6891,13.4043,5039904.9262,4768077.0872
300454.SZ,20251105,74.6091,5.7035,6.4813,5192544.6658,3425257.1985
688229.SH,20251105,,6.1658,18.9134,258052.8,258052.8
000056.SZ,20251105,,,0.8372,288536.8857,220509.2741
920145.BJ,20251105,,6.8126,26.2503,177433.25,121985.045
600309.SH,20251105,17.3407,1.83,1.0769,19243009.085,19243009.085
300106.SZ,20251105,,6.3154,2.6986,243666.1534,243666.1534
600271.SH,20251105,,1.1576,2.5513,1563834.6345,1563834.6345
600095.SH,20251105,92.8346,3.0787,143.9724,3762691.0698,3762691.0698
301083.SZ,20251105,85.2359,3.9246,8.7175,327808.2673,157779.077
603075.SH,20251105,28.3789,4.2962,4.3784,900354.7193,92265.2126
002033.SZ,20251105,23.1259,1.9186,5.8478,486848.7699,486839.4404
688195.SH,20251105,178.251,14.3391,25.72,1384821.1,1384821.1
002856.SZ,20251105,,20.4355,4.1335,169817.574,155500.076
002600.SZ,20251105,46.6484,4.6369,2.1228,10681461.1484,10522798.4785
600195.SH,20251105,36.6196,1.3735,1.2502,785263.0119,785263.0119
600456.SH,20251105,44.2411,2.1758,2.7505,1537010.343,1537010.343
300680.SZ,20251105,40.4249,5.7334,4.4311,1136075.5131,877256.4805
603213.SH,20251105,66.7151,3.3186,2.156,616549.5687,616549.5687
301567.SZ,20251105,103.8696,4.0999,7.6207,306576.0,90439.2813
000895.SZ,20251105,17.4268,4.4315,1.4917,8963078.558,8961916.876
603882.SH,20251105,,2.0298,2.269,1386068.7588,1376722.6544
000590.SZ,20251105,,4.7408,7.8623,276589.3134,276473.9982
301380.SZ,20251105,61.2559,4.8995,3.236,356597.1869,283957.7054
600219.SH,20251105,10.4952,1.0315,1.5082,5365515.9318,5365515.9318
000731.SZ,20251105,52.6321,0.9932,0.8974,395092.1956,395092.1956
688046.SH,20251105,60.468,3.338,9.7612,734720.0,734720.0
000818.SZ,20251105,,6.075,3.3277,1403160.0829,1399357.5193
603155.SH,20251105,58.0204,2.5158,8.8902,546311.164,546311.164
301327.SZ,20251105,48.3243,1.7349,2.4367,1075758.5852,470592.0232
002080.SZ,20251105,29.5979,2.6606,1.8075,5218964.3462,5218964.3462
300715.SZ,20251105,,2.5382,1.9769,471813.1766,417030.2772
603968.SH,20251105,,1.3757,0.9048,248443.2,248443.2
688081.SH,20251105,,8.11,18.1182,317260.16,317260.16
600876.SH,20251105,,2.1309,2.0382,728967.0332,446717.0332
300990.SZ,20251105,54.1454,7.0541,4.9846,1429289.4428,654452.7095
603633.SH,20251105,280.2197,2.3286,2.8951,451565.8454,451565.8454
001323.SZ,20251105,16.2928,2.6267,2.1143,1159925.3168,239126.7474
000404.SZ,20251105,10.8658,1.1605,0.4244,493461.1491,491138.1765
002052.SZ,20251105,34.7634,32.9828,10.7735,1097809.5135,1005815.8591
002034.SZ,20251105,12.668,1.108,2.3035,759907.7035,756136.4207
300814.SZ,20251105,403.5771,8.5386,7.9522,1403565.7278,1403565.7278
000065.SZ,20251105,15.2712,1.1652,0.7974,1186024.1625,1079283.2528
920249.BJ,20251105,,8.652,2.7519,630758.48,186505.6857
300824.SZ,20251105,36.8182,5.8001,4.6539,418043.6946,405430.4883
000766.SZ,20251105,452.332,11.2979,20.8621,2599870.7618,2598560.6619
000591.SZ,20251105,17.8325,0.7762,3.5215,1890020.3367,1889754.3088
002993.SZ,20251105,24.7737,2.6186,1.8334,1295455.72,1119031.4566
603259.SH,20251105,18.7688,3.9663,6.3383,28139813.7288,23325506.0
688375.SH,20251105,95.5211,6.5545,17.319,4063033.5733,4063033.5733
920158.BJ,20251105,49.3567,3.6717,7.6664,248544.0,68650.92
688255.SH,20251105,261.0779,3.6312,6.303,384506.045,384506.045
300717.SZ,20251105,38.4691,3.0246,6.1671,219219.075,217253.3022
603196.SH,20251105,,7.8635,6.5122,534408.5759,534408.5759
600490.SH,20251105,68.3041,2.7368,2.8923,1737116.357,1564207.788
300302.SZ,20251105,,9.6998,26.8148,1040960.9693,801063.7799
002694.SZ,20251105,,31.9242,3.8119,335757.312,316263.508
603130.SH,20251105,69.7561,4.2694,2.1446,583335.2364,216611.1549
688057.SH,20251105,33.6402,1.1121,10.4205,350796.0,350796.0
600310.SH,20251105,,1.9515,1.6268,593612.8424,593612.8424
603587.SH,20251105,23.4018,1.6911,2.8349,609683.3241,609683.3241
300187.SZ,20251105,30.7506,3.0869,4.5058,348635.9691,346750.9112
300774.SZ,20251105,74.1311,4.1702,5.6378,628678.5091,299726.1336
000933.SZ,20251105,13.2307,2.3513,1.372,5633756.0195,5630013.4869
600396.SH,20251105,74.7538,3.5319,1.0843,477157.0087,477157.0087
920008.BJ,20251105,81.7152,6.3893,9.4516,200175.0,104167.3303
300411.SZ,20251105,778.6105,5.1242,10.9105,496767.4486,377739.141
000419.SZ,20251105,26.3986,0.9699,1.703,339195.5767,339195.5767
300470.SZ,20251105,19.5743,2.9244,4.5842,782560.0163,742476.3447
002654.SZ,20251105,227.4083,8.3125,2.3492,1300920.6152,1300828.2752
688573.SH,20251105,,3.9864,4.8076,253183.8649,137830.0228
603706.SH,20251105,19.3464,2.4944,2.7918,413990.6128,413990.6128
600513.SH,20251105,,4.7147,2.4224,629431.0754,629431.0754
300672.SZ,20251105,528.0984,4.4806,9.3641,1823981.6448,1766836.3524
603979.SH,20251105,17.4368,3.7483,3.0317,3912348.7057,3912348.7057
300603.SZ,20251105,,3.5994,6.0583,505235.6771,401775.3693
600885.SH,20251105,26.7424,4.8483,3.0329,4897452.017,4897452.017
600071.SH,20251105,97.5244,12.1598,3.7973,612704.7825,612704.7825
601599.SH,20251105,36.7998,2.9189,1.382,443327.217,443327.217
603043.SH,20251105,19.5119,2.437,1.8214,966341.5977,966341.5977
301227.SZ,20251105,,2.3615,6.1636,387302.4435,138013.34
603188.SH,20251105,,3.6114,3.835,277102.62,277102.62
300032.SZ,20251105,,6.0349,2.5338,416845.0266,416845.0266
688755.SH,20251105,54.1667,3.1914,5.4391,387904.0,72911.6128
301106.SZ,20251105,32.3397,2.4305,3.4214,310939.6726,310939.6726
300126.SZ,20251105,,2.7965,6.2302,292103.2536,202437.2485
920578.BJ,20251105,346.1402,8.1549,10.219,218806.6965,65803.0
300634.SZ,20251105,52.118,4.1374,6.7617,1205635.5248,1161180.392
301093.SZ,20251105,131.4224,3.0622,11.0054,665673.3837,636210.3995
600827.SH,20251105,65.3331,0.7997,0.6316,1586125.456,1426355.9789
300718.SZ,20251105,100.6037,14.8783,20.1386,2492115.8892,1616836.3973
600330.SH,20251105,559.3948,1.5228,4.1119,1221100.0718,1221100.0718
300378.SZ,20251105,88.6625,6.1114,5.8627,1390616.8609,1380306.0919
000708.SZ,20251105,13.5523,1.8793,0.7124,7616161.164,7616161.164
603501.SH,20251105,36.5412,5.5303,5.3118,15194386.4791,15194386.4791
603399.SH,20251105,,3.2805,1.0691,544052.6692,544052.6692
301616.SZ,20251105,22.7744,3.1846,4.7091,454720.0,113680.0
603288.SH,20251105,32.1911,5.5762,7.8407,22055528.2139,20957903.4503
300158.SZ,20251105,,1.8884,2.3752,692665.3119,692240.4648
688017.SH,20251105,303.1912,7.8692,53.2536,2759118.3813,2759118.3813
002626.SZ,20251105,25.304,2.7564,3.4838,1219869.542,1219684.542
600816.SH,20251105,468.6567,2.1349,,2963178.9245,1646210.5136
688670.SH,20251105,,1.8711,19.1204,222868.8,222868.8
301179.SZ,20251105,48.8708,2.919,5.7418,708117.6533,415872.0412
300295.SZ,20251105,,2.2255,25.555,250858.9436,221636.7498
002909.SZ,20251105,4927.1675,2.9507,2.274,265200.0,258690.6204
688638.SH,20251105,,2.7204,3.9925,232400.0,109813.2413
002043.SZ,20251105,14.938,3.403,1.2093,1093616.4046,970208.4731
688563.SH,20251105,44.4582,2.3256,8.7329,2423700.0,630102.7163
000833.SZ,20251105,26.2876,3.3516,4.4815,1308196.1025,739988.0044
600833.SH,20251105,45.4861,2.7041,1.5052,313882.4902,313882.4902
603680.SH,20251105,16.8207,1.5485,1.7059,848767.4247,848767.4247
002188.SZ,20251105,78.829,6.4447,5.2646,209019.3691,164454.9615
000778.SZ,20251105,44.8614,0.6569,0.4739,1720021.1117,1689824.7853
688370.SH,20251105,113.1339,1.3022,6.1548,344003.6684,109766.532
920027.BJ,20251105,40.708,5.0099,5.7876,211869.3625,102681.2125
300785.SZ,20251105,81.7821,3.6762,5.2935,694203.6533,427068.9889
688550.SH,20251105,22.7096,2.4307,4.7315,788552.6106,788552.6106
600831.SH,20251105,,2.4379,2.773,358317.284,358317.284
920396.BJ,20251105,67.1771,7.6651,10.3044,265846.0016,187265.0701
603800.SH,20251105,106.9861,11.7068,8.4536,1008800.0,1008800.0
300740.SZ,20251105,52.8586,3.867,1.7401,800686.7504,736987.5927
603822.SH,20251105,,16.5874,2.2869,740985.6705,740985.6705
301418.SZ,20251105,178.8641,1.7265,8.214,279400.0025,112152.4325
300834.SZ,20251105,67.4994,1.5114,3.1091,443795.0007,440849.7484
002876.SZ,20251105,85.5287,1.7371,1.2309,413498.3683,354201.697
301313.SZ,20251105,,4.1614,5.5385,299704.4998,218688.0871
301163.SZ,20251105,66.7394,2.1172,2.9332,240475.2,161276.4581
300172.SZ,20251105,49.3047,1.9969,5.0958,387078.12,299449.0854
300666.SZ,20251105,46.4175,4.9077,5.5916,2388151.4677,1990635.1741
001215.SZ,20251105,74.0601,2.2175,2.2003,414097.8209,412488.7752
300211.SZ,20251105,,6.0444,14.1065,280223.2046,273912.9472
000514.SZ,20251105,47.9001,1.1748,15.2777,445511.0695,445511.0695
600282.SH,20251105,12.5432,1.2485,0.6032,3366139.692,3366139.692
000166.SZ,20251105,14.5535,1.2273,5.0962,13646769.7852,12281851.4872
300071.SZ,20251105,,40.6776,5.5153,570619.5269,559647.7127
688566.SH,20251105,27.1582,2.7832,6.8527,656326.9767,656326.9767
600741.SH,20251105,9.1044,0.9713,0.3488,6286531.6241,6286531.6241
688631.SH,20251105,199.5046,7.0061,8.9797,1269181.08,503650.68
001317.SZ,20251105,,4.147,2.671,412427.1464,168242.4856
000608.SZ,20251105,,0.744,4.3624,165730.8413,164739.4905
605305.SH,20251105,19.4461,3.5117,5.8332,1001394.24,1001394.24
002687.SZ,20251105,42.7267,1.6981,1.9764,253399.3045,207551.7163
300558.SZ,20251105,76.5927,3.9752,7.1152,2322871.5472,2315466.8759
000707.SZ,20251105,,1.3409,1.7169,381820.327,303087.1845
603138.SH,20251105,,6.0723,11.099,465788.2454,457023.4173
600732.SH,20251105,,5.2137,2.2703,3372779.1273,2525410.3681
002599.SZ,20251105,,3.6561,2.179,452777.819,338305.7256
920006.BJ,20251105,,8.0231,30.0844,260027.136,98760.6029
002423.SZ,20251105,29.9686,1.2864,,2870915.5465,2870915.5465
603222.SH,20251105,,3.7648,8.2578,526665.8868,526665.8868
000937.SZ,20251105,54.8543,1.155,1.5013,2201399.6876,2139006.4724
002838.SZ,20251105,67.3523,3.2596,1.9495,1167292.1009,1026341.4066
688262.SH,20251105,,4.944,28.0635,1019423.736,1019423.736
300733.SZ,20251105,63.3423,3.3059,2.9327,565195.4417,416919.8827
002507.SZ,20251105,19.1181,1.7245,6.3238,1532404.4692,1525758.4759
002333.SZ,20251105,90.7747,2.3873,2.7652,456924.0896,441785.2187
000534.SZ,20251105,42.8326,6.1178,7.7206,959001.1699,940845.0055
003042.SZ,20251105,,1.844,1.2133,242073.52,216394.4008
002475.SZ,20251105,28.0893,5.5682,1.4209,44406266.7283,44305785.0734
600361.SH,20251105,18.597,1.5482,0.2156,1727793.195,675860.4482
603100.SH,20251105,17.3757,2.5438,1.7265,1184403.6902,1177081.2902
300865.SZ,20251105,,3.5394,9.8396,307898.24,181017.1275
300096.SZ,20251105,51.4048,9.1861,6.3747,322070.0,322070.0
600038.SH,20251105,51.5052,1.7055,1.0695,2942596.7415,2400808.5082
600128.SH,20251105,59.1458,1.2854,0.3566,276132.8325,276132.8325
603698.SH,20251105,53.5656,3.0433,2.2212,1050540.4,1050540.4
002730.SZ,20251105,61.6454,3.6076,4.8186,587655.6452,561606.4952
002284.SZ,20251105,26.5211,3.1853,1.9491,1019219.3799,1008344.3446
002537.SZ,20251105,50.2451,2.443,1.5586,1033134.7356,1028895.7756
600593.SH,20251105,,30.1881,14.3936,729578.885,720378.4
000809.SZ,20251105,,1.152,7.682,307647.1523,307647.1523
601882.SH,20251105,22.9681,3.6741,3.1041,1049220.0,1049220.0
000564.SZ,20251105,,3.1782,33.3073,5002083.5491,4076059.7323
000617.SZ,20251105,28.8538,1.185,139.946,12427163.7347,12427163.7347
002578.SZ,20251105,,2.4047,1.9209,365127.1412,334992.2362
300396.SZ,20251105,,1.9836,7.3575,376053.522,375488.1431
002286.SZ,20251105,25.9629,1.697,1.3883,374097.7345,363269.7438
002574.SZ,20251105,,1.0335,1.0114,307824.0,307824.0
600829.SH,20251105,50.2285,1.9994,0.5858,598445.0321,598445.0321
001225.SZ,20251105,78.4814,2.6456,14.5148,365363.1396,116702.0738
301379.SZ,20251105,35.0829,3.9306,3.1648,556074.2629,357170.7312
300343.SZ,20251105,102.6132,2.9356,6.2946,565484.664,564030.0568
601608.SH,20251105,88.9525,3.6106,4.1406,3338494.4556,3317364.021
000886.SZ,20251105,721.1928,2.5931,19.0575,785129.6702,776402.497
601968.SH,20251105,36.8382,1.5424,0.8059,704230.2619,704230.2619
000801.SZ,20251105,92.428,5.6001,3.718,1593597.2221,1593597.2221
601021.SH,20251105,27.0819,3.056,2.61,5427793.8308,5427793.8308
000665.SZ,20251105,,1.8527,5.2486,743695.7697,743676.3361
688545.SH,20251105,64.7715,4.2719,9.1481,1244880.0,252031.3643
688295.SH,20251105,,4.8243,11.453,2262600.0,2262600.0
600037.SH,20251105,,0.8883,5.2657,1125948.3082,1125948.3082
688626.SH,20251105,114.7037,4.1604,10.8951,843200.0,843200.0
688775.SH,20251105,120.1321,19.8241,13.7879,11348300.0,863194.4027
300900.SZ,20251105,,4.1273,4.5819,532494.8948,405126.2548
603798.SH,20251105,76.4129,3.431,4.0654,396471.1589,396471.1589
920262.BJ,20251105,51.8505,5.5214,3.2535,189027.296,85292.0881
600862.SH,20251105,29.5642,4.1507,6.1752,3095355.1158,3095355.1158
300159.SZ,20251105,,,7.5942,465145.8821,457741.9921
000034.SZ,20251105,58.6059,2.7929,0.2232,3101405.8641,2592663.0514
600721.SH,20251105,68.713,4.3453,8.7608,344939.2286,344939.2286
002247.SZ,20251105,67.836,4.0406,3.3648,268874.9355,203358.8524
688232.SH,20251105,79.8292,1.68,4.5871,890340.0,890340.0
002608.SZ,20251105,8.8664,0.9002,0.9225,3143362.3137,3143362.3137
920509.BJ,20251105,93.4305,18.1149,29.0358,624871.603,326147.687
600641.SH,20251105,106.0993,2.0551,12.4779,1675133.856,1675133.856
601689.SH,20251105,43.7909,5.1424,4.2477,11968473.6395,11968473.6395
300705.SZ,20251105,17.5339,3.1202,2.6937,822349.3303,607936.8972
002624.SZ,20251105,,4.4974,4.6069,3185428.1194,3001137.6533
000987.SZ,20251105,11.1946,1.2681,3.145,4013705.9696,4011540.1392
600993.SH,20251105,21.6432,2.8774,3.2785,1237124.6672,1234981.1359
002265.SZ,20251105,274.6308,8.0245,7.7667,2929702.5943,1143183.1629
601139.SH,20251105,14.7878,1.235,0.6472,1950430.9079,1950430.9079
603901.SH,20251105,100.0817,2.6013,1.5777,637389.8448,627631.8482
001366.SZ,20251105,,2.8086,1.7797,225434.04,78119.04
300410.SZ,20251105,,14.3324,4.421,345087.9092,345087.9092
300301.SZ,20251105,,12.004,4.5028,197508.767,187990.6591
000936.SZ,20251105,20.7692,1.2329,1.9866,660079.6008,659986.0661
605287.SH,20251105,,2.9075,1.4449,451500.0,451500.0
002593.SZ,20251105,47.4476,1.9429,1.3355,470256.947,326926.734
688589.SH,20251105,59.7633,3.5211,7.6452,336871.0226,336871.0226
000032.SZ,20251105,147.5203,3.7964,0.447,2323712.7558,2224480.8061
600518.SH,20251105,1728.567,4.0024,5.4527,2876410.5115,2875049.2551
603036.SH,20251105,37.1561,3.1188,9.9003,427874.5139,427874.5139
920018.BJ,20251105,39.9229,4.6041,1.6507,418277.6177,145275.183
600178.SH,20251105,1476.5752,2.3492,1.1082,597555.9622,597555.9622
002474.SZ,20251105,,3.9255,10.9926,536336.4,457520.2446
300238.SZ,20251105,155.167,7.1327,10.3881,408074.6238,408041.3522
002162.SZ,20251105,,5.0612,3.8259,415704.8362,415159.3427
920693.BJ,20251105,331.6607,9.2524,11.6905,326568.4,164452.12
002554.SZ,20251105,,2.1122,1.9195,500145.027,500051.4469
300726.SZ,20251105,50.9132,3.4933,9.7117,1755673.2592,914150.9972
603124.SH,20251105,58.6998,6.7307,1.2252,1209539.4065,242543.8768
301382.SZ,20251105,59.2641,5.6472,5.2446,1046130.4667,648031.5058
301515.SZ,20251105,,1.8513,3.7206,225500.0,142158.6953
300279.SZ,20251105,57.2889,3.5866,2.0246,371715.6124,351628.7858
301529.SZ,20251105,35.7618,4.0153,3.2816,544570.051,290385.9957
300619.SZ,20251105,,4.744,4.6702,748372.5291,625640.8661
300562.SZ,20251105,41.393,3.1267,3.2163,316732.5456,234943.1219
300958.SZ,20251105,,1.7531,3.6492,218334.0545,126831.8518
603888.SH,20251105,49.0572,3.754,6.1738,1381189.0299,1381189.0299
300802.SZ,20251105,67.4392,3.9747,7.6243,587559.2722,406066.1551
000401.SZ,20251105,,0.4713,0.5063,1281260.4137,1268312.6405
600191.SH,20251105,117.5693,2.7297,8.9425,462140.196,462140.196
300355.SZ,20251105,119.4905,1.6602,2.7514,713887.726,577818.6863
920299.BJ,20251105,83.7161,8.0008,18.1015,224372.0972,109721.3271
300476.SZ,20251105,71.4522,17.1181,15.1422,25970353.1506,25518382.5636
300416.SZ,20251105,33.0962,2.9805,3.6899,793843.1252,788528.9161
600250.SH,20251105,131.0626,5.3533,4.5958,334509.6077,334509.6077
605358.SH,20251105,,3.1752,6.4392,2224931.3018,2224931.3018
603682.SH,20251105,45.6318,3.0245,2.9852,287280.0,287280.0
605289.SH,20251105,,5.3466,7.0495,684458.0925,680251.1625
002204.SZ,20251105,21.479,1.6431,0.8427,1272772.8511,1272772.8511
300366.SZ,20251105,,2.5136,2.8145,411936.6297,359680.6882
601390.SH,20251105,5.605,0.4406,0.125,13904447.0125,11506870.1628
603225.SH,20251105,18.7622,1.3105,0.3307,2295979.3692,2282503.5306
300551.SZ,20251105,,9.96,22.9257,435960.5596,434691.404
000890.SZ,20251105,,,8.2555,204298.4324,204292.1394
920433.BJ,20251105,,4.0938,11.387,172745.7847,114288.5673
003015.SZ,20251105,54.039,4.3664,7.4323,475845.8672,418851.0646
301082.SZ,20251105,,4.5208,1.9781,467781.0627,432481.5332
603307.SH,20251105,26.5404,2.2943,3.6645,320243.686,80206.0
920729.BJ,20251105,65.925,4.1245,10.9957,273350.0,76825.041
688028.SH,20251105,81.3522,3.9018,10.581,765311.43,765311.43
002319.SZ,20251105,,14.7475,6.7349,267915.3403,255800.0
603032.SH,20251105,,4.6077,9.5747,523773.4272,519620.1987
600549.SH,20251105,26.7368,3.3574,1.38,5634342.0965,5514904.597
600917.SH,20251105,35.8839,1.6231,0.8922,925696.5777,925696.5777
000683.SZ,20251105,22.4458,1.6501,2.0771,2398586.6937,2143625.2648
600874.SH,20251105,11.9171,0.9812,2.0285,990933.8116,776393.8116
688372.SH,20251105,52.5988,4.9827,9.9576,1413028.5072,1413028.5072
300825.SZ,20251105,,2.7082,5.2407,571252.4317,555618.4994
600067.SH,20251105,,1.1009,0.5853,619292.5889,619292.5889
002039.SZ,20251105,17.8809,1.8346,3.0231,796968.3469,796966.1101
920273.BJ,20251105,44.1213,5.9074,5.1217,383860.874,252064.1012
301186.SZ,20251105,30.4178,2.5267,5.1812,396357.0788,372193.7291
688721.SH,20251105,82.6349,4.9359,24.5232,595410.0,158734.4328
920579.BJ,20251105,591.9971,6.6325,7.8245,345064.2,118790.8293
300409.SZ,20251105,43.4159,2.2988,2.4156,1846107.5291,1622475.5551
000930.SZ,20251105,116.0393,1.0307,0.6042,1099013.8984,1098958.0634
002346.SZ,20251105,14.3728,2.8549,9.7476,823538.1508,733551.1772
600351.SH,20251105,21.4539,1.7101,2.1032,478100.0314,478100.0314
300723.SZ,20251105,,12.933,22.1038,2264335.836,2093765.6235
002178.SZ,20251105,,11.1214,10.8097,484976.1937,484724.3306
003035.SZ,20251105,147.0688,2.7875,5.5442,1943181.8177,1943181.8177
600803.SH,20251105,13.9261,2.6607,0.4637,6166301.4255,6125047.8717
600855.SH,20251105,,4.712,6.2839,721555.8011,720165.1811
600379.SH,20251105,63.6707,5.8964,3.5902,450725.1349,450725.1349
301175.SZ,20251105,22.688,2.2873,4.6475,806590.24,340790.24
920985.BJ,20251105,,2.6283,1.0426,287193.9136,203526.9732
600838.SH,20251105,83.0138,2.256,39.4266,355582.3171,355582.3171
300300.SZ,20251105,202.6261,57.8173,47.3639,820221.8863,820169.6728
002305.SZ,20251105,,,2.0635,438756.5898,438728.1288
300769.SZ,20251105,,2.686,1.9625,1397017.5176,1255262.7853
001386.SZ,20251105,26.3196,2.6834,4.8725,3295589.36,269901.2006
688768.SH,20251105,29.8975,3.743,6.2378,393749.4907,390504.3818
688349.SH,20251105,27.5041,2.588,1.4823,3435158.2062,692536.088
920564.BJ,20251105,185.7848,6.7115,9.3981,207076.8152,94103.752
002833.SZ,20251105,17.5151,2.5605,3.0252,702952.3113,478131.5107
600320.SH,20251105,41.1678,1.6477,0.7325,2570956.5085,1621134.8586
688552.SH,20251105,680.061,4.6954,16.9816,1217465.28,313447.4591
603116.SH,20251105,,1.3196,1.7427,344568.0784,344568.0784
000060.SZ,20251105,19.4275,1.2412,0.3487,2182187.0857,2182157.2732
688120.SH,20251105,44.2512,6.7225,11.6709,4841650.007,4841650.007
300873.SZ,20251105,18.7365,1.6669,2.9466,524157.8437,379226.604
300641.SZ,20251105,10.0144,3.2947,3.7474,1041393.9395,1041393.9395
300232.SZ,20251105,80.7682,1.708,0.9958,794325.9986,645755.5126
002367.SZ,20251105,15.0508,1.6491,1.3957,596713.6011,594348.2568
300913.SZ,20251105,78.6358,11.8846,7.8807,1583566.7974,1295289.4822
603858.SH,20251105,10922.5917,1.7176,1.6569,1815966.8571,1815966.8571
002124.SZ,20251105,17.1656,1.6431,0.7016,646582.7451,573955.2026
000582.SZ,20251105,19.3592,1.1329,2.7679,2113732.9665,1653204.2819
002422.SZ,20251105,32.3519,2.2923,2.9446,5388635.9704,4403451.7396
300505.SZ,20251105,16.7511,2.2415,1.6251,619826.2644,490149.5556
002053.SZ,20251105,33.9245,1.5253,4.044,1129735.0523,1129727.0462
603237.SH,20251105,32.1368,1.941,1.5654,342604.7586,340668.3798
688729.SH,20251105,119.9296,8.6802,14.9644,7631255.92,515851.8207
300440.SZ,20251105,114.4495,3.4662,5.6215,564664.4592,562508.3747
301199.SZ,20251105,40.5299,2.4736,4.5457,476397.152,182980.952
000632.SZ,20251105,,2.4849,0.3868,218794.1979,218776.3548
301182.SZ,20251105,,4.8219,5.4664,367859.5063,367859.5063
600530.SH,20251105,257.8185,20.6668,21.0365,657907.08,657907.08
603577.SH,20251105,27.6249,1.8805,0.8516,364913.6716,364913.6716
920016.BJ,20251105,84.7184,4.5325,7.2416,172208.5752,75472.9529
300022.SZ,20251105,,8.0861,1.5447,429989.1306,429979.6041
603073.SH,20251105,23.2739,1.6331,2.8028,225736.0,99037.4822
301013.SZ,20251105,,8.2726,11.6436,634846.1401,513980.2888
920964.BJ,20251105,,2.3153,2.2018,203219.824,102974.0401
300354.SZ,20251105,58.867,8.8764,13.7037,730468.9815,429390.6849
600455.SH,20251105,45.5977,5.3374,5.888,176443.85,176443.85
600525.SH,20251105,,1.2969,0.6255,487948.6562,487948.6562
600380.SH,20251105,16.1892,1.4878,1.4553,2211809.1437,2211809.1437
603191.SH,20251105,65.6531,2.4275,1.637,606544.9678,602318.2678
300633.SZ,20251105,184.2123,3.9524,5.9413,1232797.6418,1232797.6418
002500.SZ,20251105,25.1452,1.251,6.6479,2290274.247,2290274.247
002312.SZ,20251105,38.5595,2.1821,2.2085,2100944.5443,2094806.9482
688592.SH,20251105,,3.3988,6.8914,314440.0795,150543.0889
920415.BJ,20251105,173.1894,4.1967,13.3044,224958.8907,170378.4056
301320.SZ,20251105,160.9578,3.1571,3.6556,334716.39,125431.7075
601330.SH,20251105,14.8809,1.2852,3.0655,1053451.3223,747755.3195
603365.SH,20251105,15.2513,1.9744,1.3231,593551.71,587153.198
603281.SH,20251105,20.9354,2.0816,5.0494,978133.3351,659438.0599
300005.SZ,20251105,226.3216,4.0927,5.9723,858074.8226,857698.1717
002938.SZ,20251105,29.2154,3.6255,3.0753,11842922.6407,11798643.699
002659.SZ,20251105,,1.6555,10.4153,358369.95,358368.2656
002883.SZ,20251105,,2.8467,6.1625,184577.7702,181230.2079
300713.SZ,20251105,,6.1211,8.0949,312362.5541,175366.0751
603610.SH,20251105,45.7324,2.2017,2.347,694687.5101,694687.5101
301512.SZ,20251105,67.9496,2.5034,4.2796,252480.3156,117466.6356
300683.SZ,20251105,,1.9508,7.0295,435747.4276,406353.1899
920748.BJ,20251105,,18.9331,28.3328,467346.6,379696.7318
688139.SH,20251105,43.8008,2.5851,4.9526,1120782.5907,1120782.5907
002521.SZ,20251105,46.8198,1.3014,1.5053,506855.2503,378659.0907
603358.SH,20251105,49.3851,5.3877,3.985,2064990.5621,1930019.84
300731.SZ,20251105,168.0003,9.1287,4.6942,565150.1639,537200.9748
301518.SZ,20251105,46.8505,3.2093,1.6601,472400.5475,180290.4606
688298.SH,20251105,,0.8348,6.3057,531014.4,531014.4
603505.SH,20251105,63.083,8.4766,4.1528,1528470.5644,1528470.5644
600573.SH,20251105,35.2389,2.1437,4.6697,295000.0,295000.0
300249.SZ,20251105,,20.0798,4.4389,670863.2149,568727.8391
000059.SZ,20251105,,0.8172,0.204,823712.9066,823712.9066
300459.SZ,20251105,,7.9213,17.0832,1659462.7632,1551555.3103
600830.SH,20251105,67.2795,2.04,11.4108,455231.3925,455231.3925
688061.SH,20251105,,1.6495,6.308,392691.9384,153882.1471
600868.SH,20251105,,2.9388,18.366,569444.6037,569444.6037
605168.SH,20251105,70.0755,2.2529,1.6339,603358.2139,603358.2139
920971.BJ,20251105,163.0684,9.0929,14.4525,405639.6877,330812.8157
002202.SZ,20251105,26.7102,1.8449,1.0268,7085438.444,5622098.9081
600052.SH,20251105,,1.5184,6.0925,411122.8389,411122.8389
601577.SH,20251105,4.8519,0.5695,1.5188,3977316.6627,3976456.1051
301035.SZ,20251105,20.0456,2.7398,1.3875,2001054.7317,1998017.2043
600125.SH,20251105,15.8578,1.0984,0.7384,847283.6962,847283.6962
002535.SZ,20251105,126.6249,4.6615,2.1591,330293.4265,307491.4558
002180.SZ,20251105,,3.2034,1.4281,3074102.2315,2951337.1218
002242.SZ,20251105,49.8966,2.1283,0.8941,737837.439,736569.4119
603217.SH,20251105,25.4928,1.5373,2.3953,516473.4232,516473.4232
600308.SH,20251105,,0.73,0.5196,670456.6178,670456.6178
605188.SH,20251105,1898.2273,9.6088,4.0871,1133823.1345,1133823.1345
920005.BJ,20251105,54.4829,5.7049,8.8657,393669.0,90117.0
000656.SZ,20251105,,,1.2648,1478137.3468,1057810.8161
002931.SZ,20251105,149.1138,3.9115,7.2739,371678.4611,341240.284
600391.SH,20251105,195.9814,4.9986,2.0326,877483.8575,877483.8575
300065.SZ,20251105,367.6555,7.9234,19.5844,1390554.3908,1265783.9573
600698.SH,20251105,2543.7803,13.7844,21.5464,1062225.9056,825363.1994
002836.SZ,20251105,49.0794,7.4062,6.5206,279705.6,279705.6
300673.SZ,20251105,28.9073,2.209,2.8598,407584.0969,265332.6732
603009.SH,20251105,152.2599,9.1598,6.9027,1572792.5765,1572248.0746
600662.SH,20251105,11.0671,2.4264,0.4904,1223933.153,1216763.2289
002562.SZ,20251105,73.9561,2.205,2.2745,811403.5611,498085.4359
000929.SZ,20251105,,3.5299,6.5443,164960.208,164949.75
920130.BJ,20251105,,4.7552,7.0733,242968.6836,147387.4613
002191.SZ,20251105,,0.995,2.594,664914.706,659755.7376
600582.SH,20251105,9.106,0.9946,0.8745,2536954.9908,2536954.9908
300845.SZ,20251105,48.5986,3.0108,6.2166,240526.8253,168936.4348
603565.SH,20251105,10.6129,2.2958,2.1172,2268068.1512,2268068.1512
603127.SH,20251105,110.4795,3.0623,14.9074,2486765.7942,2091939.7007
002076.SZ,20251105,,8.2357,10.9706,259535.1309,243892.1703
688409.SH,20251105,414.5865,4.539,6.0483,2089582.3013,2089582.3013
688503.SH,20251105,57.6548,2.8065,1.0226,1360229.0737,1015336.3502
002270.SZ,20251105,34.3679,7.5943,9.8849,2410846.4094,2410794.8959
301112.SZ,20251105,,3.7833,8.683,457937.1898,457937.1898
301109.SZ,20251105,15.6321,1.5022,4.0454,1148141.7251,324450.3802
002908.SZ,20251105,278.6024,3.9913,7.3321,441355.026,329236.8285
300195.SZ,20251105,230.8149,1.3689,2.245,366507.2089,271534.2961
603165.SH,20251105,17.4181,1.9374,1.6641,363136.6292,363136.6292
300085.SZ,20251105,,63.9848,42.0293,3204614.8262,2956878.3201
688112.SH,20251105,47.4645,3.9767,10.8946,625619.7814,625619.7814
300806.SZ,20251105,255.9647,5.2334,4.0621,1187194.0174,828154.4405
605399.SH,20251105,,1.991,3.9529,427146.1367,426210.4247
600388.SH,20251105,21.9905,1.9925,1.8875,2118437.2167,2118437.2167
300364.SZ,20251105,,44.6254,15.4888,2109736.3417,1912551.3362
301626.SZ,20251105,97.032,11.5565,17.0077,1820224.8,827959.9335
000592.SZ,20251105,,9.4976,12.9296,1821669.3812,1805932.1794
600061.SH,20251105,14.3308,0.9258,26.2183,4968124.9518,4968124.9518
688252.SH,20251105,34.1238,4.0278,4.097,948929.5111,423027.6052
002467.SZ,20251105,114.6996,4.6892,11.622,915997.6674,910344.7154
300164.SZ,20251105,56.5845,2.4764,3.0337,360725.1396,357508.2069
601236.SH,20251105,42.4584,1.6955,19.2002,4146056.4252,4146056.4252
300487.SZ,20251105,32.5251,6.9976,10.5574,2740378.8494,1655172.0764
605011.SH,20251105,47.2089,3.6796,2.7311,887821.9,887821.9
301291.SZ,20251105,21.8872,3.0942,2.0119,1519789.6,786848.6969
600345.SH,20251105,61.2374,2.392,9.3987,842158.9973,540534.0038
000931.SZ,20251105,77.8675,2.4463,1.6125,400663.5544,399547.711
920436.BJ,20251105,,4.5686,1.3034,174686.124,164317.2112
001296.SZ,20251105,24.7732,1.9799,3.0193,352436.5986,181061.7547
301052.SZ,20251105,140.6773,6.1817,6.4899,445415.9848,360961.8314
002294.SZ,20251105,95.708,7.3376,15.137,6436950.6731,6435502.5597
000014.SZ,20251105,,2.7622,81.9397,439555.9428,439555.9428
002055.SZ,20251105,,3.1355,0.9803,447927.1026,440146.6026
603586.SH,20251105,23.8083,1.615,1.9825,374656.8626,374656.8626
002054.SZ,20251105,44.6784,1.5746,1.3148,399191.5943,318263.0539
600136.SH,20251105,,16.218,5.5602,385716.101,367243.9144
002987.SZ,20251105,54.0972,6.1201,3.7038,1782630.6124,1733489.7529
603602.SH,20251105,121.9571,3.2413,2.1021,344695.4559,344695.4559
001359.SZ,20251105,35.5238,4.5798,7.7472,904698.9357,226195.26
688148.SH,20251105,,15.2353,1.9733,441299.6908,441299.6908
001207.SZ,20251105,16.0764,2.1242,2.0203,486536.0791,443243.5773
002106.SZ,20251105,26.7024,1.4259,1.2883,794748.9962,792817.6224
300895.SZ,20251105,,8.5288,25.2988,667395.1142,654936.484
600998.SH,20251105,9.2104,0.9694,0.1627,2566617.3491,2566617.3491
600158.SH,20251105,494.8343,3.5342,4.159,918254.0051,918254.0051
300155.SZ,20251105,,2.3603,18.0885,289032.2882,170324.2896
002226.SZ,20251105,20.6498,1.6223,1.7208,1663523.5529,1663489.9631
301005.SZ,20251105,471.7956,8.3126,8.1484,639380.6493,630354.4449
002566.SZ,20251105,68.1595,1.2351,4.3032,275020.7796,192617.8789
301111.SZ,20251105,,3.7252,10.0148,278720.0,278720.0
000906.SZ,20251105,22.4926,0.9311,0.0197,442829.8237,437573.6127
600979.SH,20251105,42.5311,1.3452,2.0468,624520.212,609968.5961
002787.SZ,20251105,39.4975,2.0667,1.6453,385788.2654,288741.1422
000768.SZ,20251105,65.297,3.2104,1.5682,7000152.2117,6978950.9821
688586.SH,20251105,280.5097,3.5441,9.3171,874429.7674,874429.7674
600436.SH,20251105,43.7715,7.3183,10.8296,10591233.6216,10591233.6216
601788.SH,20251105,22.7212,1.4232,7.4785,8511513.9816,7211766.0568
300509.SZ,20251105,33.1304,5.2316,2.705,323076.0,269342.8401
600707.SH,20251105,54.0772,0.9687,1.8672,2109973.1624,2109549.8024
920087.BJ,20251105,106.9425,5.1594,7.1045,268284.8,260854.5534
600153.SH,20251105,14.4963,0.53,0.0423,2951730.2449,2951730.2449
300107.SZ,20251105,355.5975,2.7532,8.2751,414207.7492,255603.6861
000001.SZ,20251105,5.1848,0.5042,1.6464,22355617.7641,22355251.9523
600281.SH,20251105,,24.6503,6.9382,322015.6677,322015.6677
002130.SZ,20251105,33.3143,5.4735,4.1267,3379047.9433,3069580.5162
603789.SH,20251105,,9.3271,4.2721,161189.0344,154960.0
002078.SZ,20251105,12.7626,1.3299,1.0366,4010157.8958,3985562.0948
002361.SZ,20251105,179.4585,2.8185,2.4801,623878.9397,530784.6775
600696.SH,20251105,,6.7387,21.8246,193657.8005,193657.8005
688403.SH,20251105,71.4312,3.8003,7.5791,1308392.291,1308392.291
601939.SH,20251105,7.3555,0.7223,3.2855,247997161.6231,9094787.4105
603727.SH,20251105,135.5159,1.2557,1.8095,398914.4962,398914.4962
002066.SZ,20251105,231.3374,5.9345,1.0897,419308.995,412335.0
688313.SH,20251105,92.3354,20.545,15.9141,3032683.3881,3032683.3881
688336.SH,20251105,49.675,7.3299,31.5559,4323668.4089,4323668.4089
301658.SZ,20251105,88.8262,4.3677,5.7234,1379793.8177,137979.3834
002939.SZ,20251105,18.0456,1.3783,8.2268,4353146.6855,3887269.7418
603272.SH,20251105,111.3014,4.1703,10.1008,232746.242,232746.242
600008.SH,20251105,13.6865,1.1211,1.1925,2341648.426,2341648.426
000815.SZ,20251105,,6.3892,19.1612,862821.4264,862821.4264
601128.SH,20251105,5.6845,0.8019,2.0572,2384574.94,2384574.94
001239.SZ,20251105,38.3782,2.9483,2.0861,406320.0,193002.0
000819.SZ,20251105,,3.2397,1.9417,687278.3812,679890.0892
000002.SZ,20251105,,0.4222,0.2607,7420901.291,6043600.5692
300929.SZ,20251105,,1.9373,4.1589,155916.8881,149561.8801
301563.SZ,20251105,123.1402,11.7226,4.753,1406507.7384,301356.936
600182.SH,20251105,38.475,4.7652,1.112,537200.0,268600.0
603187.SH,20251105,14.0905,1.2743,1.7092,538664.0532,538664.0532
301108.SZ,20251105,71.2073,1.9963,5.3269,375149.9879,215497.4414
688511.SH,20251105,450.8568,2.9426,19.0089,250286.1316,250286.1316
002211.SZ,20251105,,122.3999,3.6677,166070.6991,166070.6991
002661.SZ,20251105,28.0858,1.3839,0.7516,322144.1965,304190.947
301366.SZ,20251105,337.0818,3.4878,7.1607,745739.3394,271513.9283
688799.SH,20251105,30.7662,3.2901,4.585,655418.12,655418.12
002702.SZ,20251105,,2.7211,1.854,284549.12,234876.8
300800.SZ,20251105,72.2903,1.4502,3.6347,291213.57,288289.245
920266.BJ,20251105,,1.4873,3.3068,132308.0075,86175.4419
688393.SH,20251105,,1.9745,6.5239,242059.6373,242059.6373
603168.SH,20251105,,1.8857,6.3931,303790.7221,261945.1092
920010.BJ,20251105,96.7685,4.8107,6.4545,331348.5,245358.2344
002407.SZ,20251105,,4.2587,4.3706,3522489.9717,3197349.8941
002468.SZ,20251105,20.5288,2.2815,0.4491,2346719.7205,2249217.5479
300168.SZ,20251105,,8.3205,5.0806,1025727.5461,1024697.972
688238.SH,20251105,,3.2552,19.7124,482234.2681,476371.2551
688607.SH,20251105,470.8868,2.9696,7.7585,254957.2751,254957.2751
002716.SZ,20251105,84.8804,5.1646,1.5095,1739022.6059,1432110.2057
002287.SZ,20251105,23.6349,3.0143,6.0584,1447459.0536,1444604.1814
688239.SH,20251105,56.11,5.3295,5.4944,1049408.241,1049408.241
688383.SH,20251105,,5.3321,9.623,729438.1712,729438.1712
688093.SH,20251105,25.5647,3.6256,9.5384,1023957.9527,959129.5514
600508.SH,20251105,28.549,0.7687,1.2478,985064.634,985064.634
603078.SH,20251105,76.2732,3.5877,5.8486,695303.9581,695303.9581
300455.SZ,20251105,,10.8323,13.947,1826719.3971,1803444.0996
603598.SH,20251105,,22.3648,0.5604,466142.7677,465623.4677
002797.SZ,20251105,29.7324,1.8,7.4645,3071954.4,3071954.4
301120.SZ,20251105,,5.5356,20.6312,853571.5444,502388.2154
920371.BJ,20251105,39.0806,3.9763,2.6199,237495.0396,223778.8707
688256.SH,20251105,302.873,37.2393,101.5676,56843160.916,56393610.1952
002476.SZ,20251105,51.9679,3.8373,6.0858,368424.0,368380.2497
300578.SZ,20251105,217.6863,3.0466,8.0255,362238.815,362140.8421
002495.SZ,20251105,131.857,2.3957,10.1397,262910.7936,196917.3555
688776.SH,20251105,,5.6633,30.5933,1028125.1126,1028125.1126
603023.SH,20251105,1089.5026,3.1318,18.6407,241106.7198,241106.7198
002327.SZ,20251105,14.8872,1.7519,2.2123,608566.2613,354103.4305
688305.SH,20251105,68.0914,4.4086,13.2531,827742.7906,823427.4094
001872.SZ,20251105,11.1026,0.8052,3.0447,5092546.0444,3539992.6521
000877.SZ,20251105,21.7039,0.5225,0.531,4273405.5081,4273404.6066
600664.SH,20251105,20.7467,1.647,0.5846,931848.6541,931848.6541
603085.SH,20251105,569.1796,4.8513,1.6458,432441.9,432441.9
600807.SH,20251105,,72.3884,9.7796,317583.8684,282539.6286
601328.SH,20251105,6.8352,0.5712,2.4629,64859017.6197,19137170.6436
600559.SH,20251105,24.2187,2.8977,3.3229,1528542.9789,1519790.2809
300420.SZ,20251105,,2.0083,4.7518,474463.0134,474426.1659
300639.SZ,20251105,,0.9948,5.5282,382081.8983,375382.1433
002978.SZ,20251105,18.4817,1.7362,7.0431,1482048.4681,1161768.4681
688382.SH,20251105,,9.3762,86.4988,1561540.9257,1127609.8965
301258.SZ,20251105,42.9636,1.7072,7.4243,326345.2,317071.4
688100.SH,20251105,27.7048,5.6569,6.4844,1890529.4979,1890529.4979
688098.SH,20251105,,3.2126,15.4689,452940.332,452940.332
600596.SH,20251105,,1.0524,0.9006,1309109.1375,1309109.1375
300432.SZ,20251105,74.6839,6.6912,2.6308,3070729.3946,3036238.021
301221.SZ,20251105,74.8177,2.3769,6.9399,476171.2443,322459.8632
002246.SZ,20251105,51.1546,3.5253,4.2592,1056891.9785,1056891.9785
300961.SZ,20251105,,3.9425,8.8924,289143.68,248839.6035
603296.SH,20251105,24.3135,3.8862,0.5938,9664693.2532,5434763.0469
000952.SZ,20251105,,2.6363,4.2008,254514.7488,252493.0897
600519.SH,20251105,19.7532,6.9177,9.9583,177832388.6917,177832388.6917
300296.SZ,20251105,,2.2718,2.6239,1833296.6021,1537349.229
601567.SH,20251105,18.8297,3.162,2.435,3712563.2348,3712563.2348
605336.SH,20251105,150.7808,1.5461,9.4443,289058.0212,289058.0212
603215.SH,20251105,34.7822,3.1517,1.6397,382832.8654,381384.2101
002445.SZ,20251105,60.5299,2.7801,5.3301,629800.9957,627090.9578
301130.SZ,20251105,60.984,2.6176,9.4934,239963.8268,183242.0045
920344.BJ,20251105,,5.8481,14.1291,354710.72,330161.8786
002397.SZ,20251105,105.1577,2.6766,1.9992,323789.3648,280524.2867
002832.SZ,20251105,14.2645,1.6646,2.1643,910277.799,621122.163
605499.SH,20251105,32.0301,15.9458,6.9716,14029950.74,14029950.74
600630.SH,20251105,127.351,5.2294,2.2156,402768.794,402768.794
688646.SH,20251105,,2.3109,4.68,342775.714,212463.9268
688496.SH,20251105,,3.0179,4.3595,295650.0,156330.2592
603600.SH,20251105,14.8331,1.703,0.8052,389911.1406,354044.8801
000600.SZ,20251105,9.5422,1.3545,0.6609,1601229.9478,964695.0253
600322.SH,20251105,,,1.1448,289693.4,289693.4
600448.SH,20251105,,2.0341,0.7327,229254.357,229254.357
688253.SH,20251105,33.3833,2.192,10.3366,445472.9956,225483.2736
603377.SH,20251105,,3.2665,4.0898,264512.9567,264512.9567
002487.SZ,20251105,28.4853,3.8433,5.0653,3073951.8622,3041035.6821
300263.SZ,20251105,54.0028,2.0165,2.7257,846635.155,797982.8414
603421.SH,20251105,,1.7278,2.5495,483925.3592,483925.3592
688006.SH,20251105,57.2133,3.5372,6.3431,1922695.8041,1922695.8041
603258.SH,20251105,,2.2228,11.2071,482427.6726,477373.1903
300146.SZ,20251105,30.6276,1.8718,3.5181,2117979.6428,1403264.9611
920505.BJ,20251105,173.3606,10.3544,21.5363,344447.6463,192631.8842
601801.SH,20251105,15.9402,1.1117,1.4606,1352930.4848,1352930.4848
920221.BJ,20251105,39.8983,5.4279,6.5529,221520.36,117909.2094
300879.SZ,20251105,52.7885,4.5461,1.8156,626626.787,622384.075
603190.SH,20251105,29.2336,1.4303,1.8012,320067.8,104135.0636
688711.SH,20251105,,5.1781,4.034,538458.545,538458.545
920833.BJ,20251105,49.1904,2.7029,3.708,165625.96,125620.6343
601991.SH,20251105,10.059,1.9453,0.5605,6828976.176,4574156.8801
002129.SZ,20251105,,1.5653,1.4353,3933951.6471,3930958.7186
300645.SZ,20251105,309.2788,2.628,2.2397,271565.2062,266241.0245
600572.SH,20251105,17.5058,1.7055,1.831,1204391.787,1201175.9231
300386.SZ,20251105,,4.9412,10.0002,728232.648,436819.8315
600233.SH,20251105,14.3084,1.6976,0.7673,5664303.4451,5664303.4451
603319.SH,20251105,77.8732,4.7218,5.5211,1171422.9878,1171422.9878
603110.SH,20251105,805.7385,5.1549,8.6701,358787.2632,358787.2632
600667.SH,20251105,33.9425,2.2977,0.5994,1989056.6113,1989056.6113
920278.BJ,20251105,67.4375,4.7303,5.544,180956.5,76787.776
688416.SH,20251105,,3.7305,11.4195,473361.0894,372369.6966
002218.SZ,20251105,,1.3338,5.3178,541186.8703,533288.5294
603178.SH,20251105,,4.0098,2.8042,487008.4749,487008.4749
920493.BJ,20251105,497.2116,20.5722,9.0851,867577.6547,600044.6544
600731.SH,20251105,15.9172,1.3213,1.8661,418498.0696,417929.0161
600329.SH,20251105,9.9747,3.961,6.6508,3568617.2457,2627892.0757
920541.BJ,20251105,32.6904,5.0212,6.9234,216122.7,142382.7794
600080.SH,20251105,37.4117,1.8494,5.3233,293017.1737,293017.1737
601908.SH,20251105,,1.1521,3.2578,1014133.2016,1014133.2016
600336.SH,20251105,,2.4056,0.8221,584146.8109,584146.8109
603150.SH,20251105,27.1177,1.9703,0.8666,333811.115,333811.115
920547.BJ,20251105,41.0471,3.1135,5.7181,216516.456,105121.1808
601199.SH,20251105,13.9402,1.2511,3.6595,565802.2267,565802.2267
600936.SH,20251105,,6.4534,1.769,629976.8921,629976.8921
300074.SZ,20251105,,2.8289,5.2542,278609.3958,277082.7521
301629.SZ,20251105,151.1544,6.7682,18.2071,788645.4786,197159.4891
003004.SZ,20251105,,2.7464,5.2709,176412.2221,148120.4124
600179.SH,20251105,16.3849,1.5948,2.0828,1823788.1279,1613765.9293
920123.BJ,20251105,43.6266,4.9244,2.4042,199656.6,113902.8838
300937.SZ,20251105,,3.2004,0.6066,266144.7093,175038.3016
603960.SH,20251105,114.7597,4.5206,9.5382,505517.5512,505517.5512
600161.SH,20251105,27.7045,3.1809,5.6764,3646272.9464,3646272.9464
603689.SH,20251105,14.2682,1.3481,0.8303,445095.4419,440652.5889
002185.SZ,20251105,48.1204,2.2024,2.3657,3858515.876,3857637.4948
002142.SZ,20251105,6.6551,0.8817,2.7112,19209845.6139,19199072.3477
603002.SH,20251105,214.0871,2.387,3.0801,822206.919,822206.919
002098.SZ,20251105,16.6226,2.2518,1.1698,327570.0,327559.7063
600584.SH,20251105,46.7883,2.4704,1.7545,6957243.8482,6957243.8482
688606.SH,20251105,18.282,1.4094,6.1122,538871.9714,538871.9714
688621.SH,20251105,46.8101,5.3571,6.1187,622608.0,622608.0
600535.SH,20251105,20.6178,1.8876,2.7118,2263334.2576,2263334.2576
920305.BJ,20251105,,2.5256,,151570.6631,92860.5019
002337.SZ,20251105,84.6887,2.7848,5.6729,366707.6123,366321.8394
301275.SZ,20251105,45.0703,5.5911,5.4042,2236185.6,178894.848
002779.SZ,20251105,462.6179,28.8892,21.9034,2187108.0,1962341.6447
002962.SZ,20251105,118.0736,2.4788,3.7977,438956.3548,314821.9275
603065.SH,20251105,99.6739,1.8008,2.5978,364082.8201,170909.2324
002295.SZ,20251105,254.4063,2.2897,0.6715,309761.376,309363.384
300770.SZ,20251105,14.7542,2.982,6.6736,1094992.2683,1094992.2683
600925.SH,20251105,106.1633,2.2148,2.7237,3410000.0001,794994.0501
002159.SZ,20251105,22.1398,1.8889,4.3011,276235.4644,215740.2532
688127.SH,20251105,45.2969,6.9138,10.7725,1399146.2196,1399146.2196
603192.SH,20251105,29.8207,2.3326,1.509,371821.8358,363722.6675
603893.SH,20251105,71.1142,17.1592,17.661,7273060.265,7271021.343
688257.SH,20251105,29.9459,2.7434,2.7554,632788.1195,632788.1195
300340.SZ,20251105,,,2.1276,409701.647,406094.8746
000880.SZ,20251105,60.0455,6.6348,2.43,1365107.1361,668139.8724
605286.SH,20251105,33.6905,3.4791,3.3454,738696.0,738696.0
603291.SH,20251105,57.0583,2.6197,3.971,464273.0026,142547.5555
000779.SZ,20251105,20.374,1.0702,2.0925,422994.8013,422945.0152
301024.SZ,20251105,,7.6157,22.1616,304508.565,294810.84
300063.SZ,20251105,52.4639,3.8511,0.9643,669779.4735,553247.5732
002864.SZ,20251105,27.7464,1.9856,3.0441,334359.9002,233404.0303
300055.SZ,20251105,117.5256,1.2616,2.4823,651827.9431,492874.1912
603983.SH,20251105,38.5019,4.0167,3.8495,1334929.0,1334929.0
688517.SH,20251105,31.8083,3.342,3.7473,267352.0011,267352.0011
300494.SZ,20251105,,4.3568,5.1371,627362.3872,509487.179
300010.SZ,20251105,124.8375,8.2638,15.0965,1473494.8259,1185956.131
688286.SH,20251105,92.1579,4.2523,7.195,455275.0855,455275.0855
603179.SH,20251105,41.0557,5.2399,2.4888,3751073.3392,3751073.3392
002414.SZ,20251105,664.3293,8.1059,14.2788,5616017.982,4469175.3468
002021.SZ,20251105,,5.3421,3.9945,332342.6958,332331.7337
002755.SZ,20251105,68.9091,5.5171,9.6774,1768145.4687,1768128.7523
300278.SZ,20251105,672.6054,4.5365,3.4235,804572.6835,802058.8919
688069.SH,20251105,,2.2185,6.2545,275946.0,275946.0
688695.SH,20251105,283.6963,3.4516,14.4298,269187.6114,162266.999
688601.SH,20251105,97.2023,4.2389,7.0427,526080.7745,526080.7745
603315.SH,20251105,96.6221,2.6936,3.8747,457568.705,448001.105
688299.SH,20251105,,2.5756,4.6963,536275.1402,536275.1402
300975.SZ,20251105,62.1697,4.3311,1.2218,986540.0473,706617.243
300941.SZ,20251105,121.7894,4.0718,22.5487,519246.0,269546.6191
920896.BJ,20251105,41.1287,5.6898,5.8079,244355.3154,106946.6816
600426.SH,20251105,16.4194,1.6472,1.6257,5299557.115,5290163.5538
002942.SZ,20251105,37.4941,2.6429,3.1138,324963.7841,286080.3334
002040.SZ,20251105,35.405,1.7766,5.8322,600174.7916,597706.3784
601628.SH,20251105,7.1502,1.9659,1.9038,121707819.73,89666120.18
301042.SZ,20251105,382.9015,4.0924,9.1313,430194.4701,407115.8936
002350.SZ,20251105,69.2963,2.783,2.0684,459354.6543,449377.0959
920790.BJ,20251105,489.3381,9.6455,16.422,312867.3332,215330.5716
600505.SH,20251105,332.9203,4.2858,3.3745,522789.795,522789.795
605398.SH,20251105,738.8696,4.8014,9.4508,494495.0758,494495.0758
688172.SH,20251105,,1.7831,17.692,3330633.0203,1365392.4751
688449.SH,20251105,184.0601,13.5006,19.5645,2483540.0,377930.0
603855.SH,20251105,15.3267,3.2261,1.7631,675022.0,667108.0
300750.SZ,20251105,27.8088,5.6439,4.5943,177358135.0189,165416244.8509
920056.BJ,20251105,37.3918,4.1892,3.5592,218770.3726,82028.6665
002824.SZ,20251105,50.2513,2.7949,1.6698,628907.2939,383797.4895
300315.SZ,20251105,,2.8846,20.3156,1426910.9986,1361255.5752
000938.SZ,20251105,54.2212,5.2264,0.7755,7562051.1869,7562051.1869
603278.SH,20251105,,1.7016,0.678,341417.6326,341417.6326
001231.SZ,20251105,35.5587,2.3224,3.1792,229700.0,114631.785
300246.SZ,20251105,,2.0249,2.2407,234414.6895,187161.2741
300314.SZ,20251105,58.9642,3.2213,7.5963,392544.0,195919.5936
600887.SH,20251105,21.5176,3.061,1.4732,17236607.8176,17150958.4897
002354.SZ,20251105,,9.1064,6.2002,1169792.1747,1149533.4143
300307.SZ,20251105,60.1316,1.7713,2.9984,576624.6114,567885.3559
688569.SH,20251105,27.441,1.613,3.8283,462413.4065,462413.4065
603325.SH,20251105,13.8304,2.3027,4.0648,621791.088,265671.8304
300637.SZ,20251105,249.9429,3.9916,3.2048,292498.662,292193.1602
001311.SZ,20251105,27.6298,1.6543,1.9906,759195.3216,192780.1057
600805.SH,20251105,61.2474,1.1022,1.6978,475650.0221,475303.9307
688246.SH,20251105,,2.55,7.8995,352356.7165,352356.7165
603766.SH,20251105,16.3541,2.9621,1.5358,2942725.4711,2942725.4711
300762.SZ,20251105,,6.6499,32.2477,1552959.3542,1552959.3542
000625.SZ,20251105,17.9123,1.5783,0.7437,12174497.6817,10143424.6584
603408.SH,20251105,12.5242,1.583,1.0969,543353.622,543353.622
000004.SZ,20251105,,47.7601,23.9147,176462.9159,168341.5947
301136.SZ,20251105,1438.5926,2.9422,7.2995,429044.3144,429044.3144
002681.SZ,20251105,,5.2542,4.3056,1197033.0387,1022298.0803
301234.SZ,20251105,115.6153,3.6698,5.8124,279140.0,279140.0
300083.SZ,20251105,42.2735,2.9877,3.1453,1621576.1617,1454216.2984
300854.SZ,20251105,,2.2034,3.4678,211044.9938,171547.9054
600560.SH,20251105,78.9508,4.2223,6.126,407482.101,407482.101
301180.SZ,20251105,,5.0348,4.9719,663616.59,272304.9453
000903.SZ,20251105,,4.4531,1.332,592098.1915,587600.0643
301235.SZ,20251105,29.8157,1.7762,1.5682,322997.2964,218007.1656
002547.SZ,20251105,,,2.7519,602382.5277,589967.0266
601965.SH,20251105,19.1173,2.306,3.698,1728263.5703,1719846.5258
603729.SH,20251105,,5.456,4.006,166701.668,166701.668
000995.SZ,20251105,,16.3739,16.537,241452.288,241452.288
002357.SZ,20251105,18.4937,2.0194,4.2184,347659.3409,347646.8647
603701.SH,20251105,116.3993,6.1603,5.6575,494496.7167,494496.7167
300864.SZ,20251105,21.3106,2.4956,4.1141,329246.871,329246.871
600403.SH,20251105,,4.7253,5.1965,2166076.0362,2166076.0362
601966.SH,20251105,18.7683,0.9811,0.9341,2266965.656,2266965.656
603444.SH,20251105,22.3192,6.2282,6.2488,3351352.0185,3351352.0185
000035.SZ,20251105,62.6436,1.4011,2.6966,1439983.7597,1394754.526
600197.SH,20251105,38.2938,1.8254,3.7714,696986.3581,696986.3581
603580.SH,20251105,,5.0502,9.2282,212605.2964,212605.2964
600516.SH,20251105,599.1787,1.5764,7.635,2552465.2133,2552465.2133
300436.SZ,20251105,,44.1582,39.2459,1691415.54,1451964.4778
603557.SH,20251105,,19.8222,6.3186,155235.7851,155235.7851
603861.SH,20251105,32.3444,1.7909,1.455,713496.9006,697734.151
920471.BJ,20251105,,2.4027,2.7256,126214.4,80447.4308
601222.SH,20251105,62.1014,0.8068,2.3857,1252582.8468,1252582.8468
301596.SZ,20251105,56.9243,7.1603,9.2973,607831.0681,246680.9606
600261.SH,20251105,26.637,1.3809,1.7689,479284.0148,479284.0148
688182.SH,20251105,107.418,4.5125,15.9548,1009600.0,1009600.0
000629.SZ,20251105,,2.4593,3.2584,3019558.0496,3019356.5834
300433.SZ,20251105,36.8079,2.8276,1.9496,15076186.6171,14184748.0885
000813.SZ,20251105,,1.8837,24.0661,937406.1764,937251.9614
603004.SH,20251105,30.2915,2.602,7.1358,538869.76,134717.44
600722.SH,20251105,89.8122,3.6142,8.9867,446289.7075,446289.7075
301273.SZ,20251105,,2.2396,6.0398,206400.0028,158415.1471
002771.SZ,20251105,,5.5306,6.719,340866.6625,283586.3144
920427.BJ,20251105,125.9879,4.7312,16.7668,155570.355,76385.8275
600594.SH,20251105,,1.4269,1.7982,342904.5642,342904.5642
603993.SH,20251105,17.3443,4.3622,1.6632,33888587.3188,27657974.0068
301037.SZ,20251105,,3.4532,1.1906,219113.9371,107164.5092
600060.SH,20251105,12.3658,1.5518,0.5223,3171082.5772,3159409.992
603156.SH,20251105,21.2339,3.8081,5.9692,3422913.8693,3422913.8693
601598.SH,20251105,12.3398,1.2015,0.491,4654206.64,3363786.8
300275.SZ,20251105,80.7821,4.1808,8.4713,394862.4972,348013.5827
920608.BJ,20251105,42.8044,3.0379,9.5952,143774.4,91041.6392
301630.SZ,20251105,55.2706,4.4914,6.6075,751840.0,187960.0
301500.SZ,20251105,61.4017,1.936,0.6419,907461.0355,226274.7442
300598.SZ,20251105,,8.3458,5.7384,1237880.8324,1237534.1624
600577.SH,20251105,38.8968,3.876,0.9666,2321117.2447,2321117.2447
688798.SH,20251105,54.2016,4.5846,6.9686,1911654.8152,1113094.568
920260.BJ,20251105,36.6584,3.1242,4.75,134822.1,128659.6806
601003.SH,20251105,25.9169,1.5334,0.204,1383908.328,1383908.328
601001.SH,20251105,13.8915,1.4289,2.0469,2686288.5,2686288.5
300832.SZ,20251105,29.8728,5.6354,10.8338,4928028.2195,4277487.4607
600400.SH,20251105,,2.633,3.8293,614087.6563,614087.6563
688213.SH,20251105,49.9505,8.2924,5.0642,4090747.203,3288590.6991
301393.SZ,20251105,41.9837,2.4474,10.2969,574992.0,224165.8221
600111.SH,20251105,80.6862,7.2301,4.1415,17269169.5272,17269169.5272
688410.SH,20251105,48.7509,3.1197,7.5381,552984.2268,403666.6974
300621.SZ,20251105,,2.3077,0.2378,198486.0918,193212.6784
300919.SZ,20251105,33.6305,2.1053,0.9742,4223942.1464,4108971.0641
301125.SZ,20251105,442.7244,4.4982,4.5978,272033.4485,225206.0105
600776.SH,20251105,39.4534,4.2954,6.3662,1624008.0828,1236108.0828
600231.SH,20251105,,1.4396,0.425,678831.1258,669718.1058
301102.SZ,20251105,108.3418,1.5081,7.4942,453502.0,453502.0
600155.SH,20251105,102.6077,0.8141,5.0454,1626953.7206,1626953.7206
600110.SH,20251105,,1.9693,1.8223,1159100.8626,1159100.8626
300266.SZ,20251105,,124.3711,3.9064,422635.5894,422366.6358
688381.SH,20251105,,2.338,10.5904,606870.0,469671.7728
002317.SZ,20251105,,4.1252,6.7907,1662464.013,1489723.6461
920895.BJ,20251105,,7.0871,20.101,140744.76,71554.881
002564.SZ,20251105,100.457,38.8881,2.8176,765283.889,765283.889
688159.SH,20251105,55.9807,5.2118,1.3997,494832.3753,493873.6953
601137.SH,20251105,16.1469,2.081,0.9393,1835369.9615,1833850.8415
603898.SH,20251105,163.9307,1.0891,1.9806,342790.9133,342790.9133
600666.SH,20251105,69.3931,9.0259,24.1179,1019736.2391,892888.833
603909.SH,20251105,31.102,3.0177,0.4773,339135.7551,339135.7551
601066.SH,20251105,19.9678,2.4436,8.2963,19996759.1867,16745839.9282
600889.SH,20251105,,15.112,15.2721,562707.4714,562707.4714
603061.SH,20251105,46.4379,4.783,11.65,736200.0,513209.1182
000593.SZ,20251105,2372.5162,4.04,2.0111,353251.5439,353105.9215
605086.SH,20251105,39.8045,3.4765,15.0477,444416.0,444416.0
688183.SH,20251105,72.2159,17.6418,10.9163,9100123.6545,9100123.6545
300533.SZ,20251105,12.5029,5.8688,3.3648,902209.6606,634841.37
603256.SH,20251105,184.8838,17.9216,26.6316,2845038.735,2845038.735
688223.SH,20251105,,2.2664,0.9017,6193220.4577,6193220.4577
600316.SH,20251105,658.9721,4.5292,4.5393,2431018.1957,2431018.1957
300502.SZ,20251105,45.7536,23.6859,17.1825,34401383.1027,30643416.7739
601399.SH,20251105,58.971,1.8084,1.9198,2676229.2352,2676229.2352
002820.SZ,20251105,,3.0445,5.772,271573.9348,271573.9348
920167.BJ,20251105,,3.4108,0.6778,211732.8213,125979.6634
601888.SH,20251105,47.2218,2.8836,3.0112,16054346.1814,15151210.2214
002402.SZ,20251105,71.6386,8.3437,4.0252,4383050.9109,3819642.841
920089.BJ,20251105,19.1648,2.4688,1.6236,304801.364,189152.1568
002198.SZ,20251105,84.3442,4.7028,8.1326,333433.9701,333414.8514
000790.SZ,20251105,,2.7361,3.8753,255101.2199,254649.3771
601866.SH,20251105,20.7807,1.1473,1.2898,3523774.1039,2603779.6799
603229.SH,20251105,44.8306,3.5302,11.032,828636.5507,828636.5507
688599.SH,20251105,,2.3864,0.7577,5084459.5062,5084459.5062
600818.SH,20251105,,6.0757,3.2302,339448.993,251283.553
600714.SH,20251105,61.9012,4.6411,9.9761,350710.5242,350710.5242
603665.SH,20251105,,6.0969,2.7293,434033.1876,431491.8027
688185.SH,20251105,,3.7629,19.0942,1855626.7926,860727.7135
300006.SZ,20251105,,2.745,6.5462,504725.556,504682.3892
300350.SZ,20251105,,4.0269,9.6311,372052.1287,312176.3061
300694.SZ,20251105,85.5087,1.935,1.921,268069.6364,268069.6364
000639.SZ,20251105,,1.234,0.7681,358370.1275,358369.6883
300152.SZ,20251105,,7.5971,11.505,178912.8,178867.2247
002822.SZ,20251105,,2.5659,3.3791,354637.8532,298004.5845
600302.SH,20251105,,7.1192,11.7141,422477.9707,422477.9707
688165.SH,20251105,,7.6994,10.9205,1154699.14,1154699.14
600791.SH,20251105,,6.0722,0.5957,239573.52,239273.9452
301446.SZ,20251105,38.5738,2.8594,6.2859,337480.0,103100.14
300448.SZ,20251105,,4.1401,12.1324,508064.3263,348872.4869
002383.SZ,20251105,,4.0982,5.4891,693717.6058,693717.6058
603681.SH,20251105,24.0673,1.3674,0.5325,355886.0952,355886.0952
000544.SZ,20251105,8.2333,0.9626,1.6618,873317.3012,873317.3012
300426.SZ,20251105,,28.9056,17.4606,425611.7555,378000.0
688045.SH,20251105,6888.801,2.0688,4.2497,286125.5444,154436.6977
920946.BJ,20251105,37.3418,4.1,9.0711,508032.8246,507876.6371
300787.SZ,20251105,34.3548,2.5886,1.2712,390224.0252,237743.696
002296.SZ,20251105,14.2869,1.8002,3.1441,432434.2662,385631.1428
300406.SZ,20251105,18.4838,2.087,5.5675,797966.0427,577630.7953
300625.SZ,20251105,,1.806,1.8723,358940.335,208133.7065
000681.SZ,20251105,137.7116,4.2451,18.9317,1539168.6269,1485397.3419
600210.SH,20251105,9.3296,1.7446,1.0321,1163336.6332,1163336.6332
920363.BJ,20251105,,5.284,10.1658,185650.25,100924.8247
600137.SH,20251105,71.8907,3.6384,5.1646,197448.9212,197448.9212
688448.SH,20251105,69.7807,2.7628,6.0608,279515.6223,187139.9423
300250.SZ,20251105,,10.2632,22.9153,538807.8446,396865.5763
600909.SH,20251105,13.7697,1.3116,5.2931,3064352.2731,3064352.2731
688610.SH,20251105,83.068,3.1225,11.7079,467364.0,281329.5399
603017.SH,20251105,68.1699,1.9466,2.326,277571.2445,277571.2445
688595.SH,20251105,,6.9731,6.2459,501588.0533,501588.0533
300194.SZ,20251105,38.122,1.2372,3.2183,550836.8329,448343.372
600618.SH,20251105,16.248,1.4221,1.6399,1289385.9732,836071.5732
000922.SZ,20251105,37.8036,2.0434,1.8706,929890.1361,785795.362
688585.SH,20251105,493.0513,31.1167,24.7653,4150592.1811,4150592.1811
688226.SH,20251105,,4.3504,2.1791,726195.9024,726195.9024
600256.SH,20251105,17.3236,1.4328,1.0477,3413329.5828,3413329.5828
600030.SH,20251105,15.3467,1.5367,5.8627,43068509.0851,35385057.1304
603057.SH,20251105,40.8482,3.9044,2.4538,782781.5288,779916.0
000828.SZ,20251105,11.6333,1.2172,7.9253,1238064.7375,1238063.1296
002183.SZ,20251105,169.5884,1.4617,0.1894,1353041.7364,1353033.9214
002617.SZ,20251105,61.8636,2.6168,4.524,1671092.1297,1643673.3192
301089.SZ,20251105,,2.694,11.1602,410130.7245,294854.2304
300688.SZ,20251105,,13.2311,32.0274,529253.8652,469172.6842
688682.SH,20251105,300.9438,5.202,11.3133,334744.4479,334744.4479
688167.SH,20251105,,5.4879,15.5581,1206094.5311,1206094.5311
688689.SH,20251105,47.2798,2.8671,3.4086,346233.9066,346233.9066
300644.SZ,20251105,29.824,3.8248,1.3885,384707.0948,307991.7143
300222.SZ,20251105,87.4232,5.6717,3.5274,973629.8237,792888.1898
920184.BJ,20251105,279.182,4.4907,11.7275,279417.0849,184811.7335
600533.SH,20251105,,0.9221,0.5581,297150.0,297150.0
002736.SZ,20251105,11.2802,1.4484,5.1929,14072154.9644,13207477.964
688220.SH,20251105,,6.6826,9.8881,3684812.5312,3174835.4638
920418.BJ,20251105,32.1617,5.4799,6.8988,487143.8208,467676.9344
300337.SZ,20251105,704.9745,4.9565,1.4112,856444.9633,741266.3825
300871.SZ,20251105,20.4484,2.0892,2.6419,440477.9766,440477.9766
002891.SZ,20251105,38.3112,5.8973,3.3205,1705421.0813,1705420.2408
301133.SZ,20251105,63.3686,2.8325,2.5673,287243.7198,259543.8636
300982.SZ,20251105,460.8511,1.4337,2.4266,416206.9086,389927.1606
600081.SH,20251105,132.0478,1.509,1.0438,691835.7387,691835.7387
603662.SH,20251105,56.0761,6.5973,12.4605,1816688.4161,1816688.4161
300716.SZ,20251105,,,33.7537,214586.82,214586.82
601016.SH,20251105,22.6088,1.1794,4.3987,2035160.0136,1875091.3768
600769.SH,20251105,276.7526,42.5604,64.8848,511468.9008,511468.9008
688015.SH,20251105,32.8021,1.7448,1.9617,452833.7808,452833.7808
603779.SH,20251105,,4.3952,6.1309,240427.9139,240427.9139
300576.SZ,20251105,114.4393,7.8449,12.6969,1327716.0809,843138.491
600697.SH,20251105,,0.9762,0.3246,223996.0096,218769.4291
300179.SZ,20251105,80.7713,5.6249,12.5965,672011.9119,519453.7337
301207.SZ,20251105,201.809,2.6741,14.5635,1422031.065,1421133.5229
002629.SZ,20251105,1056.0502,105.5395,14.7543,377948.926,375461.9998
688557.SH,20251105,29.229,3.3894,2.763,415852.542,415852.542
002545.SZ,20251105,22.7048,2.2263,4.6955,2102464.9203,1909976.6665
688629.SH,20251105,134.0431,20.2193,17.0059,3404432.0569,1342467.8021
002992.SZ,20251105,,12.8038,6.5115,938708.2157,820225.0154
000422.SZ,20251105,21.8814,2.618,0.683,1544224.4966,1501022.7181
300466.SZ,20251105,,7.474,10.1449,538743.0874,451565.395
600173.SH,20251105,698.0967,1.5531,1.6235,594729.8012,594653.3912
688484.SH,20251105,80.8945,4.4821,6.0046,1830522.5173,1260826.4135
300892.SZ,20251105,140.4135,3.3243,4.2207,349200.0,225452.25
603321.SH,20251105,61.4485,1.9943,3.9112,287267.713,248969.845
600303.SH,20251105,,2.4089,1.5893,270707.2676,267539.2676
301525.SZ,20251105,54.8605,2.5829,6.5667,842204.0882,441152.6892
000410.SZ,20251105,158.1842,3.5193,6.8222,2079522.3121,1319519.016
300234.SZ,20251105,580.941,2.4284,8.4069,280266.2971,191600.7835
603612.SH,20251105,16.9038,2.1377,0.7229,1199435.5373,1199435.5373
300027.SZ,20251105,,27.6212,25.8632,726920.5508,651064.4422
000705.SZ,20251105,69.3433,1.623,1.227,327440.8203,276321.536
688215.SH,20251105,254.0019,10.0047,11.1134,458811.0272,458811.0272
600800.SH,20251105,,3.7924,1.0691,450678.3577,450550.4677
600716.SH,20251105,,0.7815,3.4736,393145.4478,393145.4478
002701.SZ,20251105,13.7061,1.5488,0.7161,1515378.1976,1513984.2105
300979.SZ,20251105,19.8037,4.3621,2.7002,6797775.0,6797715.585
603439.SH,20251105,30.8958,3.3671,2.8601,496441.2822,490262.0222
600489.SH,20251105,22.8571,3.4617,1.3753,10106646.6959,10106646.6959
920014.BJ,20251105,40.2843,2.1545,2.8461,170213.824,94796.0277
003027.SZ,20251105,31.5123,1.5047,2.9171,256871.088,206051.8021
600377.SH,20251105,15.0136,1.7383,3.1655,7002469.025,5285034.3714
300204.SZ,20251105,,20.4036,72.6924,1776358.3595,1686724.6147
603163.SH,20251105,36.3205,4.4365,1.8443,493800.0,493800.0
300328.SZ,20251105,,10.6282,7.1337,1164054.1896,1157214.2984
000739.SZ,20251105,20.2857,2.695,1.6656,1748091.3562,1747434.6831
002314.SZ,20251105,,0.9585,0.5801,880029.3167,434940.1108
301353.SZ,20251105,41.0207,2.189,3.0741,283449.2659,92041.1659
600744.SH,20251105,64.8492,9.5779,1.5946,1362884.3879,1362884.3879
002276.SZ,20251105,39.2424,3.201,1.037,1954536.514,1940981.5817
688352.SH,20251105,58.9629,2.6674,7.4626,1588553.8168,488817.1803
688151.SH,20251105,,1.6907,13.242,708292.0,708292.0
603768.SH,20251105,,1.2597,0.8426,296017.0861,296017.0861
605077.SH,20251105,20.3083,1.6863,1.3863,507608.4334,501544.0959
002517.SZ,20251105,26.2647,4.9671,9.6362,5074052.6808,4486483.414
301220.SZ,20251105,34.3599,2.5771,4.559,451985.5267,262819.2052
301212.SZ,20251105,185.5678,2.2353,4.222,299700.0,260156.25
300042.SZ,20251105,,5.8712,5.6752,588174.0,588119.8493
002155.SZ,20251105,26.7011,4.2285,0.6717,3226874.9675,3226583.6807
688450.SH,20251105,,2.0312,8.8368,194898.0,144492.2744
601136.SH,20251105,54.6514,4.1325,22.0065,5677134.3026,1000041.8526
002773.SZ,20251105,23.0104,3.139,6.1675,2877285.3393,2144982.6726
300358.SZ,20251105,,1.606,1.2561,697740.7736,681147.5231
600369.SH,20251105,34.0139,1.2126,9.4478,3136491.5065,3136491.5065
301015.SZ,20251105,24.9635,5.5237,1.7362,1315637.0647,1315468.1122
300450.SZ,20251105,96.2779,6.5273,6.3101,8317891.8736,8282049.6819
600359.SH,20251105,2957.8071,4.1227,5.361,275833.7689,275833.7689
601949.SH,20251105,23.6862,1.3976,2.4332,1348009.3822,1348009.3822
603899.SH,20251105,19.6099,2.9057,1.0611,2593452.5816,2593452.5816
000862.SZ,20251105,42.5933,1.2715,4.349,570049.8662,389967.5616
300048.SZ,20251105,98.6862,3.9524,0.9243,725149.5881,723663.0524
002976.SZ,20251105,2328.67,3.7619,1.5601,313349.499,168649.2225
300030.SZ,20251105,,4.0141,4.9741,253224.411,222953.135
603121.SH,20251105,248.7143,4.5691,4.7241,544362.2137,544362.2137
002937.SZ,20251105,35.7091,3.6199,3.1504,552080.1098,550550.5227
300387.SZ,20251105,32.9506,1.8277,2.0532,271135.4829,271041.333
603687.SH,20251105,43.5842,1.5307,2.2583,498878.9006,498878.9006
002722.SZ,20251105,25.5452,1.2681,1.5693,362466.3763,311796.4718
301297.SZ,20251105,119.0912,5.4586,12.0941,2861272.2523,542669.82
002111.SZ,20251105,75.0997,1.8423,1.7497,544244.4653,492317.5429
600229.SH,20251105,,1.4467,2.1566,457870.4943,457870.4943
920351.BJ,20251105,77.8093,5.5172,1.2403,240512.8193,96331.5193
688099.SH,20251105,37.6213,4.857,5.4792,3483349.6475,3483349.6475
300352.SZ,20251105,,7.1775,34.6951,884392.6931,778732.638
600248.SH,20251105,12.8946,0.4943,0.1046,1428578.8793,1415592.4073
605066.SH,20251105,32.6604,2.2448,1.3879,400771.5993,398931.9013
301502.SZ,20251105,84.4272,3.3563,6.4985,279024.148,115293.256
003018.SZ,20251105,27.7423,2.0659,3.9859,329160.0,124041.3191
301601.SZ,20251105,107.8223,3.543,8.7172,449676.48,101177.208
603556.SH,20251105,19.2066,2.4555,3.8723,1810847.7691,1810847.7691
002727.SZ,20251105,86.9712,1.0724,0.4507,784709.5275,532398.6602
002959.SZ,20251105,20.0521,2.4873,1.3349,708897.0295,684986.2768
688435.SH,20251105,,3.4461,18.5798,378672.5,213972.9822
001270.SZ,20251105,101.6349,6.2649,22.1133,922570.2969,910864.035
301608.SZ,20251105,35.3767,3.7028,4.81,783112.0,351446.92
000800.SZ,20251105,56.6292,1.3527,0.622,3572849.9879,3572544.8559
002672.SZ,20251105,,1.8804,1.6743,572522.5054,468851.2804
300628.SZ,20251105,17.7498,5.2003,7.764,4510828.6886,2584207.5405
603324.SH,20251105,61.4872,2.1628,2.8223,363587.126,363587.126
688778.SH,20251105,59.6744,4.4963,2.4589,4050650.6322,4050650.6322
002975.SZ,20251105,87.8968,4.9494,7.2828,1111377.8773,733920.3083
301456.SZ,20251105,70.0466,2.1501,7.7492,473308.7945,190333.2139
605378.SH,20251105,76.653,5.5545,5.0441,694136.0384,694136.0384
920304.BJ,20251105,42.0911,4.6862,3.6113,241646.832,117376.1636
603090.SH,20251105,74.4426,8.0105,6.5658,491100.0,491100.0
600217.SH,20251105,,2.3297,2.0041,716106.3867,716106.3867
002490.SZ,20251105,,12.1306,3.9067,603971.2388,410083.554
605169.SH,20251105,44.1947,2.2769,1.4436,444687.36,444687.36
300383.SZ,20251105,145.2703,1.8691,3.435,2381810.5223,2376459.2236
688047.SH,20251105,,20.8112,97.2068,5318864.0,5318864.0
688366.SH,20251105,30.5342,2.1236,4.6517,1173139.0432,978797.5566
605003.SH,20251105,43.8596,1.988,5.3057,285890.0,285890.0
000670.SZ,20251105,,241.6234,1.4591,670751.9986,652484.941
002550.SZ,20251105,27.1047,4.2337,7.5937,1164618.0,856528.5638
600834.SH,20251105,121.0254,2.5171,7.567,431553.2421,431553.2421
920665.BJ,20251105,40.0626,2.4576,5.5576,177436.35,87457.8268
688676.SH,20251105,61.1549,8.5112,5.5004,4013457.7134,4013457.7134
300613.SZ,20251105,70.3534,3.9364,6.6527,1083514.6016,1021979.1804
601022.SH,20251105,20.4236,2.3129,2.3162,1392385.8674,264545.8674
600883.SH,20251105,57.1546,2.0965,36.5127,205632.648,205632.648
001390.SZ,20251105,31.7535,3.3918,5.5562,538400.0,131904.8961
600368.SH,20251105,10.8629,0.9701,3.8364,695370.4667,695370.4667
003023.SZ,20251105,32.3965,1.713,2.2642,265144.8072,264542.0209
920476.BJ,20251105,61.9801,5.1637,6.2856,222234.0982,210156.8885
300165.SZ,20251105,,1.878,3.4402,239827.6749,203538.7846
002868.SZ,20251105,,,7.6273,447753.0264,443793.9015
002527.SZ,20251105,,9.3363,3.1181,1168313.9947,932591.9379
002133.SZ,20251105,,0.9689,0.5409,281014.3355,279462.883
920395.BJ,20251105,38.2266,9.2218,11.9139,212857.0571,144316.1315
001338.SZ,20251105,18.2063,1.6268,1.4451,605589.1166,284797.0586
002457.SZ,20251105,19.3009,1.6005,1.494,396849.292,396652.7623
000510.SZ,20251105,,3.2576,2.2561,402097.0252,376132.1865
601231.SH,20251105,31.9788,2.7863,0.8581,5176616.4707,5176616.4707
600207.SH,20251105,,2.7283,1.9568,652498.2198,652498.2198
600226.SH,20251105,63.628,3.3582,7.1882,1213547.5394,1213547.5394
688161.SH,20251105,43.5577,2.8818,7.8769,1162400.0,1162400.0
301381.SZ,20251105,41.6285,3.5728,0.8154,950950.9774,460336.7134
000069.SZ,20251105,,0.4239,0.462,1945137.4488,1669461.631
601360.SH,20251105,,3.0333,10.5909,8903437.6221,8903437.6221
600109.SH,20251105,14.5837,1.0343,4.2374,3612320.4032,3612320.4032
001203.SZ,20251105,43.2035,4.5872,7.5545,2939136.9712,2514773.3234
000955.SZ,20251105,,5.838,8.1766,378491.685,378209.0614
600527.SH,20251105,145.0805,1.9625,7.5869,405232.0511,405232.0511
002719.SZ,20251105,,8.7629,2.7075,168392.8549,156519.6789
688772.SH,20251105,54.455,4.1942,2.2413,2990925.9043,2990925.9043
301209.SZ,20251105,174.5283,13.6645,19.6993,1043056.0,891095.779
000008.SZ,20251105,,2.7431,3.7769,804047.7942,804023.8978
300134.SZ,20251105,,2.3451,3.7897,893367.679,829254.559
301138.SZ,20251105,38.3485,3.8521,6.0957,452640.0,258608.8481
603323.SH,20251105,5.2691,0.5714,2.5564,1067808.4202,1067808.4202
300528.SZ,20251105,,18.4742,13.5923,976233.1015,976233.1015
000691.SZ,20251105,,,8.4436,377579.36,377579.36
002551.SZ,20251105,,1.3178,2.8487,341579.8095,246919.4357
301361.SZ,20251105,47.921,3.9161,16.7192,473487.52,118371.88
000096.SZ,20251105,101.0494,2.1956,4.1521,613536.0,593605.376
300698.SZ,20251105,146.4825,12.1682,8.5528,626450.0,554202.2835
688602.SH,20251105,,1.476,5.5131,411864.375,205859.7557
600712.SH,20251105,,4.9887,6.84,397598.4128,393213.3108
300167.SZ,20251105,168.7417,79.2621,4.8145,227783.79,209952.5513
600773.SH,20251105,243.7403,2.5355,6.6632,1197096.2762,1197096.2762
605580.SH,20251105,87.2853,10.9957,11.6495,1060920.0,1060920.0
688084.SH,20251105,,4.1097,20.9463,644463.9242,300903.5545
603235.SH,20251105,19.3546,2.4957,5.3652,1194263.84,401193.8656
603987.SH,20251105,16.3913,1.4981,1.7548,399663.6552,399663.6552
688708.SH,20251105,57.9995,7.8173,26.1712,2584464.61,248164.4256
603379.SH,20251105,18.3284,4.4687,6.1057,3314901.1709,3314901.1709
000762.SZ,20251105,,4.7259,58.5012,1391534.9538,1390537.6501
002724.SZ,20251105,,2.0362,3.1733,552392.5637,409384.1811
300163.SZ,20251105,27.0179,4.2725,10.2899,250746.0,240054.8873
300205.SZ,20251105,,2.2626,11.1416,222338.952,222338.952
002828.SZ,20251105,264.0248,3.4149,2.1736,237567.3432,228790.2545
002362.SZ,20251105,,5.355,2.9195,563467.959,478504.0133
001216.SZ,20251105,17.4548,2.1769,2.6415,393667.6521,384007.9198
600703.SH,20251105,724.4436,1.9321,3.7801,6829966.6373,6829966.6373
002441.SZ,20251105,26.8163,1.2322,0.5075,564147.1789,413446.5992
002607.SZ,20251105,155.4898,20.4733,7.6542,1671365.2344,1377763.2894
600598.SH,20251105,23.6846,3.168,5.1037,2597190.347,2597190.347
920407.BJ,20251105,86.4538,6.725,6.6721,184344.056,75048.7723
300500.SZ,20251105,,2.2661,2.807,252785.4847,243519.8286
603125.SH,20251105,43.5777,2.7516,6.6884,657859.1094,164473.3188
688300.SH,20251105,49.2001,8.6307,12.9272,1409697.1312,1409697.1312
603072.SH,20251105,83.7456,5.8444,5.5272,1250837.24,312709.31
300664.SZ,20251105,19.5323,0.9735,2.474,428797.3402,426523.1032
003006.SZ,20251105,32.445,6.4889,2.6829,952958.7982,950574.8364
300066.SZ,20251105,53.7771,2.7998,6.1552,732183.4164,708160.885
002691.SZ,20251105,,3.4524,7.8406,293080.0,289615.0229
600968.SH,20251105,10.4037,1.3889,0.7529,3974555.7418,3974555.7418
001277.SZ,20251105,29.2534,1.9557,2.8972,302480.0,180623.6276
000831.SZ,20251105,476.0446,10.6633,14.4421,5154349.4596,5154349.4596
603917.SH,20251105,322.344,1.9432,4.9291,326347.84,326347.84
002788.SZ,20251105,11.1901,1.0636,0.1648,344614.3448,338651.1015
000848.SZ,20251105,14.8682,2.6662,3.041,937825.6799,928915.6799
600168.SH,20251105,53.6682,0.9848,1.335,528487.5067,528487.5067
601568.SH,20251105,77.3918,1.3832,1.6979,1584916.6674,1584916.6674
601086.SH,20251105,90.0302,4.7204,10.2664,750582.0,750582.0
002189.SZ,20251105,,11.7563,4.7804,618781.0777,618687.8528
688613.SH,20251105,,2.0813,13.9713,298678.7131,298678.7131
300933.SZ,20251105,246.8972,2.4628,1.7454,527942.2881,527942.2881
600510.SH,20251105,86.8778,0.8771,1.6779,913342.5294,913342.5294
002157.SZ,20251105,,2.3164,1.9865,2719547.8012,2123155.6253
301319.SZ,20251105,59.1053,4.3281,3.579,507266.2164,381147.5657
301283.SZ,20251105,23.8389,2.228,1.7389,364694.8228,207917.0656
300957.SZ,20251105,52.2085,3.0928,3.6284,1880360.4,1880360.4
600623.SH,20251105,23.5075,0.7453,0.3572,1651562.7358,1456293.0573
301115.SZ,20251105,104.5286,1.2655,2.2608,319516.7639,212190.2665
002277.SZ,20251105,,1.4309,9.0243,961979.232,961979.232
002219.SZ,20251105,335.8138,4.01,2.339,789259.9484,762386.1868
600681.SH,20251105,18.6802,1.7867,1.1856,627520.0511,627030.5053
000089.SZ,20251105,25.5174,1.2883,2.9156,1490909.433,1490889.727
300479.SZ,20251105,163.6886,8.6634,3.6869,381077.0329,380859.4579
002174.SZ,20251105,,2.4952,8.4948,1237060.8001,1236366.4784
002214.SZ,20251105,,6.2777,20.4831,887471.3817,709426.9924
000697.SZ,20251105,,,4.0016,729912.3323,493989.4146
000026.SZ,20251105,44.7109,1.9561,1.8474,660583.8034,593508.5363
603636.SH,20251105,,3.2449,7.4597,729513.1774,729513.1774
920571.BJ,20251105,,4.587,6.6725,633164.4964,320560.4258
002640.SZ,20251105,,9.2404,1.4234,788368.913,783420.5745
600021.SH,20251105,30.8337,3.848,1.9211,8130656.4525,8130656.4525
001226.SZ,20251105,131.7101,3.8761,4.3202,282464.1261,128344.7061
300910.SZ,20251105,19.6115,4.2653,4.5855,1562538.2678,1095526.4443
000978.SZ,20251105,,2.7933,7.2242,309433.93,309426.4938
603683.SH,20251105,128.5498,5.1417,4.0511,824209.1732,736520.0085
000037.SZ,20251105,115.3757,3.7352,15.649,549116.725,308745.3247
920175.BJ,20251105,,2.2216,6.297,159698.0,106388.2041
601606.SH,20251105,,16.5079,23.7966,3653008.0496,3653008.0496
600084.SH,20251105,540.6821,4.9596,40.2944,641648.0199,641648.0199
300170.SZ,20251105,92.5117,3.3164,5.5103,1830232.1819,1749287.2571
002323.SZ,20251105,,11.2209,10.7616,392358.2013,392270.6559
920405.BJ,20251105,59.0625,3.9728,5.4506,321896.7,252634.1875
600409.SH,20251105,51.1617,0.8315,0.5944,1156035.6909,1156035.6909
688260.SH,20251105,,31.7346,7.1591,391200.0,391200.0
300761.SZ,20251105,27.1769,1.9507,0.9491,1759103.5157,1319461.8891
300385.SZ,20251105,,23.4071,4.1236,192891.4946,168293.6645
601609.SH,20251105,25.1843,1.932,0.1548,1920517.0324,1920517.0324
002177.SZ,20251105,554.3322,3.2618,92.6492,556430.8359,493365.762
605268.SH,20251105,26.5192,2.8009,1.3981,469956.5325,460894.1513
002486.SZ,20251105,48.4617,2.4186,2.1602,262122.0258,260908.4663
300589.SZ,20251105,,7.6998,6.0762,605401.7976,371265.8831
301331.SZ,20251105,59.7861,2.8722,3.5025,311247.9582,310654.8464
600550.SH,20251105,115.6071,23.3106,3.0066,1824954.7237,1824954.7237
300270.SZ,20251105,,5.4797,21.2846,308862.1486,266148.853
000798.SZ,20251105,,7.3882,0.6505,302565.1548,302546.5473
301282.SZ,20251105,47.1214,2.3324,2.1031,399160.6555,210266.4317
603712.SH,20251105,,3.6936,8.877,1541684.0,1541684.0
688079.SH,20251105,,3.6677,8.0486,478868.8841,466361.0657
601686.SH,20251105,11.5379,1.4193,0.1807,952841.122,952841.122
002860.SZ,20251105,28.6661,2.2141,2.1827,502878.0974,488800.3646
000751.SZ,20251105,93.6959,1.7794,0.3602,641405.3462,559717.9053
002580.SZ,20251105,32.2328,2.7578,1.9084,641770.7561,639607.0632
605258.SH,20251105,49.2671,2.8637,3.5468,341880.0,341880.0
000028.SZ,20251105,26.4178,0.7655,0.1932,1410892.4702,1211866.1599
301004.SZ,20251105,14.3719,5.1326,3.0533,818429.9201,762035.0176
688268.SH,20251105,42.6764,3.9693,5.2883,730130.5655,729638.9765
600742.SH,20251105,14.5861,0.8614,0.3692,729682.8382,729682.8382
300642.SZ,20251105,230.1941,2.4907,9.8106,366401.3164,310391.5014
688591.SH,20251105,62.0838,4.3341,10.4875,1072993.94,750725.2957
600399.SH,20251105,,1.9228,1.4201,1108320.2,1108320.2
600015.SH,20251105,4.0803,0.359,1.2187,11076790.2137,10709507.8922
920274.BJ,20251105,109.7021,5.2128,4.0164,254166.6688,254166.6688
688289.SH,20251105,46.9075,1.7859,7.6275,1273494.8372,1273494.8372
300823.SZ,20251105,68.6778,2.3464,5.3811,220705.895,142870.1828
600586.SH,20251105,,1.5325,1.7355,841898.5938,841898.5938
301592.SZ,20251105,137.9925,9.946,17.2068,871990.0,290975.8878
300545.SZ,20251105,41.0754,2.7808,4.4791,593847.326,382827.7099
920593.BJ,20251105,195.1289,9.4447,27.299,670709.8106,569999.447
603980.SH,20251105,68.8094,1.0022,2.5344,389179.182,389179.182
002342.SZ,20251105,,3.1946,3.2205,778560.0,774253.59
000830.SZ,20251105,17.3009,1.3412,0.849,2555596.1128,2555394.7027
003030.SZ,20251105,137.5022,2.5762,1.3662,262412.34,166948.4426
000156.SZ,20251105,28.4236,1.0099,1.5975,1510139.9402,1385398.8398
688657.SH,20251105,53.0784,2.6385,11.5387,370810.8701,232312.1077
300098.SZ,20251105,,3.6283,5.5152,985322.5499,874168.6365
002181.SZ,20251105,82.8376,3.5849,25.21,1526791.4988,1491894.038
000927.SZ,20251105,35.3324,1.7423,0.4887,1675947.9586,1675947.1109
603657.SH,20251105,297.4355,4.5523,1.7142,429228.4088,429228.4088
