rebalance_date,ticker,relative_strength_score,factor_value,known_at
20240930,000001,0.0,0.0,20240930
20240930,000002,0.0225,0.0225,20240930
20240930,000004,0.0266,0.0266,20240930
20240930,000006,0.0656,0.0656,20240930
20240930,000007,0.0,0.0,20240930
20240930,000008,0.0225,0.0225,20240930
20240930,000009,0.3094,0.3094,20240930
20240930,000010,0.0,0.0,20240930
20240930,000011,0.0,0.0,20240930
20240930,000012,0.0,0.0,20240930
20240930,000014,-0.0205,-0.0205,20240930
20240930,000016,0.0287,0.0287,20240930
20240930,000017,0.2889,0.2889,20240930
20240930,000019,-0.2602,-0.2602,20240930
20240930,000020,0.5512,0.5512,20240930
20240930,000021,0.4078,0.4078,20240930
20240930,000025,-0.1557,-0.1557,20240930
20240930,000026,0.0,0.0,20240930
20240930,000027,0.0943,0.0943,20240930
20240930,000028,0.2152,0.2152,20240930
20240930,000029,0.0738,0.0738,20240930
20240930,000030,-0.4078,-0.4078,20240930
20240930,000031,0.0,0.0,20240930
20240930,000032,0.1865,0.1865,20240930
20240930,000034,-0.1414,-0.1414,20240930
20240930,000035,0.0,0.0,20240930
20240930,000036,-0.0697,-0.0697,20240930
20240930,000037,0.2602,0.2602,20240930
20240930,000039,-0.1434,-0.1434,20240930
20240930,000042,0.002,0.002,20240930
20240930,000045,-0.3463,-0.3463,20240930
20240930,000048,-0.0471,-0.0471,20240930
20240930,000049,-0.25,-0.25,20240930
20240930,000050,0.0,0.0,20240930
20240930,000055,-0.0369,-0.0369,20240930
20240930,000056,-0.043,-0.043,20240930
20240930,000058,0.0,0.0,20240930
20240930,000059,0.0,0.0,20240930
20240930,000060,-0.2807,-0.2807,20240930
20240930,000061,0.1701,0.1701,20240930
20240930,000062,0.252,0.252,20240930
20240930,000063,0.0184,0.0184,20240930
20240930,000065,-0.1578,-0.1578,20240930
20240930,000066,0.0184,0.0184,20240930
20240930,000068,0.1844,0.1844,20240930
20240930,000069,0.0266,0.0266,20240930
20240930,000070,-0.6025,-0.6025,20240930
20240930,000078,-0.1516,-0.1516,20240930
20240930,000088,0.1168,0.1168,20240930
20240930,000089,0.0,0.0,20240930
20240930,000090,0.0902,0.0902,20240930
20240930,000096,-0.2439,-0.2439,20240930
20240930,000099,0.0,0.0,20240930
20240930,000100,-0.1455,-0.1455,20240930
20240930,000151,0.082,0.082,20240930
20240930,000153,-0.1434,-0.1434,20240930
20240930,000155,0.3545,0.3545,20240930
20240930,000156,-0.1906,-0.1906,20240930
20240930,000157,-0.123,-0.123,20240930
20240930,000158,0.0984,0.0984,20240930
20240930,000159,0.0,0.0,20240930
20240930,000166,-0.2111,-0.2111,20240930
20240930,000301,0.1701,0.1701,20240930
20240930,000333,-0.1291,-0.1291,20240930
20240930,000338,0.0,0.0,20240930
20240930,000400,0.2869,0.2869,20240930
20240930,000401,0.0205,0.0205,20240930
20240930,000402,0.0389,0.0389,20240930
20240930,000403,-0.4529,-0.4529,20240930
20240930,000404,-0.1311,-0.1311,20240930
20240930,000407,0.0697,0.0697,20240930
20240930,000408,0.1926,0.1926,20240930
20240930,000409,-0.3504,-0.3504,20240930
20240930,000410,-0.3258,-0.3258,20240930
20240930,000411,-0.1639,-0.1639,20240930
20240930,000415,-0.3299,-0.3299,20240930
20240930,000417,-0.168,-0.168,20240930
20240930,000419,0.0,0.0,20240930
20240930,000420,0.0,0.0,20240930
20240930,000421,0.3176,0.3176,20240930
20240930,000422,0.3279,0.3279,20240930
20240930,000423,0.3525,0.3525,20240930
20240930,000425,0.0,0.0,20240930
20240930,000426,-0.3443,-0.3443,20240930
20240930,000428,-0.2377,-0.2377,20240930
20240930,000429,-0.2869,-0.2869,20240930
20240930,000430,0.1721,0.1721,20240930
20240930,000488,0.0,0.0,20240930
20240930,000498,-0.2992,-0.2992,20240930
20240930,000501,0.0922,0.0922,20240930
20240930,000503,0.0,0.0,20240930
20240930,000504,-0.0389,-0.0389,20240930
20240930,000505,0.1865,0.1865,20240930
20240930,000506,0.0,0.0,20240930
20240930,000507,0.0,0.0,20240930
20240930,000509,0.4098,0.4098,20240930
20240930,000510,0.0861,0.0861,20240930
20240930,000513,-0.1598,-0.1598,20240930
20240930,000514,0.0697,0.0697,20240930
20240930,000516,0.127,0.127,20240930
20240930,000517,-0.1557,-0.1557,20240930
20240930,000518,0.0,0.0,20240930
20240930,000519,0.2992,0.2992,20240930
20240930,000520,0.0,0.0,20240930
20240930,000521,0.3832,0.3832,20240930
20240930,000523,0.0,0.0,20240930
20240930,000524,0.0,0.0,20240930
20240930,000525,-0.2377,-0.2377,20240930
20240930,000526,-0.1865,-0.1865,20240930
20240930,000528,0.2787,0.2787,20240930
20240930,000529,-0.293,-0.293,20240930
20240930,000530,0.2705,0.2705,20240930
20240930,000531,0.209,0.209,20240930
20240930,000532,-0.1291,-0.1291,20240930
20240930,000533,0.0553,0.0553,20240930
20240930,000534,-0.1148,-0.1148,20240930
20240930,000536,0.5779,0.5779,20240930
20240930,000537,-0.0717,-0.0717,20240930
20240930,000538,-0.2152,-0.2152,20240930
20240930,000539,0.0143,0.0143,20240930
20240930,000541,-0.1619,-0.1619,20240930
20240930,000543,-0.332,-0.332,20240930
20240930,000544,-0.0594,-0.0594,20240930
20240930,000545,0.1557,0.1557,20240930
20240930,000546,0.4344,0.4344,20240930
20240930,000547,0.0,0.0,20240930
20240930,000548,0.4283,0.4283,20240930
20240930,000550,0.3053,0.3053,20240930
20240930,000551,-0.2746,-0.2746,20240930
20240930,000552,-0.0143,-0.0143,20240930
20240930,000553,0.5492,0.5492,20240930
20240930,000554,0.0225,0.0225,20240930
20240930,000555,-0.002,-0.002,20240930
20240930,000557,-0.0615,-0.0615,20240930
20240930,000558,0.0,0.0,20240930
20240930,000559,0.0451,0.0451,20240930
20240930,000560,0.1496,0.1496,20240930
20240930,000561,0.0348,0.0348,20240930
20240930,000563,-0.0512,-0.0512,20240930
20240930,000564,0.1066,0.1066,20240930
20240930,000565,0.0,0.0,20240930
20240930,000566,0.6537,0.6537,20240930
20240930,000567,0.002,0.002,20240930
20240930,000568,-0.1189,-0.1189,20240930
20240930,000570,-0.2623,-0.2623,20240930
20240930,000571,0.2992,0.2992,20240930
20240930,000572,-0.002,-0.002,20240930
20240930,000573,-0.0635,-0.0635,20240930
20240930,000576,0.2377,0.2377,20240930
20240930,000581,-0.166,-0.166,20240930
20240930,000582,-0.1086,-0.1086,20240930
20240930,000586,-0.1311,-0.1311,20240930
20240930,000589,-0.1537,-0.1537,20240930
20240930,000590,0.4037,0.4037,20240930
20240930,000591,0.1742,0.1742,20240930
20240930,000592,-0.041,-0.041,20240930
20240930,000593,0.1844,0.1844,20240930
20240930,000595,0.6762,0.6762,20240930
20240930,000596,-0.3975,-0.3975,20240930
20240930,000597,-0.0287,-0.0287,20240930
20240930,000598,-0.5205,-0.5205,20240930
20240930,000599,0.2418,0.2418,20240930
20240930,000600,-0.0225,-0.0225,20240930
20240930,000601,-0.1189,-0.1189,20240930
20240930,000603,0.1373,0.1373,20240930
20240930,000605,0.0,0.0,20240930
20240930,000607,-0.0799,-0.0799,20240930
20240930,000608,0.0984,0.0984,20240930
20240930,000609,-0.8504,-0.8504,20240930
20240930,000610,0.1496,0.1496,20240930
20240930,000612,0.0,0.0,20240930
20240930,000615,-0.4283,-0.4283,20240930
20240930,000617,0.0225,0.0225,20240930
20240930,000619,0.3484,0.3484,20240930
20240930,000620,-0.084,-0.084,20240930
20240930,000623,0.5861,0.5861,20240930
20240930,000625,0.1783,0.1783,20240930
20240930,000626,0.0,0.0,20240930
20240930,000628,0.1721,0.1721,20240930
20240930,000629,0.1004,0.1004,20240930
20240930,000630,0.0,0.0,20240930
20240930,000631,0.1189,0.1189,20240930
20240930,000632,0.1885,0.1885,20240930
20240930,000633,-0.4098,-0.4098,20240930
20240930,000635,0.043,0.043,20240930
20240930,000636,-0.2295,-0.2295,20240930
20240930,000637,-0.3811,-0.3811,20240930
20240930,000638,0.3975,0.3975,20240930
20240930,000639,0.0984,0.0984,20240930
20240930,000650,0.0,0.0,20240930
20240930,000651,0.084,0.084,20240930
20240930,000652,0.0,0.0,20240930
20240930,000655,-0.1086,-0.1086,20240930
20240930,000656,-0.875,-0.875,20240930
20240930,000657,0.041,0.041,20240930
20240930,000659,0.2029,0.2029,20240930
20240930,000661,0.3996,0.3996,20240930
20240930,000663,0.0,0.0,20240930
20240930,000665,-0.0451,-0.0451,20240930
20240930,000668,-0.0697,-0.0697,20240930
20240930,000669,-0.2316,-0.2316,20240930
20240930,000670,0.4406,0.4406,20240930
20240930,000672,-0.2111,-0.2111,20240930
20240930,000676,0.0,0.0,20240930
20240930,000677,0.4713,0.4713,20240930
20240930,000678,0.1906,0.1906,20240930
20240930,000679,0.2643,0.2643,20240930
20240930,000680,0.1168,0.1168,20240930
20240930,000681,-0.3525,-0.3525,20240930
20240930,000682,-0.1906,-0.1906,20240930
20240930,000683,0.0,0.0,20240930
20240930,000685,0.0943,0.0943,20240930
20240930,000686,-0.002,-0.002,20240930
20240930,000688,0.1598,0.1598,20240930
20240930,000690,0.1598,0.1598,20240930
20240930,000691,0.5164,0.5164,20240930
20240930,000692,-0.1885,-0.1885,20240930
20240930,000695,-0.2971,-0.2971,20240930
20240930,000697,0.4611,0.4611,20240930
20240930,000698,0.1332,0.1332,20240930
20240930,000700,-0.2643,-0.2643,20240930
20240930,000701,-0.0123,-0.0123,20240930
20240930,000702,0.7049,0.7049,20240930
20240930,000703,-0.0533,-0.0533,20240930
20240930,000705,0.0,0.0,20240930
20240930,000707,0.3586,0.3586,20240930
20240930,000708,0.0,0.0,20240930
20240930,000709,-0.1025,-0.1025,20240930
20240930,000710,0.0,0.0,20240930
20240930,000711,-0.3955,-0.3955,20240930
20240930,000712,-0.0041,-0.0041,20240930
20240930,000713,0.0,0.0,20240930
20240930,000715,-0.0041,-0.0041,20240930
20240930,000716,-0.1189,-0.1189,20240930
20240930,000717,0.4898,0.4898,20240930
20240930,000718,0.0143,0.0143,20240930
20240930,000719,-0.625,-0.625,20240930
20240930,000720,0.5594,0.5594,20240930
20240930,000721,0.0,0.0,20240930
20240930,000722,0.25,0.25,20240930
20240930,000723,0.0,0.0,20240930
20240930,000725,-0.2275,-0.2275,20240930
20240930,000726,-0.3033,-0.3033,20240930
20240930,000727,0.0553,0.0553,20240930
20240930,000728,0.0,0.0,20240930
20240930,000729,-0.2193,-0.2193,20240930
20240930,000731,-0.0471,-0.0471,20240930
20240930,000733,-0.2377,-0.2377,20240930
20240930,000735,0.0041,0.0041,20240930
20240930,000736,0.043,0.043,20240930
20240930,000737,-0.0492,-0.0492,20240930
20240930,000738,0.0,0.0,20240930
20240930,000739,-0.0553,-0.0553,20240930
20240930,000750,0.0533,0.0533,20240930
20240930,000751,0.0,0.0,20240930
20240930,000752,-0.4631,-0.4631,20240930
20240930,000753,0.0,0.0,20240930
20240930,000755,-0.2152,-0.2152,20240930
20240930,000756,-0.1086,-0.1086,20240930
20240930,000757,0.0,0.0,20240930
20240930,000758,-0.0082,-0.0082,20240930
20240930,000759,0.0,0.0,20240930
20240930,000761,0.4467,0.4467,20240930
20240930,000762,0.0,0.0,20240930
20240930,000766,-0.1537,-0.1537,20240930
20240930,000767,-0.1189,-0.1189,20240930
20240930,000768,-0.168,-0.168,20240930
20240930,000776,0.0123,0.0123,20240930
20240930,000777,0.0,0.0,20240930
20240930,000778,0.0,0.0,20240930
20240930,000779,-0.1988,-0.1988,20240930
20240930,000782,-0.1537,-0.1537,20240930
20240930,000783,0.0287,0.0287,20240930
20240930,000785,-0.3873,-0.3873,20240930
20240930,000786,0.334,0.334,20240930
20240930,000788,-0.1619,-0.1619,20240930
20240930,000789,0.0,0.0,20240930
20240930,000790,-0.1086,-0.1086,20240930
20240930,000791,0.0492,0.0492,20240930
20240930,000792,0.5697,0.5697,20240930
20240930,000793,0.0,0.0,20240930
20240930,000795,0.0,0.0,20240930
20240930,000796,-0.5615,-0.5615,20240930
20240930,000797,-0.0963,-0.0963,20240930
20240930,000798,0.0,0.0,20240930
20240930,000799,0.0574,0.0574,20240930
20240930,000800,-0.0348,-0.0348,20240930
20240930,000801,0.0,0.0,20240930
20240930,000802,0.1332,0.1332,20240930
20240930,000803,0.1291,0.1291,20240930
20240930,000807,-0.1926,-0.1926,20240930
20240930,000809,-0.3258,-0.3258,20240930
20240930,000810,-0.4734,-0.4734,20240930
20240930,000811,0.1332,0.1332,20240930
20240930,000812,-0.2336,-0.2336,20240930
20240930,000813,0.4221,0.4221,20240930
20240930,000815,0.1066,0.1066,20240930
20240930,000816,0.0,0.0,20240930
20240930,000818,0.3811,0.3811,20240930
20240930,000819,-0.0861,-0.0861,20240930
20240930,000820,0.248,0.248,20240930
20240930,000821,0.2459,0.2459,20240930
20240930,000822,-0.0902,-0.0902,20240930
20240930,000823,-0.1086,-0.1086,20240930
20240930,000825,-0.1311,-0.1311,20240930
20240930,000826,0.4857,0.4857,20240930
20240930,000828,0.4221,0.4221,20240930
20240930,000829,-0.5656,-0.5656,20240930
20240930,000830,-0.1209,-0.1209,20240930
20240930,000831,0.1045,0.1045,20240930
20240930,000833,-0.5533,-0.5533,20240930
20240930,000837,0.0,0.0,20240930
20240930,000838,0.0,0.0,20240930
20240930,000839,-0.0041,-0.0041,20240930
20240930,000848,0.0,0.0,20240930
20240930,000850,0.0512,0.0512,20240930
20240930,000852,0.0,0.0,20240930
20240930,000856,0.1988,0.1988,20240930
20240930,000858,0.0,0.0,20240930
20240930,000859,0.3791,0.3791,20240930
20240930,000860,-0.0553,-0.0553,20240930
20240930,000862,-0.0369,-0.0369,20240930
20240930,000863,-0.4713,-0.4713,20240930
20240930,000868,0.0,0.0,20240930
20240930,000869,0.0,0.0,20240930
20240930,000875,-0.0738,-0.0738,20240930
20240930,000876,0.0,0.0,20240930
20240930,000877,-0.166,-0.166,20240930
20240930,000878,0.0041,0.0041,20240930
20240930,000880,-0.0328,-0.0328,20240930
20240930,000881,-0.1127,-0.1127,20240930
20240930,000882,0.0061,0.0061,20240930
20240930,000883,-0.3053,-0.3053,20240930
20240930,000885,-0.2848,-0.2848,20240930
20240930,000886,-0.332,-0.332,20240930
20240930,000887,0.0553,0.0553,20240930
20240930,000888,-0.0676,-0.0676,20240930
20240930,000889,-0.6045,-0.6045,20240930
20240930,000890,0.4303,0.4303,20240930
20240930,000892,0.0,0.0,20240930
20240930,000893,-0.1291,-0.1291,20240930
20240930,000895,-0.3402,-0.3402,20240930
20240930,000897,-0.0963,-0.0963,20240930
20240930,000898,0.0,0.0,20240930
20240930,000899,0.0,0.0,20240930
20240930,000900,0.0,0.0,20240930
20240930,000901,-0.1107,-0.1107,20240930
20240930,000902,-0.209,-0.209,20240930
20240930,000903,0.2992,0.2992,20240930
20240930,000905,0.0,0.0,20240930
20240930,000906,-0.0533,-0.0533,20240930
20240930,000908,-0.2643,-0.2643,20240930
20240930,000909,-0.8627,-0.8627,20240930
20240930,000910,0.2131,0.2131,20240930
20240930,000911,-0.2746,-0.2746,20240930
20240930,000912,0.0,0.0,20240930
20240930,000913,0.0,0.0,20240930
20240930,000915,0.2357,0.2357,20240930
20240930,000917,0.0,0.0,20240930
20240930,000919,0.0,0.0,20240930
20240930,000920,0.0,0.0,20240930
20240930,000921,0.4775,0.4775,20240930
20240930,000922,-0.3033,-0.3033,20240930
20240930,000923,0.1107,0.1107,20240930
20240930,000925,0.0,0.0,20240930
20240930,000926,0.0533,0.0533,20240930
20240930,000927,-0.0738,-0.0738,20240930
20240930,000928,-0.3709,-0.3709,20240930
20240930,000929,0.0,0.0,20240930
20240930,000930,0.0,0.0,20240930
20240930,000931,0.293,0.293,20240930
20240930,000932,-0.1434,-0.1434,20240930
20240930,000933,0.0205,0.0205,20240930
20240930,000935,0.0307,0.0307,20240930
20240930,000936,0.4549,0.4549,20240930
20240930,000937,-0.0205,-0.0205,20240930
20240930,000938,-0.1393,-0.1393,20240930
20240930,000948,0.0758,0.0758,20240930
20240930,000949,-0.2111,-0.2111,20240930
20240930,000950,0.166,0.166,20240930
20240930,000951,0.1004,0.1004,20240930
20240930,000952,0.0082,0.0082,20240930
20240930,000953,0.4857,0.4857,20240930
20240930,000955,0.0,0.0,20240930
20240930,000957,-0.0533,-0.0533,20240930
20240930,000958,0.0676,0.0676,20240930
20240930,000959,0.0738,0.0738,20240930
20240930,000960,-0.3217,-0.3217,20240930
20240930,000962,-0.4898,-0.4898,20240930
20240930,000963,0.002,0.002,20240930
20240930,000965,0.0717,0.0717,20240930
20240930,000966,-0.0799,-0.0799,20240930
20240930,000967,-0.2213,-0.2213,20240930
20240930,000968,0.0,0.0,20240930
20240930,000969,-0.1885,-0.1885,20240930
20240930,000970,-0.0902,-0.0902,20240930
20240930,000972,0.0533,0.0533,20240930
20240930,000973,-0.0553,-0.0553,20240930
20240930,000975,-0.0307,-0.0307,20240930
20240930,000977,0.0,0.0,20240930
20240930,000978,-0.2131,-0.2131,20240930
20240930,000980,0.1721,0.1721,20240930
20240930,000981,0.0041,0.0041,20240930
20240930,000983,0.0,0.0,20240930
20240930,000985,0.2316,0.2316,20240930
20240930,000987,0.0,0.0,20240930
20240930,000988,0.0,0.0,20240930
20240930,000989,-0.2213,-0.2213,20240930
20240930,000990,0.3361,0.3361,20240930
20240930,000993,0.0,0.0,20240930
20240930,000995,0.1086,0.1086,20240930
20240930,000997,0.0963,0.0963,20240930
20240930,000998,-0.0164,-0.0164,20240930
20240930,000999,-0.2623,-0.2623,20240930
20240930,001201,-0.041,-0.041,20240930
20240930,001202,0.0,0.0,20240930
20240930,001203,-0.1004,-0.1004,20240930
20240930,001205,-0.4303,-0.4303,20240930
20240930,001206,-0.1025,-0.1025,20240930
20240930,001207,-0.082,-0.082,20240930
20240930,001208,-0.1598,-0.1598,20240930
20240930,001209,-0.1598,-0.1598,20240930
20240930,001210,0.0,0.0,20240930
20240930,001211,-0.2254,-0.2254,20240930
20240930,001212,0.0,0.0,20240930
20240930,001213,0.0184,0.0184,20240930
20240930,001215,0.1906,0.1906,20240930
20240930,001216,0.0,0.0,20240930
20240930,001217,-0.2152,-0.2152,20240930
20240930,001218,-0.1578,-0.1578,20240930
20240930,001219,-0.5717,-0.5717,20240930
20240930,001222,0.0,0.0,20240930
20240930,001223,-0.2848,-0.2848,20240930
20240930,001225,-0.2398,-0.2398,20240930
20240930,001226,-0.25,-0.25,20240930
20240930,001227,-0.0984,-0.0984,20240930
20240930,001228,0.3566,0.3566,20240930
20240930,001229,-0.5533,-0.5533,20240930
20240930,001230,-0.2746,-0.2746,20240930
20240930,001231,-0.0533,-0.0533,20240930
20240930,001234,-0.0902,-0.0902,20240930
20240930,001236,0.0799,0.0799,20240930
20240930,001238,-0.0389,-0.0389,20240930
20240930,001239,-0.1352,-0.1352,20240930
20240930,001255,-0.2029,-0.2029,20240930
20240930,001256,0.0,0.0,20240930
20240930,001258,-0.1455,-0.1455,20240930
20240930,001259,-0.418,-0.418,20240930
20240930,001260,-0.3422,-0.3422,20240930
20240930,001266,0.0,0.0,20240930
20240930,001267,-0.6742,-0.6742,20240930
20240930,001268,-0.0553,-0.0553,20240930
20240930,001269,0.1168,0.1168,20240930
20240930,001270,0.0,0.0,20240930
20240930,001278,-0.0102,-0.0102,20240930
20240930,001282,-0.1189,-0.1189,20240930
20240930,001283,0.0,0.0,20240930
20240930,001286,-0.0779,-0.0779,20240930
20240930,001287,-0.3586,-0.3586,20240930
20240930,001288,-0.3689,-0.3689,20240930
20240930,001289,-0.2643,-0.2643,20240930
20240930,001296,-0.1578,-0.1578,20240930
20240930,001298,0.4119,0.4119,20240930
20240930,001299,-0.207,-0.207,20240930
20240930,001300,0.3135,0.3135,20240930
20240930,001301,0.5307,0.5307,20240930
20240930,001306,-0.1189,-0.1189,20240930
20240930,001308,-0.2643,-0.2643,20240930
20240930,001309,-0.3074,-0.3074,20240930
20240930,001311,-0.0471,-0.0471,20240930
20240930,001313,-0.1373,-0.1373,20240930
20240930,001314,-0.1393,-0.1393,20240930
20240930,001316,-0.6906,-0.6906,20240930
20240930,001317,0.0,0.0,20240930
20240930,001318,0.0,0.0,20240930
20240930,001319,0.2131,0.2131,20240930
20240930,001322,0.3668,0.3668,20240930
20240930,001323,-0.2336,-0.2336,20240930
20240930,001324,-0.334,-0.334,20240930
20240930,001326,-0.1332,-0.1332,20240930
20240930,001328,0.0,0.0,20240930
20240930,001330,0.0574,0.0574,20240930
20240930,001331,-0.1947,-0.1947,20240930
20240930,001332,0.1865,0.1865,20240930
20240930,001333,-0.1352,-0.1352,20240930
20240930,001336,0.0164,0.0164,20240930
20240930,001337,0.0471,0.0471,20240930
20240930,001338,0.0061,0.0061,20240930
20241031,000001,-0.0429,-0.0429,20241031
20241031,000002,-0.1227,-0.1227,20241031
20241031,000004,0.0777,0.0777,20241031
20241031,000006,0.4499,0.4499,20241031
20241031,000007,-0.3824,-0.3824,20241031
20241031,000008,0.0,0.0,20241031
20241031,000009,0.2127,0.2127,20241031
20241031,000010,0.3252,0.3252,20241031
20241031,000011,0.0,0.0,20241031
20241031,000012,0.0,0.0,20241031
20241031,000014,0.1677,0.1677,20241031
20241031,000016,0.5501,0.5501,20241031
20241031,000017,0.1411,0.1411,20241031
20241031,000019,-0.1247,-0.1247,20241031
20241031,000020,-0.5256,-0.5256,20241031
20241031,000021,0.1677,0.1677,20241031
20241031,000025,0.09,0.09,20241031
20241031,000026,-0.0245,-0.0245,20241031
20241031,000027,-0.0573,-0.0573,20241031
20241031,000028,-0.0736,-0.0736,20241031
20241031,000029,0.2311,0.2311,20241031
20241031,000030,-0.2679,-0.2679,20241031
20241031,000031,-0.1616,-0.1616,20241031
20241031,000032,0.3538,0.3538,20241031
20241031,000034,0.0,0.0,20241031
20241031,000035,-0.2372,-0.2372,20241031
20241031,000036,0.2495,0.2495,20241031
20241031,000037,0.3476,0.3476,20241031
20241031,000039,-0.4315,-0.4315,20241031
20241031,000042,0.0409,0.0409,20241031
20241031,000045,0.1616,0.1616,20241031
20241031,000048,0.3436,0.3436,20241031
20241031,000049,-0.1963,-0.1963,20241031
20241031,000050,0.0082,0.0082,20241031
20241031,000055,0.1227,0.1227,20241031
20241031,000056,0.0041,0.0041,20241031
20241031,000058,0.0,0.0,20241031
20241031,000059,0.1002,0.1002,20241031
20241031,000060,-0.2065,-0.2065,20241031
20241031,000061,0.0,0.0,20241031
20241031,000062,0.1186,0.1186,20241031
20241031,000063,-0.3415,-0.3415,20241031
20241031,000065,-0.2106,-0.2106,20241031
20241031,000066,0.1534,0.1534,20241031
20241031,000068,0.2679,0.2679,20241031
20241031,000069,0.0838,0.0838,20241031
20241031,000070,0.0041,0.0041,20241031
20241031,000078,0.5378,0.5378,20241031
20241031,000088,-0.0552,-0.0552,20241031
20241031,000089,0.0,0.0,20241031
20241031,000090,-0.0634,-0.0634,20241031
20241031,000096,0.2597,0.2597,20241031
20241031,000099,0.0,0.0,20241031
20241031,000100,0.0266,0.0266,20241031
20241031,000151,0.0675,0.0675,20241031
20241031,000153,0.137,0.137,20241031
20241031,000155,0.0,0.0,20241031
20241031,000156,-0.3374,-0.3374,20241031
20241031,000157,-0.3824,-0.3824,20241031
20241031,000158,0.1411,0.1411,20241031
20241031,000159,-0.0307,-0.0307,20241031
20241031,000166,-0.2597,-0.2597,20241031
20241031,000301,-0.5624,-0.5624,20241031
20241031,000333,-0.4192,-0.4192,20241031
20241031,000338,-0.6053,-0.6053,20241031
20241031,000400,-0.5951,-0.5951,20241031
20241031,000401,-0.1288,-0.1288,20241031
20241031,000402,0.1002,0.1002,20241031
20241031,000403,-0.456,-0.456,20241031
20241031,000404,0.1677,0.1677,20241031
20241031,000407,-0.0348,-0.0348,20241031
20241031,000408,-0.0573,-0.0573,20241031
20241031,000409,-0.1411,-0.1411,20241031
20241031,000410,0.0,0.0,20241031
20241031,000411,0.2168,0.2168,20241031
20241031,000415,0.0,0.0,20241031
20241031,000417,0.2965,0.2965,20241031
20241031,000419,0.0,0.0,20241031
20241031,000420,0.2311,0.2311,20241031
20241031,000421,0.0,0.0,20241031
20241031,000422,0.1002,0.1002,20241031
20241031,000423,-0.047,-0.047,20241031
20241031,000425,-0.2331,-0.2331,20241031
20241031,000426,0.0,0.0,20241031
20241031,000428,-0.4703,-0.4703,20241031
20241031,000429,-0.1902,-0.1902,20241031
20241031,000430,-0.0409,-0.0409,20241031
20241031,000488,-0.7096,-0.7096,20241031
20241031,000498,0.0,0.0,20241031
20241031,000501,-0.0573,-0.0573,20241031
20241031,000503,0.1247,0.1247,20241031
20241031,000504,0.1431,0.1431,20241031
20241031,000505,-0.2454,-0.2454,20241031
20241031,000506,0.82,0.82,20241031
20241031,000507,-0.4131,-0.4131,20241031
20241031,000509,-0.1329,-0.1329,20241031
20241031,000510,0.4847,0.4847,20241031
20241031,000513,-0.3783,-0.3783,20241031
20241031,000514,0.1656,0.1656,20241031
20241031,000516,-0.135,-0.135,20241031
20241031,000517,-0.3824,-0.3824,20241031
20241031,000518,0.272,0.272,20241031
20241031,000519,0.2065,0.2065,20241031
20241031,000520,0.0,0.0,20241031
20241031,000521,-0.4376,-0.4376,20241031
20241031,000523,0.002,0.002,20241031
20241031,000524,0.0,0.0,20241031
20241031,000525,0.0143,0.0143,20241031
20241031,000526,-0.5215,-0.5215,20241031
20241031,000528,-0.3129,-0.3129,20241031
20241031,000529,-0.2761,-0.2761,20241031
20241031,000530,0.0,0.0,20241031
20241031,000531,0.1084,0.1084,20241031
20241031,000532,-0.1247,-0.1247,20241031
20241031,000533,0.0634,0.0634,20241031
20241031,000534,0.0,0.0,20241031
20241031,000536,0.1881,0.1881,20241031
20241031,000537,-0.1697,-0.1697,20241031
20241031,000538,-0.1881,-0.1881,20241031
20241031,000539,-0.1166,-0.1166,20241031
20241031,000541,0.0,0.0,20241031
20241031,000543,-0.2597,-0.2597,20241031
20241031,000544,0.0491,0.0491,20241031
20241031,000545,0.4049,0.4049,20241031
20241031,000546,-0.4663,-0.4663,20241031
20241031,000547,-0.0736,-0.0736,20241031
20241031,000548,0.0,0.0,20241031
20241031,000550,0.0,0.0,20241031
20241031,000551,0.2986,0.2986,20241031
20241031,000552,0.0,0.0,20241031
20241031,000553,0.5092,0.5092,20241031
20241031,000554,0.0,0.0,20241031
20241031,000555,-0.1247,-0.1247,20241031
20241031,000557,0.0,0.0,20241031
20241031,000558,0.5746,0.5746,20241031
20241031,000559,0.1677,0.1677,20241031
20241031,000560,-0.1043,-0.1043,20241031
20241031,000561,0.1063,0.1063,20241031
20241031,000563,-0.0348,-0.0348,20241031
20241031,000564,-0.1391,-0.1391,20241031
20241031,000565,0.0,0.0,20241031
20241031,000566,0.4683,0.4683,20241031
20241031,000567,0.1554,0.1554,20241031
20241031,000568,-0.1084,-0.1084,20241031
20241031,000570,-0.4703,-0.4703,20241031
20241031,000571,0.6176,0.6176,20241031
20241031,000572,0.6667,0.6667,20241031
20241031,000573,-0.0491,-0.0491,20241031
20241031,000576,0.002,0.002,20241031
20241031,000581,-0.5726,-0.5726,20241031
20241031,000582,0.0,0.0,20241031
20241031,000586,0.0,0.0,20241031
20241031,000589,-0.5358,-0.5358,20241031
20241031,000590,0.5092,0.5092,20241031
20241031,000591,-0.1166,-0.1166,20241031
20241031,000592,0.0,0.0,20241031
20241031,000593,0.1656,0.1656,20241031
20241031,000595,0.2699,0.2699,20241031
20241031,000596,0.0,0.0,20241031
20241031,000597,0.047,0.047,20241031
20241031,000598,-0.0532,-0.0532,20241031
20241031,000599,0.3047,0.3047,20241031
20241031,000600,-0.0798,-0.0798,20241031
20241031,000601,-0.0613,-0.0613,20241031
20241031,000603,0.3988,0.3988,20241031
20241031,000605,0.0123,0.0123,20241031
20241031,000607,-0.1452,-0.1452,20241031
20241031,000608,0.0164,0.0164,20241031
20241031,000609,0.0307,0.0307,20241031
20241031,000610,-0.2822,-0.2822,20241031
20241031,000612,0.5133,0.5133,20241031
20241031,000615,-0.0716,-0.0716,20241031
20241031,000617,0.1043,0.1043,20241031
20241031,000619,0.4806,0.4806,20241031
20241031,000620,0.0,0.0,20241031
20241031,000623,0.272,0.272,20241031
20241031,000625,-0.2106,-0.2106,20241031
20241031,000626,0.0,0.0,20241031
20241031,000628,0.4499,0.4499,20241031
20241031,000629,0.0,0.0,20241031
20241031,000630,-0.0266,-0.0266,20241031
20241031,000631,-0.2454,-0.2454,20241031
20241031,000632,-0.1104,-0.1104,20241031
20241031,000633,-0.0143,-0.0143,20241031
20241031,000635,0.5317,0.5317,20241031
20241031,000636,-0.2454,-0.2454,20241031
20241031,000637,-0.184,-0.184,20241031
20241031,000638,0.456,0.456,20241031
20241031,000639,0.2413,0.2413,20241031
20241031,000650,-0.2699,-0.2699,20241031
20241031,000651,-0.4131,-0.4131,20241031
20241031,000652,0.0,0.0,20241031
20241031,000655,0.1186,0.1186,20241031
20241031,000656,-0.5685,-0.5685,20241031
20241031,000657,-0.0409,-0.0409,20241031
20241031,000659,-0.5603,-0.5603,20241031
20241031,000661,-0.0409,-0.0409,20241031
20241031,000663,-0.2883,-0.2883,20241031
20241031,000665,0.0,0.0,20241031
20241031,000668,0.1125,0.1125,20241031
20241031,000669,-0.1881,-0.1881,20241031
20241031,000670,0.1002,0.1002,20241031
20241031,000672,0.0838,0.0838,20241031
20241031,000676,0.0,0.0,20241031
20241031,000677,0.4151,0.4151,20241031
20241031,000678,-0.3211,-0.3211,20241031
20241031,000679,0.2843,0.2843,20241031
20241031,000680,0.1227,0.1227,20241031
20241031,000681,-0.1861,-0.1861,20241031
20241031,000682,-0.3783,-0.3783,20241031
20241031,000683,0.1718,0.1718,20241031
20241031,000685,0.0,0.0,20241031
20241031,000686,0.1984,0.1984,20241031
20241031,000688,0.0286,0.0286,20241031
20241031,000690,-0.0061,-0.0061,20241031
20241031,000691,-0.2045,-0.2045,20241031
20241031,000692,0.3027,0.3027,20241031
20241031,000695,-0.2904,-0.2904,20241031
20241031,000697,0.2147,0.2147,20241031
20241031,000698,0.0,0.0,20241031
20241031,000700,0.0,0.0,20241031
20241031,000701,-0.0143,-0.0143,20241031
20241031,000702,0.7526,0.7526,20241031
20241031,000703,-0.4806,-0.4806,20241031
20241031,000705,0.0,0.0,20241031
20241031,000707,-0.1002,-0.1002,20241031
20241031,000708,-0.1534,-0.1534,20241031
20241031,000709,0.0123,0.0123,20241031
20241031,000710,0.0,0.0,20241031
20241031,000711,-0.4806,-0.4806,20241031
20241031,000712,-0.2843,-0.2843,20241031
20241031,000713,0.0,0.0,20241031
20241031,000715,0.5562,0.5562,20241031
20241031,000716,0.0389,0.0389,20241031
20241031,000717,0.2188,0.2188,20241031
20241031,000718,-0.0307,-0.0307,20241031
20241031,000719,-0.953,-0.953,20241031
20241031,000720,0.2454,0.2454,20241031
20241031,000721,0.0,0.0,20241031
20241031,000722,0.0798,0.0798,20241031
20241031,000723,0.0,0.0,20241031
20241031,000725,-0.1963,-0.1963,20241031
20241031,000726,-0.2372,-0.2372,20241031
20241031,000727,0.0757,0.0757,20241031
20241031,000728,-0.0429,-0.0429,20241031
20241031,000729,-0.0716,-0.0716,20241031
20241031,000731,-0.2536,-0.2536,20241031
20241031,000733,0.0,0.0,20241031
20241031,000735,0.2638,0.2638,20241031
20241031,000736,-0.6155,-0.6155,20241031
20241031,000737,0.0,0.0,20241031
20241031,000738,0.0,0.0,20241031
20241031,000739,-0.1309,-0.1309,20241031
20241031,000750,0.2004,0.2004,20241031
20241031,000751,-0.2311,-0.2311,20241031
20241031,000752,-0.0654,-0.0654,20241031
20241031,000753,0.0,0.0,20241031
20241031,000755,0.1145,0.1145,20241031
20241031,000756,-0.2699,-0.2699,20241031
20241031,000757,0.0,0.0,20241031
20241031,000758,-0.0818,-0.0818,20241031
20241031,000759,0.0,0.0,20241031
20241031,000761,0.229,0.229,20241031
20241031,000762,-0.0245,-0.0245,20241031
20241031,000766,-0.2515,-0.2515,20241031
20241031,000767,0.0,0.0,20241031
20241031,000768,-0.0204,-0.0204,20241031
20241031,000776,0.0,0.0,20241031
20241031,000777,0.2209,0.2209,20241031
20241031,000778,0.0,0.0,20241031
20241031,000779,-0.0613,-0.0613,20241031
20241031,000782,0.0,0.0,20241031
20241031,000783,0.0798,0.0798,20241031
20241031,000785,-0.0061,-0.0061,20241031
20241031,000786,-0.0593,-0.0593,20241031
20241031,000788,0.0838,0.0838,20241031
20241031,000789,-0.407,-0.407,20241031
20241031,000790,0.4581,0.4581,20241031
20241031,000791,0.0,0.0,20241031
20241031,000792,-0.0184,-0.0184,20241031
20241031,000793,0.0,0.0,20241031
20241031,000795,0.1268,0.1268,20241031
20241031,000796,0.5849,0.5849,20241031
20241031,000797,-0.5072,-0.5072,20241031
20241031,000798,0.0,0.0,20241031
20241031,000799,0.2454,0.2454,20241031
20241031,000800,-0.2209,-0.2209,20241031
20241031,000801,0.5112,0.5112,20241031
20241031,000802,0.0716,0.0716,20241031
20241031,000803,0.0838,0.0838,20241031
20241031,000807,0.0,0.0,20241031
20241031,000809,-0.0327,-0.0327,20241031
20241031,000810,0.4888,0.4888,20241031
20241031,000811,0.0307,0.0307,20241031
20241031,000812,0.0,0.0,20241031
20241031,000813,0.0,0.0,20241031
20241031,000815,-0.1513,-0.1513,20241031
20241031,000816,0.0,0.0,20241031
20241031,000818,-0.0552,-0.0552,20241031
20241031,000819,-0.5194,-0.5194,20241031
20241031,000820,0.1329,0.1329,20241031
20241031,000821,0.3292,0.3292,20241031
20241031,000822,-0.182,-0.182,20241031
20241031,000823,-0.0511,-0.0511,20241031
20241031,000825,0.0,0.0,20241031
20241031,000826,0.3211,0.3211,20241031
20241031,000828,0.0552,0.0552,20241031
20241031,000829,0.0,0.0,20241031
20241031,000830,-0.1881,-0.1881,20241031
20241031,000831,0.3292,0.3292,20241031
20241031,000833,-0.3885,-0.3885,20241031
20241031,000837,-0.1738,-0.1738,20241031
20241031,000838,0.0,0.0,20241031
20241031,000839,0.1411,0.1411,20241031
20241031,000848,0.0,0.0,20241031
20241031,000850,0.0,0.0,20241031
20241031,000852,0.0,0.0,20241031
20241031,000856,0.0654,0.0654,20241031
20241031,000858,-0.1186,-0.1186,20241031
20241031,000859,0.0511,0.0511,20241031
20241031,000860,-0.1861,-0.1861,20241031
20241031,000862,0.1227,0.1227,20241031
20241031,000863,-0.2924,-0.2924,20241031
20241031,000868,0.409,0.409,20241031
20241031,000869,0.0,0.0,20241031
20241031,000875,0.3947,0.3947,20241031
20241031,000876,0.0,0.0,20241031
20241031,000877,0.0,0.0,20241031
20241031,000878,0.1084,0.1084,20241031
20241031,000880,-0.1207,-0.1207,20241031
20241031,000881,0.0613,0.0613,20241031
20241031,000882,-0.1575,-0.1575,20241031
20241031,000883,-0.3272,-0.3272,20241031
20241031,000885,0.0,0.0,20241031
20241031,000886,0.2536,0.2536,20241031
20241031,000887,-0.4131,-0.4131,20241031
20241031,000888,0.0,0.0,20241031
20241031,000889,-0.1043,-0.1043,20241031
20241031,000890,-0.0184,-0.0184,20241031
20241031,000892,-0.2618,-0.2618,20241031
20241031,000893,0.0,0.0,20241031
20241031,000895,-0.3476,-0.3476,20241031
20241031,000897,-0.229,-0.229,20241031
20241031,000898,0.0,0.0,20241031
20241031,000899,0.0266,0.0266,20241031
20241031,000900,-0.0225,-0.0225,20241031
20241031,000901,0.272,0.272,20241031
20241031,000902,-0.0511,-0.0511,20241031
20241031,000903,0.3252,0.3252,20241031
20241031,000905,0.1063,0.1063,20241031
20241031,000906,-0.1472,-0.1472,20241031
20241031,000908,0.4826,0.4826,20241031
20241031,000909,0.3456,0.3456,20241031
20241031,000910,-0.4765,-0.4765,20241031
20241031,000911,-0.2597,-0.2597,20241031
20241031,000912,-0.2106,-0.2106,20241031
20241031,000913,0.0,0.0,20241031
20241031,000915,-0.3967,-0.3967,20241031
20241031,000917,0.3722,0.3722,20241031
20241031,000919,-0.274,-0.274,20241031
20241031,000920,-0.4703,-0.4703,20241031
20241031,000921,-0.4356,-0.4356,20241031
20241031,000922,-0.0818,-0.0818,20241031
20241031,000923,-0.3067,-0.3067,20241031
20241031,000925,0.0041,0.0041,20241031
20241031,000926,-0.0593,-0.0593,20241031
20241031,000927,0.0,0.0,20241031
20241031,000928,-0.1677,-0.1677,20241031
20241031,000929,0.6585,0.6585,20241031
20241031,000930,-0.0511,-0.0511,20241031
20241031,000931,0.2965,0.2965,20241031
20241031,000932,-0.0286,-0.0286,20241031
20241031,000933,-0.0389,-0.0389,20241031
20241031,000935,0.2352,0.2352,20241031
20241031,000936,0.272,0.272,20241031
20241031,000937,-0.0613,-0.0613,20241031
20241031,000938,-0.0245,-0.0245,20241031
20241031,000948,-0.0102,-0.0102,20241031
20241031,000949,-0.317,-0.317,20241031
20241031,000950,-0.0082,-0.0082,20241031
20241031,000951,-0.1063,-0.1063,20241031
20241031,000952,-0.0491,-0.0491,20241031
20241031,000953,0.5317,0.5317,20241031
20241031,000955,0.1636,0.1636,20241031
20241031,000957,0.2924,0.2924,20241031
20241031,000958,0.3783,0.3783,20241031
20241031,000959,-0.18,-0.18,20241031
20241031,000960,-0.2434,-0.2434,20241031
20241031,000962,0.3272,0.3272,20241031
20241031,000963,-0.1902,-0.1902,20241031
20241031,000965,-0.3374,-0.3374,20241031
20241031,000966,0.1861,0.1861,20241031
20241031,000967,-0.1002,-0.1002,20241031
20241031,000968,0.0,0.0,20241031
20241031,000969,0.3149,0.3149,20241031
20241031,000970,-0.0245,-0.0245,20241031
20241031,000972,0.1575,0.1575,20241031
20241031,000973,0.0,0.0,20241031
20241031,000975,-0.0654,-0.0654,20241031
20241031,000977,0.0368,0.0368,20241031
20241031,000978,-0.09,-0.09,20241031
20241031,000980,0.2986,0.2986,20241031
20241031,000981,-0.047,-0.047,20241031
20241031,000983,-0.0654,-0.0654,20241031
20241031,000985,0.4867,0.4867,20241031
20241031,000987,0.0859,0.0859,20241031
20241031,000988,0.1738,0.1738,20241031
20241031,000989,-0.0716,-0.0716,20241031
20241031,000990,-0.0429,-0.0429,20241031
20241031,000993,0.0082,0.0082,20241031
20241031,000995,0.0777,0.0777,20241031
20241031,000997,0.0,0.0,20241031
20241031,000998,-0.4724,-0.4724,20241031
20241031,000999,0.0,0.0,20241031
20241031,001201,-0.2781,-0.2781,20241031
20241031,001202,0.18,0.18,20241031
20241031,001203,-0.2393,-0.2393,20241031
20241031,001205,-0.0838,-0.0838,20241031
20241031,001206,0.0,0.0,20241031
20241031,001207,0.544,0.544,20241031
20241031,001208,-0.3845,-0.3845,20241031
20241031,001209,-0.1881,-0.1881,20241031
20241031,001210,0.1227,0.1227,20241031
20241031,001211,0.0225,0.0225,20241031
20241031,001212,0.0,0.0,20241031
20241031,001213,-0.3374,-0.3374,20241031
20241031,001215,-0.0675,-0.0675,20241031
20241031,001216,-0.4663,-0.4663,20241031
20241031,001217,-0.1861,-0.1861,20241031
20241031,001218,0.0245,0.0245,20241031
20241031,001219,0.0,0.0,20241031
20241031,001222,0.0266,0.0266,20241031
20241031,001223,-0.0695,-0.0695,20241031
20241031,001225,0.0,0.0,20241031
20241031,001226,0.0,0.0,20241031
20241031,001227,0.0,0.0,20241031
20241031,001228,-0.0552,-0.0552,20241031
20241031,001229,-0.6994,-0.6994,20241031
20241031,001230,0.045,0.045,20241031
20241031,001231,0.0757,0.0757,20241031
20241031,001234,0.0,0.0,20241031
20241031,001236,-0.5521,-0.5521,20241031
20241031,001238,0.0,0.0,20241031
20241031,001239,0.2352,0.2352,20241031
20241031,001255,0.0,0.0,20241031
20241031,001256,0.0,0.0,20241031
20241031,001258,-0.2924,-0.2924,20241031
20241031,001259,-0.1984,-0.1984,20241031
20241031,001260,0.0245,0.0245,20241031
20241031,001266,0.0,0.0,20241031
20241031,001267,0.0654,0.0654,20241031
20241031,001268,-0.2863,-0.2863,20241031
20241031,001269,0.0,0.0,20241031
20241031,001270,0.0,0.0,20241031
20241031,001277,-0.1984,-0.1984,20241031
20241031,001278,-0.5133,-0.5133,20241031
20241031,001282,-0.4376,-0.4376,20241031
20241031,001283,0.1963,0.1963,20241031
20241031,001286,-0.3354,-0.3354,20241031
20241031,001287,-0.1207,-0.1207,20241031
20241031,001288,-0.5174,-0.5174,20241031
20241031,001289,0.1002,0.1002,20241031
20241031,001296,-0.0757,-0.0757,20241031
20241031,001298,-0.4151,-0.4151,20241031
20241031,001299,-0.0327,-0.0327,20241031
20241031,001300,0.0,0.0,20241031
20241031,001301,0.3047,0.3047,20241031
20241031,001306,-0.3067,-0.3067,20241031
20241031,001308,-0.6217,-0.6217,20241031
20241031,001309,-0.274,-0.274,20241031
20241031,001311,0.0123,0.0123,20241031
20241031,001313,-0.182,-0.182,20241031
20241031,001314,-0.3804,-0.3804,20241031
20241031,001316,-0.3497,-0.3497,20241031
20241031,001317,0.0102,0.0102,20241031
20241031,001318,0.0,0.0,20241031
20241031,001319,0.0327,0.0327,20241031
20241031,001322,-0.2699,-0.2699,20241031
20241031,001323,0.0429,0.0429,20241031
20241031,001324,-0.5419,-0.5419,20241031
20241031,001326,-0.2004,-0.2004,20241031
20241031,001328,0.0,0.0,20241031
20241031,001330,0.1493,0.1493,20241031
20241031,001331,-0.1227,-0.1227,20241031
20241031,001332,0.1554,0.1554,20241031
20241031,001333,0.0,0.0,20241031
20241031,001336,-0.1493,-0.1493,20241031
20241031,001337,0.0,0.0,20241031
20241031,001338,0.0,0.0,20241031
20241129,000001,-0.0796,-0.0796,20241129
20241129,000002,-0.4796,-0.4796,20241129
20241129,000004,-0.1612,-0.1612,20241129
20241129,000006,-0.1694,-0.1694,20241129
20241129,000007,0.2429,0.2429,20241129
20241129,000008,-0.5245,-0.5245,20241129
20241129,000009,-0.4,-0.4,20241129
20241129,000010,0.0265,0.0265,20241129
20241129,000011,-0.0388,-0.0388,20241129
20241129,000012,0.0,0.0,20241129
20241129,000014,0.1776,0.1776,20241129
20241129,000016,-0.3224,-0.3224,20241129
20241129,000017,0.0,0.0,20241129
20241129,000019,0.1694,0.1694,20241129
20241129,000020,0.1551,0.1551,20241129
20241129,000021,-0.2571,-0.2571,20241129
20241129,000025,-0.4429,-0.4429,20241129
20241129,000026,-0.0653,-0.0653,20241129
20241129,000027,0.0,0.0,20241129
20241129,000028,-0.0122,-0.0122,20241129
20241129,000029,-0.4041,-0.4041,20241129
20241129,000030,0.0,0.0,20241129
20241129,000031,-0.2388,-0.2388,20241129
20241129,000032,-0.1878,-0.1878,20241129
20241129,000034,0.0,0.0,20241129
20241129,000035,0.1408,0.1408,20241129
20241129,000036,0.1939,0.1939,20241129
20241129,000037,0.3224,0.3224,20241129
20241129,000039,-0.7224,-0.7224,20241129
20241129,000042,0.0,0.0,20241129
20241129,000045,-0.3204,-0.3204,20241129
20241129,000048,-0.2347,-0.2347,20241129
20241129,000049,-0.202,-0.202,20241129
20241129,000050,0.0939,0.0939,20241129
20241129,000055,-0.1102,-0.1102,20241129
20241129,000056,-0.402,-0.402,20241129
20241129,000058,0.0,0.0,20241129
20241129,000059,-0.3796,-0.3796,20241129
20241129,000060,0.0347,0.0347,20241129
20241129,000061,0.4184,0.4184,20241129
20241129,000062,-0.3776,-0.3776,20241129
20241129,000063,-0.098,-0.098,20241129
20241129,000065,0.0,0.0,20241129
20241129,000066,-0.5388,-0.5388,20241129
20241129,000068,-0.402,-0.402,20241129
20241129,000069,-0.0633,-0.0633,20241129
20241129,000070,0.0,0.0,20241129
20241129,000078,0.1,0.1,20241129
20241129,000088,0.0653,0.0653,20241129
20241129,000089,0.0,0.0,20241129
20241129,000090,-0.1469,-0.1469,20241129
20241129,000096,0.2776,0.2776,20241129
20241129,000099,0.0,0.0,20241129
20241129,000100,-0.3469,-0.3469,20241129
20241129,000151,-0.2755,-0.2755,20241129
20241129,000153,0.0612,0.0612,20241129
20241129,000155,-0.0224,-0.0224,20241129
20241129,000156,-0.1755,-0.1755,20241129
20241129,000157,-0.049,-0.049,20241129
20241129,000158,-0.2327,-0.2327,20241129
20241129,000159,-0.1633,-0.1633,20241129
20241129,000166,0.0245,0.0245,20241129
20241129,000301,0.5102,0.5102,20241129
20241129,000333,-0.1102,-0.1102,20241129
20241129,000338,-0.202,-0.202,20241129
20241129,000400,-0.5592,-0.5592,20241129
20241129,000401,0.0,0.0,20241129
20241129,000402,0.2531,0.2531,20241129
20241129,000403,-0.4041,-0.4041,20241129
20241129,000404,-0.1184,-0.1184,20241129
20241129,000407,-0.0714,-0.0714,20241129
20241129,000408,-0.2735,-0.2735,20241129
20241129,000409,0.6959,0.6959,20241129
20241129,000410,-0.6041,-0.6041,20241129
20241129,000411,0.0,0.0,20241129
20241129,000415,0.5592,0.5592,20241129
20241129,000417,0.1367,0.1367,20241129
20241129,000419,0.0,0.0,20241129
20241129,000420,-0.2184,-0.2184,20241129
20241129,000421,0.2265,0.2265,20241129
20241129,000422,-0.3265,-0.3265,20241129
20241129,000423,-0.3122,-0.3122,20241129
20241129,000425,0.0,0.0,20241129
20241129,000426,-0.0102,-0.0102,20241129
20241129,000428,-0.5408,-0.5408,20241129
20241129,000429,-0.0531,-0.0531,20241129
20241129,000430,-0.098,-0.098,20241129
20241129,000488,-0.4041,-0.4041,20241129
20241129,000498,-0.2939,-0.2939,20241129
20241129,000501,-0.1102,-0.1102,20241129
20241129,000503,0.3143,0.3143,20241129
20241129,000504,-0.7327,-0.7327,20241129
20241129,000505,-0.1469,-0.1469,20241129
20241129,000506,0.8551,0.8551,20241129
20241129,000507,0.5571,0.5571,20241129
20241129,000509,0.4959,0.4959,20241129
20241129,000510,-0.3184,-0.3184,20241129
20241129,000513,-0.0939,-0.0939,20241129
20241129,000514,-0.4918,-0.4918,20241129
20241129,000516,0.0,0.0,20241129
20241129,000517,-0.1571,-0.1571,20241129
20241129,000518,0.3469,0.3469,20241129
20241129,000519,-0.502,-0.502,20241129
20241129,000520,-0.0041,-0.0041,20241129
20241129,000521,0.0,0.0,20241129
20241129,000523,-0.2857,-0.2857,20241129
20241129,000524,0.0,0.0,20241129
20241129,000525,0.149,0.149,20241129
20241129,000526,-0.8102,-0.8102,20241129
20241129,000528,-0.2469,-0.2469,20241129
20241129,000529,0.0,0.0,20241129
20241129,000530,0.0,0.0,20241129
20241129,000531,0.3469,0.3469,20241129
20241129,000532,0.2612,0.2612,20241129
20241129,000533,0.3408,0.3408,20241129
20241129,000534,0.0,0.0,20241129
20241129,000536,-0.351,-0.351,20241129
20241129,000537,-0.0102,-0.0102,20241129
20241129,000538,-0.2265,-0.2265,20241129
20241129,000539,-0.0939,-0.0939,20241129
20241129,000541,0.3,0.3,20241129
20241129,000543,0.0143,0.0143,20241129
20241129,000544,-0.1633,-0.1633,20241129
20241129,000545,-0.3857,-0.3857,20241129
20241129,000546,0.2531,0.2531,20241129
20241129,000547,-0.2612,-0.2612,20241129
20241129,000548,0.149,0.149,20241129
20241129,000550,-0.0143,-0.0143,20241129
20241129,000551,-0.3102,-0.3102,20241129
20241129,000552,0.0,0.0,20241129
20241129,000553,-0.298,-0.298,20241129
20241129,000554,0.0,0.0,20241129
20241129,000555,0.4857,0.4857,20241129
20241129,000557,0.0592,0.0592,20241129
20241129,000558,0.0,0.0,20241129
20241129,000559,-0.0531,-0.0531,20241129
20241129,000560,0.0,0.0,20241129
20241129,000561,-0.5592,-0.5592,20241129
20241129,000563,-0.0714,-0.0714,20241129
20241129,000564,0.1857,0.1857,20241129
20241129,000565,0.0,0.0,20241129
20241129,000566,0.3673,0.3673,20241129
20241129,000567,-0.2204,-0.2204,20241129
20241129,000568,-0.1898,-0.1898,20241129
20241129,000570,0.0,0.0,20241129
20241129,000571,-0.1551,-0.1551,20241129
20241129,000572,-0.2592,-0.2592,20241129
20241129,000573,0.2714,0.2714,20241129
20241129,000576,0.2388,0.2388,20241129
20241129,000581,-0.0469,-0.0469,20241129
20241129,000582,-0.3163,-0.3163,20241129
20241129,000586,-0.1041,-0.1041,20241129
20241129,000589,-0.0429,-0.0429,20241129
20241129,000590,0.0959,0.0959,20241129
20241129,000591,0.1102,0.1102,20241129
20241129,000592,0.0,0.0,20241129
20241129,000593,-0.0878,-0.0878,20241129
20241129,000595,-0.1122,-0.1122,20241129
20241129,000596,-0.3,-0.3,20241129
20241129,000597,0.1122,0.1122,20241129
20241129,000598,-0.1939,-0.1939,20241129
20241129,000599,-0.4245,-0.4245,20241129
20241129,000600,-0.0102,-0.0102,20241129
20241129,000601,0.3102,0.3102,20241129
20241129,000603,-0.151,-0.151,20241129
20241129,000605,0.5776,0.5776,20241129
20241129,000607,0.1082,0.1082,20241129
20241129,000608,0.098,0.098,20241129
20241129,000609,0.3122,0.3122,20241129
20241129,000610,-0.0776,-0.0776,20241129
20241129,000612,-0.0082,-0.0082,20241129
20241129,000615,0.1,0.1,20241129
20241129,000617,-0.1694,-0.1694,20241129
20241129,000619,0.1061,0.1061,20241129
20241129,000620,0.2286,0.2286,20241129
20241129,000623,0.102,0.102,20241129
20241129,000625,0.0796,0.0796,20241129
20241129,000626,0.0,0.0,20241129
20241129,000628,-0.5612,-0.5612,20241129
20241129,000629,-0.3755,-0.3755,20241129
20241129,000630,0.0347,0.0347,20241129
20241129,000631,0.0,0.0,20241129
20241129,000632,0.0449,0.0449,20241129
20241129,000633,0.049,0.049,20241129
20241129,000635,-0.3776,-0.3776,20241129
20241129,000636,-0.0918,-0.0918,20241129
20241129,000637,0.0,0.0,20241129
20241129,000638,-0.398,-0.398,20241129
20241129,000639,0.1224,0.1224,20241129
20241129,000650,0.0,0.0,20241129
20241129,000651,-0.1286,-0.1286,20241129
20241129,000652,-0.2163,-0.2163,20241129
20241129,000655,0.3367,0.3367,20241129
20241129,000656,0.3327,0.3327,20241129
20241129,000657,0.0,0.0,20241129
20241129,000659,0.0,0.0,20241129
20241129,000661,-0.1571,-0.1571,20241129
20241129,000663,-0.2469,-0.2469,20241129
20241129,000665,-0.4,-0.4,20241129
20241129,000668,0.2939,0.2939,20241129
20241129,000669,0.1388,0.1388,20241129
20241129,000670,0.5204,0.5204,20241129
20241129,000672,-0.1551,-0.1551,20241129
20241129,000676,-0.2408,-0.2408,20241129
20241129,000677,-0.4041,-0.4041,20241129
20241129,000678,-0.0347,-0.0347,20241129
20241129,000679,0.1673,0.1673,20241129
20241129,000680,0.3735,0.3735,20241129
20241129,000681,0.0,0.0,20241129
20241129,000682,-0.4082,-0.4082,20241129
20241129,000683,-0.4959,-0.4959,20241129
20241129,000685,0.0,0.0,20241129
20241129,000686,-0.1224,-0.1224,20241129
20241129,000688,0.7327,0.7327,20241129
20241129,000690,-0.0041,-0.0041,20241129
20241129,000691,-0.1816,-0.1816,20241129
20241129,000692,-0.1041,-0.1041,20241129
20241129,000695,0.4143,0.4143,20241129
20241129,000697,0.1837,0.1837,20241129
20241129,000698,0.0531,0.0531,20241129
20241129,000700,0.1939,0.1939,20241129
20241129,000701,0.1224,0.1224,20241129
20241129,000702,-0.0429,-0.0429,20241129
20241129,000703,-0.1286,-0.1286,20241129
20241129,000705,0.0776,0.0776,20241129
20241129,000707,-0.0224,-0.0224,20241129
20241129,000708,0.0,0.0,20241129
20241129,000709,0.051,0.051,20241129
20241129,000710,-0.1939,-0.1939,20241129
20241129,000711,-0.1735,-0.1735,20241129
20241129,000712,0.6163,0.6163,20241129
20241129,000713,-0.1898,-0.1898,20241129
20241129,000715,-0.4122,-0.4122,20241129
20241129,000716,0.151,0.151,20241129
20241129,000717,-0.1367,-0.1367,20241129
20241129,000718,-0.0061,-0.0061,20241129
20241129,000719,-0.1102,-0.1102,20241129
20241129,000720,-0.0673,-0.0673,20241129
20241129,000721,0.0,0.0,20241129
20241129,000722,0.3306,0.3306,20241129
20241129,000723,0.0,0.0,20241129
20241129,000725,-0.2061,-0.2061,20241129
20241129,000726,-0.1122,-0.1122,20241129
20241129,000727,0.0367,0.0367,20241129
20241129,000728,0.0,0.0,20241129
20241129,000729,-0.4714,-0.4714,20241129
20241129,000731,0.1531,0.1531,20241129
20241129,000733,-0.0102,-0.0102,20241129
20241129,000735,0.3408,0.3408,20241129
20241129,000736,-0.4735,-0.4735,20241129
20241129,000737,-0.0469,-0.0469,20241129
20241129,000738,-0.0612,-0.0612,20241129
20241129,000739,-0.0551,-0.0551,20241129
20241129,000750,-0.0959,-0.0959,20241129
20241129,000751,0.0,0.0,20241129
20241129,000752,0.0,0.0,20241129
20241129,000753,0.1061,0.1061,20241129
20241129,000755,-0.2204,-0.2204,20241129
20241129,000756,-0.0735,-0.0735,20241129
20241129,000757,0.0,0.0,20241129
20241129,000758,-0.0388,-0.0388,20241129
20241129,000759,0.0,0.0,20241129
20241129,000761,-0.1184,-0.1184,20241129
20241129,000762,-0.2041,-0.2041,20241129
20241129,000766,-0.3408,-0.3408,20241129
20241129,000767,0.0837,0.0837,20241129
20241129,000768,0.0,0.0,20241129
20241129,000776,0.0612,0.0612,20241129
20241129,000777,-0.6061,-0.6061,20241129
20241129,000778,0.0,0.0,20241129
20241129,000779,0.0449,0.0449,20241129
20241129,000782,0.2061,0.2061,20241129
20241129,000783,-0.0347,-0.0347,20241129
20241129,000785,-0.1755,-0.1755,20241129
20241129,000786,-0.6694,-0.6694,20241129
20241129,000788,-0.0265,-0.0265,20241129
20241129,000789,0.198,0.198,20241129
20241129,000790,-0.1878,-0.1878,20241129
20241129,000791,-0.1571,-0.1571,20241129
20241129,000792,-0.2776,-0.2776,20241129
20241129,000793,0.0,0.0,20241129
20241129,000795,0.2163,0.2163,20241129
20241129,000796,0.0592,0.0592,20241129
20241129,000797,-0.1939,-0.1939,20241129
20241129,000798,0.0,0.0,20241129
20241129,000799,0.302,0.302,20241129
20241129,000800,-0.0122,-0.0122,20241129
20241129,000801,0.6327,0.6327,20241129
20241129,000802,0.0918,0.0918,20241129
20241129,000803,0.3694,0.3694,20241129
20241129,000807,0.0224,0.0224,20241129
20241129,000809,0.3143,0.3143,20241129
20241129,000810,0.1918,0.1918,20241129
20241129,000811,0.149,0.149,20241129
20241129,000812,0.0776,0.0776,20241129
20241129,000813,0.1959,0.1959,20241129
20241129,000815,0.2959,0.2959,20241129
20241129,000816,-0.0102,-0.0102,20241129
20241129,000818,0.3245,0.3245,20241129
20241129,000819,-0.002,-0.002,20241129
20241129,000820,-0.8327,-0.8327,20241129
20241129,000821,-0.4143,-0.4143,20241129
20241129,000822,0.249,0.249,20241129
20241129,000823,0.0,0.0,20241129
20241129,000825,-0.0286,-0.0286,20241129
20241129,000826,0.1755,0.1755,20241129
20241129,000828,0.0,0.0,20241129
20241129,000829,-0.3531,-0.3531,20241129
20241129,000830,-0.2551,-0.2551,20241129
20241129,000831,-0.3592,-0.3592,20241129
20241129,000833,0.1224,0.1224,20241129
20241129,000837,0.0,0.0,20241129
20241129,000838,0.1735,0.1735,20241129
20241129,000839,-0.451,-0.451,20241129
20241129,000848,0.0,0.0,20241129
20241129,000850,0.0,0.0,20241129
20241129,000852,0.0,0.0,20241129
20241129,000856,0.1306,0.1306,20241129
20241129,000858,-0.2898,-0.2898,20241129
20241129,000859,0.0,0.0,20241129
20241129,000860,0.0367,0.0367,20241129
20241129,000862,0.2102,0.2102,20241129
20241129,000863,-0.0551,-0.0551,20241129
20241129,000868,0.2122,0.2122,20241129
20241129,000869,0.0,0.0,20241129
20241129,000875,-0.2265,-0.2265,20241129
20241129,000876,0.0,0.0,20241129
20241129,000877,0.3878,0.3878,20241129
20241129,000878,0.0,0.0,20241129
20241129,000880,0.3041,0.3041,20241129
20241129,000881,0.2633,0.2633,20241129
20241129,000882,0.0,0.0,20241129
20241129,000883,0.0,0.0,20241129
20241129,000885,-0.0837,-0.0837,20241129
20241129,000886,0.2796,0.2796,20241129
20241129,000887,-0.3265,-0.3265,20241129
20241129,000888,-0.1714,-0.1714,20241129
20241129,000889,0.0592,0.0592,20241129
20241129,000890,0.1857,0.1857,20241129
20241129,000892,0.1714,0.1714,20241129
20241129,000893,0.1918,0.1918,20241129
20241129,000895,-0.5571,-0.5571,20241129
20241129,000897,-0.0653,-0.0653,20241129
20241129,000898,0.0,0.0,20241129
20241129,000899,-0.0408,-0.0408,20241129
20241129,000900,0.102,0.102,20241129
20241129,000901,-0.3592,-0.3592,20241129
20241129,000902,-0.2714,-0.2714,20241129
20241129,000903,-0.1878,-0.1878,20241129
20241129,000905,0.0,0.0,20241129
20241129,000906,0.0143,0.0143,20241129
20241129,000908,-0.1571,-0.1571,20241129
20241129,000909,0.3143,0.3143,20241129
20241129,000910,0.0857,0.0857,20241129
20241129,000911,0.0714,0.0714,20241129
20241129,000912,0.0,0.0,20241129
20241129,000913,0.0,0.0,20241129
20241129,000915,-0.4837,-0.4837,20241129
20241129,000917,-0.7367,-0.7367,20241129
20241129,000919,0.202,0.202,20241129
20241129,000920,-0.1429,-0.1429,20241129
20241129,000921,-0.1408,-0.1408,20241129
20241129,000922,-0.0265,-0.0265,20241129
20241129,000923,0.1388,0.1388,20241129
20241129,000925,0.1,0.1,20241129
20241129,000926,0.2408,0.2408,20241129
20241129,000927,-0.402,-0.402,20241129
20241129,000928,0.0796,0.0796,20241129
20241129,000929,0.0388,0.0388,20241129
20241129,000930,-0.0122,-0.0122,20241129
20241129,000931,0.0,0.0,20241129
20241129,000932,-0.1061,-0.1061,20241129
20241129,000933,0.0,0.0,20241129
20241129,000935,-0.1653,-0.1653,20241129
20241129,000936,0.0,0.0,20241129
20241129,000937,0.2041,0.2041,20241129
20241129,000938,-0.2592,-0.2592,20241129
20241129,000948,-0.1102,-0.1102,20241129
20241129,000949,0.4306,0.4306,20241129
20241129,000950,-0.0327,-0.0327,20241129
20241129,000951,0.0,0.0,20241129
20241129,000952,0.3408,0.3408,20241129
20241129,000953,-0.0959,-0.0959,20241129
20241129,000955,0.0612,0.0612,20241129
20241129,000957,0.551,0.551,20241129
20241129,000958,-0.1224,-0.1224,20241129
20241129,000959,-0.0429,-0.0429,20241129
20241129,000960,-0.3612,-0.3612,20241129
20241129,000962,0.4102,0.4102,20241129
20241129,000963,0.3653,0.3653,20241129
20241129,000965,0.0,0.0,20241129
20241129,000966,-0.0633,-0.0633,20241129
20241129,000967,-0.002,-0.002,20241129
20241129,000968,0.0,0.0,20241129
20241129,000969,0.2408,0.2408,20241129
20241129,000970,-0.6143,-0.6143,20241129
20241129,000972,-0.0694,-0.0694,20241129
20241129,000973,0.2408,0.2408,20241129
20241129,000975,-0.0449,-0.0449,20241129
20241129,000977,0.0,0.0,20241129
20241129,000978,0.1898,0.1898,20241129
20241129,000980,0.3102,0.3102,20241129
20241129,000981,0.4408,0.4408,20241129
20241129,000983,-0.0918,-0.0918,20241129
20241129,000985,0.2592,0.2592,20241129
20241129,000987,0.051,0.051,20241129
20241129,000988,-0.451,-0.451,20241129
20241129,000989,0.0102,0.0102,20241129
20241129,000990,0.0,0.0,20241129
20241129,000993,-0.1449,-0.1449,20241129
20241129,000995,0.0,0.0,20241129
20241129,000997,0.1694,0.1694,20241129
20241129,000998,0.0,0.0,20241129
20241129,000999,-0.2918,-0.2918,20241129
20241129,001201,0.0,0.0,20241129
20241129,001202,-0.1429,-0.1429,20241129
20241129,001203,0.5653,0.5653,20241129
20241129,001205,0.0,0.0,20241129
20241129,001206,0.0,0.0,20241129
20241129,001207,-0.1837,-0.1837,20241129
20241129,001208,0.2224,0.2224,20241129
20241129,001209,0.4531,0.4531,20241129
20241129,001210,0.0408,0.0408,20241129
20241129,001211,0.2347,0.2347,20241129
20241129,001212,0.0388,0.0388,20241129
20241129,001213,-0.3204,-0.3204,20241129
20241129,001215,0.0306,0.0306,20241129
20241129,001216,0.0,0.0,20241129
20241129,001217,0.3347,0.3347,20241129
20241129,001218,0.2469,0.2469,20241129
20241129,001219,-0.1265,-0.1265,20241129
20241129,001222,0.0,0.0,20241129
20241129,001223,0.0367,0.0367,20241129
20241129,001225,-0.3857,-0.3857,20241129
20241129,001226,0.4286,0.4286,20241129
20241129,001227,0.0,0.0,20241129
20241129,001228,0.0,0.0,20241129
20241129,001229,0.2857,0.2857,20241129
20241129,001230,0.0,0.0,20241129
20241129,001231,0.2143,0.2143,20241129
20241129,001234,-0.3878,-0.3878,20241129
20241129,001236,0.0,0.0,20241129
20241129,001238,-0.3612,-0.3612,20241129
20241129,001239,-0.1592,-0.1592,20241129
20241129,001255,0.3816,0.3816,20241129
20241129,001256,0.0,0.0,20241129
20241129,001258,0.4143,0.4143,20241129
20241129,001259,0.4939,0.4939,20241129
20241129,001260,0.2776,0.2776,20241129
20241129,001266,0.0,0.0,20241129
20241129,001267,0.1959,0.1959,20241129
20241129,001268,-0.0714,-0.0714,20241129
20241129,001269,0.0,0.0,20241129
20241129,001270,0.0,0.0,20241129
20241129,001277,-0.0878,-0.0878,20241129
20241129,001278,0.2939,0.2939,20241129
20241129,001279,-0.6878,-0.6878,20241129
20241129,001282,0.3082,0.3082,20241129
20241129,001283,0.0918,0.0918,20241129
20241129,001286,0.0694,0.0694,20241129
20241129,001287,0.1082,0.1082,20241129
20241129,001288,0.0,0.0,20241129
20241129,001289,0.0,0.0,20241129
20241129,001296,0.0,0.0,20241129
20241129,001298,-0.1367,-0.1367,20241129
20241129,001299,-0.0265,-0.0265,20241129
20241129,001300,0.1,0.1,20241129
20241129,001301,0.349,0.349,20241129
20241129,001306,0.0592,0.0592,20241129
20241129,001308,0.5837,0.5837,20241129
20241129,001309,-0.6898,-0.6898,20241129
20241129,001311,0.2571,0.2571,20241129
20241129,001313,0.3878,0.3878,20241129
20241129,001314,0.5449,0.5449,20241129
20241129,001316,0.0,0.0,20241129
20241129,001317,0.0,0.0,20241129
20241129,001318,0.0,0.0,20241129
20241129,001319,0.0102,0.0102,20241129
20241129,001322,-0.5388,-0.5388,20241129
20241129,001323,-0.0939,-0.0939,20241129
20241129,001324,0.0,0.0,20241129
20241129,001326,0.0,0.0,20241129
20241129,001328,0.0,0.0,20241129
20241129,001330,0.0,0.0,20241129
20241129,001331,0.0,0.0,20241129
20241129,001332,0.098,0.098,20241129
20241129,001333,0.0102,0.0102,20241129
20241129,001336,0.2959,0.2959,20241129
20241129,001337,0.0,0.0,20241129
20241129,001338,-0.149,-0.149,20241129
20241231,000001,0.0,0.0,20241231
20241231,000002,-0.002,-0.002,20241231
20241231,000004,-0.1796,-0.1796,20241231
20241231,000006,-0.1898,-0.1898,20241231
20241231,000007,0.0,0.0,20241231
20241231,000008,0.0,0.0,20241231
20241231,000009,-0.1735,-0.1735,20241231
20241231,000010,-0.1816,-0.1816,20241231
20241231,000011,0.1694,0.1694,20241231
20241231,000012,0.0,0.0,20241231
20241231,000014,0.0,0.0,20241231
20241231,000016,0.0367,0.0367,20241231
20241231,000017,-0.3,-0.3,20241231
20241231,000019,0.002,0.002,20241231
20241231,000020,-0.4571,-0.4571,20241231
20241231,000021,0.0,0.0,20241231
20241231,000025,0.0796,0.0796,20241231
20241231,000026,0.2143,0.2143,20241231
20241231,000027,0.0571,0.0571,20241231
20241231,000028,0.3327,0.3327,20241231
20241231,000029,0.0184,0.0184,20241231
20241231,000030,-0.0653,-0.0653,20241231
20241231,000031,0.2367,0.2367,20241231
20241231,000032,0.1041,0.1041,20241231
20241231,000034,0.6347,0.6347,20241231
20241231,000035,0.102,0.102,20241231
20241231,000036,-0.0653,-0.0653,20241231
20241231,000037,-0.5633,-0.5633,20241231
20241231,000039,-0.0265,-0.0265,20241231
20241231,000042,-0.0102,-0.0102,20241231
20241231,000045,-0.4653,-0.4653,20241231
20241231,000048,0.2816,0.2816,20241231
20241231,000049,0.0388,0.0388,20241231
20241231,000050,0.1673,0.1673,20241231
20241231,000055,-0.4286,-0.4286,20241231
20241231,000056,-0.6918,-0.6918,20241231
20241231,000058,0.0,0.0,20241231
20241231,000059,0.0,0.0,20241231
20241231,000060,0.1857,0.1857,20241231
20241231,000061,-0.0408,-0.0408,20241231
20241231,000062,-0.5041,-0.5041,20241231
20241231,000063,0.2939,0.2939,20241231
20241231,000065,-0.1388,-0.1388,20241231
20241231,000066,-0.3898,-0.3898,20241231
20241231,000068,-0.0755,-0.0755,20241231
20241231,000069,0.1143,0.1143,20241231
20241231,000070,-0.051,-0.051,20241231
20241231,000078,-0.2694,-0.2694,20241231
20241231,000088,-0.2898,-0.2898,20241231
20241231,000089,0.0,0.0,20241231
20241231,000090,-0.1143,-0.1143,20241231
20241231,000096,0.1837,0.1837,20241231
20241231,000099,0.0,0.0,20241231
20241231,000100,0.3367,0.3367,20241231
20241231,000151,0.0306,0.0306,20241231
20241231,000153,-0.2429,-0.2429,20241231
20241231,000155,-0.2408,-0.2408,20241231
20241231,000156,0.2184,0.2184,20241231
20241231,000157,0.0,0.0,20241231
20241231,000158,-0.1673,-0.1673,20241231
20241231,000159,-0.5061,-0.5061,20241231
20241231,000166,0.0735,0.0735,20241231
20241231,000301,-0.1429,-0.1429,20241231
20241231,000333,0.0224,0.0224,20241231
20241231,000338,0.2327,0.2327,20241231
20241231,000400,0.2143,0.2143,20241231
20241231,000401,0.151,0.151,20241231
20241231,000402,-0.0449,-0.0449,20241231
20241231,000403,0.0,0.0,20241231
20241231,000404,-0.1,-0.1,20241231
20241231,000407,0.2694,0.2694,20241231
20241231,000408,0.2082,0.2082,20241231
20241231,000409,0.0143,0.0143,20241231
20241231,000410,0.0,0.0,20241231
20241231,000411,0.1918,0.1918,20241231
20241231,000415,0.0673,0.0673,20241231
20241231,000417,-0.1694,-0.1694,20241231
20241231,000419,-0.1347,-0.1347,20241231
20241231,000420,0.0,0.0,20241231
20241231,000421,-0.3245,-0.3245,20241231
20241231,000422,-0.0735,-0.0735,20241231
20241231,000423,0.1306,0.1306,20241231
20241231,000425,-0.1265,-0.1265,20241231
20241231,000426,-0.3612,-0.3612,20241231
20241231,000428,-0.4735,-0.4735,20241231
20241231,000429,0.3245,0.3245,20241231
20241231,000430,-0.5469,-0.5469,20241231
20241231,000488,0.0,0.0,20241231
20241231,000498,0.0,0.0,20241231
20241231,000501,0.1449,0.1449,20241231
20241231,000503,-0.1571,-0.1571,20241231
20241231,000504,-0.1531,-0.1531,20241231
20241231,000505,-0.0878,-0.0878,20241231
20241231,000506,0.4224,0.4224,20241231
20241231,000507,0.0,0.0,20241231
20241231,000509,-0.3857,-0.3857,20241231
20241231,000510,-0.2367,-0.2367,20241231
20241231,000513,0.2245,0.2245,20241231
20241231,000514,-0.1224,-0.1224,20241231
20241231,000516,-0.0184,-0.0184,20241231
20241231,000517,-0.0224,-0.0224,20241231
20241231,000518,-0.702,-0.702,20241231
20241231,000519,-0.149,-0.149,20241231
20241231,000520,-0.6531,-0.6531,20241231
20241231,000521,-0.2673,-0.2673,20241231
20241231,000523,0.1388,0.1388,20241231
20241231,000524,0.0,0.0,20241231
20241231,000525,-0.5408,-0.5408,20241231
20241231,000526,0.0,0.0,20241231
20241231,000528,0.0245,0.0245,20241231
20241231,000529,0.2592,0.2592,20241231
20241231,000530,0.0388,0.0388,20241231
20241231,000531,-0.1265,-0.1265,20241231
20241231,000532,-0.1245,-0.1245,20241231
20241231,000533,0.402,0.402,20241231
20241231,000534,0.2327,0.2327,20241231
20241231,000536,-0.5673,-0.5673,20241231
20241231,000537,0.4041,0.4041,20241231
20241231,000538,0.0918,0.0918,20241231
20241231,000539,-0.0327,-0.0327,20241231
20241231,000541,-0.0082,-0.0082,20241231
20241231,000543,0.1224,0.1224,20241231
20241231,000544,0.5592,0.5592,20241231
20241231,000545,-0.4,-0.4,20241231
20241231,000546,-0.0245,-0.0245,20241231
20241231,000547,-0.3388,-0.3388,20241231
20241231,000548,-0.4592,-0.4592,20241231
20241231,000550,0.0,0.0,20241231
20241231,000551,-0.2633,-0.2633,20241231
20241231,000552,0.0,0.0,20241231
20241231,000553,0.1143,0.1143,20241231
20241231,000554,0.0,0.0,20241231
20241231,000555,0.2735,0.2735,20241231
20241231,000557,0.0,0.0,20241231
20241231,000558,0.0796,0.0796,20241231
20241231,000559,-0.1286,-0.1286,20241231
20241231,000560,0.0,0.0,20241231
20241231,000561,0.0694,0.0694,20241231
20241231,000563,0.0,0.0,20241231
20241231,000564,-0.1449,-0.1449,20241231
20241231,000565,0.0,0.0,20241231
20241231,000566,-0.551,-0.551,20241231
20241231,000567,-0.2612,-0.2612,20241231
20241231,000568,-0.2837,-0.2837,20241231
20241231,000570,-0.4245,-0.4245,20241231
20241231,000571,-0.3612,-0.3612,20241231
20241231,000572,-0.3531,-0.3531,20241231
20241231,000573,0.149,0.149,20241231
20241231,000576,-0.3265,-0.3265,20241231
20241231,000581,0.2714,0.2714,20241231
20241231,000582,0.0,0.0,20241231
20241231,000586,-0.3592,-0.3592,20241231
20241231,000589,0.1796,0.1796,20241231
20241231,000590,-0.4898,-0.4898,20241231
20241231,000591,0.2367,0.2367,20241231
20241231,000592,0.0,0.0,20241231
20241231,000593,-0.151,-0.151,20241231
20241231,000595,-0.3082,-0.3082,20241231
20241231,000596,-0.2082,-0.2082,20241231
20241231,000597,0.0,0.0,20241231
20241231,000598,0.1143,0.1143,20241231
20241231,000599,-0.4429,-0.4429,20241231
20241231,000600,0.2551,0.2551,20241231
20241231,000601,0.0,0.0,20241231
20241231,000603,0.0,0.0,20241231
20241231,000605,-0.5571,-0.5571,20241231
20241231,000607,0.098,0.098,20241231
20241231,000608,-0.1306,-0.1306,20241231
20241231,000609,0.602,0.602,20241231
20241231,000610,0.4327,0.4327,20241231
20241231,000612,-0.198,-0.198,20241231
20241231,000615,0.2592,0.2592,20241231
20241231,000617,0.0857,0.0857,20241231
20241231,000619,-0.6673,-0.6673,20241231
20241231,000620,0.6408,0.6408,20241231
20241231,000623,-0.3224,-0.3224,20241231
20241231,000625,0.1592,0.1592,20241231
20241231,000626,0.0,0.0,20241231
20241231,000628,0.4143,0.4143,20241231
20241231,000629,0.3959,0.3959,20241231
20241231,000630,0.0,0.0,20241231
20241231,000631,0.0,0.0,20241231
20241231,000632,-0.102,-0.102,20241231
20241231,000633,-0.2531,-0.2531,20241231
20241231,000635,-0.151,-0.151,20241231
20241231,000636,-0.0694,-0.0694,20241231
20241231,000637,-0.0061,-0.0061,20241231
20241231,000638,-0.4041,-0.4041,20241231
20241231,000639,-0.0184,-0.0184,20241231
20241231,000650,-0.1224,-0.1224,20241231
20241231,000651,0.0184,0.0184,20241231
20241231,000652,-0.1143,-0.1143,20241231
20241231,000655,-0.2163,-0.2163,20241231
20241231,000656,0.798,0.798,20241231
20241231,000657,-0.0673,-0.0673,20241231
20241231,000659,0.0,0.0,20241231
20241231,000661,-0.3224,-0.3224,20241231
20241231,000663,-0.3939,-0.3939,20241231
20241231,000665,0.5041,0.5041,20241231
20241231,000668,-0.0653,-0.0653,20241231
20241231,000669,0.5163,0.5163,20241231
20241231,000670,0.3163,0.3163,20241231
20241231,000672,0.3265,0.3265,20241231
20241231,000676,-0.849,-0.849,20241231
20241231,000677,-0.1796,-0.1796,20241231
20241231,000678,0.2531,0.2531,20241231
20241231,000679,0.1531,0.1531,20241231
20241231,000680,-0.4694,-0.4694,20241231
20241231,000681,0.0,0.0,20241231
20241231,000682,0.1429,0.1429,20241231
20241231,000683,0.1857,0.1857,20241231
20241231,000685,0.0,0.0,20241231
20241231,000686,-0.1429,-0.1429,20241231
20241231,000688,-0.2939,-0.2939,20241231
20241231,000690,0.0,0.0,20241231
20241231,000691,-0.4286,-0.4286,20241231
20241231,000692,-0.149,-0.149,20241231
20241231,000695,-0.3,-0.3,20241231
20241231,000697,0.0,0.0,20241231
20241231,000698,-0.0878,-0.0878,20241231
20241231,000700,-0.0449,-0.0449,20241231
20241231,000701,-0.1673,-0.1673,20241231
20241231,000702,-0.5,-0.5,20241231
20241231,000703,0.4347,0.4347,20241231
20241231,000705,-0.0633,-0.0633,20241231
20241231,000707,0.049,0.049,20241231
20241231,000708,0.0,0.0,20241231
20241231,000709,0.2429,0.2429,20241231
20241231,000710,0.0,0.0,20241231
20241231,000711,0.0,0.0,20241231
20241231,000712,-0.2612,-0.2612,20241231
20241231,000713,-0.3408,-0.3408,20241231
20241231,000715,0.0,0.0,20241231
20241231,000716,-0.2122,-0.2122,20241231
20241231,000717,0.1959,0.1959,20241231
20241231,000718,0.2429,0.2429,20241231
20241231,000719,0.0,0.0,20241231
20241231,000720,-0.5143,-0.5143,20241231
20241231,000721,0.0,0.0,20241231
20241231,000722,-0.4041,-0.4041,20241231
20241231,000723,0.0,0.0,20241231
20241231,000725,0.2592,0.2592,20241231
20241231,000726,0.3408,0.3408,20241231
20241231,000727,-0.2388,-0.2388,20241231
20241231,000728,0.0061,0.0061,20241231
20241231,000729,0.0469,0.0469,20241231
20241231,000731,-0.2224,-0.2224,20241231
20241231,000733,-0.0816,-0.0816,20241231
20241231,000735,-0.2796,-0.2796,20241231
20241231,000736,-0.0061,-0.0061,20241231
20241231,000737,-0.2347,-0.2347,20241231
20241231,000738,-0.0612,-0.0612,20241231
20241231,000739,0.1673,0.1673,20241231
20241231,000750,-0.3041,-0.3041,20241231
20241231,000751,-0.1571,-0.1571,20241231
20241231,000752,0.0,0.0,20241231
20241231,000753,-0.1449,-0.1449,20241231
20241231,000755,0.1612,0.1612,20241231
20241231,000756,0.1245,0.1245,20241231
20241231,000757,0.0,0.0,20241231
20241231,000758,0.098,0.098,20241231
20241231,000759,0.0,0.0,20241231
20241231,000761,-0.1347,-0.1347,20241231
20241231,000762,0.0,0.0,20241231
20241231,000766,0.3388,0.3388,20241231
20241231,000767,-0.2429,-0.2429,20241231
20241231,000768,0.0143,0.0143,20241231
20241231,000776,0.0204,0.0204,20241231
20241231,000777,0.0,0.0,20241231
20241231,000778,0.0,0.0,20241231
20241231,000779,0.0388,0.0388,20241231
20241231,000782,-0.0796,-0.0796,20241231
20241231,000783,0.0,0.0,20241231
20241231,000785,0.149,0.149,20241231
20241231,000786,0.1306,0.1306,20241231
20241231,000788,-0.1633,-0.1633,20241231
20241231,000789,0.0,0.0,20241231
20241231,000790,-0.5449,-0.5449,20241231
20241231,000791,0.2612,0.2612,20241231
20241231,000792,0.0,0.0,20241231
20241231,000793,-0.6224,-0.6224,20241231
20241231,000795,-0.3755,-0.3755,20241231
20241231,000796,-0.4082,-0.4082,20241231
20241231,000797,0.0388,0.0388,20241231
20241231,000798,0.0,0.0,20241231
20241231,000799,-0.1429,-0.1429,20241231
20241231,000800,0.0327,0.0327,20241231
20241231,000801,-0.6939,-0.6939,20241231
20241231,000802,0.0,0.0,20241231
20241231,000803,-0.0102,-0.0102,20241231
20241231,000807,0.0,0.0,20241231
20241231,000809,0.3612,0.3612,20241231
20241231,000810,0.0776,0.0776,20241231
20241231,000811,0.1,0.1,20241231
20241231,000812,0.1082,0.1082,20241231
20241231,000813,0.0469,0.0469,20241231
20241231,000815,0.0,0.0,20241231
20241231,000816,0.0,0.0,20241231
20241231,000818,0.2347,0.2347,20241231
20241231,000819,0.3571,0.3571,20241231
20241231,000820,0.2939,0.2939,20241231
20241231,000821,-0.3429,-0.3429,20241231
20241231,000822,-0.0327,-0.0327,20241231
20241231,000823,0.3245,0.3245,20241231
20241231,000825,-0.1388,-0.1388,20241231
20241231,000826,-0.151,-0.151,20241231
20241231,000828,-0.1408,-0.1408,20241231
20241231,000829,-0.051,-0.051,20241231
20241231,000830,0.3633,0.3633,20241231
20241231,000831,-0.0755,-0.0755,20241231
20241231,000833,-0.149,-0.149,20241231
20241231,000837,-0.1102,-0.1102,20241231
20241231,000838,-0.1469,-0.1469,20241231
20241231,000839,0.002,0.002,20241231
20241231,000848,0.0,0.0,20241231
20241231,000850,0.0,0.0,20241231
20241231,000852,0.0,0.0,20241231
20241231,000856,-0.6,-0.6,20241231
20241231,000858,0.0,0.0,20241231
20241231,000859,0.0,0.0,20241231
20241231,000860,0.198,0.198,20241231
20241231,000862,-0.0408,-0.0408,20241231
20241231,000863,0.4327,0.4327,20241231
20241231,000868,-0.2102,-0.2102,20241231
20241231,000869,0.0,0.0,20241231
20241231,000875,-0.1041,-0.1041,20241231
20241231,000876,0.0,0.0,20241231
20241231,000877,-0.0286,-0.0286,20241231
20241231,000878,0.1245,0.1245,20241231
20241231,000880,0.3163,0.3163,20241231
20241231,000881,-0.0143,-0.0143,20241231
20241231,000882,0.0694,0.0694,20241231
20241231,000883,0.298,0.298,20241231
20241231,000885,0.4224,0.4224,20241231
20241231,000886,0.6816,0.6816,20241231
20241231,000887,0.2776,0.2776,20241231
20241231,000888,0.0,0.0,20241231
20241231,000889,0.0184,0.0184,20241231
20241231,000890,-0.1592,-0.1592,20241231
20241231,000892,-0.3388,-0.3388,20241231
20241231,000893,0.0551,0.0551,20241231
20241231,000895,0.6367,0.6367,20241231
20241231,000897,0.0,0.0,20241231
20241231,000898,0.1184,0.1184,20241231
20241231,000899,0.1408,0.1408,20241231
20241231,000900,0.0,0.0,20241231
20241231,000901,-0.2898,-0.2898,20241231
20241231,000902,0.2429,0.2429,20241231
20241231,000903,-0.0735,-0.0735,20241231
20241231,000905,0.0245,0.0245,20241231
20241231,000906,-0.1898,-0.1898,20241231
20241231,000908,0.1571,0.1571,20241231
20241231,000909,0.5143,0.5143,20241231
20241231,000910,-0.2694,-0.2694,20241231
20241231,000911,-0.0143,-0.0143,20241231
20241231,000912,-0.3857,-0.3857,20241231
20241231,000913,0.0,0.0,20241231
20241231,000915,0.3245,0.3245,20241231
20241231,000917,-0.0531,-0.0531,20241231
20241231,000919,-0.1082,-0.1082,20241231
20241231,000920,0.0959,0.0959,20241231
20241231,000921,0.0,0.0,20241231
20241231,000922,0.0,0.0,20241231
20241231,000923,0.0,0.0,20241231
20241231,000925,0.051,0.051,20241231
20241231,000926,-0.102,-0.102,20241231
20241231,000927,0.0,0.0,20241231
20241231,000928,-0.198,-0.198,20241231
20241231,000929,-0.8735,-0.8735,20241231
20241231,000930,0.0,0.0,20241231
20241231,000931,-0.3163,-0.3163,20241231
20241231,000932,-0.051,-0.051,20241231
20241231,000933,0.0959,0.0959,20241231
20241231,000935,-0.0449,-0.0449,20241231
20241231,000936,0.4918,0.4918,20241231
20241231,000937,-0.0347,-0.0347,20241231
20241231,000938,0.3694,0.3694,20241231
20241231,000948,0.0,0.0,20241231
20241231,000949,0.1878,0.1878,20241231
20241231,000950,0.0,0.0,20241231
20241231,000951,0.2816,0.2816,20241231
20241231,000952,-0.0816,-0.0816,20241231
20241231,000953,-0.0265,-0.0265,20241231
20241231,000955,-0.2694,-0.2694,20241231
20241231,000957,-0.3265,-0.3265,20241231
20241231,000958,-0.2143,-0.2143,20241231
20241231,000959,0.0714,0.0714,20241231
20241231,000960,0.298,0.298,20241231
20241231,000962,-0.1551,-0.1551,20241231
20241231,000963,-0.2,-0.2,20241231
20241231,000965,-0.1408,-0.1408,20241231
20241231,000966,-0.0633,-0.0633,20241231
20241231,000967,0.5531,0.5531,20241231
20241231,000968,0.0,0.0,20241231
20241231,000969,0.1143,0.1143,20241231
20241231,000970,0.0,0.0,20241231
20241231,000972,-0.0959,-0.0959,20241231
20241231,000973,-0.5143,-0.5143,20241231
20241231,000975,-0.1633,-0.1633,20241231
20241231,000977,0.3714,0.3714,20241231
20241231,000978,-0.4673,-0.4673,20241231
20241231,000980,-0.2755,-0.2755,20241231
20241231,000981,0.2939,0.2939,20241231
20241231,000983,0.0837,0.0837,20241231
20241231,000985,0.0571,0.0571,20241231
20241231,000987,0.049,0.049,20241231
20241231,000988,0.302,0.302,20241231
20241231,000989,0.0796,0.0796,20241231
20241231,000990,0.0,0.0,20241231
20241231,000993,-0.1449,-0.1449,20241231
20241231,000995,0.2939,0.2939,20241231
20241231,000997,0.0,0.0,20241231
20241231,000998,0.0,0.0,20241231
20241231,000999,0.0,0.0,20241231
20241231,001201,0.0714,0.0714,20241231
20241231,001202,0.3184,0.3184,20241231
20241231,001203,-0.1469,-0.1469,20241231
20241231,001205,0.0,0.0,20241231
20241231,001206,-0.2184,-0.2184,20241231
20241231,001207,0.2163,0.2163,20241231
20241231,001208,-0.1327,-0.1327,20241231
20241231,001209,-0.3531,-0.3531,20241231
20241231,001210,0.2082,0.2082,20241231
20241231,001211,-0.0102,-0.0102,20241231
20241231,001212,0.0429,0.0429,20241231
20241231,001213,0.4184,0.4184,20241231
20241231,001215,0.0,0.0,20241231
20241231,001216,-0.1939,-0.1939,20241231
20241231,001217,0.5306,0.5306,20241231
20241231,001218,0.3306,0.3306,20241231
20241231,001219,0.3653,0.3653,20241231
20241231,001222,0.0531,0.0531,20241231
20241231,001223,0.1959,0.1959,20241231
20241231,001225,-0.1061,-0.1061,20241231
20241231,001226,0.0122,0.0122,20241231
20241231,001227,-0.2306,-0.2306,20241231
20241231,001228,-0.1224,-0.1224,20241231
20241231,001229,-0.4898,-0.4898,20241231
20241231,001230,0.2143,0.2143,20241231
20241231,001231,-0.0612,-0.0612,20241231
20241231,001234,0.0,0.0,20241231
20241231,001236,-0.098,-0.098,20241231
20241231,001238,0.0959,0.0959,20241231
20241231,001239,-0.4388,-0.4388,20241231
20241231,001255,-0.1245,-0.1245,20241231
20241231,001256,0.0,0.0,20241231
20241231,001258,0.651,0.651,20241231
20241231,001259,-0.4796,-0.4796,20241231
20241231,001260,0.0,0.0,20241231
20241231,001266,0.0,0.0,20241231
20241231,001267,-0.6122,-0.6122,20241231
20241231,001268,-0.6367,-0.6367,20241231
20241231,001269,0.1469,0.1469,20241231
20241231,001270,-0.8878,-0.8878,20241231
20241231,001277,0.2612,0.2612,20241231
20241231,001278,-0.1367,-0.1367,20241231
20241231,001279,-0.0184,-0.0184,20241231
20241231,001282,0.1857,0.1857,20241231
20241231,001283,0.3837,0.3837,20241231
20241231,001286,0.0184,0.0184,20241231
20241231,001287,0.298,0.298,20241231
20241231,001288,0.1653,0.1653,20241231
20241231,001289,0.1469,0.1469,20241231
20241231,001296,0.0,0.0,20241231
20241231,001298,-0.2898,-0.2898,20241231
20241231,001299,-0.1673,-0.1673,20241231
20241231,001300,-0.3224,-0.3224,20241231
20241231,001301,0.0265,0.0265,20241231
20241231,001306,-0.5163,-0.5163,20241231
20241231,001308,0.3592,0.3592,20241231
20241231,001309,0.0,0.0,20241231
20241231,001311,-0.1245,-0.1245,20241231
20241231,001313,0.4408,0.4408,20241231
20241231,001314,0.2959,0.2959,20241231
20241231,001316,0.0,0.0,20241231
20241231,001317,-0.0857,-0.0857,20241231
20241231,001318,0.0,0.0,20241231
20241231,001319,0.2265,0.2265,20241231
20241231,001322,0.0,0.0,20241231
20241231,001323,0.1429,0.1429,20241231
20241231,001324,-0.2184,-0.2184,20241231
20241231,001326,-0.0531,-0.0531,20241231
20241231,001328,0.0,0.0,20241231
20241231,001330,-0.0735,-0.0735,20241231
20241231,001331,0.0,0.0,20241231
20241231,001332,0.0,0.0,20241231
20241231,001333,-0.098,-0.098,20241231
20241231,001336,-0.5102,-0.5102,20241231
20241231,001337,0.0,0.0,20241231
20241231,001338,-0.2,-0.2,20241231
20250127,000001,0.0,0.0,20250127
20250127,000002,0.4939,0.4939,20250127
20250127,000004,-0.3286,-0.3286,20250127
20250127,000006,-0.1837,-0.1837,20250127
20250127,000007,0.0,0.0,20250127
20250127,000008,-0.7592,-0.7592,20250127
20250127,000009,-0.2714,-0.2714,20250127
20250127,000010,0.2367,0.2367,20250127
20250127,000011,0.0,0.0,20250127
20250127,000012,0.0,0.0,20250127
20250127,000014,0.0347,0.0347,20250127
20250127,000016,-0.4816,-0.4816,20250127
20250127,000017,-0.0245,-0.0245,20250127
20250127,000019,0.0755,0.0755,20250127
20250127,000020,0.4388,0.4388,20250127
20250127,000021,0.1388,0.1388,20250127
20250127,000025,0.0,0.0,20250127
20250127,000026,0.0,0.0,20250127
20250127,000027,0.0,0.0,20250127
20250127,000028,-0.1041,-0.1041,20250127
20250127,000029,0.1265,0.1265,20250127
20250127,000030,0.1714,0.1714,20250127
20250127,000031,-0.0878,-0.0878,20250127
20250127,000032,-0.1551,-0.1551,20250127
20250127,000034,0.0347,0.0347,20250127
20250127,000035,-0.2245,-0.2245,20250127
20250127,000036,0.4122,0.4122,20250127
20250127,000037,-0.2429,-0.2429,20250127
20250127,000039,0.1,0.1,20250127
20250127,000042,0.7429,0.7429,20250127
20250127,000045,0.0714,0.0714,20250127
20250127,000048,-0.1816,-0.1816,20250127
20250127,000049,-0.0612,-0.0612,20250127
20250127,000050,0.0,0.0,20250127
20250127,000055,0.0327,0.0327,20250127
20250127,000056,-0.6857,-0.6857,20250127
20250127,000058,0.0,0.0,20250127
20250127,000059,-0.2735,-0.2735,20250127
20250127,000060,0.0,0.0,20250127
20250127,000061,-0.2143,-0.2143,20250127
20250127,000062,-0.1347,-0.1347,20250127
20250127,000063,0.3408,0.3408,20250127
20250127,000065,0.0837,0.0837,20250127
20250127,000066,-0.5163,-0.5163,20250127
20250127,000068,0.0,0.0,20250127
20250127,000069,0.0,0.0,20250127
20250127,000070,0.1735,0.1735,20250127
20250127,000078,-0.1469,-0.1469,20250127
20250127,000088,-0.2653,-0.2653,20250127
20250127,000089,0.3224,0.3224,20250127
20250127,000090,0.0,0.0,20250127
20250127,000096,0.0,0.0,20250127
20250127,000099,0.0,0.0,20250127
20250127,000100,0.4347,0.4347,20250127
20250127,000151,-0.1918,-0.1918,20250127
20250127,000153,0.0,0.0,20250127
20250127,000155,0.4653,0.4653,20250127
20250127,000156,0.2,0.2,20250127
20250127,000157,0.0347,0.0347,20250127
20250127,000158,-0.2755,-0.2755,20250127
20250127,000159,-0.302,-0.302,20250127
20250127,000166,0.0,0.0,20250127
20250127,000301,0.4816,0.4816,20250127
20250127,000333,0.1286,0.1286,20250127
20250127,000338,0.349,0.349,20250127
20250127,000400,0.149,0.149,20250127
20250127,000401,0.0347,0.0347,20250127
20250127,000402,-0.051,-0.051,20250127
20250127,000403,0.0,0.0,20250127
20250127,000404,-0.0816,-0.0816,20250127
20250127,000407,-0.0429,-0.0429,20250127
20250127,000408,0.251,0.251,20250127
20250127,000409,0.5673,0.5673,20250127
20250127,000410,-0.4776,-0.4776,20250127
20250127,000411,0.3735,0.3735,20250127
20250127,000415,-0.0592,-0.0592,20250127
20250127,000417,0.0,0.0,20250127
20250127,000419,0.551,0.551,20250127
20250127,000420,-0.0959,-0.0959,20250127
20250127,000421,-0.5245,-0.5245,20250127
20250127,000422,-0.3204,-0.3204,20250127
20250127,000423,0.0,0.0,20250127
20250127,000425,-0.0612,-0.0612,20250127
20250127,000426,0.1061,0.1061,20250127
20250127,000428,0.0,0.0,20250127
20250127,000429,0.0,0.0,20250127
20250127,000430,0.0898,0.0898,20250127
20250127,000488,-0.9633,-0.9633,20250127
20250127,000498,-0.0061,-0.0061,20250127
20250127,000501,-0.2061,-0.2061,20250127
20250127,000503,-0.2327,-0.2327,20250127
20250127,000504,0.449,0.449,20250127
20250127,000505,-0.1306,-0.1306,20250127
20250127,000506,-0.1388,-0.1388,20250127
20250127,000507,0.3449,0.3449,20250127
20250127,000509,-0.0959,-0.0959,20250127
20250127,000510,0.1857,0.1857,20250127
20250127,000513,0.0571,0.0571,20250127
20250127,000514,0.1469,0.1469,20250127
20250127,000516,-0.2898,-0.2898,20250127
20250127,000517,-0.2082,-0.2082,20250127
20250127,000518,-0.698,-0.698,20250127
20250127,000519,-0.4714,-0.4714,20250127
20250127,000520,-0.5653,-0.5653,20250127
20250127,000521,-0.0837,-0.0837,20250127
20250127,000523,-0.1571,-0.1571,20250127
20250127,000524,0.1673,0.1673,20250127
20250127,000525,-0.3429,-0.3429,20250127
20250127,000526,-0.0959,-0.0959,20250127
20250127,000528,0.0,0.0,20250127
20250127,000529,0.0,0.0,20250127
20250127,000530,-0.1837,-0.1837,20250127
20250127,000531,0.4041,0.4041,20250127
20250127,000532,0.602,0.602,20250127
20250127,000533,0.5347,0.5347,20250127
20250127,000534,0.1571,0.1571,20250127
20250127,000536,-0.1714,-0.1714,20250127
20250127,000537,-0.0633,-0.0633,20250127
20250127,000538,0.0327,0.0327,20250127
20250127,000539,0.0429,0.0429,20250127
20250127,000541,0.0,0.0,20250127
20250127,000543,-0.202,-0.202,20250127
20250127,000544,0.2265,0.2265,20250127
20250127,000545,-0.1918,-0.1918,20250127
20250127,000546,0.1204,0.1204,20250127
20250127,000547,-0.2408,-0.2408,20250127
20250127,000548,0.3347,0.3347,20250127
20250127,000550,-0.1612,-0.1612,20250127
20250127,000551,-0.2592,-0.2592,20250127
20250127,000552,-0.2224,-0.2224,20250127
20250127,000553,-0.6612,-0.6612,20250127
20250127,000554,0.2898,0.2898,20250127
20250127,000555,0.0,0.0,20250127
20250127,000557,-0.0796,-0.0796,20250127
20250127,000558,0.0,0.0,20250127
20250127,000559,0.0,0.0,20250127
20250127,000560,0.3143,0.3143,20250127
20250127,000561,-0.2265,-0.2265,20250127
20250127,000563,0.2755,0.2755,20250127
20250127,000564,-0.202,-0.202,20250127
20250127,000565,0.0,0.0,20250127
20250127,000566,-0.4714,-0.4714,20250127
20250127,000567,-0.2429,-0.2429,20250127
20250127,000568,-0.002,-0.002,20250127
20250127,000570,0.0,0.0,20250127
20250127,000571,0.051,0.051,20250127
20250127,000572,-0.2531,-0.2531,20250127
20250127,000573,0.7245,0.7245,20250127
20250127,000576,-0.1469,-0.1469,20250127
20250127,000581,0.0612,0.0612,20250127
20250127,000582,0.0082,0.0082,20250127
20250127,000586,-0.2224,-0.2224,20250127
20250127,000589,-0.0633,-0.0633,20250127
20250127,000590,-0.2102,-0.2102,20250127
20250127,000591,0.0,0.0,20250127
20250127,000592,0.0,0.0,20250127
20250127,000593,0.0,0.0,20250127
20250127,000595,-0.2347,-0.2347,20250127
20250127,000596,0.4429,0.4429,20250127
20250127,000597,-0.2327,-0.2327,20250127
20250127,000598,0.1714,0.1714,20250127
20250127,000599,-0.2837,-0.2837,20250127
20250127,000600,-0.3714,-0.3714,20250127
20250127,000601,0.1143,0.1143,20250127
20250127,000603,0.1959,0.1959,20250127
20250127,000605,-0.1245,-0.1245,20250127
20250127,000607,0.0,0.0,20250127
20250127,000608,-0.1082,-0.1082,20250127
20250127,000609,0.6653,0.6653,20250127
20250127,000610,0.0,0.0,20250127
20250127,000612,-0.0224,-0.0224,20250127
20250127,000615,0.0,0.0,20250127
20250127,000617,0.0,0.0,20250127
20250127,000619,-0.1796,-0.1796,20250127
20250127,000620,-0.1449,-0.1449,20250127
20250127,000623,-0.1918,-0.1918,20250127
20250127,000625,-0.1837,-0.1837,20250127
20250127,000626,0.1735,0.1735,20250127
20250127,000628,-0.451,-0.451,20250127
20250127,000629,-0.4592,-0.4592,20250127
20250127,000630,-0.0735,-0.0735,20250127
20250127,000631,0.2592,0.2592,20250127
20250127,000632,-0.0102,-0.0102,20250127
20250127,000633,0.0,0.0,20250127
20250127,000635,0.0,0.0,20250127
20250127,000636,0.4306,0.4306,20250127
20250127,000637,0.1163,0.1163,20250127
20250127,000638,0.3755,0.3755,20250127
20250127,000639,-0.4082,-0.4082,20250127
20250127,000650,-0.0673,-0.0673,20250127
20250127,000651,0.1918,0.1918,20250127
20250127,000652,-0.5082,-0.5082,20250127
20250127,000655,0.1163,0.1163,20250127
20250127,000656,-0.1,-0.1,20250127
20250127,000657,-0.0388,-0.0388,20250127
20250127,000659,-0.5939,-0.5939,20250127
20250127,000661,-0.4265,-0.4265,20250127
20250127,000663,-0.6939,-0.6939,20250127
20250127,000665,-0.2082,-0.2082,20250127
20250127,000668,-0.0816,-0.0816,20250127
20250127,000669,0.2673,0.2673,20250127
20250127,000670,-0.2735,-0.2735,20250127
20250127,000672,-0.0143,-0.0143,20250127
20250127,000676,-0.4408,-0.4408,20250127
20250127,000677,-0.1286,-0.1286,20250127
20250127,000678,-0.4429,-0.4429,20250127
20250127,000679,0.7571,0.7571,20250127
20250127,000680,0.049,0.049,20250127
20250127,000681,0.0,0.0,20250127
20250127,000682,-0.1633,-0.1633,20250127
20250127,000683,0.3531,0.3531,20250127
20250127,000685,0.0,0.0,20250127
20250127,000686,0.0918,0.0918,20250127
20250127,000688,-0.3469,-0.3469,20250127
20250127,000690,-0.1612,-0.1612,20250127
20250127,000691,-0.3776,-0.3776,20250127
20250127,000692,-0.1,-0.1,20250127
20250127,000695,-0.2939,-0.2939,20250127
20250127,000697,-0.0857,-0.0857,20250127
20250127,000698,0.0,0.0,20250127
20250127,000700,-0.0878,-0.0878,20250127
20250127,000701,0.0,0.0,20250127
20250127,000702,0.3796,0.3796,20250127
20250127,000703,0.4367,0.4367,20250127
20250127,000705,0.2959,0.2959,20250127
20250127,000707,-0.002,-0.002,20250127
20250127,000708,0.0,0.0,20250127
20250127,000709,-0.0265,-0.0265,20250127
20250127,000710,-0.1592,-0.1592,20250127
20250127,000711,0.4837,0.4837,20250127
20250127,000712,-0.2143,-0.2143,20250127
20250127,000713,0.0,0.0,20250127
20250127,000715,0.1857,0.1857,20250127
20250127,000716,0.1551,0.1551,20250127
20250127,000717,-0.5551,-0.5551,20250127
20250127,000718,-0.0816,-0.0816,20250127
20250127,000719,0.0,0.0,20250127
20250127,000720,-0.098,-0.098,20250127
20250127,000721,-0.2755,-0.2755,20250127
20250127,000722,-0.2776,-0.2776,20250127
20250127,000723,0.0,0.0,20250127
20250127,000725,0.6143,0.6143,20250127
20250127,000726,0.1735,0.1735,20250127
20250127,000727,-0.0347,-0.0347,20250127
20250127,000728,0.0102,0.0102,20250127
20250127,000729,0.0796,0.0796,20250127
20250127,000731,-0.0041,-0.0041,20250127
20250127,000733,0.2408,0.2408,20250127
20250127,000735,-0.2776,-0.2776,20250127
20250127,000736,-0.1653,-0.1653,20250127
20250127,000737,0.1122,0.1122,20250127
20250127,000738,0.0,0.0,20250127
20250127,000739,0.0163,0.0163,20250127
20250127,000750,-0.1122,-0.1122,20250127
20250127,000751,-0.1388,-0.1388,20250127
20250127,000752,0.0,0.0,20250127
20250127,000753,0.2224,0.2224,20250127
20250127,000755,-0.202,-0.202,20250127
20250127,000756,-0.3306,-0.3306,20250127
20250127,000757,0.3224,0.3224,20250127
20250127,000758,-0.0286,-0.0286,20250127
20250127,000759,0.0,0.0,20250127
20250127,000761,0.1551,0.1551,20250127
20250127,000762,-0.349,-0.349,20250127
20250127,000766,0.1551,0.1551,20250127
20250127,000767,0.0673,0.0673,20250127
20250127,000768,0.4327,0.4327,20250127
20250127,000776,0.2061,0.2061,20250127
20250127,000777,-0.3857,-0.3857,20250127
20250127,000778,0.0,0.0,20250127
20250127,000779,-0.0571,-0.0571,20250127
20250127,000782,0.0,0.0,20250127
20250127,000783,-0.0531,-0.0531,20250127
20250127,000785,-0.0429,-0.0429,20250127
20250127,000786,0.2429,0.2429,20250127
20250127,000788,-0.502,-0.502,20250127
20250127,000789,0.3735,0.3735,20250127
20250127,000790,-0.3408,-0.3408,20250127
20250127,000791,0.0571,0.0571,20250127
20250127,000792,0.1327,0.1327,20250127
20250127,000793,-0.6469,-0.6469,20250127
20250127,000795,0.2571,0.2571,20250127
20250127,000796,-0.1449,-0.1449,20250127
20250127,000797,0.2939,0.2939,20250127
20250127,000798,0.0,0.0,20250127
20250127,000799,-0.1918,-0.1918,20250127
20250127,000800,0.0,0.0,20250127
20250127,000801,-0.4122,-0.4122,20250127
20250127,000802,0.2714,0.2714,20250127
20250127,000803,-0.0041,-0.0041,20250127
20250127,000807,0.0061,0.0061,20250127
20250127,000809,0.4122,0.4122,20250127
20250127,000810,-0.6102,-0.6102,20250127
20250127,000811,-0.0776,-0.0776,20250127
20250127,000812,0.0755,0.0755,20250127
20250127,000813,-0.4347,-0.4347,20250127
20250127,000815,-0.4224,-0.4224,20250127
20250127,000816,-0.151,-0.151,20250127
20250127,000818,-0.3694,-0.3694,20250127
20250127,000819,-0.1408,-0.1408,20250127
20250127,000820,-0.1551,-0.1551,20250127
20250127,000821,0.0,0.0,20250127
20250127,000822,-0.2163,-0.2163,20250127
20250127,000823,0.2612,0.2612,20250127
20250127,000825,-0.2898,-0.2898,20250127
20250127,000826,-0.4327,-0.4327,20250127
20250127,000828,-0.0367,-0.0367,20250127
20250127,000829,-0.7184,-0.7184,20250127
20250127,000830,0.4327,0.4327,20250127
20250127,000831,-0.149,-0.149,20250127
20250127,000833,0.1612,0.1612,20250127
20250127,000837,0.0,0.0,20250127
20250127,000838,-0.1061,-0.1061,20250127
20250127,000839,-0.0449,-0.0449,20250127
20250127,000848,0.0,0.0,20250127
20250127,000850,0.0,0.0,20250127
20250127,000852,0.0,0.0,20250127
20250127,000856,0.1633,0.1633,20250127
20250127,000858,0.0,0.0,20250127
20250127,000859,0.0,0.0,20250127
20250127,000860,-0.0265,-0.0265,20250127
20250127,000862,0.1429,0.1429,20250127
20250127,000863,0.0,0.0,20250127
20250127,000868,0.3735,0.3735,20250127
20250127,000869,0.0,0.0,20250127
20250127,000875,0.0388,0.0388,20250127
20250127,000876,0.0,0.0,20250127
20250127,000877,-0.0776,-0.0776,20250127
20250127,000878,0.0,0.0,20250127
20250127,000880,0.0898,0.0898,20250127
20250127,000881,-0.1041,-0.1041,20250127
20250127,000882,0.249,0.249,20250127
20250127,000883,-0.002,-0.002,20250127
20250127,000885,0.1551,0.1551,20250127
20250127,000886,-0.2429,-0.2429,20250127
20250127,000887,0.3327,0.3327,20250127
20250127,000888,-0.4041,-0.4041,20250127
20250127,000889,0.0,0.0,20250127
20250127,000890,-0.2694,-0.2694,20250127
20250127,000892,0.0,0.0,20250127
20250127,000893,-0.1347,-0.1347,20250127
20250127,000895,0.3898,0.3898,20250127
20250127,000897,0.1,0.1,20250127
20250127,000898,-0.3061,-0.3061,20250127
20250127,000899,-0.3551,-0.3551,20250127
20250127,000900,0.0551,0.0551,20250127
20250127,000901,-0.3327,-0.3327,20250127
20250127,000902,0.0,0.0,20250127
20250127,000903,-0.5653,-0.5653,20250127
20250127,000905,0.0,0.0,20250127
20250127,000906,-0.6469,-0.6469,20250127
20250127,000908,-0.4633,-0.4633,20250127
20250127,000909,0.1796,0.1796,20250127
20250127,000910,-0.4918,-0.4918,20250127
20250127,000911,0.0755,0.0755,20250127
20250127,000912,0.0633,0.0633,20250127
20250127,000913,0.0,0.0,20250127
20250127,000915,0.3408,0.3408,20250127
20250127,000917,0.0592,0.0592,20250127
20250127,000919,0.0408,0.0408,20250127
20250127,000920,0.0612,0.0612,20250127
20250127,000921,0.3163,0.3163,20250127
20250127,000922,0.2265,0.2265,20250127
20250127,000923,0.1388,0.1388,20250127
20250127,000925,-0.7653,-0.7653,20250127
20250127,000926,-0.1102,-0.1102,20250127
20250127,000927,-0.3469,-0.3469,20250127
20250127,000928,0.2204,0.2204,20250127
20250127,000929,-0.5286,-0.5286,20250127
20250127,000930,0.0,0.0,20250127
20250127,000931,-0.2388,-0.2388,20250127
20250127,000932,0.251,0.251,20250127
20250127,000933,0.0,0.0,20250127
20250127,000935,0.0,0.0,20250127
20250127,000936,-0.3469,-0.3469,20250127
20250127,000937,0.0,0.0,20250127
20250127,000938,-0.4755,-0.4755,20250127
20250127,000948,0.0122,0.0122,20250127
20250127,000949,0.2939,0.2939,20250127
20250127,000950,0.0,0.0,20250127
20250127,000951,0.4653,0.4653,20250127
20250127,000952,0.1184,0.1184,20250127
20250127,000953,-0.0694,-0.0694,20250127
20250127,000955,-0.1306,-0.1306,20250127
20250127,000957,0.3592,0.3592,20250127
20250127,000958,-0.1347,-0.1347,20250127
20250127,000959,0.0,0.0,20250127
20250127,000960,0.0469,0.0469,20250127
20250127,000962,0.1265,0.1265,20250127
20250127,000963,0.0918,0.0918,20250127
20250127,000965,0.0673,0.0673,20250127
20250127,000966,-0.2306,-0.2306,20250127
20250127,000967,-0.0429,-0.0429,20250127
20250127,000968,0.0,0.0,20250127
20250127,000969,0.0388,0.0388,20250127
20250127,000970,0.0,0.0,20250127
20250127,000972,-0.3449,-0.3449,20250127
20250127,000973,-0.0388,-0.0388,20250127
20250127,000975,0.0816,0.0816,20250127
20250127,000977,0.1082,0.1082,20250127
20250127,000978,-0.1816,-0.1816,20250127
20250127,000980,-0.5469,-0.5469,20250127
20250127,000981,-0.0082,-0.0082,20250127
20250127,000983,-0.3122,-0.3122,20250127
20250127,000985,0.3469,0.3469,20250127
20250127,000987,-0.1898,-0.1898,20250127
20250127,000988,-0.4857,-0.4857,20250127
20250127,000989,0.2143,0.2143,20250127
20250127,000990,0.0204,0.0204,20250127
20250127,000993,0.0,0.0,20250127
20250127,000995,0.4327,0.4327,20250127
20250127,000997,0.1939,0.1939,20250127
20250127,000998,-0.5122,-0.5122,20250127
20250127,000999,0.0959,0.0959,20250127
20250127,001201,0.0265,0.0265,20250127
20250127,001202,0.0102,0.0102,20250127
20250127,001203,-0.1388,-0.1388,20250127
20250127,001205,0.0,0.0,20250127
20250127,001206,0.0,0.0,20250127
20250127,001207,0.4714,0.4714,20250127
20250127,001208,0.3408,0.3408,20250127
20250127,001209,-0.0776,-0.0776,20250127
20250127,001210,0.1469,0.1469,20250127
20250127,001211,0.1224,0.1224,20250127
20250127,001212,-0.3224,-0.3224,20250127
20250127,001213,0.0102,0.0102,20250127
20250127,001215,-0.2796,-0.2796,20250127
20250127,001216,-0.1918,-0.1918,20250127
20250127,001217,-0.3878,-0.3878,20250127
20250127,001218,0.3551,0.3551,20250127
20250127,001219,0.0449,0.0449,20250127
20250127,001222,0.2653,0.2653,20250127
20250127,001223,0.0143,0.0143,20250127
20250127,001225,0.0571,0.0571,20250127
20250127,001226,0.0959,0.0959,20250127
20250127,001227,-0.1714,-0.1714,20250127
20250127,001228,0.0,0.0,20250127
20250127,001229,0.0,0.0,20250127
20250127,001230,0.3551,0.3551,20250127
20250127,001231,0.1367,0.1367,20250127
20250127,001234,0.3367,0.3367,20250127
20250127,001236,0.102,0.102,20250127
20250127,001238,0.1755,0.1755,20250127
20250127,001239,-0.7408,-0.7408,20250127
20250127,001255,0.4408,0.4408,20250127
20250127,001256,0.0,0.0,20250127
20250127,001258,-0.2571,-0.2571,20250127
20250127,001259,0.2898,0.2898,20250127
20250127,001260,0.3306,0.3306,20250127
20250127,001266,0.0,0.0,20250127
20250127,001267,0.5061,0.5061,20250127
20250127,001268,0.0,0.0,20250127
20250127,001269,-0.6571,-0.6571,20250127
20250127,001270,-0.9735,-0.9735,20250127
20250127,001277,0.0469,0.0469,20250127
20250127,001278,-0.0571,-0.0571,20250127
20250127,001279,-0.5184,-0.5184,20250127
20250127,001282,0.4224,0.4224,20250127
20250127,001283,0.3286,0.3286,20250127
20250127,001286,0.2388,0.2388,20250127
20250127,001287,-0.0694,-0.0694,20250127
20250127,001288,-0.051,-0.051,20250127
20250127,001289,0.1694,0.1694,20250127
20250127,001296,0.0,0.0,20250127
20250127,001298,-0.0918,-0.0918,20250127
20250127,001299,0.1082,0.1082,20250127
20250127,001300,0.0,0.0,20250127
20250127,001301,-0.3633,-0.3633,20250127
20250127,001306,0.0224,0.0224,20250127
20250127,001308,-0.2122,-0.2122,20250127
20250127,001309,0.0,0.0,20250127
20250127,001311,0.0306,0.0306,20250127
20250127,001313,-0.3449,-0.3449,20250127
20250127,001314,-0.0204,-0.0204,20250127
20250127,001316,0.0,0.0,20250127
20250127,001317,0.0,0.0,20250127
20250127,001318,0.0,0.0,20250127
20250127,001319,0.3469,0.3469,20250127
20250127,001322,-0.2796,-0.2796,20250127
20250127,001323,0.0,0.0,20250127
20250127,001324,0.0,0.0,20250127
20250127,001326,-0.2367,-0.2367,20250127
20250127,001328,0.0,0.0,20250127
20250127,001330,-0.2184,-0.2184,20250127
20250127,001331,-0.0531,-0.0531,20250127
20250127,001332,0.0,0.0,20250127
20250127,001333,0.4286,0.4286,20250127
20250127,001336,-0.0327,-0.0327,20250127
20250127,001337,0.0,0.0,20250127
20250127,001338,-0.1224,-0.1224,20250127
20250228,000001,0.0,0.0,20250228
20250228,000002,0.4245,0.4245,20250228
20250228,000004,-0.0245,-0.0245,20250228
20250228,000006,-0.4633,-0.4633,20250228
20250228,000007,-0.8204,-0.8204,20250228
20250228,000008,0.0,0.0,20250228
20250228,000009,-0.0714,-0.0714,20250228
20250228,000010,-0.1816,-0.1816,20250228
20250228,000011,0.0,0.0,20250228
20250228,000012,0.0,0.0,20250228
20250228,000014,-0.0102,-0.0102,20250228
20250228,000016,0.1184,0.1184,20250228
20250228,000017,-0.2735,-0.2735,20250228
20250228,000019,0.0286,0.0286,20250228
20250228,000020,-0.4816,-0.4816,20250228
20250228,000021,-0.1082,-0.1082,20250228
20250228,000025,0.0,0.0,20250228
20250228,000026,0.2102,0.2102,20250228
20250228,000027,-0.0102,-0.0102,20250228
20250228,000028,0.0388,0.0388,20250228
20250228,000029,0.2082,0.2082,20250228
20250228,000030,0.102,0.102,20250228
20250228,000031,0.2143,0.2143,20250228
20250228,000032,0.2041,0.2041,20250228
20250228,000034,0.0837,0.0837,20250228
20250228,000035,-0.149,-0.149,20250228
20250228,000036,0.3816,0.3816,20250228
20250228,000037,0.2531,0.2531,20250228
20250228,000039,-0.0204,-0.0204,20250228
20250228,000042,0.7592,0.7592,20250228
20250228,000045,-0.3286,-0.3286,20250228
20250228,000048,-0.4449,-0.4449,20250228
20250228,000049,0.4184,0.4184,20250228
20250228,000050,-0.2163,-0.2163,20250228
20250228,000055,0.1776,0.1776,20250228
20250228,000056,0.102,0.102,20250228
20250228,000058,0.0,0.0,20250228
20250228,000059,0.2714,0.2714,20250228
20250228,000060,-0.0776,-0.0776,20250228
20250228,000061,-0.1469,-0.1469,20250228
20250228,000062,0.0633,0.0633,20250228
20250228,000063,-0.6327,-0.6327,20250228
20250228,000065,0.1367,0.1367,20250228
20250228,000066,0.0531,0.0531,20250228
20250228,000068,0.0245,0.0245,20250228
20250228,000069,0.0,0.0,20250228
20250228,000070,0.198,0.198,20250228
20250228,000078,-0.0633,-0.0633,20250228
20250228,000088,0.0,0.0,20250228
20250228,000089,0.0,0.0,20250228
20250228,000090,-0.4224,-0.4224,20250228
20250228,000096,0.398,0.398,20250228
20250228,000099,0.0,0.0,20250228
20250228,000100,-0.5735,-0.5735,20250228
20250228,000151,0.0959,0.0959,20250228
20250228,000153,0.0143,0.0143,20250228
20250228,000155,-0.0163,-0.0163,20250228
20250228,000156,0.0653,0.0653,20250228
20250228,000157,0.2204,0.2204,20250228
20250228,000158,0.0755,0.0755,20250228
20250228,000159,0.0,0.0,20250228
20250228,000166,0.0,0.0,20250228
20250228,000301,0.1184,0.1184,20250228
20250228,000333,-0.2673,-0.2673,20250228
20250228,000338,0.1061,0.1061,20250228
20250228,000400,-0.3878,-0.3878,20250228
20250228,000401,-0.3408,-0.3408,20250228
20250228,000402,-0.151,-0.151,20250228
20250228,000403,-0.3571,-0.3571,20250228
20250228,000404,-0.3367,-0.3367,20250228
20250228,000407,-0.0735,-0.0735,20250228
20250228,000408,0.2224,0.2224,20250228
20250228,000409,-0.4061,-0.4061,20250228
20250228,000410,-0.5633,-0.5633,20250228
20250228,000411,0.1,0.1,20250228
20250228,000415,-0.0469,-0.0469,20250228
20250228,000417,-0.5469,-0.5469,20250228
20250228,000419,-0.098,-0.098,20250228
20250228,000420,0.2,0.2,20250228
20250228,000421,-0.1327,-0.1327,20250228
20250228,000422,0.0,0.0,20250228
20250228,000423,-0.198,-0.198,20250228
20250228,000425,0.2551,0.2551,20250228
20250228,000426,0.1592,0.1592,20250228
20250228,000428,-0.3388,-0.3388,20250228
20250228,000429,0.6,0.6,20250228
20250228,000430,-0.0571,-0.0571,20250228
20250228,000488,-0.2531,-0.2531,20250228
20250228,000498,-0.3633,-0.3633,20250228
20250228,000501,-0.1429,-0.1429,20250228
20250228,000503,0.0,0.0,20250228
20250228,000504,-0.1816,-0.1816,20250228
20250228,000505,-0.3143,-0.3143,20250228
20250228,000506,0.7551,0.7551,20250228
20250228,000507,-0.1776,-0.1776,20250228
20250228,000509,0.0,0.0,20250228
20250228,000510,0.2061,0.2061,20250228
20250228,000513,-0.298,-0.298,20250228
20250228,000514,0.2143,0.2143,20250228
20250228,000516,0.0,0.0,20250228
20250228,000517,-0.4735,-0.4735,20250228
20250228,000518,0.0061,0.0061,20250228
20250228,000519,0.1184,0.1184,20250228
20250228,000520,0.0,0.0,20250228
20250228,000521,0.0367,0.0367,20250228
20250228,000523,0.0224,0.0224,20250228
20250228,000524,-0.0796,-0.0796,20250228
20250228,000525,-0.3796,-0.3796,20250228
20250228,000526,0.2327,0.2327,20250228
20250228,000528,0.0,0.0,20250228
20250228,000529,0.0,0.0,20250228
20250228,000530,-0.0837,-0.0837,20250228
20250228,000531,-0.0143,-0.0143,20250228
20250228,000532,0.7837,0.7837,20250228
20250228,000533,-0.3673,-0.3673,20250228
20250228,000534,-0.0306,-0.0306,20250228
20250228,000536,0.3531,0.3531,20250228
20250228,000537,-0.2469,-0.2469,20250228
20250228,000538,-0.1184,-0.1184,20250228
20250228,000539,0.0918,0.0918,20250228
20250228,000541,-0.2408,-0.2408,20250228
20250228,000543,0.1082,0.1082,20250228
20250228,000544,-0.5367,-0.5367,20250228
20250228,000545,0.3224,0.3224,20250228
20250228,000546,0.0204,0.0204,20250228
20250228,000547,0.1327,0.1327,20250228
20250228,000548,0.0,0.0,20250228
20250228,000550,-0.2714,-0.2714,20250228
20250228,000551,0.0265,0.0265,20250228
20250228,000552,0.0,0.0,20250228
20250228,000553,0.1653,0.1653,20250228
20250228,000554,-0.2306,-0.2306,20250228
20250228,000555,-0.0082,-0.0082,20250228
20250228,000557,-0.1327,-0.1327,20250228
20250228,000558,0.0,0.0,20250228
20250228,000559,-0.0245,-0.0245,20250228
20250228,000560,0.3959,0.3959,20250228
20250228,000561,-0.2551,-0.2551,20250228
20250228,000563,0.0,0.0,20250228
20250228,000564,0.1429,0.1429,20250228
20250228,000565,0.0,0.0,20250228
20250228,000566,0.5265,0.5265,20250228
20250228,000567,0.4449,0.4449,20250228
20250228,000568,0.2735,0.2735,20250228
20250228,000570,-0.0265,-0.0265,20250228
20250228,000571,0.5735,0.5735,20250228
20250228,000572,0.2367,0.2367,20250228
20250228,000573,-0.402,-0.402,20250228
20250228,000576,0.1469,0.1469,20250228
20250228,000581,0.202,0.202,20250228
20250228,000582,-0.1694,-0.1694,20250228
20250228,000586,-0.6714,-0.6714,20250228
20250228,000589,-0.4102,-0.4102,20250228
20250228,000590,0.6571,0.6571,20250228
20250228,000591,0.0,0.0,20250228
20250228,000592,-0.4551,-0.4551,20250228
20250228,000593,0.051,0.051,20250228
20250228,000595,0.2735,0.2735,20250228
20250228,000596,-0.2837,-0.2837,20250228
20250228,000597,0.0,0.0,20250228
20250228,000598,-0.4224,-0.4224,20250228
20250228,000599,0.0,0.0,20250228
20250228,000600,0.0755,0.0755,20250228
20250228,000601,0.3143,0.3143,20250228
20250228,000603,-0.1265,-0.1265,20250228
20250228,000605,0.0,0.0,20250228
20250228,000607,0.1918,0.1918,20250228
20250228,000608,0.0612,0.0612,20250228
20250228,000609,-0.2571,-0.2571,20250228
20250228,000610,0.0,0.0,20250228
20250228,000612,0.0429,0.0429,20250228
20250228,000615,-0.9204,-0.9204,20250228
20250228,000617,-0.0673,-0.0673,20250228
20250228,000619,0.0,0.0,20250228
20250228,000620,-0.1673,-0.1673,20250228
20250228,000623,-0.0082,-0.0082,20250228
20250228,000625,0.098,0.098,20250228
20250228,000626,-0.5796,-0.5796,20250228
20250228,000628,-0.7673,-0.7673,20250228
20250228,000629,0.1143,0.1143,20250228
20250228,000630,0.0,0.0,20250228
20250228,000631,-0.3102,-0.3102,20250228
20250228,000632,-0.4755,-0.4755,20250228
20250228,000633,0.0,0.0,20250228
20250228,000635,0.0,0.0,20250228
20250228,000636,-0.2469,-0.2469,20250228
20250228,000637,-0.2694,-0.2694,20250228
20250228,000638,0.249,0.249,20250228
20250228,000639,-0.5857,-0.5857,20250228
20250228,000650,0.0,0.0,20250228
20250228,000651,-0.5102,-0.5102,20250228
20250228,000652,-0.1449,-0.1449,20250228
20250228,000655,-0.4939,-0.4939,20250228
20250228,000656,-0.2143,-0.2143,20250228
20250228,000657,-0.2592,-0.2592,20250228
20250228,000659,0.2122,0.2122,20250228
20250228,000661,0.0,0.0,20250228
20250228,000663,0.0,0.0,20250228
20250228,000665,0.0,0.0,20250228
20250228,000668,-0.4286,-0.4286,20250228
20250228,000669,-0.1,-0.1,20250228
20250228,000670,0.1673,0.1673,20250228
20250228,000672,-0.0082,-0.0082,20250228
20250228,000676,-0.2653,-0.2653,20250228
20250228,000677,-0.5857,-0.5857,20250228
20250228,000678,0.2531,0.2531,20250228
20250228,000679,0.3224,0.3224,20250228
20250228,000680,-0.5143,-0.5143,20250228
20250228,000681,0.0,0.0,20250228
20250228,000682,0.0388,0.0388,20250228
20250228,000683,-0.0082,-0.0082,20250228
20250228,000685,0.0612,0.0612,20250228
20250228,000686,0.1918,0.1918,20250228
20250228,000688,-0.0306,-0.0306,20250228
20250228,000690,-0.0531,-0.0531,20250228
20250228,000691,0.4306,0.4306,20250228
20250228,000692,-0.1245,-0.1245,20250228
20250228,000695,0.4857,0.4857,20250228
20250228,000697,-0.0571,-0.0571,20250228
20250228,000698,0.0,0.0,20250228
20250228,000700,-0.002,-0.002,20250228
20250228,000701,0.0,0.0,20250228
20250228,000702,-0.0633,-0.0633,20250228
20250228,000703,-0.1286,-0.1286,20250228
20250228,000705,0.0,0.0,20250228
20250228,000707,-0.0408,-0.0408,20250228
20250228,000708,-0.0245,-0.0245,20250228
20250228,000709,-0.1755,-0.1755,20250228
20250228,000710,0.0592,0.0592,20250228
20250228,000711,-0.5306,-0.5306,20250228
20250228,000712,0.0673,0.0673,20250228
20250228,000713,-0.4612,-0.4612,20250228
20250228,000715,0.0,0.0,20250228
20250228,000716,-0.5204,-0.5204,20250228
20250228,000717,0.0898,0.0898,20250228
20250228,000718,-0.1327,-0.1327,20250228
20250228,000719,-0.7612,-0.7612,20250228
20250228,000720,-0.0143,-0.0143,20250228
20250228,000721,0.0,0.0,20250228
20250228,000722,0.1531,0.1531,20250228
20250228,000723,0.0,0.0,20250228
20250228,000725,-0.4755,-0.4755,20250228
20250228,000726,-0.5429,-0.5429,20250228
20250228,000727,0.0857,0.0857,20250228
20250228,000728,-0.0429,-0.0429,20250228
20250228,000729,-0.0367,-0.0367,20250228
20250228,000731,-0.2041,-0.2041,20250228
20250228,000733,0.1061,0.1061,20250228
20250228,000735,0.0,0.0,20250228
20250228,000736,-0.2041,-0.2041,20250228
20250228,000737,-0.1184,-0.1184,20250228
20250228,000738,0.0041,0.0041,20250228
20250228,000739,0.4408,0.4408,20250228
20250228,000750,0.1265,0.1265,20250228
20250228,000751,0.198,0.198,20250228
20250228,000752,-0.4755,-0.4755,20250228
20250228,000753,0.1204,0.1204,20250228
20250228,000755,-0.0796,-0.0796,20250228
20250228,000756,-0.0857,-0.0857,20250228
20250228,000757,0.0,0.0,20250228
20250228,000758,0.0,0.0,20250228
20250228,000759,0.0,0.0,20250228
20250228,000761,0.1571,0.1571,20250228
20250228,000762,0.2265,0.2265,20250228
20250228,000766,0.3388,0.3388,20250228
20250228,000767,0.1898,0.1898,20250228
20250228,000768,0.0,0.0,20250228
20250228,000776,-0.1286,-0.1286,20250228
20250228,000777,0.0,0.0,20250228
20250228,000778,0.0,0.0,20250228
20250228,000779,0.098,0.098,20250228
20250228,000782,0.1878,0.1878,20250228
20250228,000783,-0.1224,-0.1224,20250228
20250228,000785,0.3204,0.3204,20250228
20250228,000786,-0.2959,-0.2959,20250228
20250228,000788,-0.1694,-0.1694,20250228
20250228,000789,0.0,0.0,20250228
20250228,000790,0.1857,0.1857,20250228
20250228,000791,-0.2837,-0.2837,20250228
20250228,000792,-0.0041,-0.0041,20250228
20250228,000793,0.0,0.0,20250228
20250228,000795,-0.4122,-0.4122,20250228
20250228,000796,0.0531,0.0531,20250228
20250228,000797,0.0878,0.0878,20250228
20250228,000798,0.0,0.0,20250228
20250228,000799,0.0061,0.0061,20250228
20250228,000800,0.0,0.0,20250228
20250228,000801,0.4061,0.4061,20250228
20250228,000802,-0.802,-0.802,20250228
20250228,000803,-0.1837,-0.1837,20250228
20250228,000807,0.0,0.0,20250228
20250228,000809,-0.349,-0.349,20250228
20250228,000810,0.2306,0.2306,20250228
20250228,000811,0.1653,0.1653,20250228
20250228,000812,-0.3204,-0.3204,20250228
20250228,000813,0.4776,0.4776,20250228
20250228,000815,0.249,0.249,20250228
20250228,000816,0.0,0.0,20250228
20250228,000818,0.5633,0.5633,20250228
20250228,000819,-0.2469,-0.2469,20250228
20250228,000820,-0.5224,-0.5224,20250228
20250228,000821,0.4327,0.4327,20250228
20250228,000822,-0.351,-0.351,20250228
20250228,000823,-0.4612,-0.4612,20250228
20250228,000825,0.0,0.0,20250228
20250228,000826,0.0224,0.0224,20250228
20250228,000828,-0.0265,-0.0265,20250228
20250228,000829,0.0,0.0,20250228
20250228,000830,0.0388,0.0388,20250228
20250228,000831,0.0816,0.0816,20250228
20250228,000833,0.4204,0.4204,20250228
20250228,000837,0.0,0.0,20250228
20250228,000838,0.2163,0.2163,20250228
20250228,000839,0.1776,0.1776,20250228
20250228,000848,0.0,0.0,20250228
20250228,000850,0.1061,0.1061,20250228
20250228,000852,0.0,0.0,20250228
20250228,000856,0.1816,0.1816,20250228
20250228,000858,-0.0061,-0.0061,20250228
20250228,000859,0.0,0.0,20250228
20250228,000860,0.0,0.0,20250228
20250228,000862,-0.049,-0.049,20250228
20250228,000863,0.0,0.0,20250228
20250228,000868,0.5204,0.5204,20250228
20250228,000869,0.0,0.0,20250228
20250228,000875,-0.1143,-0.1143,20250228
20250228,000876,0.1816,0.1816,20250228
20250228,000877,0.249,0.249,20250228
20250228,000878,0.0449,0.0449,20250228
20250228,000880,0.2265,0.2265,20250228
20250228,000881,-0.1041,-0.1041,20250228
20250228,000882,-0.8367,-0.8367,20250228
20250228,000883,-0.2184,-0.2184,20250228
20250228,000885,-0.4653,-0.4653,20250228
20250228,000886,0.3959,0.3959,20250228
20250228,000887,0.2694,0.2694,20250228
20250228,000888,-0.3265,-0.3265,20250228
20250228,000889,0.0,0.0,20250228
20250228,000890,0.1878,0.1878,20250228
20250228,000892,0.1694,0.1694,20250228
20250228,000893,0.4612,0.4612,20250228
20250228,000895,0.0837,0.0837,20250228
20250228,000897,-0.0122,-0.0122,20250228
20250228,000898,0.0,0.0,20250228
20250228,000899,-0.1531,-0.1531,20250228
20250228,000900,0.0673,0.0673,20250228
20250228,000901,-0.1245,-0.1245,20250228
20250228,000902,-0.3306,-0.3306,20250228
20250228,000903,0.2469,0.2469,20250228
20250228,000905,0.0633,0.0633,20250228
20250228,000906,-0.1102,-0.1102,20250228
20250228,000908,-0.2939,-0.2939,20250228
20250228,000909,0.3653,0.3653,20250228
20250228,000910,-0.1531,-0.1531,20250228
20250228,000911,-0.3408,-0.3408,20250228
20250228,000912,0.2122,0.2122,20250228
20250228,000913,0.0,0.0,20250228
20250228,000915,-0.2469,-0.2469,20250228
20250228,000917,-0.2816,-0.2816,20250228
20250228,000919,0.1286,0.1286,20250228
20250228,000920,-0.3245,-0.3245,20250228
20250228,000921,-0.5245,-0.5245,20250228
20250228,000922,0.0,0.0,20250228
20250228,000923,-0.6224,-0.6224,20250228
20250228,000925,0.0755,0.0755,20250228
20250228,000926,-0.3878,-0.3878,20250228
20250228,000927,-0.1653,-0.1653,20250228
20250228,000928,0.0,0.0,20250228
20250228,000929,0.2265,0.2265,20250228
20250228,000930,0.1673,0.1673,20250228
20250228,000931,0.3347,0.3347,20250228
20250228,000932,0.1224,0.1224,20250228
20250228,000933,-0.0408,-0.0408,20250228
20250228,000935,0.4449,0.4449,20250228
20250228,000936,-0.2755,-0.2755,20250228
20250228,000937,-0.0531,-0.0531,20250228
20250228,000938,-0.0102,-0.0102,20250228
20250228,000948,0.0204,0.0204,20250228
20250228,000949,0.0,0.0,20250228
20250228,000950,-0.0408,-0.0408,20250228
20250228,000951,-0.3082,-0.3082,20250228
20250228,000952,-0.251,-0.251,20250228
20250228,000953,-0.2388,-0.2388,20250228
20250228,000955,0.0,0.0,20250228
20250228,000957,-0.3449,-0.3449,20250228
20250228,000958,0.1633,0.1633,20250228
20250228,000959,0.0816,0.0816,20250228
20250228,000960,-0.3612,-0.3612,20250228
20250228,000962,-0.3796,-0.3796,20250228
20250228,000963,-0.0122,-0.0122,20250228
20250228,000965,0.0122,0.0122,20250228
20250228,000966,0.0,0.0,20250228
20250228,000967,0.2306,0.2306,20250228
20250228,000968,0.0,0.0,20250228
20250228,000969,-0.0469,-0.0469,20250228
20250228,000970,0.1551,0.1551,20250228
20250228,000972,0.2531,0.2531,20250228
20250228,000973,0.2408,0.2408,20250228
20250228,000975,-0.0082,-0.0082,20250228
20250228,000977,0.0,0.0,20250228
20250228,000978,0.1306,0.1306,20250228
20250228,000980,0.1408,0.1408,20250228
20250228,000981,-0.3265,-0.3265,20250228
20250228,000983,-0.1776,-0.1776,20250228
20250228,000985,-0.1163,-0.1163,20250228
20250228,000987,0.0388,0.0388,20250228
20250228,000988,0.0,0.0,20250228
20250228,000989,0.3204,0.3204,20250228
20250228,000990,0.0286,0.0286,20250228
20250228,000993,0.0,0.0,20250228
20250228,000995,-0.4571,-0.4571,20250228
20250228,000997,0.0041,0.0041,20250228
20250228,000998,0.0,0.0,20250228
20250228,000999,-0.2061,-0.2061,20250228
20250228,001201,-0.2,-0.2,20250228
20250228,001202,0.0,0.0,20250228
20250228,001203,-0.2755,-0.2755,20250228
20250228,001205,-0.502,-0.502,20250228
20250228,001206,0.0,0.0,20250228
20250228,001207,-0.1429,-0.1429,20250228
20250228,001208,0.2245,0.2245,20250228
20250228,001209,0.0,0.0,20250228
20250228,001210,0.0367,0.0367,20250228
20250228,001211,-0.402,-0.402,20250228
20250228,001212,0.2837,0.2837,20250228
20250228,001213,0.0,0.0,20250228
20250228,001215,0.1061,0.1061,20250228
20250228,001216,0.0,0.0,20250228
20250228,001217,-0.1469,-0.1469,20250228
20250228,001218,-0.0735,-0.0735,20250228
20250228,001219,-0.4714,-0.4714,20250228
20250228,001222,-0.6,-0.6,20250228
20250228,001223,0.2,0.2,20250228
20250228,001225,-0.6796,-0.6796,20250228
20250228,001226,-0.0857,-0.0857,20250228
20250228,001227,-0.2816,-0.2816,20250228
20250228,001228,0.2571,0.2571,20250228
20250228,001229,-0.6327,-0.6327,20250228
20250228,001230,0.0,0.0,20250228
20250228,001231,-0.1408,-0.1408,20250228
20250228,001234,-0.0306,-0.0306,20250228
20250228,001236,-0.1204,-0.1204,20250228
20250228,001238,0.1612,0.1612,20250228
20250228,001239,-0.1061,-0.1061,20250228
20250228,001255,-0.3816,-0.3816,20250228
20250228,001256,0.0,0.0,20250228
20250228,001258,0.1755,0.1755,20250228
20250228,001259,0.0,0.0,20250228
20250228,001260,-0.2204,-0.2204,20250228
20250228,001266,0.0,0.0,20250228
20250228,001267,-0.6898,-0.6898,20250228
20250228,001268,-0.0857,-0.0857,20250228
20250228,001269,0.0,0.0,20250228
20250228,001270,-0.1633,-0.1633,20250228
20250228,001277,-0.1408,-0.1408,20250228
20250228,001278,-0.1735,-0.1735,20250228
20250228,001279,0.0,0.0,20250228
20250228,001282,-0.0633,-0.0633,20250228
20250228,001283,0.0939,0.0939,20250228
20250228,001286,-0.3531,-0.3531,20250228
20250228,001287,0.0388,0.0388,20250228
20250228,001288,-0.451,-0.451,20250228
20250228,001289,0.3776,0.3776,20250228
20250228,001296,-0.2796,-0.2796,20250228
20250228,001298,0.1653,0.1653,20250228
20250228,001299,0.0,0.0,20250228
20250228,001300,0.0,0.0,20250228
20250228,001301,-0.0837,-0.0837,20250228
20250228,001306,0.4714,0.4714,20250228
20250228,001308,-0.1531,-0.1531,20250228
20250228,001309,0.0,0.0,20250228
20250228,001311,0.1,0.1,20250228
20250228,001313,0.0,0.0,20250228
20250228,001314,0.2449,0.2449,20250228
20250228,001316,0.0,0.0,20250228
20250228,001317,0.3184,0.3184,20250228
20250228,001318,0.0,0.0,20250228
20250228,001319,-0.0694,-0.0694,20250228
20250228,001322,0.1878,0.1878,20250228
20250228,001323,-0.3102,-0.3102,20250228
20250228,001324,-0.149,-0.149,20250228
20250228,001326,0.1857,0.1857,20250228
20250228,001328,0.0,0.0,20250228
20250228,001330,-0.7959,-0.7959,20250228
20250228,001331,0.5224,0.5224,20250228
20250228,001332,-0.5735,-0.5735,20250228
20250228,001333,0.3469,0.3469,20250228
20250228,001336,-0.1918,-0.1918,20250228
20250228,001337,0.0,0.0,20250228
20250228,001338,0.0,0.0,20250228
20250331,000001,-0.1,-0.1,20250331
20250331,000002,-0.0878,-0.0878,20250331
20250331,000004,-0.0592,-0.0592,20250331
20250331,000006,0.6306,0.6306,20250331
20250331,000007,0.0,0.0,20250331
20250331,000008,-0.4102,-0.4102,20250331
20250331,000009,-0.1204,-0.1204,20250331
20250331,000010,0.1469,0.1469,20250331
20250331,000011,0.5367,0.5367,20250331
20250331,000012,0.0,0.0,20250331
20250331,000014,0.6306,0.6306,20250331
20250331,000016,-0.7429,-0.7429,20250331
20250331,000017,0.0551,0.0551,20250331
20250331,000019,0.0,0.0,20250331
20250331,000020,0.0163,0.0163,20250331
20250331,000021,-0.1653,-0.1653,20250331
20250331,000025,0.6367,0.6367,20250331
20250331,000026,-0.1633,-0.1633,20250331
20250331,000027,-0.0347,-0.0347,20250331
20250331,000028,-0.0612,-0.0612,20250331
20250331,000029,0.2163,0.2163,20250331
20250331,000030,0.0837,0.0837,20250331
20250331,000031,0.1286,0.1286,20250331
20250331,000032,-0.202,-0.202,20250331
20250331,000034,-0.0388,-0.0388,20250331
20250331,000035,0.0,0.0,20250331
20250331,000036,-0.149,-0.149,20250331
20250331,000037,-0.0939,-0.0939,20250331
20250331,000039,0.2571,0.2571,20250331
20250331,000042,-0.1694,-0.1694,20250331
20250331,000045,0.6143,0.6143,20250331
20250331,000048,0.4735,0.4735,20250331
20250331,000049,-0.2,-0.2,20250331
20250331,000050,-0.1449,-0.1449,20250331
20250331,000055,0.0,0.0,20250331
20250331,000056,0.4918,0.4918,20250331
20250331,000058,0.0,0.0,20250331
20250331,000059,-0.2694,-0.2694,20250331
20250331,000060,0.0,0.0,20250331
20250331,000061,0.0612,0.0612,20250331
20250331,000062,0.449,0.449,20250331
20250331,000063,-0.1204,-0.1204,20250331
20250331,000065,-0.049,-0.049,20250331
20250331,000066,-0.149,-0.149,20250331
20250331,000068,-0.3204,-0.3204,20250331
20250331,000069,0.2204,0.2204,20250331
20250331,000070,-0.2429,-0.2429,20250331
20250331,000078,0.0694,0.0694,20250331
20250331,000088,-0.0939,-0.0939,20250331
20250331,000089,0.0,0.0,20250331
20250331,000090,0.0,0.0,20250331
20250331,000096,-0.002,-0.002,20250331
20250331,000099,0.0,0.0,20250331
20250331,000100,-0.0306,-0.0306,20250331
20250331,000151,0.2469,0.2469,20250331
20250331,000153,0.0,0.0,20250331
20250331,000155,-0.0408,-0.0408,20250331
20250331,000156,0.5592,0.5592,20250331
20250331,000157,-0.0082,-0.0082,20250331
20250331,000158,-0.0061,-0.0061,20250331
20250331,000159,0.0,0.0,20250331
20250331,000166,-0.0347,-0.0347,20250331
20250331,000301,-0.298,-0.298,20250331
20250331,000333,0.1408,0.1408,20250331
20250331,000338,0.0449,0.0449,20250331
20250331,000400,0.2102,0.2102,20250331
20250331,000401,0.0,0.0,20250331
20250331,000402,-0.0857,-0.0857,20250331
20250331,000403,0.0,0.0,20250331
20250331,000404,0.0735,0.0735,20250331
20250331,000407,0.0265,0.0265,20250331
20250331,000408,0.2796,0.2796,20250331
20250331,000409,0.8408,0.8408,20250331
20250331,000410,-0.0673,-0.0673,20250331
20250331,000411,-0.0653,-0.0653,20250331
20250331,000415,-0.1429,-0.1429,20250331
20250331,000417,0.0,0.0,20250331
20250331,000419,0.0143,0.0143,20250331
20250331,000420,-0.2347,-0.2347,20250331
20250331,000421,-0.2082,-0.2082,20250331
20250331,000422,0.2612,0.2612,20250331
20250331,000423,0.2408,0.2408,20250331
20250331,000425,0.2184,0.2184,20250331
20250331,000426,0.0082,0.0082,20250331
20250331,000428,0.0,0.0,20250331
20250331,000429,-0.2388,-0.2388,20250331
20250331,000430,-0.0184,-0.0184,20250331
20250331,000488,0.0,0.0,20250331
20250331,000498,0.3653,0.3653,20250331
20250331,000501,0.2367,0.2367,20250331
20250331,000503,0.1224,0.1224,20250331
20250331,000504,0.0,0.0,20250331
20250331,000505,0.0061,0.0061,20250331
20250331,000506,-0.1347,-0.1347,20250331
20250331,000507,0.1102,0.1102,20250331
20250331,000509,0.0367,0.0367,20250331
20250331,000510,0.3408,0.3408,20250331
20250331,000513,0.0653,0.0653,20250331
20250331,000514,-0.1286,-0.1286,20250331
20250331,000516,-0.3163,-0.3163,20250331
20250331,000517,0.1245,0.1245,20250331
20250331,000518,0.2163,0.2163,20250331
20250331,000519,0.3633,0.3633,20250331
20250331,000520,-0.5204,-0.5204,20250331
20250331,000521,-0.0367,-0.0367,20250331
20250331,000523,0.4612,0.4612,20250331
20250331,000524,0.1531,0.1531,20250331
20250331,000525,0.3204,0.3204,20250331
20250331,000526,0.0,0.0,20250331
20250331,000528,0.0469,0.0469,20250331
20250331,000529,-0.049,-0.049,20250331
20250331,000530,0.0,0.0,20250331
20250331,000531,-0.3306,-0.3306,20250331
20250331,000532,0.0,0.0,20250331
20250331,000533,0.4694,0.4694,20250331
20250331,000534,-0.3837,-0.3837,20250331
20250331,000536,-0.2755,-0.2755,20250331
20250331,000537,0.0,0.0,20250331
20250331,000538,0.1571,0.1571,20250331
20250331,000539,-0.1122,-0.1122,20250331
20250331,000541,0.1939,0.1939,20250331
20250331,000543,-0.0633,-0.0633,20250331
20250331,000544,-0.0367,-0.0367,20250331
20250331,000545,-0.1816,-0.1816,20250331
20250331,000546,-0.5143,-0.5143,20250331
20250331,000547,-0.0367,-0.0367,20250331
20250331,000548,0.1531,0.1531,20250331
20250331,000550,0.102,0.102,20250331
20250331,000551,0.0265,0.0265,20250331
20250331,000552,-0.0959,-0.0959,20250331
20250331,000553,-0.3449,-0.3449,20250331
20250331,000554,0.4714,0.4714,20250331
20250331,000555,0.0,0.0,20250331
20250331,000557,0.0,0.0,20250331
20250331,000558,0.0286,0.0286,20250331
20250331,000559,0.1735,0.1735,20250331
20250331,000560,-0.0122,-0.0122,20250331
20250331,000561,0.0,0.0,20250331
20250331,000563,0.0694,0.0694,20250331
20250331,000564,-0.5796,-0.5796,20250331
20250331,000565,0.0,0.0,20250331
20250331,000566,-0.5367,-0.5367,20250331
20250331,000567,-0.4286,-0.4286,20250331
20250331,000568,0.1776,0.1776,20250331
20250331,000570,0.0,0.0,20250331
20250331,000571,0.3347,0.3347,20250331
20250331,000572,-0.3735,-0.3735,20250331
20250331,000573,0.3816,0.3816,20250331
20250331,000576,-0.051,-0.051,20250331
20250331,000581,0.0143,0.0143,20250331
20250331,000582,0.0,0.0,20250331
20250331,000586,-0.2204,-0.2204,20250331
20250331,000589,-0.0755,-0.0755,20250331
20250331,000590,-0.3571,-0.3571,20250331
20250331,000591,-0.1184,-0.1184,20250331
20250331,000592,0.0,0.0,20250331
20250331,000593,-0.1327,-0.1327,20250331
20250331,000595,-0.4796,-0.4796,20250331
20250331,000596,0.049,0.049,20250331
20250331,000597,0.0041,0.0041,20250331
20250331,000598,0.1449,0.1449,20250331
20250331,000599,-0.4429,-0.4429,20250331
20250331,000600,0.1041,0.1041,20250331
20250331,000601,0.0408,0.0408,20250331
20250331,000603,0.1286,0.1286,20250331
20250331,000605,-0.2143,-0.2143,20250331
20250331,000607,0.0,0.0,20250331
20250331,000608,-0.3,-0.3,20250331
20250331,000609,-0.1551,-0.1551,20250331
20250331,000610,0.0,0.0,20250331
20250331,000612,0.1776,0.1776,20250331
20250331,000615,0.5918,0.5918,20250331
20250331,000617,0.0204,0.0204,20250331
20250331,000619,-0.3082,-0.3082,20250331
20250331,000620,0.0,0.0,20250331
20250331,000623,0.0286,0.0286,20250331
20250331,000625,-0.0816,-0.0816,20250331
20250331,000626,-0.3531,-0.3531,20250331
20250331,000628,-0.1673,-0.1673,20250331
20250331,000629,-0.4163,-0.4163,20250331
20250331,000630,0.0,0.0,20250331
20250331,000631,0.0,0.0,20250331
20250331,000632,0.0286,0.0286,20250331
20250331,000633,0.0388,0.0388,20250331
20250331,000635,0.2041,0.2041,20250331
20250331,000636,0.1694,0.1694,20250331
20250331,000637,-0.4245,-0.4245,20250331
20250331,000638,-0.2755,-0.2755,20250331
20250331,000639,-0.4082,-0.4082,20250331
20250331,000650,-0.0531,-0.0531,20250331
20250331,000651,0.1592,0.1592,20250331
20250331,000652,-0.3408,-0.3408,20250331
20250331,000655,0.4551,0.4551,20250331
20250331,000656,0.2959,0.2959,20250331
20250331,000657,0.0,0.0,20250331
20250331,000659,0.6429,0.6429,20250331
20250331,000661,-0.0571,-0.0571,20250331
20250331,000663,-0.3286,-0.3286,20250331
20250331,000665,0.7837,0.7837,20250331
20250331,000668,0.0,0.0,20250331
20250331,000669,-0.3755,-0.3755,20250331
20250331,000670,-0.2143,-0.2143,20250331
20250331,000672,0.0694,0.0694,20250331
20250331,000676,0.0,0.0,20250331
20250331,000677,0.2816,0.2816,20250331
20250331,000678,0.3184,0.3184,20250331
20250331,000679,-0.5449,-0.5449,20250331
20250331,000680,0.0,0.0,20250331
20250331,000681,-0.1184,-0.1184,20250331
20250331,000682,0.4653,0.4653,20250331
20250331,000683,-0.1571,-0.1571,20250331
20250331,000685,0.0,0.0,20250331
20250331,000686,0.1184,0.1184,20250331
20250331,000688,-0.6633,-0.6633,20250331
20250331,000690,-0.2755,-0.2755,20250331
20250331,000691,-0.3898,-0.3898,20250331
20250331,000692,-0.0796,-0.0796,20250331
20250331,000695,-0.4959,-0.4959,20250331
20250331,000697,0.2898,0.2898,20250331
20250331,000698,0.0,0.0,20250331
20250331,000700,0.1918,0.1918,20250331
20250331,000701,0.0,0.0,20250331
20250331,000702,-0.0939,-0.0939,20250331
20250331,000703,0.0755,0.0755,20250331
20250331,000705,0.1633,0.1633,20250331
20250331,000707,0.0,0.0,20250331
20250331,000708,0.0,0.0,20250331
20250331,000709,0.1306,0.1306,20250331
20250331,000710,-0.1163,-0.1163,20250331
20250331,000711,0.2878,0.2878,20250331
20250331,000712,-0.1776,-0.1776,20250331
20250331,000713,0.0,0.0,20250331
20250331,000715,0.2347,0.2347,20250331
20250331,000716,-0.3735,-0.3735,20250331
20250331,000717,-0.2286,-0.2286,20250331
20250331,000718,0.0,0.0,20250331
20250331,000719,0.0,0.0,20250331
20250331,000720,0.0,0.0,20250331
20250331,000721,-0.4857,-0.4857,20250331
20250331,000722,0.0184,0.0184,20250331
20250331,000723,0.0,0.0,20250331
20250331,000725,-0.0102,-0.0102,20250331
20250331,000726,0.1939,0.1939,20250331
20250331,000727,0.0,0.0,20250331
20250331,000728,-0.0388,-0.0388,20250331
20250331,000729,0.0082,0.0082,20250331
20250331,000731,0.0,0.0,20250331
20250331,000733,0.6816,0.6816,20250331
20250331,000735,-0.1061,-0.1061,20250331
20250331,000736,-0.1857,-0.1857,20250331
20250331,000737,0.1633,0.1633,20250331
20250331,000738,0.0,0.0,20250331
20250331,000739,-0.5796,-0.5796,20250331
20250331,000750,0.0,0.0,20250331
20250331,000751,-0.1327,-0.1327,20250331
20250331,000752,-0.2102,-0.2102,20250331
20250331,000753,0.6776,0.6776,20250331
20250331,000755,0.0,0.0,20250331
20250331,000756,-0.0898,-0.0898,20250331
20250331,000757,0.0,0.0,20250331
20250331,000758,-0.2143,-0.2143,20250331
20250331,000759,0.0,0.0,20250331
20250331,000761,-0.1714,-0.1714,20250331
20250331,000762,-0.4612,-0.4612,20250331
20250331,000766,0.2755,0.2755,20250331
20250331,000767,0.0,0.0,20250331
20250331,000768,-0.2388,-0.2388,20250331
20250331,000776,0.3714,0.3714,20250331
20250331,000777,-0.0469,-0.0469,20250331
20250331,000778,0.0,0.0,20250331
20250331,000779,0.6041,0.6041,20250331
20250331,000782,0.3347,0.3347,20250331
20250331,000783,0.0612,0.0612,20250331
20250331,000785,-0.4571,-0.4571,20250331
20250331,000786,0.0776,0.0776,20250331
20250331,000788,-0.151,-0.151,20250331
20250331,000789,0.0224,0.0224,20250331
20250331,000790,-0.0735,-0.0735,20250331
20250331,000791,0.0,0.0,20250331
20250331,000792,-0.1898,-0.1898,20250331
20250331,000793,-0.798,-0.798,20250331
20250331,000795,-0.7224,-0.7224,20250331
20250331,000796,-0.398,-0.398,20250331
20250331,000797,0.5959,0.5959,20250331
20250331,000798,0.0,0.0,20250331
20250331,000799,-0.202,-0.202,20250331
20250331,000800,0.0,0.0,20250331
20250331,000801,-0.7327,-0.7327,20250331
20250331,000802,0.0,0.0,20250331
20250331,000803,0.2327,0.2327,20250331
20250331,000807,0.0,0.0,20250331
20250331,000809,0.6245,0.6245,20250331
20250331,000810,-0.5673,-0.5673,20250331
20250331,000811,-0.0143,-0.0143,20250331
20250331,000812,-0.0265,-0.0265,20250331
20250331,000813,-0.1449,-0.1449,20250331
20250331,000815,0.5653,0.5653,20250331
20250331,000816,-0.4,-0.4,20250331
20250331,000818,-0.4388,-0.4388,20250331
20250331,000819,0.0694,0.0694,20250331
20250331,000820,-0.2143,-0.2143,20250331
20250331,000821,-0.1918,-0.1918,20250331
20250331,000822,0.3163,0.3163,20250331
20250331,000823,0.3816,0.3816,20250331
20250331,000825,-0.3776,-0.3776,20250331
20250331,000826,-0.4551,-0.4551,20250331
20250331,000828,0.0143,0.0143,20250331
20250331,000829,-0.0673,-0.0673,20250331
20250331,000830,0.2102,0.2102,20250331
20250331,000831,0.0306,0.0306,20250331
20250331,000833,-0.2714,-0.2714,20250331
20250331,000837,0.0,0.0,20250331
20250331,000838,-0.2673,-0.2673,20250331
20250331,000839,-0.151,-0.151,20250331
20250331,000848,0.0,0.0,20250331
20250331,000850,0.0,0.0,20250331
20250331,000852,0.0,0.0,20250331
20250331,000856,-0.4102,-0.4102,20250331
20250331,000858,0.0,0.0,20250331
20250331,000859,0.0,0.0,20250331
20250331,000860,-0.1776,-0.1776,20250331
20250331,000862,-0.1571,-0.1571,20250331
20250331,000863,-0.0857,-0.0857,20250331
20250331,000868,-0.4367,-0.4367,20250331
20250331,000869,0.0,0.0,20250331
20250331,000875,0.0082,0.0082,20250331
20250331,000876,0.0,0.0,20250331
20250331,000877,-0.1735,-0.1735,20250331
20250331,000878,-0.1184,-0.1184,20250331
20250331,000880,0.5082,0.5082,20250331
20250331,000881,-0.0776,-0.0776,20250331
20250331,000882,-0.2939,-0.2939,20250331
20250331,000883,-0.2204,-0.2204,20250331
20250331,000885,0.051,0.051,20250331
20250331,000886,-0.2592,-0.2592,20250331
20250331,000887,-0.4939,-0.4939,20250331
20250331,000888,0.0,0.0,20250331
20250331,000889,0.3204,0.3204,20250331
20250331,000890,-0.5347,-0.5347,20250331
20250331,000892,-0.1122,-0.1122,20250331
20250331,000893,-0.1633,-0.1633,20250331
20250331,000895,0.0,0.0,20250331
20250331,000897,0.1959,0.1959,20250331
20250331,000898,-0.1408,-0.1408,20250331
20250331,000899,0.1857,0.1857,20250331
20250331,000900,-0.1449,-0.1449,20250331
20250331,000901,-0.0388,-0.0388,20250331
20250331,000902,0.0612,0.0612,20250331
20250331,000903,0.1061,0.1061,20250331
20250331,000905,0.1163,0.1163,20250331
20250331,000906,-0.198,-0.198,20250331
20250331,000908,0.251,0.251,20250331
20250331,000909,-0.1265,-0.1265,20250331
20250331,000910,0.4592,0.4592,20250331
20250331,000911,0.1469,0.1469,20250331
20250331,000912,-0.151,-0.151,20250331
20250331,000913,0.0,0.0,20250331
20250331,000915,0.2245,0.2245,20250331
20250331,000917,0.5694,0.5694,20250331
20250331,000919,-0.0878,-0.0878,20250331
20250331,000920,0.3571,0.3571,20250331
20250331,000921,0.0,0.0,20250331
20250331,000922,0.2082,0.2082,20250331
20250331,000923,0.5898,0.5898,20250331
20250331,000925,0.0,0.0,20250331
20250331,000926,0.2796,0.2796,20250331
20250331,000927,0.0,0.0,20250331
20250331,000928,-0.002,-0.002,20250331
20250331,000929,-0.102,-0.102,20250331
20250331,000930,-0.1347,-0.1347,20250331
20250331,000931,-0.2388,-0.2388,20250331
20250331,000932,0.1878,0.1878,20250331
20250331,000933,-0.0551,-0.0551,20250331
20250331,000935,-0.4122,-0.4122,20250331
20250331,000936,0.0,0.0,20250331
20250331,000937,0.0,0.0,20250331
20250331,000938,0.0327,0.0327,20250331
20250331,000948,0.1429,0.1429,20250331
20250331,000949,-0.2184,-0.2184,20250331
20250331,000950,0.0,0.0,20250331
20250331,000951,0.2653,0.2653,20250331
20250331,000952,-0.3184,-0.3184,20250331
20250331,000953,0.3388,0.3388,20250331
20250331,000955,-0.3265,-0.3265,20250331
20250331,000957,0.1163,0.1163,20250331
20250331,000958,0.1612,0.1612,20250331
20250331,000959,-0.0306,-0.0306,20250331
20250331,000960,0.0776,0.0776,20250331
20250331,000962,-0.0102,-0.0102,20250331
20250331,000963,0.1082,0.1082,20250331
20250331,000965,0.1061,0.1061,20250331
20250331,000966,0.0551,0.0551,20250331
20250331,000967,0.1918,0.1918,20250331
20250331,000968,0.0,0.0,20250331
20250331,000969,-0.2265,-0.2265,20250331
20250331,000970,0.0,0.0,20250331
20250331,000972,-0.2224,-0.2224,20250331
20250331,000973,-0.2061,-0.2061,20250331
20250331,000975,0.0061,0.0061,20250331
20250331,000977,-0.0367,-0.0367,20250331
20250331,000978,-0.2571,-0.2571,20250331
20250331,000980,-0.6367,-0.6367,20250331
20250331,000981,-0.5347,-0.5347,20250331
20250331,000983,-0.1122,-0.1122,20250331
20250331,000985,-0.3347,-0.3347,20250331
20250331,000987,-0.1041,-0.1041,20250331
20250331,000988,-0.2082,-0.2082,20250331
20250331,000989,0.0,0.0,20250331
20250331,000990,-0.0939,-0.0939,20250331
20250331,000993,-0.1061,-0.1061,20250331
20250331,000995,-0.5163,-0.5163,20250331
20250331,000997,0.8163,0.8163,20250331
20250331,000998,-0.0857,-0.0857,20250331
20250331,000999,-0.0143,-0.0143,20250331
20250331,001201,0.1429,0.1429,20250331
20250331,001202,0.202,0.202,20250331
20250331,001203,0.0,0.0,20250331
20250331,001205,0.0,0.0,20250331
20250331,001206,-0.0776,-0.0776,20250331
20250331,001207,0.2714,0.2714,20250331
20250331,001208,0.4735,0.4735,20250331
20250331,001209,-0.3714,-0.3714,20250331
20250331,001210,0.0735,0.0735,20250331
20250331,001211,-0.0571,-0.0571,20250331
20250331,001212,0.551,0.551,20250331
20250331,001213,-0.2551,-0.2551,20250331
20250331,001215,-0.3,-0.3,20250331
20250331,001216,0.0653,0.0653,20250331
20250331,001217,0.4673,0.4673,20250331
20250331,001218,0.1571,0.1571,20250331
20250331,001219,0.0837,0.0837,20250331
20250331,001222,0.0837,0.0837,20250331
20250331,001223,-0.2102,-0.2102,20250331
20250331,001225,0.0,0.0,20250331
20250331,001226,-0.0714,-0.0714,20250331
20250331,001227,0.0265,0.0265,20250331
20250331,001228,-0.2816,-0.2816,20250331
20250331,001229,0.0,0.0,20250331
20250331,001230,0.3082,0.3082,20250331
20250331,001231,-0.2224,-0.2224,20250331
20250331,001234,0.0,0.0,20250331
20250331,001236,0.2959,0.2959,20250331
20250331,001238,-0.0367,-0.0367,20250331
20250331,001239,0.5857,0.5857,20250331
20250331,001255,-0.0694,-0.0694,20250331
20250331,001256,0.0,0.0,20250331
20250331,001258,0.2531,0.2531,20250331
20250331,001259,-0.4633,-0.4633,20250331
20250331,001260,0.0,0.0,20250331
20250331,001266,0.0,0.0,20250331
20250331,001267,0.3469,0.3469,20250331
20250331,001268,0.6163,0.6163,20250331
20250331,001269,0.0367,0.0367,20250331
20250331,001270,0.0,0.0,20250331
20250331,001277,-0.2184,-0.2184,20250331
20250331,001278,-0.1612,-0.1612,20250331
20250331,001279,-0.0735,-0.0735,20250331
20250331,001282,0.2224,0.2224,20250331
20250331,001283,-0.1959,-0.1959,20250331
20250331,001286,0.1,0.1,20250331
20250331,001287,-0.2082,-0.2082,20250331
20250331,001288,-0.1408,-0.1408,20250331
20250331,001289,0.049,0.049,20250331
20250331,001296,-0.0408,-0.0408,20250331
20250331,001298,0.1286,0.1286,20250331
20250331,001299,0.4306,0.4306,20250331
20250331,001300,-0.0959,-0.0959,20250331
20250331,001301,-0.0204,-0.0204,20250331
20250331,001306,-0.2408,-0.2408,20250331
20250331,001308,-0.0837,-0.0837,20250331
20250331,001309,-0.1184,-0.1184,20250331
20250331,001311,-0.0796,-0.0796,20250331
20250331,001313,0.049,0.049,20250331
20250331,001314,-0.1857,-0.1857,20250331
20250331,001316,0.0,0.0,20250331
20250331,001317,0.0633,0.0633,20250331
20250331,001318,0.0,0.0,20250331
20250331,001319,-0.1429,-0.1429,20250331
20250331,001322,0.0,0.0,20250331
20250331,001323,-0.2224,-0.2224,20250331
20250331,001324,-0.0551,-0.0551,20250331
20250331,001326,0.0571,0.0571,20250331
20250331,001328,0.0,0.0,20250331
20250331,001330,-0.0796,-0.0796,20250331
20250331,001331,0.3755,0.3755,20250331
20250331,001332,0.4327,0.4327,20250331
20250331,001333,0.4878,0.4878,20250331
20250331,001336,0.4776,0.4776,20250331
20250331,001337,0.0,0.0,20250331
20250331,001338,0.0,0.0,20250331
20250430,000001,-0.0755,-0.0755,20250430
20250430,000002,0.0,0.0,20250430
20250430,000004,-0.351,-0.351,20250430
20250430,000006,-0.4633,-0.4633,20250430
20250430,000007,0.2796,0.2796,20250430
20250430,000008,0.4714,0.4714,20250430
20250430,000009,0.0,0.0,20250430
20250430,000010,-0.3265,-0.3265,20250430
20250430,000011,-0.0327,-0.0327,20250430
20250430,000012,0.0,0.0,20250430
20250430,000014,-0.1633,-0.1633,20250430
20250430,000016,0.6592,0.6592,20250430
20250430,000017,-0.0082,-0.0082,20250430
20250430,000019,0.2429,0.2429,20250430
20250430,000020,0.198,0.198,20250430
20250430,000021,0.2163,0.2163,20250430
20250430,000025,-0.1939,-0.1939,20250430
20250430,000026,-0.5612,-0.5612,20250430
20250430,000027,0.0143,0.0143,20250430
20250430,000028,0.0,0.0,20250430
20250430,000029,0.3755,0.3755,20250430
20250430,000030,0.3327,0.3327,20250430
20250430,000031,0.2306,0.2306,20250430
20250430,000032,0.1082,0.1082,20250430
20250430,000034,0.3755,0.3755,20250430
20250430,000035,-0.2735,-0.2735,20250430
20250430,000036,-0.0857,-0.0857,20250430
20250430,000037,-0.1306,-0.1306,20250430
20250430,000039,-0.3163,-0.3163,20250430
20250430,000042,0.5143,0.5143,20250430
20250430,000045,-0.2204,-0.2204,20250430
20250430,000048,-0.549,-0.549,20250430
20250430,000049,-0.151,-0.151,20250430
20250430,000050,0.2796,0.2796,20250430
20250430,000055,0.1347,0.1347,20250430
20250430,000056,-0.5816,-0.5816,20250430
20250430,000058,0.0,0.0,20250430
20250430,000059,0.051,0.051,20250430
20250430,000060,-0.4327,-0.4327,20250430
20250430,000061,0.1265,0.1265,20250430
20250430,000062,0.6939,0.6939,20250430
20250430,000063,-0.5449,-0.5449,20250430
20250430,000065,-0.1776,-0.1776,20250430
20250430,000066,0.6531,0.6531,20250430
20250430,000068,-0.0714,-0.0714,20250430
20250430,000069,-0.1245,-0.1245,20250430
20250430,000070,0.049,0.049,20250430
20250430,000078,-0.1122,-0.1122,20250430
20250430,000088,-0.1041,-0.1041,20250430
20250430,000089,0.0,0.0,20250430
20250430,000090,-0.3837,-0.3837,20250430
20250430,000096,0.0,0.0,20250430
20250430,000099,0.0,0.0,20250430
20250430,000100,0.0,0.0,20250430
20250430,000151,-0.5878,-0.5878,20250430
20250430,000153,-0.2551,-0.2551,20250430
20250430,000155,-0.3082,-0.3082,20250430
20250430,000156,-0.2429,-0.2429,20250430
20250430,000157,0.1796,0.1796,20250430
20250430,000158,0.4551,0.4551,20250430
20250430,000159,0.0163,0.0163,20250430
20250430,000166,0.0061,0.0061,20250430
20250430,000301,0.2306,0.2306,20250430
20250430,000333,0.2755,0.2755,20250430
20250430,000338,-0.0673,-0.0673,20250430
20250430,000400,-0.2918,-0.2918,20250430
20250430,000401,-0.1429,-0.1429,20250430
20250430,000402,0.2122,0.2122,20250430
20250430,000403,0.1673,0.1673,20250430
20250430,000404,-0.1878,-0.1878,20250430
20250430,000407,-0.0612,-0.0612,20250430
20250430,000408,-0.2408,-0.2408,20250430
20250430,000409,0.0,0.0,20250430
20250430,000410,-0.1469,-0.1469,20250430
20250430,000411,-0.0347,-0.0347,20250430
20250430,000415,0.0,0.0,20250430
20250430,000417,0.1082,0.1082,20250430
20250430,000419,-0.4163,-0.4163,20250430
20250430,000420,-0.1204,-0.1204,20250430
20250430,000421,-0.0633,-0.0633,20250430
20250430,000422,-0.8163,-0.8163,20250430
20250430,000423,-0.3653,-0.3653,20250430
20250430,000425,0.3408,0.3408,20250430
20250430,000426,0.002,0.002,20250430
20250430,000428,-0.0408,-0.0408,20250430
20250430,000429,0.0,0.0,20250430
20250430,000430,-0.1388,-0.1388,20250430
20250430,000488,-0.102,-0.102,20250430
20250430,000498,-0.3204,-0.3204,20250430
20250430,000501,0.0735,0.0735,20250430
20250430,000503,-0.0204,-0.0204,20250430
20250430,000504,-0.102,-0.102,20250430
20250430,000505,0.1388,0.1388,20250430
20250430,000506,0.051,0.051,20250430
20250430,000507,0.3531,0.3531,20250430
20250430,000509,0.0551,0.0551,20250430
20250430,000510,0.3878,0.3878,20250430
20250430,000513,0.0,0.0,20250430
20250430,000514,0.3612,0.3612,20250430
20250430,000516,0.0571,0.0571,20250430
20250430,000517,-0.0939,-0.0939,20250430
20250430,000518,-0.5,-0.5,20250430
20250430,000519,0.0041,0.0041,20250430
20250430,000520,0.0,0.0,20250430
20250430,000521,-0.1449,-0.1449,20250430
20250430,000523,-0.4306,-0.4306,20250430
20250430,000524,0.0857,0.0857,20250430
20250430,000525,-0.0082,-0.0082,20250430
20250430,000526,0.1204,0.1204,20250430
20250430,000528,-0.3449,-0.3449,20250430
20250430,000529,-0.0755,-0.0755,20250430
20250430,000530,-0.4714,-0.4714,20250430
20250430,000531,-0.0776,-0.0776,20250430
20250430,000532,-0.198,-0.198,20250430
20250430,000533,-0.3265,-0.3265,20250430
20250430,000534,0.0,0.0,20250430
20250430,000536,-0.0265,-0.0265,20250430
20250430,000537,0.2327,0.2327,20250430
20250430,000538,0.2735,0.2735,20250430
20250430,000539,-0.4122,-0.4122,20250430
20250430,000541,-0.2571,-0.2571,20250430
20250430,000543,-0.3041,-0.3041,20250430
20250430,000544,0.0,0.0,20250430
20250430,000545,-0.3204,-0.3204,20250430
20250430,000546,-0.0857,-0.0857,20250430
20250430,000547,-0.5388,-0.5388,20250430
20250430,000548,-0.4837,-0.4837,20250430
20250430,000550,-0.0959,-0.0959,20250430
20250430,000551,-0.0551,-0.0551,20250430
20250430,000552,-0.3735,-0.3735,20250430
20250430,000553,0.0245,0.0245,20250430
20250430,000554,-0.1204,-0.1204,20250430
20250430,000555,-0.1755,-0.1755,20250430
20250430,000557,-0.2694,-0.2694,20250430
20250430,000558,0.4408,0.4408,20250430
20250430,000559,0.0,0.0,20250430
20250430,000560,0.2878,0.2878,20250430
20250430,000561,-0.6633,-0.6633,20250430
20250430,000563,0.0347,0.0347,20250430
20250430,000564,0.1,0.1,20250430
20250430,000565,0.0,0.0,20250430
20250430,000566,0.4469,0.4469,20250430
20250430,000567,-0.1286,-0.1286,20250430
20250430,000568,-0.1061,-0.1061,20250430
20250430,000570,0.0,0.0,20250430
20250430,000571,0.0,0.0,20250430
20250430,000572,0.1633,0.1633,20250430
20250430,000573,-0.3122,-0.3122,20250430
20250430,000576,0.1224,0.1224,20250430
20250430,000581,-0.198,-0.198,20250430
20250430,000582,0.1735,0.1735,20250430
20250430,000586,0.0,0.0,20250430
20250430,000589,-0.3551,-0.3551,20250430
20250430,000590,0.1592,0.1592,20250430
20250430,000591,-0.0041,-0.0041,20250430
20250430,000592,-0.2245,-0.2245,20250430
20250430,000593,-0.1245,-0.1245,20250430
20250430,000595,-0.4184,-0.4184,20250430
20250430,000596,0.0,0.0,20250430
20250430,000597,0.1469,0.1469,20250430
20250430,000598,0.1204,0.1204,20250430
20250430,000599,0.3592,0.3592,20250430
20250430,000600,0.2163,0.2163,20250430
20250430,000601,0.0,0.0,20250430
20250430,000603,-0.4898,-0.4898,20250430
20250430,000605,0.0,0.0,20250430
20250430,000607,-0.1061,-0.1061,20250430
20250430,000608,0.0,0.0,20250430
20250430,000609,-0.1286,-0.1286,20250430
20250430,000610,-0.2122,-0.2122,20250430
20250430,000612,0.0,0.0,20250430
20250430,000615,-0.0653,-0.0653,20250430
20250430,000617,0.5163,0.5163,20250430
20250430,000619,-0.1816,-0.1816,20250430
20250430,000620,0.1347,0.1347,20250430
20250430,000623,-0.0531,-0.0531,20250430
20250430,000625,0.1857,0.1857,20250430
20250430,000626,0.0204,0.0204,20250430
20250430,000628,0.0449,0.0449,20250430
20250430,000629,-0.049,-0.049,20250430
20250430,000630,0.0816,0.0816,20250430
20250430,000631,0.0,0.0,20250430
20250430,000632,0.0653,0.0653,20250430
20250430,000633,0.6837,0.6837,20250430
20250430,000635,0.2143,0.2143,20250430
20250430,000636,-0.0878,-0.0878,20250430
20250430,000637,-0.2347,-0.2347,20250430
20250430,000638,-0.5796,-0.5796,20250430
20250430,000639,-0.0041,-0.0041,20250430
20250430,000650,0.0,0.0,20250430
20250430,000651,0.4469,0.4469,20250430
20250430,000652,-0.5796,-0.5796,20250430
20250430,000655,-0.0673,-0.0673,20250430
20250430,000656,0.1612,0.1612,20250430
20250430,000657,0.1673,0.1673,20250430
20250430,000659,0.3204,0.3204,20250430
20250430,000661,-0.4265,-0.4265,20250430
20250430,000663,0.0,0.0,20250430
20250430,000665,0.0265,0.0265,20250430
20250430,000668,0.0,0.0,20250430
20250430,000669,0.2265,0.2265,20250430
20250430,000670,0.5204,0.5204,20250430
20250430,000672,0.5122,0.5122,20250430
20250430,000676,-0.002,-0.002,20250430
20250430,000677,0.2408,0.2408,20250430
20250430,000678,0.3367,0.3367,20250430
20250430,000679,-0.1327,-0.1327,20250430
20250430,000680,0.0,0.0,20250430
20250430,000681,0.0,0.0,20250430
20250430,000682,0.0531,0.0531,20250430
20250430,000683,-0.2796,-0.2796,20250430
20250430,000685,-0.2694,-0.2694,20250430
20250430,000686,0.0,0.0,20250430
20250430,000688,0.0,0.0,20250430
20250430,000690,0.051,0.051,20250430
20250430,000691,0.4755,0.4755,20250430
20250430,000692,0.0,0.0,20250430
20250430,000695,0.0,0.0,20250430
20250430,000697,-0.2347,-0.2347,20250430
20250430,000698,0.0,0.0,20250430
20250430,000700,-0.2061,-0.2061,20250430
20250430,000701,0.0,0.0,20250430
20250430,000702,0.0,0.0,20250430
20250430,000703,0.0898,0.0898,20250430
20250430,000705,0.1204,0.1204,20250430
20250430,000707,-0.4408,-0.4408,20250430
20250430,000708,-0.2449,-0.2449,20250430
20250430,000709,0.2,0.2,20250430
20250430,000710,0.0,0.0,20250430
20250430,000711,0.4796,0.4796,20250430
20250430,000712,-0.3551,-0.3551,20250430
20250430,000713,0.0,0.0,20250430
20250430,000715,0.0,0.0,20250430
20250430,000716,0.0755,0.0755,20250430
20250430,000717,-0.1429,-0.1429,20250430
20250430,000718,0.1551,0.1551,20250430
20250430,000719,-0.0224,-0.0224,20250430
20250430,000720,0.5551,0.5551,20250430
20250430,000721,0.0,0.0,20250430
20250430,000722,0.1735,0.1735,20250430
20250430,000723,0.0,0.0,20250430
20250430,000725,-0.0673,-0.0673,20250430
20250430,000726,0.0,0.0,20250430
20250430,000727,-0.2041,-0.2041,20250430
20250430,000728,-0.0224,-0.0224,20250430
20250430,000729,0.0082,0.0082,20250430
20250430,000731,-0.6122,-0.6122,20250430
20250430,000733,-0.0551,-0.0551,20250430
20250430,000735,0.0,0.0,20250430
20250430,000736,-0.4531,-0.4531,20250430
20250430,000737,-0.0735,-0.0735,20250430
20250430,000738,0.0,0.0,20250430
20250430,000739,-0.2796,-0.2796,20250430
20250430,000750,-0.0347,-0.0347,20250430
20250430,000751,0.0286,0.0286,20250430
20250430,000752,0.0,0.0,20250430
20250430,000753,0.3776,0.3776,20250430
20250430,000755,0.1592,0.1592,20250430
20250430,000756,-0.2857,-0.2857,20250430
20250430,000757,0.0,0.0,20250430
20250430,000758,-0.3694,-0.3694,20250430
20250430,000759,0.0,0.0,20250430
20250430,000761,0.349,0.349,20250430
20250430,000762,-0.0714,-0.0714,20250430
20250430,000766,0.0918,0.0918,20250430
20250430,000767,-0.0796,-0.0796,20250430
20250430,000768,0.1694,0.1694,20250430
20250430,000776,0.0347,0.0347,20250430
20250430,000777,-0.3755,-0.3755,20250430
20250430,000778,0.0,0.0,20250430
20250430,000779,0.102,0.102,20250430
20250430,000782,0.0,0.0,20250430
20250430,000783,0.2878,0.2878,20250430
20250430,000785,-0.6939,-0.6939,20250430
20250430,000786,-0.202,-0.202,20250430
20250430,000788,-0.1551,-0.1551,20250430
20250430,000789,0.0,0.0,20250430
20250430,000790,-0.302,-0.302,20250430
20250430,000791,-0.1531,-0.1531,20250430
20250430,000792,-0.3367,-0.3367,20250430
20250430,000793,0.0,0.0,20250430
20250430,000795,0.5449,0.5449,20250430
20250430,000796,0.0,0.0,20250430
20250430,000797,-0.1816,-0.1816,20250430
20250430,000798,0.0,0.0,20250430
20250430,000799,-0.2735,-0.2735,20250430
20250430,000800,0.0,0.0,20250430
20250430,000801,-0.0041,-0.0041,20250430
20250430,000802,-0.3694,-0.3694,20250430
20250430,000803,0.2388,0.2388,20250430
20250430,000807,-0.0898,-0.0898,20250430
20250430,000809,0.1592,0.1592,20250430
20250430,000810,-0.249,-0.249,20250430
20250430,000811,-0.2082,-0.2082,20250430
20250430,000812,0.0,0.0,20250430
20250430,000813,-0.3102,-0.3102,20250430
20250430,000815,0.1102,0.1102,20250430
20250430,000816,-0.1694,-0.1694,20250430
20250430,000818,-0.2429,-0.2429,20250430
20250430,000819,-0.7837,-0.7837,20250430
20250430,000820,-0.4878,-0.4878,20250430
20250430,000821,-0.3143,-0.3143,20250430
20250430,000822,-0.2898,-0.2898,20250430
20250430,000823,-0.0245,-0.0245,20250430
20250430,000825,0.2388,0.2388,20250430
20250430,000826,-0.2265,-0.2265,20250430
20250430,000828,0.1082,0.1082,20250430
20250430,000829,-0.5265,-0.5265,20250430
20250430,000830,-0.4,-0.4,20250430
20250430,000831,0.4592,0.4592,20250430
20250430,000833,0.298,0.298,20250430
20250430,000837,0.0,0.0,20250430
20250430,000838,-0.0959,-0.0959,20250430
20250430,000839,-0.3,-0.3,20250430
20250430,000848,0.0,0.0,20250430
20250430,000850,-0.6388,-0.6388,20250430
20250430,000852,0.0,0.0,20250430
20250430,000856,-0.3653,-0.3653,20250430
20250430,000858,0.1265,0.1265,20250430
20250430,000859,0.0,0.0,20250430
20250430,000860,-0.1306,-0.1306,20250430
20250430,000862,0.4449,0.4449,20250430
20250430,000863,0.149,0.149,20250430
20250430,000868,-0.0429,-0.0429,20250430
20250430,000869,0.0,0.0,20250430
20250430,000875,0.0,0.0,20250430
20250430,000876,0.3939,0.3939,20250430
20250430,000877,-0.3918,-0.3918,20250430
20250430,000878,0.0,0.0,20250430
20250430,000880,0.298,0.298,20250430
20250430,000881,0.1367,0.1367,20250430
20250430,000882,0.0,0.0,20250430
20250430,000883,-0.2878,-0.2878,20250430
20250430,000885,0.451,0.451,20250430
20250430,000886,0.1959,0.1959,20250430
20250430,000887,0.1082,0.1082,20250430
20250430,000888,0.0,0.0,20250430
20250430,000889,0.1184,0.1184,20250430
20250430,000890,0.4102,0.4102,20250430
20250430,000892,0.2388,0.2388,20250430
20250430,000893,0.1449,0.1449,20250430
20250430,000895,-0.5122,-0.5122,20250430
20250430,000897,-0.1163,-0.1163,20250430
20250430,000898,0.0,0.0,20250430
20250430,000899,0.0245,0.0245,20250430
20250430,000900,-0.3265,-0.3265,20250430
20250430,000901,-0.2898,-0.2898,20250430
20250430,000902,0.0735,0.0735,20250430
20250430,000903,-0.2408,-0.2408,20250430
20250430,000905,0.0,0.0,20250430
20250430,000906,0.0265,0.0265,20250430
20250430,000908,0.549,0.549,20250430
20250430,000909,0.2633,0.2633,20250430
20250430,000910,-0.1408,-0.1408,20250430
20250430,000911,0.0,0.0,20250430
20250430,000912,0.0,0.0,20250430
20250430,000913,0.0,0.0,20250430
20250430,000915,0.4959,0.4959,20250430
20250430,000917,-0.2224,-0.2224,20250430
20250430,000919,-0.0633,-0.0633,20250430
20250430,000920,0.0571,0.0571,20250430
20250430,000921,0.0,0.0,20250430
20250430,000922,-0.2469,-0.2469,20250430
20250430,000923,-0.3163,-0.3163,20250430
20250430,000925,-0.1184,-0.1184,20250430
20250430,000926,-0.4061,-0.4061,20250430
20250430,000927,-0.0469,-0.0469,20250430
20250430,000928,0.0,0.0,20250430
20250430,000929,-0.7082,-0.7082,20250430
20250430,000930,0.1163,0.1163,20250430
20250430,000931,-0.0082,-0.0082,20250430
20250430,000932,0.1551,0.1551,20250430
20250430,000933,0.0041,0.0041,20250430
20250430,000935,0.202,0.202,20250430
20250430,000936,-0.2837,-0.2837,20250430
20250430,000937,0.2571,0.2571,20250430
20250430,000938,0.0,0.0,20250430
20250430,000948,0.0837,0.0837,20250430
20250430,000949,-0.5082,-0.5082,20250430
20250430,000950,0.0245,0.0245,20250430
20250430,000951,-0.0878,-0.0878,20250430
20250430,000952,0.0898,0.0898,20250430
20250430,000953,-0.3755,-0.3755,20250430
20250430,000955,0.0469,0.0469,20250430
20250430,000957,0.2959,0.2959,20250430
20250430,000958,0.0,0.0,20250430
20250430,000959,0.5592,0.5592,20250430
20250430,000960,-0.0571,-0.0571,20250430
20250430,000962,0.0,0.0,20250430
20250430,000963,0.3388,0.3388,20250430
20250430,000965,0.4245,0.4245,20250430
20250430,000966,0.198,0.198,20250430
20250430,000967,0.2959,0.2959,20250430
20250430,000968,0.0,0.0,20250430
20250430,000969,-0.1286,-0.1286,20250430
20250430,000970,0.0,0.0,20250430
20250430,000972,0.2204,0.2204,20250430
20250430,000973,-0.4959,-0.4959,20250430
20250430,000975,0.0,0.0,20250430
20250430,000977,-0.0714,-0.0714,20250430
20250430,000978,-0.1898,-0.1898,20250430
20250430,000980,-0.2367,-0.2367,20250430
20250430,000981,-0.4061,-0.4061,20250430
20250430,000983,-0.4408,-0.4408,20250430
20250430,000985,0.1592,0.1592,20250430
20250430,000987,0.2061,0.2061,20250430
20250430,000988,0.0469,0.0469,20250430
20250430,000989,0.4939,0.4939,20250430
20250430,000990,0.2224,0.2224,20250430
20250430,000993,0.302,0.302,20250430
20250430,000995,0.2735,0.2735,20250430
20250430,000997,-0.0306,-0.0306,20250430
20250430,000998,-0.0061,-0.0061,20250430
20250430,000999,-0.098,-0.098,20250430
20250430,001201,-0.0224,-0.0224,20250430
20250430,001202,0.0,0.0,20250430
20250430,001203,-0.0102,-0.0102,20250430
20250430,001205,-0.3673,-0.3673,20250430
20250430,001206,0.0,0.0,20250430
20250430,001207,0.0265,0.0265,20250430
20250430,001208,-0.149,-0.149,20250430
20250430,001209,0.0,0.0,20250430
20250430,001210,0.0531,0.0531,20250430
20250430,001211,0.3,0.3,20250430
20250430,001212,0.5102,0.5102,20250430
20250430,001213,0.0,0.0,20250430
20250430,001215,-0.3347,-0.3347,20250430
20250430,001216,-0.1122,-0.1122,20250430
20250430,001217,-0.4837,-0.4837,20250430
20250430,001218,0.1408,0.1408,20250430
20250430,001219,0.1224,0.1224,20250430
20250430,001222,-0.5265,-0.5265,20250430
20250430,001223,-0.4612,-0.4612,20250430
20250430,001225,0.2898,0.2898,20250430
20250430,001226,0.0143,0.0143,20250430
20250430,001227,0.0,0.0,20250430
20250430,001228,-0.0551,-0.0551,20250430
20250430,001229,0.1939,0.1939,20250430
20250430,001230,-0.2306,-0.2306,20250430
20250430,001231,0.049,0.049,20250430
20250430,001234,0.1204,0.1204,20250430
20250430,001236,-0.3776,-0.3776,20250430
20250430,001238,0.1673,0.1673,20250430
20250430,001239,-0.0327,-0.0327,20250430
20250430,001255,0.1939,0.1939,20250430
20250430,001256,0.0,0.0,20250430
20250430,001258,-0.3816,-0.3816,20250430
20250430,001259,0.5469,0.5469,20250430
20250430,001260,0.3061,0.3061,20250430
20250430,001266,0.0,0.0,20250430
20250430,001267,-0.7224,-0.7224,20250430
20250430,001268,0.0,0.0,20250430
20250430,001269,-0.0163,-0.0163,20250430
20250430,001270,0.0,0.0,20250430
20250430,001277,0.2469,0.2469,20250430
20250430,001278,-0.0143,-0.0143,20250430
20250430,001279,0.0531,0.0531,20250430
20250430,001282,0.0633,0.0633,20250430
20250430,001283,0.149,0.149,20250430
20250430,001286,-0.351,-0.351,20250430
20250430,001287,0.6469,0.6469,20250430
20250430,001288,0.0,0.0,20250430
20250430,001289,0.2265,0.2265,20250430
20250430,001296,0.0,0.0,20250430
20250430,001298,0.6612,0.6612,20250430
20250430,001299,-0.7082,-0.7082,20250430
20250430,001300,0.0,0.0,20250430
20250430,001301,-0.2959,-0.2959,20250430
20250430,001306,0.3041,0.3041,20250430
20250430,001308,-0.0449,-0.0449,20250430
20250430,001309,-0.2184,-0.2184,20250430
20250430,001311,0.0408,0.0408,20250430
20250430,001313,-0.0061,-0.0061,20250430
20250430,001314,-0.0898,-0.0898,20250430
20250430,001316,0.0,0.0,20250430
20250430,001317,0.3143,0.3143,20250430
20250430,001318,0.0,0.0,20250430
20250430,001319,0.0653,0.0653,20250430
20250430,001322,0.0,0.0,20250430
20250430,001323,-0.1755,-0.1755,20250430
20250430,001324,0.0,0.0,20250430
20250430,001326,0.1388,0.1388,20250430
20250430,001328,0.0,0.0,20250430
20250430,001330,0.0,0.0,20250430
20250430,001331,0.249,0.249,20250430
20250430,001332,-0.5551,-0.5551,20250430
20250430,001333,-0.502,-0.502,20250430
20250430,001336,-0.5714,-0.5714,20250430
20250430,001337,-0.1653,-0.1653,20250430
20250430,001338,-0.1612,-0.1612,20250430
20250530,000001,0.0,0.0,20250530
20250530,000002,-0.1935,-0.1935,20250530
20250530,000004,0.2098,0.2098,20250530
20250530,000006,0.2668,0.2668,20250530
20250530,000007,0.3951,0.3951,20250530
20250530,000008,0.0,0.0,20250530
20250530,000009,0.1079,0.1079,20250530
20250530,000010,0.6782,0.6782,20250530
20250530,000011,0.0,0.0,20250530
20250530,000012,0.0,0.0,20250530
20250530,000014,0.5499,0.5499,20250530
20250530,000016,-0.169,-0.169,20250530
20250530,000017,-0.0346,-0.0346,20250530
20250530,000019,0.11,0.11,20250530
20250530,000020,0.2322,0.2322,20250530
20250530,000021,-0.2261,-0.2261,20250530
20250530,000025,-0.1181,-0.1181,20250530
20250530,000026,0.3503,0.3503,20250530
20250530,000027,0.1813,0.1813,20250530
20250530,000028,-0.1914,-0.1914,20250530
20250530,000029,0.4134,0.4134,20250530
20250530,000030,-0.1446,-0.1446,20250530
20250530,000031,0.0591,0.0591,20250530
20250530,000032,-0.2159,-0.2159,20250530
20250530,000034,-0.613,-0.613,20250530
20250530,000035,-0.0998,-0.0998,20250530
20250530,000036,-0.1507,-0.1507,20250530
20250530,000037,0.4073,0.4073,20250530
20250530,000039,-0.2179,-0.2179,20250530
20250530,000042,-0.1955,-0.1955,20250530
20250530,000045,0.391,0.391,20250530
20250530,000048,0.3279,0.3279,20250530
20250530,000049,-0.3422,-0.3422,20250530
20250530,000050,0.0916,0.0916,20250530
20250530,000055,-0.1405,-0.1405,20250530
20250530,000056,-0.11,-0.11,20250530
20250530,000058,0.0,0.0,20250530
20250530,000059,0.0,0.0,20250530
20250530,000060,-0.2974,-0.2974,20250530
20250530,000061,-0.0733,-0.0733,20250530
20250530,000062,-0.2546,-0.2546,20250530
20250530,000063,-0.5193,-0.5193,20250530
20250530,000065,-0.0448,-0.0448,20250530
20250530,000066,0.0,0.0,20250530
20250530,000068,0.0,0.0,20250530
20250530,000069,0.0,0.0,20250530
20250530,000070,0.0326,0.0326,20250530
20250530,000078,0.1894,0.1894,20250530
20250530,000088,0.0,0.0,20250530
20250530,000089,0.0,0.0,20250530
20250530,000090,0.0,0.0,20250530
20250530,000096,-0.387,-0.387,20250530
20250530,000099,0.0,0.0,20250530
20250530,000100,0.1711,0.1711,20250530
20250530,000151,-0.7251,-0.7251,20250530
20250530,000153,-0.0774,-0.0774,20250530
20250530,000155,-0.2037,-0.2037,20250530
20250530,000156,-0.2566,-0.2566,20250530
20250530,000157,-0.0428,-0.0428,20250530
20250530,000158,0.0,0.0,20250530
20250530,000159,0.1181,0.1181,20250530
20250530,000166,-0.0061,-0.0061,20250530
20250530,000301,-0.2994,-0.2994,20250530
20250530,000333,0.2627,0.2627,20250530
20250530,000338,-0.4664,-0.4664,20250530
20250530,000400,-0.4379,-0.4379,20250530
20250530,000401,-0.0081,-0.0081,20250530
20250530,000402,-0.0143,-0.0143,20250530
20250530,000403,-0.3096,-0.3096,20250530
20250530,000404,-0.2159,-0.2159,20250530
20250530,000407,-0.1446,-0.1446,20250530
20250530,000408,-0.0346,-0.0346,20250530
20250530,000409,-0.1752,-0.1752,20250530
20250530,000410,0.0,0.0,20250530
20250530,000411,0.0,0.0,20250530
20250530,000415,0.2933,0.2933,20250530
20250530,000417,-0.1079,-0.1079,20250530
20250530,000419,0.11,0.11,20250530
20250530,000420,0.4725,0.4725,20250530
20250530,000421,0.2587,0.2587,20250530
20250530,000422,0.446,0.446,20250530
20250530,000423,-0.1609,-0.1609,20250530
20250530,000425,-0.1955,-0.1955,20250530
20250530,000426,0.1833,0.1833,20250530
20250530,000428,0.0,0.0,20250530
20250530,000429,0.0713,0.0713,20250530
20250530,000430,0.4908,0.4908,20250530
20250530,000488,-0.0346,-0.0346,20250530
20250530,000498,0.1303,0.1303,20250530
20250530,000501,0.0,0.0,20250530
20250530,000503,-0.4969,-0.4969,20250530
20250530,000504,0.0,0.0,20250530
20250530,000505,-0.1141,-0.1141,20250530
20250530,000506,0.6069,0.6069,20250530
20250530,000507,0.0407,0.0407,20250530
20250530,000509,0.3157,0.3157,20250530
20250530,000510,0.279,0.279,20250530
20250530,000513,-0.1141,-0.1141,20250530
20250530,000514,0.0,0.0,20250530
20250530,000516,-0.5132,-0.5132,20250530
20250530,000517,-0.3014,-0.3014,20250530
20250530,000518,0.0,0.0,20250530
20250530,000519,-0.1772,-0.1772,20250530
20250530,000520,0.0,0.0,20250530
20250530,000521,-0.3014,-0.3014,20250530
20250530,000523,0.0896,0.0896,20250530
20250530,000524,-0.0102,-0.0102,20250530
20250530,000525,0.4033,0.4033,20250530
20250530,000526,-0.8086,-0.8086,20250530
20250530,000528,0.0,0.0,20250530
20250530,000529,-0.2077,-0.2077,20250530
20250530,000530,0.0,0.0,20250530
20250530,000531,-0.1324,-0.1324,20250530
20250530,000532,0.1996,0.1996,20250530
20250530,000533,0.2607,0.2607,20250530
20250530,000534,-0.5947,-0.5947,20250530
20250530,000536,0.0,0.0,20250530
20250530,000537,-0.0387,-0.0387,20250530
20250530,000538,-0.389,-0.389,20250530
20250530,000539,0.4827,0.4827,20250530
20250530,000541,0.0,0.0,20250530
20250530,000543,-0.1466,-0.1466,20250530
20250530,000544,-0.1141,-0.1141,20250530
20250530,000545,0.3747,0.3747,20250530
20250530,000546,0.1303,0.1303,20250530
20250530,000547,0.0,0.0,20250530
20250530,000548,0.2077,0.2077,20250530
20250530,000550,0.4155,0.4155,20250530
20250530,000551,0.112,0.112,20250530
20250530,000552,-0.2566,-0.2566,20250530
20250530,000553,0.4664,0.4664,20250530
20250530,000554,0.0,0.0,20250530
20250530,000555,0.1446,0.1446,20250530
20250530,000557,-0.1935,-0.1935,20250530
20250530,000558,-0.1283,-0.1283,20250530
20250530,000559,0.2729,0.2729,20250530
20250530,000560,-0.5153,-0.5153,20250530
20250530,000561,0.1935,0.1935,20250530
20250530,000563,-0.0896,-0.0896,20250530
20250530,000564,-0.1874,-0.1874,20250530
20250530,000565,0.0,0.0,20250530
20250530,000566,0.1996,0.1996,20250530
20250530,000567,-0.1283,-0.1283,20250530
20250530,000568,-0.11,-0.11,20250530
20250530,000570,0.0,0.0,20250530
20250530,000571,0.0,0.0,20250530
20250530,000572,0.2688,0.2688,20250530
20250530,000573,0.3238,0.3238,20250530
20250530,000576,0.2525,0.2525,20250530
20250530,000581,-0.112,-0.112,20250530
20250530,000582,-0.1507,-0.1507,20250530
20250530,000586,0.0448,0.0448,20250530
20250530,000589,-0.0896,-0.0896,20250530
20250530,000590,0.2668,0.2668,20250530
20250530,000591,0.0,0.0,20250530
20250530,000592,-0.3136,-0.3136,20250530
20250530,000593,0.1914,0.1914,20250530
20250530,000595,0.501,0.501,20250530
20250530,000596,-0.1487,-0.1487,20250530
20250530,000597,-0.2301,-0.2301,20250530
20250530,000598,0.1507,0.1507,20250530
20250530,000599,0.055,0.055,20250530
20250530,000600,0.1609,0.1609,20250530
20250530,000601,-0.0367,-0.0367,20250530
20250530,000603,-0.4216,-0.4216,20250530
20250530,000605,-0.1731,-0.1731,20250530
20250530,000607,0.1711,0.1711,20250530
20250530,000608,0.3768,0.3768,20250530
20250530,000609,0.4318,0.4318,20250530
20250530,000610,0.0102,0.0102,20250530
20250530,000612,0.6334,0.6334,20250530
20250530,000615,-0.7271,-0.7271,20250530
20250530,000617,-0.3483,-0.3483,20250530
20250530,000619,0.4358,0.4358,20250530
20250530,000620,0.0224,0.0224,20250530
20250530,000623,0.0428,0.0428,20250530
20250530,000625,0.0,0.0,20250530
20250530,000626,0.0,0.0,20250530
20250530,000628,-0.1141,-0.1141,20250530
20250530,000629,-0.7047,-0.7047,20250530
20250530,000630,-0.0102,-0.0102,20250530
20250530,000631,0.0,0.0,20250530
20250530,000632,0.0346,0.0346,20250530
20250530,000633,0.0937,0.0937,20250530
20250530,000635,0.0122,0.0122,20250530
20250530,000636,-0.0081,-0.0081,20250530
20250530,000637,0.4358,0.4358,20250530
20250530,000638,0.6395,0.6395,20250530
20250530,000639,0.2994,0.2994,20250530
20250530,000650,-0.0346,-0.0346,20250530
20250530,000651,-0.1303,-0.1303,20250530
20250530,000652,-0.2546,-0.2546,20250530
20250530,000655,0.3198,0.3198,20250530
20250530,000656,0.5336,0.5336,20250530
20250530,000657,0.0692,0.0692,20250530
20250530,000659,-0.2933,-0.2933,20250530
20250530,000661,0.2974,0.2974,20250530
20250530,000663,0.0,0.0,20250530
20250530,000665,0.1181,0.1181,20250530
20250530,000668,0.3686,0.3686,20250530
20250530,000669,0.2933,0.2933,20250530
20250530,000670,0.0285,0.0285,20250530
20250530,000672,-0.0265,-0.0265,20250530
20250530,000676,0.0,0.0,20250530
20250530,000677,0.5418,0.5418,20250530
20250530,000678,0.3014,0.3014,20250530
20250530,000679,0.0733,0.0733,20250530
20250530,000680,0.1141,0.1141,20250530
20250530,000681,-0.3605,-0.3605,20250530
20250530,000682,-0.5886,-0.5886,20250530
20250530,000683,-0.391,-0.391,20250530
20250530,000685,0.0,0.0,20250530
20250530,000686,-0.2464,-0.2464,20250530
20250530,000688,0.0244,0.0244,20250530
20250530,000690,-0.0815,-0.0815,20250530
20250530,000691,0.3951,0.3951,20250530
20250530,000692,0.0,0.0,20250530
20250530,000695,0.3931,0.3931,20250530
20250530,000697,0.0489,0.0489,20250530
20250530,000698,-0.1996,-0.1996,20250530
20250530,000700,0.0122,0.0122,20250530
20250530,000701,0.0143,0.0143,20250530
20250530,000702,0.4888,0.4888,20250530
20250530,000703,-0.2261,-0.2261,20250530
20250530,000705,0.057,0.057,20250530
20250530,000707,-0.4766,-0.4766,20250530
20250530,000708,-0.1344,-0.1344,20250530
20250530,000709,-0.1976,-0.1976,20250530
20250530,000710,0.002,0.002,20250530
20250530,000711,-0.2546,-0.2546,20250530
20250530,000712,0.4216,0.4216,20250530
20250530,000713,-0.2403,-0.2403,20250530
20250530,000715,-0.2098,-0.2098,20250530
20250530,000716,-0.1303,-0.1303,20250530
20250530,000717,0.0,0.0,20250530
20250530,000718,-0.2953,-0.2953,20250530
20250530,000719,0.0,0.0,20250530
20250530,000720,0.0,0.0,20250530
20250530,000721,-0.1935,-0.1935,20250530
20250530,000722,0.7495,0.7495,20250530
20250530,000723,0.0,0.0,20250530
20250530,000725,-0.1792,-0.1792,20250530
20250530,000726,-0.0407,-0.0407,20250530
20250530,000727,-0.0692,-0.0692,20250530
20250530,000728,0.0,0.0,20250530
20250530,000729,0.0,0.0,20250530
20250530,000731,0.0,0.0,20250530
20250530,000733,-0.442,-0.442,20250530
20250530,000735,-0.2607,-0.2607,20250530
20250530,000736,0.5662,0.5662,20250530
20250530,000737,0.0,0.0,20250530
20250530,000738,0.0,0.0,20250530
20250530,000739,-0.2566,-0.2566,20250530
20250530,000750,-0.1752,-0.1752,20250530
20250530,000751,-0.0957,-0.0957,20250530
20250530,000752,-0.0896,-0.0896,20250530
20250530,000753,-0.5397,-0.5397,20250530
20250530,000755,-0.2077,-0.2077,20250530
20250530,000756,0.0713,0.0713,20250530
20250530,000757,0.0,0.0,20250530
20250530,000758,0.0,0.0,20250530
20250530,000759,0.0,0.0,20250530
20250530,000761,0.4399,0.4399,20250530
20250530,000762,-0.6456,-0.6456,20250530
20250530,000766,0.0774,0.0774,20250530
20250530,000767,0.2464,0.2464,20250530
20250530,000768,-0.0265,-0.0265,20250530
20250530,000776,0.3279,0.3279,20250530
20250530,000777,0.3299,0.3299,20250530
20250530,000778,0.0,0.0,20250530
20250530,000779,-0.1792,-0.1792,20250530
20250530,000782,-0.2892,-0.2892,20250530
20250530,000783,0.2464,0.2464,20250530
20250530,000785,0.0407,0.0407,20250530
20250530,000786,0.0,0.0,20250530
20250530,000788,-0.0733,-0.0733,20250530
20250530,000789,0.5519,0.5519,20250530
20250530,000790,0.2383,0.2383,20250530
20250530,000791,0.0,0.0,20250530
20250530,000792,-0.1935,-0.1935,20250530
20250530,000793,-0.0122,-0.0122,20250530
20250530,000795,-0.3625,-0.3625,20250530
20250530,000796,0.0,0.0,20250530
20250530,000797,-0.112,-0.112,20250530
20250530,000798,0.0,0.0,20250530
20250530,000799,0.0,0.0,20250530
20250530,000800,-0.165,-0.165,20250530
20250530,000801,0.3381,0.3381,20250530
20250530,000802,0.0591,0.0591,20250530
20250530,000803,-0.0367,-0.0367,20250530
20250530,000807,-0.0489,-0.0489,20250530
20250530,000809,-0.0672,-0.0672,20250530
20250530,000810,0.0692,0.0692,20250530
20250530,000811,-0.2322,-0.2322,20250530
20250530,000812,0.0,0.0,20250530
20250530,000813,0.0,0.0,20250530
20250530,000815,-0.7434,-0.7434,20250530
20250530,000816,-0.2749,-0.2749,20250530
20250530,000818,-0.5418,-0.5418,20250530
20250530,000819,-0.0326,-0.0326,20250530
20250530,000820,0.2953,0.2953,20250530
20250530,000821,-0.0957,-0.0957,20250530
20250530,000822,-0.053,-0.053,20250530
20250530,000823,0.1874,0.1874,20250530
20250530,000825,0.0,0.0,20250530
20250530,000826,0.4073,0.4073,20250530
20250530,000828,-0.1629,-0.1629,20250530
20250530,000829,0.0,0.0,20250530
20250530,000830,-0.4318,-0.4318,20250530
20250530,000831,-0.1039,-0.1039,20250530
20250530,000833,-0.4949,-0.4949,20250530
20250530,000837,-0.3788,-0.3788,20250530
20250530,000838,0.3442,0.3442,20250530
20250530,000839,0.0305,0.0305,20250530
20250530,000848,0.0,0.0,20250530
20250530,000850,0.0,0.0,20250530
20250530,000852,0.0,0.0,20250530
20250530,000856,0.0,0.0,20250530
20250530,000858,-0.0122,-0.0122,20250530
20250530,000859,0.6049,0.6049,20250530
20250530,000860,0.0204,0.0204,20250530
20250530,000862,-0.169,-0.169,20250530
20250530,000863,-0.1487,-0.1487,20250530
20250530,000868,-0.1548,-0.1548,20250530
20250530,000869,0.0,0.0,20250530
20250530,000875,-0.3116,-0.3116,20250530
20250530,000876,0.0,0.0,20250530
20250530,000877,0.0,0.0,20250530
20250530,000878,0.1324,0.1324,20250530
20250530,000880,-0.5071,-0.5071,20250530
20250530,000881,0.1446,0.1446,20250530
20250530,000882,-0.4257,-0.4257,20250530
20250530,000883,0.2179,0.2179,20250530
20250530,000885,-0.0957,-0.0957,20250530
20250530,000886,-0.2668,-0.2668,20250530
20250530,000887,-0.4094,-0.4094,20250530
20250530,000888,-0.0692,-0.0692,20250530
20250530,000889,-0.3198,-0.3198,20250530
20250530,000890,0.3523,0.3523,20250530
20250530,000892,0.0,0.0,20250530
20250530,000893,-0.1914,-0.1914,20250530
20250530,000895,-0.6029,-0.6029,20250530
20250530,000897,-0.0509,-0.0509,20250530
20250530,000898,-0.055,-0.055,20250530
20250530,000899,-0.2444,-0.2444,20250530
20250530,000900,0.0,0.0,20250530
20250530,000901,0.2363,0.2363,20250530
20250530,000902,-0.2851,-0.2851,20250530
20250530,000903,0.3279,0.3279,20250530
20250530,000905,0.2851,0.2851,20250530
20250530,000906,0.0,0.0,20250530
20250530,000908,-0.2953,-0.2953,20250530
20250530,000909,0.2159,0.2159,20250530
20250530,000910,-0.3014,-0.3014,20250530
20250530,000911,0.0,0.0,20250530
20250530,000912,-0.3116,-0.3116,20250530
20250530,000913,0.0,0.0,20250530
20250530,000915,-0.3523,-0.3523,20250530
20250530,000917,-0.112,-0.112,20250530
20250530,000919,-0.1446,-0.1446,20250530
20250530,000920,0.0,0.0,20250530
20250530,000921,-0.0713,-0.0713,20250530
20250530,000922,0.0387,0.0387,20250530
20250530,000923,0.0285,0.0285,20250530
20250530,000925,-0.4562,-0.4562,20250530
20250530,000926,-0.2505,-0.2505,20250530
20250530,000927,-0.0244,-0.0244,20250530
20250530,000928,0.0387,0.0387,20250530
20250530,000929,0.3218,0.3218,20250530
20250530,000930,-0.0061,-0.0061,20250530
20250530,000931,0.0754,0.0754,20250530
20250530,000932,-0.2851,-0.2851,20250530
20250530,000933,0.0,0.0,20250530
20250530,000935,0.6721,0.6721,20250530
20250530,000936,0.0509,0.0509,20250530
20250530,000937,0.0509,0.0509,20250530
20250530,000938,-0.1181,-0.1181,20250530
20250530,000948,0.1344,0.1344,20250530
20250530,000949,0.0,0.0,20250530
20250530,000950,-0.1894,-0.1894,20250530
20250530,000951,0.0183,0.0183,20250530
20250530,000952,0.1059,0.1059,20250530
20250530,000953,0.2159,0.2159,20250530
20250530,000955,0.3483,0.3483,20250530
20250530,000957,-0.1344,-0.1344,20250530
20250530,000958,0.444,0.444,20250530
20250530,000959,-0.22,-0.22,20250530
20250530,000960,-0.6171,-0.6171,20250530
20250530,000962,0.0,0.0,20250530
20250530,000963,0.1731,0.1731,20250530
20250530,000965,-0.4664,-0.4664,20250530
20250530,000966,-0.3442,-0.3442,20250530
20250530,000967,0.3788,0.3788,20250530
20250530,000968,0.0,0.0,20250530
20250530,000969,0.0204,0.0204,20250530
20250530,000970,0.0,0.0,20250530
20250530,000972,0.2485,0.2485,20250530
20250530,000973,-0.1344,-0.1344,20250530
20250530,000975,0.0,0.0,20250530
20250530,000977,-0.3014,-0.3014,20250530
20250530,000978,0.0,0.0,20250530
20250530,000980,-0.2587,-0.2587,20250530
20250530,000981,0.2872,0.2872,20250530
20250530,000983,-0.664,-0.664,20250530
20250530,000985,0.0143,0.0143,20250530
20250530,000987,0.0,0.0,20250530
20250530,000988,0.0978,0.0978,20250530
20250530,000989,-0.4807,-0.4807,20250530
20250530,000990,-0.1853,-0.1853,20250530
20250530,000993,-0.0122,-0.0122,20250530
20250530,000995,0.3483,0.3483,20250530
20250530,000997,0.5886,0.5886,20250530
20250530,000998,0.0,0.0,20250530
20250530,000999,0.0,0.0,20250530
20250530,001201,0.0,0.0,20250530
20250530,001202,-0.2729,-0.2729,20250530
20250530,001203,0.3605,0.3605,20250530
20250530,001205,-0.5682,-0.5682,20250530
20250530,001206,0.0,0.0,20250530
20250530,001207,0.2648,0.2648,20250530
20250530,001208,0.0855,0.0855,20250530
20250530,001209,-0.0244,-0.0244,20250530
20250530,001210,-0.002,-0.002,20250530
20250530,001211,-0.057,-0.057,20250530
20250530,001212,-0.2301,-0.2301,20250530
20250530,001213,0.0,0.0,20250530
20250530,001215,0.0489,0.0489,20250530
20250530,001216,0.0,0.0,20250530
20250530,001217,0.0,0.0,20250530
20250530,001218,-0.0957,-0.0957,20250530
20250530,001219,-0.1589,-0.1589,20250530
20250530,001222,0.0509,0.0509,20250530
20250530,001223,-0.5886,-0.5886,20250530
20250530,001225,-0.5519,-0.5519,20250530
20250530,001226,0.4338,0.4338,20250530
20250530,001227,-0.0285,-0.0285,20250530
20250530,001228,0.2363,0.2363,20250530
20250530,001229,0.1426,0.1426,20250530
20250530,001230,0.391,0.391,20250530
20250530,001231,0.2118,0.2118,20250530
20250530,001234,0.0,0.0,20250530
20250530,001236,0.4094,0.4094,20250530
20250530,001238,0.442,0.442,20250530
20250530,001239,0.5418,0.5418,20250530
20250530,001255,0.1731,0.1731,20250530
20250530,001256,0.0,0.0,20250530
20250530,001258,0.2057,0.2057,20250530
20250530,001259,0.2749,0.2749,20250530
20250530,001260,0.0,0.0,20250530
20250530,001266,0.0,0.0,20250530
20250530,001267,-0.1161,-0.1161,20250530
20250530,001268,-0.0346,-0.0346,20250530
20250530,001269,0.4012,0.4012,20250530
20250530,001270,0.0,0.0,20250530
20250530,001277,0.2505,0.2505,20250530
20250530,001278,-0.0794,-0.0794,20250530
20250530,001279,0.4155,0.4155,20250530
20250530,001282,0.0652,0.0652,20250530
20250530,001283,-0.5071,-0.5071,20250530
20250530,001286,0.0,0.0,20250530
20250530,001287,-0.3971,-0.3971,20250530
20250530,001288,-0.5988,-0.5988,20250530
20250530,001289,-0.1263,-0.1263,20250530
20250530,001296,0.2037,0.2037,20250530
20250530,001298,-0.4623,-0.4623,20250530
20250530,001299,-0.1039,-0.1039,20250530
20250530,001300,0.0,0.0,20250530
20250530,001301,-0.6375,-0.6375,20250530
20250530,001306,-0.556,-0.556,20250530
20250530,001308,0.1833,0.1833,20250530
20250530,001309,-0.3809,-0.3809,20250530
20250530,001311,-0.2424,-0.2424,20250530
20250530,001313,-0.1792,-0.1792,20250530
20250530,001314,-0.0611,-0.0611,20250530
20250530,001316,0.0,0.0,20250530
20250530,001317,0.4847,0.4847,20250530
20250530,001318,0.0,0.0,20250530
20250530,001319,-0.1018,-0.1018,20250530
20250530,001322,0.2566,0.2566,20250530
20250530,001323,-0.0407,-0.0407,20250530
20250530,001324,0.0387,0.0387,20250530
20250530,001326,0.057,0.057,20250530
20250530,001328,0.0,0.0,20250530
20250530,001330,-0.0754,-0.0754,20250530
20250530,001331,-0.4786,-0.4786,20250530
20250530,001332,0.2444,0.2444,20250530
20250530,001333,-0.5621,-0.5621,20250530
20250530,001335,-0.442,-0.442,20250530
20250530,001336,0.1629,0.1629,20250530
20250530,001337,-0.0713,-0.0713,20250530
20250530,001338,-0.4847,-0.4847,20250530
20250630,000001,0.0,0.0,20250630
20250630,000002,-0.2057,-0.2057,20250630
20250630,000004,-0.4929,-0.4929,20250630
20250630,000006,-0.4206,-0.4206,20250630
20250630,000007,-0.2403,-0.2403,20250630
20250630,000008,-0.3075,-0.3075,20250630
20250630,000009,0.1079,0.1079,20250630
20250630,000010,0.1365,0.1365,20250630
20250630,000011,0.0,0.0,20250630
20250630,000012,0.0,0.0,20250630
20250630,000014,-0.1589,-0.1589,20250630
20250630,000016,0.1181,0.1181,20250630
20250630,000017,-0.4012,-0.4012,20250630
20250630,000019,-0.1141,-0.1141,20250630
20250630,000020,0.2485,0.2485,20250630
20250630,000021,0.1365,0.1365,20250630
20250630,000025,-0.2546,-0.2546,20250630
20250630,000026,0.2811,0.2811,20250630
20250630,000027,0.0346,0.0346,20250630
20250630,000028,0.0,0.0,20250630
20250630,000029,-0.4043,-0.4043,20250630
20250630,000030,-0.3503,-0.3503,20250630
20250630,000031,0.0957,0.0957,20250630
20250630,000032,0.2077,0.2077,20250630
20250630,000034,-0.0407,-0.0407,20250630
20250630,000035,0.0,0.0,20250630
20250630,000036,0.1629,0.1629,20250630
20250630,000037,-0.1711,-0.1711,20250630
20250630,000039,-0.167,-0.167,20250630
20250630,000042,0.11,0.11,20250630
20250630,000045,-0.3014,-0.3014,20250630
20250630,000048,-0.1202,-0.1202,20250630
20250630,000049,0.0428,0.0428,20250630
20250630,000050,-0.0815,-0.0815,20250630
20250630,000055,0.4562,0.4562,20250630
20250630,000056,0.0,0.0,20250630
20250630,000058,0.0,0.0,20250630
20250630,000059,-0.5927,-0.5927,20250630
20250630,000060,-0.3442,-0.3442,20250630
20250630,000061,0.0,0.0,20250630
20250630,000062,0.1079,0.1079,20250630
20250630,000063,-0.2627,-0.2627,20250630
20250630,000065,0.4908,0.4908,20250630
20250630,000066,0.0,0.0,20250630
20250630,000068,0.1487,0.1487,20250630
20250630,000069,-0.2668,-0.2668,20250630
20250630,000070,0.0326,0.0326,20250630
20250630,000078,-0.2118,-0.2118,20250630
20250630,000088,0.0,0.0,20250630
20250630,000089,0.0,0.0,20250630
20250630,000090,-0.0489,-0.0489,20250630
20250630,000096,-0.7169,-0.7169,20250630
20250630,000099,0.0,0.0,20250630
20250630,000100,-0.2485,-0.2485,20250630
20250630,000151,-0.5316,-0.5316,20250630
20250630,000153,0.053,0.053,20250630
20250630,000155,-0.1385,-0.1385,20250630
20250630,000156,-0.1202,-0.1202,20250630
20250630,000157,0.1914,0.1914,20250630
20250630,000158,-0.1548,-0.1548,20250630
20250630,000159,0.0,0.0,20250630
20250630,000166,0.0143,0.0143,20250630
20250630,000301,0.0163,0.0163,20250630
20250630,000333,-0.5214,-0.5214,20250630
20250630,000338,0.0,0.0,20250630
20250630,000400,-0.2505,-0.2505,20250630
20250630,000401,-0.1242,-0.1242,20250630
20250630,000402,0.169,0.169,20250630
20250630,000403,-0.7475,-0.7475,20250630
20250630,000404,0.0163,0.0163,20250630
20250630,000407,0.0,0.0,20250630
20250630,000408,0.2994,0.2994,20250630
20250630,000409,0.0,0.0,20250630
20250630,000410,-0.4033,-0.4033,20250630
20250630,000411,-0.0305,-0.0305,20250630
20250630,000415,-0.3055,-0.3055,20250630
20250630,000417,0.0,0.0,20250630
20250630,000419,0.1466,0.1466,20250630
20250630,000420,-0.165,-0.165,20250630
20250630,000421,-0.0631,-0.0631,20250630
20250630,000422,-0.4969,-0.4969,20250630
20250630,000423,-0.2831,-0.2831,20250630
20250630,000425,-0.1752,-0.1752,20250630
20250630,000426,0.0692,0.0692,20250630
20250630,000428,0.0,0.0,20250630
20250630,000429,-0.387,-0.387,20250630
20250630,000430,0.0,0.0,20250630
20250630,000488,-0.2281,-0.2281,20250630
20250630,000498,0.0,0.0,20250630
20250630,000501,-0.332,-0.332,20250630
20250630,000503,0.1385,0.1385,20250630
20250630,000504,0.4664,0.4664,20250630
20250630,000505,-0.0102,-0.0102,20250630
20250630,000506,0.3381,0.3381,20250630
20250630,000507,0.0448,0.0448,20250630
20250630,000509,-0.1039,-0.1039,20250630
20250630,000510,-0.4868,-0.4868,20250630
20250630,000513,-0.1079,-0.1079,20250630
20250630,000514,0.0418,0.0418,20250630
20250630,000516,0.0,0.0,20250630
20250630,000517,-0.2189,-0.2189,20250630
20250630,000518,0.2138,0.2138,20250630
20250630,000519,0.2363,0.2363,20250630
20250630,000520,0.0,0.0,20250630
20250630,000521,-0.4888,-0.4888,20250630
20250630,000523,-0.1487,-0.1487,20250630
20250630,000524,0.0,0.0,20250630
20250630,000525,0.0326,0.0326,20250630
20250630,000526,-0.002,-0.002,20250630
20250630,000528,-0.0815,-0.0815,20250630
20250630,000529,0.0468,0.0468,20250630
20250630,000530,-0.0672,-0.0672,20250630
20250630,000531,0.0,0.0,20250630
20250630,000532,-0.1976,-0.1976,20250630
20250630,000533,0.0,0.0,20250630
20250630,000534,0.0,0.0,20250630
20250630,000536,-0.1874,-0.1874,20250630
20250630,000537,-0.11,-0.11,20250630
20250630,000538,-0.1059,-0.1059,20250630
20250630,000539,-0.2037,-0.2037,20250630
20250630,000541,0.0,0.0,20250630
20250630,000543,-0.1181,-0.1181,20250630
20250630,000544,-0.0387,-0.0387,20250630
20250630,000545,0.0,0.0,20250630
20250630,000546,0.6212,0.6212,20250630
20250630,000547,0.0,0.0,20250630
20250630,000548,0.0,0.0,20250630
20250630,000550,-0.0346,-0.0346,20250630
20250630,000551,-0.1059,-0.1059,20250630
20250630,000552,0.0,0.0,20250630
20250630,000553,-0.0285,-0.0285,20250630
20250630,000554,0.1813,0.1813,20250630
20250630,000555,0.446,0.446,20250630
20250630,000557,-0.057,-0.057,20250630
20250630,000558,0.1752,0.1752,20250630
20250630,000559,-0.2546,-0.2546,20250630
20250630,000560,-0.11,-0.11,20250630
20250630,000561,0.0367,0.0367,20250630
20250630,000563,-0.0672,-0.0672,20250630
20250630,000564,-0.3646,-0.3646,20250630
20250630,000565,0.0,0.0,20250630
20250630,000566,-0.279,-0.279,20250630
20250630,000567,0.055,0.055,20250630
20250630,000568,-0.1446,-0.1446,20250630
20250630,000570,0.0,0.0,20250630
20250630,000571,-0.2363,-0.2363,20250630
20250630,000572,0.7617,0.7617,20250630
20250630,000573,-0.4674,-0.4674,20250630
20250630,000576,0.1955,0.1955,20250630
20250630,000581,-0.4073,-0.4073,20250630
20250630,000582,-0.0794,-0.0794,20250630
20250630,000586,-0.0876,-0.0876,20250630
20250630,000589,-0.1039,-0.1039,20250630
20250630,000590,0.4542,0.4542,20250630
20250630,000591,0.0998,0.0998,20250630
20250630,000592,-0.3279,-0.3279,20250630
20250630,000593,0.1609,0.1609,20250630
20250630,000595,0.0326,0.0326,20250630
20250630,000596,-0.3116,-0.3116,20250630
20250630,000597,-0.1955,-0.1955,20250630
20250630,000598,-0.055,-0.055,20250630
20250630,000599,0.389,0.389,20250630
20250630,000600,0.2648,0.2648,20250630
20250630,000601,-0.0713,-0.0713,20250630
20250630,000603,0.0285,0.0285,20250630
20250630,000605,0.0,0.0,20250630
20250630,000607,0.2566,0.2566,20250630
20250630,000608,-0.0967,-0.0967,20250630
20250630,000609,-0.1701,-0.1701,20250630
20250630,000610,-0.0204,-0.0204,20250630
20250630,000612,0.0,0.0,20250630
20250630,000615,-0.0631,-0.0631,20250630
20250630,000617,0.0265,0.0265,20250630
20250630,000619,0.0,0.0,20250630
20250630,000620,-0.1813,-0.1813,20250630
20250630,000623,0.1874,0.1874,20250630
20250630,000625,0.4521,0.4521,20250630
20250630,000626,0.0,0.0,20250630
20250630,000628,-0.2668,-0.2668,20250630
20250630,000629,-0.1507,-0.1507,20250630
20250630,000630,-0.165,-0.165,20250630
20250630,000631,0.0794,0.0794,20250630
20250630,000632,0.442,0.442,20250630
20250630,000633,-0.6069,-0.6069,20250630
20250630,000635,0.1792,0.1792,20250630
20250630,000636,-0.1548,-0.1548,20250630
20250630,000637,0.0448,0.0448,20250630
20250630,000638,-0.2444,-0.2444,20250630
20250630,000639,-0.1609,-0.1609,20250630
20250630,000650,-0.1955,-0.1955,20250630
20250630,000651,-0.3829,-0.3829,20250630
20250630,000652,-0.0855,-0.0855,20250630
20250630,000655,0.2098,0.2098,20250630
20250630,000656,-0.2363,-0.2363,20250630
20250630,000657,0.0,0.0,20250630
20250630,000659,-0.6395,-0.6395,20250630
20250630,000661,-0.6456,-0.6456,20250630
20250630,000663,0.0,0.0,20250630
20250630,000665,-0.0896,-0.0896,20250630
20250630,000668,0.5031,0.5031,20250630
20250630,000669,0.442,0.442,20250630
20250630,000670,0.0998,0.0998,20250630
20250630,000672,-0.1018,-0.1018,20250630
20250630,000676,0.0,0.0,20250630
20250630,000677,-0.2057,-0.2057,20250630
20250630,000678,-0.2627,-0.2627,20250630
20250630,000679,0.1914,0.1914,20250630
20250630,000680,0.0,0.0,20250630
20250630,000681,-0.3971,-0.3971,20250630
20250630,000682,0.1202,0.1202,20250630
20250630,000683,-0.4338,-0.4338,20250630
20250630,000685,0.2159,0.2159,20250630
20250630,000686,-0.0713,-0.0713,20250630
20250630,000688,0.0,0.0,20250630
20250630,000690,0.5051,0.5051,20250630
20250630,000691,-0.4908,-0.4908,20250630
20250630,000692,-0.0509,-0.0509,20250630
20250630,000695,-0.4929,-0.4929,20250630
20250630,000697,0.0,0.0,20250630
20250630,000698,-0.2546,-0.2546,20250630
20250630,000700,0.2749,0.2749,20250630
20250630,000701,0.22,0.22,20250630
20250630,000702,0.4257,0.4257,20250630
20250630,000703,0.0,0.0,20250630
20250630,000705,0.055,0.055,20250630
20250630,000707,-0.0916,-0.0916,20250630
20250630,000708,0.0,0.0,20250630
20250630,000709,0.0,0.0,20250630
20250630,000710,-0.4582,-0.4582,20250630
20250630,000711,0.2444,0.2444,20250630
20250630,000712,0.1039,0.1039,20250630
20250630,000713,0.0,0.0,20250630
20250630,000715,0.2098,0.2098,20250630
20250630,000716,-0.2261,-0.2261,20250630
20250630,000717,-0.0692,-0.0692,20250630
20250630,000718,0.0112,0.0112,20250630
20250630,000719,-0.442,-0.442,20250630
20250630,000720,-0.169,-0.169,20250630
20250630,000721,-0.3259,-0.3259,20250630
20250630,000722,0.0,0.0,20250630
20250630,000723,0.0,0.0,20250630
20250630,000725,-0.0081,-0.0081,20250630
20250630,000726,-0.0244,-0.0244,20250630
20250630,000727,-0.0489,-0.0489,20250630
20250630,000728,-0.0611,-0.0611,20250630
20250630,000729,-0.3218,-0.3218,20250630
20250630,000731,-0.2525,-0.2525,20250630
20250630,000733,0.1487,0.1487,20250630
20250630,000735,0.5275,0.5275,20250630
20250630,000736,0.0,0.0,20250630
20250630,000737,0.0937,0.0937,20250630
20250630,000738,-0.0387,-0.0387,20250630
20250630,000739,-0.0672,-0.0672,20250630
20250630,000750,0.1527,0.1527,20250630
20250630,000751,-0.112,-0.112,20250630
20250630,000752,-0.002,-0.002,20250630
20250630,000753,-0.2301,-0.2301,20250630
20250630,000755,-0.3238,-0.3238,20250630
20250630,000756,-0.2261,-0.2261,20250630
20250630,000757,0.0,0.0,20250630
20250630,000758,-0.169,-0.169,20250630
20250630,000759,0.0,0.0,20250630
20250630,000761,-0.2709,-0.2709,20250630
20250630,000762,0.0122,0.0122,20250630
20250630,000766,0.5479,0.5479,20250630
20250630,000767,0.0428,0.0428,20250630
20250630,000768,0.0428,0.0428,20250630
20250630,000776,-0.1487,-0.1487,20250630
20250630,000777,0.0,0.0,20250630
20250630,000778,0.0,0.0,20250630
20250630,000779,-0.0265,-0.0265,20250630
20250630,000782,0.2831,0.2831,20250630
20250630,000783,0.0,0.0,20250630
20250630,000785,-0.3198,-0.3198,20250630
20250630,000786,-0.224,-0.224,20250630
20250630,000788,0.3605,0.3605,20250630
20250630,000789,0.0,0.0,20250630
20250630,000790,0.0,0.0,20250630
20250630,000791,0.1976,0.1976,20250630
20250630,000792,0.1609,0.1609,20250630
20250630,000793,0.0,0.0,20250630
20250630,000795,-0.002,-0.002,20250630
20250630,000796,0.1976,0.1976,20250630
20250630,000797,0.0265,0.0265,20250630
20250630,000798,0.0,0.0,20250630
20250630,000799,0.3401,0.3401,20250630
20250630,000800,-0.0122,-0.0122,20250630
20250630,000801,-0.4358,-0.4358,20250630
20250630,000802,0.0,0.0,20250630
20250630,000803,0.5499,0.5499,20250630
20250630,000807,0.1161,0.1161,20250630
20250630,000809,-0.6741,-0.6741,20250630
20250630,000810,0.1141,0.1141,20250630
20250630,000811,0.3422,0.3422,20250630
20250630,000812,0.0,0.0,20250630
20250630,000813,-0.1813,-0.1813,20250630
20250630,000815,-0.0998,-0.0998,20250630
20250630,000816,-0.1711,-0.1711,20250630
20250630,000818,-0.055,-0.055,20250630
20250630,000819,0.0,0.0,20250630
20250630,000820,0.0,0.0,20250630
20250630,000821,-0.0265,-0.0265,20250630
20250630,000822,0.165,0.165,20250630
20250630,000823,0.2424,0.2424,20250630
20250630,000825,-0.1853,-0.1853,20250630
20250630,000826,-0.2729,-0.2729,20250630
20250630,000828,0.1242,0.1242,20250630
20250630,000829,0.2118,0.2118,20250630
20250630,000830,-0.2668,-0.2668,20250630
20250630,000831,0.0876,0.0876,20250630
20250630,000833,0.3422,0.3422,20250630
20250630,000837,0.0,0.0,20250630
20250630,000838,-0.0438,-0.0438,20250630
20250630,000839,-0.1527,-0.1527,20250630
20250630,000848,0.0,0.0,20250630
20250630,000850,0.3788,0.3788,20250630
20250630,000852,0.0,0.0,20250630
20250630,000856,0.0489,0.0489,20250630
20250630,000858,-0.2546,-0.2546,20250630
20250630,000859,-0.499,-0.499,20250630
20250630,000860,0.0,0.0,20250630
20250630,000862,0.0,0.0,20250630
20250630,000863,-0.3391,-0.3391,20250630
20250630,000868,0.501,0.501,20250630
20250630,000869,0.0,0.0,20250630
20250630,000875,0.0305,0.0305,20250630
20250630,000876,0.0,0.0,20250630
20250630,000877,0.0855,0.0855,20250630
20250630,000878,0.0,0.0,20250630
20250630,000880,0.2098,0.2098,20250630
20250630,000881,0.332,0.332,20250630
20250630,000882,-0.3585,-0.3585,20250630
20250630,000883,-0.0509,-0.0509,20250630
20250630,000885,-0.1711,-0.1711,20250630
20250630,000886,0.3921,0.3921,20250630
20250630,000887,0.002,0.002,20250630
20250630,000888,-0.057,-0.057,20250630
20250630,000889,0.053,0.053,20250630
20250630,000890,0.2627,0.2627,20250630
20250630,000892,0.2749,0.2749,20250630
20250630,000893,-0.0265,-0.0265,20250630
20250630,000895,0.0692,0.0692,20250630
20250630,000897,-0.0743,-0.0743,20250630
20250630,000898,0.0081,0.0081,20250630
20250630,000899,-0.112,-0.112,20250630
20250630,000900,0.1629,0.1629,20250630
20250630,000901,0.1752,0.1752,20250630
20250630,000902,0.0,0.0,20250630
20250630,000903,-0.5193,-0.5193,20250630
20250630,000905,0.2281,0.2281,20250630
20250630,000906,-0.0876,-0.0876,20250630
20250630,000908,0.5336,0.5336,20250630
20250630,000909,0.3778,0.3778,20250630
20250630,000910,0.0,0.0,20250630
20250630,000911,-0.1731,-0.1731,20250630
20250630,000912,-0.2546,-0.2546,20250630
20250630,000913,0.0,0.0,20250630
20250630,000915,0.5071,0.5071,20250630
20250630,000917,0.1018,0.1018,20250630
20250630,000919,0.0,0.0,20250630
20250630,000920,0.0,0.0,20250630
20250630,000921,-0.5132,-0.5132,20250630
20250630,000922,-0.0835,-0.0835,20250630
20250630,000923,0.444,0.444,20250630
20250630,000925,0.0,0.0,20250630
20250630,000926,-0.1578,-0.1578,20250630
20250630,000927,0.0,0.0,20250630
20250630,000928,-0.2546,-0.2546,20250630
20250630,000929,0.0,0.0,20250630
20250630,000930,0.1141,0.1141,20250630
20250630,000931,0.2668,0.2668,20250630
20250630,000932,-0.2403,-0.2403,20250630
20250630,000933,-0.334,-0.334,20250630
20250630,000935,0.5071,0.5071,20250630
20250630,000936,0.1813,0.1813,20250630
20250630,000937,-0.5295,-0.5295,20250630
20250630,000938,-0.1263,-0.1263,20250630
20250630,000948,0.3849,0.3849,20250630
20250630,000949,-0.0061,-0.0061,20250630
20250630,000950,0.0815,0.0815,20250630
20250630,000951,-0.0041,-0.0041,20250630
20250630,000952,0.0509,0.0509,20250630
20250630,000953,-0.4134,-0.4134,20250630
20250630,000955,0.0,0.0,20250630
20250630,000957,0.0,0.0,20250630
20250630,000958,-0.0468,-0.0468,20250630
20250630,000959,-0.1568,-0.1568,20250630
20250630,000960,0.2301,0.2301,20250630
20250630,000962,-0.387,-0.387,20250630
20250630,000963,-0.387,-0.387,20250630
20250630,000965,-0.1334,-0.1334,20250630
20250630,000966,-0.1955,-0.1955,20250630
20250630,000967,-0.1589,-0.1589,20250630
20250630,000968,0.0,0.0,20250630
20250630,000969,-0.2505,-0.2505,20250630
20250630,000970,0.0,0.0,20250630
20250630,000972,0.0468,0.0468,20250630
20250630,000973,0.0387,0.0387,20250630
20250630,000975,-0.4929,-0.4929,20250630
20250630,000977,-0.444,-0.444,20250630
20250630,000978,-0.1976,-0.1976,20250630
20250630,000980,-0.0204,-0.0204,20250630
20250630,000981,0.279,0.279,20250630
20250630,000983,0.2057,0.2057,20250630
20250630,000985,0.1731,0.1731,20250630
20250630,000987,0.0,0.0,20250630
20250630,000988,0.167,0.167,20250630
20250630,000989,0.3075,0.3075,20250630
20250630,000990,-0.3035,-0.3035,20250630
20250630,000993,0.0978,0.0978,20250630
20250630,000995,0.5662,0.5662,20250630
20250630,000997,0.1629,0.1629,20250630
20250630,000998,-0.2729,-0.2729,20250630
20250630,000999,-0.4155,-0.4155,20250630
20250630,001201,0.442,0.442,20250630
20250630,001202,-0.2953,-0.2953,20250630
20250630,001203,0.4582,0.4582,20250630
20250630,001205,-0.4949,-0.4949,20250630
20250630,001206,0.0,0.0,20250630
20250630,001207,-0.0305,-0.0305,20250630
20250630,001208,-0.4542,-0.4542,20250630
20250630,001209,-0.169,-0.169,20250630
20250630,001210,-0.4868,-0.4868,20250630
20250630,001211,-0.0204,-0.0204,20250630
20250630,001212,-0.2851,-0.2851,20250630
20250630,001213,0.0,0.0,20250630
20250630,001215,0.1609,0.1609,20250630
20250630,001216,0.0957,0.0957,20250630
20250630,001217,0.3014,0.3014,20250630
20250630,001218,0.0692,0.0692,20250630
20250630,001219,0.0,0.0,20250630
20250630,001222,0.7902,0.7902,20250630
20250630,001223,0.1894,0.1894,20250630
20250630,001225,0.0,0.0,20250630
20250630,001226,0.2464,0.2464,20250630
20250630,001227,-0.0448,-0.0448,20250630
20250630,001228,0.5092,0.5092,20250630
20250630,001229,0.2342,0.2342,20250630
20250630,001230,-0.2709,-0.2709,20250630
20250630,001231,0.1079,0.1079,20250630
20250630,001234,0.0,0.0,20250630
20250630,001236,0.2138,0.2138,20250630
20250630,001238,0.3259,0.3259,20250630
20250630,001239,-0.0896,-0.0896,20250630
20250630,001255,0.0122,0.0122,20250630
20250630,001256,0.0,0.0,20250630
20250630,001258,0.4521,0.4521,20250630
20250630,001259,0.1548,0.1548,20250630
20250630,001260,0.1344,0.1344,20250630
20250630,001266,0.0,0.0,20250630
20250630,001267,-0.002,-0.002,20250630
20250630,001268,0.0326,0.0326,20250630
20250630,001269,0.0061,0.0061,20250630
20250630,001270,-0.0672,-0.0672,20250630
20250630,001277,-0.1365,-0.1365,20250630
20250630,001278,0.1813,0.1813,20250630
20250630,001279,-0.5927,-0.5927,20250630
20250630,001282,-0.5275,-0.5275,20250630
20250630,001283,0.0285,0.0285,20250630
20250630,001286,-0.0305,-0.0305,20250630
20250630,001287,-0.1894,-0.1894,20250630
20250630,001288,-0.2953,-0.2953,20250630
20250630,001289,-0.055,-0.055,20250630
20250630,001296,0.664,0.664,20250630
20250630,001298,0.2892,0.2892,20250630
20250630,001299,0.0978,0.0978,20250630
20250630,001300,0.0,0.0,20250630
20250630,001301,0.0468,0.0468,20250630
20250630,001306,-0.3809,-0.3809,20250630
20250630,001308,0.0,0.0,20250630
20250630,001309,0.0,0.0,20250630
20250630,001311,-0.5255,-0.5255,20250630
20250630,001313,-0.0407,-0.0407,20250630
20250630,001314,0.1731,0.1731,20250630
20250630,001316,0.0,0.0,20250630
20250630,001317,0.0428,0.0428,20250630
20250630,001318,0.0,0.0,20250630
20250630,001319,0.0265,0.0265,20250630
20250630,001322,-0.22,-0.22,20250630
20250630,001323,-0.2464,-0.2464,20250630
20250630,001324,0.1853,0.1853,20250630
20250630,001326,-0.3442,-0.3442,20250630
20250630,001328,0.0,0.0,20250630
20250630,001330,0.0631,0.0631,20250630
20250630,001331,-0.5234,-0.5234,20250630
20250630,001332,-0.6986,-0.6986,20250630
20250630,001333,0.0468,0.0468,20250630
20250630,001335,0.169,0.169,20250630
20250630,001336,-0.2016,-0.2016,20250630
20250630,001337,0.0,0.0,20250630
20250630,001338,0.1894,0.1894,20250630
20250731,000001,0.0,0.0,20250731
20250731,000002,-0.1894,-0.1894,20250731
20250731,000004,-0.3299,-0.3299,20250731
20250731,000006,-0.3208,-0.3208,20250731
20250731,000007,-0.1324,-0.1324,20250731
20250731,000008,-0.2301,-0.2301,20250731
20250731,000009,0.0428,0.0428,20250731
20250731,000010,0.4297,0.4297,20250731
20250731,000011,-0.109,-0.109,20250731
20250731,000012,0.0,0.0,20250731
20250731,000014,0.2953,0.2953,20250731
20250731,000016,-0.2668,-0.2668,20250731
20250731,000017,-0.4216,-0.4216,20250731
20250731,000019,0.0774,0.0774,20250731
20250731,000020,-0.1996,-0.1996,20250731
20250731,000021,0.0978,0.0978,20250731
20250731,000025,-0.0224,-0.0224,20250731
20250731,000026,-0.5112,-0.5112,20250731
20250731,000027,0.0224,0.0224,20250731
20250731,000028,-0.0713,-0.0713,20250731
20250731,000029,0.0132,0.0132,20250731
20250731,000030,0.0,0.0,20250731
20250731,000031,0.387,0.387,20250731
20250731,000032,0.4033,0.4033,20250731
20250731,000034,0.3523,0.3523,20250731
20250731,000035,0.0,0.0,20250731
20250731,000036,-0.2627,-0.2627,20250731
20250731,000037,0.22,0.22,20250731
20250731,000039,0.0,0.0,20250731
20250731,000042,0.3992,0.3992,20250731
20250731,000045,-0.2159,-0.2159,20250731
20250731,000048,-0.1405,-0.1405,20250731
20250731,000049,-0.0387,-0.0387,20250731
20250731,000050,0.5377,0.5377,20250731
20250731,000055,-0.0407,-0.0407,20250731
20250731,000056,-0.2077,-0.2077,20250731
20250731,000058,0.0,0.0,20250731
20250731,000059,-0.5723,-0.5723,20250731
20250731,000060,-0.3401,-0.3401,20250731
20250731,000061,-0.0081,-0.0081,20250731
20250731,000062,-0.0489,-0.0489,20250731
20250731,000063,0.1629,0.1629,20250731
20250731,000065,-0.2322,-0.2322,20250731
20250731,000066,0.4277,0.4277,20250731
20250731,000068,-0.2281,-0.2281,20250731
20250731,000069,0.0,0.0,20250731
20250731,000070,-0.4399,-0.4399,20250731
20250731,000078,-0.1853,-0.1853,20250731
20250731,000088,0.0,0.0,20250731
20250731,000089,0.0,0.0,20250731
20250731,000090,-0.1731,-0.1731,20250731
20250731,000096,-0.0774,-0.0774,20250731
20250731,000099,0.0,0.0,20250731
20250731,000100,-0.1039,-0.1039,20250731
20250731,000151,0.0,0.0,20250731
20250731,000153,-0.0041,-0.0041,20250731
20250731,000155,0.1874,0.1874,20250731
20250731,000156,0.0,0.0,20250731
20250731,000157,-0.4236,-0.4236,20250731
20250731,000158,0.224,0.224,20250731
20250731,000159,0.1548,0.1548,20250731
20250731,000166,-0.057,-0.057,20250731
20250731,000301,0.2077,0.2077,20250731
20250731,000333,-0.1935,-0.1935,20250731
20250731,000338,-0.277,-0.277,20250731
20250731,000400,0.3177,0.3177,20250731
20250731,000401,0.0102,0.0102,20250731
20250731,000402,0.1344,0.1344,20250731
20250731,000403,0.1446,0.1446,20250731
20250731,000404,0.0,0.0,20250731
20250731,000407,-0.4012,-0.4012,20250731
20250731,000408,0.1976,0.1976,20250731
20250731,000409,0.3035,0.3035,20250731
20250731,000410,-0.0428,-0.0428,20250731
20250731,000411,0.0,0.0,20250731
20250731,000415,0.0,0.0,20250731
20250731,000417,-0.1283,-0.1283,20250731
20250731,000419,0.0,0.0,20250731
20250731,000420,0.1161,0.1161,20250731
20250731,000421,-0.2179,-0.2179,20250731
20250731,000422,0.3442,0.3442,20250731
20250731,000423,-0.3299,-0.3299,20250731
20250731,000425,-0.1527,-0.1527,20250731
20250731,000426,0.0,0.0,20250731
20250731,000428,-0.1456,-0.1456,20250731
20250731,000429,-0.224,-0.224,20250731
20250731,000430,-0.7413,-0.7413,20250731
20250731,000488,-0.4175,-0.4175,20250731
20250731,000498,-0.2342,-0.2342,20250731
20250731,000501,0.2525,0.2525,20250731
20250731,000503,0.0,0.0,20250731
20250731,000504,0.0,0.0,20250731
20250731,000505,0.2729,0.2729,20250731
20250731,000506,0.6477,0.6477,20250731
20250731,000507,-0.1365,-0.1365,20250731
20250731,000509,-0.0183,-0.0183,20250731
20250731,000510,-0.3116,-0.3116,20250731
20250731,000513,0.1202,0.1202,20250731
20250731,000514,0.4633,0.4633,20250731
20250731,000516,-0.1283,-0.1283,20250731
20250731,000517,0.1456,0.1456,20250731
20250731,000518,-0.1507,-0.1507,20250731
20250731,000519,0.0,0.0,20250731
20250731,000520,-0.1405,-0.1405,20250731
20250731,000521,0.2505,0.2505,20250731
20250731,000523,-0.112,-0.112,20250731
20250731,000524,0.0,0.0,20250731
20250731,000525,-0.4562,-0.4562,20250731
20250731,000526,0.2668,0.2668,20250731
20250731,000528,-0.0041,-0.0041,20250731
20250731,000529,-0.1059,-0.1059,20250731
20250731,000530,-0.7189,-0.7189,20250731
20250731,000531,0.1181,0.1181,20250731
20250731,000532,-0.1079,-0.1079,20250731
20250731,000533,-0.3299,-0.3299,20250731
20250731,000534,-0.0937,-0.0937,20250731
20250731,000536,0.0285,0.0285,20250731
20250731,000537,0.2383,0.2383,20250731
20250731,000538,-0.3992,-0.3992,20250731
20250731,000539,0.0509,0.0509,20250731
20250731,000541,-0.1752,-0.1752,20250731
20250731,000543,-0.0326,-0.0326,20250731
20250731,000544,0.0916,0.0916,20250731
20250731,000545,0.5743,0.5743,20250731
20250731,000546,0.2505,0.2505,20250731
20250731,000547,-0.2464,-0.2464,20250731
20250731,000548,0.0957,0.0957,20250731
20250731,000550,0.1955,0.1955,20250731
20250731,000551,-0.7597,-0.7597,20250731
20250731,000552,-0.4236,-0.4236,20250731
20250731,000553,-0.4155,-0.4155,20250731
20250731,000554,0.0,0.0,20250731
20250731,000555,-0.4481,-0.4481,20250731
20250731,000557,0.0,0.0,20250731
20250731,000558,0.2322,0.2322,20250731
20250731,000559,-0.3238,-0.3238,20250731
20250731,000560,-0.1456,-0.1456,20250731
20250731,000561,-0.444,-0.444,20250731
20250731,000563,-0.3116,-0.3116,20250731
20250731,000564,-0.0611,-0.0611,20250731
20250731,000565,0.0,0.0,20250731
20250731,000566,-0.0468,-0.0468,20250731
20250731,000567,0.1527,0.1527,20250731
20250731,000568,0.1894,0.1894,20250731
20250731,000570,0.0,0.0,20250731
20250731,000571,-0.2749,-0.2749,20250731
20250731,000572,-0.3523,-0.3523,20250731
20250731,000573,-0.0132,-0.0132,20250731
20250731,000576,0.5275,0.5275,20250731
20250731,000581,-0.0692,-0.0692,20250731
20250731,000582,-0.0672,-0.0672,20250731
20250731,000586,0.2037,0.2037,20250731
20250731,000589,-0.3055,-0.3055,20250731
20250731,000590,-0.0224,-0.0224,20250731
20250731,000591,0.2974,0.2974,20250731
20250731,000592,0.0,0.0,20250731
20250731,000593,-0.1426,-0.1426,20250731
20250731,000595,-0.1466,-0.1466,20250731
20250731,000596,-0.0183,-0.0183,20250731
20250731,000597,0.1242,0.1242,20250731
20250731,000598,-0.2363,-0.2363,20250731
20250731,000599,-0.3401,-0.3401,20250731
20250731,000600,-0.1263,-0.1263,20250731
20250731,000601,0.1303,0.1303,20250731
20250731,000603,-0.5743,-0.5743,20250731
20250731,000605,0.0,0.0,20250731
20250731,000607,0.1752,0.1752,20250731
20250731,000608,-0.4532,-0.4532,20250731
20250731,000609,-0.2556,-0.2556,20250731
20250731,000610,-0.2688,-0.2688,20250731
20250731,000612,0.1405,0.1405,20250731
20250731,000615,-0.7556,-0.7556,20250731
20250731,000617,0.2179,0.2179,20250731
20250731,000619,0.1752,0.1752,20250731
20250731,000620,-0.0998,-0.0998,20250731
20250731,000623,0.0876,0.0876,20250731
20250731,000625,0.0448,0.0448,20250731
20250731,000626,0.053,0.053,20250731
20250731,000628,0.3381,0.3381,20250731
20250731,000629,-0.1324,-0.1324,20250731
20250731,000630,0.2709,0.2709,20250731
20250731,000631,0.0,0.0,20250731
20250731,000632,-0.224,-0.224,20250731
20250731,000633,-0.4827,-0.4827,20250731
20250731,000635,-0.0733,-0.0733,20250731
20250731,000636,0.1792,0.1792,20250731
20250731,000637,-0.5071,-0.5071,20250731
20250731,000638,-0.3992,-0.3992,20250731
20250731,000639,-0.2281,-0.2281,20250731
20250731,000650,0.0,0.0,20250731
20250731,000651,-0.0937,-0.0937,20250731
20250731,000652,0.0,0.0,20250731
20250731,000655,0.0081,0.0081,20250731
20250731,000656,-0.3116,-0.3116,20250731
20250731,000657,0.1466,0.1466,20250731
20250731,000659,-0.2892,-0.2892,20250731
20250731,000661,0.0,0.0,20250731
20250731,000663,-0.053,-0.053,20250731
20250731,000665,0.0754,0.0754,20250731
20250731,000668,-0.3595,-0.3595,20250731
20250731,000669,0.2607,0.2607,20250731
20250731,000670,-0.1711,-0.1711,20250731
20250731,000672,-0.0061,-0.0061,20250731
20250731,000676,-0.5112,-0.5112,20250731
20250731,000677,-0.5173,-0.5173,20250731
20250731,000678,0.0937,0.0937,20250731
20250731,000679,0.4033,0.4033,20250731
20250731,000680,0.0,0.0,20250731
20250731,000681,0.0,0.0,20250731
20250731,000682,-0.0896,-0.0896,20250731
20250731,000683,0.6171,0.6171,20250731
20250731,000685,0.3177,0.3177,20250731
20250731,000686,0.0,0.0,20250731
20250731,000688,0.0224,0.0224,20250731
20250731,000690,-0.0754,-0.0754,20250731
20250731,000691,0.6497,0.6497,20250731
20250731,000692,-0.332,-0.332,20250731
20250731,000695,-0.3259,-0.3259,20250731
20250731,000697,-0.1527,-0.1527,20250731
20250731,000698,0.0,0.0,20250731
20250731,000700,0.112,0.112,20250731
20250731,000701,-0.2322,-0.2322,20250731
20250731,000702,-0.3198,-0.3198,20250731
20250731,000703,0.0,0.0,20250731
20250731,000705,0.2261,0.2261,20250731
20250731,000707,0.2811,0.2811,20250731
20250731,000708,-0.0713,-0.0713,20250731
20250731,000709,-0.1405,-0.1405,20250731
20250731,000710,0.0428,0.0428,20250731
20250731,000711,-0.3014,-0.3014,20250731
20250731,000712,0.0733,0.0733,20250731
20250731,000713,-0.0713,-0.0713,20250731
20250731,000715,0.1792,0.1792,20250731
20250731,000716,0.1344,0.1344,20250731
20250731,000717,0.0448,0.0448,20250731
20250731,000718,-0.1456,-0.1456,20250731
20250731,000719,0.0,0.0,20250731
20250731,000720,0.0,0.0,20250731
20250731,000721,-0.2088,-0.2088,20250731
20250731,000722,-0.5112,-0.5112,20250731
20250731,000723,0.0,0.0,20250731
20250731,000725,0.1324,0.1324,20250731
20250731,000726,0.0428,0.0428,20250731
20250731,000727,-0.057,-0.057,20250731
20250731,000728,0.0081,0.0081,20250731
20250731,000729,-0.0407,-0.0407,20250731
20250731,000731,-0.2627,-0.2627,20250731
20250731,000733,-0.1813,-0.1813,20250731
20250731,000735,0.2607,0.2607,20250731
20250731,000736,0.0692,0.0692,20250731
20250731,000737,-0.2363,-0.2363,20250731
20250731,000738,0.0,0.0,20250731
20250731,000739,0.0835,0.0835,20250731
20250731,000750,-0.1772,-0.1772,20250731
20250731,000751,-0.112,-0.112,20250731
20250731,000752,0.6802,0.6802,20250731
20250731,000753,0.5356,0.5356,20250731
20250731,000755,0.0,0.0,20250731
20250731,000756,0.0489,0.0489,20250731
20250731,000757,0.0,0.0,20250731
20250731,000758,0.224,0.224,20250731
20250731,000759,0.0,0.0,20250731
20250731,000761,-0.2159,-0.2159,20250731
20250731,000762,0.0,0.0,20250731
20250731,000766,-0.7678,-0.7678,20250731
20250731,000767,-0.1527,-0.1527,20250731
20250731,000768,0.0855,0.0855,20250731
20250731,000776,0.0957,0.0957,20250731
20250731,000777,-0.6477,-0.6477,20250731
20250731,000778,0.0,0.0,20250731
20250731,000779,0.0,0.0,20250731
20250731,000782,-0.4969,-0.4969,20250731
20250731,000783,-0.0285,-0.0285,20250731
20250731,000785,-0.3177,-0.3177,20250731
20250731,000786,0.0,0.0,20250731
20250731,000788,-0.0387,-0.0387,20250731
20250731,000789,-0.1303,-0.1303,20250731
20250731,000790,0.002,0.002,20250731
20250731,000791,0.0,0.0,20250731
20250731,000792,-0.0061,-0.0061,20250731
20250731,000793,-0.2688,-0.2688,20250731
20250731,000795,0.0,0.0,20250731
20250731,000796,0.2668,0.2668,20250731
20250731,000797,-0.2709,-0.2709,20250731
20250731,000798,0.0,0.0,20250731
20250731,000799,0.0081,0.0081,20250731
20250731,000800,-0.0876,-0.0876,20250731
20250731,000801,0.5031,0.5031,20250731
20250731,000802,0.2363,0.2363,20250731
20250731,000803,0.1181,0.1181,20250731
20250731,000807,-0.556,-0.556,20250731
20250731,000809,-0.3971,-0.3971,20250731
20250731,000810,-0.0428,-0.0428,20250731
20250731,000811,0.0896,0.0896,20250731
20250731,000812,0.0305,0.0305,20250731
20250731,000813,0.167,0.167,20250731
20250731,000815,0.0,0.0,20250731
20250731,000816,-0.0061,-0.0061,20250731
20250731,000818,-0.0102,-0.0102,20250731
20250731,000819,0.0367,0.0367,20250731
20250731,000820,0.1711,0.1711,20250731
20250731,000821,-0.2118,-0.2118,20250731
20250731,000822,-0.1507,-0.1507,20250731
20250731,000823,0.4969,0.4969,20250731
20250731,000825,0.0,0.0,20250731
20250731,000826,-0.2668,-0.2668,20250731
20250731,000828,0.3157,0.3157,20250731
20250731,000829,0.0387,0.0387,20250731
20250731,000830,0.5662,0.5662,20250731
20250731,000831,0.1222,0.1222,20250731
20250731,000833,-0.1079,-0.1079,20250731
20250731,000837,0.0,0.0,20250731
20250731,000838,-0.3024,-0.3024,20250731
20250731,000839,0.0244,0.0244,20250731
20250731,000848,0.0,0.0,20250731
20250731,000850,0.0,0.0,20250731
20250731,000852,0.0,0.0,20250731
20250731,000856,-0.1059,-0.1059,20250731
20250731,000858,-0.1385,-0.1385,20250731
20250731,000859,-0.0754,-0.0754,20250731
20250731,000860,-0.1955,-0.1955,20250731
20250731,000862,-0.1018,-0.1018,20250731
20250731,000863,-0.1456,-0.1456,20250731
20250731,000868,0.0,0.0,20250731
20250731,000869,0.0,0.0,20250731
20250731,000875,0.0,0.0,20250731
20250731,000876,0.0733,0.0733,20250731
20250731,000877,0.0876,0.0876,20250731
20250731,000878,0.0,0.0,20250731
20250731,000880,0.1976,0.1976,20250731
20250731,000881,-0.3198,-0.3198,20250731
20250731,000882,0.0,0.0,20250731
20250731,000883,-0.1141,-0.1141,20250731
20250731,000885,0.2118,0.2118,20250731
20250731,000886,-0.2454,-0.2454,20250731
20250731,000887,0.0061,0.0061,20250731
20250731,000888,-0.2424,-0.2424,20250731
20250731,000889,-0.3442,-0.3442,20250731
20250731,000890,-0.2607,-0.2607,20250731
20250731,000892,-0.4399,-0.4399,20250731
20250731,000893,0.1589,0.1589,20250731
20250731,000895,0.0102,0.0102,20250731
20250731,000897,-0.3717,-0.3717,20250731
20250731,000898,0.0,0.0,20250731
20250731,000899,-0.0916,-0.0916,20250731
20250731,000900,-0.1079,-0.1079,20250731
20250731,000901,0.2688,0.2688,20250731
20250731,000902,0.0,0.0,20250731
20250731,000903,-0.5397,-0.5397,20250731
20250731,000905,0.0285,0.0285,20250731
20250731,000906,-0.1222,-0.1222,20250731
20250731,000908,-0.2118,-0.2118,20250731
20250731,000909,-0.3656,-0.3656,20250731
20250731,000910,-0.112,-0.112,20250731
20250731,000911,0.0,0.0,20250731
20250731,000912,-0.4603,-0.4603,20250731
20250731,000913,0.0,0.0,20250731
20250731,000915,-0.4929,-0.4929,20250731
20250731,000917,0.0,0.0,20250731
20250731,000919,-0.0998,-0.0998,20250731
20250731,000920,0.4257,0.4257,20250731
20250731,000921,0.165,0.165,20250731
20250731,000922,0.2016,0.2016,20250731
20250731,000923,-0.7251,-0.7251,20250731
20250731,000925,-0.0489,-0.0489,20250731
20250731,000926,0.4674,0.4674,20250731
20250731,000927,0.1792,0.1792,20250731
20250731,000928,-0.1059,-0.1059,20250731
20250731,000929,-0.1507,-0.1507,20250731
20250731,000930,0.0,0.0,20250731
20250731,000931,-0.4318,-0.4318,20250731
20250731,000932,0.0468,0.0468,20250731
20250731,000933,0.0,0.0,20250731
20250731,000935,0.0,0.0,20250731
20250731,000936,0.1507,0.1507,20250731
20250731,000937,0.0,0.0,20250731
20250731,000938,0.3829,0.3829,20250731
20250731,000948,-0.3279,-0.3279,20250731
20250731,000949,-0.0937,-0.0937,20250731
20250731,000950,0.0937,0.0937,20250731
20250731,000951,0.11,0.11,20250731
20250731,000952,0.0,0.0,20250731
20250731,000953,0.0183,0.0183,20250731
20250731,000955,-0.0448,-0.0448,20250731
20250731,000957,-0.2729,-0.2729,20250731
20250731,000958,0.0,0.0,20250731
20250731,000959,-0.0407,-0.0407,20250731
20250731,000960,0.0794,0.0794,20250731
20250731,000962,-0.1772,-0.1772,20250731
20250731,000963,0.0509,0.0509,20250731
20250731,000965,0.2515,0.2515,20250731
20250731,000966,-0.22,-0.22,20250731
20250731,000967,-0.1141,-0.1141,20250731
20250731,000968,0.0,0.0,20250731
20250731,000969,-0.0754,-0.0754,20250731
20250731,000970,0.2138,0.2138,20250731
20250731,000972,-0.389,-0.389,20250731
20250731,000973,0.0,0.0,20250731
20250731,000975,-0.0387,-0.0387,20250731
20250731,000977,-0.279,-0.279,20250731
20250731,000978,0.0,0.0,20250731
20250731,000980,-0.4847,-0.4847,20250731
20250731,000981,-0.4908,-0.4908,20250731
20250731,000983,0.167,0.167,20250731
20250731,000985,0.0,0.0,20250731
20250731,000987,0.1609,0.1609,20250731
20250731,000988,0.1181,0.1181,20250731
20250731,000989,0.1202,0.1202,20250731
20250731,000990,0.112,0.112,20250731
20250731,000993,0.1181,0.1181,20250731
20250731,000995,0.0,0.0,20250731
20250731,000997,-0.224,-0.224,20250731
20250731,000998,0.0,0.0,20250731
20250731,000999,-0.4134,-0.4134,20250731
20250731,001201,0.222,0.222,20250731
20250731,001202,0.0,0.0,20250731
20250731,001203,0.053,0.053,20250731
20250731,001205,0.0,0.0,20250731
20250731,001206,0.0,0.0,20250731
20250731,001207,-0.1385,-0.1385,20250731
20250731,001208,0.4521,0.4521,20250731
20250731,001209,0.0,0.0,20250731
20250731,001210,0.0,0.0,20250731
20250731,001211,0.0,0.0,20250731
20250731,001212,-0.0774,-0.0774,20250731
20250731,001213,0.0428,0.0428,20250731
20250731,001215,-0.1222,-0.1222,20250731
20250731,001216,0.3401,0.3401,20250731
20250731,001217,-0.1813,-0.1813,20250731
20250731,001218,0.1935,0.1935,20250731
20250731,001219,0.169,0.169,20250731
20250731,001222,0.0,0.0,20250731
20250731,001223,-0.6741,-0.6741,20250731
20250731,001225,0.2016,0.2016,20250731
20250731,001226,0.1039,0.1039,20250731
20250731,001227,-0.1813,-0.1813,20250731
20250731,001228,-0.2749,-0.2749,20250731
20250731,001229,0.0,0.0,20250731
20250731,001230,0.3259,0.3259,20250731
20250731,001231,0.053,0.053,20250731
20250731,001234,0.3401,0.3401,20250731
20250731,001236,-0.6477,-0.6477,20250731
20250731,001238,-0.1792,-0.1792,20250731
20250731,001239,0.053,0.053,20250731
20250731,001255,-0.2892,-0.2892,20250731
20250731,001256,0.0,0.0,20250731
20250731,001258,-0.1446,-0.1446,20250731
20250731,001259,0.2525,0.2525,20250731
20250731,001260,0.2098,0.2098,20250731
20250731,001266,0.0,0.0,20250731
20250731,001267,0.3992,0.3992,20250731
20250731,001268,0.0285,0.0285,20250731
20250731,001269,-0.6517,-0.6517,20250731
20250731,001270,0.0,0.0,20250731
20250731,001277,0.0835,0.0835,20250731
20250731,001278,0.0224,0.0224,20250731
20250731,001279,-0.3931,-0.3931,20250731
20250731,001282,-0.2831,-0.2831,20250731
20250731,001283,0.554,0.554,20250731
20250731,001286,0.2668,0.2668,20250731
20250731,001287,0.6029,0.6029,20250731
20250731,001288,0.0122,0.0122,20250731
20250731,001289,0.0509,0.0509,20250731
20250731,001296,0.3992,0.3992,20250731
20250731,001298,-0.2811,-0.2811,20250731
20250731,001299,0.1385,0.1385,20250731
20250731,001300,-0.3971,-0.3971,20250731
20250731,001301,-0.0285,-0.0285,20250731
20250731,001306,0.0,0.0,20250731
20250731,001308,0.3259,0.3259,20250731
20250731,001309,-0.4073,-0.4073,20250731
20250731,001311,0.3747,0.3747,20250731
20250731,001313,0.0,0.0,20250731
20250731,001314,0.0,0.0,20250731
20250731,001316,-0.7637,-0.7637,20250731
20250731,001317,-0.4807,-0.4807,20250731
20250731,001318,0.0,0.0,20250731
20250731,001319,0.0774,0.0774,20250731
20250731,001322,-0.2933,-0.2933,20250731
20250731,001323,0.0224,0.0224,20250731
20250731,001324,0.3707,0.3707,20250731
20250731,001326,0.0041,0.0041,20250731
20250731,001328,0.0,0.0,20250731
20250731,001330,-0.1772,-0.1772,20250731
20250731,001331,0.2587,0.2587,20250731
20250731,001332,-0.279,-0.279,20250731
20250731,001333,0.167,0.167,20250731
20250731,001335,-0.0509,-0.0509,20250731
20250731,001336,-0.0591,-0.0591,20250731
20250731,001337,0.0,0.0,20250731
20250731,001338,0.0,0.0,20250731
20250829,000001,-0.1565,-0.1565,20250829
20250829,000002,0.1951,0.1951,20250829
20250829,000004,0.1382,0.1382,20250829
20250829,000006,0.4248,0.4248,20250829
20250829,000007,0.0285,0.0285,20250829
20250829,000008,0.0,0.0,20250829
20250829,000009,0.1911,0.1911,20250829
20250829,000010,0.2785,0.2785,20250829
20250829,000011,0.0,0.0,20250829
20250829,000012,0.0,0.0,20250829
20250829,000014,0.4024,0.4024,20250829
20250829,000016,0.2642,0.2642,20250829
20250829,000017,0.0,0.0,20250829
20250829,000019,-0.0915,-0.0915,20250829
20250829,000020,-0.2073,-0.2073,20250829
20250829,000021,0.1179,0.1179,20250829
20250829,000025,0.0,0.0,20250829
20250829,000026,0.0691,0.0691,20250829
20250829,000027,0.0671,0.0671,20250829
20250829,000028,0.0894,0.0894,20250829
20250829,000029,0.5,0.5,20250829
20250829,000030,-0.5244,-0.5244,20250829
20250829,000031,0.1911,0.1911,20250829
20250829,000032,0.1098,0.1098,20250829
20250829,000034,0.0,0.0,20250829
20250829,000035,-0.1362,-0.1362,20250829
20250829,000036,0.378,0.378,20250829
20250829,000037,-0.1707,-0.1707,20250829
20250829,000039,-0.2846,-0.2846,20250829
20250829,000042,0.3293,0.3293,20250829
20250829,000045,-0.1484,-0.1484,20250829
20250829,000048,0.0,0.0,20250829
20250829,000049,0.2012,0.2012,20250829
20250829,000050,0.0,0.0,20250829
20250829,000055,0.0,0.0,20250829
20250829,000056,-0.5894,-0.5894,20250829
20250829,000058,0.0,0.0,20250829
20250829,000059,-0.2805,-0.2805,20250829
20250829,000060,-0.0488,-0.0488,20250829
20250829,000061,0.4268,0.4268,20250829
20250829,000062,0.1159,0.1159,20250829
20250829,000063,0.1382,0.1382,20250829
20250829,000065,-0.0488,-0.0488,20250829
20250829,000066,0.1606,0.1606,20250829
20250829,000068,0.2683,0.2683,20250829
20250829,000069,-0.2297,-0.2297,20250829
20250829,000070,0.1606,0.1606,20250829
20250829,000078,-0.189,-0.189,20250829
20250829,000088,-0.2744,-0.2744,20250829
20250829,000089,0.0,0.0,20250829
20250829,000090,-0.0427,-0.0427,20250829
20250829,000096,-0.2683,-0.2683,20250829
20250829,000099,0.0,0.0,20250829
20250829,000100,-0.1789,-0.1789,20250829
20250829,000151,0.1809,0.1809,20250829
20250829,000153,-0.0305,-0.0305,20250829
20250829,000155,-0.0528,-0.0528,20250829
20250829,000156,-0.3333,-0.3333,20250829
20250829,000157,0.0,0.0,20250829
20250829,000158,0.0305,0.0305,20250829
20250829,000159,0.0,0.0,20250829
20250829,000166,-0.2073,-0.2073,20250829
20250829,000301,0.0407,0.0407,20250829
20250829,000333,-0.0508,-0.0508,20250829
20250829,000338,-0.3557,-0.3557,20250829
20250829,000400,0.0,0.0,20250829
20250829,000401,0.0,0.0,20250829
20250829,000402,-0.0996,-0.0996,20250829
20250829,000403,-0.439,-0.439,20250829
20250829,000404,-0.1667,-0.1667,20250829
20250829,000407,0.2419,0.2419,20250829
20250829,000408,0.2947,0.2947,20250829
20250829,000409,-0.5854,-0.5854,20250829
20250829,000410,0.0,0.0,20250829
20250829,000411,0.315,0.315,20250829
20250829,000415,-0.0996,-0.0996,20250829
20250829,000417,0.2744,0.2744,20250829
20250829,000419,0.0,0.0,20250829
20250829,000420,0.0203,0.0203,20250829
20250829,000421,-0.311,-0.311,20250829
20250829,000422,0.0,0.0,20250829
20250829,000423,0.0,0.0,20250829
20250829,000425,0.498,0.498,20250829
20250829,000426,0.0528,0.0528,20250829
20250829,000428,-0.187,-0.187,20250829
20250829,000429,-0.126,-0.126,20250829
20250829,000430,0.124,0.124,20250829
20250829,000488,0.0,0.0,20250829
20250829,000498,-0.1402,-0.1402,20250829
20250829,000501,0.3476,0.3476,20250829
20250829,000503,-0.6748,-0.6748,20250829
20250829,000504,-0.3232,-0.3232,20250829
20250829,000505,-0.1321,-0.1321,20250829
20250829,000506,-0.5325,-0.5325,20250829
20250829,000507,-0.0508,-0.0508,20250829
20250829,000509,-0.6301,-0.6301,20250829
20250829,000510,0.3638,0.3638,20250829
20250829,000513,0.0122,0.0122,20250829
20250829,000514,-0.3211,-0.3211,20250829
20250829,000516,-0.2378,-0.2378,20250829
20250829,000517,0.0,0.0,20250829
20250829,000518,0.0,0.0,20250829
20250829,000519,0.0,0.0,20250829
20250829,000520,0.0,0.0,20250829
20250829,000521,0.0,0.0,20250829
20250829,000523,-0.1179,-0.1179,20250829
20250829,000524,0.0,0.0,20250829
20250829,000525,-0.5346,-0.5346,20250829
20250829,000526,-0.6972,-0.6972,20250829
20250829,000528,0.0488,0.0488,20250829
20250829,000529,-0.0671,-0.0671,20250829
20250829,000530,-0.6037,-0.6037,20250829
20250829,000531,0.1301,0.1301,20250829
20250829,000532,-0.0711,-0.0711,20250829
20250829,000533,0.0528,0.0528,20250829
20250829,000534,0.2866,0.2866,20250829
20250829,000536,0.1565,0.1565,20250829
20250829,000537,0.0508,0.0508,20250829
20250829,000538,0.128,0.128,20250829
20250829,000539,-0.0996,-0.0996,20250829
20250829,000541,0.063,0.063,20250829
20250829,000543,0.0549,0.0549,20250829
20250829,000544,0.0325,0.0325,20250829
20250829,000545,0.374,0.374,20250829
20250829,000546,-0.4207,-0.4207,20250829
20250829,000547,-0.0894,-0.0894,20250829
20250829,000548,0.0,0.0,20250829
20250829,000550,-0.2154,-0.2154,20250829
20250829,000551,0.061,0.061,20250829
20250829,000552,-0.2419,-0.2419,20250829
20250829,000553,-0.2683,-0.2683,20250829
20250829,000554,0.1443,0.1443,20250829
20250829,000555,0.0915,0.0915,20250829
20250829,000557,-0.0061,-0.0061,20250829
20250829,000558,-0.5346,-0.5346,20250829
20250829,000559,0.0,0.0,20250829
20250829,000560,-0.1362,-0.1362,20250829
20250829,000561,0.1159,0.1159,20250829
20250829,000563,0.0,0.0,20250829
20250829,000564,0.0427,0.0427,20250829
20250829,000565,0.0,0.0,20250829
20250829,000566,-0.0163,-0.0163,20250829
20250829,000567,-0.3557,-0.3557,20250829
20250829,000568,0.0,0.0,20250829
20250829,000570,-0.2398,-0.2398,20250829
20250829,000571,-0.1585,-0.1585,20250829
20250829,000572,0.252,0.252,20250829
20250829,000573,-0.0528,-0.0528,20250829
20250829,000576,-0.2439,-0.2439,20250829
20250829,000581,0.2337,0.2337,20250829
20250829,000582,0.0,0.0,20250829
20250829,000586,-0.1016,-0.1016,20250829
20250829,000589,-0.2439,-0.2439,20250829
20250829,000590,-0.0874,-0.0874,20250829
20250829,000591,0.0874,0.0874,20250829
20250829,000592,0.0,0.0,20250829
20250829,000593,0.0427,0.0427,20250829
20250829,000595,0.378,0.378,20250829
20250829,000596,0.128,0.128,20250829
20250829,000597,-0.0427,-0.0427,20250829
20250829,000598,-0.063,-0.063,20250829
20250829,000599,0.2256,0.2256,20250829
20250829,000600,0.0,0.0,20250829
20250829,000601,-0.1301,-0.1301,20250829
20250829,000603,0.0,0.0,20250829
20250829,000605,0.0,0.0,20250829
20250829,000607,-0.2337,-0.2337,20250829
20250829,000608,0.1789,0.1789,20250829
20250829,000609,0.4634,0.4634,20250829
20250829,000610,-0.1037,-0.1037,20250829
20250829,000612,-0.0407,-0.0407,20250829
20250829,000615,0.0,0.0,20250829
20250829,000617,0.4207,0.4207,20250829
20250829,000619,-0.6199,-0.6199,20250829
20250829,000620,-0.3008,-0.3008,20250829
20250829,000623,0.3862,0.3862,20250829
20250829,000625,-0.185,-0.185,20250829
20250829,000626,0.0,0.0,20250829
20250829,000628,0.3516,0.3516,20250829
20250829,000629,-0.3435,-0.3435,20250829
20250829,000630,0.0488,0.0488,20250829
20250829,000631,-0.315,-0.315,20250829
20250829,000632,-0.502,-0.502,20250829
20250829,000633,-0.1809,-0.1809,20250829
20250829,000635,-0.3679,-0.3679,20250829
20250829,000636,-0.0102,-0.0102,20250829
20250829,000637,-0.2764,-0.2764,20250829
20250829,000638,0.374,0.374,20250829
20250829,000639,-0.1789,-0.1789,20250829
20250829,000650,0.2744,0.2744,20250829
20250829,000651,-0.5996,-0.5996,20250829
20250829,000652,-0.1484,-0.1484,20250829
20250829,000655,0.2134,0.2134,20250829
20250829,000656,-0.4451,-0.4451,20250829
20250829,000657,0.0447,0.0447,20250829
20250829,000659,-0.2622,-0.2622,20250829
20250829,000661,-0.3943,-0.3943,20250829
20250829,000663,-0.8089,-0.8089,20250829
20250829,000665,0.0976,0.0976,20250829
20250829,000668,0.1565,0.1565,20250829
20250829,000669,-0.2276,-0.2276,20250829
20250829,000670,0.1382,0.1382,20250829
20250829,000672,-0.0305,-0.0305,20250829
20250829,000676,0.0,0.0,20250829
20250829,000677,-0.3984,-0.3984,20250829
20250829,000678,-0.5122,-0.5122,20250829
20250829,000679,-0.4533,-0.4533,20250829
20250829,000680,-0.2276,-0.2276,20250829
20250829,000681,-0.7256,-0.7256,20250829
20250829,000682,0.3008,0.3008,20250829
20250829,000683,0.4045,0.4045,20250829
20250829,000685,0.5285,0.5285,20250829
20250829,000686,-0.0549,-0.0549,20250829
20250829,000688,-0.2419,-0.2419,20250829
20250829,000690,-0.0325,-0.0325,20250829
20250829,000691,0.122,0.122,20250829
20250829,000692,-0.2947,-0.2947,20250829
20250829,000695,0.1118,0.1118,20250829
20250829,000697,0.2764,0.2764,20250829
20250829,000698,0.0081,0.0081,20250829
20250829,000700,0.2886,0.2886,20250829
20250829,000701,-0.0671,-0.0671,20250829
20250829,000702,0.0,0.0,20250829
20250829,000703,0.0,0.0,20250829
20250829,000705,-0.1159,-0.1159,20250829
20250829,000707,-0.3293,-0.3293,20250829
20250829,000708,0.0,0.0,20250829
20250829,000709,0.0,0.0,20250829
20250829,000710,0.1545,0.1545,20250829
20250829,000711,0.2846,0.2846,20250829
20250829,000712,-0.1098,-0.1098,20250829
20250829,000713,0.0,0.0,20250829
20250829,000715,-0.185,-0.185,20250829
20250829,000716,0.1728,0.1728,20250829
20250829,000717,-0.4654,-0.4654,20250829
20250829,000718,0.0061,0.0061,20250829
20250829,000719,0.0,0.0,20250829
20250829,000720,-0.3191,-0.3191,20250829
20250829,000721,0.0,0.0,20250829
20250829,000722,0.0,0.0,20250829
20250829,000723,0.0,0.0,20250829
20250829,000725,-0.1646,-0.1646,20250829
20250829,000726,0.1768,0.1768,20250829
20250829,000727,-0.0183,-0.0183,20250829
20250829,000728,0.0,0.0,20250829
20250829,000729,-0.1606,-0.1606,20250829
20250829,000731,-0.2012,-0.2012,20250829
20250829,000733,-0.0935,-0.0935,20250829
20250829,000735,-0.2012,-0.2012,20250829
20250829,000736,0.0,0.0,20250829
20250829,000737,0.0,0.0,20250829
20250829,000738,-0.2012,-0.2012,20250829
20250829,000739,0.1768,0.1768,20250829
20250829,000750,0.0264,0.0264,20250829
20250829,000751,-0.1768,-0.1768,20250829
20250829,000752,0.3293,0.3293,20250829
20250829,000753,0.3069,0.3069,20250829
20250829,000755,-0.0081,-0.0081,20250829
20250829,000756,0.0,0.0,20250829
20250829,000757,0.0,0.0,20250829
20250829,000758,0.0386,0.0386,20250829
20250829,000759,0.0,0.0,20250829
20250829,000761,-0.4045,-0.4045,20250829
20250829,000762,-0.5,-0.5,20250829
20250829,000766,0.4614,0.4614,20250829
20250829,000767,0.0915,0.0915,20250829
20250829,000768,0.0,0.0,20250829
20250829,000776,0.0874,0.0874,20250829
20250829,000777,-0.7561,-0.7561,20250829
20250829,000778,0.0,0.0,20250829
20250829,000779,-0.3496,-0.3496,20250829
20250829,000782,0.1972,0.1972,20250829
20250829,000783,0.1321,0.1321,20250829
20250829,000785,-0.2358,-0.2358,20250829
20250829,000786,-0.2398,-0.2398,20250829
20250829,000788,-0.0488,-0.0488,20250829
20250829,000789,-0.2195,-0.2195,20250829
20250829,000790,-0.3069,-0.3069,20250829
20250829,000791,-0.2622,-0.2622,20250829
20250829,000792,0.2337,0.2337,20250829
20250829,000793,-0.1037,-0.1037,20250829
20250829,000795,0.0,0.0,20250829
20250829,000796,0.0386,0.0386,20250829
20250829,000797,-0.0874,-0.0874,20250829
20250829,000798,0.0,0.0,20250829
20250829,000799,0.1748,0.1748,20250829
20250829,000800,0.1321,0.1321,20250829
20250829,000801,0.0955,0.0955,20250829
20250829,000802,-0.7053,-0.7053,20250829
20250829,000803,-0.0183,-0.0183,20250829
20250829,000807,0.2073,0.2073,20250829
20250829,000809,-0.3882,-0.3882,20250829
20250829,000810,0.1159,0.1159,20250829
20250829,000811,0.3882,0.3882,20250829
20250829,000812,0.0,0.0,20250829
20250829,000813,-0.065,-0.065,20250829
20250829,000815,0.0,0.0,20250829
20250829,000816,0.0,0.0,20250829
20250829,000818,0.4085,0.4085,20250829
20250829,000819,0.0,0.0,20250829
20250829,000820,-0.4512,-0.4512,20250829
20250829,000821,-0.1687,-0.1687,20250829
20250829,000822,-0.315,-0.315,20250829
20250829,000823,0.061,0.061,20250829
20250829,000825,-0.1931,-0.1931,20250829
20250829,000826,-0.0955,-0.0955,20250829
20250829,000828,0.3008,0.3008,20250829
20250829,000829,-0.1484,-0.1484,20250829
20250829,000830,0.4654,0.4654,20250829
20250829,000831,0.061,0.061,20250829
20250829,000833,0.065,0.065,20250829
20250829,000837,-0.0793,-0.0793,20250829
20250829,000838,-0.4573,-0.4573,20250829
20250829,000839,0.2033,0.2033,20250829
20250829,000848,0.0,0.0,20250829
20250829,000850,0.0,0.0,20250829
20250829,000852,0.0,0.0,20250829
20250829,000856,-0.4228,-0.4228,20250829
20250829,000858,-0.1138,-0.1138,20250829
20250829,000859,-0.1341,-0.1341,20250829
20250829,000860,-0.2602,-0.2602,20250829
20250829,000862,-0.1463,-0.1463,20250829
20250829,000863,-0.3476,-0.3476,20250829
20250829,000868,-0.0041,-0.0041,20250829
20250829,000869,0.0,0.0,20250829
20250829,000875,-0.0325,-0.0325,20250829
20250829,000876,0.0589,0.0589,20250829
20250829,000877,0.4898,0.4898,20250829
20250829,000878,-0.0447,-0.0447,20250829
20250829,000880,0.2886,0.2886,20250829
20250829,000881,-0.1687,-0.1687,20250829
20250829,000882,0.0,0.0,20250829
20250829,000883,0.0122,0.0122,20250829
20250829,000885,0.2378,0.2378,20250829
20250829,000886,-0.3862,-0.3862,20250829
20250829,000887,0.315,0.315,20250829
20250829,000888,-0.1301,-0.1301,20250829
20250829,000889,-0.6199,-0.6199,20250829
20250829,000890,-0.2947,-0.2947,20250829
20250829,000892,0.0915,0.0915,20250829
20250829,000893,0.122,0.122,20250829
20250829,000895,-0.0142,-0.0142,20250829
20250829,000897,-0.0325,-0.0325,20250829
20250829,000898,-0.3252,-0.3252,20250829
20250829,000899,0.311,0.311,20250829
20250829,000900,0.0203,0.0203,20250829
20250829,000901,0.3476,0.3476,20250829
20250829,000902,0.0488,0.0488,20250829
20250829,000903,-0.5264,-0.5264,20250829
20250829,000905,0.189,0.189,20250829
20250829,000906,-0.3415,-0.3415,20250829
20250829,000908,-0.0407,-0.0407,20250829
20250829,000909,-0.4146,-0.4146,20250829
20250829,000910,0.0,0.0,20250829
20250829,000911,0.0407,0.0407,20250829
20250829,000912,-0.4268,-0.4268,20250829
20250829,000913,0.0,0.0,20250829
20250829,000915,0.1402,0.1402,20250829
20250829,000917,0.0915,0.0915,20250829
20250829,000919,0.0346,0.0346,20250829
20250829,000920,0.2907,0.2907,20250829
20250829,000921,-0.3618,-0.3618,20250829
20250829,000922,-0.1077,-0.1077,20250829
20250829,000923,0.1463,0.1463,20250829
20250829,000925,0.0142,0.0142,20250829
20250829,000926,0.2947,0.2947,20250829
20250829,000927,0.0,0.0,20250829
20250829,000928,0.0,0.0,20250829
20250829,000929,0.0,0.0,20250829
20250829,000930,0.0996,0.0996,20250829
20250829,000931,-0.0203,-0.0203,20250829
20250829,000932,0.1098,0.1098,20250829
20250829,000933,0.0,0.0,20250829
20250829,000935,0.124,0.124,20250829
20250829,000936,-0.0549,-0.0549,20250829
20250829,000937,-0.2073,-0.2073,20250829
20250829,000938,0.0955,0.0955,20250829
20250829,000948,-0.5589,-0.5589,20250829
20250829,000949,-0.3435,-0.3435,20250829
20250829,000950,0.0,0.0,20250829
20250829,000951,0.0,0.0,20250829
20250829,000952,-0.0122,-0.0122,20250829
20250829,000953,0.128,0.128,20250829
20250829,000955,-0.1504,-0.1504,20250829
20250829,000957,0.2724,0.2724,20250829
20250829,000958,0.0102,0.0102,20250829
20250829,000959,-0.1667,-0.1667,20250829
20250829,000960,0.0,0.0,20250829
20250829,000962,0.0386,0.0386,20250829
20250829,000963,0.3191,0.3191,20250829
20250829,000965,0.2967,0.2967,20250829
20250829,000966,-0.0041,-0.0041,20250829
20250829,000967,0.0,0.0,20250829
20250829,000968,0.0,0.0,20250829
20250829,000969,-0.1545,-0.1545,20250829
20250829,000970,0.1016,0.1016,20250829
20250829,000972,0.5346,0.5346,20250829
20250829,000973,0.0,0.0,20250829
20250829,000975,0.2093,0.2093,20250829
20250829,000977,-0.7419,-0.7419,20250829
20250829,000978,0.0,0.0,20250829
20250829,000980,0.313,0.313,20250829
20250829,000981,0.0813,0.0813,20250829
20250829,000983,-0.2114,-0.2114,20250829
20250829,000985,-0.3841,-0.3841,20250829
20250829,000987,0.1931,0.1931,20250829
20250829,000988,0.3902,0.3902,20250829
20250829,000989,-0.1402,-0.1402,20250829
20250829,000990,0.0,0.0,20250829
20250829,000993,0.0346,0.0346,20250829
20250829,000995,-0.3699,-0.3699,20250829
20250829,000997,-0.624,-0.624,20250829
20250829,000998,-0.0224,-0.0224,20250829
20250829,000999,-0.2256,-0.2256,20250829
20250829,001201,-0.4573,-0.4573,20250829
20250829,001202,0.3435,0.3435,20250829
20250829,001203,0.0996,0.0996,20250829
20250829,001205,-0.0752,-0.0752,20250829
20250829,001206,-0.3313,-0.3313,20250829
20250829,001207,-0.4085,-0.4085,20250829
20250829,001208,-0.0488,-0.0488,20250829
20250829,001209,-0.2785,-0.2785,20250829
20250829,001210,0.189,0.189,20250829
20250829,001211,0.128,0.128,20250829
20250829,001212,0.2805,0.2805,20250829
20250829,001213,0.0,0.0,20250829
20250829,001215,0.0,0.0,20250829
20250829,001216,0.065,0.065,20250829
20250829,001217,-0.2175,-0.2175,20250829
20250829,001218,-0.0874,-0.0874,20250829
20250829,001219,0.1301,0.1301,20250829
20250829,001221,-0.4472,-0.4472,20250829
20250829,001222,0.25,0.25,20250829
20250829,001223,0.2419,0.2419,20250829
20250829,001225,-0.5488,-0.5488,20250829
20250829,001226,-0.2439,-0.2439,20250829
20250829,001227,0.0,0.0,20250829
20250829,001228,-0.372,-0.372,20250829
20250829,001229,0.0,0.0,20250829
20250829,001230,0.2785,0.2785,20250829
20250829,001231,-0.4858,-0.4858,20250829
20250829,001234,-0.0163,-0.0163,20250829
20250829,001236,0.0569,0.0569,20250829
20250829,001238,0.5122,0.5122,20250829
20250829,001239,-0.2093,-0.2093,20250829
20250829,001255,0.0976,0.0976,20250829
20250829,001256,0.0,0.0,20250829
20250829,001258,-0.1362,-0.1362,20250829
20250829,001259,-0.5671,-0.5671,20250829
20250829,001260,-0.1972,-0.1972,20250829
20250829,001266,0.0,0.0,20250829
20250829,001267,-0.0711,-0.0711,20250829
20250829,001268,0.0671,0.0671,20250829
20250829,001269,-0.1524,-0.1524,20250829
20250829,001270,0.0,0.0,20250829
20250829,001277,-0.5833,-0.5833,20250829
20250829,001278,-0.4248,-0.4248,20250829
20250829,001279,0.1402,0.1402,20250829
20250829,001282,-0.0671,-0.0671,20250829
20250829,001283,-0.3313,-0.3313,20250829
20250829,001286,-0.1667,-0.1667,20250829
20250829,001287,0.0427,0.0427,20250829
20250829,001288,0.2175,0.2175,20250829
20250829,001289,0.0,0.0,20250829
20250829,001296,0.122,0.122,20250829
20250829,001298,0.1402,0.1402,20250829
20250829,001299,0.0,0.0,20250829
20250829,001300,0.0,0.0,20250829
20250829,001301,0.3923,0.3923,20250829
20250829,001306,0.0,0.0,20250829
20250829,001308,-0.1321,-0.1321,20250829
20250829,001309,-0.189,-0.189,20250829
20250829,001311,-0.5183,-0.5183,20250829
20250829,001313,-0.2663,-0.2663,20250829
20250829,001314,0.1037,0.1037,20250829
20250829,001316,0.0,0.0,20250829
20250829,001317,0.498,0.498,20250829
20250829,001318,0.0,0.0,20250829
20250829,001319,0.0102,0.0102,20250829
20250829,001322,-0.2297,-0.2297,20250829
20250829,001323,-0.4126,-0.4126,20250829
20250829,001324,-0.4959,-0.4959,20250829
20250829,001326,0.2378,0.2378,20250829
20250829,001328,0.0,0.0,20250829
20250829,001330,0.0,0.0,20250829
20250829,001331,-0.4085,-0.4085,20250829
20250829,001332,-0.3008,-0.3008,20250829
20250829,001333,-0.1728,-0.1728,20250829
20250829,001335,0.313,0.313,20250829
20250829,001336,-0.5224,-0.5224,20250829
20250829,001337,0.0,0.0,20250829
20250829,001338,-0.0285,-0.0285,20250829
20250930,000001,-0.0711,-0.0711,20250930
20250930,000002,0.0,0.0,20250930
20250930,000004,0.3659,0.3659,20250930
20250930,000006,0.2439,0.2439,20250930
20250930,000007,0.0508,0.0508,20250930
20250930,000008,0.0874,0.0874,20250930
20250930,000009,0.1606,0.1606,20250930
20250930,000010,-0.2622,-0.2622,20250930
20250930,000011,0.0122,0.0122,20250930
20250930,000012,0.0,0.0,20250930
20250930,000014,0.2663,0.2663,20250930
20250930,000016,-0.0833,-0.0833,20250930
20250930,000017,-0.1687,-0.1687,20250930
20250930,000019,-0.2622,-0.2622,20250930
20250930,000020,0.1565,0.1565,20250930
20250930,000021,0.3232,0.3232,20250930
20250930,000025,0.0,0.0,20250930
20250930,000026,-0.5833,-0.5833,20250930
20250930,000027,0.189,0.189,20250930
20250930,000028,0.0,0.0,20250930
20250930,000029,0.2093,0.2093,20250930
20250930,000030,-0.1646,-0.1646,20250930
20250930,000031,0.0224,0.0224,20250930
20250930,000032,-0.189,-0.189,20250930
20250930,000034,0.2825,0.2825,20250930
20250930,000035,0.2642,0.2642,20250930
20250930,000036,-0.0813,-0.0813,20250930
20250930,000037,-0.1626,-0.1626,20250930
20250930,000039,0.2724,0.2724,20250930
20250930,000042,-0.6504,-0.6504,20250930
20250930,000045,0.2846,0.2846,20250930
20250930,000048,0.1402,0.1402,20250930
20250930,000049,0.1138,0.1138,20250930
20250930,000050,-0.0081,-0.0081,20250930
20250930,000055,0.0407,0.0407,20250930
20250930,000056,-0.124,-0.124,20250930
20250930,000058,0.0,0.0,20250930
20250930,000059,0.0996,0.0996,20250930
20250930,000060,0.0,0.0,20250930
20250930,000061,0.1606,0.1606,20250930
20250930,000062,-0.185,-0.185,20250930
20250930,000063,0.1626,0.1626,20250930
20250930,000065,-0.1077,-0.1077,20250930
20250930,000066,0.0,0.0,20250930
20250930,000068,-0.2012,-0.2012,20250930
20250930,000069,0.2154,0.2154,20250930
20250930,000070,-0.1545,-0.1545,20250930
20250930,000078,-0.1463,-0.1463,20250930
20250930,000088,0.0894,0.0894,20250930
20250930,000089,0.0,0.0,20250930
20250930,000090,0.1972,0.1972,20250930
20250930,000096,0.0,0.0,20250930
20250930,000099,0.0,0.0,20250930
20250930,000100,-0.1728,-0.1728,20250930
20250930,000151,-0.0224,-0.0224,20250930
20250930,000153,0.0,0.0,20250930
20250930,000155,0.311,0.311,20250930
20250930,000156,-0.0467,-0.0467,20250930
20250930,000157,0.0224,0.0224,20250930
20250930,000158,-0.2785,-0.2785,20250930
20250930,000159,0.1199,0.1199,20250930
20250930,000166,-0.0732,-0.0732,20250930
20250930,000301,-0.1159,-0.1159,20250930
20250930,000333,-0.0203,-0.0203,20250930
20250930,000338,-0.4959,-0.4959,20250930
20250930,000400,0.122,0.122,20250930
20250930,000401,0.0,0.0,20250930
20250930,000402,0.0386,0.0386,20250930
20250930,000403,-0.4492,-0.4492,20250930
20250930,000404,0.0854,0.0854,20250930
20250930,000407,-0.4675,-0.4675,20250930
20250930,000408,0.0854,0.0854,20250930
20250930,000409,-0.2988,-0.2988,20250930
20250930,000410,-0.2378,-0.2378,20250930
20250930,000411,-0.1931,-0.1931,20250930
20250930,000415,0.1524,0.1524,20250930
20250930,000417,0.1118,0.1118,20250930
20250930,000419,0.0569,0.0569,20250930
20250930,000420,0.0,0.0,20250930
20250930,000421,0.0,0.0,20250930
20250930,000422,0.1341,0.1341,20250930
20250930,000423,-0.0976,-0.0976,20250930
20250930,000425,0.1159,0.1159,20250930
20250930,000426,0.1362,0.1362,20250930
20250930,000428,0.0,0.0,20250930
20250930,000429,-0.2358,-0.2358,20250930
20250930,000430,0.6504,0.6504,20250930
20250930,000488,-0.6626,-0.6626,20250930
20250930,000498,0.1585,0.1585,20250930
20250930,000501,-0.1423,-0.1423,20250930
20250930,000503,0.128,0.128,20250930
20250930,000504,0.0,0.0,20250930
20250930,000505,-0.122,-0.122,20250930
20250930,000506,0.002,0.002,20250930
20250930,000507,-0.002,-0.002,20250930
20250930,000509,-0.2541,-0.2541,20250930
20250930,000510,0.2134,0.2134,20250930
20250930,000513,-0.2114,-0.2114,20250930
20250930,000514,0.0,0.0,20250930
20250930,000516,-0.5671,-0.5671,20250930
20250930,000517,0.0589,0.0589,20250930
20250930,000518,0.0,0.0,20250930
20250930,000519,-0.6931,-0.6931,20250930
20250930,000520,-0.378,-0.378,20250930
20250930,000521,-0.0102,-0.0102,20250930
20250930,000523,0.0,0.0,20250930
20250930,000524,0.0,0.0,20250930
20250930,000525,-0.6423,-0.6423,20250930
20250930,000526,0.0,0.0,20250930
20250930,000528,-0.1606,-0.1606,20250930
20250930,000529,-0.063,-0.063,20250930
20250930,000530,-0.0488,-0.0488,20250930
20250930,000531,-0.3171,-0.3171,20250930
20250930,000532,-0.2846,-0.2846,20250930
20250930,000533,-0.6016,-0.6016,20250930
20250930,000534,-0.5,-0.5,20250930
20250930,000536,-0.6504,-0.6504,20250930
20250930,000537,0.2642,0.2642,20250930
20250930,000538,0.0569,0.0569,20250930
20250930,000539,0.0854,0.0854,20250930
20250930,000541,-0.0813,-0.0813,20250930
20250930,000543,0.0,0.0,20250930
20250930,000544,-0.2744,-0.2744,20250930
20250930,000545,-0.561,-0.561,20250930
20250930,000546,0.0041,0.0041,20250930
20250930,000547,-0.4533,-0.4533,20250930
20250930,000548,0.0386,0.0386,20250930
20250930,000550,0.124,0.124,20250930
20250930,000551,-0.1463,-0.1463,20250930
20250930,000552,0.0,0.0,20250930
20250930,000553,-0.4187,-0.4187,20250930
20250930,000554,-0.315,-0.315,20250930
20250930,000555,-0.0366,-0.0366,20250930
20250930,000557,-0.2785,-0.2785,20250930
20250930,000558,-0.1606,-0.1606,20250930
20250930,000559,0.3171,0.3171,20250930
20250930,000560,-0.0569,-0.0569,20250930
20250930,000561,-0.4776,-0.4776,20250930
20250930,000563,0.0,0.0,20250930
20250930,000564,0.1423,0.1423,20250930
20250930,000565,0.0,0.0,20250930
20250930,000566,-0.1829,-0.1829,20250930
20250930,000567,0.25,0.25,20250930
20250930,000568,0.0325,0.0325,20250930
20250930,000570,0.0,0.0,20250930
20250930,000571,0.1667,0.1667,20250930
20250930,000572,0.4695,0.4695,20250930
20250930,000573,-0.1545,-0.1545,20250930
20250930,000576,-0.4837,-0.4837,20250930
20250930,000581,0.0874,0.0874,20250930
20250930,000582,0.0,0.0,20250930
20250930,000586,0.3659,0.3659,20250930
20250930,000589,-0.1667,-0.1667,20250930
20250930,000590,0.0732,0.0732,20250930
20250930,000591,-0.0264,-0.0264,20250930
20250930,000592,0.0,0.0,20250930
20250930,000593,0.3882,0.3882,20250930
20250930,000595,-0.2297,-0.2297,20250930
20250930,000596,-0.1301,-0.1301,20250930
20250930,000597,-0.1768,-0.1768,20250930
20250930,000598,0.0,0.0,20250930
20250930,000599,-0.4797,-0.4797,20250930
20250930,000600,0.0081,0.0081,20250930
20250930,000601,-0.1423,-0.1423,20250930
20250930,000603,0.126,0.126,20250930
20250930,000605,-0.0854,-0.0854,20250930
20250930,000607,-0.2907,-0.2907,20250930
20250930,000608,0.0508,0.0508,20250930
20250930,000609,-0.4309,-0.4309,20250930
20250930,000610,-0.3313,-0.3313,20250930
20250930,000612,-0.5,-0.5,20250930
20250930,000615,0.1321,0.1321,20250930
20250930,000617,-0.5081,-0.5081,20250930
20250930,000619,0.0,0.0,20250930
20250930,000620,-0.1667,-0.1667,20250930
20250930,000623,0.5081,0.5081,20250930
20250930,000625,0.0285,0.0285,20250930
20250930,000626,0.0,0.0,20250930
20250930,000628,0.1382,0.1382,20250930
20250930,000629,0.0407,0.0407,20250930
20250930,000630,0.0,0.0,20250930
20250930,000631,0.2927,0.2927,20250930
20250930,000632,-0.0772,-0.0772,20250930
20250930,000633,-0.2866,-0.2866,20250930
20250930,000635,-0.2337,-0.2337,20250930
20250930,000636,0.1606,0.1606,20250930
20250930,000637,-0.1606,-0.1606,20250930
20250930,000638,-0.5163,-0.5163,20250930
20250930,000639,0.0407,0.0407,20250930
20250930,000650,-0.0346,-0.0346,20250930
20250930,000651,0.0,0.0,20250930
20250930,000652,-0.0772,-0.0772,20250930
20250930,000655,-0.1687,-0.1687,20250930
20250930,000656,0.0407,0.0407,20250930
20250930,000657,-0.7642,-0.7642,20250930
20250930,000659,0.4817,0.4817,20250930
20250930,000661,0.2256,0.2256,20250930
20250930,000663,-0.0305,-0.0305,20250930
20250930,000665,0.0,0.0,20250930
20250930,000668,0.0,0.0,20250930
20250930,000669,-0.252,-0.252,20250930
20250930,000670,-0.5528,-0.5528,20250930
20250930,000672,0.3476,0.3476,20250930
20250930,000676,-0.1382,-0.1382,20250930
20250930,000677,-0.4004,-0.4004,20250930
20250930,000678,-0.6606,-0.6606,20250930
20250930,000679,-0.1728,-0.1728,20250930
20250930,000680,0.0,0.0,20250930
20250930,000681,0.0,0.0,20250930
20250930,000682,0.0528,0.0528,20250930
20250930,000683,0.0,0.0,20250930
20250930,000685,0.437,0.437,20250930
20250930,000686,0.0,0.0,20250930
20250930,000688,-0.1646,-0.1646,20250930
20250930,000690,0.1138,0.1138,20250930
20250930,000691,0.4268,0.4268,20250930
20250930,000692,-0.122,-0.122,20250930
20250930,000695,-0.5346,-0.5346,20250930
20250930,000697,0.0061,0.0061,20250930
20250930,000698,-0.2581,-0.2581,20250930
20250930,000700,0.2642,0.2642,20250930
20250930,000701,0.0122,0.0122,20250930
20250930,000702,-0.0549,-0.0549,20250930
20250930,000703,0.2114,0.2114,20250930
20250930,000705,0.4207,0.4207,20250930
20250930,000707,-0.126,-0.126,20250930
20250930,000708,0.0,0.0,20250930
20250930,000709,0.0264,0.0264,20250930
20250930,000710,-0.6748,-0.6748,20250930
20250930,000711,-0.4187,-0.4187,20250930
20250930,000712,-0.3171,-0.3171,20250930
20250930,000713,-0.1545,-0.1545,20250930
20250930,000715,-0.1016,-0.1016,20250930
20250930,000716,-0.0793,-0.0793,20250930
20250930,000717,-0.4614,-0.4614,20250930
20250930,000718,0.187,0.187,20250930
20250930,000719,-0.5915,-0.5915,20250930
20250930,000720,-0.5589,-0.5589,20250930
20250930,000721,-0.0081,-0.0081,20250930
20250930,000722,0.0,0.0,20250930
20250930,000723,0.0,0.0,20250930
20250930,000725,0.0,0.0,20250930
20250930,000726,-0.3089,-0.3089,20250930
20250930,000727,0.1037,0.1037,20250930
20250930,000728,0.0142,0.0142,20250930
20250930,000729,-0.1362,-0.1362,20250930
20250930,000731,-0.3537,-0.3537,20250930
20250930,000733,-0.0264,-0.0264,20250930
20250930,000735,0.1707,0.1707,20250930
20250930,000736,-0.315,-0.315,20250930
20250930,000737,0.0183,0.0183,20250930
20250930,000738,0.0,0.0,20250930
20250930,000739,0.3963,0.3963,20250930
20250930,000750,-0.128,-0.128,20250930
20250930,000751,-0.0915,-0.0915,20250930
20250930,000752,0.0955,0.0955,20250930
20250930,000753,0.2134,0.2134,20250930
20250930,000755,0.2541,0.2541,20250930
20250930,000756,0.1159,0.1159,20250930
20250930,000757,0.0,0.0,20250930
20250930,000758,-0.2886,-0.2886,20250930
20250930,000759,0.0,0.0,20250930
20250930,000761,-0.4248,-0.4248,20250930
20250930,000762,0.1118,0.1118,20250930
20250930,000766,0.4919,0.4919,20250930
20250930,000767,-0.4207,-0.4207,20250930
20250930,000768,-0.3374,-0.3374,20250930
20250930,000776,0.1301,0.1301,20250930
20250930,000777,0.0,0.0,20250930
20250930,000778,0.0,0.0,20250930
20250930,000779,-0.0285,-0.0285,20250930
20250930,000782,0.3679,0.3679,20250930
20250930,000783,0.0061,0.0061,20250930
20250930,000785,0.0,0.0,20250930
20250930,000786,-0.2276,-0.2276,20250930
20250930,000788,-0.0041,-0.0041,20250930
20250930,000789,-0.1992,-0.1992,20250930
20250930,000790,0.0,0.0,20250930
20250930,000791,0.1667,0.1667,20250930
20250930,000792,0.0976,0.0976,20250930
20250930,000793,0.0,0.0,20250930
20250930,000795,-0.2236,-0.2236,20250930
20250930,000796,0.3699,0.3699,20250930
20250930,000797,-0.063,-0.063,20250930
20250930,000798,0.0,0.0,20250930
20250930,000799,-0.1972,-0.1972,20250930
20250930,000800,0.0,0.0,20250930
20250930,000801,-0.1992,-0.1992,20250930
20250930,000802,-0.2134,-0.2134,20250930
20250930,000803,-0.1037,-0.1037,20250930
20250930,000807,0.0711,0.0711,20250930
20250930,000809,0.0,0.0,20250930
20250930,000810,0.5935,0.5935,20250930
20250930,000811,-0.0041,-0.0041,20250930
20250930,000812,-0.0589,-0.0589,20250930
20250930,000813,0.5041,0.5041,20250930
20250930,000815,-0.4939,-0.4939,20250930
20250930,000816,-0.0915,-0.0915,20250930
20250930,000818,-0.2622,-0.2622,20250930
20250930,000819,0.0,0.0,20250930
20250930,000820,0.0691,0.0691,20250930
20250930,000821,-0.1931,-0.1931,20250930
20250930,000822,-0.2297,-0.2297,20250930
20250930,000823,0.128,0.128,20250930
20250930,000825,-0.1545,-0.1545,20250930
20250930,000826,0.2073,0.2073,20250930
20250930,000828,-0.0691,-0.0691,20250930
20250930,000829,0.0,0.0,20250930
20250930,000830,0.0854,0.0854,20250930
20250930,000831,-0.7764,-0.7764,20250930
20250930,000833,-0.2419,-0.2419,20250930
20250930,000837,0.0,0.0,20250930
20250930,000838,-0.4756,-0.4756,20250930
20250930,000839,-0.4126,-0.4126,20250930
20250930,000848,0.0,0.0,20250930
20250930,000850,0.0,0.0,20250930
20250930,000852,0.0,0.0,20250930
20250930,000856,-0.5488,-0.5488,20250930
20250930,000858,-0.128,-0.128,20250930
20250930,000859,-0.0955,-0.0955,20250930
20250930,000860,0.0,0.0,20250930
20250930,000862,-0.0467,-0.0467,20250930
20250930,000863,0.0894,0.0894,20250930
20250930,000868,-0.378,-0.378,20250930
20250930,000869,0.0,0.0,20250930
20250930,000875,0.4126,0.4126,20250930
20250930,000876,0.4898,0.4898,20250930
20250930,000877,-0.5081,-0.5081,20250930
20250930,000878,-0.0264,-0.0264,20250930
20250930,000880,-0.7053,-0.7053,20250930
20250930,000881,-0.3821,-0.3821,20250930
20250930,000882,-0.2663,-0.2663,20250930
20250930,000883,0.1768,0.1768,20250930
20250930,000885,0.0,0.0,20250930
20250930,000886,0.0793,0.0793,20250930
20250930,000887,0.2134,0.2134,20250930
20250930,000888,-0.122,-0.122,20250930
20250930,000889,0.0,0.0,20250930
20250930,000890,0.1931,0.1931,20250930
20250930,000892,0.3699,0.3699,20250930
20250930,000893,0.2317,0.2317,20250930
20250930,000895,0.2195,0.2195,20250930
20250930,000897,-0.1626,-0.1626,20250930
20250930,000898,-0.1159,-0.1159,20250930
20250930,000899,-0.3272,-0.3272,20250930
20250930,000900,0.0,0.0,20250930
20250930,000901,-0.5793,-0.5793,20250930
20250930,000902,-0.3069,-0.3069,20250930
20250930,000903,-0.1789,-0.1789,20250930
20250930,000905,-0.3272,-0.3272,20250930
20250930,000906,-0.065,-0.065,20250930
20250930,000908,0.5935,0.5935,20250930
20250930,000909,-0.3516,-0.3516,20250930
20250930,000910,0.0,0.0,20250930
20250930,000911,-0.0264,-0.0264,20250930
20250930,000912,-0.4593,-0.4593,20250930
20250930,000913,0.0,0.0,20250930
20250930,000915,-0.1138,-0.1138,20250930
20250930,000917,0.498,0.498,20250930
20250930,000919,-0.065,-0.065,20250930
20250930,000920,0.0,0.0,20250930
20250930,000921,0.4512,0.4512,20250930
20250930,000922,-0.0752,-0.0752,20250930
20250930,000923,0.1931,0.1931,20250930
20250930,000925,0.1138,0.1138,20250930
20250930,000926,-0.6159,-0.6159,20250930
20250930,000927,-0.2622,-0.2622,20250930
20250930,000928,0.0,0.0,20250930
20250930,000929,0.0,0.0,20250930
20250930,000930,-0.1301,-0.1301,20250930
20250930,000931,0.2825,0.2825,20250930
20250930,000932,0.124,0.124,20250930
20250930,000933,0.0,0.0,20250930
20250930,000935,0.2907,0.2907,20250930
20250930,000936,-0.3049,-0.3049,20250930
20250930,000937,-0.0833,-0.0833,20250930
20250930,000938,0.3293,0.3293,20250930
20250930,000948,0.0,0.0,20250930
20250930,000949,0.4065,0.4065,20250930
20250930,000950,0.0386,0.0386,20250930
20250930,000951,-0.128,-0.128,20250930
20250930,000952,-0.063,-0.063,20250930
20250930,000953,0.1077,0.1077,20250930
20250930,000955,0.252,0.252,20250930
20250930,000957,-0.2927,-0.2927,20250930
20250930,000958,0.0,0.0,20250930
20250930,000959,0.0,0.0,20250930
20250930,000960,0.0,0.0,20250930
20250930,000962,0.1077,0.1077,20250930
20250930,000963,-0.1972,-0.1972,20250930
20250930,000965,-0.3963,-0.3963,20250930
20250930,000966,-0.2215,-0.2215,20250930
20250930,000967,0.0833,0.0833,20250930
20250930,000968,0.0,0.0,20250930
20250930,000969,-0.3313,-0.3313,20250930
20250930,000970,0.0,0.0,20250930
20250930,000972,-0.189,-0.189,20250930
20250930,000973,0.3577,0.3577,20250930
20250930,000975,0.0,0.0,20250930
20250930,000977,-0.4878,-0.4878,20250930
20250930,000978,0.0,0.0,20250930
20250930,000980,0.2967,0.2967,20250930
20250930,000981,0.315,0.315,20250930
20250930,000983,-0.065,-0.065,20250930
20250930,000985,0.1972,0.1972,20250930
20250930,000987,0.0854,0.0854,20250930
20250930,000988,0.2602,0.2602,20250930
20250930,000989,-0.1565,-0.1565,20250930
20250930,000990,-0.4512,-0.4512,20250930
20250930,000993,-0.2744,-0.2744,20250930
20250930,000995,0.1179,0.1179,20250930
20250930,000997,0.2358,0.2358,20250930
20250930,000998,0.0,0.0,20250930
20250930,000999,-0.0264,-0.0264,20250930
20250930,001201,0.0,0.0,20250930
20250930,001202,0.1402,0.1402,20250930
20250930,001203,0.1037,0.1037,20250930
20250930,001205,0.1138,0.1138,20250930
20250930,001206,0.0,0.0,20250930
20250930,001207,0.0203,0.0203,20250930
20250930,001208,-0.0854,-0.0854,20250930
20250930,001209,0.0,0.0,20250930
20250930,001210,0.3801,0.3801,20250930
20250930,001211,0.0407,0.0407,20250930
20250930,001212,0.5203,0.5203,20250930
20250930,001213,0.0,0.0,20250930
20250930,001215,0.7866,0.7866,20250930
20250930,001216,-0.1423,-0.1423,20250930
20250930,001217,0.1585,0.1585,20250930
20250930,001218,0.1646,0.1646,20250930
20250930,001219,0.065,0.065,20250930
20250930,001221,0.3171,0.3171,20250930
20250930,001222,-0.1423,-0.1423,20250930
20250930,001223,0.0,0.0,20250930
20250930,001225,0.252,0.252,20250930
20250930,001226,0.1199,0.1199,20250930
20250930,001227,0.0,0.0,20250930
20250930,001228,0.0,0.0,20250930
20250930,001229,-0.0163,-0.0163,20250930
20250930,001230,-0.1809,-0.1809,20250930
20250930,001231,0.0,0.0,20250930
20250930,001234,0.2378,0.2378,20250930
20250930,001236,-0.4289,-0.4289,20250930
20250930,001238,0.1321,0.1321,20250930
20250930,001239,-0.2195,-0.2195,20250930
20250930,001255,-0.2439,-0.2439,20250930
20250930,001256,0.0,0.0,20250930
20250930,001258,0.2459,0.2459,20250930
20250930,001259,0.4126,0.4126,20250930
20250930,001260,-0.0488,-0.0488,20250930
20250930,001266,0.0,0.0,20250930
20250930,001267,0.3699,0.3699,20250930
20250930,001268,-0.2236,-0.2236,20250930
20250930,001269,0.061,0.061,20250930
20250930,001270,-0.7378,-0.7378,20250930
20250930,001277,-0.5955,-0.5955,20250930
20250930,001278,0.0,0.0,20250930
20250930,001279,0.0,0.0,20250930
20250930,001282,0.0752,0.0752,20250930
20250930,001283,0.0041,0.0041,20250930
20250930,001286,-0.0163,-0.0163,20250930
20250930,001287,0.1199,0.1199,20250930
20250930,001288,0.1606,0.1606,20250930
20250930,001289,0.2927,0.2927,20250930
20250930,001296,-0.2561,-0.2561,20250930
20250930,001298,0.1667,0.1667,20250930
20250930,001299,-0.2541,-0.2541,20250930
20250930,001300,0.6911,0.6911,20250930
20250930,001301,0.1809,0.1809,20250930
20250930,001306,0.2581,0.2581,20250930
20250930,001308,-0.122,-0.122,20250930
20250930,001309,0.0,0.0,20250930
20250930,001311,0.2337,0.2337,20250930
20250930,001313,0.0,0.0,20250930
20250930,001314,-0.5081,-0.5081,20250930
20250930,001316,0.0,0.0,20250930
20250930,001317,0.0894,0.0894,20250930
20250930,001318,0.0,0.0,20250930
20250930,001319,-0.376,-0.376,20250930
20250930,001322,-0.2439,-0.2439,20250930
20250930,001323,-0.3049,-0.3049,20250930
20250930,001324,-0.0874,-0.0874,20250930
20250930,001326,0.1667,0.1667,20250930
20250930,001328,0.0,0.0,20250930
20250930,001330,0.378,0.378,20250930
20250930,001331,0.4329,0.4329,20250930
20250930,001332,0.2886,0.2886,20250930
20250930,001333,0.3557,0.3557,20250930
20250930,001335,-0.2215,-0.2215,20250930
20250930,001336,0.0976,0.0976,20250930
20250930,001337,-0.0691,-0.0691,20250930
20250930,001338,-0.3272,-0.3272,20250930
20251031,000001,-0.1057,-0.1057,20251031
20251031,000002,-0.2073,-0.2073,20251031
20251031,000004,0.685,0.685,20251031
20251031,000006,0.3638,0.3638,20251031
20251031,000007,0.4289,0.4289,20251031
20251031,000008,0.0732,0.0732,20251031
20251031,000009,-0.4248,-0.4248,20251031
20251031,000010,-0.4106,-0.4106,20251031
20251031,000011,0.1606,0.1606,20251031
20251031,000012,0.0,0.0,20251031
20251031,000014,-0.2195,-0.2195,20251031
20251031,000016,0.0976,0.0976,20251031
20251031,000017,0.0,0.0,20251031
20251031,000019,0.187,0.187,20251031
20251031,000020,-0.0508,-0.0508,20251031
20251031,000021,0.6321,0.6321,20251031
20251031,000025,-0.1951,-0.1951,20251031
20251031,000026,-0.2175,-0.2175,20251031
20251031,000027,0.0,0.0,20251031
20251031,000028,0.0,0.0,20251031
20251031,000029,-0.435,-0.435,20251031
20251031,000030,-0.2622,-0.2622,20251031
20251031,000031,-0.2114,-0.2114,20251031
20251031,000032,-0.3902,-0.3902,20251031
20251031,000034,-0.1606,-0.1606,20251031
20251031,000035,0.3537,0.3537,20251031
20251031,000036,-0.2602,-0.2602,20251031
20251031,000037,-0.1687,-0.1687,20251031
20251031,000039,-0.0488,-0.0488,20251031
20251031,000042,0.0,0.0,20251031
20251031,000045,0.5996,0.5996,20251031
20251031,000048,-0.3801,-0.3801,20251031
20251031,000049,0.0935,0.0935,20251031
20251031,000050,-0.0711,-0.0711,20251031
20251031,000055,0.0,0.0,20251031
20251031,000056,-0.4939,-0.4939,20251031
20251031,000058,0.0,0.0,20251031
20251031,000059,-0.4959,-0.4959,20251031
20251031,000060,-0.2053,-0.2053,20251031
20251031,000061,0.0,0.0,20251031
20251031,000062,-0.0894,-0.0894,20251031
20251031,000063,-0.2195,-0.2195,20251031
20251031,000065,0.1423,0.1423,20251031
20251031,000066,0.0,0.0,20251031
20251031,000068,0.2154,0.2154,20251031
20251031,000069,-0.1748,-0.1748,20251031
20251031,000070,-0.2012,-0.2012,20251031
20251031,000078,0.0407,0.0407,20251031
20251031,000088,-0.063,-0.063,20251031
20251031,000089,0.0,0.0,20251031
20251031,000090,0.2053,0.2053,20251031
20251031,000096,-0.0081,-0.0081,20251031
20251031,000099,0.0,0.0,20251031
20251031,000100,-0.0305,-0.0305,20251031
20251031,000151,-0.1504,-0.1504,20251031
20251031,000153,-0.0671,-0.0671,20251031
20251031,000155,0.4512,0.4512,20251031
20251031,000156,-0.0224,-0.0224,20251031
20251031,000157,0.1423,0.1423,20251031
20251031,000158,-0.0041,-0.0041,20251031
20251031,000159,0.3028,0.3028,20251031
20251031,000166,0.0,0.0,20251031
20251031,000301,0.2419,0.2419,20251031
20251031,000333,0.2785,0.2785,20251031
20251031,000338,0.1341,0.1341,20251031
20251031,000400,0.1626,0.1626,20251031
20251031,000401,-0.0061,-0.0061,20251031
20251031,000402,0.1463,0.1463,20251031
20251031,000403,-0.6667,-0.6667,20251031
20251031,000404,0.0,0.0,20251031
20251031,000407,-0.122,-0.122,20251031
20251031,000408,0.0,0.0,20251031
20251031,000409,0.0305,0.0305,20251031
20251031,000410,0.0,0.0,20251031
20251031,000411,-0.0569,-0.0569,20251031
20251031,000415,-0.0508,-0.0508,20251031
20251031,000417,0.3293,0.3293,20251031
20251031,000419,0.0833,0.0833,20251031
20251031,000420,-0.0325,-0.0325,20251031
20251031,000421,0.0935,0.0935,20251031
20251031,000422,-0.0244,-0.0244,20251031
20251031,000423,-0.1951,-0.1951,20251031
20251031,000425,0.0,0.0,20251031
20251031,000426,0.0447,0.0447,20251031
20251031,000428,0.0,0.0,20251031
20251031,000429,0.0244,0.0244,20251031
20251031,000430,0.2093,0.2093,20251031
20251031,000488,-0.5874,-0.5874,20251031
20251031,000498,0.0,0.0,20251031
20251031,000501,-0.128,-0.128,20251031
20251031,000503,-0.0305,-0.0305,20251031
20251031,000504,0.0,0.0,20251031
20251031,000505,0.1057,0.1057,20251031
20251031,000506,0.4451,0.4451,20251031
20251031,000507,0.0,0.0,20251031
20251031,000509,0.5752,0.5752,20251031
20251031,000510,-0.1626,-0.1626,20251031
20251031,000513,-0.3943,-0.3943,20251031
20251031,000514,-0.5386,-0.5386,20251031
20251031,000516,-0.2947,-0.2947,20251031
20251031,000517,-0.4329,-0.4329,20251031
20251031,000518,0.0,0.0,20251031
20251031,000519,0.0325,0.0325,20251031
20251031,000520,-0.3537,-0.3537,20251031
20251031,000521,-0.1362,-0.1362,20251031
20251031,000523,-0.1321,-0.1321,20251031
20251031,000524,0.3313,0.3313,20251031
20251031,000525,-0.2785,-0.2785,20251031
20251031,000526,-0.4553,-0.4553,20251031
20251031,000528,0.2927,0.2927,20251031
20251031,000529,-0.2947,-0.2947,20251031
20251031,000530,0.0224,0.0224,20251031
20251031,000531,0.2439,0.2439,20251031
20251031,000532,-0.1606,-0.1606,20251031
20251031,000533,-0.1301,-0.1301,20251031
20251031,000534,0.0813,0.0813,20251031
20251031,000536,0.3272,0.3272,20251031
20251031,000537,-0.2866,-0.2866,20251031
20251031,000538,-0.2683,-0.2683,20251031
20251031,000539,-0.2541,-0.2541,20251031
20251031,000541,-0.0813,-0.0813,20251031
20251031,000543,0.2175,0.2175,20251031
20251031,000544,0.0793,0.0793,20251031
20251031,000545,0.0,0.0,20251031
20251031,000546,0.1321,0.1321,20251031
20251031,000547,0.4959,0.4959,20251031
20251031,000548,0.002,0.002,20251031
20251031,000550,-0.4411,-0.4411,20251031
20251031,000551,-0.3293,-0.3293,20251031
20251031,000552,0.0,0.0,20251031
20251031,000553,-0.3557,-0.3557,20251031
20251031,000554,0.0,0.0,20251031
20251031,000555,0.7561,0.7561,20251031
20251031,000557,0.0,0.0,20251031
20251031,000558,-0.124,-0.124,20251031
20251031,000559,0.2927,0.2927,20251031
20251031,000560,-0.6992,-0.6992,20251031
20251031,000561,-0.0711,-0.0711,20251031
20251031,000563,0.0,0.0,20251031
20251031,000564,-0.0976,-0.0976,20251031
20251031,000565,0.0,0.0,20251031
20251031,000566,0.3232,0.3232,20251031
20251031,000567,0.4776,0.4776,20251031
20251031,000568,0.185,0.185,20251031
20251031,000570,-0.3333,-0.3333,20251031
20251031,000571,-0.0976,-0.0976,20251031
20251031,000572,0.4146,0.4146,20251031
20251031,000573,0.0,0.0,20251031
20251031,000576,0.0041,0.0041,20251031
20251031,000581,-0.437,-0.437,20251031
20251031,000582,0.0,0.0,20251031
20251031,000586,0.0,0.0,20251031
20251031,000589,0.2195,0.2195,20251031
20251031,000590,0.1789,0.1789,20251031
20251031,000591,-0.0244,-0.0244,20251031
20251031,000592,0.0,0.0,20251031
20251031,000593,0.2195,0.2195,20251031
20251031,000595,0.3008,0.3008,20251031
20251031,000596,0.1809,0.1809,20251031
20251031,000597,0.0508,0.0508,20251031
20251031,000598,-0.0285,-0.0285,20251031
20251031,000599,0.2907,0.2907,20251031
20251031,000600,0.2988,0.2988,20251031
20251031,000601,-0.0325,-0.0325,20251031
20251031,000603,-0.2419,-0.2419,20251031
20251031,000605,0.0,0.0,20251031
20251031,000607,-0.1972,-0.1972,20251031
20251031,000608,0.2276,0.2276,20251031
20251031,000609,0.376,0.376,20251031
20251031,000610,-0.3313,-0.3313,20251031
20251031,000612,0.0041,0.0041,20251031
20251031,000615,0.2581,0.2581,20251031
20251031,000617,-0.0447,-0.0447,20251031
20251031,000619,0.2846,0.2846,20251031
20251031,000620,0.7236,0.7236,20251031
20251031,000623,0.3313,0.3313,20251031
20251031,000625,-0.0305,-0.0305,20251031
20251031,000626,0.3272,0.3272,20251031
20251031,000628,-0.3821,-0.3821,20251031
20251031,000629,-0.1748,-0.1748,20251031
20251031,000630,0.0,0.0,20251031
20251031,000631,-0.3211,-0.3211,20251031
20251031,000632,0.0894,0.0894,20251031
20251031,000633,-0.3008,-0.3008,20251031
20251031,000635,0.0285,0.0285,20251031
20251031,000636,0.5671,0.5671,20251031
20251031,000637,0.1545,0.1545,20251031
20251031,000638,0.4654,0.4654,20251031
20251031,000639,0.0163,0.0163,20251031
20251031,000650,-0.1585,-0.1585,20251031
20251031,000651,0.0305,0.0305,20251031
20251031,000652,-0.1931,-0.1931,20251031
20251031,000655,0.3354,0.3354,20251031
20251031,000656,0.0386,0.0386,20251031
20251031,000657,0.0813,0.0813,20251031
20251031,000659,-0.1972,-0.1972,20251031
20251031,000661,-0.7093,-0.7093,20251031
20251031,000663,-0.1199,-0.1199,20251031
20251031,000665,-0.002,-0.002,20251031
20251031,000668,0.0,0.0,20251031
20251031,000669,-0.4329,-0.4329,20251031
20251031,000670,-0.1138,-0.1138,20251031
20251031,000672,0.6606,0.6606,20251031
20251031,000676,-0.624,-0.624,20251031
20251031,000677,-0.0813,-0.0813,20251031
20251031,000678,-0.4411,-0.4411,20251031
20251031,000679,0.372,0.372,20251031
20251031,000680,0.3862,0.3862,20251031
20251031,000681,0.0,0.0,20251031
20251031,000682,-0.3272,-0.3272,20251031
20251031,000683,0.0955,0.0955,20251031
20251031,000685,0.1768,0.1768,20251031
20251031,000686,0.1341,0.1341,20251031
20251031,000688,0.1484,0.1484,20251031
20251031,000690,-0.2134,-0.2134,20251031
20251031,000691,0.1362,0.1362,20251031
20251031,000692,0.0,0.0,20251031
20251031,000695,-0.1423,-0.1423,20251031
20251031,000697,-0.0894,-0.0894,20251031
20251031,000698,-0.5976,-0.5976,20251031
20251031,000700,-0.5711,-0.5711,20251031
20251031,000701,0.0,0.0,20251031
20251031,000702,0.0305,0.0305,20251031
20251031,000703,0.4573,0.4573,20251031
20251031,000705,-0.2419,-0.2419,20251031
20251031,000707,-0.2134,-0.2134,20251031
20251031,000708,0.0,0.0,20251031
20251031,000709,0.0,0.0,20251031
20251031,000710,-0.1504,-0.1504,20251031
20251031,000711,-0.311,-0.311,20251031
20251031,000712,-0.4207,-0.4207,20251031
20251031,000713,0.0,0.0,20251031
20251031,000715,0.0,0.0,20251031
20251031,000716,-0.2033,-0.2033,20251031
20251031,000717,-0.2947,-0.2947,20251031
20251031,000718,-0.3923,-0.3923,20251031
20251031,000719,-0.3882,-0.3882,20251031
20251031,000720,-0.0244,-0.0244,20251031
20251031,000721,-0.1301,-0.1301,20251031
20251031,000722,-0.0041,-0.0041,20251031
20251031,000723,0.0,0.0,20251031
20251031,000725,0.0081,0.0081,20251031
20251031,000726,0.0,0.0,20251031
20251031,000727,-0.1301,-0.1301,20251031
20251031,000728,-0.4146,-0.4146,20251031
20251031,000729,-0.5447,-0.5447,20251031
20251031,000731,-0.248,-0.248,20251031
20251031,000733,0.3171,0.3171,20251031
20251031,000735,0.3699,0.3699,20251031
20251031,000736,0.6646,0.6646,20251031
20251031,000737,-0.1992,-0.1992,20251031
20251031,000738,0.0,0.0,20251031
20251031,000739,-0.4248,-0.4248,20251031
20251031,000750,-0.1829,-0.1829,20251031
20251031,000751,0.0,0.0,20251031
20251031,000752,-0.3354,-0.3354,20251031
20251031,000753,0.2175,0.2175,20251031
20251031,000755,0.0,0.0,20251031
20251031,000756,-0.2663,-0.2663,20251031
20251031,000757,0.0,0.0,20251031
20251031,000758,-0.1341,-0.1341,20251031
20251031,000759,0.0,0.0,20251031
20251031,000761,-0.061,-0.061,20251031
20251031,000762,0.0,0.0,20251031
20251031,000766,-0.0752,-0.0752,20251031
20251031,000767,-0.2053,-0.2053,20251031
20251031,000768,0.3374,0.3374,20251031
20251031,000776,0.0813,0.0813,20251031
20251031,000777,0.0,0.0,20251031
20251031,000778,0.0,0.0,20251031
20251031,000779,-0.1626,-0.1626,20251031
20251031,000782,-0.0427,-0.0427,20251031
20251031,000783,0.1789,0.1789,20251031
20251031,000785,-0.2907,-0.2907,20251031
20251031,000786,-0.1748,-0.1748,20251031
20251031,000788,-0.374,-0.374,20251031
20251031,000789,0.0549,0.0549,20251031
20251031,000790,0.0467,0.0467,20251031
20251031,000791,0.1707,0.1707,20251031
20251031,000792,0.2683,0.2683,20251031
20251031,000793,0.0,0.0,20251031
20251031,000795,-0.0163,-0.0163,20251031
20251031,000796,0.0,0.0,20251031
20251031,000797,0.5467,0.5467,20251031
20251031,000798,0.0,0.0,20251031
20251031,000799,-0.252,-0.252,20251031
20251031,000800,0.0,0.0,20251031
20251031,000801,-0.25,-0.25,20251031
20251031,000802,0.0,0.0,20251031
20251031,000803,-0.2154,-0.2154,20251031
20251031,000807,-0.0447,-0.0447,20251031
20251031,000809,0.3963,0.3963,20251031
20251031,000810,-0.2419,-0.2419,20251031
20251031,000811,-0.1931,-0.1931,20251031
20251031,000812,-0.1972,-0.1972,20251031
20251031,000813,0.0833,0.0833,20251031
20251031,000815,-0.0264,-0.0264,20251031
20251031,000816,0.0,0.0,20251031
20251031,000818,-0.6159,-0.6159,20251031
20251031,000819,0.0,0.0,20251031
20251031,000820,0.0,0.0,20251031
20251031,000821,-0.2541,-0.2541,20251031
20251031,000822,-0.2825,-0.2825,20251031
20251031,000823,-0.1341,-0.1341,20251031
20251031,000825,-0.1057,-0.1057,20251031
20251031,000826,0.1951,0.1951,20251031
20251031,000828,-0.0183,-0.0183,20251031
20251031,000829,0.0,0.0,20251031
20251031,000830,-0.502,-0.502,20251031
20251031,000831,-0.3293,-0.3293,20251031
20251031,000833,0.189,0.189,20251031
20251031,000837,-0.5894,-0.5894,20251031
20251031,000838,0.1443,0.1443,20251031
20251031,000839,-0.3618,-0.3618,20251031
20251031,000848,0.0,0.0,20251031
20251031,000850,-0.0549,-0.0549,20251031
20251031,000852,0.0,0.0,20251031
20251031,000856,0.0,0.0,20251031
20251031,000858,-0.1748,-0.1748,20251031
20251031,000859,-0.5325,-0.5325,20251031
20251031,000860,0.0,0.0,20251031
20251031,000862,0.3293,0.3293,20251031
20251031,000863,-0.0081,-0.0081,20251031
20251031,000868,-0.3008,-0.3008,20251031
20251031,000869,0.0,0.0,20251031
20251031,000875,-0.248,-0.248,20251031
20251031,000876,-0.0427,-0.0427,20251031
20251031,000877,0.0,0.0,20251031
20251031,000878,0.0061,0.0061,20251031
20251031,000880,-0.4553,-0.4553,20251031
20251031,000881,0.0874,0.0874,20251031
20251031,000882,-0.3618,-0.3618,20251031
20251031,000883,0.0,0.0,20251031
20251031,000885,0.0,0.0,20251031
20251031,000886,0.2581,0.2581,20251031
20251031,000887,-0.5833,-0.5833,20251031
20251031,000888,-0.0732,-0.0732,20251031
20251031,000889,0.5,0.5,20251031
20251031,000890,-0.2886,-0.2886,20251031
20251031,000892,0.6341,0.6341,20251031
20251031,000893,0.0894,0.0894,20251031
20251031,000895,0.0,0.0,20251031
20251031,000897,-0.2093,-0.2093,20251031
20251031,000898,0.0427,0.0427,20251031
20251031,000899,0.2297,0.2297,20251031
20251031,000900,-0.1057,-0.1057,20251031
20251031,000901,0.2988,0.2988,20251031
20251031,000902,0.1118,0.1118,20251031
20251031,000903,-0.0264,-0.0264,20251031
20251031,000905,0.4268,0.4268,20251031
20251031,000906,-0.3191,-0.3191,20251031
20251031,000908,0.4634,0.4634,20251031
20251031,000909,0.0122,0.0122,20251031
20251031,000910,0.0,0.0,20251031
20251031,000911,0.1138,0.1138,20251031
20251031,000912,-0.2012,-0.2012,20251031
20251031,000913,0.0,0.0,20251031
20251031,000915,0.2256,0.2256,20251031
20251031,000917,0.2358,0.2358,20251031
20251031,000919,0.0813,0.0813,20251031
20251031,000920,0.0,0.0,20251031
20251031,000921,-0.2195,-0.2195,20251031
20251031,000922,0.2805,0.2805,20251031
20251031,000923,0.3435,0.3435,20251031
20251031,000925,-0.2297,-0.2297,20251031
20251031,000926,-0.4553,-0.4553,20251031
20251031,000927,-0.2967,-0.2967,20251031
20251031,000928,0.1179,0.1179,20251031
20251031,000929,0.126,0.126,20251031
20251031,000930,-0.189,-0.189,20251031
20251031,000931,-0.0935,-0.0935,20251031
20251031,000932,-0.563,-0.563,20251031
20251031,000933,0.0,0.0,20251031
20251031,000935,-0.2236,-0.2236,20251031
20251031,000936,0.0,0.0,20251031
20251031,000937,0.0163,0.0163,20251031
20251031,000938,-0.0935,-0.0935,20251031
20251031,000948,0.0,0.0,20251031
20251031,000949,0.4675,0.4675,20251031
20251031,000950,0.2785,0.2785,20251031
20251031,000951,0.1382,0.1382,20251031
20251031,000952,0.3313,0.3313,20251031
20251031,000953,0.0,0.0,20251031
20251031,000955,0.1728,0.1728,20251031
20251031,000957,0.1829,0.1829,20251031
20251031,000958,-0.189,-0.189,20251031
20251031,000959,-0.0244,-0.0244,20251031
20251031,000960,-0.0081,-0.0081,20251031
20251031,000962,0.061,0.061,20251031
20251031,000963,-0.2744,-0.2744,20251031
20251031,000965,0.0915,0.0915,20251031
20251031,000966,-0.1423,-0.1423,20251031
20251031,000967,-0.3841,-0.3841,20251031
20251031,000968,0.0,0.0,20251031
20251031,000969,0.0935,0.0935,20251031
20251031,000970,0.0,0.0,20251031
20251031,000972,-0.2988,-0.2988,20251031
20251031,000973,0.0772,0.0772,20251031
20251031,000975,0.0,0.0,20251031
20251031,000977,-0.0732,-0.0732,20251031
20251031,000978,0.0,0.0,20251031
20251031,000980,0.2439,0.2439,20251031
20251031,000981,0.2358,0.2358,20251031
20251031,000983,-0.0833,-0.0833,20251031
20251031,000985,0.0671,0.0671,20251031
20251031,000987,0.3476,0.3476,20251031
20251031,000988,-0.4675,-0.4675,20251031
20251031,000989,-0.128,-0.128,20251031
20251031,000990,-0.0122,-0.0122,20251031
20251031,000993,0.1951,0.1951,20251031
20251031,000995,-0.2195,-0.2195,20251031
20251031,000997,0.0224,0.0224,20251031
20251031,000998,-0.0244,-0.0244,20251031
20251031,000999,0.0,0.0,20251031
20251031,001201,-0.3089,-0.3089,20251031
20251031,001202,0.0,0.0,20251031
20251031,001203,0.3943,0.3943,20251031
20251031,001205,0.0,0.0,20251031
20251031,001206,0.0,0.0,20251031
20251031,001207,-0.3902,-0.3902,20251031
20251031,001208,-0.498,-0.498,20251031
20251031,001209,0.2093,0.2093,20251031
20251031,001210,-0.3008,-0.3008,20251031
20251031,001211,-0.0447,-0.0447,20251031
20251031,001212,-0.3821,-0.3821,20251031
20251031,001213,0.1037,0.1037,20251031
20251031,001215,-0.2744,-0.2744,20251031
20251031,001216,-0.0081,-0.0081,20251031
20251031,001217,0.2337,0.2337,20251031
20251031,001218,0.252,0.252,20251031
20251031,001219,0.0264,0.0264,20251031
20251031,001221,-0.1463,-0.1463,20251031
20251031,001222,0.0366,0.0366,20251031
20251031,001223,0.2744,0.2744,20251031
20251031,001225,0.4797,0.4797,20251031
20251031,001226,-0.3659,-0.3659,20251031
20251031,001227,0.0,0.0,20251031
20251031,001228,0.1321,0.1321,20251031
20251031,001229,0.7866,0.7866,20251031
20251031,001230,-0.374,-0.374,20251031
20251031,001231,0.1687,0.1687,20251031
20251031,001234,-0.4492,-0.4492,20251031
20251031,001236,0.002,0.002,20251031
20251031,001238,0.0122,0.0122,20251031
20251031,001239,-0.0081,-0.0081,20251031
20251031,001255,0.0305,0.0305,20251031
20251031,001256,0.0,0.0,20251031
20251031,001258,0.378,0.378,20251031
20251031,001259,0.5122,0.5122,20251031
20251031,001260,0.0,0.0,20251031
20251031,001266,0.0,0.0,20251031
20251031,001267,0.0671,0.0671,20251031
20251031,001268,-0.6301,-0.6301,20251031
20251031,001269,0.1098,0.1098,20251031
20251031,001270,-0.2236,-0.2236,20251031
20251031,001277,-0.0102,-0.0102,20251031
20251031,001278,-0.0183,-0.0183,20251031
20251031,001279,-0.2703,-0.2703,20251031
20251031,001282,0.189,0.189,20251031
20251031,001283,-0.2947,-0.2947,20251031
20251031,001286,0.1037,0.1037,20251031
20251031,001287,0.7805,0.7805,20251031
20251031,001288,0.3841,0.3841,20251031
20251031,001289,-0.1748,-0.1748,20251031
20251031,001296,0.1382,0.1382,20251031
20251031,001298,-0.063,-0.063,20251031
20251031,001299,-0.1077,-0.1077,20251031
20251031,001300,0.0,0.0,20251031
20251031,001301,0.4614,0.4614,20251031
20251031,001306,-0.6951,-0.6951,20251031
20251031,001308,-0.1037,-0.1037,20251031
20251031,001309,0.0,0.0,20251031
20251031,001311,-0.5915,-0.5915,20251031
20251031,001313,0.0,0.0,20251031
20251031,001314,0.0,0.0,20251031
20251031,001316,0.0,0.0,20251031
20251031,001317,-0.2093,-0.2093,20251031
20251031,001318,0.0,0.0,20251031
20251031,001319,-0.3455,-0.3455,20251031
20251031,001322,0.2378,0.2378,20251031
20251031,001323,0.0325,0.0325,20251031
20251031,001324,0.0,0.0,20251031
20251031,001326,0.0,0.0,20251031
20251031,001328,0.0,0.0,20251031
20251031,001330,0.439,0.439,20251031
20251031,001331,0.0772,0.0772,20251031
20251031,001332,-0.2114,-0.2114,20251031
20251031,001333,0.187,0.187,20251031
20251031,001335,-0.3476,-0.3476,20251031
20251031,001336,0.3963,0.3963,20251031
20251031,001337,-0.1545,-0.1545,20251031
20251031,001338,0.0,0.0,20251031
20251128,000001,0.0,0.0,20251128
20251128,000002,-0.7525,-0.7525,20251128
20251128,000004,0.0,0.0,20251128
20251128,000006,-0.6876,-0.6876,20251128
20251128,000007,0.0872,0.0872,20251128
20251128,000008,0.0,0.0,20251128
20251128,000009,-0.2312,-0.2312,20251128
20251128,000010,0.0588,0.0588,20251128
20251128,000011,-0.8053,-0.8053,20251128
20251128,000012,0.0,0.0,20251128
20251128,000014,-0.7546,-0.7546,20251128
20251128,000016,-0.3022,-0.3022,20251128
20251128,000017,0.0751,0.0751,20251128
20251128,000019,0.2292,0.2292,20251128
20251128,000020,0.6592,0.6592,20251128
20251128,000021,-0.2028,-0.2028,20251128
20251128,000025,0.0,0.0,20251128
20251128,000026,-0.6552,-0.6552,20251128
20251128,000027,-0.0527,-0.0527,20251128
20251128,000028,-0.07,-0.07,20251128
20251128,000029,-0.6998,-0.6998,20251128
20251128,000030,-0.0568,-0.0568,20251128
20251128,000031,0.0142,0.0142,20251128
20251128,000032,-0.2698,-0.2698,20251128
20251128,000034,-0.1684,-0.1684,20251128
20251128,000035,-0.0548,-0.0548,20251128
20251128,000036,-0.0162,-0.0162,20251128
20251128,000037,0.3854,0.3854,20251128
20251128,000039,0.0811,0.0811,20251128
20251128,000042,-0.1055,-0.1055,20251128
20251128,000045,-0.0913,-0.0913,20251128
20251128,000048,-0.4361,-0.4361,20251128
20251128,000049,0.0203,0.0203,20251128
20251128,000050,-0.0811,-0.0811,20251128
20251128,000055,-0.2373,-0.2373,20251128
20251128,000056,-0.2069,-0.2069,20251128
20251128,000058,0.0,0.0,20251128
20251128,000059,0.1055,0.1055,20251128
20251128,000060,-0.6978,-0.6978,20251128
20251128,000061,0.4381,0.4381,20251128
20251128,000062,-0.1014,-0.1014,20251128
20251128,000063,-0.1349,-0.1349,20251128
20251128,000065,0.2759,0.2759,20251128
20251128,000066,-0.0791,-0.0791,20251128
20251128,000068,0.1684,0.1684,20251128
20251128,000069,0.1095,0.1095,20251128
20251128,000070,0.4797,0.4797,20251128
20251128,000078,0.4675,0.4675,20251128
20251128,000088,-0.1765,-0.1765,20251128
20251128,000089,0.0,0.0,20251128
20251128,000090,0.1765,0.1765,20251128
20251128,000096,-0.3266,-0.3266,20251128
20251128,000099,0.0,0.0,20251128
20251128,000100,0.0,0.0,20251128
20251128,000151,0.0,0.0,20251128
20251128,000153,-0.1095,-0.1095,20251128
20251128,000155,0.2272,0.2272,20251128
20251128,000156,-0.2069,-0.2069,20251128
20251128,000157,0.1055,0.1055,20251128
20251128,000158,-0.0629,-0.0629,20251128
20251128,000159,0.0203,0.0203,20251128
20251128,000166,0.0223,0.0223,20251128
20251128,000301,0.2759,0.2759,20251128
20251128,000333,0.1075,0.1075,20251128
20251128,000338,0.4645,0.4645,20251128
20251128,000400,0.1136,0.1136,20251128
20251128,000401,-0.0669,-0.0669,20251128
20251128,000402,-0.5294,-0.5294,20251128
20251128,000403,-0.432,-0.432,20251128
20251128,000404,-0.288,-0.288,20251128
20251128,000407,0.3529,0.3529,20251128
20251128,000408,-0.0203,-0.0203,20251128
20251128,000409,0.5112,0.5112,20251128
20251128,000410,0.0,0.0,20251128
20251128,000411,0.3418,0.3418,20251128
20251128,000415,0.284,0.284,20251128
20251128,000417,0.069,0.069,20251128
20251128,000419,0.073,0.073,20251128
20251128,000420,-0.1481,-0.1481,20251128
20251128,000421,0.0588,0.0588,20251128
20251128,000422,0.1643,0.1643,20251128
20251128,000423,0.1197,0.1197,20251128
20251128,000425,0.0,0.0,20251128
20251128,000426,0.0101,0.0101,20251128
20251128,000428,0.0,0.0,20251128
20251128,000429,0.0243,0.0243,20251128
20251128,000430,0.0,0.0,20251128
20251128,000488,0.0,0.0,20251128
20251128,000498,-0.1988,-0.1988,20251128
20251128,000501,-0.1359,-0.1359,20251128
20251128,000503,0.2617,0.2617,20251128
20251128,000504,-0.0751,-0.0751,20251128
20251128,000505,0.1501,0.1501,20251128
20251128,000506,0.0,0.0,20251128
20251128,000507,0.0,0.0,20251128
20251128,000509,0.6552,0.6552,20251128
20251128,000510,0.1968,0.1968,20251128
20251128,000513,-0.2982,-0.2982,20251128
20251128,000514,0.0041,0.0041,20251128
20251128,000516,0.0,0.0,20251128
20251128,000517,0.0527,0.0527,20251128
20251128,000518,0.0,0.0,20251128
20251128,000519,0.1278,0.1278,20251128
20251128,000520,0.0,0.0,20251128
20251128,000521,-0.3245,-0.3245,20251128
20251128,000523,0.069,0.069,20251128
20251128,000524,-0.6288,-0.6288,20251128
20251128,000525,-0.5497,-0.5497,20251128
20251128,000526,-0.6856,-0.6856,20251128
20251128,000528,0.2779,0.2779,20251128
20251128,000529,0.0,0.0,20251128
20251128,000530,-0.3103,-0.3103,20251128
20251128,000531,-0.0791,-0.0791,20251128
20251128,000532,0.1663,0.1663,20251128
20251128,000533,0.6592,0.6592,20251128
20251128,000534,0.2495,0.2495,20251128
20251128,000536,0.6329,0.6329,20251128
20251128,000537,-0.0426,-0.0426,20251128
20251128,000538,0.0832,0.0832,20251128
20251128,000539,0.071,0.071,20251128
20251128,000541,-0.2333,-0.2333,20251128
20251128,000543,0.1339,0.1339,20251128
20251128,000544,0.0264,0.0264,20251128
20251128,000545,0.0933,0.0933,20251128
20251128,000546,0.6045,0.6045,20251128
20251128,000547,0.4899,0.4899,20251128
20251128,000548,0.1197,0.1197,20251128
20251128,000550,-0.1521,-0.1521,20251128
20251128,000551,-0.0872,-0.0872,20251128
20251128,000552,-0.0467,-0.0467,20251128
20251128,000553,-0.2982,-0.2982,20251128
20251128,000554,0.0,0.0,20251128
20251128,000555,-0.1602,-0.1602,20251128
20251128,000557,0.0,0.0,20251128
20251128,000558,0.1704,0.1704,20251128
20251128,000559,0.073,0.073,20251128
20251128,000560,0.0,0.0,20251128
20251128,000561,-0.0051,-0.0051,20251128
20251128,000563,0.0,0.0,20251128
20251128,000564,-0.432,-0.432,20251128
20251128,000565,0.0,0.0,20251128
20251128,000566,0.3103,0.3103,20251128
20251128,000567,0.4178,0.4178,20251128
20251128,000568,0.0872,0.0872,20251128
20251128,000570,-0.002,-0.002,20251128
20251128,000571,0.3083,0.3083,20251128
20251128,000572,0.645,0.645,20251128
20251128,000573,-0.0811,-0.0811,20251128
20251128,000576,-0.0446,-0.0446,20251128
20251128,000581,-0.2535,-0.2535,20251128
20251128,000582,0.0,0.0,20251128
20251128,000586,-0.3844,-0.3844,20251128
20251128,000589,0.0,0.0,20251128
20251128,000590,-0.2657,-0.2657,20251128
20251128,000591,0.0203,0.0203,20251128
20251128,000592,0.0,0.0,20251128
20251128,000593,0.3367,0.3367,20251128
20251128,000595,0.501,0.501,20251128
20251128,000596,0.1886,0.1886,20251128
20251128,000597,-0.0953,-0.0953,20251128
20251128,000598,-0.0527,-0.0527,20251128
20251128,000599,0.0751,0.0751,20251128
20251128,000600,-0.2211,-0.2211,20251128
20251128,000601,-0.0507,-0.0507,20251128
20251128,000603,0.0,0.0,20251128
20251128,000605,0.0872,0.0872,20251128
20251128,000607,0.0325,0.0325,20251128
20251128,000608,0.2231,0.2231,20251128
20251128,000609,0.286,0.286,20251128
20251128,000610,0.0,0.0,20251128
20251128,000612,-0.3205,-0.3205,20251128
20251128,000615,0.4381,0.4381,20251128
20251128,000617,-0.217,-0.217,20251128
20251128,000619,0.0,0.0,20251128
20251128,000620,0.1947,0.1947,20251128
20251128,000623,-0.3529,-0.3529,20251128
20251128,000625,0.0,0.0,20251128
20251128,000626,-0.0751,-0.0751,20251128
20251128,000628,-0.5761,-0.5761,20251128
20251128,000629,0.0,0.0,20251128
20251128,000630,0.215,0.215,20251128
20251128,000631,-0.0771,-0.0771,20251128
20251128,000632,0.1116,0.1116,20251128
20251128,000633,0.3631,0.3631,20251128
20251128,000635,0.002,0.002,20251128
20251128,000636,0.1521,0.1521,20251128
20251128,000637,0.0,0.0,20251128
20251128,000638,-0.4077,-0.4077,20251128
20251128,000639,0.0223,0.0223,20251128
20251128,000650,-0.0852,-0.0852,20251128
20251128,000651,0.0,0.0,20251128
20251128,000652,0.0,0.0,20251128
20251128,000655,-0.1826,-0.1826,20251128
20251128,000656,0.0,0.0,20251128
20251128,000657,-0.3773,-0.3773,20251128
20251128,000659,0.0,0.0,20251128
20251128,000661,-0.6531,-0.6531,20251128
20251128,000663,-0.0629,-0.0629,20251128
20251128,000665,-0.2353,-0.2353,20251128
20251128,000668,0.1055,0.1055,20251128
20251128,000669,0.0,0.0,20251128
20251128,000670,-0.0852,-0.0852,20251128
20251128,000672,-0.0548,-0.0548,20251128
20251128,000676,-0.2535,-0.2535,20251128
20251128,000677,0.0,0.0,20251128
20251128,000678,0.4037,0.4037,20251128
20251128,000679,-0.5538,-0.5538,20251128
20251128,000680,-0.3124,-0.3124,20251128
20251128,000681,0.0,0.0,20251128
20251128,000682,0.1947,0.1947,20251128
20251128,000683,-0.0487,-0.0487,20251128
20251128,000685,0.0,0.0,20251128
20251128,000686,0.43,0.43,20251128
20251128,000688,0.0974,0.0974,20251128
20251128,000690,-0.1643,-0.1643,20251128
20251128,000691,-0.7809,-0.7809,20251128
20251128,000692,-0.0832,-0.0832,20251128
20251128,000695,0.2028,0.2028,20251128
20251128,000697,0.0892,0.0892,20251128
20251128,000698,-0.1521,-0.1521,20251128
20251128,000700,0.144,0.144,20251128
20251128,000701,0.3185,0.3185,20251128
20251128,000702,0.0,0.0,20251128
20251128,000703,0.4361,0.4361,20251128
20251128,000705,0.0375,0.0375,20251128
20251128,000707,-0.2252,-0.2252,20251128
20251128,000708,0.0,0.0,20251128
20251128,000709,-0.2008,-0.2008,20251128
20251128,000710,-0.3367,-0.3367,20251128
20251128,000711,0.2941,0.2941,20251128
20251128,000712,0.0061,0.0061,20251128
20251128,000713,0.0,0.0,20251128
20251128,000715,0.1501,0.1501,20251128
20251128,000716,-0.2718,-0.2718,20251128
20251128,000717,0.0365,0.0365,20251128
20251128,000718,-0.2982,-0.2982,20251128
20251128,000719,0.0,0.0,20251128
20251128,000720,0.3854,0.3854,20251128
20251128,000721,-0.002,-0.002,20251128
20251128,000722,0.0,0.0,20251128
20251128,000723,0.0,0.0,20251128
20251128,000725,0.0142,0.0142,20251128
20251128,000726,-0.0284,-0.0284,20251128
20251128,000727,0.355,0.355,20251128
20251128,000728,0.0,0.0,20251128
20251128,000729,0.0,0.0,20251128
20251128,000731,-0.2677,-0.2677,20251128
20251128,000733,-0.0548,-0.0548,20251128
20251128,000735,0.4888,0.4888,20251128
20251128,000736,0.0406,0.0406,20251128
20251128,000737,-0.0467,-0.0467,20251128
20251128,000738,0.0,0.0,20251128
20251128,000739,0.0,0.0,20251128
20251128,000750,-0.0365,-0.0365,20251128
20251128,000751,-0.2901,-0.2901,20251128
20251128,000752,0.1197,0.1197,20251128
20251128,000753,-0.3083,-0.3083,20251128
20251128,000755,0.0,0.0,20251128
20251128,000756,0.211,0.211,20251128
20251128,000757,0.0,0.0,20251128
20251128,000758,-0.8073,-0.8073,20251128
20251128,000759,0.0,0.0,20251128
20251128,000761,-0.1359,-0.1359,20251128
20251128,000762,0.1501,0.1501,20251128
20251128,000766,0.0852,0.0852,20251128
20251128,000767,0.0061,0.0061,20251128
20251128,000768,-0.3469,-0.3469,20251128
20251128,000776,-0.002,-0.002,20251128
20251128,000777,0.0,0.0,20251128
20251128,000778,0.0,0.0,20251128
20251128,000779,-0.1663,-0.1663,20251128
20251128,000782,-0.1643,-0.1643,20251128
20251128,000783,-0.0994,-0.0994,20251128
20251128,000785,0.0,0.0,20251128
20251128,000786,0.0568,0.0568,20251128
20251128,000788,0.288,0.288,20251128
20251128,000789,0.0203,0.0203,20251128
20251128,000790,0.3996,0.3996,20251128
20251128,000791,-0.2252,-0.2252,20251128
20251128,000792,0.1095,0.1095,20251128
20251128,000793,-0.3753,-0.3753,20251128
20251128,000795,0.0,0.0,20251128
20251128,000796,0.142,0.142,20251128
20251128,000797,0.1562,0.1562,20251128
20251128,000798,0.0,0.0,20251128
20251128,000799,-0.3935,-0.3935,20251128
20251128,000800,0.2028,0.2028,20251128
20251128,000801,0.1765,0.1765,20251128
20251128,000802,0.0,0.0,20251128
20251128,000803,0.2677,0.2677,20251128
20251128,000807,0.3327,0.3327,20251128
20251128,000809,0.002,0.002,20251128
20251128,000810,-0.5071,-0.5071,20251128
20251128,000811,-0.1217,-0.1217,20251128
20251128,000812,0.0183,0.0183,20251128
20251128,000813,-0.428,-0.428,20251128
20251128,000815,-0.1166,-0.1166,20251128
20251128,000816,0.0,0.0,20251128
20251128,000818,-0.5842,-0.5842,20251128
20251128,000819,-0.2799,-0.2799,20251128
20251128,000820,0.0852,0.0852,20251128
20251128,000821,0.4949,0.4949,20251128
20251128,000822,-0.2799,-0.2799,20251128
20251128,000823,-0.0162,-0.0162,20251128
20251128,000825,-0.4584,-0.4584,20251128
20251128,000826,-0.146,-0.146,20251128
20251128,000828,-0.4219,-0.4219,20251128
20251128,000829,-0.213,-0.213,20251128
20251128,000830,0.0852,0.0852,20251128
20251128,000831,-0.5578,-0.5578,20251128
20251128,000833,0.0811,0.0811,20251128
20251128,000837,-0.2556,-0.2556,20251128
20251128,000838,0.2495,0.2495,20251128
20251128,000839,-0.1805,-0.1805,20251128
20251128,000848,0.0,0.0,20251128
20251128,000850,0.0,0.0,20251128
20251128,000852,0.0,0.0,20251128
20251128,000856,0.1339,0.1339,20251128
20251128,000858,0.0,0.0,20251128
20251128,000859,0.0,0.0,20251128
20251128,000860,-0.0771,-0.0771,20251128
20251128,000862,-0.0284,-0.0284,20251128
20251128,000863,0.2556,0.2556,20251128
20251128,000868,0.0446,0.0446,20251128
20251128,000869,0.0,0.0,20251128
20251128,000875,0.0,0.0,20251128
20251128,000876,-0.1968,-0.1968,20251128
20251128,000877,0.0,0.0,20251128
20251128,000878,0.0,0.0,20251128
20251128,000880,-0.4057,-0.4057,20251128
20251128,000881,0.0304,0.0304,20251128
20251128,000882,0.0,0.0,20251128
20251128,000883,0.0183,0.0183,20251128
20251128,000885,-0.2028,-0.2028,20251128
20251128,000886,0.0,0.0,20251128
20251128,000887,-0.3753,-0.3753,20251128
20251128,000888,-0.0771,-0.0771,20251128
20251128,000889,0.2282,0.2282,20251128
20251128,000890,-0.0162,-0.0162,20251128
20251128,000892,0.1866,0.1866,20251128
20251128,000893,0.0751,0.0751,20251128
20251128,000895,-0.0264,-0.0264,20251128
20251128,000897,0.1197,0.1197,20251128
20251128,000898,-0.0406,-0.0406,20251128
20251128,000899,-0.1095,-0.1095,20251128
20251128,000900,-0.1034,-0.1034,20251128
20251128,000901,0.0142,0.0142,20251128
20251128,000902,0.0122,0.0122,20251128
20251128,000903,-0.1562,-0.1562,20251128
20251128,000905,0.142,0.142,20251128
20251128,000906,-0.0061,-0.0061,20251128
20251128,000908,0.284,0.284,20251128
20251128,000909,-0.1826,-0.1826,20251128
20251128,000910,-0.3347,-0.3347,20251128
20251128,000911,-0.0304,-0.0304,20251128
20251128,000912,0.0,0.0,20251128
20251128,000913,0.0,0.0,20251128
20251128,000915,-0.142,-0.142,20251128
20251128,000917,-0.3692,-0.3692,20251128
20251128,000919,-0.0548,-0.0548,20251128
20251128,000920,-0.8337,-0.8337,20251128
20251128,000921,0.0791,0.0791,20251128
20251128,000922,-0.002,-0.002,20251128
20251128,000923,0.0,0.0,20251128
20251128,000925,-0.0649,-0.0649,20251128
20251128,000926,-0.0852,-0.0852,20251128
20251128,000927,0.0,0.0,20251128
20251128,000928,0.0,0.0,20251128
20251128,000929,-0.215,-0.215,20251128
20251128,000930,0.0,0.0,20251128
20251128,000931,-0.1176,-0.1176,20251128
20251128,000932,0.0649,0.0649,20251128
20251128,000933,0.0,0.0,20251128
20251128,000935,0.6024,0.6024,20251128
20251128,000936,-0.0304,-0.0304,20251128
20251128,000937,0.0,0.0,20251128
20251128,000938,0.0,0.0,20251128
20251128,000948,0.002,0.002,20251128
20251128,000949,0.4178,0.4178,20251128
20251128,000950,-0.0598,-0.0598,20251128
20251128,000951,-0.211,-0.211,20251128
20251128,000952,0.3083,0.3083,20251128
20251128,000953,0.1034,0.1034,20251128
20251128,000955,0.4604,0.4604,20251128
20251128,000957,-0.1947,-0.1947,20251128
20251128,000958,0.5112,0.5112,20251128
20251128,000959,0.1866,0.1866,20251128
20251128,000960,0.1034,0.1034,20251128
20251128,000962,-0.5396,-0.5396,20251128
20251128,000963,-0.0832,-0.0832,20251128
20251128,000965,-0.0406,-0.0406,20251128
20251128,000966,-0.0426,-0.0426,20251128
20251128,000967,-0.1968,-0.1968,20251128
20251128,000968,0.0,0.0,20251128
20251128,000969,-0.5862,-0.5862,20251128
20251128,000970,-0.0913,-0.0913,20251128
20251128,000972,0.0548,0.0548,20251128
20251128,000973,0.0507,0.0507,20251128
20251128,000975,-0.1623,-0.1623,20251128
20251128,000977,-0.0548,-0.0548,20251128
20251128,000978,-0.0081,-0.0081,20251128
20251128,000980,-0.1379,-0.1379,20251128
20251128,000981,-0.4564,-0.4564,20251128
20251128,000983,-0.2272,-0.2272,20251128
20251128,000985,0.0,0.0,20251128
20251128,000987,-0.1886,-0.1886,20251128
20251128,000988,-0.355,-0.355,20251128
20251128,000989,-0.2049,-0.2049,20251128
20251128,000990,-0.3428,-0.3428,20251128
20251128,000993,0.501,0.501,20251128
20251128,000995,-0.3286,-0.3286,20251128
20251128,000997,0.0588,0.0588,20251128
20251128,000998,-0.0832,-0.0832,20251128
20251128,000999,0.0,0.0,20251128
20251128,001201,-0.0507,-0.0507,20251128
20251128,001202,-0.2637,-0.2637,20251128
20251128,001203,0.7018,0.7018,20251128
20251128,001205,-0.3043,-0.3043,20251128
20251128,001206,-0.0487,-0.0487,20251128
20251128,001207,-0.1724,-0.1724,20251128
20251128,001208,0.0,0.0,20251128
20251128,001209,0.0,0.0,20251128
20251128,001210,-0.0345,-0.0345,20251128
20251128,001211,0.0,0.0,20251128
20251128,001212,-0.6694,-0.6694,20251128
20251128,001213,0.0223,0.0223,20251128
20251128,001215,-0.6775,-0.6775,20251128
20251128,001216,0.1765,0.1765,20251128
20251128,001217,0.0101,0.0101,20251128
20251128,001218,-0.2901,-0.2901,20251128
20251128,001219,-0.0406,-0.0406,20251128
20251128,001221,-0.2799,-0.2799,20251128
20251128,001222,0.0629,0.0629,20251128
20251128,001223,-0.1886,-0.1886,20251128
20251128,001225,0.1724,0.1724,20251128
20251128,001226,0.4584,0.4584,20251128
20251128,001227,-0.1907,-0.1907,20251128
20251128,001228,0.0933,0.0933,20251128
20251128,001229,0.6673,0.6673,20251128
20251128,001230,0.0,0.0,20251128
20251128,001231,-0.0832,-0.0832,20251128
20251128,001234,-0.1156,-0.1156,20251128
20251128,001236,-0.142,-0.142,20251128
20251128,001238,0.0467,0.0467,20251128
20251128,001239,-0.0527,-0.0527,20251128
20251128,001255,-0.069,-0.069,20251128
20251128,001256,0.0,0.0,20251128
20251128,001258,-0.0345,-0.0345,20251128
20251128,001259,0.2089,0.2089,20251128
20251128,001260,0.0487,0.0487,20251128
20251128,001266,0.0,0.0,20251128
20251128,001267,0.0375,0.0375,20251128
20251128,001268,0.5132,0.5132,20251128
20251128,001269,0.3509,0.3509,20251128
20251128,001270,0.0,0.0,20251128
20251128,001277,0.0,0.0,20251128
20251128,001278,0.288,0.288,20251128
20251128,001279,-0.5314,-0.5314,20251128
20251128,001282,-0.3996,-0.3996,20251128
20251128,001283,-0.1501,-0.1501,20251128
20251128,001285,-0.3671,-0.3671,20251128
20251128,001286,0.2515,0.2515,20251128
20251128,001287,-0.2231,-0.2231,20251128
20251128,001288,0.1704,0.1704,20251128
20251128,001289,-0.1095,-0.1095,20251128
20251128,001296,0.1298,0.1298,20251128
20251128,001298,0.0203,0.0203,20251128
20251128,001299,-0.3428,-0.3428,20251128
20251128,001300,0.0,0.0,20251128
20251128,001301,-0.2353,-0.2353,20251128
20251128,001306,-0.3712,-0.3712,20251128
20251128,001308,0.1724,0.1724,20251128
20251128,001309,-0.0507,-0.0507,20251128
20251128,001311,0.4584,0.4584,20251128
20251128,001313,0.3408,0.3408,20251128
20251128,001314,-0.0203,-0.0203,20251128
20251128,001316,-0.0791,-0.0791,20251128
20251128,001317,-0.2799,-0.2799,20251128
20251128,001318,0.0,0.0,20251128
20251128,001319,-0.2414,-0.2414,20251128
20251128,001322,0.0832,0.0832,20251128
20251128,001323,-0.2475,-0.2475,20251128
20251128,001324,-0.5558,-0.5558,20251128
20251128,001326,-0.1116,-0.1116,20251128
20251128,001328,0.0,0.0,20251128
20251128,001330,0.0061,0.0061,20251128
20251128,001331,-0.1542,-0.1542,20251128
20251128,001332,-0.4239,-0.4239,20251128
20251128,001333,-0.712,-0.712,20251128
20251128,001335,0.1034,0.1034,20251128
20251128,001336,0.2312,0.2312,20251128
20251128,001337,0.0365,0.0365,20251128
20251128,001338,-0.1339,-0.1339,20251128
20251231,000001,0.0,0.0,20251231
20251231,000002,-0.0505,-0.0505,20251231
20251231,000004,-0.1919,-0.1919,20251231
20251231,000006,0.4869,0.4869,20251231
20251231,000007,0.3485,0.3485,20251231
20251231,000008,-0.5596,-0.5596,20251231
20251231,000009,-0.2182,-0.2182,20251231
20251231,000010,-0.3636,-0.3636,20251231
20251231,000011,0.0424,0.0424,20251231
20251231,000012,0.0,0.0,20251231
20251231,000014,-0.1071,-0.1071,20251231
20251231,000016,-0.1475,-0.1475,20251231
20251231,000017,0.0,0.0,20251231
20251231,000019,-0.0283,-0.0283,20251231
20251231,000020,-0.5333,-0.5333,20251231
20251231,000021,0.2384,0.2384,20251231
20251231,000025,-0.1091,-0.1091,20251231
20251231,000026,0.1717,0.1717,20251231
20251231,000027,0.0283,0.0283,20251231
20251231,000028,0.0,0.0,20251231
20251231,000029,0.196,0.196,20251231
20251231,000030,-0.0808,-0.0808,20251231
20251231,000031,-0.1051,-0.1051,20251231
20251231,000032,-0.097,-0.097,20251231
20251231,000034,0.1111,0.1111,20251231
20251231,000035,0.0707,0.0707,20251231
20251231,000036,0.7515,0.7515,20251231
20251231,000037,-0.2889,-0.2889,20251231
20251231,000039,0.1253,0.1253,20251231
20251231,000042,-0.0949,-0.0949,20251231
20251231,000045,0.0303,0.0303,20251231
20251231,000048,0.604,0.604,20251231
20251231,000049,-0.4404,-0.4404,20251231
20251231,000050,-0.0626,-0.0626,20251231
20251231,000055,-0.2465,-0.2465,20251231
20251231,000056,-0.4636,-0.4636,20251231
20251231,000058,0.0,0.0,20251231
20251231,000059,0.2848,0.2848,20251231
20251231,000060,0.0,0.0,20251231
20251231,000061,0.4828,0.4828,20251231
20251231,000062,0.0,0.0,20251231
20251231,000063,-0.6263,-0.6263,20251231
20251231,000065,0.1394,0.1394,20251231
20251231,000066,0.0,0.0,20251231
20251231,000068,-0.503,-0.503,20251231
20251231,000069,0.0,0.0,20251231
20251231,000070,-0.6182,-0.6182,20251231
20251231,000078,-0.402,-0.402,20251231
20251231,000088,-0.196,-0.196,20251231
20251231,000089,0.0,0.0,20251231
20251231,000090,-0.3879,-0.3879,20251231
20251231,000096,-0.0727,-0.0727,20251231
20251231,000099,0.0,0.0,20251231
20251231,000100,0.2121,0.2121,20251231
20251231,000151,0.0,0.0,20251231
20251231,000153,-0.0525,-0.0525,20251231
20251231,000155,0.0848,0.0848,20251231
20251231,000156,0.0,0.0,20251231
20251231,000157,-0.0303,-0.0303,20251231
20251231,000158,0.0,0.0,20251231
20251231,000159,0.1515,0.1515,20251231
20251231,000166,0.0465,0.0465,20251231
20251231,000301,-0.0141,-0.0141,20251231
20251231,000333,-0.1394,-0.1394,20251231
20251231,000338,-0.1111,-0.1111,20251231
20251231,000400,-0.0141,-0.0141,20251231
20251231,000401,0.0,0.0,20251231
20251231,000402,0.2505,0.2505,20251231
20251231,000403,-0.202,-0.202,20251231
20251231,000404,0.0263,0.0263,20251231
20251231,000407,-0.0343,-0.0343,20251231
20251231,000408,0.3717,0.3717,20251231
20251231,000409,-0.1495,-0.1495,20251231
20251231,000410,-0.4768,-0.4768,20251231
20251231,000411,0.099,0.099,20251231
20251231,000415,0.0182,0.0182,20251231
20251231,000417,0.1475,0.1475,20251231
20251231,000419,0.0,0.0,20251231
20251231,000420,0.0141,0.0141,20251231
20251231,000421,-0.0646,-0.0646,20251231
20251231,000422,-0.1434,-0.1434,20251231
20251231,000423,0.1354,0.1354,20251231
20251231,000425,0.0768,0.0768,20251231
20251231,000426,-0.3697,-0.3697,20251231
20251231,000428,0.0,0.0,20251231
20251231,000429,-0.004,-0.004,20251231
20251231,000430,0.0,0.0,20251231
20251231,000488,0.0,0.0,20251231
20251231,000498,0.0,0.0,20251231
20251231,000501,0.2162,0.2162,20251231
20251231,000503,-0.3414,-0.3414,20251231
20251231,000504,0.0202,0.0202,20251231
20251231,000505,0.3232,0.3232,20251231
20251231,000506,0.0,0.0,20251231
20251231,000507,-0.0586,-0.0586,20251231
20251231,000509,-0.4909,-0.4909,20251231
20251231,000510,0.4364,0.4364,20251231
20251231,000513,0.1657,0.1657,20251231
20251231,000514,-0.0364,-0.0364,20251231
20251231,000516,-0.3131,-0.3131,20251231
20251231,000517,-0.0768,-0.0768,20251231
20251231,000518,0.0,0.0,20251231
20251231,000519,-0.0626,-0.0626,20251231
20251231,000520,-0.0303,-0.0303,20251231
20251231,000521,-0.0566,-0.0566,20251231
20251231,000523,0.2687,0.2687,20251231
20251231,000524,0.0,0.0,20251231
20251231,000525,-0.3859,-0.3859,20251231
20251231,000526,0.097,0.097,20251231
20251231,000528,-0.4404,-0.4404,20251231
20251231,000529,-0.196,-0.196,20251231
20251231,000530,-0.6222,-0.6222,20251231
20251231,000531,-0.0182,-0.0182,20251231
20251231,000532,0.0848,0.0848,20251231
20251231,000533,0.0929,0.0929,20251231
20251231,000534,0.4848,0.4848,20251231
20251231,000536,-0.5434,-0.5434,20251231
20251231,000537,0.0,0.0,20251231
20251231,000538,0.1212,0.1212,20251231
20251231,000539,-0.1354,-0.1354,20251231
20251231,000541,-0.002,-0.002,20251231
20251231,000543,-0.0404,-0.0404,20251231
20251231,000544,-0.1798,-0.1798,20251231
20251231,000545,-0.4364,-0.4364,20251231
20251231,000546,0.2364,0.2364,20251231
20251231,000547,0.3091,0.3091,20251231
20251231,000548,-0.0869,-0.0869,20251231
20251231,000550,0.0162,0.0162,20251231
20251231,000551,0.3333,0.3333,20251231
20251231,000552,0.0,0.0,20251231
20251231,000553,-0.5051,-0.5051,20251231
20251231,000554,0.0,0.0,20251231
20251231,000555,0.1172,0.1172,20251231
20251231,000557,0.0,0.0,20251231
20251231,000558,-0.2505,-0.2505,20251231
20251231,000559,0.2424,0.2424,20251231
20251231,000560,0.0,0.0,20251231
20251231,000561,0.2101,0.2101,20251231
20251231,000563,-0.2384,-0.2384,20251231
20251231,000564,0.0727,0.0727,20251231
20251231,000565,0.0,0.0,20251231
20251231,000566,-0.1172,-0.1172,20251231
20251231,000567,-0.5677,-0.5677,20251231
20251231,000568,-0.3939,-0.3939,20251231
20251231,000570,-0.2626,-0.2626,20251231
20251231,000571,-0.0606,-0.0606,20251231
20251231,000572,-0.5131,-0.5131,20251231
20251231,000573,0.2,0.2,20251231
20251231,000576,0.0,0.0,20251231
20251231,000581,-0.0485,-0.0485,20251231
20251231,000582,0.0,0.0,20251231
20251231,000586,0.0,0.0,20251231
20251231,000589,-0.0869,-0.0869,20251231
20251231,000590,-0.1414,-0.1414,20251231
20251231,000591,0.0667,0.0667,20251231
20251231,000592,0.0,0.0,20251231
20251231,000593,-0.301,-0.301,20251231
20251231,000595,0.198,0.198,20251231
20251231,000596,-0.4242,-0.4242,20251231
20251231,000597,-0.0667,-0.0667,20251231
20251231,000598,0.1596,0.1596,20251231
20251231,000599,0.0747,0.0747,20251231
20251231,000600,0.2788,0.2788,20251231
20251231,000601,-0.1515,-0.1515,20251231
20251231,000603,0.0182,0.0182,20251231
20251231,000605,-0.2707,-0.2707,20251231
20251231,000607,-0.0626,-0.0626,20251231
20251231,000608,0.3091,0.3091,20251231
20251231,000609,-0.1333,-0.1333,20251231
20251231,000610,-0.1879,-0.1879,20251231
20251231,000612,0.0,0.0,20251231
20251231,000615,-0.3657,-0.3657,20251231
20251231,000617,0.0,0.0,20251231
20251231,000619,-0.3192,-0.3192,20251231
20251231,000620,-0.1818,-0.1818,20251231
20251231,000623,0.1192,0.1192,20251231
20251231,000625,0.0768,0.0768,20251231
20251231,000626,0.3293,0.3293,20251231
20251231,000628,0.1798,0.1798,20251231
20251231,000629,-0.0586,-0.0586,20251231
20251231,000630,0.0,0.0,20251231
20251231,000631,0.0,0.0,20251231
20251231,000632,-0.198,-0.198,20251231
20251231,000633,-0.6707,-0.6707,20251231
20251231,000635,-0.1838,-0.1838,20251231
20251231,000636,0.101,0.101,20251231
20251231,000637,-0.2889,-0.2889,20251231
20251231,000638,-0.3677,-0.3677,20251231
20251231,000639,-0.3434,-0.3434,20251231
20251231,000650,-0.3374,-0.3374,20251231
20251231,000651,0.0768,0.0768,20251231
20251231,000652,-0.6566,-0.6566,20251231
20251231,000655,0.0444,0.0444,20251231
20251231,000656,0.0747,0.0747,20251231
20251231,000657,0.2586,0.2586,20251231
20251231,000659,0.6747,0.6747,20251231
20251231,000661,-0.2081,-0.2081,20251231
20251231,000663,-0.9495,-0.9495,20251231
20251231,000665,0.1333,0.1333,20251231
20251231,000668,-0.1818,-0.1818,20251231
20251231,000669,0.0,0.0,20251231
20251231,000670,-0.0586,-0.0586,20251231
20251231,000672,0.5778,0.5778,20251231
20251231,000676,-0.2606,-0.2606,20251231
20251231,000677,-0.3071,-0.3071,20251231
20251231,000678,-0.2242,-0.2242,20251231
20251231,000679,-0.4727,-0.4727,20251231
20251231,000680,0.1232,0.1232,20251231
20251231,000681,0.0,0.0,20251231
20251231,000682,0.0525,0.0525,20251231
20251231,000683,0.2,0.2,20251231
20251231,000685,0.0,0.0,20251231
20251231,000686,0.0303,0.0303,20251231
20251231,000688,0.0848,0.0848,20251231
20251231,000690,-0.1192,-0.1192,20251231
20251231,000691,-0.5071,-0.5071,20251231
20251231,000692,-0.2929,-0.2929,20251231
20251231,000695,-0.5172,-0.5172,20251231
20251231,000697,-0.301,-0.301,20251231
20251231,000698,0.0,0.0,20251231
20251231,000700,0.2545,0.2545,20251231
20251231,000701,-0.1091,-0.1091,20251231
20251231,000702,0.0,0.0,20251231
20251231,000703,0.0485,0.0485,20251231
20251231,000705,-0.299,-0.299,20251231
20251231,000707,-0.2707,-0.2707,20251231
20251231,000708,-0.1879,-0.1879,20251231
20251231,000709,-0.0404,-0.0404,20251231
20251231,000710,0.0,0.0,20251231
20251231,000711,-0.0646,-0.0646,20251231
20251231,000712,-0.3576,-0.3576,20251231
20251231,000713,-0.1394,-0.1394,20251231
20251231,000715,-0.0828,-0.0828,20251231
20251231,000716,0.0,0.0,20251231
20251231,000717,-0.0606,-0.0606,20251231
20251231,000718,0.0404,0.0404,20251231
20251231,000719,0.0,0.0,20251231
20251231,000720,-0.4283,-0.4283,20251231
20251231,000721,-0.0909,-0.0909,20251231
20251231,000722,0.0,0.0,20251231
20251231,000723,0.0,0.0,20251231
20251231,000725,0.2061,0.2061,20251231
20251231,000726,0.0,0.0,20251231
20251231,000727,-0.4606,-0.4606,20251231
20251231,000728,-0.0101,-0.0101,20251231
20251231,000729,-0.4566,-0.4566,20251231
20251231,000731,-0.1616,-0.1616,20251231
20251231,000733,0.3273,0.3273,20251231
20251231,000735,-0.1717,-0.1717,20251231
20251231,000736,0.0101,0.0101,20251231
20251231,000737,-0.0586,-0.0586,20251231
20251231,000738,0.1232,0.1232,20251231
20251231,000739,0.4081,0.4081,20251231
20251231,000750,-0.0505,-0.0505,20251231
20251231,000751,-0.1697,-0.1697,20251231
20251231,000752,-0.4202,-0.4202,20251231
20251231,000753,-0.0848,-0.0848,20251231
20251231,000755,0.0,0.0,20251231
20251231,000756,-0.1192,-0.1192,20251231
20251231,000757,0.0,0.0,20251231
20251231,000758,-0.0182,-0.0182,20251231
20251231,000759,0.0,0.0,20251231
20251231,000761,-0.0081,-0.0081,20251231
20251231,000762,0.0,0.0,20251231
20251231,000766,0.1778,0.1778,20251231
20251231,000767,0.0,0.0,20251231
20251231,000768,0.0,0.0,20251231
20251231,000776,0.0788,0.0788,20251231
20251231,000777,0.0606,0.0606,20251231
20251231,000778,0.0,0.0,20251231
20251231,000779,-0.3475,-0.3475,20251231
20251231,000782,-0.6626,-0.6626,20251231
20251231,000783,0.0,0.0,20251231
20251231,000785,-0.3212,-0.3212,20251231
20251231,000786,0.0061,0.0061,20251231
20251231,000788,-0.1697,-0.1697,20251231
20251231,000789,-0.1677,-0.1677,20251231
20251231,000790,-0.4747,-0.4747,20251231
20251231,000791,0.0566,0.0566,20251231
20251231,000792,0.2727,0.2727,20251231
20251231,000793,-0.1253,-0.1253,20251231
20251231,000795,0.0,0.0,20251231
20251231,000796,0.1798,0.1798,20251231
20251231,000797,0.5838,0.5838,20251231
20251231,000798,0.0,0.0,20251231
20251231,000799,0.0263,0.0263,20251231
20251231,000800,-0.2828,-0.2828,20251231
20251231,000801,0.3737,0.3737,20251231
20251231,000802,0.0566,0.0566,20251231
20251231,000803,0.2626,0.2626,20251231
20251231,000807,0.0869,0.0869,20251231
20251231,000809,0.1071,0.1071,20251231
20251231,000810,0.0465,0.0465,20251231
20251231,000811,0.1919,0.1919,20251231
20251231,000812,-0.2061,-0.2061,20251231
20251231,000813,0.1414,0.1414,20251231
20251231,000815,-0.3414,-0.3414,20251231
20251231,000816,0.0,0.0,20251231
20251231,000818,-0.2687,-0.2687,20251231
20251231,000819,-0.1495,-0.1495,20251231
20251231,000820,0.3313,0.3313,20251231
20251231,000821,0.1434,0.1434,20251231
20251231,000822,-0.3091,-0.3091,20251231
20251231,000823,0.2283,0.2283,20251231
20251231,000825,0.0,0.0,20251231
20251231,000826,-0.1717,-0.1717,20251231
20251231,000828,0.2061,0.2061,20251231
20251231,000829,-0.0616,-0.0616,20251231
20251231,000830,0.3455,0.3455,20251231
20251231,000831,-0.1758,-0.1758,20251231
20251231,000833,0.0889,0.0889,20251231
20251231,000837,0.0,0.0,20251231
20251231,000838,-0.1293,-0.1293,20251231
20251231,000839,0.0606,0.0606,20251231
20251231,000848,0.0,0.0,20251231
20251231,000850,0.4182,0.4182,20251231
20251231,000852,0.0,0.0,20251231
20251231,000856,-0.3212,-0.3212,20251231
20251231,000858,-0.3152,-0.3152,20251231
20251231,000859,0.0,0.0,20251231
20251231,000860,0.0,0.0,20251231
20251231,000862,0.2444,0.2444,20251231
20251231,000863,0.8121,0.8121,20251231
20251231,000868,-0.1212,-0.1212,20251231
20251231,000869,0.0,0.0,20251231
20251231,000875,0.2263,0.2263,20251231
20251231,000876,0.1657,0.1657,20251231
20251231,000877,-0.1495,-0.1495,20251231
20251231,000878,0.0828,0.0828,20251231
20251231,000880,0.1192,0.1192,20251231
20251231,000881,0.1939,0.1939,20251231
20251231,000882,0.0859,0.0859,20251231
20251231,000883,0.1131,0.1131,20251231
20251231,000885,0.0,0.0,20251231
20251231,000886,-0.0566,-0.0566,20251231
20251231,000887,0.1495,0.1495,20251231
20251231,000888,-0.0182,-0.0182,20251231
20251231,000889,-0.3253,-0.3253,20251231
20251231,000890,0.3495,0.3495,20251231
20251231,000892,-0.3071,-0.3071,20251231
20251231,000893,0.1212,0.1212,20251231
20251231,000895,-0.099,-0.099,20251231
20251231,000897,0.0,0.0,20251231
20251231,000898,-0.0848,-0.0848,20251231
20251231,000899,0.0101,0.0101,20251231
20251231,000900,0.0364,0.0364,20251231
20251231,000901,0.2566,0.2566,20251231
20251231,000902,0.0,0.0,20251231
20251231,000903,-0.5333,-0.5333,20251231
20251231,000905,0.1939,0.1939,20251231
20251231,000906,-0.0545,-0.0545,20251231
20251231,000908,-0.1596,-0.1596,20251231
20251231,000909,0.2364,0.2364,20251231
20251231,000910,0.1293,0.1293,20251231
20251231,000911,-0.3919,-0.3919,20251231
20251231,000912,-0.3677,-0.3677,20251231
20251231,000913,0.0,0.0,20251231
20251231,000915,0.2909,0.2909,20251231
20251231,000917,0.6505,0.6505,20251231
20251231,000919,0.6364,0.6364,20251231
20251231,000920,-0.1778,-0.1778,20251231
20251231,000921,-0.2646,-0.2646,20251231
20251231,000922,0.1859,0.1859,20251231
20251231,000923,0.2848,0.2848,20251231
20251231,000925,0.0,0.0,20251231
20251231,000926,-0.0202,-0.0202,20251231
20251231,000927,0.0,0.0,20251231
20251231,000928,0.0505,0.0505,20251231
20251231,000929,0.2283,0.2283,20251231
20251231,000930,0.1495,0.1495,20251231
20251231,000931,0.0,0.0,20251231
20251231,000932,0.0,0.0,20251231
20251231,000933,-0.0626,-0.0626,20251231
20251231,000935,0.5273,0.5273,20251231
20251231,000936,0.0,0.0,20251231
20251231,000937,-0.0404,-0.0404,20251231
20251231,000938,-0.0323,-0.0323,20251231
20251231,000948,0.2566,0.2566,20251231
20251231,000949,0.0101,0.0101,20251231
20251231,000950,0.4,0.4,20251231
20251231,000951,0.0,0.0,20251231
20251231,000952,-0.1879,-0.1879,20251231
20251231,000953,0.2061,0.2061,20251231
20251231,000955,-0.4384,-0.4384,20251231
20251231,000957,0.2101,0.2101,20251231
20251231,000958,-0.3354,-0.3354,20251231
20251231,000959,0.2202,0.2202,20251231
20251231,000960,0.1455,0.1455,20251231
20251231,000962,0.2485,0.2485,20251231
20251231,000963,-0.0081,-0.0081,20251231
20251231,000965,-0.0869,-0.0869,20251231
20251231,000966,0.101,0.101,20251231
20251231,000967,0.3273,0.3273,20251231
20251231,000968,0.0,0.0,20251231
20251231,000969,0.2364,0.2364,20251231
20251231,000970,0.198,0.198,20251231
20251231,000972,0.099,0.099,20251231
20251231,000973,0.0848,0.0848,20251231
20251231,000975,0.0182,0.0182,20251231
20251231,000977,-0.4707,-0.4707,20251231
20251231,000978,0.4485,0.4485,20251231
20251231,000980,-0.3354,-0.3354,20251231
20251231,000981,0.2263,0.2263,20251231
20251231,000983,0.1152,0.1152,20251231
20251231,000985,-0.2283,-0.2283,20251231
20251231,000987,0.0949,0.0949,20251231
20251231,000988,0.2141,0.2141,20251231
20251231,000989,-0.2848,-0.2848,20251231
20251231,000990,0.2202,0.2202,20251231
20251231,000993,-0.2586,-0.2586,20251231
20251231,000995,0.2121,0.2121,20251231
20251231,000997,0.3475,0.3475,20251231
20251231,000998,0.0,0.0,20251231
20251231,000999,0.0,0.0,20251231
20251231,001201,0.0,0.0,20251231
20251231,001202,0.1697,0.1697,20251231
20251231,001203,0.2949,0.2949,20251231
20251231,001205,0.0,0.0,20251231
20251231,001206,-0.5212,-0.5212,20251231
20251231,001207,0.3697,0.3697,20251231
20251231,001208,0.303,0.303,20251231
20251231,001209,-0.0545,-0.0545,20251231
20251231,001210,0.3333,0.3333,20251231
20251231,001211,-0.2889,-0.2889,20251231
20251231,001212,0.2788,0.2788,20251231
20251231,001213,-0.0747,-0.0747,20251231
20251231,001215,0.2303,0.2303,20251231
20251231,001216,0.2606,0.2606,20251231
20251231,001217,0.0,0.0,20251231
20251231,001218,0.103,0.103,20251231
20251231,001219,-0.2828,-0.2828,20251231
20251231,001221,-0.0566,-0.0566,20251231
20251231,001222,-0.604,-0.604,20251231
20251231,001223,-0.4747,-0.4747,20251231
20251231,001225,0.0,0.0,20251231
20251231,001226,0.0,0.0,20251231
20251231,001227,-0.0465,-0.0465,20251231
20251231,001228,-0.0727,-0.0727,20251231
20251231,001229,0.2606,0.2606,20251231
20251231,001230,-0.0384,-0.0384,20251231
20251231,001231,0.2283,0.2283,20251231
20251231,001233,-0.5879,-0.5879,20251231
20251231,001234,-0.5677,-0.5677,20251231
20251231,001236,-0.0707,-0.0707,20251231
20251231,001238,0.0,0.0,20251231
20251231,001239,-0.1899,-0.1899,20251231
20251231,001255,-0.1556,-0.1556,20251231
20251231,001256,0.0,0.0,20251231
20251231,001258,-0.1394,-0.1394,20251231
20251231,001259,0.0,0.0,20251231
20251231,001260,-0.3737,-0.3737,20251231
20251231,001266,0.0,0.0,20251231
20251231,001267,0.2545,0.2545,20251231
20251231,001268,-0.2848,-0.2848,20251231
20251231,001269,-0.2323,-0.2323,20251231
20251231,001270,0.0,0.0,20251231
20251231,001277,-0.002,-0.002,20251231
20251231,001278,-0.2525,-0.2525,20251231
20251231,001279,0.0,0.0,20251231
20251231,001280,-0.602,-0.602,20251231
20251231,001282,0.0,0.0,20251231
20251231,001283,-0.2768,-0.2768,20251231
20251231,001285,0.1919,0.1919,20251231
20251231,001286,-0.2707,-0.2707,20251231
20251231,001287,0.1657,0.1657,20251231
20251231,001288,0.1354,0.1354,20251231
20251231,001289,-0.1374,-0.1374,20251231
20251231,001296,0.0,0.0,20251231
20251231,001298,-0.1657,-0.1657,20251231
20251231,001299,0.6424,0.6424,20251231
20251231,001300,0.0,0.0,20251231
20251231,001301,-0.0283,-0.0283,20251231
20251231,001306,0.0,0.0,20251231
20251231,001308,-0.3131,-0.3131,20251231
20251231,001309,-0.0889,-0.0889,20251231
20251231,001311,0.2141,0.2141,20251231
20251231,001313,-0.2727,-0.2727,20251231
20251231,001314,-0.1616,-0.1616,20251231
20251231,001316,0.0,0.0,20251231
20251231,001317,0.4222,0.4222,20251231
20251231,001318,0.0,0.0,20251231
20251231,001319,0.0727,0.0727,20251231
20251231,001322,0.3293,0.3293,20251231
20251231,001323,-0.198,-0.198,20251231
20251231,001324,-0.5717,-0.5717,20251231
20251231,001326,0.1232,0.1232,20251231
20251231,001328,0.0,0.0,20251231
20251231,001330,-0.1414,-0.1414,20251231
20251231,001331,0.6828,0.6828,20251231
20251231,001332,0.1899,0.1899,20251231
20251231,001333,-0.2788,-0.2788,20251231
20251231,001335,0.3253,0.3253,20251231
20251231,001336,-0.596,-0.596,20251231
20251231,001337,-0.2162,-0.2162,20251231
20251231,001338,0.0,0.0,20251231
20260130,000001,-0.1855,-0.1855,20260130
20260130,000002,0.0,0.0,20260130
20260130,000004,0.5887,0.5887,20260130
20260130,000006,-0.2661,-0.2661,20260130
20260130,000007,-0.0282,-0.0282,20260130
20260130,000008,0.1794,0.1794,20260130
20260130,000009,-0.1008,-0.1008,20260130
20260130,000010,-0.3609,-0.3609,20260130
20260130,000011,-0.5827,-0.5827,20260130
20260130,000012,0.0,0.0,20260130
20260130,000014,-0.3589,-0.3589,20260130
20260130,000016,0.0,0.0,20260130
20260130,000017,-0.0565,-0.0565,20260130
20260130,000019,0.1512,0.1512,20260130
20260130,000020,0.0927,0.0927,20260130
20260130,000021,0.375,0.375,20260130
20260130,000025,-0.1633,-0.1633,20260130
20260130,000026,-0.0262,-0.0262,20260130
20260130,000027,-0.1673,-0.1673,20260130
20260130,000028,0.0847,0.0847,20260130
20260130,000029,-0.0081,-0.0081,20260130
20260130,000030,-0.1633,-0.1633,20260130
20260130,000031,0.4415,0.4415,20260130
20260130,000032,0.1169,0.1169,20260130
20260130,000034,-0.0181,-0.0181,20260130
20260130,000035,0.3105,0.3105,20260130
20260130,000036,-0.4879,-0.4879,20260130
20260130,000037,0.121,0.121,20260130
20260130,000039,-0.3649,-0.3649,20260130
20260130,000042,0.1895,0.1895,20260130
20260130,000045,-0.1169,-0.1169,20260130
20260130,000048,0.0,0.0,20260130
20260130,000049,-0.125,-0.125,20260130
20260130,000050,0.0867,0.0867,20260130
20260130,000055,-0.0786,-0.0786,20260130
20260130,000056,0.131,0.131,20260130
20260130,000058,0.0,0.0,20260130
20260130,000059,0.0,0.0,20260130
20260130,000060,-0.0302,-0.0302,20260130
20260130,000061,-0.3448,-0.3448,20260130
20260130,000062,0.0444,0.0444,20260130
20260130,000063,0.0,0.0,20260130
20260130,000065,-0.1976,-0.1976,20260130
20260130,000066,0.5645,0.5645,20260130
20260130,000068,0.0,0.0,20260130
20260130,000069,0.2036,0.2036,20260130
20260130,000070,-0.0242,-0.0242,20260130
20260130,000078,0.1169,0.1169,20260130
20260130,000088,0.0,0.0,20260130
20260130,000089,0.0,0.0,20260130
20260130,000090,-0.0222,-0.0222,20260130
20260130,000096,-0.1532,-0.1532,20260130
20260130,000099,0.0,0.0,20260130
20260130,000100,0.0706,0.0706,20260130
20260130,000151,0.502,0.502,20260130
20260130,000153,0.1734,0.1734,20260130
20260130,000155,0.0,0.0,20260130
20260130,000156,0.125,0.125,20260130
20260130,000157,0.0222,0.0222,20260130
20260130,000158,0.0,0.0,20260130
20260130,000159,0.0,0.0,20260130
20260130,000166,-0.3367,-0.3367,20260130
20260130,000301,0.1129,0.1129,20260130
20260130,000333,-0.0383,-0.0383,20260130
20260130,000338,0.6774,0.6774,20260130
20260130,000400,0.5464,0.5464,20260130
20260130,000401,0.1089,0.1089,20260130
20260130,000402,-0.1149,-0.1149,20260130
20260130,000403,-0.3952,-0.3952,20260130
20260130,000404,0.1512,0.1512,20260130
20260130,000407,-0.1694,-0.1694,20260130
20260130,000408,-0.4294,-0.4294,20260130
20260130,000409,0.3085,0.3085,20260130
20260130,000410,0.0,0.0,20260130
20260130,000411,-0.2762,-0.2762,20260130
20260130,000415,0.502,0.502,20260130
20260130,000417,-0.0585,-0.0585,20260130
20260130,000419,0.0605,0.0605,20260130
20260130,000420,-0.1774,-0.1774,20260130
20260130,000421,-0.254,-0.254,20260130
20260130,000422,0.0464,0.0464,20260130
20260130,000423,0.0,0.0,20260130
20260130,000425,-0.2661,-0.2661,20260130
20260130,000426,0.002,0.002,20260130
20260130,000428,0.0,0.0,20260130
20260130,000429,-0.0806,-0.0806,20260130
20260130,000430,-0.3669,-0.3669,20260130
20260130,000488,0.0,0.0,20260130
20260130,000498,0.0,0.0,20260130
20260130,000501,0.1956,0.1956,20260130
20260130,000503,0.369,0.369,20260130
20260130,000504,-0.4456,-0.4456,20260130
20260130,000505,-0.3528,-0.3528,20260130
20260130,000506,0.0,0.0,20260130
20260130,000507,-0.0706,-0.0706,20260130
20260130,000509,-0.3226,-0.3226,20260130
20260130,000510,0.1633,0.1633,20260130
20260130,000513,-0.0081,-0.0081,20260130
20260130,000514,0.123,0.123,20260130
20260130,000516,0.1956,0.1956,20260130
20260130,000517,0.0242,0.0242,20260130
20260130,000518,0.0,0.0,20260130
20260130,000519,0.0,0.0,20260130
20260130,000520,-0.0786,-0.0786,20260130
20260130,000521,0.0585,0.0585,20260130
20260130,000523,0.1694,0.1694,20260130
20260130,000524,0.2843,0.2843,20260130
20260130,000525,-0.2399,-0.2399,20260130
20260130,000526,0.0,0.0,20260130
20260130,000528,-0.1835,-0.1835,20260130
20260130,000529,0.0645,0.0645,20260130
20260130,000530,-0.0665,-0.0665,20260130
20260130,000531,-0.3468,-0.3468,20260130
20260130,000532,0.0,0.0,20260130
20260130,000533,0.0,0.0,20260130
20260130,000534,0.2863,0.2863,20260130
20260130,000536,-0.4234,-0.4234,20260130
20260130,000537,-0.2137,-0.2137,20260130
20260130,000538,-0.1996,-0.1996,20260130
20260130,000539,0.0726,0.0726,20260130
20260130,000541,0.2117,0.2117,20260130
20260130,000543,-0.2923,-0.2923,20260130
20260130,000544,0.0524,0.0524,20260130
20260130,000545,-0.2964,-0.2964,20260130
20260130,000546,-0.377,-0.377,20260130
20260130,000547,-0.3508,-0.3508,20260130
20260130,000548,0.0464,0.0464,20260130
20260130,000550,-0.0121,-0.0121,20260130
20260130,000551,-0.1734,-0.1734,20260130
20260130,000552,0.0,0.0,20260130
20260130,000553,0.0,0.0,20260130
20260130,000554,0.0464,0.0464,20260130
20260130,000555,-0.0161,-0.0161,20260130
20260130,000557,0.0706,0.0706,20260130
20260130,000558,0.0,0.0,20260130
20260130,000559,0.0,0.0,20260130
20260130,000560,0.0,0.0,20260130
20260130,000561,-0.2823,-0.2823,20260130
20260130,000563,0.2419,0.2419,20260130
20260130,000564,-0.125,-0.125,20260130
20260130,000565,0.0,0.0,20260130
20260130,000566,-0.3105,-0.3105,20260130
20260130,000567,-0.1734,-0.1734,20260130
20260130,000568,0.0,0.0,20260130
20260130,000570,-0.1008,-0.1008,20260130
20260130,000571,-0.0081,-0.0081,20260130
20260130,000572,-0.2016,-0.2016,20260130
20260130,000573,0.1089,0.1089,20260130
20260130,000576,0.0222,0.0222,20260130
20260130,000581,0.1734,0.1734,20260130
20260130,000582,0.0746,0.0746,20260130
20260130,000586,0.1028,0.1028,20260130
20260130,000589,-0.0323,-0.0323,20260130
20260130,000590,-0.1472,-0.1472,20260130
20260130,000591,0.2742,0.2742,20260130
20260130,000592,-0.5766,-0.5766,20260130
20260130,000593,0.2278,0.2278,20260130
20260130,000595,0.0565,0.0565,20260130
20260130,000596,-0.2077,-0.2077,20260130
20260130,000597,0.0,0.0,20260130
20260130,000598,-0.1935,-0.1935,20260130
20260130,000599,0.256,0.256,20260130
20260130,000600,-0.2742,-0.2742,20260130
20260130,000601,0.0847,0.0847,20260130
20260130,000603,0.0101,0.0101,20260130
20260130,000605,0.0302,0.0302,20260130
20260130,000607,0.2863,0.2863,20260130
20260130,000608,0.6331,0.6331,20260130
20260130,000609,-0.3004,-0.3004,20260130
20260130,000610,0.0,0.0,20260130
20260130,000612,0.0121,0.0121,20260130
20260130,000615,-0.6048,-0.6048,20260130
20260130,000617,-0.125,-0.125,20260130
20260130,000619,0.0,0.0,20260130
20260130,000620,0.3871,0.3871,20260130
20260130,000623,0.0988,0.0988,20260130
20260130,000625,-0.1129,-0.1129,20260130
20260130,000626,0.0,0.0,20260130
20260130,000628,0.2823,0.2823,20260130
20260130,000629,0.0383,0.0383,20260130
20260130,000630,0.0242,0.0242,20260130
20260130,000631,0.3488,0.3488,20260130
20260130,000632,-0.5585,-0.5585,20260130
20260130,000633,-0.2278,-0.2278,20260130
20260130,000635,0.0262,0.0262,20260130
20260130,000636,0.3609,0.3609,20260130
20260130,000637,-0.0282,-0.0282,20260130
20260130,000638,-0.4536,-0.4536,20260130
20260130,000639,-0.2661,-0.2661,20260130
20260130,000650,0.1492,0.1492,20260130
20260130,000651,-0.131,-0.131,20260130
20260130,000652,-0.2601,-0.2601,20260130
20260130,000655,0.0706,0.0706,20260130
20260130,000656,-0.123,-0.123,20260130
20260130,000657,0.119,0.119,20260130
20260130,000659,0.25,0.25,20260130
20260130,000661,-0.2177,-0.2177,20260130
20260130,000663,0.0,0.0,20260130
20260130,000665,-0.6351,-0.6351,20260130
20260130,000668,0.1351,0.1351,20260130
20260130,000669,-0.2198,-0.2198,20260130
20260130,000670,0.2903,0.2903,20260130
20260130,000672,0.0625,0.0625,20260130
20260130,000676,-0.0403,-0.0403,20260130
20260130,000677,-0.6935,-0.6935,20260130
20260130,000678,-0.1815,-0.1815,20260130
20260130,000679,-0.0504,-0.0504,20260130
20260130,000680,0.121,0.121,20260130
20260130,000681,0.0,0.0,20260130
20260130,000682,0.4415,0.4415,20260130
20260130,000683,0.0,0.0,20260130
20260130,000685,0.0,0.0,20260130
20260130,000686,-0.2944,-0.2944,20260130
20260130,000688,-0.8185,-0.8185,20260130
20260130,000690,-0.0423,-0.0423,20260130
20260130,000691,-0.7137,-0.7137,20260130
20260130,000692,0.0,0.0,20260130
20260130,000695,-0.6169,-0.6169,20260130
20260130,000697,-0.3629,-0.3629,20260130
20260130,000698,0.0101,0.0101,20260130
20260130,000700,-0.2117,-0.2117,20260130
20260130,000701,-0.1754,-0.1754,20260130
20260130,000702,0.0,0.0,20260130
20260130,000703,0.0,0.0,20260130
20260130,000705,0.0,0.0,20260130
20260130,000707,-0.0847,-0.0847,20260130
20260130,000708,-0.3347,-0.3347,20260130
20260130,000709,0.0,0.0,20260130
20260130,000710,0.0,0.0,20260130
20260130,000711,0.4859,0.4859,20260130
20260130,000712,-0.2621,-0.2621,20260130
20260130,000713,-0.0262,-0.0262,20260130
20260130,000715,0.0,0.0,20260130
20260130,000716,-0.0121,-0.0121,20260130
20260130,000717,-0.3246,-0.3246,20260130
20260130,000718,0.0766,0.0766,20260130
20260130,000719,0.0,0.0,20260130
20260130,000720,0.4637,0.4637,20260130
20260130,000721,-0.256,-0.256,20260130
20260130,000722,0.127,0.127,20260130
20260130,000723,0.0,0.0,20260130
20260130,000725,-0.0968,-0.0968,20260130
20260130,000726,0.0,0.0,20260130
20260130,000727,-0.2601,-0.2601,20260130
20260130,000728,-0.2198,-0.2198,20260130
20260130,000729,0.0,0.0,20260130
20260130,000731,-0.1371,-0.1371,20260130
20260130,000733,-0.0806,-0.0806,20260130
20260130,000735,-0.3649,-0.3649,20260130
20260130,000736,0.0565,0.0565,20260130
20260130,000737,-0.0181,-0.0181,20260130
20260130,000738,0.0766,0.0766,20260130
20260130,000739,0.4415,0.4415,20260130
20260130,000750,-0.1915,-0.1915,20260130
20260130,000751,0.0,0.0,20260130
20260130,000752,-0.3427,-0.3427,20260130
20260130,000753,-0.5202,-0.5202,20260130
20260130,000755,0.0685,0.0685,20260130
20260130,000756,0.0706,0.0706,20260130
20260130,000757,0.0,0.0,20260130
20260130,000758,-0.0968,-0.0968,20260130
20260130,000759,0.0,0.0,20260130
20260130,000761,-0.0181,-0.0181,20260130
20260130,000762,-0.4657,-0.4657,20260130
20260130,000766,-0.2661,-0.2661,20260130
20260130,000767,0.0081,0.0081,20260130
20260130,000768,0.0,0.0,20260130
20260130,000776,-0.121,-0.121,20260130
20260130,000777,0.0,0.0,20260130
20260130,000778,0.0,0.0,20260130
20260130,000779,0.0585,0.0585,20260130
20260130,000782,0.0988,0.0988,20260130
20260130,000783,0.0988,0.0988,20260130
20260130,000785,0.2883,0.2883,20260130
20260130,000786,0.2399,0.2399,20260130
20260130,000788,0.0766,0.0766,20260130
20260130,000789,-0.1794,-0.1794,20260130
20260130,000790,0.0302,0.0302,20260130
20260130,000791,0.0,0.0,20260130
20260130,000792,0.0423,0.0423,20260130
20260130,000793,-0.4556,-0.4556,20260130
20260130,000795,0.0,0.0,20260130
20260130,000796,-0.2823,-0.2823,20260130
20260130,000797,-0.5282,-0.5282,20260130
20260130,000798,0.0,0.0,20260130
20260130,000799,0.0081,0.0081,20260130
20260130,000800,0.1613,0.1613,20260130
20260130,000801,-0.2319,-0.2319,20260130
20260130,000802,-0.4456,-0.4456,20260130
20260130,000803,0.5161,0.5161,20260130
20260130,000807,-0.5,-0.5,20260130
20260130,000809,-0.2077,-0.2077,20260130
20260130,000810,-0.0544,-0.0544,20260130
20260130,000811,-0.3226,-0.3226,20260130
20260130,000812,-0.502,-0.502,20260130
20260130,000813,0.4335,0.4335,20260130
20260130,000815,0.5645,0.5645,20260130
20260130,000816,0.0,0.0,20260130
20260130,000818,0.0181,0.0181,20260130
20260130,000819,-0.252,-0.252,20260130
20260130,000820,0.256,0.256,20260130
20260130,000821,-0.1694,-0.1694,20260130
20260130,000822,0.0242,0.0242,20260130
20260130,000823,-0.0161,-0.0161,20260130
20260130,000825,0.0,0.0,20260130
20260130,000826,-0.381,-0.381,20260130
20260130,000828,-0.1411,-0.1411,20260130
20260130,000829,0.0,0.0,20260130
20260130,000830,0.0726,0.0726,20260130
20260130,000831,-0.006,-0.006,20260130
20260130,000833,0.0,0.0,20260130
20260130,000837,-0.4456,-0.4456,20260130
20260130,000838,-0.244,-0.244,20260130
20260130,000839,0.1169,0.1169,20260130
20260130,000848,0.0,0.0,20260130
20260130,000850,0.1371,0.1371,20260130
20260130,000852,0.0,0.0,20260130
20260130,000856,-0.0605,-0.0605,20260130
20260130,000858,-0.2278,-0.2278,20260130
20260130,000859,0.0,0.0,20260130
20260130,000860,-0.1351,-0.1351,20260130
20260130,000862,0.0141,0.0141,20260130
20260130,000863,0.3548,0.3548,20260130
20260130,000868,0.0,0.0,20260130
20260130,000869,0.0,0.0,20260130
20260130,000875,0.2298,0.2298,20260130
20260130,000876,-0.3004,-0.3004,20260130
20260130,000877,-0.0827,-0.0827,20260130
20260130,000878,0.0,0.0,20260130
20260130,000880,0.4919,0.4919,20260130
20260130,000881,-0.7419,-0.7419,20260130
20260130,000882,-0.0262,-0.0262,20260130
20260130,000883,-0.2621,-0.2621,20260130
20260130,000885,-0.0242,-0.0242,20260130
20260130,000886,-0.2339,-0.2339,20260130
20260130,000887,-0.252,-0.252,20260130
20260130,000888,0.1371,0.1371,20260130
20260130,000889,-0.0867,-0.0867,20260130
20260130,000890,-0.0605,-0.0605,20260130
20260130,000892,0.0,0.0,20260130
20260130,000893,0.0504,0.0504,20260130
20260130,000895,-0.2238,-0.2238,20260130
20260130,000897,-0.1028,-0.1028,20260130
20260130,000898,-0.1835,-0.1835,20260130
20260130,000899,0.0282,0.0282,20260130
20260130,000900,0.0,0.0,20260130
20260130,000901,-0.0403,-0.0403,20260130
20260130,000902,-0.0323,-0.0323,20260130
20260130,000903,-0.0383,-0.0383,20260130
20260130,000905,-0.2419,-0.2419,20260130
20260130,000906,-0.2198,-0.2198,20260130
20260130,000908,-0.1633,-0.1633,20260130
20260130,000909,-0.0262,-0.0262,20260130
20260130,000910,-0.119,-0.119,20260130
20260130,000911,0.3468,0.3468,20260130
20260130,000912,0.0282,0.0282,20260130
20260130,000913,0.0,0.0,20260130
20260130,000915,-0.1371,-0.1371,20260130
20260130,000917,0.0,0.0,20260130
20260130,000919,-0.2137,-0.2137,20260130
20260130,000920,0.4113,0.4113,20260130
20260130,000921,-0.1351,-0.1351,20260130
20260130,000922,0.0867,0.0867,20260130
20260130,000923,0.1431,0.1431,20260130
20260130,000925,-0.3992,-0.3992,20260130
20260130,000926,0.0,0.0,20260130
20260130,000927,0.0,0.0,20260130
20260130,000928,-0.0323,-0.0323,20260130
20260130,000929,0.1391,0.1391,20260130
20260130,000930,0.4153,0.4153,20260130
20260130,000931,0.2036,0.2036,20260130
20260130,000932,0.0867,0.0867,20260130
20260130,000933,0.0,0.0,20260130
20260130,000935,0.0,0.0,20260130
20260130,000936,-0.1109,-0.1109,20260130
20260130,000937,-0.1593,-0.1593,20260130
20260130,000938,0.1956,0.1956,20260130
20260130,000948,-0.129,-0.129,20260130
20260130,000949,0.1694,0.1694,20260130
20260130,000950,-0.0242,-0.0242,20260130
20260130,000951,0.5665,0.5665,20260130
20260130,000952,0.4456,0.4456,20260130
20260130,000953,-0.0927,-0.0927,20260130
20260130,000955,-0.6452,-0.6452,20260130
20260130,000957,0.121,0.121,20260130
20260130,000958,-0.3085,-0.3085,20260130
20260130,000959,0.1613,0.1613,20260130
20260130,000960,0.1089,0.1089,20260130
20260130,000962,0.0,0.0,20260130
20260130,000963,-0.3004,-0.3004,20260130
20260130,000965,0.0927,0.0927,20260130
20260130,000966,-0.0242,-0.0242,20260130
20260130,000967,-0.2762,-0.2762,20260130
20260130,000968,0.0,0.0,20260130
20260130,000969,-0.0444,-0.0444,20260130
20260130,000970,0.0766,0.0766,20260130
20260130,000972,-0.3609,-0.3609,20260130
20260130,000973,-0.2258,-0.2258,20260130
20260130,000975,-0.0121,-0.0121,20260130
20260130,000977,-0.131,-0.131,20260130
20260130,000978,-0.1069,-0.1069,20260130
20260130,000980,-0.2359,-0.2359,20260130
20260130,000981,0.4879,0.4879,20260130
20260130,000983,0.1754,0.1754,20260130
20260130,000985,0.0423,0.0423,20260130
20260130,000987,0.6996,0.6996,20260130
20260130,000988,-0.2379,-0.2379,20260130
20260130,000989,-0.0988,-0.0988,20260130
20260130,000990,0.0363,0.0363,20260130
20260130,000993,-0.2742,-0.2742,20260130
20260130,000995,0.4496,0.4496,20260130
20260130,000997,0.0,0.0,20260130
20260130,000998,0.0,0.0,20260130
20260130,000999,-0.1774,-0.1774,20260130
20260130,001201,0.0867,0.0867,20260130
20260130,001202,-0.0383,-0.0383,20260130
20260130,001203,-0.6069,-0.6069,20260130
20260130,001205,0.0,0.0,20260130
20260130,001206,-0.2157,-0.2157,20260130
20260130,001207,-0.1008,-0.1008,20260130
20260130,001208,-0.2762,-0.2762,20260130
20260130,001209,0.0,0.0,20260130
20260130,001210,0.252,0.252,20260130
20260130,001211,0.131,0.131,20260130
20260130,001212,-0.2238,-0.2238,20260130
20260130,001213,0.0,0.0,20260130
20260130,001215,0.4778,0.4778,20260130
20260130,001216,-0.0222,-0.0222,20260130
20260130,001217,-0.6835,-0.6835,20260130
20260130,001218,-0.0161,-0.0161,20260130
20260130,001219,0.0,0.0,20260130
20260130,001221,0.2661,0.2661,20260130
20260130,001222,-0.0544,-0.0544,20260130
20260130,001223,0.3145,0.3145,20260130
20260130,001225,0.502,0.502,20260130
20260130,001226,0.5383,0.5383,20260130
20260130,001227,0.0,0.0,20260130
20260130,001228,0.1149,0.1149,20260130
20260130,001229,-0.1492,-0.1492,20260130
20260130,001230,0.2198,0.2198,20260130
20260130,001231,-0.5262,-0.5262,20260130
20260130,001233,0.6714,0.6714,20260130
20260130,001234,0.0605,0.0605,20260130
20260130,001236,-0.129,-0.129,20260130
20260130,001238,0.0867,0.0867,20260130
20260130,001239,0.0,0.0,20260130
20260130,001255,0.6048,0.6048,20260130
20260130,001256,0.0,0.0,20260130
20260130,001258,0.0323,0.0323,20260130
20260130,001259,0.4476,0.4476,20260130
20260130,001260,0.4032,0.4032,20260130
20260130,001266,0.0,0.0,20260130
20260130,001267,0.5927,0.5927,20260130
20260130,001268,0.2823,0.2823,20260130
20260130,001269,-0.3024,-0.3024,20260130
20260130,001270,0.0,0.0,20260130
20260130,001277,-0.0464,-0.0464,20260130
20260130,001278,0.5786,0.5786,20260130
20260130,001279,-0.2056,-0.2056,20260130
20260130,001280,0.1129,0.1129,20260130
20260130,001282,-0.0968,-0.0968,20260130
20260130,001283,-0.0665,-0.0665,20260130
20260130,001285,-0.0484,-0.0484,20260130
20260130,001286,0.0,0.0,20260130
20260130,001287,0.2984,0.2984,20260130
20260130,001288,0.3589,0.3589,20260130
20260130,001289,-0.1331,-0.1331,20260130
20260130,001296,0.2319,0.2319,20260130
20260130,001298,-0.0444,-0.0444,20260130
20260130,001299,-0.6935,-0.6935,20260130
20260130,001300,0.5181,0.5181,20260130
20260130,001301,-0.2843,-0.2843,20260130
20260130,001306,-0.0464,-0.0464,20260130
20260130,001308,-0.125,-0.125,20260130
20260130,001309,-0.1169,-0.1169,20260130
20260130,001311,0.6694,0.6694,20260130
20260130,001313,0.1411,0.1411,20260130
20260130,001314,0.0,0.0,20260130
20260130,001316,0.0,0.0,20260130
20260130,001317,-0.4516,-0.4516,20260130
20260130,001318,0.0,0.0,20260130
20260130,001319,0.4375,0.4375,20260130
20260130,001322,-0.0504,-0.0504,20260130
20260130,001323,0.0,0.0,20260130
20260130,001324,0.0,0.0,20260130
20260130,001325,0.0,0.0,20260130
20260130,001326,0.3528,0.3528,20260130
20260130,001328,0.0,0.0,20260130
20260130,001330,0.2097,0.2097,20260130
20260130,001331,0.2077,0.2077,20260130
20260130,001332,-0.1895,-0.1895,20260130
20260130,001333,0.0948,0.0948,20260130
20260130,001335,-0.4617,-0.4617,20260130
20260130,001336,0.2681,0.2681,20260130
20260130,001337,0.004,0.004,20260130
20260130,001338,-0.1129,-0.1129,20260130
20260227,000001,-0.119,-0.119,20260227
20260227,000002,0.0363,0.0363,20260227
20260227,000004,-0.373,-0.373,20260227
20260227,000006,-0.1714,-0.1714,20260227
20260227,000007,0.2036,0.2036,20260227
20260227,000008,-0.6371,-0.6371,20260227
20260227,000009,-0.4073,-0.4073,20260227
20260227,000010,0.2621,0.2621,20260227
20260227,000011,-0.4556,-0.4556,20260227
20260227,000012,0.0,0.0,20260227
20260227,000014,0.3488,0.3488,20260227
20260227,000016,-0.4214,-0.4214,20260227
20260227,000017,-0.4052,-0.4052,20260227
20260227,000019,0.0141,0.0141,20260227
20260227,000020,0.0101,0.0101,20260227
20260227,000021,0.3992,0.3992,20260227
20260227,000025,-0.3246,-0.3246,20260227
20260227,000026,-0.5242,-0.5242,20260227
20260227,000027,-0.2742,-0.2742,20260227
20260227,000028,0.3427,0.3427,20260227
20260227,000029,0.4173,0.4173,20260227
20260227,000030,-0.1855,-0.1855,20260227
20260227,000031,0.2903,0.2903,20260227
20260227,000032,-0.4899,-0.4899,20260227
20260227,000034,0.0706,0.0706,20260227
20260227,000035,0.0343,0.0343,20260227
20260227,000036,-0.246,-0.246,20260227
20260227,000037,0.1028,0.1028,20260227
20260227,000039,0.244,0.244,20260227
20260227,000042,0.5988,0.5988,20260227
20260227,000045,-0.0161,-0.0161,20260227
20260227,000048,0.2258,0.2258,20260227
20260227,000049,-0.1492,-0.1492,20260227
20260227,000050,-0.0504,-0.0504,20260227
20260227,000055,-0.2641,-0.2641,20260227
20260227,000056,0.0,0.0,20260227
20260227,000058,0.0,0.0,20260227
20260227,000059,0.0121,0.0121,20260227
20260227,000060,-0.0282,-0.0282,20260227
20260227,000061,-0.375,-0.375,20260227
20260227,000062,-0.1512,-0.1512,20260227
20260227,000063,-0.6512,-0.6512,20260227
20260227,000065,-0.2681,-0.2681,20260227
20260227,000066,-0.0262,-0.0262,20260227
20260227,000068,-0.1976,-0.1976,20260227
20260227,000069,-0.0222,-0.0222,20260227
20260227,000070,0.0887,0.0887,20260227
20260227,000078,0.0,0.0,20260227
20260227,000088,0.0,0.0,20260227
20260227,000089,0.0,0.0,20260227
20260227,000090,-0.0766,-0.0766,20260227
20260227,000096,-0.4435,-0.4435,20260227
20260227,000099,0.0,0.0,20260227
20260227,000100,0.0887,0.0887,20260227
20260227,000151,0.4113,0.4113,20260227
20260227,000153,0.2157,0.2157,20260227
20260227,000155,0.1734,0.1734,20260227
20260227,000156,0.3669,0.3669,20260227
20260227,000157,0.0746,0.0746,20260227
20260227,000158,0.0,0.0,20260227
20260227,000159,0.0,0.0,20260227
20260227,000166,0.0081,0.0081,20260227
20260227,000301,0.5847,0.5847,20260227
20260227,000333,0.1008,0.1008,20260227
20260227,000338,0.4738,0.4738,20260227
20260227,000400,0.0343,0.0343,20260227
20260227,000401,0.0726,0.0726,20260227
20260227,000402,0.1008,0.1008,20260227
20260227,000403,-0.0161,-0.0161,20260227
20260227,000404,0.1613,0.1613,20260227
20260227,000407,-0.3024,-0.3024,20260227
20260227,000408,-0.6895,-0.6895,20260227
20260227,000409,0.0746,0.0746,20260227
20260227,000410,0.0,0.0,20260227
20260227,000411,-0.1935,-0.1935,20260227
20260227,000415,0.5323,0.5323,20260227
20260227,000417,-0.0524,-0.0524,20260227
20260227,000419,0.1452,0.1452,20260227
20260227,000420,0.0,0.0,20260227
20260227,000421,-0.4395,-0.4395,20260227
20260227,000422,0.0423,0.0423,20260227
20260227,000423,0.2379,0.2379,20260227
20260227,000425,0.0847,0.0847,20260227
20260227,000426,-0.2379,-0.2379,20260227
20260227,000428,0.0,0.0,20260227
20260227,000429,0.1109,0.1109,20260227
20260227,000430,0.2036,0.2036,20260227
20260227,000488,0.0,0.0,20260227
20260227,000498,-0.1815,-0.1815,20260227
20260227,000501,-0.0726,-0.0726,20260227
20260227,000503,-0.2843,-0.2843,20260227
20260227,000504,0.0907,0.0907,20260227
20260227,000505,0.0403,0.0403,20260227
20260227,000506,0.0,0.0,20260227
20260227,000507,-0.0464,-0.0464,20260227
20260227,000509,0.0,0.0,20260227
20260227,000510,0.1694,0.1694,20260227
20260227,000513,0.002,0.002,20260227
20260227,000514,-0.1008,-0.1008,20260227
20260227,000516,-0.1109,-0.1109,20260227
20260227,000517,0.5484,0.5484,20260227
20260227,000518,0.0,0.0,20260227
20260227,000519,0.1089,0.1089,20260227
20260227,000520,-0.0927,-0.0927,20260227
20260227,000521,-0.1673,-0.1673,20260227
20260227,000523,-0.0242,-0.0242,20260227
20260227,000524,0.256,0.256,20260227
20260227,000525,0.0585,0.0585,20260227
20260227,000526,0.0,0.0,20260227
20260227,000528,-0.2843,-0.2843,20260227
20260227,000529,0.2802,0.2802,20260227
20260227,000530,0.0,0.0,20260227
20260227,000531,-0.5625,-0.5625,20260227
20260227,000532,0.006,0.006,20260227
20260227,000533,0.4133,0.4133,20260227
20260227,000534,0.4637,0.4637,20260227
20260227,000536,-0.2278,-0.2278,20260227
20260227,000537,0.0,0.0,20260227
20260227,000538,-0.1855,-0.1855,20260227
20260227,000539,-0.0323,-0.0323,20260227
20260227,000541,0.0,0.0,20260227
20260227,000543,-0.2863,-0.2863,20260227
20260227,000544,-0.1895,-0.1895,20260227
20260227,000545,0.2218,0.2218,20260227
20260227,000546,-0.2117,-0.2117,20260227
20260227,000547,-0.0121,-0.0121,20260227
20260227,000548,-0.0645,-0.0645,20260227
20260227,000550,0.2157,0.2157,20260227
20260227,000551,-0.4073,-0.4073,20260227
20260227,000552,0.0,0.0,20260227
20260227,000553,-0.2641,-0.2641,20260227
20260227,000554,0.252,0.252,20260227
20260227,000555,0.3427,0.3427,20260227
20260227,000557,0.0,0.0,20260227
20260227,000558,-0.1915,-0.1915,20260227
20260227,000559,0.0706,0.0706,20260227
20260227,000560,0.0,0.0,20260227
20260227,000561,-0.7298,-0.7298,20260227
20260227,000563,0.0282,0.0282,20260227
20260227,000564,0.0,0.0,20260227
20260227,000565,0.0,0.0,20260227
20260227,000566,-0.3246,-0.3246,20260227
20260227,000567,-0.1815,-0.1815,20260227
20260227,000568,-0.0141,-0.0141,20260227
20260227,000570,0.0,0.0,20260227
20260227,000571,0.0968,0.0968,20260227
20260227,000572,-0.1794,-0.1794,20260227
20260227,000573,0.0484,0.0484,20260227
20260227,000576,-0.2944,-0.2944,20260227
20260227,000581,0.4435,0.4435,20260227
20260227,000582,0.2984,0.2984,20260227
20260227,000586,0.0,0.0,20260227
20260227,000589,0.0,0.0,20260227
20260227,000590,0.0685,0.0685,20260227
20260227,000591,0.2016,0.2016,20260227
20260227,000592,0.0,0.0,20260227
20260227,000593,0.1613,0.1613,20260227
20260227,000595,-0.1694,-0.1694,20260227
20260227,000596,-0.1734,-0.1734,20260227
20260227,000597,-0.0464,-0.0464,20260227
20260227,000598,-0.0706,-0.0706,20260227
20260227,000599,0.4274,0.4274,20260227
20260227,000600,0.0,0.0,20260227
20260227,000601,0.0,0.0,20260227
20260227,000603,-0.0766,-0.0766,20260227
20260227,000605,0.0988,0.0988,20260227
20260227,000607,0.0,0.0,20260227
20260227,000608,0.3306,0.3306,20260227
20260227,000609,0.5907,0.5907,20260227
20260227,000610,-0.1149,-0.1149,20260227
20260227,000612,0.0907,0.0907,20260227
20260227,000615,0.0,0.0,20260227
20260227,000617,-0.0766,-0.0766,20260227
20260227,000619,0.0101,0.0101,20260227
20260227,000620,-0.2298,-0.2298,20260227
20260227,000623,-0.4536,-0.4536,20260227
20260227,000625,-0.2177,-0.2177,20260227
20260227,000626,0.0,0.0,20260227
20260227,000628,0.1815,0.1815,20260227
20260227,000629,0.0444,0.0444,20260227
20260227,000630,0.0585,0.0585,20260227
20260227,000631,0.2198,0.2198,20260227
20260227,000632,-0.2278,-0.2278,20260227
20260227,000633,-0.2782,-0.2782,20260227
20260227,000635,-0.4375,-0.4375,20260227
20260227,000636,0.5444,0.5444,20260227
20260227,000637,0.0,0.0,20260227
20260227,000638,-0.4798,-0.4798,20260227
20260227,000639,-0.1169,-0.1169,20260227
20260227,000650,-0.1935,-0.1935,20260227
20260227,000651,-0.3508,-0.3508,20260227
20260227,000652,-0.5161,-0.5161,20260227
20260227,000655,0.0827,0.0827,20260227
20260227,000656,0.0,0.0,20260227
20260227,000657,0.1411,0.1411,20260227
20260227,000659,0.2681,0.2681,20260227
20260227,000661,-0.1935,-0.1935,20260227
20260227,000663,-0.2581,-0.2581,20260227
20260227,000665,0.0,0.0,20260227
20260227,000668,0.0968,0.0968,20260227
20260227,000669,0.3871,0.3871,20260227
20260227,000670,-0.4073,-0.4073,20260227
20260227,000672,-0.1512,-0.1512,20260227
20260227,000676,-0.0464,-0.0464,20260227
20260227,000677,-0.2157,-0.2157,20260227
20260227,000678,-0.4234,-0.4234,20260227
20260227,000679,0.2661,0.2661,20260227
20260227,000680,0.0,0.0,20260227
20260227,000681,0.0,0.0,20260227
20260227,000682,0.0,0.0,20260227
20260227,000683,0.0444,0.0444,20260227
20260227,000685,-0.3004,-0.3004,20260227
20260227,000686,0.0,0.0,20260227
20260227,000688,0.0544,0.0544,20260227
20260227,000690,-0.1008,-0.1008,20260227
20260227,000691,-0.3871,-0.3871,20260227
20260227,000692,0.1593,0.1593,20260227
20260227,000695,0.0524,0.0524,20260227
20260227,000697,0.0504,0.0504,20260227
20260227,000698,-0.1976,-0.1976,20260227
20260227,000700,-0.3528,-0.3528,20260227
20260227,000701,-0.004,-0.004,20260227
20260227,000702,0.1956,0.1956,20260227
20260227,000703,0.5444,0.5444,20260227
20260227,000705,0.0685,0.0685,20260227
20260227,000707,0.0,0.0,20260227
20260227,000708,0.0,0.0,20260227
20260227,000709,0.0,0.0,20260227
20260227,000710,-0.0524,-0.0524,20260227
20260227,000711,0.1573,0.1573,20260227
20260227,000712,0.4677,0.4677,20260227
20260227,000713,-0.125,-0.125,20260227
20260227,000715,0.377,0.377,20260227
20260227,000716,-0.0202,-0.0202,20260227
20260227,000717,-0.1492,-0.1492,20260227
20260227,000718,-0.1089,-0.1089,20260227
20260227,000719,-0.127,-0.127,20260227
20260227,000720,0.1875,0.1875,20260227
20260227,000721,-0.6976,-0.6976,20260227
20260227,000722,-0.129,-0.129,20260227
20260227,000723,0.0,0.0,20260227
20260227,000725,0.131,0.131,20260227
20260227,000726,0.0101,0.0101,20260227
20260227,000727,-0.002,-0.002,20260227
20260227,000728,0.0565,0.0565,20260227
20260227,000729,0.1593,0.1593,20260227
20260227,000731,0.0847,0.0847,20260227
20260227,000733,0.0403,0.0403,20260227
20260227,000735,-0.1069,-0.1069,20260227
20260227,000736,-0.2077,-0.2077,20260227
20260227,000737,-0.0383,-0.0383,20260227
20260227,000738,0.0,0.0,20260227
20260227,000739,0.0,0.0,20260227
20260227,000750,-0.0202,-0.0202,20260227
20260227,000751,0.0585,0.0585,20260227
20260227,000752,-0.3286,-0.3286,20260227
20260227,000753,0.0,0.0,20260227
20260227,000755,0.0,0.0,20260227
20260227,000756,-0.0524,-0.0524,20260227
20260227,000757,0.0,0.0,20260227
20260227,000758,0.0,0.0,20260227
20260227,000759,0.0,0.0,20260227
20260227,000761,0.0484,0.0484,20260227
20260227,000762,-0.0464,-0.0464,20260227
20260227,000766,-0.3427,-0.3427,20260227
20260227,000767,0.1855,0.1855,20260227
20260227,000768,-0.379,-0.379,20260227
20260227,000776,-0.2016,-0.2016,20260227
20260227,000777,0.0282,0.0282,20260227
20260227,000778,0.0,0.0,20260227
20260227,000779,0.2944,0.2944,20260227
20260227,000782,0.5121,0.5121,20260227
20260227,000783,-0.2077,-0.2077,20260227
20260227,000785,-0.0302,-0.0302,20260227
20260227,000786,0.0484,0.0484,20260227
20260227,000788,-0.1492,-0.1492,20260227
20260227,000789,0.0202,0.0202,20260227
20260227,000790,0.0,0.0,20260227
20260227,000791,0.0544,0.0544,20260227
20260227,000792,0.0081,0.0081,20260227
20260227,000793,0.0,0.0,20260227
20260227,000795,0.0,0.0,20260227
20260227,000796,0.0,0.0,20260227
20260227,000797,-0.0141,-0.0141,20260227
20260227,000798,0.0,0.0,20260227
20260227,000799,-0.0706,-0.0706,20260227
20260227,000800,0.0,0.0,20260227
20260227,000801,0.3085,0.3085,20260227
20260227,000802,-0.1089,-0.1089,20260227
20260227,000803,-0.5343,-0.5343,20260227
20260227,000807,-0.4496,-0.4496,20260227
20260227,000809,-0.1875,-0.1875,20260227
20260227,000810,-0.1996,-0.1996,20260227
20260227,000811,0.1351,0.1351,20260227
20260227,000812,-0.4516,-0.4516,20260227
20260227,000813,0.0444,0.0444,20260227
20260227,000815,0.0625,0.0625,20260227
20260227,000816,-0.1552,-0.1552,20260227
20260227,000818,0.1976,0.1976,20260227
20260227,000819,-0.4214,-0.4214,20260227
20260227,000820,-0.4899,-0.4899,20260227
20260227,000821,0.4153,0.4153,20260227
20260227,000822,0.2056,0.2056,20260227
20260227,000823,0.2621,0.2621,20260227
20260227,000825,-0.6028,-0.6028,20260227
20260227,000826,0.1069,0.1069,20260227
20260227,000828,-0.0625,-0.0625,20260227
20260227,000829,-0.2278,-0.2278,20260227
20260227,000830,-0.6411,-0.6411,20260227
20260227,000831,0.0726,0.0726,20260227
20260227,000833,0.1633,0.1633,20260227
20260227,000837,-0.3589,-0.3589,20260227
20260227,000838,-0.3286,-0.3286,20260227
20260227,000839,0.379,0.379,20260227
20260227,000848,0.0,0.0,20260227
20260227,000850,-0.5081,-0.5081,20260227
20260227,000852,0.0,0.0,20260227
20260227,000856,0.1129,0.1129,20260227
20260227,000858,0.1552,0.1552,20260227
20260227,000859,-0.0706,-0.0706,20260227
20260227,000860,0.0,0.0,20260227
20260227,000862,0.125,0.125,20260227
20260227,000863,-0.1512,-0.1512,20260227
20260227,000868,-0.1452,-0.1452,20260227
20260227,000869,0.0,0.0,20260227
20260227,000875,0.1694,0.1694,20260227
20260227,000876,0.0,0.0,20260227
20260227,000877,-0.4456,-0.4456,20260227
20260227,000878,0.0,0.0,20260227
20260227,000880,0.0,0.0,20260227
20260227,000881,-0.6089,-0.6089,20260227
20260227,000882,-0.5081,-0.5081,20260227
20260227,000883,-0.2036,-0.2036,20260227
20260227,000885,-0.4194,-0.4194,20260227
20260227,000886,0.0242,0.0242,20260227
20260227,000887,-0.3569,-0.3569,20260227
20260227,000888,0.0,0.0,20260227
20260227,000889,-0.4194,-0.4194,20260227
20260227,000890,0.1431,0.1431,20260227
20260227,000892,-0.2702,-0.2702,20260227
20260227,000893,-0.6774,-0.6774,20260227
20260227,000895,0.4194,0.4194,20260227
20260227,000897,-0.0867,-0.0867,20260227
20260227,000898,-0.1391,-0.1391,20260227
20260227,000899,0.1996,0.1996,20260227
20260227,000900,0.0948,0.0948,20260227
20260227,000901,0.0504,0.0504,20260227
20260227,000902,0.0,0.0,20260227
20260227,000903,0.2137,0.2137,20260227
20260227,000905,-0.3327,-0.3327,20260227
20260227,000906,0.0,0.0,20260227
20260227,000908,-0.3468,-0.3468,20260227
20260227,000909,0.0948,0.0948,20260227
20260227,000910,-0.1895,-0.1895,20260227
20260227,000911,-0.129,-0.129,20260227
20260227,000912,-0.0202,-0.0202,20260227
20260227,000913,0.0,0.0,20260227
20260227,000915,0.0806,0.0806,20260227
20260227,000917,0.0927,0.0927,20260227
20260227,000919,-0.2097,-0.2097,20260227
20260227,000920,0.0,0.0,20260227
20260227,000921,-0.2298,-0.2298,20260227
20260227,000922,0.125,0.125,20260227
20260227,000923,-0.123,-0.123,20260227
20260227,000925,-0.6653,-0.6653,20260227
20260227,000926,0.0,0.0,20260227
20260227,000927,-0.0847,-0.0847,20260227
20260227,000928,0.0,0.0,20260227
20260227,000929,-0.0665,-0.0665,20260227
20260227,000930,0.1452,0.1452,20260227
20260227,000931,0.1371,0.1371,20260227
20260227,000932,0.0867,0.0867,20260227
20260227,000933,0.0,0.0,20260227
20260227,000935,0.0,0.0,20260227
20260227,000936,-0.1774,-0.1774,20260227
20260227,000937,-0.1411,-0.1411,20260227
20260227,000938,0.2964,0.2964,20260227
20260227,000948,-0.0968,-0.0968,20260227
20260227,000949,-0.0847,-0.0847,20260227
20260227,000950,-0.0282,-0.0282,20260227
20260227,000951,0.5343,0.5343,20260227
20260227,000952,0.379,0.379,20260227
20260227,000953,0.2177,0.2177,20260227
20260227,000955,0.0,0.0,20260227
20260227,000957,0.0887,0.0887,20260227
20260227,000958,-0.4133,-0.4133,20260227
20260227,000959,-0.121,-0.121,20260227
20260227,000960,0.0,0.0,20260227
20260227,000962,0.1431,0.1431,20260227
20260227,000963,-0.1935,-0.1935,20260227
20260227,000965,-0.0202,-0.0202,20260227
20260227,000966,-0.0202,-0.0202,20260227
20260227,000967,0.0,0.0,20260227
20260227,000968,0.0,0.0,20260227
20260227,000969,-0.5343,-0.5343,20260227
20260227,000970,0.1351,0.1351,20260227
20260227,000972,0.0,0.0,20260227
20260227,000973,0.3569,0.3569,20260227
20260227,000975,-0.5988,-0.5988,20260227
20260227,000977,0.0,0.0,20260227
20260227,000978,-0.0665,-0.0665,20260227
20260227,000980,-0.3831,-0.3831,20260227
20260227,000981,-0.0282,-0.0282,20260227
20260227,000983,-0.0706,-0.0706,20260227
20260227,000985,-0.1714,-0.1714,20260227
20260227,000987,-0.3669,-0.3669,20260227
20260227,000988,0.254,0.254,20260227
20260227,000989,-0.0202,-0.0202,20260227
20260227,000990,0.0343,0.0343,20260227
20260227,000993,0.0706,0.0706,20260227
20260227,000995,0.5948,0.5948,20260227
20260227,000997,-0.0141,-0.0141,20260227
20260227,000998,0.0,0.0,20260227
20260227,000999,0.0081,0.0081,20260227
20260227,001201,0.0,0.0,20260227
20260227,001202,-0.5363,-0.5363,20260227
20260227,001203,0.2359,0.2359,20260227
20260227,001205,0.0,0.0,20260227
20260227,001206,-0.7863,-0.7863,20260227
20260227,001207,-0.2319,-0.2319,20260227
20260227,001208,-0.129,-0.129,20260227
20260227,001209,0.3085,0.3085,20260227
20260227,001210,0.0,0.0,20260227
20260227,001211,-0.3226,-0.3226,20260227
20260227,001212,0.0,0.0,20260227
20260227,001213,-0.0222,-0.0222,20260227
20260227,001215,-0.1109,-0.1109,20260227
20260227,001216,0.3931,0.3931,20260227
20260227,001217,-0.0081,-0.0081,20260227
20260227,001218,-0.1452,-0.1452,20260227
20260227,001219,0.3044,0.3044,20260227
20260227,001221,0.0,0.0,20260227
20260227,001222,-0.0101,-0.0101,20260227
20260227,001223,-0.246,-0.246,20260227
20260227,001225,-0.0524,-0.0524,20260227
20260227,001226,-0.7742,-0.7742,20260227
20260227,001227,0.0,0.0,20260227
20260227,001228,0.2823,0.2823,20260227
20260227,001229,0.0141,0.0141,20260227
20260227,001230,0.0403,0.0403,20260227
20260227,001231,-0.1109,-0.1109,20260227
20260227,001233,-0.3871,-0.3871,20260227
20260227,001234,0.0,0.0,20260227
20260227,001236,0.0,0.0,20260227
20260227,001238,-0.2923,-0.2923,20260227
20260227,001239,-0.5827,-0.5827,20260227
20260227,001255,0.1169,0.1169,20260227
20260227,001256,0.0,0.0,20260227
20260227,001258,-0.0121,-0.0121,20260227
20260227,001259,0.4355,0.4355,20260227
20260227,001260,-0.3327,-0.3327,20260227
20260227,001266,0.0,0.0,20260227
20260227,001267,0.0706,0.0706,20260227
20260227,001268,-0.0242,-0.0242,20260227
20260227,001269,-0.0423,-0.0423,20260227
20260227,001270,0.0,0.0,20260227
20260227,001277,-0.1472,-0.1472,20260227
20260227,001278,0.4315,0.4315,20260227
20260227,001279,-0.3085,-0.3085,20260227
20260227,001280,-0.0181,-0.0181,20260227
20260227,001282,0.1613,0.1613,20260227
20260227,001283,-0.381,-0.381,20260227
20260227,001285,-0.3266,-0.3266,20260227
20260227,001286,0.006,0.006,20260227
20260227,001287,-0.2661,-0.2661,20260227
20260227,001288,0.2298,0.2298,20260227
20260227,001289,0.0161,0.0161,20260227
20260227,001296,-0.0766,-0.0766,20260227
20260227,001298,-0.2782,-0.2782,20260227
20260227,001299,-0.0121,-0.0121,20260227
20260227,001300,0.0605,0.0605,20260227
20260227,001301,-0.125,-0.125,20260227
20260227,001306,-0.0423,-0.0423,20260227
20260227,001308,-0.0242,-0.0242,20260227
20260227,001309,-0.7238,-0.7238,20260227
20260227,001311,0.2077,0.2077,20260227
20260227,001313,-0.0806,-0.0806,20260227
20260227,001314,0.2419,0.2419,20260227
20260227,001316,0.0,0.0,20260227
20260227,001317,0.2258,0.2258,20260227
20260227,001318,0.0,0.0,20260227
20260227,001319,-0.1613,-0.1613,20260227
20260227,001322,0.2218,0.2218,20260227
20260227,001323,0.0323,0.0323,20260227
20260227,001324,0.0,0.0,20260227
20260227,001325,0.0,0.0,20260227
20260227,001326,0.4274,0.4274,20260227
20260227,001328,0.0,0.0,20260227
20260227,001330,0.1331,0.1331,20260227
20260227,001331,-0.3065,-0.3065,20260227
20260227,001332,-0.1552,-0.1552,20260227
20260227,001333,0.0806,0.0806,20260227
20260227,001335,-0.5181,-0.5181,20260227
20260227,001336,0.1855,0.1855,20260227
20260227,001337,0.1895,0.1895,20260227
20260227,001338,0.0,0.0,20260227
20260331,000001,0.0,0.0,20260331
20260331,000002,-0.4064,-0.4064,20260331
20260331,000004,-0.3018,-0.3018,20260331
20260331,000006,0.171,0.171,20260331
20260331,000007,0.0,0.0,20260331
20260331,000008,0.165,0.165,20260331
20260331,000009,0.163,0.163,20260331
20260331,000010,0.0,0.0,20260331
20260331,000011,0.0503,0.0503,20260331
20260331,000012,0.0,0.0,20260331
20260331,000014,0.3803,0.3803,20260331
20260331,000016,-0.2656,-0.2656,20260331
20260331,000017,0.0,0.0,20260331
20260331,000019,0.6097,0.6097,20260331
20260331,000020,0.33,0.33,20260331
20260331,000021,-0.507,-0.507,20260331
20260331,000025,-0.4608,-0.4608,20260331
20260331,000026,0.006,0.006,20260331
20260331,000027,-0.0724,-0.0724,20260331
20260331,000028,0.1127,0.1127,20260331
20260331,000029,-0.3763,-0.3763,20260331
20260331,000030,0.493,0.493,20260331
20260331,000031,-0.4225,-0.4225,20260331
20260331,000032,0.0644,0.0644,20260331
20260331,000034,-0.0805,-0.0805,20260331
20260331,000035,-0.2777,-0.2777,20260331
20260331,000036,-0.0744,-0.0744,20260331
20260331,000037,0.2314,0.2314,20260331
20260331,000039,-0.6519,-0.6519,20260331
20260331,000042,0.2676,0.2676,20260331
20260331,000045,0.328,0.328,20260331
20260331,000048,0.7243,0.7243,20260331
20260331,000049,0.2877,0.2877,20260331
20260331,000050,-0.501,-0.501,20260331
20260331,000055,0.0262,0.0262,20260331
20260331,000056,0.0282,0.0282,20260331
20260331,000058,0.0,0.0,20260331
20260331,000059,-0.006,-0.006,20260331
20260331,000060,0.0,0.0,20260331
20260331,000061,-0.2093,-0.2093,20260331
20260331,000062,0.2596,0.2596,20260331
20260331,000063,-0.4306,-0.4306,20260331
20260331,000065,0.33,0.33,20260331
20260331,000066,0.0,0.0,20260331
20260331,000068,0.0946,0.0946,20260331
20260331,000069,-0.3561,-0.3561,20260331
20260331,000070,-0.0724,-0.0724,20260331
20260331,000078,-0.0463,-0.0463,20260331
20260331,000088,0.0443,0.0443,20260331
20260331,000089,0.0,0.0,20260331
20260331,000090,-0.1751,-0.1751,20260331
20260331,000096,-0.004,-0.004,20260331
20260331,000099,0.0,0.0,20260331
20260331,000100,-0.3461,-0.3461,20260331
20260331,000151,-0.4326,-0.4326,20260331
20260331,000153,0.0543,0.0543,20260331
20260331,000155,0.1489,0.1489,20260331
20260331,000156,0.0704,0.0704,20260331
20260331,000157,0.0,0.0,20260331
20260331,000158,-0.171,-0.171,20260331
20260331,000159,0.0684,0.0684,20260331
20260331,000166,0.1449,0.1449,20260331
20260331,000301,-0.5211,-0.5211,20260331
20260331,000333,0.0423,0.0423,20260331
20260331,000338,0.0,0.0,20260331
20260331,000400,-0.3038,-0.3038,20260331
20260331,000401,0.1046,0.1046,20260331
20260331,000402,-0.1167,-0.1167,20260331
20260331,000403,-0.4266,-0.4266,20260331
20260331,000404,0.0,0.0,20260331
20260331,000407,-0.4366,-0.4366,20260331
20260331,000408,0.0986,0.0986,20260331
20260331,000409,0.0946,0.0946,20260331
20260331,000410,-0.0402,-0.0402,20260331
20260331,000411,-0.1751,-0.1751,20260331
20260331,000415,-0.336,-0.336,20260331
20260331,000417,-0.1147,-0.1147,20260331
20260331,000419,0.1489,0.1489,20260331
20260331,000420,0.3863,0.3863,20260331
20260331,000421,-0.3179,-0.3179,20260331
20260331,000422,-0.1751,-0.1751,20260331
20260331,000423,0.0644,0.0644,20260331
20260331,000425,-0.165,-0.165,20260331
20260331,000426,-0.0302,-0.0302,20260331
20260331,000428,0.0,0.0,20260331
20260331,000429,0.3099,0.3099,20260331
20260331,000430,0.0,0.0,20260331
20260331,000488,0.0,0.0,20260331
20260331,000498,-0.1429,-0.1429,20260331
20260331,000501,0.0,0.0,20260331
20260331,000503,0.0,0.0,20260331
20260331,000504,0.0262,0.0262,20260331
20260331,000505,-0.169,-0.169,20260331
20260331,000506,-0.1891,-0.1891,20260331
20260331,000507,-0.328,-0.328,20260331
20260331,000509,0.3642,0.3642,20260331
20260331,000510,-0.3924,-0.3924,20260331
20260331,000513,0.0,0.0,20260331
20260331,000514,0.1207,0.1207,20260331
20260331,000516,0.0,0.0,20260331
20260331,000517,-0.1187,-0.1187,20260331
20260331,000518,0.1569,0.1569,20260331
20260331,000519,-0.0443,-0.0443,20260331
20260331,000520,0.0,0.0,20260331
20260331,000521,-0.0181,-0.0181,20260331
20260331,000523,-0.1509,-0.1509,20260331
20260331,000524,-0.6016,-0.6016,20260331
20260331,000525,-0.171,-0.171,20260331
20260331,000526,-0.159,-0.159,20260331
20260331,000528,-0.1771,-0.1771,20260331
20260331,000529,-0.1087,-0.1087,20260331
20260331,000530,0.2213,0.2213,20260331
20260331,000531,0.0684,0.0684,20260331
20260331,000532,-0.0543,-0.0543,20260331
20260331,000533,0.4608,0.4608,20260331
20260331,000534,0.0,0.0,20260331
20260331,000536,-0.0644,-0.0644,20260331
20260331,000537,0.1388,0.1388,20260331
20260331,000538,-0.1791,-0.1791,20260331
20260331,000539,0.2052,0.2052,20260331
20260331,000541,-0.3561,-0.3561,20260331
20260331,000543,-0.1167,-0.1167,20260331
20260331,000544,-0.2897,-0.2897,20260331
20260331,000545,-0.0946,-0.0946,20260331
20260331,000546,0.2716,0.2716,20260331
20260331,000547,0.0,0.0,20260331
20260331,000548,0.1127,0.1127,20260331
20260331,000550,0.0584,0.0584,20260331
20260331,000551,0.3179,0.3179,20260331
20260331,000552,0.1147,0.1147,20260331
20260331,000553,0.2515,0.2515,20260331
20260331,000554,0.0,0.0,20260331
20260331,000555,0.0704,0.0704,20260331
20260331,000557,0.0,0.0,20260331
20260331,000558,-0.1469,-0.1469,20260331
20260331,000559,-0.0644,-0.0644,20260331
20260331,000560,-0.4708,-0.4708,20260331
20260331,000561,-0.495,-0.495,20260331
20260331,000563,0.1911,0.1911,20260331
20260331,000564,-0.3421,-0.3421,20260331
20260331,000565,0.0,0.0,20260331
20260331,000566,-0.0926,-0.0926,20260331
20260331,000567,-0.0121,-0.0121,20260331
20260331,000568,0.0141,0.0141,20260331
20260331,000570,0.0,0.0,20260331
20260331,000571,-0.5594,-0.5594,20260331
20260331,000572,-0.1469,-0.1469,20260331
20260331,000573,0.2052,0.2052,20260331
20260331,000576,-0.4105,-0.4105,20260331
20260331,000581,-0.1831,-0.1831,20260331
20260331,000582,0.0,0.0,20260331
20260331,000586,0.1328,0.1328,20260331
20260331,000589,0.0785,0.0785,20260331
20260331,000590,0.0,0.0,20260331
20260331,000591,-0.1871,-0.1871,20260331
20260331,000592,0.0,0.0,20260331
20260331,000593,0.0,0.0,20260331
20260331,000595,0.0584,0.0584,20260331
20260331,000596,-0.3843,-0.3843,20260331
20260331,000597,0.0986,0.0986,20260331
20260331,000598,0.0423,0.0423,20260331
20260331,000599,-0.1489,-0.1489,20260331
20260331,000600,-0.0241,-0.0241,20260331
20260331,000601,0.0483,0.0483,20260331
20260331,000603,-0.0201,-0.0201,20260331
20260331,000605,0.0,0.0,20260331
20260331,000607,0.0,0.0,20260331
20260331,000608,0.3924,0.3924,20260331
20260331,000609,-0.328,-0.328,20260331
20260331,000610,0.0,0.0,20260331
20260331,000612,-0.2374,-0.2374,20260331
20260331,000615,-0.0161,-0.0161,20260331
20260331,000617,0.4769,0.4769,20260331
20260331,000619,0.1811,0.1811,20260331
20260331,000620,0.173,0.173,20260331
20260331,000623,-0.3682,-0.3682,20260331
20260331,000625,-0.4145,-0.4145,20260331
20260331,000626,0.1791,0.1791,20260331
20260331,000628,-0.1831,-0.1831,20260331
20260331,000629,-0.0543,-0.0543,20260331
20260331,000630,0.0,0.0,20260331
20260331,000631,0.1811,0.1811,20260331
20260331,000632,0.0,0.0,20260331
20260331,000633,0.1368,0.1368,20260331
20260331,000635,0.1268,0.1268,20260331
20260331,000636,-0.5634,-0.5634,20260331
20260331,000637,0.0,0.0,20260331
20260331,000638,-0.2616,-0.2616,20260331
20260331,000639,0.0,0.0,20260331
20260331,000650,-0.165,-0.165,20260331
20260331,000651,0.1006,0.1006,20260331
20260331,000652,-0.1831,-0.1831,20260331
20260331,000655,-0.1489,-0.1489,20260331
20260331,000656,0.1408,0.1408,20260331
20260331,000657,-0.1147,-0.1147,20260331
20260331,000659,0.1268,0.1268,20260331
20260331,000661,-0.2032,-0.2032,20260331
20260331,000663,-0.6076,-0.6076,20260331
20260331,000665,0.0,0.0,20260331
20260331,000668,0.0,0.0,20260331
20260331,000669,0.4688,0.4688,20260331
20260331,000670,0.326,0.326,20260331
20260331,000672,-0.161,-0.161,20260331
20260331,000676,0.0,0.0,20260331
20260331,000677,0.4547,0.4547,20260331
20260331,000678,0.4809,0.4809,20260331
20260331,000679,0.1006,0.1006,20260331
20260331,000680,0.002,0.002,20260331
20260331,000681,-0.2173,-0.2173,20260331
20260331,000682,-0.2817,-0.2817,20260331
20260331,000683,-0.1026,-0.1026,20260331
20260331,000685,-0.2314,-0.2314,20260331
20260331,000686,0.0,0.0,20260331
20260331,000688,0.8652,0.8652,20260331
20260331,000690,0.1207,0.1207,20260331
20260331,000691,0.1771,0.1771,20260331
20260331,000692,0.4769,0.4769,20260331
20260331,000695,0.4608,0.4608,20260331
20260331,000697,0.3984,0.3984,20260331
20260331,000698,0.5433,0.5433,20260331
20260331,000700,0.002,0.002,20260331
20260331,000701,0.0,0.0,20260331
20260331,000702,0.0,0.0,20260331
20260331,000703,0.0322,0.0322,20260331
20260331,000705,0.0,0.0,20260331
20260331,000707,0.0,0.0,20260331
20260331,000708,0.0,0.0,20260331
20260331,000709,0.0282,0.0282,20260331
20260331,000710,-0.6439,-0.6439,20260331
20260331,000711,0.3602,0.3602,20260331
20260331,000712,-0.2475,-0.2475,20260331
20260331,000713,-0.2314,-0.2314,20260331
20260331,000715,0.2012,0.2012,20260331
20260331,000716,-0.3139,-0.3139,20260331
20260331,000717,0.1288,0.1288,20260331
20260331,000718,-0.1429,-0.1429,20260331
20260331,000719,0.0,0.0,20260331
20260331,000720,0.4748,0.4748,20260331
20260331,000721,-0.4225,-0.4225,20260331
20260331,000722,0.0,0.0,20260331
20260331,000723,0.0,0.0,20260331
20260331,000725,-0.3239,-0.3239,20260331
20260331,000726,0.1087,0.1087,20260331
20260331,000727,0.2012,0.2012,20260331
20260331,000728,0.1388,0.1388,20260331
20260331,000729,-0.1388,-0.1388,20260331
20260331,000731,-0.2012,-0.2012,20260331
20260331,000733,-0.4427,-0.4427,20260331
20260331,000735,-0.0382,-0.0382,20260331
20260331,000736,0.0,0.0,20260331
20260331,000737,0.0181,0.0181,20260331
20260331,000738,-0.0201,-0.0201,20260331
20260331,000739,0.0885,0.0885,20260331
20260331,000750,0.0644,0.0644,20260331
20260331,000751,-0.0241,-0.0241,20260331
20260331,000752,0.0402,0.0402,20260331
20260331,000753,0.0443,0.0443,20260331
20260331,000755,0.0,0.0,20260331
20260331,000756,-0.0241,-0.0241,20260331
20260331,000757,0.0,0.0,20260331
20260331,000758,0.0101,0.0101,20260331
20260331,000759,0.0,0.0,20260331
20260331,000761,0.0,0.0,20260331
20260331,000762,0.6076,0.6076,20260331
20260331,000766,-0.3521,-0.3521,20260331
20260331,000767,0.2093,0.2093,20260331
20260331,000768,0.0,0.0,20260331
20260331,000776,-0.1348,-0.1348,20260331
20260331,000777,0.0,0.0,20260331
20260331,000778,0.0,0.0,20260331
20260331,000779,-0.2475,-0.2475,20260331
20260331,000782,-0.167,-0.167,20260331
20260331,000783,-0.0926,-0.0926,20260331
20260331,000785,-0.2435,-0.2435,20260331
20260331,000786,-0.1247,-0.1247,20260331
20260331,000788,-0.0443,-0.0443,20260331
20260331,000789,0.0,0.0,20260331
20260331,000790,0.004,0.004,20260331
20260331,000791,-0.3541,-0.3541,20260331
20260331,000792,0.2173,0.2173,20260331
20260331,000793,-0.3038,-0.3038,20260331
20260331,000795,0.0302,0.0302,20260331
20260331,000796,0.0402,0.0402,20260331
20260331,000797,0.2052,0.2052,20260331
20260331,000798,0.0,0.0,20260331
20260331,000799,-0.4346,-0.4346,20260331
20260331,000800,-0.0825,-0.0825,20260331
20260331,000801,-0.6016,-0.6016,20260331
20260331,000802,0.0624,0.0624,20260331
20260331,000803,-0.4427,-0.4427,20260331
20260331,000807,0.2233,0.2233,20260331
20260331,000809,0.4346,0.4346,20260331
20260331,000810,0.0523,0.0523,20260331
20260331,000811,-0.1147,-0.1147,20260331
20260331,000812,0.0503,0.0503,20260331
20260331,000813,-0.0382,-0.0382,20260331
20260331,000815,0.334,0.334,20260331
20260331,000816,-0.5433,-0.5433,20260331
20260331,000818,0.2998,0.2998,20260331
20260331,000819,-0.0121,-0.0121,20260331
20260331,000820,-0.1348,-0.1348,20260331
20260331,000821,-0.4044,-0.4044,20260331
20260331,000822,-0.2596,-0.2596,20260331
20260331,000823,-0.4909,-0.4909,20260331
20260331,000825,-0.2817,-0.2817,20260331
20260331,000826,-0.5312,-0.5312,20260331
20260331,000828,-0.2354,-0.2354,20260331
20260331,000829,-0.1469,-0.1469,20260331
20260331,000830,-0.332,-0.332,20260331
20260331,000831,-0.0282,-0.0282,20260331
20260331,000833,-0.0141,-0.0141,20260331
20260331,000837,0.0,0.0,20260331
20260331,000838,-0.3823,-0.3823,20260331
20260331,000839,0.0845,0.0845,20260331
20260331,000848,0.0,0.0,20260331
20260331,000850,-0.0161,-0.0161,20260331
20260331,000852,0.0,0.0,20260331
20260331,000856,0.7284,0.7284,20260331
20260331,000858,0.1368,0.1368,20260331
20260331,000859,0.0,0.0,20260331
20260331,000860,-0.3239,-0.3239,20260331
20260331,000862,0.0,0.0,20260331
20260331,000863,0.2455,0.2455,20260331
20260331,000868,0.0,0.0,20260331
20260331,000869,0.0,0.0,20260331
20260331,000875,-0.5694,-0.5694,20260331
20260331,000876,-0.2354,-0.2354,20260331
20260331,000877,0.0443,0.0443,20260331
20260331,000878,-0.008,-0.008,20260331
20260331,000880,-0.0523,-0.0523,20260331
20260331,000881,-0.1087,-0.1087,20260331
20260331,000882,-0.5936,-0.5936,20260331
20260331,000883,-0.1811,-0.1811,20260331
20260331,000885,0.0,0.0,20260331
20260331,000886,-0.2857,-0.2857,20260331
20260331,000887,-0.0825,-0.0825,20260331
20260331,000888,-0.2072,-0.2072,20260331
20260331,000889,-0.0463,-0.0463,20260331
20260331,000890,0.3763,0.3763,20260331
20260331,000892,-0.0463,-0.0463,20260331
20260331,000893,0.2495,0.2495,20260331
20260331,000895,0.2052,0.2052,20260331
20260331,000897,-0.0302,-0.0302,20260331
20260331,000898,0.0463,0.0463,20260331
20260331,000899,-0.2978,-0.2978,20260331
20260331,000900,-0.0302,-0.0302,20260331
20260331,000901,-0.0885,-0.0885,20260331
20260331,000902,-0.4085,-0.4085,20260331
20260331,000903,0.3984,0.3984,20260331
20260331,000905,-0.5111,-0.5111,20260331
20260331,000906,-0.0704,-0.0704,20260331
20260331,000908,0.2515,0.2515,20260331
20260331,000909,0.1932,0.1932,20260331
20260331,000910,0.167,0.167,20260331
20260331,000911,-0.1549,-0.1549,20260331
20260331,000912,0.0,0.0,20260331
20260331,000913,0.0,0.0,20260331
20260331,000915,-0.1107,-0.1107,20260331
20260331,000917,-0.493,-0.493,20260331
20260331,000919,0.0181,0.0181,20260331
20260331,000920,-0.2072,-0.2072,20260331
20260331,000921,-0.2757,-0.2757,20260331
20260331,000922,-0.0704,-0.0704,20260331
20260331,000923,-0.1891,-0.1891,20260331
20260331,000925,-0.2877,-0.2877,20260331
20260331,000926,0.0,0.0,20260331
20260331,000927,0.4326,0.4326,20260331
20260331,000928,0.0101,0.0101,20260331
20260331,000929,-0.3903,-0.3903,20260331
20260331,000930,0.169,0.169,20260331
20260331,000931,0.1247,0.1247,20260331
20260331,000932,-0.1851,-0.1851,20260331
20260331,000933,0.0,0.0,20260331
20260331,000935,-0.1187,-0.1187,20260331
20260331,000936,-0.1368,-0.1368,20260331
20260331,000937,0.0,0.0,20260331
20260331,000938,0.2837,0.2837,20260331
20260331,000948,0.1288,0.1288,20260331
20260331,000949,0.0,0.0,20260331
20260331,000950,0.0684,0.0684,20260331
20260331,000951,0.2294,0.2294,20260331
20260331,000952,-0.0704,-0.0704,20260331
20260331,000953,-0.0785,-0.0785,20260331
20260331,000955,0.0,0.0,20260331
20260331,000957,0.1308,0.1308,20260331
20260331,000958,-0.2857,-0.2857,20260331
20260331,000959,-0.1388,-0.1388,20260331
20260331,000960,-0.1227,-0.1227,20260331
20260331,000962,0.0,0.0,20260331
20260331,000963,0.1288,0.1288,20260331
20260331,000965,0.0101,0.0101,20260331
20260331,000966,0.0,0.0,20260331
20260331,000967,0.2314,0.2314,20260331
20260331,000968,0.0,0.0,20260331
20260331,000969,0.0282,0.0282,20260331
20260331,000970,-0.0362,-0.0362,20260331
20260331,000972,0.1972,0.1972,20260331
20260331,000973,0.499,0.499,20260331
20260331,000975,0.1992,0.1992,20260331
20260331,000977,-0.2978,-0.2978,20260331
20260331,000978,0.1368,0.1368,20260331
20260331,000980,-0.171,-0.171,20260331
20260331,000981,0.0483,0.0483,20260331
20260331,000983,-0.3622,-0.3622,20260331
20260331,000985,-0.3541,-0.3541,20260331
20260331,000987,0.0,0.0,20260331
20260331,000988,0.7183,0.7183,20260331
20260331,000989,0.0664,0.0664,20260331
20260331,000990,0.5111,0.5111,20260331
20260331,000993,0.0282,0.0282,20260331
20260331,000995,0.0,0.0,20260331
20260331,000997,-0.3481,-0.3481,20260331
20260331,000998,0.0,0.0,20260331
20260331,000999,-0.3521,-0.3521,20260331
20260331,001201,0.0,0.0,20260331
20260331,001202,0.0221,0.0221,20260331
20260331,001203,0.7103,0.7103,20260331
20260331,001205,-0.0141,-0.0141,20260331
20260331,001206,-0.5795,-0.5795,20260331
20260331,001207,0.5231,0.5231,20260331
20260331,001208,-0.0121,-0.0121,20260331
20260331,001209,-0.3662,-0.3662,20260331
20260331,001210,-0.1127,-0.1127,20260331
20260331,001211,0.4386,0.4386,20260331
20260331,001212,0.0,0.0,20260331
20260331,001213,0.3742,0.3742,20260331
20260331,001215,0.0825,0.0825,20260331
20260331,001216,-0.006,-0.006,20260331
20260331,001217,-0.0584,-0.0584,20260331
20260331,001218,0.2294,0.2294,20260331
20260331,001219,0.1187,0.1187,20260331
20260331,001220,0.0,0.0,20260331
20260331,001221,0.4105,0.4105,20260331
20260331,001222,0.0,0.0,20260331
20260331,001223,-0.0744,-0.0744,20260331
20260331,001225,-0.167,-0.167,20260331
20260331,001226,0.2676,0.2676,20260331
20260331,001227,-0.1408,-0.1408,20260331
20260331,001228,-0.0664,-0.0664,20260331
20260331,001229,0.2354,0.2354,20260331
20260331,001230,-0.1449,-0.1449,20260331
20260331,001231,-0.0262,-0.0262,20260331
20260331,001233,-0.1107,-0.1107,20260331
20260331,001234,-0.2012,-0.2012,20260331
20260331,001236,0.2797,0.2797,20260331
20260331,001238,0.0,0.0,20260331
20260331,001239,0.5091,0.5091,20260331
20260331,001255,0.0,0.0,20260331
20260331,001256,0.0,0.0,20260331
20260331,001258,0.161,0.161,20260331
20260331,001259,0.0221,0.0221,20260331
20260331,001260,0.2535,0.2535,20260331
20260331,001266,0.0,0.0,20260331
20260331,001267,0.2314,0.2314,20260331
20260331,001268,-0.1288,-0.1288,20260331
20260331,001269,0.0,0.0,20260331
20260331,001270,-0.8189,-0.8189,20260331
20260331,001277,0.0,0.0,20260331
20260331,001278,-0.2374,-0.2374,20260331
20260331,001279,-0.1891,-0.1891,20260331
20260331,001280,0.0563,0.0563,20260331
20260331,001282,-0.1791,-0.1791,20260331
20260331,001283,0.4024,0.4024,20260331
20260331,001285,0.0563,0.0563,20260331
20260331,001286,-0.1026,-0.1026,20260331
20260331,001287,0.2918,0.2918,20260331
20260331,001288,-0.0865,-0.0865,20260331
20260331,001289,-0.1509,-0.1509,20260331
20260331,001296,-0.2254,-0.2254,20260331
20260331,001298,0.0,0.0,20260331
20260331,001299,-0.2777,-0.2777,20260331
20260331,001300,0.4748,0.4748,20260331
20260331,001301,0.2515,0.2515,20260331
20260331,001306,-0.1207,-0.1207,20260331
20260331,001308,0.004,0.004,20260331
20260331,001309,0.0,0.0,20260331
20260331,001311,-0.1328,-0.1328,20260331
20260331,001313,0.1871,0.1871,20260331
20260331,001314,-0.4185,-0.4185,20260331
20260331,001316,0.0,0.0,20260331
20260331,001317,-0.0523,-0.0523,20260331
20260331,001318,0.0,0.0,20260331
20260331,001319,0.0423,0.0423,20260331
20260331,001322,-0.2656,-0.2656,20260331
20260331,001323,-0.0986,-0.0986,20260331
20260331,001324,0.0,0.0,20260331
20260331,001325,0.0,0.0,20260331
20260331,001326,-0.3521,-0.3521,20260331
20260331,001328,0.0,0.0,20260331
20260331,001330,-0.2414,-0.2414,20260331
20260331,001331,0.0483,0.0483,20260331
20260331,001332,0.4628,0.4628,20260331
20260331,001333,0.0221,0.0221,20260331
20260331,001335,-0.0624,-0.0624,20260331
20260331,001336,0.5211,0.5211,20260331
20260331,001337,0.0,0.0,20260331
20260331,001338,0.0,0.0,20260331
20260430,000001,0.0,0.0,20260430
20260430,000002,-0.2621,-0.2621,20260430
20260430,000006,0.1754,0.1754,20260430
20260430,000007,0.0403,0.0403,20260430
20260430,000008,-0.8629,-0.8629,20260430
20260430,000009,-0.1673,-0.1673,20260430
20260430,000010,-0.2944,-0.2944,20260430
20260430,000011,-0.3488,-0.3488,20260430
20260430,000012,0.0,0.0,20260430
20260430,000014,-0.381,-0.381,20260430
20260430,000016,-0.2782,-0.2782,20260430
20260430,000017,-0.75,-0.75,20260430
20260430,000019,0.0484,0.0484,20260430
20260430,000020,-0.0504,-0.0504,20260430
20260430,000021,0.3448,0.3448,20260430
20260430,000025,0.4093,0.4093,20260430
20260430,000026,0.0242,0.0242,20260430
20260430,000027,-0.0907,-0.0907,20260430
20260430,000028,-0.0847,-0.0847,20260430
20260430,000029,0.1774,0.1774,20260430
20260430,000030,-0.2177,-0.2177,20260430
20260430,000031,0.0484,0.0484,20260430
20260430,000032,-0.0444,-0.0444,20260430
20260430,000034,0.4375,0.4375,20260430
20260430,000035,-0.4032,-0.4032,20260430
20260430,000036,0.2883,0.2883,20260430
20260430,000037,-0.4194,-0.4194,20260430
20260430,000039,0.0,0.0,20260430
20260430,000042,0.1976,0.1976,20260430
20260430,000045,-0.4315,-0.4315,20260430
20260430,000048,-0.4819,-0.4819,20260430
20260430,000049,0.2661,0.2661,20260430
20260430,000050,-0.2339,-0.2339,20260430
20260430,000055,0.0,0.0,20260430
20260430,000056,-0.8306,-0.8306,20260430
20260430,000058,0.0,0.0,20260430
20260430,000059,0.0,0.0,20260430
20260430,000060,0.0,0.0,20260430
20260430,000061,0.0,0.0,20260430
20260430,000062,0.496,0.496,20260430
20260430,000063,0.0,0.0,20260430
20260430,000065,-0.2379,-0.2379,20260430
20260430,000066,0.2964,0.2964,20260430
20260430,000068,-0.2258,-0.2258,20260430
20260430,000069,0.0,0.0,20260430
20260430,000070,-0.4496,-0.4496,20260430
20260430,000078,0.3065,0.3065,20260430
20260430,000088,0.0,0.0,20260430
20260430,000089,0.0,0.0,20260430
20260430,000090,0.0726,0.0726,20260430
20260430,000096,-0.1774,-0.1774,20260430
20260430,000099,0.0,0.0,20260430
20260430,000100,-0.0363,-0.0363,20260430
20260430,000151,0.0,0.0,20260430
20260430,000153,0.0988,0.0988,20260430
20260430,000155,0.498,0.498,20260430
20260430,000156,0.0,0.0,20260430
20260430,000157,-0.4839,-0.4839,20260430
20260430,000158,0.0,0.0,20260430
20260430,000159,0.0,0.0,20260430
20260430,000166,-0.0847,-0.0847,20260430
20260430,000301,0.006,0.006,20260430
20260430,000333,0.0,0.0,20260430
20260430,000338,0.3226,0.3226,20260430
20260430,000400,-0.4617,-0.4617,20260430
20260430,000401,-0.1431,-0.1431,20260430
20260430,000402,0.3226,0.3226,20260430
20260430,000403,-0.3286,-0.3286,20260430
20260430,000404,0.1754,0.1754,20260430
20260430,000407,0.1048,0.1048,20260430
20260430,000408,0.1492,0.1492,20260430
20260430,000409,-0.0181,-0.0181,20260430
20260430,000410,-0.5403,-0.5403,20260430
20260430,000411,0.0,0.0,20260430
20260430,000415,0.1734,0.1734,20260430
20260430,000417,0.0,0.0,20260430
20260430,000419,-0.125,-0.125,20260430
20260430,000420,-0.1694,-0.1694,20260430
20260430,000421,-0.2722,-0.2722,20260430
20260430,000422,0.0,0.0,20260430
20260430,000423,0.0,0.0,20260430
20260430,000425,-0.3165,-0.3165,20260430
20260430,000426,-0.1976,-0.1976,20260430
20260430,000428,-0.0121,-0.0121,20260430
20260430,000429,0.0,0.0,20260430
20260430,000430,0.5282,0.5282,20260430
20260430,000488,0.0,0.0,20260430
20260430,000498,-0.0524,-0.0524,20260430
20260430,000501,-0.1714,-0.1714,20260430
20260430,000503,0.002,0.002,20260430
20260430,000504,-0.0625,-0.0625,20260430
20260430,000505,-0.1129,-0.1129,20260430
20260430,000506,0.0,0.0,20260430
20260430,000507,-0.1956,-0.1956,20260430
20260430,000509,-0.2823,-0.2823,20260430
20260430,000510,-0.2782,-0.2782,20260430
20260430,000513,0.0,0.0,20260430
20260430,000514,0.0,0.0,20260430
20260430,000516,-0.123,-0.123,20260430
20260430,000517,0.0484,0.0484,20260430
20260430,000518,0.0,0.0,20260430
20260430,000519,-0.0927,-0.0927,20260430
20260430,000520,-0.4274,-0.4274,20260430
20260430,000521,-0.627,-0.627,20260430
20260430,000523,0.1754,0.1754,20260430
20260430,000524,0.0,0.0,20260430
20260430,000525,-0.4637,-0.4637,20260430
20260430,000526,0.0,0.0,20260430
20260430,000528,0.0,0.0,20260430
20260430,000529,-0.0544,-0.0544,20260430
20260430,000530,-0.2097,-0.2097,20260430
20260430,000531,0.0766,0.0766,20260430
20260430,000532,-0.3004,-0.3004,20260430
20260430,000533,-0.5423,-0.5423,20260430
20260430,000534,0.1371,0.1371,20260430
20260430,000536,-0.3145,-0.3145,20260430
20260430,000537,0.0,0.0,20260430
20260430,000538,-0.1048,-0.1048,20260430
20260430,000539,0.3024,0.3024,20260430
20260430,000541,-0.2198,-0.2198,20260430
20260430,000543,-0.2339,-0.2339,20260430
20260430,000544,-0.1653,-0.1653,20260430
20260430,000545,-0.2661,-0.2661,20260430
20260430,000546,0.3065,0.3065,20260430
20260430,000547,-0.7883,-0.7883,20260430
20260430,000548,-0.004,-0.004,20260430
20260430,000550,0.2036,0.2036,20260430
20260430,000551,0.1351,0.1351,20260430
20260430,000552,0.0,0.0,20260430
20260430,000553,0.0907,0.0907,20260430
20260430,000554,0.0565,0.0565,20260430
20260430,000555,-0.246,-0.246,20260430
20260430,000557,0.0141,0.0141,20260430
20260430,000558,0.0,0.0,20260430
20260430,000559,0.0121,0.0121,20260430
20260430,000560,0.0,0.0,20260430
20260430,000561,-0.4254,-0.4254,20260430
20260430,000563,-0.2802,-0.2802,20260430
20260430,000564,-0.3589,-0.3589,20260430
20260430,000565,0.0,0.0,20260430
20260430,000566,-0.1351,-0.1351,20260430
20260430,000567,0.4073,0.4073,20260430
20260430,000568,-0.1935,-0.1935,20260430
20260430,000570,0.0,0.0,20260430
20260430,000571,-0.3649,-0.3649,20260430
20260430,000572,-0.1593,-0.1593,20260430
20260430,000573,0.2681,0.2681,20260430
20260430,000576,-0.2964,-0.2964,20260430
20260430,000581,-0.3851,-0.3851,20260430
20260430,000582,0.3589,0.3589,20260430
20260430,000586,0.0262,0.0262,20260430
20260430,000589,0.1512,0.1512,20260430
20260430,000590,-0.1835,-0.1835,20260430
20260430,000591,-0.2802,-0.2802,20260430
20260430,000592,-0.4899,-0.4899,20260430
20260430,000593,0.4677,0.4677,20260430
20260430,000595,0.0302,0.0302,20260430
20260430,000596,0.1109,0.1109,20260430
20260430,000597,-0.127,-0.127,20260430
20260430,000598,-0.1351,-0.1351,20260430
20260430,000599,0.0141,0.0141,20260430
20260430,000600,0.0927,0.0927,20260430
20260430,000601,-0.2923,-0.2923,20260430
20260430,000603,-0.6573,-0.6573,20260430
20260430,000605,0.0,0.0,20260430
20260430,000607,0.1129,0.1129,20260430
20260430,000608,-0.504,-0.504,20260430
20260430,000609,0.3407,0.3407,20260430
20260430,000610,-0.0403,-0.0403,20260430
20260430,000612,0.1956,0.1956,20260430
20260430,000615,0.1673,0.1673,20260430
20260430,000617,-0.2601,-0.2601,20260430
20260430,000619,0.1835,0.1835,20260430
20260430,000620,-0.1774,-0.1774,20260430
20260430,000623,0.3246,0.3246,20260430
20260430,000625,-0.0907,-0.0907,20260430
20260430,000626,0.3347,0.3347,20260430
20260430,000628,0.6552,0.6552,20260430
20260430,000629,0.0,0.0,20260430
20260430,000630,-0.0121,-0.0121,20260430
20260430,000631,-0.2117,-0.2117,20260430
20260430,000632,-0.2218,-0.2218,20260430
20260430,000633,-0.1976,-0.1976,20260430
20260430,000635,-0.2339,-0.2339,20260430
20260430,000636,0.4657,0.4657,20260430
20260430,000637,-0.0121,-0.0121,20260430
20260430,000639,-0.4395,-0.4395,20260430
20260430,000650,-0.0242,-0.0242,20260430
20260430,000651,-0.0101,-0.0101,20260430
20260430,000652,-0.0524,-0.0524,20260430
20260430,000655,0.0,0.0,20260430
20260430,000656,-0.006,-0.006,20260430
20260430,000657,0.1431,0.1431,20260430
20260430,000659,-0.2581,-0.2581,20260430
20260430,000661,-0.119,-0.119,20260430
20260430,000663,0.0,0.0,20260430
20260430,000665,-0.0927,-0.0927,20260430
20260430,000668,0.2016,0.2016,20260430
20260430,000669,-0.496,-0.496,20260430
20260430,000670,-0.4375,-0.4375,20260430
20260430,000672,0.5605,0.5605,20260430
20260430,000676,-0.4315,-0.4315,20260430
20260430,000677,-0.9234,-0.9234,20260430
20260430,000678,-0.5202,-0.5202,20260430
20260430,000679,0.2661,0.2661,20260430
20260430,000680,0.0343,0.0343,20260430
20260430,000681,0.0,0.0,20260430
20260430,000682,0.1532,0.1532,20260430
20260430,000683,0.2198,0.2198,20260430
20260430,000685,0.0302,0.0302,20260430
20260430,000686,0.1633,0.1633,20260430
20260430,000688,0.1694,0.1694,20260430
20260430,000690,0.2319,0.2319,20260430
20260430,000691,-0.1714,-0.1714,20260430
20260430,000692,0.3347,0.3347,20260430
20260430,000695,0.4173,0.4173,20260430
20260430,000697,0.5181,0.5181,20260430
20260430,000698,-0.1815,-0.1815,20260430
20260430,000700,-0.1371,-0.1371,20260430
20260430,000701,-0.0746,-0.0746,20260430
20260430,000702,0.0,0.0,20260430
20260430,000703,0.0544,0.0544,20260430
20260430,000705,-0.1371,-0.1371,20260430
20260430,000707,-0.1169,-0.1169,20260430
20260430,000708,-0.123,-0.123,20260430
20260430,000709,0.2702,0.2702,20260430
20260430,000710,0.0,0.0,20260430
20260430,000711,0.3427,0.3427,20260430
20260430,000712,-0.0363,-0.0363,20260430
20260430,000713,0.0,0.0,20260430
20260430,000715,0.0605,0.0605,20260430
20260430,000716,-0.0786,-0.0786,20260430
20260430,000717,0.2964,0.2964,20260430
20260430,000718,0.0141,0.0141,20260430
20260430,000719,-0.0827,-0.0827,20260430
20260430,000720,-0.4093,-0.4093,20260430
20260430,000721,0.0,0.0,20260430
20260430,000722,0.0,0.0,20260430
20260430,000723,0.0,0.0,20260430
20260430,000725,0.1008,0.1008,20260430
20260430,000726,0.0,0.0,20260430
20260430,000727,0.0202,0.0202,20260430
20260430,000728,-0.3327,-0.3327,20260430
20260430,000729,0.0,0.0,20260430
20260430,000731,-0.1754,-0.1754,20260430
20260430,000733,-0.3125,-0.3125,20260430
20260430,000735,-0.0806,-0.0806,20260430
20260430,000736,0.1996,0.1996,20260430
20260430,000737,0.0867,0.0867,20260430
20260430,000738,0.0,0.0,20260430
20260430,000739,0.2641,0.2641,20260430
20260430,000750,0.0,0.0,20260430
20260430,000751,0.0948,0.0948,20260430
20260430,000752,-0.4395,-0.4395,20260430
20260430,000753,0.0,0.0,20260430
20260430,000755,-0.0161,-0.0161,20260430
20260430,000756,-0.0222,-0.0222,20260430
20260430,000757,0.0,0.0,20260430
20260430,000758,-0.0746,-0.0746,20260430
20260430,000759,0.0,0.0,20260430
20260430,000761,-0.0847,-0.0847,20260430
20260430,000762,0.2036,0.2036,20260430
20260430,000766,0.7298,0.7298,20260430
20260430,000767,-0.1996,-0.1996,20260430
20260430,000768,-0.0363,-0.0363,20260430
20260430,000776,0.3044,0.3044,20260430
20260430,000777,-0.5383,-0.5383,20260430
20260430,000778,0.0,0.0,20260430
20260430,000779,0.1714,0.1714,20260430
20260430,000782,0.0484,0.0484,20260430
20260430,000783,0.2944,0.2944,20260430
20260430,000785,0.1552,0.1552,20260430
20260430,000786,-0.002,-0.002,20260430
20260430,000788,-0.0081,-0.0081,20260430
20260430,000789,0.0,0.0,20260430
20260430,000790,0.4214,0.4214,20260430
20260430,000791,0.2056,0.2056,20260430
20260430,000792,0.1411,0.1411,20260430
20260430,000793,0.0,0.0,20260430
20260430,000795,0.0544,0.0544,20260430
20260430,000796,0.2863,0.2863,20260430
20260430,000797,-0.1048,-0.1048,20260430
20260430,000798,0.0,0.0,20260430
20260430,000799,0.002,0.002,20260430
20260430,000800,0.1996,0.1996,20260430
20260430,000801,-0.6048,-0.6048,20260430
20260430,000802,0.3649,0.3649,20260430
20260430,000803,0.0262,0.0262,20260430
20260430,000807,-0.1512,-0.1512,20260430
20260430,000809,0.0948,0.0948,20260430
20260430,000810,0.1774,0.1774,20260430
20260430,000811,0.4173,0.4173,20260430
20260430,000812,0.0524,0.0524,20260430
20260430,000813,0.3589,0.3589,20260430
20260430,000815,-0.6956,-0.6956,20260430
20260430,000816,-0.4758,-0.4758,20260430
20260430,000818,-0.502,-0.502,20260430
20260430,000819,0.1492,0.1492,20260430
20260430,000820,0.6109,0.6109,20260430
20260430,000821,-0.5484,-0.5484,20260430
20260430,000822,-0.0907,-0.0907,20260430
20260430,000823,0.377,0.377,20260430
20260430,000825,0.0,0.0,20260430
20260430,000826,-0.2863,-0.2863,20260430
20260430,000828,0.3185,0.3185,20260430
20260430,000829,0.0,0.0,20260430
20260430,000830,0.2923,0.2923,20260430
20260430,000831,0.0968,0.0968,20260430
20260430,000833,0.7137,0.7137,20260430
20260430,000837,0.0,0.0,20260430
20260430,000838,-0.5202,-0.5202,20260430
20260430,000839,-0.1815,-0.1815,20260430
20260430,000848,0.0,0.0,20260430
20260430,000850,-0.0282,-0.0282,20260430
20260430,000852,0.0,0.0,20260430
20260430,000856,-0.6915,-0.6915,20260430
20260430,000858,-0.2339,-0.2339,20260430
20260430,000859,-0.371,-0.371,20260430
20260430,000860,0.0,0.0,20260430
20260430,000862,-0.0464,-0.0464,20260430
20260430,000863,-0.5746,-0.5746,20260430
20260430,000868,0.0,0.0,20260430
20260430,000869,0.0,0.0,20260430
20260430,000875,0.0,0.0,20260430
20260430,000876,-0.0181,-0.0181,20260430
20260430,000877,-0.0464,-0.0464,20260430
20260430,000878,0.0,0.0,20260430
20260430,000880,0.0907,0.0907,20260430
20260430,000881,0.0302,0.0302,20260430
20260430,000882,-0.3649,-0.3649,20260430
20260430,000883,0.0181,0.0181,20260430
20260430,000885,0.0,0.0,20260430
20260430,000886,-0.3105,-0.3105,20260430
20260430,000887,-0.3629,-0.3629,20260430
20260430,000888,-0.0383,-0.0383,20260430
20260430,000889,0.1109,0.1109,20260430
20260430,000890,-0.004,-0.004,20260430
20260430,000892,-0.4133,-0.4133,20260430
20260430,000893,-0.6048,-0.6048,20260430
20260430,000895,0.0,0.0,20260430
20260430,000897,0.0202,0.0202,20260430
20260430,000898,0.119,0.119,20260430
20260430,000899,-0.1855,-0.1855,20260430
20260430,000900,0.2359,0.2359,20260430
20260430,000901,0.1714,0.1714,20260430
20260430,000902,-0.3488,-0.3488,20260430
20260430,000903,-0.5867,-0.5867,20260430
20260430,000905,-0.1714,-0.1714,20260430
20260430,000906,0.3226,0.3226,20260430
20260430,000908,-0.1028,-0.1028,20260430
20260430,000909,-0.6452,-0.6452,20260430
20260430,000910,-0.0948,-0.0948,20260430
20260430,000911,-0.4032,-0.4032,20260430
20260430,000912,-0.4234,-0.4234,20260430
20260430,000913,0.0,0.0,20260430
20260430,000915,-0.1008,-0.1008,20260430
20260430,000917,-0.2278,-0.2278,20260430
20260430,000919,0.3468,0.3468,20260430
20260430,000920,0.0,0.0,20260430
20260430,000921,0.0484,0.0484,20260430
20260430,000922,0.1895,0.1895,20260430
20260430,000923,-0.0565,-0.0565,20260430
20260430,000925,0.0645,0.0645,20260430
20260430,000926,-0.0726,-0.0726,20260430
20260430,000927,-0.4335,-0.4335,20260430
20260430,000928,0.0,0.0,20260430
20260430,000929,0.1815,0.1815,20260430
20260430,000930,-0.3911,-0.3911,20260430
20260430,000931,-0.1109,-0.1109,20260430
20260430,000932,-0.0766,-0.0766,20260430
20260430,000933,0.0,0.0,20260430
20260430,000935,0.5121,0.5121,20260430
20260430,000936,-0.6069,-0.6069,20260430
20260430,000937,-0.2762,-0.2762,20260430
20260430,000938,0.2681,0.2681,20260430
20260430,000948,-0.1331,-0.1331,20260430
20260430,000949,0.0,0.0,20260430
20260430,000950,0.1573,0.1573,20260430
20260430,000951,-0.2016,-0.2016,20260430
20260430,000952,0.2722,0.2722,20260430
20260430,000953,0.2258,0.2258,20260430
20260430,000955,0.5202,0.5202,20260430
20260430,000957,0.3851,0.3851,20260430
20260430,000958,-0.131,-0.131,20260430
20260430,000959,-0.0988,-0.0988,20260430
20260430,000960,0.0262,0.0262,20260430
20260430,000962,-0.3185,-0.3185,20260430
20260430,000963,-0.0585,-0.0585,20260430
20260430,000965,-0.1169,-0.1169,20260430
20260430,000966,-0.1411,-0.1411,20260430
20260430,000967,0.3649,0.3649,20260430
20260430,000968,0.0,0.0,20260430
20260430,000969,-0.1694,-0.1694,20260430
20260430,000970,0.0,0.0,20260430
20260430,000972,0.0262,0.0262,20260430
20260430,000973,0.3831,0.3831,20260430
20260430,000975,-0.0806,-0.0806,20260430
20260430,000977,-0.5706,-0.5706,20260430
20260430,000978,-0.1048,-0.1048,20260430
20260430,000980,0.1573,0.1573,20260430
20260430,000981,-0.5222,-0.5222,20260430
20260430,000983,0.0282,0.0282,20260430
20260430,000985,0.1573,0.1573,20260430
20260430,000987,0.1532,0.1532,20260430
20260430,000988,0.0948,0.0948,20260430
20260430,000989,0.1512,0.1512,20260430
20260430,000990,0.4496,0.4496,20260430
20260430,000993,-0.5706,-0.5706,20260430
20260430,000995,-0.0948,-0.0948,20260430
20260430,000997,-0.2742,-0.2742,20260430
20260430,000998,-0.3327,-0.3327,20260430
20260430,000999,-0.25,-0.25,20260430
20260430,001201,0.0302,0.0302,20260430
20260430,001202,0.0,0.0,20260430
20260430,001203,0.7742,0.7742,20260430
20260430,001205,0.0,0.0,20260430
20260430,001206,-0.0948,-0.0948,20260430
20260430,001207,-0.506,-0.506,20260430
20260430,001208,0.0,0.0,20260430
20260430,001209,-0.1714,-0.1714,20260430
20260430,001210,0.0,0.0,20260430
20260430,001211,0.625,0.625,20260430
20260430,001212,0.3589,0.3589,20260430
20260430,001213,-0.1694,-0.1694,20260430
20260430,001215,0.4677,0.4677,20260430
20260430,001216,0.1431,0.1431,20260430
20260430,001217,0.0,0.0,20260430
20260430,001218,0.3589,0.3589,20260430
20260430,001219,0.3004,0.3004,20260430
20260430,001220,0.0625,0.0625,20260430
20260430,001221,-0.3407,-0.3407,20260430
20260430,001222,-0.5343,-0.5343,20260430
20260430,001223,0.1089,0.1089,20260430
20260430,001225,-0.1552,-0.1552,20260430
20260430,001226,0.3306,0.3306,20260430
20260430,001227,-0.1996,-0.1996,20260430
20260430,001228,-0.127,-0.127,20260430
20260430,001229,0.0,0.0,20260430
20260430,001230,0.0847,0.0847,20260430
20260430,001231,0.0827,0.0827,20260430
20260430,001233,-0.3972,-0.3972,20260430
20260430,001234,0.0,0.0,20260430
20260430,001236,0.0,0.0,20260430
20260430,001238,0.1411,0.1411,20260430
20260430,001239,-0.0806,-0.0806,20260430
20260430,001255,-0.3407,-0.3407,20260430
20260430,001256,0.0,0.0,20260430
20260430,001257,-0.6472,-0.6472,20260430
20260430,001258,0.0847,0.0847,20260430
20260430,001259,0.0464,0.0464,20260430
20260430,001260,0.0706,0.0706,20260430
20260430,001266,0.0,0.0,20260430
20260430,001267,0.123,0.123,20260430
20260430,001268,0.369,0.369,20260430
20260430,001269,-0.2056,-0.2056,20260430
20260430,001270,-0.0605,-0.0605,20260430
20260430,001277,-0.0645,-0.0645,20260430
20260430,001278,0.0383,0.0383,20260430
20260430,001279,0.0,0.0,20260430
20260430,001280,-0.2278,-0.2278,20260430
20260430,001282,0.0847,0.0847,20260430
20260430,001283,0.2419,0.2419,20260430
20260430,001285,0.0,0.0,20260430
20260430,001286,0.25,0.25,20260430
20260430,001287,0.3569,0.3569,20260430
20260430,001288,-0.5202,-0.5202,20260430
20260430,001289,0.2903,0.2903,20260430
20260430,001296,-0.2742,-0.2742,20260430
20260430,001298,-0.4738,-0.4738,20260430
20260430,001299,-0.5121,-0.5121,20260430
20260430,001300,0.004,0.004,20260430
20260430,001301,0.3145,0.3145,20260430
20260430,001306,0.0,0.0,20260430
20260430,001308,0.0,0.0,20260430
20260430,001309,0.0,0.0,20260430
20260430,001311,-0.3347,-0.3347,20260430
20260430,001313,0.0282,0.0282,20260430
20260430,001314,0.4516,0.4516,20260430
20260430,001316,0.0,0.0,20260430
20260430,001317,0.3427,0.3427,20260430
20260430,001318,0.0,0.0,20260430
20260430,001319,-0.3246,-0.3246,20260430
20260430,001322,-0.0706,-0.0706,20260430
20260430,001323,0.0,0.0,20260430
20260430,001324,-0.1452,-0.1452,20260430
20260430,001325,0.0,0.0,20260430
20260430,001326,0.1714,0.1714,20260430
20260430,001328,0.0,0.0,20260430
20260430,001330,0.4798,0.4798,20260430
20260430,001331,-0.494,-0.494,20260430
20260430,001332,0.0887,0.0887,20260430
20260430,001333,-0.2903,-0.2903,20260430
20260430,001335,0.3891,0.3891,20260430
20260430,001336,0.0,0.0,20260430
20260430,001337,0.6653,0.6653,20260430
20260430,001338,-0.1774,-0.1774,20260430
