ticker,report_period,ann_date,known_at,available_at,source_file,source_mode
000001,20260331,20260425,20260425,20260425,000001_fin.csv,REAL_FUNDAMENTALS
000002,20260331,20260430,20260430,20260430,000002_fin.csv,REAL_FUNDAMENTALS
000004,20260331,20260428,20260428,20260428,000004_fin.csv,REAL_FUNDAMENTALS
000006,20260331,20260430,20260430,20260430,000006_fin.csv,REAL_FUNDAMENTALS
000007,20260331,20260429,20260429,20260429,000007_fin.csv,REAL_FUNDAMENTALS
000008,20260331,20260430,20260430,20260430,000008_fin.csv,REAL_FUNDAMENTALS
000009,20260331,20260430,20260430,20260430,000009_fin.csv,REAL_FUNDAMENTALS
000010,20260331,20260429,20260429,20260429,000010_fin.csv,REAL_FUNDAMENTALS
000011,20260331,20260429,20260429,20260429,000011_fin.csv,REAL_FUNDAMENTALS
000012,20260331,20260428,20260428,20260428,000012_fin.csv,REAL_FUNDAMENTALS
000014,20260331,20260430,20260430,20260430,000014_fin.csv,REAL_FUNDAMENTALS
000016,20260331,20260429,20260429,20260429,000016_fin.csv,REAL_FUNDAMENTALS
000017,20260331,20260429,20260429,20260429,000017_fin.csv,REAL_FUNDAMENTALS
000019,20260331,20260428,20260428,20260428,000019_fin.csv,REAL_FUNDAMENTALS
000020,20260331,20260421,20260421,20260421,000020_fin.csv,REAL_FUNDAMENTALS
000021,20260331,20260429,20260429,20260429,000021_fin.csv,REAL_FUNDAMENTALS
000025,20260331,20260428,20260428,20260428,000025_fin.csv,REAL_FUNDAMENTALS
000026,20260331,20260425,20260425,20260425,000026_fin.csv,REAL_FUNDAMENTALS
000027,20260331,20260430,20260430,20260430,000027_fin.csv,REAL_FUNDAMENTALS
000028,20260331,20260430,20260430,20260430,000028_fin.csv,REAL_FUNDAMENTALS
000029,20260331,20260430,20260430,20260430,000029_fin.csv,REAL_FUNDAMENTALS
000030,20260331,20260422,20260422,20260422,000030_fin.csv,REAL_FUNDAMENTALS
000031,20260331,20260430,20260430,20260430,000031_fin.csv,REAL_FUNDAMENTALS
000032,20260331,20260428,20260428,20260428,000032_fin.csv,REAL_FUNDAMENTALS
000034,20260331,20260428,20260428,20260428,000034_fin.csv,REAL_FUNDAMENTALS
000035,20260331,20260429,20260429,20260429,000035_fin.csv,REAL_FUNDAMENTALS
000036,20260331,20260430,20260430,20260430,000036_fin.csv,REAL_FUNDAMENTALS
000037,20260331,20260429,20260429,20260429,000037_fin.csv,REAL_FUNDAMENTALS
000039,20260331,20260429,20260429,20260429,000039_fin.csv,REAL_FUNDAMENTALS
000042,20260331,20260430,20260430,20260430,000042_fin.csv,REAL_FUNDAMENTALS
000045,20260331,20260430,20260430,20260430,000045_fin.csv,REAL_FUNDAMENTALS
000048,20260331,20260430,20260430,20260430,000048_fin.csv,REAL_FUNDAMENTALS
000049,20260331,20260423,20260423,20260423,000049_fin.csv,REAL_FUNDAMENTALS
000050,20260331,20260430,20260430,20260430,000050_fin.csv,REAL_FUNDAMENTALS
000055,20260331,20260428,20260428,20260428,000055_fin.csv,REAL_FUNDAMENTALS
000056,20260331,20260429,20260429,20260429,000056_fin.csv,REAL_FUNDAMENTALS
000058,20260331,20260428,20260428,20260428,000058_fin.csv,REAL_FUNDAMENTALS
000059,20260331,20260428,20260428,20260428,000059_fin.csv,REAL_FUNDAMENTALS
000060,20260331,20260430,20260430,20260430,000060_fin.csv,REAL_FUNDAMENTALS
000061,20260331,20260428,20260428,20260428,000061_fin.csv,REAL_FUNDAMENTALS
000062,20260331,20260429,20260429,20260429,000062_fin.csv,REAL_FUNDAMENTALS
000063,20260331,20260425,20260425,20260425,000063_fin.csv,REAL_FUNDAMENTALS
000065,20260331,20260427,20260427,20260427,000065_fin.csv,REAL_FUNDAMENTALS
000066,20260331,20260429,20260429,20260429,000066_fin.csv,REAL_FUNDAMENTALS
000068,20260331,20260428,20260428,20260428,000068_fin.csv,REAL_FUNDAMENTALS
000069,20260331,20260430,20260430,20260430,000069_fin.csv,REAL_FUNDAMENTALS
000070,20260331,20260427,20260427,20260427,000070_fin.csv,REAL_FUNDAMENTALS
000078,20260331,20260430,20260430,20260430,000078_fin.csv,REAL_FUNDAMENTALS
000088,20260331,20260423,20260423,20260423,000088_fin.csv,REAL_FUNDAMENTALS
000089,20260331,20260424,20260424,20260424,000089_fin.csv,REAL_FUNDAMENTALS
000090,20260331,20260429,20260429,20260429,000090_fin.csv,REAL_FUNDAMENTALS
000096,20260331,20260429,20260429,20260429,000096_fin.csv,REAL_FUNDAMENTALS
000099,20260331,20260428,20260428,20260428,000099_fin.csv,REAL_FUNDAMENTALS
000100,20260331,20260430,20260430,20260430,000100_fin.csv,REAL_FUNDAMENTALS
000151,20260331,20260424,20260424,20260424,000151_fin.csv,REAL_FUNDAMENTALS
000153,20260331,20260429,20260429,20260429,000153_fin.csv,REAL_FUNDAMENTALS
000155,20260331,20260430,20260430,20260430,000155_fin.csv,REAL_FUNDAMENTALS
000156,20260331,20260427,20260427,20260427,000156_fin.csv,REAL_FUNDAMENTALS
000157,20260331,20260429,20260429,20260429,000157_fin.csv,REAL_FUNDAMENTALS
000158,20260331,20260430,20260430,20260430,000158_fin.csv,REAL_FUNDAMENTALS
000159,20260331,20260429,20260429,20260429,000159_fin.csv,REAL_FUNDAMENTALS
000166,20260331,20260430,20260430,20260430,000166_fin.csv,REAL_FUNDAMENTALS
000301,20260331,20260429,20260429,20260429,000301_fin.csv,REAL_FUNDAMENTALS
000333,20260331,20260430,20260430,20260430,000333_fin.csv,REAL_FUNDAMENTALS
000338,20260331,20260430,20260430,20260430,000338_fin.csv,REAL_FUNDAMENTALS
000400,20260331,20260411,20260411,20260411,000400_fin.csv,REAL_FUNDAMENTALS
000401,20260331,20260430,20260430,20260430,000401_fin.csv,REAL_FUNDAMENTALS
000402,20260331,20260429,20260429,20260429,000402_fin.csv,REAL_FUNDAMENTALS
000403,20260331,20260429,20260429,20260429,000403_fin.csv,REAL_FUNDAMENTALS
000404,20260331,20260418,20260418,20260418,000404_fin.csv,REAL_FUNDAMENTALS
000407,20260331,20260428,20260428,20260428,000407_fin.csv,REAL_FUNDAMENTALS
000408,20260331,20260418,20260418,20260418,000408_fin.csv,REAL_FUNDAMENTALS
000409,20260331,20260423,20260423,20260423,000409_fin.csv,REAL_FUNDAMENTALS
000410,20260331,20260429,20260429,20260429,000410_fin.csv,REAL_FUNDAMENTALS
000411,20260331,20260428,20260428,20260428,000411_fin.csv,REAL_FUNDAMENTALS
000415,20260331,20260429,20260429,20260429,000415_fin.csv,REAL_FUNDAMENTALS
000417,20260331,20260429,20260429,20260429,000417_fin.csv,REAL_FUNDAMENTALS
000419,20260331,20260430,20260430,20260430,000419_fin.csv,REAL_FUNDAMENTALS
000420,20260331,20260429,20260429,20260429,000420_fin.csv,REAL_FUNDAMENTALS
000421,20260331,20260428,20260428,20260428,000421_fin.csv,REAL_FUNDAMENTALS
000422,20260331,20260428,20260428,20260428,000422_fin.csv,REAL_FUNDAMENTALS
000423,20260331,20260425,20260425,20260425,000423_fin.csv,REAL_FUNDAMENTALS
000425,20260331,20260429,20260429,20260429,000425_fin.csv,REAL_FUNDAMENTALS
000426,20260331,20260430,20260430,20260430,000426_fin.csv,REAL_FUNDAMENTALS
000428,20260331,20260428,20260428,20260428,000428_fin.csv,REAL_FUNDAMENTALS
000429,20260331,20260430,20260430,20260430,000429_fin.csv,REAL_FUNDAMENTALS
000430,20260331,20260414,20260414,20260414,000430_fin.csv,REAL_FUNDAMENTALS
000488,20260331,20260430,20260430,20260430,000488_fin.csv,REAL_FUNDAMENTALS
000498,20260331,20260430,20260430,20260430,000498_fin.csv,REAL_FUNDAMENTALS
000501,20260331,20260430,20260430,20260430,000501_fin.csv,REAL_FUNDAMENTALS
000503,20260331,20260429,20260429,20260429,000503_fin.csv,REAL_FUNDAMENTALS
000504,20260331,20260429,20260429,20260429,000504_fin.csv,REAL_FUNDAMENTALS
000505,20260331,20260430,20260430,20260430,000505_fin.csv,REAL_FUNDAMENTALS
000506,20260331,20260416,20260416,20260416,000506_fin.csv,REAL_FUNDAMENTALS
000507,20260331,20260430,20260430,20260430,000507_fin.csv,REAL_FUNDAMENTALS
000509,20260331,20260430,20260430,20260430,000509_fin.csv,REAL_FUNDAMENTALS
000510,20260331,20260430,20260430,20260430,000510_fin.csv,REAL_FUNDAMENTALS
000513,20260331,20260424,20260424,20260424,000513_fin.csv,REAL_FUNDAMENTALS
000514,20260331,20260425,20260425,20260425,000514_fin.csv,REAL_FUNDAMENTALS
000516,20260331,20260424,20260424,20260424,000516_fin.csv,REAL_FUNDAMENTALS
000517,20260331,20260429,20260429,20260429,000517_fin.csv,REAL_FUNDAMENTALS
000518,20260331,20260427,20260427,20260427,000518_fin.csv,REAL_FUNDAMENTALS
000519,20260331,20260428,20260428,20260428,000519_fin.csv,REAL_FUNDAMENTALS
000520,20260331,20260429,20260429,20260429,000520_fin.csv,REAL_FUNDAMENTALS
000521,20260331,20260422,20260422,20260422,000521_fin.csv,REAL_FUNDAMENTALS
000523,20260331,20260428,20260428,20260428,000523_fin.csv,REAL_FUNDAMENTALS
000524,20260331,20260428,20260428,20260428,000524_fin.csv,REAL_FUNDAMENTALS
000525,20260331,20260428,20260428,20260428,000525_fin.csv,REAL_FUNDAMENTALS
000526,20260331,20260428,20260428,20260428,000526_fin.csv,REAL_FUNDAMENTALS
000528,20260331,20260425,20260425,20260425,000528_fin.csv,REAL_FUNDAMENTALS
000529,20260331,20260427,20260427,20260427,000529_fin.csv,REAL_FUNDAMENTALS
000530,20260331,20260424,20260424,20260424,000530_fin.csv,REAL_FUNDAMENTALS
000531,20260331,20260430,20260430,20260430,000531_fin.csv,REAL_FUNDAMENTALS
000532,20260331,20260425,20260425,20260425,000532_fin.csv,REAL_FUNDAMENTALS
000533,20260331,20260430,20260430,20260430,000533_fin.csv,REAL_FUNDAMENTALS
000534,20260331,20260425,20260425,20260425,000534_fin.csv,REAL_FUNDAMENTALS
000536,20260331,20260428,20260428,20260428,000536_fin.csv,REAL_FUNDAMENTALS
000537,20260331,20260428,20260428,20260428,000537_fin.csv,REAL_FUNDAMENTALS
000538,20260331,20260430,20260430,20260430,000538_fin.csv,REAL_FUNDAMENTALS
000539,20260331,20260430,20260430,20260430,000539_fin.csv,REAL_FUNDAMENTALS
000541,20260331,20260428,20260428,20260428,000541_fin.csv,REAL_FUNDAMENTALS
000543,20260331,20260430,20260430,20260430,000543_fin.csv,REAL_FUNDAMENTALS
000544,20260331,20260429,20260429,20260429,000544_fin.csv,REAL_FUNDAMENTALS
000545,20260331,20260428,20260428,20260428,000545_fin.csv,REAL_FUNDAMENTALS
000546,20260331,20260430,20260430,20260430,000546_fin.csv,REAL_FUNDAMENTALS
000547,20260331,20260430,20260430,20260430,000547_fin.csv,REAL_FUNDAMENTALS
000548,20260331,20260425,20260425,20260425,000548_fin.csv,REAL_FUNDAMENTALS
000550,20260331,20260425,20260425,20260425,000550_fin.csv,REAL_FUNDAMENTALS
000551,20260331,20260429,20260429,20260429,000551_fin.csv,REAL_FUNDAMENTALS
000552,20260331,20260428,20260428,20260428,000552_fin.csv,REAL_FUNDAMENTALS
000553,20260331,20260430,20260430,20260430,000553_fin.csv,REAL_FUNDAMENTALS
000554,20260331,20260424,20260424,20260424,000554_fin.csv,REAL_FUNDAMENTALS
000555,20260331,20260428,20260428,20260428,000555_fin.csv,REAL_FUNDAMENTALS
000557,20260331,20260429,20260429,20260429,000557_fin.csv,REAL_FUNDAMENTALS
000558,20260331,20260423,20260423,20260423,000558_fin.csv,REAL_FUNDAMENTALS
000559,20260331,20260425,20260425,20260425,000559_fin.csv,REAL_FUNDAMENTALS
000560,20260331,20260430,20260430,20260430,000560_fin.csv,REAL_FUNDAMENTALS
000561,20260331,20260430,20260430,20260430,000561_fin.csv,REAL_FUNDAMENTALS
000563,20260331,20260425,20260425,20260425,000563_fin.csv,REAL_FUNDAMENTALS
000564,20260331,20260429,20260429,20260429,000564_fin.csv,REAL_FUNDAMENTALS
000565,20260331,20260425,20260425,20260425,000565_fin.csv,REAL_FUNDAMENTALS
000566,20260331,20260428,20260428,20260428,000566_fin.csv,REAL_FUNDAMENTALS
000567,20260331,20260429,20260429,20260429,000567_fin.csv,REAL_FUNDAMENTALS
000568,20260331,20260429,20260429,20260429,000568_fin.csv,REAL_FUNDAMENTALS
000570,20260331,20260428,20260428,20260428,000570_fin.csv,REAL_FUNDAMENTALS
000571,20260331,20260430,20260430,20260430,000571_fin.csv,REAL_FUNDAMENTALS
000572,20260331,20260427,20260427,20260427,000572_fin.csv,REAL_FUNDAMENTALS
000573,20260331,20260430,20260430,20260430,000573_fin.csv,REAL_FUNDAMENTALS
000576,20260331,20260430,20260430,20260430,000576_fin.csv,REAL_FUNDAMENTALS
000581,20260331,20260424,20260424,20260424,000581_fin.csv,REAL_FUNDAMENTALS
000582,20260331,20260428,20260428,20260428,000582_fin.csv,REAL_FUNDAMENTALS
000586,20260331,20260428,20260428,20260428,000586_fin.csv,REAL_FUNDAMENTALS
000589,20260331,20260429,20260429,20260429,000589_fin.csv,REAL_FUNDAMENTALS
000590,20260331,20260428,20260428,20260428,000590_fin.csv,REAL_FUNDAMENTALS
000591,20260331,20260429,20260429,20260429,000591_fin.csv,REAL_FUNDAMENTALS
000592,20260331,20260430,20260430,20260430,000592_fin.csv,REAL_FUNDAMENTALS
000593,20260331,20260425,20260425,20260425,000593_fin.csv,REAL_FUNDAMENTALS
000595,20260331,20260425,20260425,20260425,000595_fin.csv,REAL_FUNDAMENTALS
000596,20260331,20260429,20260429,20260429,000596_fin.csv,REAL_FUNDAMENTALS
000597,20260331,20260428,20260428,20260428,000597_fin.csv,REAL_FUNDAMENTALS
000598,20260331,20260428,20260428,20260428,000598_fin.csv,REAL_FUNDAMENTALS
000599,20260331,20260429,20260429,20260429,000599_fin.csv,REAL_FUNDAMENTALS
000600,20260331,20260429,20260429,20260429,000600_fin.csv,REAL_FUNDAMENTALS
000601,20260331,20260424,20260424,20260424,000601_fin.csv,REAL_FUNDAMENTALS
000603,20260331,20260429,20260429,20260429,000603_fin.csv,REAL_FUNDAMENTALS
000605,20260331,20260429,20260429,20260429,000605_fin.csv,REAL_FUNDAMENTALS
000607,20260331,20260430,20260430,20260430,000607_fin.csv,REAL_FUNDAMENTALS
000608,20260331,20260429,20260429,20260429,000608_fin.csv,REAL_FUNDAMENTALS
000609,20260331,20260430,20260430,20260430,000609_fin.csv,REAL_FUNDAMENTALS
000610,20260331,20260424,20260424,20260424,000610_fin.csv,REAL_FUNDAMENTALS
000612,20260331,20260429,20260429,20260429,000612_fin.csv,REAL_FUNDAMENTALS
000615,20260331,20260427,20260427,20260427,000615_fin.csv,REAL_FUNDAMENTALS
000617,20260331,20260427,20260427,20260427,000617_fin.csv,REAL_FUNDAMENTALS
000619,20260331,20260425,20260425,20260425,000619_fin.csv,REAL_FUNDAMENTALS
000620,20260331,20260429,20260429,20260429,000620_fin.csv,REAL_FUNDAMENTALS
000623,20260331,20260430,20260430,20260430,000623_fin.csv,REAL_FUNDAMENTALS
000625,20260331,20260428,20260428,20260428,000625_fin.csv,REAL_FUNDAMENTALS
000626,20260331,20260430,20260430,20260430,000626_fin.csv,REAL_FUNDAMENTALS
000628,20260331,20260430,20260430,20260430,000628_fin.csv,REAL_FUNDAMENTALS
000629,20260331,20260425,20260425,20260425,000629_fin.csv,REAL_FUNDAMENTALS
000630,20260331,20260429,20260429,20260429,000630_fin.csv,REAL_FUNDAMENTALS
000631,20260331,20260429,20260429,20260429,000631_fin.csv,REAL_FUNDAMENTALS
000632,20260331,20260429,20260429,20260429,000632_fin.csv,REAL_FUNDAMENTALS
000633,20260331,20260421,20260421,20260421,000633_fin.csv,REAL_FUNDAMENTALS
000635,20260331,20260421,20260421,20260421,000635_fin.csv,REAL_FUNDAMENTALS
000636,20260331,20260429,20260429,20260429,000636_fin.csv,REAL_FUNDAMENTALS
000637,20260331,20260429,20260429,20260429,000637_fin.csv,REAL_FUNDAMENTALS
000638,20260331,20260429,20260429,20260429,000638_fin.csv,REAL_FUNDAMENTALS
000639,20260331,20260429,20260429,20260429,000639_fin.csv,REAL_FUNDAMENTALS
000650,20260331,20260428,20260428,20260428,000650_fin.csv,REAL_FUNDAMENTALS
000651,20260331,20260429,20260429,20260429,000651_fin.csv,REAL_FUNDAMENTALS
000652,20260331,20260427,20260427,20260427,000652_fin.csv,REAL_FUNDAMENTALS
000655,20260331,20260415,20260415,20260415,000655_fin.csv,REAL_FUNDAMENTALS
000656,20260331,20260428,20260428,20260428,000656_fin.csv,REAL_FUNDAMENTALS
000657,20260331,20260427,20260427,20260427,000657_fin.csv,REAL_FUNDAMENTALS
000659,20260331,20260428,20260428,20260428,000659_fin.csv,REAL_FUNDAMENTALS
000661,20260331,20260422,20260422,20260422,000661_fin.csv,REAL_FUNDAMENTALS
000663,20260331,20260428,20260428,20260428,000663_fin.csv,REAL_FUNDAMENTALS
000665,20260331,20260429,20260429,20260429,000665_fin.csv,REAL_FUNDAMENTALS
000668,20260331,20260428,20260428,20260428,000668_fin.csv,REAL_FUNDAMENTALS
000669,20260331,20260430,20260430,20260430,000669_fin.csv,REAL_FUNDAMENTALS
000670,20260331,20260421,20260421,20260421,000670_fin.csv,REAL_FUNDAMENTALS
000672,20260331,20260428,20260428,20260428,000672_fin.csv,REAL_FUNDAMENTALS
000676,20260331,20260429,20260429,20260429,000676_fin.csv,REAL_FUNDAMENTALS
000677,20260331,20260430,20260430,20260430,000677_fin.csv,REAL_FUNDAMENTALS
000678,20260331,20260430,20260430,20260430,000678_fin.csv,REAL_FUNDAMENTALS
000679,20260331,20260430,20260430,20260430,000679_fin.csv,REAL_FUNDAMENTALS
000680,20260331,20260430,20260430,20260430,000680_fin.csv,REAL_FUNDAMENTALS
000681,20260331,20260430,20260430,20260430,000681_fin.csv,REAL_FUNDAMENTALS
000682,20260331,20260429,20260429,20260429,000682_fin.csv,REAL_FUNDAMENTALS
000683,20260331,20260421,20260421,20260421,000683_fin.csv,REAL_FUNDAMENTALS
000685,20260331,20260430,20260430,20260430,000685_fin.csv,REAL_FUNDAMENTALS
000686,20260331,20260425,20260425,20260425,000686_fin.csv,REAL_FUNDAMENTALS
000688,20260331,20260423,20260423,20260423,000688_fin.csv,REAL_FUNDAMENTALS
000690,20260331,20260428,20260428,20260428,000690_fin.csv,REAL_FUNDAMENTALS
000691,20260331,20260430,20260430,20260430,000691_fin.csv,REAL_FUNDAMENTALS
000692,20260331,20260429,20260429,20260429,000692_fin.csv,REAL_FUNDAMENTALS
000695,20260331,20260429,20260429,20260429,000695_fin.csv,REAL_FUNDAMENTALS
000697,20260331,20260428,20260428,20260428,000697_fin.csv,REAL_FUNDAMENTALS
000698,20260331,20260425,20260425,20260425,000698_fin.csv,REAL_FUNDAMENTALS
000700,20260331,20260430,20260430,20260430,000700_fin.csv,REAL_FUNDAMENTALS
000701,20260331,20260424,20260424,20260424,000701_fin.csv,REAL_FUNDAMENTALS
000702,20260331,20260430,20260430,20260430,000702_fin.csv,REAL_FUNDAMENTALS
000703,20260331,20260415,20260415,20260415,000703_fin.csv,REAL_FUNDAMENTALS
000705,20260331,20260429,20260429,20260429,000705_fin.csv,REAL_FUNDAMENTALS
000707,20260331,20260429,20260429,20260429,000707_fin.csv,REAL_FUNDAMENTALS
000708,20260331,20260423,20260423,20260423,000708_fin.csv,REAL_FUNDAMENTALS
000709,20260331,20260429,20260429,20260429,000709_fin.csv,REAL_FUNDAMENTALS
000710,20260331,20260430,20260430,20260430,000710_fin.csv,REAL_FUNDAMENTALS
000711,20260331,20260428,20260428,20260428,000711_fin.csv,REAL_FUNDAMENTALS
000712,20260331,20260429,20260429,20260429,000712_fin.csv,REAL_FUNDAMENTALS
000713,20260331,20260430,20260430,20260430,000713_fin.csv,REAL_FUNDAMENTALS
000715,20260331,20260425,20260425,20260425,000715_fin.csv,REAL_FUNDAMENTALS
000716,20260331,20260428,20260428,20260428,000716_fin.csv,REAL_FUNDAMENTALS
000717,20260331,20260424,20260424,20260424,000717_fin.csv,REAL_FUNDAMENTALS
000718,20260331,20260430,20260430,20260430,000718_fin.csv,REAL_FUNDAMENTALS
000719,20260331,20260427,20260427,20260427,000719_fin.csv,REAL_FUNDAMENTALS
000720,20260331,20260429,20260429,20260429,000720_fin.csv,REAL_FUNDAMENTALS
000721,20260331,20260424,20260424,20260424,000721_fin.csv,REAL_FUNDAMENTALS
000722,20260331,20260430,20260430,20260430,000722_fin.csv,REAL_FUNDAMENTALS
000723,20260331,20260425,20260425,20260425,000723_fin.csv,REAL_FUNDAMENTALS
000725,20260331,20260430,20260430,20260430,000725_fin.csv,REAL_FUNDAMENTALS
000726,20260331,20260430,20260430,20260430,000726_fin.csv,REAL_FUNDAMENTALS
000727,20260331,20260428,20260428,20260428,000727_fin.csv,REAL_FUNDAMENTALS
000728,20260331,20260421,20260421,20260421,000728_fin.csv,REAL_FUNDAMENTALS
000729,20260331,20260424,20260424,20260424,000729_fin.csv,REAL_FUNDAMENTALS
000731,20260331,20260428,20260428,20260428,000731_fin.csv,REAL_FUNDAMENTALS
000733,20260331,20260429,20260429,20260429,000733_fin.csv,REAL_FUNDAMENTALS
000735,20260331,20260428,20260428,20260428,000735_fin.csv,REAL_FUNDAMENTALS
000736,20260331,20260427,20260427,20260427,000736_fin.csv,REAL_FUNDAMENTALS
000737,20260331,20260430,20260430,20260430,000737_fin.csv,REAL_FUNDAMENTALS
000738,20260331,20260427,20260427,20260427,000738_fin.csv,REAL_FUNDAMENTALS
000739,20260331,20260421,20260421,20260421,000739_fin.csv,REAL_FUNDAMENTALS
000750,20260331,20260430,20260430,20260430,000750_fin.csv,REAL_FUNDAMENTALS
000751,20260331,20260424,20260424,20260424,000751_fin.csv,REAL_FUNDAMENTALS
000752,20260331,20260427,20260427,20260427,000752_fin.csv,REAL_FUNDAMENTALS
000753,20260331,20260425,20260425,20260425,000753_fin.csv,REAL_FUNDAMENTALS
000755,20260331,20260425,20260425,20260425,000755_fin.csv,REAL_FUNDAMENTALS
000756,20260331,20260429,20260429,20260429,000756_fin.csv,REAL_FUNDAMENTALS
000757,20260331,20260425,20260425,20260425,000757_fin.csv,REAL_FUNDAMENTALS
000758,20260331,20260428,20260428,20260428,000758_fin.csv,REAL_FUNDAMENTALS
000759,20260331,20260430,20260430,20260430,000759_fin.csv,REAL_FUNDAMENTALS
000761,20260331,20260428,20260428,20260428,000761_fin.csv,REAL_FUNDAMENTALS
000762,20260331,20260424,20260424,20260424,000762_fin.csv,REAL_FUNDAMENTALS
000766,20260331,20260428,20260428,20260428,000766_fin.csv,REAL_FUNDAMENTALS
000767,20260331,20260423,20260423,20260423,000767_fin.csv,REAL_FUNDAMENTALS
000768,20260331,20260429,20260429,20260429,000768_fin.csv,REAL_FUNDAMENTALS
000776,20260331,20260428,20260428,20260428,000776_fin.csv,REAL_FUNDAMENTALS
000777,20260331,20260428,20260428,20260428,000777_fin.csv,REAL_FUNDAMENTALS
000778,20260331,20260428,20260428,20260428,000778_fin.csv,REAL_FUNDAMENTALS
000779,20260331,20260427,20260427,20260427,000779_fin.csv,REAL_FUNDAMENTALS
000782,20260331,20260430,20260430,20260430,000782_fin.csv,REAL_FUNDAMENTALS
000783,20260331,20260430,20260430,20260430,000783_fin.csv,REAL_FUNDAMENTALS
000785,20260331,20260429,20260429,20260429,000785_fin.csv,REAL_FUNDAMENTALS
000786,20260331,20260429,20260429,20260429,000786_fin.csv,REAL_FUNDAMENTALS
000788,20260331,20260428,20260428,20260428,000788_fin.csv,REAL_FUNDAMENTALS
000789,20260331,20260428,20260428,20260428,000789_fin.csv,REAL_FUNDAMENTALS
000790,20260331,20260430,20260430,20260430,000790_fin.csv,REAL_FUNDAMENTALS
000791,20260331,20260430,20260430,20260430,000791_fin.csv,REAL_FUNDAMENTALS
000792,20260331,20260430,20260430,20260430,000792_fin.csv,REAL_FUNDAMENTALS
000793,20260331,20260430,20260430,20260430,000793_fin.csv,REAL_FUNDAMENTALS
000795,20260331,20260424,20260424,20260424,000795_fin.csv,REAL_FUNDAMENTALS
000796,20260331,20260429,20260429,20260429,000796_fin.csv,REAL_FUNDAMENTALS
000797,20260331,20260428,20260428,20260428,000797_fin.csv,REAL_FUNDAMENTALS
000798,20260331,20260424,20260424,20260424,000798_fin.csv,REAL_FUNDAMENTALS
000799,20260331,20260429,20260429,20260429,000799_fin.csv,REAL_FUNDAMENTALS
000800,20260331,20260430,20260430,20260430,000800_fin.csv,REAL_FUNDAMENTALS
000801,20260331,20260428,20260428,20260428,000801_fin.csv,REAL_FUNDAMENTALS
000802,20260331,20260425,20260425,20260425,000802_fin.csv,REAL_FUNDAMENTALS
000803,20260331,20260429,20260429,20260429,000803_fin.csv,REAL_FUNDAMENTALS
000807,20260331,20260424,20260424,20260424,000807_fin.csv,REAL_FUNDAMENTALS
000809,20260331,20260428,20260428,20260428,000809_fin.csv,REAL_FUNDAMENTALS
000810,20260331,20260421,20260421,20260421,000810_fin.csv,REAL_FUNDAMENTALS
000811,20260331,20260430,20260430,20260430,000811_fin.csv,REAL_FUNDAMENTALS
000812,20260331,20260424,20260424,20260424,000812_fin.csv,REAL_FUNDAMENTALS
000813,20260331,20260425,20260425,20260425,000813_fin.csv,REAL_FUNDAMENTALS
000815,20260331,20260424,20260424,20260424,000815_fin.csv,REAL_FUNDAMENTALS
000816,20260331,20260425,20260425,20260425,000816_fin.csv,REAL_FUNDAMENTALS
000818,20260331,20260429,20260429,20260429,000818_fin.csv,REAL_FUNDAMENTALS
000819,20260331,20260428,20260428,20260428,000819_fin.csv,REAL_FUNDAMENTALS
000820,20260331,20260429,20260429,20260429,000820_fin.csv,REAL_FUNDAMENTALS
000821,20260331,20260425,20260425,20260425,000821_fin.csv,REAL_FUNDAMENTALS
000822,20260331,20260425,20260425,20260425,000822_fin.csv,REAL_FUNDAMENTALS
000823,20260331,20260425,20260425,20260425,000823_fin.csv,REAL_FUNDAMENTALS
000825,20260331,20260428,20260428,20260428,000825_fin.csv,REAL_FUNDAMENTALS
000826,20260331,20260429,20260429,20260429,000826_fin.csv,REAL_FUNDAMENTALS
000828,20260331,20260427,20260427,20260427,000828_fin.csv,REAL_FUNDAMENTALS
000829,20260331,20260429,20260429,20260429,000829_fin.csv,REAL_FUNDAMENTALS
000830,20260331,20260429,20260429,20260429,000830_fin.csv,REAL_FUNDAMENTALS
000831,20260331,20260428,20260428,20260428,000831_fin.csv,REAL_FUNDAMENTALS
000833,20260331,20260424,20260424,20260424,000833_fin.csv,REAL_FUNDAMENTALS
000837,20260331,20260430,20260430,20260430,000837_fin.csv,REAL_FUNDAMENTALS
000838,20260331,20260430,20260430,20260430,000838_fin.csv,REAL_FUNDAMENTALS
000839,20260331,20260428,20260428,20260428,000839_fin.csv,REAL_FUNDAMENTALS
000848,20260331,20260428,20260428,20260428,000848_fin.csv,REAL_FUNDAMENTALS
000850,20260331,20260428,20260428,20260428,000850_fin.csv,REAL_FUNDAMENTALS
000852,20260331,20260424,20260424,20260424,000852_fin.csv,REAL_FUNDAMENTALS
000856,20260331,20260428,20260428,20260428,000856_fin.csv,REAL_FUNDAMENTALS
000858,20260331,20260430,20260430,20260430,000858_fin.csv,REAL_FUNDAMENTALS
000859,20260331,20260430,20260430,20260430,000859_fin.csv,REAL_FUNDAMENTALS
000860,20260331,20260429,20260429,20260429,000860_fin.csv,REAL_FUNDAMENTALS
000862,20260331,20260423,20260423,20260423,000862_fin.csv,REAL_FUNDAMENTALS
000863,20260331,20260428,20260428,20260428,000863_fin.csv,REAL_FUNDAMENTALS
000868,20260331,20260428,20260428,20260428,000868_fin.csv,REAL_FUNDAMENTALS
000869,20260331,20260428,20260428,20260428,000869_fin.csv,REAL_FUNDAMENTALS
000875,20260331,20260421,20260421,20260421,000875_fin.csv,REAL_FUNDAMENTALS
000876,20260331,20260430,20260430,20260430,000876_fin.csv,REAL_FUNDAMENTALS
000877,20260331,20260428,20260428,20260428,000877_fin.csv,REAL_FUNDAMENTALS
000878,20260331,20260424,20260424,20260424,000878_fin.csv,REAL_FUNDAMENTALS
000880,20260331,20260430,20260430,20260430,000880_fin.csv,REAL_FUNDAMENTALS
000881,20260331,20260428,20260428,20260428,000881_fin.csv,REAL_FUNDAMENTALS
000882,20260331,20260429,20260429,20260429,000882_fin.csv,REAL_FUNDAMENTALS
000883,20260331,20260429,20260429,20260429,000883_fin.csv,REAL_FUNDAMENTALS
000885,20260331,20260423,20260423,20260423,000885_fin.csv,REAL_FUNDAMENTALS
000886,20260331,20260429,20260429,20260429,000886_fin.csv,REAL_FUNDAMENTALS
000887,20260331,20260429,20260429,20260429,000887_fin.csv,REAL_FUNDAMENTALS
000888,20260331,20260428,20260428,20260428,000888_fin.csv,REAL_FUNDAMENTALS
000889,20260331,20260430,20260430,20260430,000889_fin.csv,REAL_FUNDAMENTALS
000890,20260331,20260430,20260430,20260430,000890_fin.csv,REAL_FUNDAMENTALS
000892,20260331,20260430,20260430,20260430,000892_fin.csv,REAL_FUNDAMENTALS
000893,20260331,20260428,20260428,20260428,000893_fin.csv,REAL_FUNDAMENTALS
000895,20260331,20260429,20260429,20260429,000895_fin.csv,REAL_FUNDAMENTALS
000897,20260331,20260429,20260429,20260429,000897_fin.csv,REAL_FUNDAMENTALS
000898,20260331,20260430,20260430,20260430,000898_fin.csv,REAL_FUNDAMENTALS
000899,20260331,20260428,20260428,20260428,000899_fin.csv,REAL_FUNDAMENTALS
000900,20260331,20260429,20260429,20260429,000900_fin.csv,REAL_FUNDAMENTALS
000901,20260331,20260429,20260429,20260429,000901_fin.csv,REAL_FUNDAMENTALS
000902,20260331,20260428,20260428,20260428,000902_fin.csv,REAL_FUNDAMENTALS
000903,20260331,20260428,20260428,20260428,000903_fin.csv,REAL_FUNDAMENTALS
000905,20260331,20260430,20260430,20260430,000905_fin.csv,REAL_FUNDAMENTALS
000906,20260331,20260424,20260424,20260424,000906_fin.csv,REAL_FUNDAMENTALS
000908,20260331,20260429,20260429,20260429,000908_fin.csv,REAL_FUNDAMENTALS
000909,20260331,20260425,20260425,20260425,000909_fin.csv,REAL_FUNDAMENTALS
000910,20260331,20260429,20260429,20260429,000910_fin.csv,REAL_FUNDAMENTALS
000911,20260331,20260429,20260429,20260429,000911_fin.csv,REAL_FUNDAMENTALS
000912,20260331,20260430,20260430,20260430,000912_fin.csv,REAL_FUNDAMENTALS
000913,20260331,20260422,20260422,20260422,000913_fin.csv,REAL_FUNDAMENTALS
000915,20260331,20260424,20260424,20260424,000915_fin.csv,REAL_FUNDAMENTALS
000917,20260331,20260428,20260428,20260428,000917_fin.csv,REAL_FUNDAMENTALS
000919,20260331,20260428,20260428,20260428,000919_fin.csv,REAL_FUNDAMENTALS
000920,20260331,20260423,20260423,20260423,000920_fin.csv,REAL_FUNDAMENTALS
000921,20260331,20260429,20260429,20260429,000921_fin.csv,REAL_FUNDAMENTALS
000922,20260331,20260428,20260428,20260428,000922_fin.csv,REAL_FUNDAMENTALS
000923,20260331,20260429,20260429,20260429,000923_fin.csv,REAL_FUNDAMENTALS
000925,20260331,20260429,20260429,20260429,000925_fin.csv,REAL_FUNDAMENTALS
000926,20260331,20260429,20260429,20260429,000926_fin.csv,REAL_FUNDAMENTALS
000927,20260331,20260428,20260428,20260428,000927_fin.csv,REAL_FUNDAMENTALS
000928,20260331,20260428,20260428,20260428,000928_fin.csv,REAL_FUNDAMENTALS
000929,20260331,20260427,20260427,20260427,000929_fin.csv,REAL_FUNDAMENTALS
000930,20260331,20260424,20260424,20260424,000930_fin.csv,REAL_FUNDAMENTALS
000931,20260331,20260425,20260425,20260425,000931_fin.csv,REAL_FUNDAMENTALS
000932,20260331,20260430,20260430,20260430,000932_fin.csv,REAL_FUNDAMENTALS
000933,20260331,20260414,20260414,20260414,000933_fin.csv,REAL_FUNDAMENTALS
000935,20260331,20260429,20260429,20260429,000935_fin.csv,REAL_FUNDAMENTALS
000936,20260331,20260429,20260429,20260429,000936_fin.csv,REAL_FUNDAMENTALS
000937,20260331,20260429,20260429,20260429,000937_fin.csv,REAL_FUNDAMENTALS
000938,20260331,20260429,20260429,20260429,000938_fin.csv,REAL_FUNDAMENTALS
000948,20260331,20260425,20260425,20260425,000948_fin.csv,REAL_FUNDAMENTALS
000949,20260331,20260430,20260430,20260430,000949_fin.csv,REAL_FUNDAMENTALS
000950,20260331,20260424,20260424,20260424,000950_fin.csv,REAL_FUNDAMENTALS
000951,20260331,20260430,20260430,20260430,000951_fin.csv,REAL_FUNDAMENTALS
000952,20260331,20260425,20260425,20260425,000952_fin.csv,REAL_FUNDAMENTALS
000953,20260331,20260428,20260428,20260428,000953_fin.csv,REAL_FUNDAMENTALS
000955,20260331,20260424,20260424,20260424,000955_fin.csv,REAL_FUNDAMENTALS
000957,20260331,20260425,20260425,20260425,000957_fin.csv,REAL_FUNDAMENTALS
000958,20260331,20260424,20260424,20260424,000958_fin.csv,REAL_FUNDAMENTALS
000959,20260331,20260418,20260418,20260418,000959_fin.csv,REAL_FUNDAMENTALS
000960,20260331,20260428,20260428,20260428,000960_fin.csv,REAL_FUNDAMENTALS
000962,20260331,20260428,20260428,20260428,000962_fin.csv,REAL_FUNDAMENTALS
000963,20260331,20260424,20260424,20260424,000963_fin.csv,REAL_FUNDAMENTALS
000965,20260331,20260429,20260429,20260429,000965_fin.csv,REAL_FUNDAMENTALS
000966,20260331,20260424,20260424,20260424,000966_fin.csv,REAL_FUNDAMENTALS
000967,20260331,20260428,20260428,20260428,000967_fin.csv,REAL_FUNDAMENTALS
000968,20260331,20260428,20260428,20260428,000968_fin.csv,REAL_FUNDAMENTALS
000969,20260331,20260428,20260428,20260428,000969_fin.csv,REAL_FUNDAMENTALS
000970,20260331,20260425,20260425,20260425,000970_fin.csv,REAL_FUNDAMENTALS
000972,20260331,20260425,20260425,20260425,000972_fin.csv,REAL_FUNDAMENTALS
000973,20260331,20260429,20260429,20260429,000973_fin.csv,REAL_FUNDAMENTALS
000975,20260331,20260422,20260422,20260422,000975_fin.csv,REAL_FUNDAMENTALS
000978,20260331,20260430,20260430,20260430,000978_fin.csv,REAL_FUNDAMENTALS
000980,20260331,20260429,20260429,20260429,000980_fin.csv,REAL_FUNDAMENTALS
000981,20260331,20260430,20260430,20260430,000981_fin.csv,REAL_FUNDAMENTALS
000983,20260331,20260429,20260429,20260429,000983_fin.csv,REAL_FUNDAMENTALS
000985,20260331,20260425,20260425,20260425,000985_fin.csv,REAL_FUNDAMENTALS
000987,20260331,20260430,20260430,20260430,000987_fin.csv,REAL_FUNDAMENTALS
000988,20260331,20260427,20260427,20260427,000988_fin.csv,REAL_FUNDAMENTALS
000989,20260331,20260423,20260423,20260423,000989_fin.csv,REAL_FUNDAMENTALS
000990,20260331,20260415,20260415,20260415,000990_fin.csv,REAL_FUNDAMENTALS
000993,20260331,20260430,20260430,20260430,000993_fin.csv,REAL_FUNDAMENTALS
000995,20260331,20260427,20260427,20260427,000995_fin.csv,REAL_FUNDAMENTALS
000997,20260331,20260425,20260425,20260425,000997_fin.csv,REAL_FUNDAMENTALS
000998,20260331,20260429,20260429,20260429,000998_fin.csv,REAL_FUNDAMENTALS
000999,20260331,20260425,20260425,20260425,000999_fin.csv,REAL_FUNDAMENTALS
001201,20260331,20260428,20260428,20260428,001201_fin.csv,REAL_FUNDAMENTALS
001202,20260331,20260430,20260430,20260430,001202_fin.csv,REAL_FUNDAMENTALS
001203,20260331,20260424,20260424,20260424,001203_fin.csv,REAL_FUNDAMENTALS
001205,20260331,20260417,20260417,20260417,001205_fin.csv,REAL_FUNDAMENTALS
001206,20260331,20260424,20260424,20260424,001206_fin.csv,REAL_FUNDAMENTALS
001207,20260331,20260421,20260421,20260421,001207_fin.csv,REAL_FUNDAMENTALS
001208,20260331,20260428,20260428,20260428,001208_fin.csv,REAL_FUNDAMENTALS
001209,20260331,20260429,20260429,20260429,001209_fin.csv,REAL_FUNDAMENTALS
001210,20260331,20260425,20260425,20260425,001210_fin.csv,REAL_FUNDAMENTALS
001211,20260331,20260428,20260428,20260428,001211_fin.csv,REAL_FUNDAMENTALS
001212,20260331,20260428,20260428,20260428,001212_fin.csv,REAL_FUNDAMENTALS
001213,20260331,20260429,20260429,20260429,001213_fin.csv,REAL_FUNDAMENTALS
001215,20260331,20260425,20260425,20260425,001215_fin.csv,REAL_FUNDAMENTALS
001216,20260331,20260429,20260429,20260429,001216_fin.csv,REAL_FUNDAMENTALS
001217,20260331,20260424,20260424,20260424,001217_fin.csv,REAL_FUNDAMENTALS
001218,20260331,20260430,20260430,20260430,001218_fin.csv,REAL_FUNDAMENTALS
001219,20260331,20260430,20260430,20260430,001219_fin.csv,REAL_FUNDAMENTALS
001220,20260331,20260429,20260429,20260429,001220_fin.csv,REAL_FUNDAMENTALS
001221,20260331,20260427,20260427,20260427,001221_fin.csv,REAL_FUNDAMENTALS
001222,20260331,20260428,20260428,20260428,001222_fin.csv,REAL_FUNDAMENTALS
001223,20260331,20260429,20260429,20260429,001223_fin.csv,REAL_FUNDAMENTALS
001225,20260331,20260430,20260430,20260430,001225_fin.csv,REAL_FUNDAMENTALS
001226,20260331,20260430,20260430,20260430,001226_fin.csv,REAL_FUNDAMENTALS
001227,20260331,20260428,20260428,20260428,001227_fin.csv,REAL_FUNDAMENTALS
001228,20260331,20260430,20260430,20260430,001228_fin.csv,REAL_FUNDAMENTALS
001229,20260331,20260427,20260427,20260427,001229_fin.csv,REAL_FUNDAMENTALS
001230,20260331,20260424,20260424,20260424,001230_fin.csv,REAL_FUNDAMENTALS
001231,20260331,20260427,20260427,20260427,001231_fin.csv,REAL_FUNDAMENTALS
001233,20260331,20260429,20260429,20260429,001233_fin.csv,REAL_FUNDAMENTALS
001234,20260331,20260427,20260427,20260427,001234_fin.csv,REAL_FUNDAMENTALS
001236,20260331,20260429,20260429,20260429,001236_fin.csv,REAL_FUNDAMENTALS
001237,20260331,20260521,20260521,20260521,001237_fin.csv,REAL_FUNDAMENTALS
001238,20260331,20260429,20260429,20260429,001238_fin.csv,REAL_FUNDAMENTALS
001239,20260331,20260428,20260428,20260428,001239_fin.csv,REAL_FUNDAMENTALS
001255,20260331,20260429,20260429,20260429,001255_fin.csv,REAL_FUNDAMENTALS
001256,20260331,20260429,20260429,20260429,001256_fin.csv,REAL_FUNDAMENTALS
001257,20260331,20260428,20260428,20260428,001257_fin.csv,REAL_FUNDAMENTALS
001258,20260331,20260423,20260423,20260423,001258_fin.csv,REAL_FUNDAMENTALS
001259,20260331,20260427,20260427,20260427,001259_fin.csv,REAL_FUNDAMENTALS
001260,20260331,20260424,20260424,20260424,001260_fin.csv,REAL_FUNDAMENTALS
001266,20260331,20260428,20260428,20260428,001266_fin.csv,REAL_FUNDAMENTALS
001267,20260331,20260428,20260428,20260428,001267_fin.csv,REAL_FUNDAMENTALS
001268,20260331,20260424,20260424,20260424,001268_fin.csv,REAL_FUNDAMENTALS
001269,20260331,20260425,20260425,20260425,001269_fin.csv,REAL_FUNDAMENTALS
001270,20260331,20260428,20260428,20260428,001270_fin.csv,REAL_FUNDAMENTALS
001277,20260331,20260428,20260428,20260428,001277_fin.csv,REAL_FUNDAMENTALS
001278,20260331,20260430,20260430,20260430,001278_fin.csv,REAL_FUNDAMENTALS
001279,20260331,20260428,20260428,20260428,001279_fin.csv,REAL_FUNDAMENTALS
001280,20260331,20260429,20260429,20260429,001280_fin.csv,REAL_FUNDAMENTALS
001282,20260331,20260429,20260429,20260429,001282_fin.csv,REAL_FUNDAMENTALS
001283,20260331,20260428,20260428,20260428,001283_fin.csv,REAL_FUNDAMENTALS
001285,20260331,20260428,20260428,20260428,001285_fin.csv,REAL_FUNDAMENTALS
001286,20260331,20260421,20260421,20260421,001286_fin.csv,REAL_FUNDAMENTALS
001287,20260331,20260428,20260428,20260428,001287_fin.csv,REAL_FUNDAMENTALS
001288,20260331,20260428,20260428,20260428,001288_fin.csv,REAL_FUNDAMENTALS
001289,20260331,20260430,20260430,20260430,001289_fin.csv,REAL_FUNDAMENTALS
001296,20260331,20260429,20260429,20260429,001296_fin.csv,REAL_FUNDAMENTALS
001298,20260331,20260428,20260428,20260428,001298_fin.csv,REAL_FUNDAMENTALS
001299,20260331,20260428,20260428,20260428,001299_fin.csv,REAL_FUNDAMENTALS
001300,20260331,20260427,20260427,20260427,001300_fin.csv,REAL_FUNDAMENTALS
001301,20260331,20260428,20260428,20260428,001301_fin.csv,REAL_FUNDAMENTALS
001306,20260331,20260428,20260428,20260428,001306_fin.csv,REAL_FUNDAMENTALS
001308,20260331,20260430,20260430,20260430,001308_fin.csv,REAL_FUNDAMENTALS
001309,20260331,20260430,20260430,20260430,001309_fin.csv,REAL_FUNDAMENTALS
001311,20260331,20260430,20260430,20260430,001311_fin.csv,REAL_FUNDAMENTALS
001312,20260331,20260429,20260429,20260429,001312_fin.csv,REAL_FUNDAMENTALS
001313,20260331,20260427,20260427,20260427,001313_fin.csv,REAL_FUNDAMENTALS
001314,20260331,20260423,20260423,20260423,001314_fin.csv,REAL_FUNDAMENTALS
001316,20260331,20260430,20260430,20260430,001316_fin.csv,REAL_FUNDAMENTALS
001317,20260331,20260424,20260424,20260424,001317_fin.csv,REAL_FUNDAMENTALS
001318,20260331,20260427,20260427,20260427,001318_fin.csv,REAL_FUNDAMENTALS
001319,20260331,20260424,20260424,20260424,001319_fin.csv,REAL_FUNDAMENTALS
001322,20260331,20260429,20260429,20260429,001322_fin.csv,REAL_FUNDAMENTALS
001323,20260331,20260429,20260429,20260429,001323_fin.csv,REAL_FUNDAMENTALS
001324,20260331,20260430,20260430,20260430,001324_fin.csv,REAL_FUNDAMENTALS
001325,20260331,20260430,20260430,20260430,001325_fin.csv,REAL_FUNDAMENTALS
001326,20260331,20260429,20260429,20260429,001326_fin.csv,REAL_FUNDAMENTALS
001328,20260331,20260423,20260423,20260423,001328_fin.csv,REAL_FUNDAMENTALS
001330,20260331,20260430,20260430,20260430,001330_fin.csv,REAL_FUNDAMENTALS
001331,20260331,20260429,20260429,20260429,001331_fin.csv,REAL_FUNDAMENTALS
001332,20260331,20260427,20260427,20260427,001332_fin.csv,REAL_FUNDAMENTALS
001333,20260331,20260422,20260422,20260422,001333_fin.csv,REAL_FUNDAMENTALS
001335,20260331,20260429,20260429,20260429,001335_fin.csv,REAL_FUNDAMENTALS
001336,20260331,20260429,20260429,20260429,001336_fin.csv,REAL_FUNDAMENTALS
001337,20260331,20260427,20260427,20260427,001337_fin.csv,REAL_FUNDAMENTALS
001338,20260331,20260428,20260428,20260428,001338_fin.csv,REAL_FUNDAMENTALS
001339,20260331,20260424,20260424,20260424,001339_fin.csv,REAL_FUNDAMENTALS
001356,20260331,20260425,20260425,20260425,001356_fin.csv,REAL_FUNDAMENTALS
001358,20260331,20260428,20260428,20260428,001358_fin.csv,REAL_FUNDAMENTALS
001359,20260331,20260429,20260429,20260429,001359_fin.csv,REAL_FUNDAMENTALS
001360,20260331,20260424,20260424,20260424,001360_fin.csv,REAL_FUNDAMENTALS
001365,20260331,20260515,20260515,20260515,001365_fin.csv,REAL_FUNDAMENTALS
001366,20260331,20260428,20260428,20260428,001366_fin.csv,REAL_FUNDAMENTALS
001367,20260331,20260428,20260428,20260428,001367_fin.csv,REAL_FUNDAMENTALS
001368,20260331,20260429,20260429,20260429,001368_fin.csv,REAL_FUNDAMENTALS
001369,20260331,20260428,20260428,20260428,001369_fin.csv,REAL_FUNDAMENTALS
001373,20260331,20260427,20260427,20260427,001373_fin.csv,REAL_FUNDAMENTALS
001376,20260331,20260428,20260428,20260428,001376_fin.csv,REAL_FUNDAMENTALS
001378,20260331,20260428,20260428,20260428,001378_fin.csv,REAL_FUNDAMENTALS
001379,20260331,20260424,20260424,20260424,001379_fin.csv,REAL_FUNDAMENTALS
001380,20260331,20260430,20260430,20260430,001380_fin.csv,REAL_FUNDAMENTALS
001382,20260331,20260421,20260421,20260421,001382_fin.csv,REAL_FUNDAMENTALS
001386,20260331,20260429,20260429,20260429,001386_fin.csv,REAL_FUNDAMENTALS
001387,20260331,20260428,20260428,20260428,001387_fin.csv,REAL_FUNDAMENTALS
001388,20260331,20260424,20260424,20260424,001388_fin.csv,REAL_FUNDAMENTALS
001389,20260331,20260430,20260430,20260430,001389_fin.csv,REAL_FUNDAMENTALS
001390,20260331,20260428,20260428,20260428,001390_fin.csv,REAL_FUNDAMENTALS
001391,20260331,20260429,20260429,20260429,001391_fin.csv,REAL_FUNDAMENTALS
001393,20260331,20260514,20260514,20260514,001393_fin.csv,REAL_FUNDAMENTALS
001395,20260331,20260424,20260424,20260424,001395_fin.csv,REAL_FUNDAMENTALS
001396,20260331,20260427,20260427,20260427,001396_fin.csv,REAL_FUNDAMENTALS
001400,20260331,20260428,20260428,20260428,001400_fin.csv,REAL_FUNDAMENTALS
001696,20260331,20260425,20260425,20260425,001696_fin.csv,REAL_FUNDAMENTALS
001872,20260331,20260430,20260430,20260430,001872_fin.csv,REAL_FUNDAMENTALS
001896,20260331,20260430,20260430,20260430,001896_fin.csv,REAL_FUNDAMENTALS
001914,20260331,20260429,20260429,20260429,001914_fin.csv,REAL_FUNDAMENTALS
001965,20260331,20260425,20260425,20260425,001965_fin.csv,REAL_FUNDAMENTALS
001979,20260331,20260430,20260430,20260430,001979_fin.csv,REAL_FUNDAMENTALS
002001,20260331,20260429,20260429,20260429,002001_fin.csv,REAL_FUNDAMENTALS
002003,20260331,20260428,20260428,20260428,002003_fin.csv,REAL_FUNDAMENTALS
002004,20260331,20260425,20260425,20260425,002004_fin.csv,REAL_FUNDAMENTALS
002005,20260331,20260428,20260428,20260428,002005_fin.csv,REAL_FUNDAMENTALS
002006,20260331,20260430,20260430,20260430,002006_fin.csv,REAL_FUNDAMENTALS
002007,20260331,20260427,20260427,20260427,002007_fin.csv,REAL_FUNDAMENTALS
002008,20260331,20260421,20260421,20260421,002008_fin.csv,REAL_FUNDAMENTALS
002009,20260331,20260428,20260428,20260428,002009_fin.csv,REAL_FUNDAMENTALS
002010,20260331,20260430,20260430,20260430,002010_fin.csv,REAL_FUNDAMENTALS
002011,20260331,20260429,20260429,20260429,002011_fin.csv,REAL_FUNDAMENTALS
002012,20260331,20260428,20260428,20260428,002012_fin.csv,REAL_FUNDAMENTALS
002014,20260331,20260424,20260424,20260424,002014_fin.csv,REAL_FUNDAMENTALS
002015,20260331,20260428,20260428,20260428,002015_fin.csv,REAL_FUNDAMENTALS
002016,20260331,20260418,20260418,20260418,002016_fin.csv,REAL_FUNDAMENTALS
002017,20260331,20260425,20260425,20260425,002017_fin.csv,REAL_FUNDAMENTALS
002019,20260331,20260424,20260424,20260424,002019_fin.csv,REAL_FUNDAMENTALS
002020,20260331,20260424,20260424,20260424,002020_fin.csv,REAL_FUNDAMENTALS
002021,20260331,20260430,20260430,20260430,002021_fin.csv,REAL_FUNDAMENTALS
002022,20260331,20260428,20260428,20260428,002022_fin.csv,REAL_FUNDAMENTALS
002023,20260331,20260428,20260428,20260428,002023_fin.csv,REAL_FUNDAMENTALS
002024,20260331,20260430,20260430,20260430,002024_fin.csv,REAL_FUNDAMENTALS
002025,20260331,20260430,20260430,20260430,002025_fin.csv,REAL_FUNDAMENTALS
002026,20260331,20260421,20260421,20260421,002026_fin.csv,REAL_FUNDAMENTALS
002027,20260331,20260429,20260429,20260429,002027_fin.csv,REAL_FUNDAMENTALS
002028,20260331,20260425,20260425,20260425,002028_fin.csv,REAL_FUNDAMENTALS
002029,20260331,20260425,20260425,20260425,002029_fin.csv,REAL_FUNDAMENTALS
002030,20260331,20260428,20260428,20260428,002030_fin.csv,REAL_FUNDAMENTALS
002031,20260331,20260430,20260430,20260430,002031_fin.csv,REAL_FUNDAMENTALS
002032,20260331,20260424,20260424,20260424,002032_fin.csv,REAL_FUNDAMENTALS
002033,20260331,20260424,20260424,20260424,002033_fin.csv,REAL_FUNDAMENTALS
002034,20260331,20260428,20260428,20260428,002034_fin.csv,REAL_FUNDAMENTALS
002035,20260331,20260428,20260428,20260428,002035_fin.csv,REAL_FUNDAMENTALS
002036,20260331,20260428,20260428,20260428,002036_fin.csv,REAL_FUNDAMENTALS
002037,20260331,20260429,20260429,20260429,002037_fin.csv,REAL_FUNDAMENTALS
002038,20260331,20260429,20260429,20260429,002038_fin.csv,REAL_FUNDAMENTALS
002039,20260331,20260428,20260428,20260428,002039_fin.csv,REAL_FUNDAMENTALS
002040,20260331,20260424,20260424,20260424,002040_fin.csv,REAL_FUNDAMENTALS
002041,20260331,20260428,20260428,20260428,002041_fin.csv,REAL_FUNDAMENTALS
002042,20260331,20260429,20260429,20260429,002042_fin.csv,REAL_FUNDAMENTALS
002043,20260331,20260429,20260429,20260429,002043_fin.csv,REAL_FUNDAMENTALS
002044,20260331,20260430,20260430,20260430,002044_fin.csv,REAL_FUNDAMENTALS
002045,20260331,20260421,20260421,20260421,002045_fin.csv,REAL_FUNDAMENTALS
002046,20260331,20260428,20260428,20260428,002046_fin.csv,REAL_FUNDAMENTALS
002047,20260331,20260428,20260428,20260428,002047_fin.csv,REAL_FUNDAMENTALS
002048,20260331,20260428,20260428,20260428,002048_fin.csv,REAL_FUNDAMENTALS
002049,20260331,20260428,20260428,20260428,002049_fin.csv,REAL_FUNDAMENTALS
002051,20260331,20260425,20260425,20260425,002051_fin.csv,REAL_FUNDAMENTALS
002052,20260331,20260430,20260430,20260430,002052_fin.csv,REAL_FUNDAMENTALS
002053,20260331,20260429,20260429,20260429,002053_fin.csv,REAL_FUNDAMENTALS
002054,20260331,20260430,20260430,20260430,002054_fin.csv,REAL_FUNDAMENTALS
002055,20260331,20260429,20260429,20260429,002055_fin.csv,REAL_FUNDAMENTALS
002056,20260331,20260423,20260423,20260423,002056_fin.csv,REAL_FUNDAMENTALS
002057,20260331,20260425,20260425,20260425,002057_fin.csv,REAL_FUNDAMENTALS
002058,20260331,20260429,20260429,20260429,002058_fin.csv,REAL_FUNDAMENTALS
002059,20260331,20260425,20260425,20260425,002059_fin.csv,REAL_FUNDAMENTALS
002060,20260331,20260430,20260430,20260430,002060_fin.csv,REAL_FUNDAMENTALS
002061,20260331,20260428,20260428,20260428,002061_fin.csv,REAL_FUNDAMENTALS
002062,20260331,20260430,20260430,20260430,002062_fin.csv,REAL_FUNDAMENTALS
002063,20260331,20260425,20260425,20260425,002063_fin.csv,REAL_FUNDAMENTALS
002064,20260331,20260422,20260422,20260422,002064_fin.csv,REAL_FUNDAMENTALS
002065,20260331,20260430,20260430,20260430,002065_fin.csv,REAL_FUNDAMENTALS
002066,20260331,20260422,20260422,20260422,002066_fin.csv,REAL_FUNDAMENTALS
002067,20260331,20260429,20260429,20260429,002067_fin.csv,REAL_FUNDAMENTALS
002068,20260331,20260430,20260430,20260430,002068_fin.csv,REAL_FUNDAMENTALS
002069,20260331,20260422,20260422,20260422,002069_fin.csv,REAL_FUNDAMENTALS
002072,20260331,20260409,20260409,20260409,002072_fin.csv,REAL_FUNDAMENTALS
002073,20260331,20260430,20260430,20260430,002073_fin.csv,REAL_FUNDAMENTALS
002074,20260331,20260429,20260429,20260429,002074_fin.csv,REAL_FUNDAMENTALS
002075,20260331,20260424,20260424,20260424,002075_fin.csv,REAL_FUNDAMENTALS
002076,20260331,20260430,20260430,20260430,002076_fin.csv,REAL_FUNDAMENTALS
002077,20260331,20260429,20260429,20260429,002077_fin.csv,REAL_FUNDAMENTALS
002078,20260331,20260429,20260429,20260429,002078_fin.csv,REAL_FUNDAMENTALS
002079,20260331,20260429,20260429,20260429,002079_fin.csv,REAL_FUNDAMENTALS
002080,20260331,20260425,20260425,20260425,002080_fin.csv,REAL_FUNDAMENTALS
002081,20260331,20260429,20260429,20260429,002081_fin.csv,REAL_FUNDAMENTALS
002082,20260331,20260430,20260430,20260430,002082_fin.csv,REAL_FUNDAMENTALS
002083,20260331,20260415,20260415,20260415,002083_fin.csv,REAL_FUNDAMENTALS
002084,20260331,20260429,20260429,20260429,002084_fin.csv,REAL_FUNDAMENTALS
002085,20260331,20260429,20260429,20260429,002085_fin.csv,REAL_FUNDAMENTALS
002086,20260331,20260429,20260429,20260429,002086_fin.csv,REAL_FUNDAMENTALS
002088,20260331,20260429,20260429,20260429,002088_fin.csv,REAL_FUNDAMENTALS
002090,20260331,20260429,20260429,20260429,002090_fin.csv,REAL_FUNDAMENTALS
002091,20260331,20260430,20260430,20260430,002091_fin.csv,REAL_FUNDAMENTALS
002092,20260331,20260425,20260425,20260425,002092_fin.csv,REAL_FUNDAMENTALS
002093,20260331,20260429,20260429,20260429,002093_fin.csv,REAL_FUNDAMENTALS
002094,20260331,20260430,20260430,20260430,002094_fin.csv,REAL_FUNDAMENTALS
002095,20260331,20260429,20260429,20260429,002095_fin.csv,REAL_FUNDAMENTALS
002096,20260331,20260430,20260430,20260430,002096_fin.csv,REAL_FUNDAMENTALS
002097,20260331,20260430,20260430,20260430,002097_fin.csv,REAL_FUNDAMENTALS
002098,20260331,20260428,20260428,20260428,002098_fin.csv,REAL_FUNDAMENTALS
002099,20260331,20260429,20260429,20260429,002099_fin.csv,REAL_FUNDAMENTALS
002100,20260331,20260430,20260430,20260430,002100_fin.csv,REAL_FUNDAMENTALS
002101,20260331,20260428,20260428,20260428,002101_fin.csv,REAL_FUNDAMENTALS
002102,20260331,20260429,20260429,20260429,002102_fin.csv,REAL_FUNDAMENTALS
002103,20260331,20260430,20260430,20260430,002103_fin.csv,REAL_FUNDAMENTALS
002104,20260331,20260427,20260427,20260427,002104_fin.csv,REAL_FUNDAMENTALS
002105,20260331,20260429,20260429,20260429,002105_fin.csv,REAL_FUNDAMENTALS
002106,20260331,20260428,20260428,20260428,002106_fin.csv,REAL_FUNDAMENTALS
002107,20260331,20260408,20260408,20260408,002107_fin.csv,REAL_FUNDAMENTALS
002108,20260331,20260422,20260422,20260422,002108_fin.csv,REAL_FUNDAMENTALS
002109,20260331,20260430,20260430,20260430,002109_fin.csv,REAL_FUNDAMENTALS
002110,20260331,20260429,20260429,20260429,002110_fin.csv,REAL_FUNDAMENTALS
002111,20260331,20260429,20260429,20260429,002111_fin.csv,REAL_FUNDAMENTALS
002112,20260331,20260428,20260428,20260428,002112_fin.csv,REAL_FUNDAMENTALS
002114,20260331,20260430,20260430,20260430,002114_fin.csv,REAL_FUNDAMENTALS
002115,20260331,20260427,20260427,20260427,002115_fin.csv,REAL_FUNDAMENTALS
002116,20260331,20260424,20260424,20260424,002116_fin.csv,REAL_FUNDAMENTALS
002117,20260331,20260425,20260425,20260425,002117_fin.csv,REAL_FUNDAMENTALS
002119,20260331,20260418,20260418,20260418,002119_fin.csv,REAL_FUNDAMENTALS
002120,20260331,20260425,20260425,20260425,002120_fin.csv,REAL_FUNDAMENTALS
002121,20260331,20260425,20260425,20260425,002121_fin.csv,REAL_FUNDAMENTALS
002122,20260331,20260424,20260424,20260424,002122_fin.csv,REAL_FUNDAMENTALS
002123,20260331,20260429,20260429,20260429,002123_fin.csv,REAL_FUNDAMENTALS
002124,20260331,20260429,20260429,20260429,002124_fin.csv,REAL_FUNDAMENTALS
002125,20260331,20260430,20260430,20260430,002125_fin.csv,REAL_FUNDAMENTALS
002126,20260331,20260428,20260428,20260428,002126_fin.csv,REAL_FUNDAMENTALS
002127,20260331,20260424,20260424,20260424,002127_fin.csv,REAL_FUNDAMENTALS
002128,20260331,20260415,20260415,20260415,002128_fin.csv,REAL_FUNDAMENTALS
002129,20260331,20260428,20260428,20260428,002129_fin.csv,REAL_FUNDAMENTALS
002130,20260331,20260424,20260424,20260424,002130_fin.csv,REAL_FUNDAMENTALS
002131,20260331,20260429,20260429,20260429,002131_fin.csv,REAL_FUNDAMENTALS
002132,20260331,20260429,20260429,20260429,002132_fin.csv,REAL_FUNDAMENTALS
002133,20260331,20260430,20260430,20260430,002133_fin.csv,REAL_FUNDAMENTALS
002134,20260331,20260414,20260414,20260414,002134_fin.csv,REAL_FUNDAMENTALS
002135,20260331,20260430,20260430,20260430,002135_fin.csv,REAL_FUNDAMENTALS
002136,20260331,20260421,20260421,20260421,002136_fin.csv,REAL_FUNDAMENTALS
002137,20260331,20260421,20260421,20260421,002137_fin.csv,REAL_FUNDAMENTALS
002138,20260331,20260430,20260430,20260430,002138_fin.csv,REAL_FUNDAMENTALS
002139,20260331,20260428,20260428,20260428,002139_fin.csv,REAL_FUNDAMENTALS
002140,20260331,20260429,20260429,20260429,002140_fin.csv,REAL_FUNDAMENTALS
002141,20260331,20260429,20260429,20260429,002141_fin.csv,REAL_FUNDAMENTALS
002142,20260331,20260425,20260425,20260425,002142_fin.csv,REAL_FUNDAMENTALS
002144,20260331,20260427,20260427,20260427,002144_fin.csv,REAL_FUNDAMENTALS
002145,20260331,20260429,20260429,20260429,002145_fin.csv,REAL_FUNDAMENTALS
002146,20260331,20260429,20260429,20260429,002146_fin.csv,REAL_FUNDAMENTALS
002148,20260331,20260429,20260429,20260429,002148_fin.csv,REAL_FUNDAMENTALS
002149,20260331,20260428,20260428,20260428,002149_fin.csv,REAL_FUNDAMENTALS
002150,20260331,20260414,20260414,20260414,002150_fin.csv,REAL_FUNDAMENTALS
002151,20260331,20260427,20260427,20260427,002151_fin.csv,REAL_FUNDAMENTALS
002152,20260331,20260425,20260425,20260425,002152_fin.csv,REAL_FUNDAMENTALS
002153,20260331,20260428,20260428,20260428,002153_fin.csv,REAL_FUNDAMENTALS
002154,20260331,20260425,20260425,20260425,002154_fin.csv,REAL_FUNDAMENTALS
002155,20260331,20260427,20260427,20260427,002155_fin.csv,REAL_FUNDAMENTALS
002156,20260331,20260430,20260430,20260430,002156_fin.csv,REAL_FUNDAMENTALS
002157,20260331,20260429,20260429,20260429,002157_fin.csv,REAL_FUNDAMENTALS
002158,20260331,20260425,20260425,20260425,002158_fin.csv,REAL_FUNDAMENTALS
002159,20260331,20260430,20260430,20260430,002159_fin.csv,REAL_FUNDAMENTALS
002160,20260331,20260424,20260424,20260424,002160_fin.csv,REAL_FUNDAMENTALS
002161,20260331,20260429,20260429,20260429,002161_fin.csv,REAL_FUNDAMENTALS
002162,20260331,20260422,20260422,20260422,002162_fin.csv,REAL_FUNDAMENTALS
002163,20260331,20260428,20260428,20260428,002163_fin.csv,REAL_FUNDAMENTALS
002164,20260331,20260429,20260429,20260429,002164_fin.csv,REAL_FUNDAMENTALS
002165,20260331,20260423,20260423,20260423,002165_fin.csv,REAL_FUNDAMENTALS
002166,20260331,20260430,20260430,20260430,002166_fin.csv,REAL_FUNDAMENTALS
002167,20260331,20260421,20260421,20260421,002167_fin.csv,REAL_FUNDAMENTALS
002168,20260331,20260430,20260430,20260430,002168_fin.csv,REAL_FUNDAMENTALS
002169,20260331,20260422,20260422,20260422,002169_fin.csv,REAL_FUNDAMENTALS
002170,20260331,20260430,20260430,20260430,002170_fin.csv,REAL_FUNDAMENTALS
002171,20260331,20260428,20260428,20260428,002171_fin.csv,REAL_FUNDAMENTALS
002172,20260331,20260430,20260430,20260430,002172_fin.csv,REAL_FUNDAMENTALS
002173,20260331,20260430,20260430,20260430,002173_fin.csv,REAL_FUNDAMENTALS
002174,20260331,20260429,20260429,20260429,002174_fin.csv,REAL_FUNDAMENTALS
002175,20260331,20260429,20260429,20260429,002175_fin.csv,REAL_FUNDAMENTALS
002176,20260331,20260429,20260429,20260429,002176_fin.csv,REAL_FUNDAMENTALS
002177,20260331,20260424,20260424,20260424,002177_fin.csv,REAL_FUNDAMENTALS
002178,20260331,20260430,20260430,20260430,002178_fin.csv,REAL_FUNDAMENTALS
002179,20260331,20260425,20260425,20260425,002179_fin.csv,REAL_FUNDAMENTALS
002180,20260331,20260430,20260430,20260430,002180_fin.csv,REAL_FUNDAMENTALS
002181,20260331,20260430,20260430,20260430,002181_fin.csv,REAL_FUNDAMENTALS
002182,20260331,20260429,20260429,20260429,002182_fin.csv,REAL_FUNDAMENTALS
002183,20260331,20260429,20260429,20260429,002183_fin.csv,REAL_FUNDAMENTALS
002184,20260331,20260430,20260430,20260430,002184_fin.csv,REAL_FUNDAMENTALS
002185,20260331,20260429,20260429,20260429,002185_fin.csv,REAL_FUNDAMENTALS
002186,20260331,20260424,20260424,20260424,002186_fin.csv,REAL_FUNDAMENTALS
002187,20260331,20260428,20260428,20260428,002187_fin.csv,REAL_FUNDAMENTALS
002188,20260331,20260430,20260430,20260430,002188_fin.csv,REAL_FUNDAMENTALS
002189,20260331,20260428,20260428,20260428,002189_fin.csv,REAL_FUNDAMENTALS
002190,20260331,20260428,20260428,20260428,002190_fin.csv,REAL_FUNDAMENTALS
002191,20260331,20260428,20260428,20260428,002191_fin.csv,REAL_FUNDAMENTALS
002192,20260331,20260428,20260428,20260428,002192_fin.csv,REAL_FUNDAMENTALS
002193,20260331,20260429,20260429,20260429,002193_fin.csv,REAL_FUNDAMENTALS
002194,20260331,20260429,20260429,20260429,002194_fin.csv,REAL_FUNDAMENTALS
002195,20260331,20260428,20260428,20260428,002195_fin.csv,REAL_FUNDAMENTALS
002196,20260331,20260415,20260415,20260415,002196_fin.csv,REAL_FUNDAMENTALS
002197,20260331,20260425,20260425,20260425,002197_fin.csv,REAL_FUNDAMENTALS
002198,20260331,20260430,20260430,20260430,002198_fin.csv,REAL_FUNDAMENTALS
002199,20260331,20260428,20260428,20260428,002199_fin.csv,REAL_FUNDAMENTALS
002200,20260331,20260418,20260418,20260418,002200_fin.csv,REAL_FUNDAMENTALS
002201,20260331,20260428,20260428,20260428,002201_fin.csv,REAL_FUNDAMENTALS
002202,20260331,20260425,20260425,20260425,002202_fin.csv,REAL_FUNDAMENTALS
002203,20260331,20260430,20260430,20260430,002203_fin.csv,REAL_FUNDAMENTALS
002204,20260331,20260422,20260422,20260422,002204_fin.csv,REAL_FUNDAMENTALS
002205,20260331,20260427,20260427,20260427,002205_fin.csv,REAL_FUNDAMENTALS
002206,20260331,20260428,20260428,20260428,002206_fin.csv,REAL_FUNDAMENTALS
002207,20260331,20260428,20260428,20260428,002207_fin.csv,REAL_FUNDAMENTALS
002208,20260331,20260428,20260428,20260428,002208_fin.csv,REAL_FUNDAMENTALS
002209,20260331,20260430,20260430,20260430,002209_fin.csv,REAL_FUNDAMENTALS
002210,20260331,20260427,20260427,20260427,002210_fin.csv,REAL_FUNDAMENTALS
002211,20260331,20260424,20260424,20260424,002211_fin.csv,REAL_FUNDAMENTALS
002212,20260331,20260430,20260430,20260430,002212_fin.csv,REAL_FUNDAMENTALS
002213,20260331,20260424,20260424,20260424,002213_fin.csv,REAL_FUNDAMENTALS
002214,20260331,20260430,20260430,20260430,002214_fin.csv,REAL_FUNDAMENTALS
002215,20260331,20260428,20260428,20260428,002215_fin.csv,REAL_FUNDAMENTALS
002216,20260331,20260427,20260427,20260427,002216_fin.csv,REAL_FUNDAMENTALS
002217,20260331,20260423,20260423,20260423,002217_fin.csv,REAL_FUNDAMENTALS
002218,20260331,20260430,20260430,20260430,002218_fin.csv,REAL_FUNDAMENTALS
002219,20260331,20260422,20260422,20260422,002219_fin.csv,REAL_FUNDAMENTALS
002221,20260331,20260430,20260430,20260430,002221_fin.csv,REAL_FUNDAMENTALS
002222,20260331,20260429,20260429,20260429,002222_fin.csv,REAL_FUNDAMENTALS
002223,20260331,20260425,20260425,20260425,002223_fin.csv,REAL_FUNDAMENTALS
002224,20260331,20260429,20260429,20260429,002224_fin.csv,REAL_FUNDAMENTALS
002225,20260331,20260428,20260428,20260428,002225_fin.csv,REAL_FUNDAMENTALS
002226,20260331,20260428,20260428,20260428,002226_fin.csv,REAL_FUNDAMENTALS
002227,20260331,20260428,20260428,20260428,002227_fin.csv,REAL_FUNDAMENTALS
002228,20260331,20260427,20260427,20260427,002228_fin.csv,REAL_FUNDAMENTALS
002229,20260331,20260424,20260424,20260424,002229_fin.csv,REAL_FUNDAMENTALS
002230,20260331,20260429,20260429,20260429,002230_fin.csv,REAL_FUNDAMENTALS
002232,20260331,20260425,20260425,20260425,002232_fin.csv,REAL_FUNDAMENTALS
002233,20260331,20260423,20260423,20260423,002233_fin.csv,REAL_FUNDAMENTALS
002234,20260331,20260425,20260425,20260425,002234_fin.csv,REAL_FUNDAMENTALS
002235,20260331,20260430,20260430,20260430,002235_fin.csv,REAL_FUNDAMENTALS
002236,20260331,20260418,20260418,20260418,002236_fin.csv,REAL_FUNDAMENTALS
002237,20260331,20260427,20260427,20260427,002237_fin.csv,REAL_FUNDAMENTALS
002238,20260331,20260430,20260430,20260430,002238_fin.csv,REAL_FUNDAMENTALS
002239,20260331,20260428,20260428,20260428,002239_fin.csv,REAL_FUNDAMENTALS
002240,20260331,20260430,20260430,20260430,002240_fin.csv,REAL_FUNDAMENTALS
002241,20260331,20260424,20260424,20260424,002241_fin.csv,REAL_FUNDAMENTALS
002242,20260331,20260430,20260430,20260430,002242_fin.csv,REAL_FUNDAMENTALS
002243,20260331,20260428,20260428,20260428,002243_fin.csv,REAL_FUNDAMENTALS
002244,20260331,20260428,20260428,20260428,002244_fin.csv,REAL_FUNDAMENTALS
002245,20260331,20260425,20260425,20260425,002245_fin.csv,REAL_FUNDAMENTALS
002246,20260331,20260427,20260427,20260427,002246_fin.csv,REAL_FUNDAMENTALS
002247,20260331,20260429,20260429,20260429,002247_fin.csv,REAL_FUNDAMENTALS
002248,20260331,20260418,20260418,20260418,002248_fin.csv,REAL_FUNDAMENTALS
002249,20260331,20260430,20260430,20260430,002249_fin.csv,REAL_FUNDAMENTALS
002250,20260331,20260428,20260428,20260428,002250_fin.csv,REAL_FUNDAMENTALS
002251,20260331,20260423,20260423,20260423,002251_fin.csv,REAL_FUNDAMENTALS
002252,20260331,20260429,20260429,20260429,002252_fin.csv,REAL_FUNDAMENTALS
002253,20260331,20260428,20260428,20260428,002253_fin.csv,REAL_FUNDAMENTALS
002254,20260331,20260425,20260425,20260425,002254_fin.csv,REAL_FUNDAMENTALS
002255,20260331,20260428,20260428,20260428,002255_fin.csv,REAL_FUNDAMENTALS
002256,20260331,20260421,20260421,20260421,002256_fin.csv,REAL_FUNDAMENTALS
002258,20260331,20260425,20260425,20260425,002258_fin.csv,REAL_FUNDAMENTALS
002259,20260331,20260425,20260425,20260425,002259_fin.csv,REAL_FUNDAMENTALS
002261,20260331,20260428,20260428,20260428,002261_fin.csv,REAL_FUNDAMENTALS
002262,20260331,20260418,20260418,20260418,002262_fin.csv,REAL_FUNDAMENTALS
002263,20260331,20260430,20260430,20260430,002263_fin.csv,REAL_FUNDAMENTALS
002264,20260331,20260428,20260428,20260428,002264_fin.csv,REAL_FUNDAMENTALS
002265,20260331,20260423,20260423,20260423,002265_fin.csv,REAL_FUNDAMENTALS
002266,20260331,20260429,20260429,20260429,002266_fin.csv,REAL_FUNDAMENTALS
002267,20260331,20260428,20260428,20260428,002267_fin.csv,REAL_FUNDAMENTALS
002268,20260331,20260418,20260418,20260418,002268_fin.csv,REAL_FUNDAMENTALS
002269,20260331,20260430,20260430,20260430,002269_fin.csv,REAL_FUNDAMENTALS
002270,20260331,20260427,20260427,20260427,002270_fin.csv,REAL_FUNDAMENTALS
002271,20260331,20260417,20260417,20260417,002271_fin.csv,REAL_FUNDAMENTALS
002272,20260331,20260415,20260415,20260415,002272_fin.csv,REAL_FUNDAMENTALS
002273,20260331,20260423,20260423,20260423,002273_fin.csv,REAL_FUNDAMENTALS
002274,20260331,20260428,20260428,20260428,002274_fin.csv,REAL_FUNDAMENTALS
002275,20260331,20260429,20260429,20260429,002275_fin.csv,REAL_FUNDAMENTALS
002276,20260331,20260430,20260430,20260430,002276_fin.csv,REAL_FUNDAMENTALS
002277,20260331,20260430,20260430,20260430,002277_fin.csv,REAL_FUNDAMENTALS
002278,20260331,20260425,20260425,20260425,002278_fin.csv,REAL_FUNDAMENTALS
002279,20260331,20260430,20260430,20260430,002279_fin.csv,REAL_FUNDAMENTALS
002281,20260331,20260423,20260423,20260423,002281_fin.csv,REAL_FUNDAMENTALS
002282,20260331,20260425,20260425,20260425,002282_fin.csv,REAL_FUNDAMENTALS
002283,20260331,20260428,20260428,20260428,002283_fin.csv,REAL_FUNDAMENTALS
002284,20260331,20260430,20260430,20260430,002284_fin.csv,REAL_FUNDAMENTALS
002285,20260331,20260425,20260425,20260425,002285_fin.csv,REAL_FUNDAMENTALS
002286,20260331,20260425,20260425,20260425,002286_fin.csv,REAL_FUNDAMENTALS
002287,20260331,20260424,20260424,20260424,002287_fin.csv,REAL_FUNDAMENTALS
002289,20260331,20260429,20260429,20260429,002289_fin.csv,REAL_FUNDAMENTALS
002290,20260331,20260429,20260429,20260429,002290_fin.csv,REAL_FUNDAMENTALS
002291,20260331,20260429,20260429,20260429,002291_fin.csv,REAL_FUNDAMENTALS
002292,20260331,20260428,20260428,20260428,002292_fin.csv,REAL_FUNDAMENTALS
002293,20260331,20260423,20260423,20260423,002293_fin.csv,REAL_FUNDAMENTALS
002294,20260331,20260421,20260421,20260421,002294_fin.csv,REAL_FUNDAMENTALS
002295,20260331,20260428,20260428,20260428,002295_fin.csv,REAL_FUNDAMENTALS
002296,20260331,20260428,20260428,20260428,002296_fin.csv,REAL_FUNDAMENTALS
002297,20260331,20260428,20260428,20260428,002297_fin.csv,REAL_FUNDAMENTALS
002298,20260331,20260422,20260422,20260422,002298_fin.csv,REAL_FUNDAMENTALS
002299,20260331,20260423,20260423,20260423,002299_fin.csv,REAL_FUNDAMENTALS
002300,20260331,20260429,20260429,20260429,002300_fin.csv,REAL_FUNDAMENTALS
002301,20260331,20260425,20260425,20260425,002301_fin.csv,REAL_FUNDAMENTALS
002302,20260331,20260422,20260422,20260422,002302_fin.csv,REAL_FUNDAMENTALS
002303,20260331,20260428,20260428,20260428,002303_fin.csv,REAL_FUNDAMENTALS
002304,20260331,20260428,20260428,20260428,002304_fin.csv,REAL_FUNDAMENTALS
002305,20260331,20260428,20260428,20260428,002305_fin.csv,REAL_FUNDAMENTALS
002306,20260331,20260408,20260408,20260408,002306_fin.csv,REAL_FUNDAMENTALS
002307,20260331,20260428,20260428,20260428,002307_fin.csv,REAL_FUNDAMENTALS
002309,20260331,20260428,20260428,20260428,002309_fin.csv,REAL_FUNDAMENTALS
002310,20260331,20260430,20260430,20260430,002310_fin.csv,REAL_FUNDAMENTALS
002311,20260331,20260428,20260428,20260428,002311_fin.csv,REAL_FUNDAMENTALS
002312,20260331,20260428,20260428,20260428,002312_fin.csv,REAL_FUNDAMENTALS
002313,20260331,20260428,20260428,20260428,002313_fin.csv,REAL_FUNDAMENTALS
002314,20260331,20260429,20260429,20260429,002314_fin.csv,REAL_FUNDAMENTALS
002315,20260331,20260430,20260430,20260430,002315_fin.csv,REAL_FUNDAMENTALS
002316,20260331,20260430,20260430,20260430,002316_fin.csv,REAL_FUNDAMENTALS
002317,20260331,20260429,20260429,20260429,002317_fin.csv,REAL_FUNDAMENTALS
002318,20260331,20260428,20260428,20260428,002318_fin.csv,REAL_FUNDAMENTALS
002319,20260331,20260428,20260428,20260428,002319_fin.csv,REAL_FUNDAMENTALS
002320,20260331,20260428,20260428,20260428,002320_fin.csv,REAL_FUNDAMENTALS
002321,20260331,20260428,20260428,20260428,002321_fin.csv,REAL_FUNDAMENTALS
002322,20260331,20260424,20260424,20260424,002322_fin.csv,REAL_FUNDAMENTALS
002323,20260331,20260429,20260429,20260429,002323_fin.csv,REAL_FUNDAMENTALS
002324,20260331,20260425,20260425,20260425,002324_fin.csv,REAL_FUNDAMENTALS
002326,20260331,20260428,20260428,20260428,002326_fin.csv,REAL_FUNDAMENTALS
002327,20260331,20260425,20260425,20260425,002327_fin.csv,REAL_FUNDAMENTALS
002328,20260331,20260428,20260428,20260428,002328_fin.csv,REAL_FUNDAMENTALS
002329,20260331,20260430,20260430,20260430,002329_fin.csv,REAL_FUNDAMENTALS
002330,20260331,20260428,20260428,20260428,002330_fin.csv,REAL_FUNDAMENTALS
002331,20260331,20260423,20260423,20260423,002331_fin.csv,REAL_FUNDAMENTALS
002332,20260331,20260428,20260428,20260428,002332_fin.csv,REAL_FUNDAMENTALS
002333,20260331,20260424,20260424,20260424,002333_fin.csv,REAL_FUNDAMENTALS
002334,20260331,20260417,20260417,20260417,002334_fin.csv,REAL_FUNDAMENTALS
002335,20260331,20260427,20260427,20260427,002335_fin.csv,REAL_FUNDAMENTALS
002337,20260331,20260428,20260428,20260428,002337_fin.csv,REAL_FUNDAMENTALS
002338,20260331,20260428,20260428,20260428,002338_fin.csv,REAL_FUNDAMENTALS
002339,20260331,20260429,20260429,20260429,002339_fin.csv,REAL_FUNDAMENTALS
002340,20260331,20260430,20260430,20260430,002340_fin.csv,REAL_FUNDAMENTALS
002342,20260331,20260428,20260428,20260428,002342_fin.csv,REAL_FUNDAMENTALS
002343,20260331,20260430,20260430,20260430,002343_fin.csv,REAL_FUNDAMENTALS
002344,20260331,20260429,20260429,20260429,002344_fin.csv,REAL_FUNDAMENTALS
002345,20260331,20260430,20260430,20260430,002345_fin.csv,REAL_FUNDAMENTALS
002346,20260331,20260429,20260429,20260429,002346_fin.csv,REAL_FUNDAMENTALS
002347,20260331,20260430,20260430,20260430,002347_fin.csv,REAL_FUNDAMENTALS
002348,20260331,20260429,20260429,20260429,002348_fin.csv,REAL_FUNDAMENTALS
002349,20260331,20260430,20260430,20260430,002349_fin.csv,REAL_FUNDAMENTALS
002350,20260331,20260429,20260429,20260429,002350_fin.csv,REAL_FUNDAMENTALS
002351,20260331,20260424,20260424,20260424,002351_fin.csv,REAL_FUNDAMENTALS
002352,20260331,20260429,20260429,20260429,002352_fin.csv,REAL_FUNDAMENTALS
002353,20260331,20260417,20260417,20260417,002353_fin.csv,REAL_FUNDAMENTALS
002354,20260331,20260429,20260429,20260429,002354_fin.csv,REAL_FUNDAMENTALS
002355,20260331,20260429,20260429,20260429,002355_fin.csv,REAL_FUNDAMENTALS
002356,20260331,20260429,20260429,20260429,002356_fin.csv,REAL_FUNDAMENTALS
002357,20260331,20260429,20260429,20260429,002357_fin.csv,REAL_FUNDAMENTALS
002358,20260331,20260429,20260429,20260429,002358_fin.csv,REAL_FUNDAMENTALS
002360,20260331,20260428,20260428,20260428,002360_fin.csv,REAL_FUNDAMENTALS
002361,20260331,20260428,20260428,20260428,002361_fin.csv,REAL_FUNDAMENTALS
002362,20260331,20260428,20260428,20260428,002362_fin.csv,REAL_FUNDAMENTALS
002363,20260331,20260429,20260429,20260429,002363_fin.csv,REAL_FUNDAMENTALS
002364,20260331,20260428,20260428,20260428,002364_fin.csv,REAL_FUNDAMENTALS
002365,20260331,20260430,20260430,20260430,002365_fin.csv,REAL_FUNDAMENTALS
002366,20260331,20260425,20260425,20260425,002366_fin.csv,REAL_FUNDAMENTALS
002367,20260331,20260425,20260425,20260425,002367_fin.csv,REAL_FUNDAMENTALS
002368,20260331,20260430,20260430,20260430,002368_fin.csv,REAL_FUNDAMENTALS
002369,20260331,20260428,20260428,20260428,002369_fin.csv,REAL_FUNDAMENTALS
002370,20260331,20260425,20260425,20260425,002370_fin.csv,REAL_FUNDAMENTALS
002371,20260331,20260430,20260430,20260430,002371_fin.csv,REAL_FUNDAMENTALS
002372,20260331,20260428,20260428,20260428,002372_fin.csv,REAL_FUNDAMENTALS
002373,20260331,20260428,20260428,20260428,002373_fin.csv,REAL_FUNDAMENTALS
002374,20260331,20260430,20260430,20260430,002374_fin.csv,REAL_FUNDAMENTALS
002375,20260331,20260428,20260428,20260428,002375_fin.csv,REAL_FUNDAMENTALS
002376,20260331,20260424,20260424,20260424,002376_fin.csv,REAL_FUNDAMENTALS
002377,20260331,20260429,20260429,20260429,002377_fin.csv,REAL_FUNDAMENTALS
002378,20260331,20260428,20260428,20260428,002378_fin.csv,REAL_FUNDAMENTALS
002379,20260331,20260425,20260425,20260425,002379_fin.csv,REAL_FUNDAMENTALS
002380,20260331,20260415,20260415,20260415,002380_fin.csv,REAL_FUNDAMENTALS
002381,20260331,20260428,20260428,20260428,002381_fin.csv,REAL_FUNDAMENTALS
002382,20260331,20260429,20260429,20260429,002382_fin.csv,REAL_FUNDAMENTALS
002383,20260331,20260423,20260423,20260423,002383_fin.csv,REAL_FUNDAMENTALS
002384,20260331,20260428,20260428,20260428,002384_fin.csv,REAL_FUNDAMENTALS
002385,20260331,20260429,20260429,20260429,002385_fin.csv,REAL_FUNDAMENTALS
002386,20260331,20260430,20260430,20260430,002386_fin.csv,REAL_FUNDAMENTALS
002387,20260331,20260429,20260429,20260429,002387_fin.csv,REAL_FUNDAMENTALS
002388,20260331,20260428,20260428,20260428,002388_fin.csv,REAL_FUNDAMENTALS
002389,20260331,20260428,20260428,20260428,002389_fin.csv,REAL_FUNDAMENTALS
002390,20260331,20260429,20260429,20260429,002390_fin.csv,REAL_FUNDAMENTALS
002391,20260331,20260422,20260422,20260422,002391_fin.csv,REAL_FUNDAMENTALS
002392,20260331,20260425,20260425,20260425,002392_fin.csv,REAL_FUNDAMENTALS
002393,20260331,20260424,20260424,20260424,002393_fin.csv,REAL_FUNDAMENTALS
002394,20260331,20260424,20260424,20260424,002394_fin.csv,REAL_FUNDAMENTALS
002395,20260331,20260428,20260428,20260428,002395_fin.csv,REAL_FUNDAMENTALS
002396,20260331,20260421,20260421,20260421,002396_fin.csv,REAL_FUNDAMENTALS
002397,20260331,20260425,20260425,20260425,002397_fin.csv,REAL_FUNDAMENTALS
002398,20260331,20260429,20260429,20260429,002398_fin.csv,REAL_FUNDAMENTALS
002399,20260331,20260430,20260430,20260430,002399_fin.csv,REAL_FUNDAMENTALS
002400,20260331,20260429,20260429,20260429,002400_fin.csv,REAL_FUNDAMENTALS
002401,20260331,20260430,20260430,20260430,002401_fin.csv,REAL_FUNDAMENTALS
002402,20260331,20260428,20260428,20260428,002402_fin.csv,REAL_FUNDAMENTALS
002403,20260331,20260430,20260430,20260430,002403_fin.csv,REAL_FUNDAMENTALS
002404,20260331,20260428,20260428,20260428,002404_fin.csv,REAL_FUNDAMENTALS
002405,20260331,20260429,20260429,20260429,002405_fin.csv,REAL_FUNDAMENTALS
002406,20260331,20260428,20260428,20260428,002406_fin.csv,REAL_FUNDAMENTALS
002407,20260331,20260424,20260424,20260424,002407_fin.csv,REAL_FUNDAMENTALS
002408,20260331,20260422,20260422,20260422,002408_fin.csv,REAL_FUNDAMENTALS
002409,20260331,20260428,20260428,20260428,002409_fin.csv,REAL_FUNDAMENTALS
002410,20260331,20260424,20260424,20260424,002410_fin.csv,REAL_FUNDAMENTALS
002412,20260331,20260428,20260428,20260428,002412_fin.csv,REAL_FUNDAMENTALS
002413,20260331,20260418,20260418,20260418,002413_fin.csv,REAL_FUNDAMENTALS
002414,20260331,20260421,20260421,20260421,002414_fin.csv,REAL_FUNDAMENTALS
002415,20260331,20260418,20260418,20260418,002415_fin.csv,REAL_FUNDAMENTALS
002416,20260331,20260428,20260428,20260428,002416_fin.csv,REAL_FUNDAMENTALS
002418,20260331,20260429,20260429,20260429,002418_fin.csv,REAL_FUNDAMENTALS
002419,20260331,20260425,20260425,20260425,002419_fin.csv,REAL_FUNDAMENTALS
002420,20260331,20260425,20260425,20260425,002420_fin.csv,REAL_FUNDAMENTALS
002421,20260331,20260430,20260430,20260430,002421_fin.csv,REAL_FUNDAMENTALS
002422,20260331,20260429,20260429,20260429,002422_fin.csv,REAL_FUNDAMENTALS
002423,20260331,20260430,20260430,20260430,002423_fin.csv,REAL_FUNDAMENTALS
002424,20260331,20260428,20260428,20260428,002424_fin.csv,REAL_FUNDAMENTALS
002425,20260331,20260427,20260427,20260427,002425_fin.csv,REAL_FUNDAMENTALS
002426,20260331,20260425,20260425,20260425,002426_fin.csv,REAL_FUNDAMENTALS
002427,20260331,20260429,20260429,20260429,002427_fin.csv,REAL_FUNDAMENTALS
002428,20260331,20260430,20260430,20260430,002428_fin.csv,REAL_FUNDAMENTALS
002429,20260331,20260424,20260424,20260424,002429_fin.csv,REAL_FUNDAMENTALS
002430,20260331,20260428,20260428,20260428,002430_fin.csv,REAL_FUNDAMENTALS
002431,20260331,20260425,20260425,20260425,002431_fin.csv,REAL_FUNDAMENTALS
002432,20260331,20260429,20260429,20260429,002432_fin.csv,REAL_FUNDAMENTALS
002434,20260331,20260428,20260428,20260428,002434_fin.csv,REAL_FUNDAMENTALS
002436,20260331,20260425,20260425,20260425,002436_fin.csv,REAL_FUNDAMENTALS
002437,20260331,20260428,20260428,20260428,002437_fin.csv,REAL_FUNDAMENTALS
002438,20260331,20260428,20260428,20260428,002438_fin.csv,REAL_FUNDAMENTALS
002439,20260331,20260429,20260429,20260429,002439_fin.csv,REAL_FUNDAMENTALS
002440,20260331,20260429,20260429,20260429,002440_fin.csv,REAL_FUNDAMENTALS
002441,20260331,20260428,20260428,20260428,002441_fin.csv,REAL_FUNDAMENTALS
002442,20260331,20260430,20260430,20260430,002442_fin.csv,REAL_FUNDAMENTALS
002443,20260331,20260428,20260428,20260428,002443_fin.csv,REAL_FUNDAMENTALS
002444,20260331,20260429,20260429,20260429,002444_fin.csv,REAL_FUNDAMENTALS
002445,20260331,20260428,20260428,20260428,002445_fin.csv,REAL_FUNDAMENTALS
002446,20260331,20260428,20260428,20260428,002446_fin.csv,REAL_FUNDAMENTALS
002448,20260331,20260424,20260424,20260424,002448_fin.csv,REAL_FUNDAMENTALS
002449,20260331,20260424,20260424,20260424,002449_fin.csv,REAL_FUNDAMENTALS
002451,20260331,20260428,20260428,20260428,002451_fin.csv,REAL_FUNDAMENTALS
002452,20260331,20260430,20260430,20260430,002452_fin.csv,REAL_FUNDAMENTALS
002453,20260331,20260430,20260430,20260430,002453_fin.csv,REAL_FUNDAMENTALS
002454,20260331,20260430,20260430,20260430,002454_fin.csv,REAL_FUNDAMENTALS
002455,20260331,20260429,20260429,20260429,002455_fin.csv,REAL_FUNDAMENTALS
002456,20260331,20260427,20260427,20260427,002456_fin.csv,REAL_FUNDAMENTALS
002457,20260331,20260424,20260424,20260424,002457_fin.csv,REAL_FUNDAMENTALS
002458,20260331,20260420,20260420,20260420,002458_fin.csv,REAL_FUNDAMENTALS
002459,20260331,20260429,20260429,20260429,002459_fin.csv,REAL_FUNDAMENTALS
002460,20260331,20260430,20260430,20260430,002460_fin.csv,REAL_FUNDAMENTALS
002461,20260331,20260425,20260425,20260425,002461_fin.csv,REAL_FUNDAMENTALS
002462,20260331,20260430,20260430,20260430,002462_fin.csv,REAL_FUNDAMENTALS
002463,20260331,20260423,20260423,20260423,002463_fin.csv,REAL_FUNDAMENTALS
002465,20260331,20260425,20260425,20260425,002465_fin.csv,REAL_FUNDAMENTALS
002466,20260331,20260428,20260428,20260428,002466_fin.csv,REAL_FUNDAMENTALS
002467,20260331,20260430,20260430,20260430,002467_fin.csv,REAL_FUNDAMENTALS
002468,20260331,20260428,20260428,20260428,002468_fin.csv,REAL_FUNDAMENTALS
002469,20260331,20260425,20260425,20260425,002469_fin.csv,REAL_FUNDAMENTALS
002470,20260331,20260430,20260430,20260430,002470_fin.csv,REAL_FUNDAMENTALS
002471,20260331,20260430,20260430,20260430,002471_fin.csv,REAL_FUNDAMENTALS
002474,20260331,20260428,20260428,20260428,002474_fin.csv,REAL_FUNDAMENTALS
002475,20260331,20260429,20260429,20260429,002475_fin.csv,REAL_FUNDAMENTALS
002476,20260331,20260428,20260428,20260428,002476_fin.csv,REAL_FUNDAMENTALS
002478,20260331,20260424,20260424,20260424,002478_fin.csv,REAL_FUNDAMENTALS
002479,20260331,20260415,20260415,20260415,002479_fin.csv,REAL_FUNDAMENTALS
002480,20260331,20260429,20260429,20260429,002480_fin.csv,REAL_FUNDAMENTALS
002481,20260331,20260424,20260424,20260424,002481_fin.csv,REAL_FUNDAMENTALS
002482,20260331,20260424,20260424,20260424,002482_fin.csv,REAL_FUNDAMENTALS
002483,20260331,20260428,20260428,20260428,002483_fin.csv,REAL_FUNDAMENTALS
002484,20260331,20260424,20260424,20260424,002484_fin.csv,REAL_FUNDAMENTALS
002485,20260331,20260429,20260429,20260429,002485_fin.csv,REAL_FUNDAMENTALS
002486,20260331,20260430,20260430,20260430,002486_fin.csv,REAL_FUNDAMENTALS
002487,20260331,20260428,20260428,20260428,002487_fin.csv,REAL_FUNDAMENTALS
002488,20260331,20260427,20260427,20260427,002488_fin.csv,REAL_FUNDAMENTALS
002489,20260331,20260430,20260430,20260430,002489_fin.csv,REAL_FUNDAMENTALS
002490,20260331,20260422,20260422,20260422,002490_fin.csv,REAL_FUNDAMENTALS
002491,20260331,20260430,20260430,20260430,002491_fin.csv,REAL_FUNDAMENTALS
002492,20260331,20260425,20260425,20260425,002492_fin.csv,REAL_FUNDAMENTALS
002493,20260331,20260428,20260428,20260428,002493_fin.csv,REAL_FUNDAMENTALS
002494,20260331,20260430,20260430,20260430,002494_fin.csv,REAL_FUNDAMENTALS
002495,20260331,20260429,20260429,20260429,002495_fin.csv,REAL_FUNDAMENTALS
002496,20260331,20260427,20260427,20260427,002496_fin.csv,REAL_FUNDAMENTALS
002497,20260331,20260427,20260427,20260427,002497_fin.csv,REAL_FUNDAMENTALS
002498,20260331,20260429,20260429,20260429,002498_fin.csv,REAL_FUNDAMENTALS
002500,20260331,20260428,20260428,20260428,002500_fin.csv,REAL_FUNDAMENTALS
002501,20260331,20260429,20260429,20260429,002501_fin.csv,REAL_FUNDAMENTALS
002506,20260331,20260429,20260429,20260429,002506_fin.csv,REAL_FUNDAMENTALS
002507,20260331,20260427,20260427,20260427,002507_fin.csv,REAL_FUNDAMENTALS
002508,20260331,20260429,20260429,20260429,002508_fin.csv,REAL_FUNDAMENTALS
002510,20260331,20260430,20260430,20260430,002510_fin.csv,REAL_FUNDAMENTALS
002511,20260331,20260428,20260428,20260428,002511_fin.csv,REAL_FUNDAMENTALS
002512,20260331,20260429,20260429,20260429,002512_fin.csv,REAL_FUNDAMENTALS
002513,20260331,20260430,20260430,20260430,002513_fin.csv,REAL_FUNDAMENTALS
002514,20260331,20260430,20260430,20260430,002514_fin.csv,REAL_FUNDAMENTALS
002515,20260331,20260428,20260428,20260428,002515_fin.csv,REAL_FUNDAMENTALS
002516,20260331,20260425,20260425,20260425,002516_fin.csv,REAL_FUNDAMENTALS
002517,20260331,20260429,20260429,20260429,002517_fin.csv,REAL_FUNDAMENTALS
002518,20260331,20260427,20260427,20260427,002518_fin.csv,REAL_FUNDAMENTALS
002519,20260331,20260425,20260425,20260425,002519_fin.csv,REAL_FUNDAMENTALS
002520,20260331,20260429,20260429,20260429,002520_fin.csv,REAL_FUNDAMENTALS
002521,20260331,20260428,20260428,20260428,002521_fin.csv,REAL_FUNDAMENTALS
002522,20260331,20260429,20260429,20260429,002522_fin.csv,REAL_FUNDAMENTALS
002523,20260331,20260424,20260424,20260424,002523_fin.csv,REAL_FUNDAMENTALS
002524,20260331,20260428,20260428,20260428,002524_fin.csv,REAL_FUNDAMENTALS
002526,20260331,20260429,20260429,20260429,002526_fin.csv,REAL_FUNDAMENTALS
002527,20260331,20260428,20260428,20260428,002527_fin.csv,REAL_FUNDAMENTALS
002528,20260331,20260429,20260429,20260429,002528_fin.csv,REAL_FUNDAMENTALS
002529,20260331,20260427,20260427,20260427,002529_fin.csv,REAL_FUNDAMENTALS
002530,20260331,20260430,20260430,20260430,002530_fin.csv,REAL_FUNDAMENTALS
002531,20260331,20260430,20260430,20260430,002531_fin.csv,REAL_FUNDAMENTALS
002532,20260331,20260429,20260429,20260429,002532_fin.csv,REAL_FUNDAMENTALS
002533,20260331,20260430,20260430,20260430,002533_fin.csv,REAL_FUNDAMENTALS
002534,20260331,20260428,20260428,20260428,002534_fin.csv,REAL_FUNDAMENTALS
002535,20260331,20260429,20260429,20260429,002535_fin.csv,REAL_FUNDAMENTALS
002536,20260331,20260423,20260423,20260423,002536_fin.csv,REAL_FUNDAMENTALS
002537,20260331,20260430,20260430,20260430,002537_fin.csv,REAL_FUNDAMENTALS
002538,20260331,20260429,20260429,20260429,002538_fin.csv,REAL_FUNDAMENTALS
002539,20260331,20260429,20260429,20260429,002539_fin.csv,REAL_FUNDAMENTALS
002540,20260331,20260421,20260421,20260421,002540_fin.csv,REAL_FUNDAMENTALS
002541,20260331,20260429,20260429,20260429,002541_fin.csv,REAL_FUNDAMENTALS
002542,20260331,20260428,20260428,20260428,002542_fin.csv,REAL_FUNDAMENTALS
002543,20260331,20260428,20260428,20260428,002543_fin.csv,REAL_FUNDAMENTALS
002544,20260331,20260425,20260425,20260425,002544_fin.csv,REAL_FUNDAMENTALS
002545,20260331,20260430,20260430,20260430,002545_fin.csv,REAL_FUNDAMENTALS
002546,20260331,20260416,20260416,20260416,002546_fin.csv,REAL_FUNDAMENTALS
002547,20260331,20260429,20260429,20260429,002547_fin.csv,REAL_FUNDAMENTALS
002548,20260331,20260428,20260428,20260428,002548_fin.csv,REAL_FUNDAMENTALS
002549,20260331,20260422,20260422,20260422,002549_fin.csv,REAL_FUNDAMENTALS
002550,20260331,20260424,20260424,20260424,002550_fin.csv,REAL_FUNDAMENTALS
002551,20260331,20260428,20260428,20260428,002551_fin.csv,REAL_FUNDAMENTALS
002552,20260331,20260428,20260428,20260428,002552_fin.csv,REAL_FUNDAMENTALS
002553,20260331,20260430,20260430,20260430,002553_fin.csv,REAL_FUNDAMENTALS
002554,20260331,20260425,20260425,20260425,002554_fin.csv,REAL_FUNDAMENTALS
002555,20260331,20260428,20260428,20260428,002555_fin.csv,REAL_FUNDAMENTALS
002556,20260331,20260428,20260428,20260428,002556_fin.csv,REAL_FUNDAMENTALS
002557,20260331,20260421,20260421,20260421,002557_fin.csv,REAL_FUNDAMENTALS
002558,20260331,20260428,20260428,20260428,002558_fin.csv,REAL_FUNDAMENTALS
002559,20260331,20260430,20260430,20260430,002559_fin.csv,REAL_FUNDAMENTALS
002560,20260331,20260428,20260428,20260428,002560_fin.csv,REAL_FUNDAMENTALS
002561,20260331,20260425,20260425,20260425,002561_fin.csv,REAL_FUNDAMENTALS
002562,20260331,20260427,20260427,20260427,002562_fin.csv,REAL_FUNDAMENTALS
002563,20260331,20260429,20260429,20260429,002563_fin.csv,REAL_FUNDAMENTALS
002564,20260331,20260430,20260430,20260430,002564_fin.csv,REAL_FUNDAMENTALS
002565,20260331,20260428,20260428,20260428,002565_fin.csv,REAL_FUNDAMENTALS
002566,20260331,20260425,20260425,20260425,002566_fin.csv,REAL_FUNDAMENTALS
002567,20260331,20260429,20260429,20260429,002567_fin.csv,REAL_FUNDAMENTALS
002568,20260331,20260429,20260429,20260429,002568_fin.csv,REAL_FUNDAMENTALS
002569,20260331,20260430,20260430,20260430,002569_fin.csv,REAL_FUNDAMENTALS
002570,20260331,20260428,20260428,20260428,002570_fin.csv,REAL_FUNDAMENTALS
002571,20260331,20260428,20260428,20260428,002571_fin.csv,REAL_FUNDAMENTALS
002572,20260331,20260430,20260430,20260430,002572_fin.csv,REAL_FUNDAMENTALS
002573,20260331,20260430,20260430,20260430,002573_fin.csv,REAL_FUNDAMENTALS
002574,20260331,20260428,20260428,20260428,002574_fin.csv,REAL_FUNDAMENTALS
002575,20260331,20260428,20260428,20260428,002575_fin.csv,REAL_FUNDAMENTALS
002576,20260331,20260428,20260428,20260428,002576_fin.csv,REAL_FUNDAMENTALS
002577,20260331,20260428,20260428,20260428,002577_fin.csv,REAL_FUNDAMENTALS
002578,20260331,20260427,20260427,20260427,002578_fin.csv,REAL_FUNDAMENTALS
002579,20260331,20260428,20260428,20260428,002579_fin.csv,REAL_FUNDAMENTALS
002580,20260331,20260424,20260424,20260424,002580_fin.csv,REAL_FUNDAMENTALS
002581,20260331,20260429,20260429,20260429,002581_fin.csv,REAL_FUNDAMENTALS
002582,20260331,20260429,20260429,20260429,002582_fin.csv,REAL_FUNDAMENTALS
002583,20260331,20260430,20260430,20260430,002583_fin.csv,REAL_FUNDAMENTALS
002584,20260331,20260429,20260429,20260429,002584_fin.csv,REAL_FUNDAMENTALS
002585,20260331,20260428,20260428,20260428,002585_fin.csv,REAL_FUNDAMENTALS
002586,20260331,20260429,20260429,20260429,002586_fin.csv,REAL_FUNDAMENTALS
002587,20260331,20260427,20260427,20260427,002587_fin.csv,REAL_FUNDAMENTALS
002588,20260331,20260422,20260422,20260422,002588_fin.csv,REAL_FUNDAMENTALS
002589,20260331,20260425,20260425,20260425,002589_fin.csv,REAL_FUNDAMENTALS
002590,20260331,20260428,20260428,20260428,002590_fin.csv,REAL_FUNDAMENTALS
002591,20260331,20260430,20260430,20260430,002591_fin.csv,REAL_FUNDAMENTALS
002592,20260331,20260429,20260429,20260429,002592_fin.csv,REAL_FUNDAMENTALS
002593,20260331,20260428,20260428,20260428,002593_fin.csv,REAL_FUNDAMENTALS
002594,20260331,20260429,20260429,20260429,002594_fin.csv,REAL_FUNDAMENTALS
002595,20260331,20260430,20260430,20260430,002595_fin.csv,REAL_FUNDAMENTALS
002596,20260331,20260430,20260430,20260430,002596_fin.csv,REAL_FUNDAMENTALS
002597,20260331,20260430,20260430,20260430,002597_fin.csv,REAL_FUNDAMENTALS
002598,20260331,20260429,20260429,20260429,002598_fin.csv,REAL_FUNDAMENTALS
002599,20260331,20260430,20260430,20260430,002599_fin.csv,REAL_FUNDAMENTALS
002600,20260331,20260430,20260430,20260430,002600_fin.csv,REAL_FUNDAMENTALS
002601,20260331,20260428,20260428,20260428,002601_fin.csv,REAL_FUNDAMENTALS
002602,20260331,20260430,20260430,20260430,002602_fin.csv,REAL_FUNDAMENTALS
002603,20260331,20260428,20260428,20260428,002603_fin.csv,REAL_FUNDAMENTALS
002605,20260331,20260430,20260430,20260430,002605_fin.csv,REAL_FUNDAMENTALS
002606,20260331,20260423,20260423,20260423,002606_fin.csv,REAL_FUNDAMENTALS
002607,20260331,20260429,20260429,20260429,002607_fin.csv,REAL_FUNDAMENTALS
002608,20260331,20260425,20260425,20260425,002608_fin.csv,REAL_FUNDAMENTALS
002609,20260331,20260430,20260430,20260430,002609_fin.csv,REAL_FUNDAMENTALS
002611,20260331,20260425,20260425,20260425,002611_fin.csv,REAL_FUNDAMENTALS
002612,20260331,20260429,20260429,20260429,002612_fin.csv,REAL_FUNDAMENTALS
002613,20260331,20260429,20260429,20260429,002613_fin.csv,REAL_FUNDAMENTALS
002614,20260331,20260429,20260429,20260429,002614_fin.csv,REAL_FUNDAMENTALS
002615,20260331,20260415,20260415,20260415,002615_fin.csv,REAL_FUNDAMENTALS
002616,20260331,20260430,20260430,20260430,002616_fin.csv,REAL_FUNDAMENTALS
002617,20260331,20260429,20260429,20260429,002617_fin.csv,REAL_FUNDAMENTALS
002620,20260331,20260429,20260429,20260429,002620_fin.csv,REAL_FUNDAMENTALS
002622,20260331,20260429,20260429,20260429,002622_fin.csv,REAL_FUNDAMENTALS
002623,20260331,20260429,20260429,20260429,002623_fin.csv,REAL_FUNDAMENTALS
002624,20260331,20260428,20260428,20260428,002624_fin.csv,REAL_FUNDAMENTALS
002625,20260331,20260428,20260428,20260428,002625_fin.csv,REAL_FUNDAMENTALS
002626,20260331,20260430,20260430,20260430,002626_fin.csv,REAL_FUNDAMENTALS
002627,20260331,20260428,20260428,20260428,002627_fin.csv,REAL_FUNDAMENTALS
002628,20260331,20260430,20260430,20260430,002628_fin.csv,REAL_FUNDAMENTALS
002629,20260331,20260430,20260430,20260430,002629_fin.csv,REAL_FUNDAMENTALS
002630,20260331,20260430,20260430,20260430,002630_fin.csv,REAL_FUNDAMENTALS
002631,20260331,20260430,20260430,20260430,002631_fin.csv,REAL_FUNDAMENTALS
002632,20260331,20260423,20260423,20260423,002632_fin.csv,REAL_FUNDAMENTALS
002633,20260331,20260421,20260421,20260421,002633_fin.csv,REAL_FUNDAMENTALS
002634,20260331,20260429,20260429,20260429,002634_fin.csv,REAL_FUNDAMENTALS
002635,20260331,20260428,20260428,20260428,002635_fin.csv,REAL_FUNDAMENTALS
002636,20260331,20260429,20260429,20260429,002636_fin.csv,REAL_FUNDAMENTALS
002637,20260331,20260424,20260424,20260424,002637_fin.csv,REAL_FUNDAMENTALS
002638,20260331,20260429,20260429,20260429,002638_fin.csv,REAL_FUNDAMENTALS
002639,20260331,20260428,20260428,20260428,002639_fin.csv,REAL_FUNDAMENTALS
002640,20260331,20260430,20260430,20260430,002640_fin.csv,REAL_FUNDAMENTALS
002641,20260331,20260429,20260429,20260429,002641_fin.csv,REAL_FUNDAMENTALS
002642,20260331,20260429,20260429,20260429,002642_fin.csv,REAL_FUNDAMENTALS
002643,20260331,20260425,20260425,20260425,002643_fin.csv,REAL_FUNDAMENTALS
002644,20260331,20260430,20260430,20260430,002644_fin.csv,REAL_FUNDAMENTALS
002645,20260331,20260430,20260430,20260430,002645_fin.csv,REAL_FUNDAMENTALS
002646,20260331,20260428,20260428,20260428,002646_fin.csv,REAL_FUNDAMENTALS
002647,20260331,20260430,20260430,20260430,002647_fin.csv,REAL_FUNDAMENTALS
002648,20260331,20260414,20260414,20260414,002648_fin.csv,REAL_FUNDAMENTALS
002649,20260331,20260429,20260429,20260429,002649_fin.csv,REAL_FUNDAMENTALS
002650,20260331,20260427,20260427,20260427,002650_fin.csv,REAL_FUNDAMENTALS
002651,20260331,20260427,20260427,20260427,002651_fin.csv,REAL_FUNDAMENTALS
002652,20260331,20260424,20260424,20260424,002652_fin.csv,REAL_FUNDAMENTALS
002653,20260331,20260427,20260427,20260427,002653_fin.csv,REAL_FUNDAMENTALS
002654,20260331,20260429,20260429,20260429,002654_fin.csv,REAL_FUNDAMENTALS
002655,20260331,20260417,20260417,20260417,002655_fin.csv,REAL_FUNDAMENTALS
002656,20260331,20260430,20260430,20260430,002656_fin.csv,REAL_FUNDAMENTALS
002657,20260331,20260429,20260429,20260429,002657_fin.csv,REAL_FUNDAMENTALS
002658,20260331,20260428,20260428,20260428,002658_fin.csv,REAL_FUNDAMENTALS
002659,20260331,20260425,20260425,20260425,002659_fin.csv,REAL_FUNDAMENTALS
002660,20260331,20260430,20260430,20260430,002660_fin.csv,REAL_FUNDAMENTALS
002661,20260331,20260429,20260429,20260429,002661_fin.csv,REAL_FUNDAMENTALS
002662,20260331,20260429,20260429,20260429,002662_fin.csv,REAL_FUNDAMENTALS
002663,20260331,20260430,20260430,20260430,002663_fin.csv,REAL_FUNDAMENTALS
002664,20260331,20260418,20260418,20260418,002664_fin.csv,REAL_FUNDAMENTALS
002666,20260331,20260430,20260430,20260430,002666_fin.csv,REAL_FUNDAMENTALS
002667,20260331,20260430,20260430,20260430,002667_fin.csv,REAL_FUNDAMENTALS
002668,20260331,20260421,20260421,20260421,002668_fin.csv,REAL_FUNDAMENTALS
002669,20260331,20260428,20260428,20260428,002669_fin.csv,REAL_FUNDAMENTALS
002670,20260331,20260429,20260429,20260429,002670_fin.csv,REAL_FUNDAMENTALS
002671,20260331,20260430,20260430,20260430,002671_fin.csv,REAL_FUNDAMENTALS
002672,20260331,20260428,20260428,20260428,002672_fin.csv,REAL_FUNDAMENTALS
002673,20260331,20260424,20260424,20260424,002673_fin.csv,REAL_FUNDAMENTALS
002674,20260331,20260428,20260428,20260428,002674_fin.csv,REAL_FUNDAMENTALS
002675,20260331,20260428,20260428,20260428,002675_fin.csv,REAL_FUNDAMENTALS
002676,20260331,20260425,20260425,20260425,002676_fin.csv,REAL_FUNDAMENTALS
002677,20260331,20260430,20260430,20260430,002677_fin.csv,REAL_FUNDAMENTALS
002678,20260331,20260430,20260430,20260430,002678_fin.csv,REAL_FUNDAMENTALS
002679,20260331,20260429,20260429,20260429,002679_fin.csv,REAL_FUNDAMENTALS
002681,20260331,20260429,20260429,20260429,002681_fin.csv,REAL_FUNDAMENTALS
002682,20260331,20260430,20260430,20260430,002682_fin.csv,REAL_FUNDAMENTALS
002683,20260331,20260424,20260424,20260424,002683_fin.csv,REAL_FUNDAMENTALS
002685,20260331,20260429,20260429,20260429,002685_fin.csv,REAL_FUNDAMENTALS
002686,20260331,20260424,20260424,20260424,002686_fin.csv,REAL_FUNDAMENTALS
002687,20260331,20260429,20260429,20260429,002687_fin.csv,REAL_FUNDAMENTALS
002688,20260331,20260429,20260429,20260429,002688_fin.csv,REAL_FUNDAMENTALS
002689,20260331,20260429,20260429,20260429,002689_fin.csv,REAL_FUNDAMENTALS
002690,20260331,20260425,20260425,20260425,002690_fin.csv,REAL_FUNDAMENTALS
002691,20260331,20260429,20260429,20260429,002691_fin.csv,REAL_FUNDAMENTALS
002692,20260331,20260430,20260430,20260430,002692_fin.csv,REAL_FUNDAMENTALS
002693,20260331,20260429,20260429,20260429,002693_fin.csv,REAL_FUNDAMENTALS
002694,20260331,20260429,20260429,20260429,002694_fin.csv,REAL_FUNDAMENTALS
002695,20260331,20260425,20260425,20260425,002695_fin.csv,REAL_FUNDAMENTALS
002696,20260331,20260428,20260428,20260428,002696_fin.csv,REAL_FUNDAMENTALS
002697,20260331,20260428,20260428,20260428,002697_fin.csv,REAL_FUNDAMENTALS
002698,20260331,20260428,20260428,20260428,002698_fin.csv,REAL_FUNDAMENTALS
002700,20260331,20260425,20260425,20260425,002700_fin.csv,REAL_FUNDAMENTALS
002701,20260331,20260429,20260429,20260429,002701_fin.csv,REAL_FUNDAMENTALS
002702,20260331,20260428,20260428,20260428,002702_fin.csv,REAL_FUNDAMENTALS
002703,20260331,20260427,20260427,20260427,002703_fin.csv,REAL_FUNDAMENTALS
002705,20260331,20260429,20260429,20260429,002705_fin.csv,REAL_FUNDAMENTALS
002706,20260331,20260425,20260425,20260425,002706_fin.csv,REAL_FUNDAMENTALS
002707,20260331,20260427,20260427,20260427,002707_fin.csv,REAL_FUNDAMENTALS
002708,20260331,20260429,20260429,20260429,002708_fin.csv,REAL_FUNDAMENTALS
002709,20260331,20260428,20260428,20260428,002709_fin.csv,REAL_FUNDAMENTALS
002712,20260331,20260424,20260424,20260424,002712_fin.csv,REAL_FUNDAMENTALS
002713,20260331,20260428,20260428,20260428,002713_fin.csv,REAL_FUNDAMENTALS
002714,20260331,20260422,20260422,20260422,002714_fin.csv,REAL_FUNDAMENTALS
002715,20260331,20260429,20260429,20260429,002715_fin.csv,REAL_FUNDAMENTALS
002716,20260331,20260428,20260428,20260428,002716_fin.csv,REAL_FUNDAMENTALS
002717,20260331,20260429,20260429,20260429,002717_fin.csv,REAL_FUNDAMENTALS
002718,20260331,20260424,20260424,20260424,002718_fin.csv,REAL_FUNDAMENTALS
002719,20260331,20260428,20260428,20260428,002719_fin.csv,REAL_FUNDAMENTALS
002721,20260331,20260430,20260430,20260430,002721_fin.csv,REAL_FUNDAMENTALS
002722,20260331,20260421,20260421,20260421,002722_fin.csv,REAL_FUNDAMENTALS
002723,20260331,20260430,20260430,20260430,002723_fin.csv,REAL_FUNDAMENTALS
002724,20260331,20260429,20260429,20260429,002724_fin.csv,REAL_FUNDAMENTALS
002725,20260331,20260430,20260430,20260430,002725_fin.csv,REAL_FUNDAMENTALS
002726,20260331,20260429,20260429,20260429,002726_fin.csv,REAL_FUNDAMENTALS
002727,20260331,20260429,20260429,20260429,002727_fin.csv,REAL_FUNDAMENTALS
002728,20260331,20260428,20260428,20260428,002728_fin.csv,REAL_FUNDAMENTALS
002729,20260331,20260428,20260428,20260428,002729_fin.csv,REAL_FUNDAMENTALS
002730,20260331,20260428,20260428,20260428,002730_fin.csv,REAL_FUNDAMENTALS
002732,20260331,20260430,20260430,20260430,002732_fin.csv,REAL_FUNDAMENTALS
002733,20260331,20260424,20260424,20260424,002733_fin.csv,REAL_FUNDAMENTALS
002734,20260331,20260424,20260424,20260424,002734_fin.csv,REAL_FUNDAMENTALS
002735,20260331,20260422,20260422,20260422,002735_fin.csv,REAL_FUNDAMENTALS
002736,20260331,20260430,20260430,20260430,002736_fin.csv,REAL_FUNDAMENTALS
002737,20260331,20260430,20260430,20260430,002737_fin.csv,REAL_FUNDAMENTALS
002738,20260331,20260430,20260430,20260430,002738_fin.csv,REAL_FUNDAMENTALS
002739,20260331,20260427,20260427,20260427,002739_fin.csv,REAL_FUNDAMENTALS
002741,20260331,20260415,20260415,20260415,002741_fin.csv,REAL_FUNDAMENTALS
002742,20260331,20260425,20260425,20260425,002742_fin.csv,REAL_FUNDAMENTALS
002743,20260331,20260430,20260430,20260430,002743_fin.csv,REAL_FUNDAMENTALS
002745,20260331,20260428,20260428,20260428,002745_fin.csv,REAL_FUNDAMENTALS
002746,20260331,20260428,20260428,20260428,002746_fin.csv,REAL_FUNDAMENTALS
002747,20260331,20260430,20260430,20260430,002747_fin.csv,REAL_FUNDAMENTALS
002748,20260331,20260429,20260429,20260429,002748_fin.csv,REAL_FUNDAMENTALS
002749,20260331,20260418,20260418,20260418,002749_fin.csv,REAL_FUNDAMENTALS
002752,20260331,20260421,20260421,20260421,002752_fin.csv,REAL_FUNDAMENTALS
002753,20260331,20260429,20260429,20260429,002753_fin.csv,REAL_FUNDAMENTALS
002755,20260331,20260429,20260429,20260429,002755_fin.csv,REAL_FUNDAMENTALS
002756,20260331,20260428,20260428,20260428,002756_fin.csv,REAL_FUNDAMENTALS
002757,20260331,20260425,20260425,20260425,002757_fin.csv,REAL_FUNDAMENTALS
002758,20260331,20260425,20260425,20260425,002758_fin.csv,REAL_FUNDAMENTALS
002759,20260331,20260429,20260429,20260429,002759_fin.csv,REAL_FUNDAMENTALS
002760,20260331,20260428,20260428,20260428,002760_fin.csv,REAL_FUNDAMENTALS
002761,20260331,20260429,20260429,20260429,002761_fin.csv,REAL_FUNDAMENTALS
002762,20260331,20260427,20260427,20260427,002762_fin.csv,REAL_FUNDAMENTALS
002763,20260331,20260430,20260430,20260430,002763_fin.csv,REAL_FUNDAMENTALS
002765,20260331,20260429,20260429,20260429,002765_fin.csv,REAL_FUNDAMENTALS
002766,20260331,20260428,20260428,20260428,002766_fin.csv,REAL_FUNDAMENTALS
002767,20260331,20260424,20260424,20260424,002767_fin.csv,REAL_FUNDAMENTALS
002768,20260331,20260429,20260429,20260429,002768_fin.csv,REAL_FUNDAMENTALS
002769,20260331,20260427,20260427,20260427,002769_fin.csv,REAL_FUNDAMENTALS
002771,20260331,20260429,20260429,20260429,002771_fin.csv,REAL_FUNDAMENTALS
002772,20260331,20260422,20260422,20260422,002772_fin.csv,REAL_FUNDAMENTALS
002773,20260331,20260423,20260423,20260423,002773_fin.csv,REAL_FUNDAMENTALS
002774,20260331,20260428,20260428,20260428,002774_fin.csv,REAL_FUNDAMENTALS
002775,20260331,20260428,20260428,20260428,002775_fin.csv,REAL_FUNDAMENTALS
002777,20260331,20260428,20260428,20260428,002777_fin.csv,REAL_FUNDAMENTALS
002778,20260331,20260428,20260428,20260428,002778_fin.csv,REAL_FUNDAMENTALS
002779,20260331,20260430,20260430,20260430,002779_fin.csv,REAL_FUNDAMENTALS
002780,20260331,20260429,20260429,20260429,002780_fin.csv,REAL_FUNDAMENTALS
002782,20260331,20260428,20260428,20260428,002782_fin.csv,REAL_FUNDAMENTALS
002783,20260331,20260428,20260428,20260428,002783_fin.csv,REAL_FUNDAMENTALS
002785,20260331,20260430,20260430,20260430,002785_fin.csv,REAL_FUNDAMENTALS
002786,20260331,20260429,20260429,20260429,002786_fin.csv,REAL_FUNDAMENTALS
002787,20260331,20260421,20260421,20260421,002787_fin.csv,REAL_FUNDAMENTALS
002788,20260331,20260421,20260421,20260421,002788_fin.csv,REAL_FUNDAMENTALS
002789,20260331,20260429,20260429,20260429,002789_fin.csv,REAL_FUNDAMENTALS
002790,20260331,20260428,20260428,20260428,002790_fin.csv,REAL_FUNDAMENTALS
002791,20260331,20260429,20260429,20260429,002791_fin.csv,REAL_FUNDAMENTALS
002792,20260331,20260428,20260428,20260428,002792_fin.csv,REAL_FUNDAMENTALS
002793,20260331,20260423,20260423,20260423,002793_fin.csv,REAL_FUNDAMENTALS
002795,20260331,20260429,20260429,20260429,002795_fin.csv,REAL_FUNDAMENTALS
002796,20260331,20260427,20260427,20260427,002796_fin.csv,REAL_FUNDAMENTALS
002797,20260331,20260429,20260429,20260429,002797_fin.csv,REAL_FUNDAMENTALS
002798,20260331,20260429,20260429,20260429,002798_fin.csv,REAL_FUNDAMENTALS
002799,20260331,20260424,20260424,20260424,002799_fin.csv,REAL_FUNDAMENTALS
002800,20260331,20260422,20260422,20260422,002800_fin.csv,REAL_FUNDAMENTALS
002801,20260331,20260429,20260429,20260429,002801_fin.csv,REAL_FUNDAMENTALS
002802,20260331,20260425,20260425,20260425,002802_fin.csv,REAL_FUNDAMENTALS
002803,20260331,20260428,20260428,20260428,002803_fin.csv,REAL_FUNDAMENTALS
002805,20260331,20260429,20260429,20260429,002805_fin.csv,REAL_FUNDAMENTALS
002806,20260331,20260429,20260429,20260429,002806_fin.csv,REAL_FUNDAMENTALS
002807,20260331,20260429,20260429,20260429,002807_fin.csv,REAL_FUNDAMENTALS
002808,20260331,20260430,20260430,20260430,002808_fin.csv,REAL_FUNDAMENTALS
002809,20260331,20260427,20260427,20260427,002809_fin.csv,REAL_FUNDAMENTALS
002810,20260331,20260427,20260427,20260427,002810_fin.csv,REAL_FUNDAMENTALS
002811,20260331,20260428,20260428,20260428,002811_fin.csv,REAL_FUNDAMENTALS
002812,20260331,20260423,20260423,20260423,002812_fin.csv,REAL_FUNDAMENTALS
002813,20260331,20260429,20260429,20260429,002813_fin.csv,REAL_FUNDAMENTALS
002815,20260331,20260429,20260429,20260429,002815_fin.csv,REAL_FUNDAMENTALS
002816,20260331,20260430,20260430,20260430,002816_fin.csv,REAL_FUNDAMENTALS
002817,20260331,20260418,20260418,20260418,002817_fin.csv,REAL_FUNDAMENTALS
002818,20260331,20260429,20260429,20260429,002818_fin.csv,REAL_FUNDAMENTALS
002819,20260331,20260425,20260425,20260425,002819_fin.csv,REAL_FUNDAMENTALS
002820,20260331,20260429,20260429,20260429,002820_fin.csv,REAL_FUNDAMENTALS
002821,20260331,20260428,20260428,20260428,002821_fin.csv,REAL_FUNDAMENTALS
002822,20260331,20260430,20260430,20260430,002822_fin.csv,REAL_FUNDAMENTALS
002823,20260331,20260428,20260428,20260428,002823_fin.csv,REAL_FUNDAMENTALS
002824,20260331,20260430,20260430,20260430,002824_fin.csv,REAL_FUNDAMENTALS
002825,20260331,20260421,20260421,20260421,002825_fin.csv,REAL_FUNDAMENTALS
002826,20260331,20260428,20260428,20260428,002826_fin.csv,REAL_FUNDAMENTALS
002827,20260331,20260428,20260428,20260428,002827_fin.csv,REAL_FUNDAMENTALS
002828,20260331,20260430,20260430,20260430,002828_fin.csv,REAL_FUNDAMENTALS
002829,20260331,20260428,20260428,20260428,002829_fin.csv,REAL_FUNDAMENTALS
002830,20260331,20260428,20260428,20260428,002830_fin.csv,REAL_FUNDAMENTALS
002831,20260331,20260428,20260428,20260428,002831_fin.csv,REAL_FUNDAMENTALS
002832,20260331,20260429,20260429,20260429,002832_fin.csv,REAL_FUNDAMENTALS
002833,20260331,20260428,20260428,20260428,002833_fin.csv,REAL_FUNDAMENTALS
002835,20260331,20260424,20260424,20260424,002835_fin.csv,REAL_FUNDAMENTALS
002836,20260331,20260427,20260427,20260427,002836_fin.csv,REAL_FUNDAMENTALS
002837,20260331,20260421,20260421,20260421,002837_fin.csv,REAL_FUNDAMENTALS
002838,20260331,20260428,20260428,20260428,002838_fin.csv,REAL_FUNDAMENTALS
002839,20260331,20260430,20260430,20260430,002839_fin.csv,REAL_FUNDAMENTALS
002840,20260331,20260430,20260430,20260430,002840_fin.csv,REAL_FUNDAMENTALS
002841,20260331,20260423,20260423,20260423,002841_fin.csv,REAL_FUNDAMENTALS
002842,20260331,20260429,20260429,20260429,002842_fin.csv,REAL_FUNDAMENTALS
002843,20260331,20260425,20260425,20260425,002843_fin.csv,REAL_FUNDAMENTALS
002845,20260331,20260427,20260427,20260427,002845_fin.csv,REAL_FUNDAMENTALS
002846,20260331,20260422,20260422,20260422,002846_fin.csv,REAL_FUNDAMENTALS
002847,20260331,20260429,20260429,20260429,002847_fin.csv,REAL_FUNDAMENTALS
002848,20260331,20260421,20260421,20260421,002848_fin.csv,REAL_FUNDAMENTALS
002849,20260331,20260428,20260428,20260428,002849_fin.csv,REAL_FUNDAMENTALS
002850,20260331,20260428,20260428,20260428,002850_fin.csv,REAL_FUNDAMENTALS
002851,20260331,20260429,20260429,20260429,002851_fin.csv,REAL_FUNDAMENTALS
002852,20260331,20260428,20260428,20260428,002852_fin.csv,REAL_FUNDAMENTALS
002853,20260331,20260429,20260429,20260429,002853_fin.csv,REAL_FUNDAMENTALS
002855,20260331,20260425,20260425,20260425,002855_fin.csv,REAL_FUNDAMENTALS
002856,20260331,20260429,20260429,20260429,002856_fin.csv,REAL_FUNDAMENTALS
002857,20260331,20260429,20260429,20260429,002857_fin.csv,REAL_FUNDAMENTALS
002858,20260331,20260429,20260429,20260429,002858_fin.csv,REAL_FUNDAMENTALS
002859,20260331,20260428,20260428,20260428,002859_fin.csv,REAL_FUNDAMENTALS
002860,20260331,20260428,20260428,20260428,002860_fin.csv,REAL_FUNDAMENTALS
002861,20260331,20260425,20260425,20260425,002861_fin.csv,REAL_FUNDAMENTALS
002862,20260331,20260425,20260425,20260425,002862_fin.csv,REAL_FUNDAMENTALS
002863,20260331,20260429,20260429,20260429,002863_fin.csv,REAL_FUNDAMENTALS
002864,20260331,20260428,20260428,20260428,002864_fin.csv,REAL_FUNDAMENTALS
002865,20260331,20260410,20260410,20260410,002865_fin.csv,REAL_FUNDAMENTALS
002866,20260331,20260430,20260430,20260430,002866_fin.csv,REAL_FUNDAMENTALS
002867,20260331,20260429,20260429,20260429,002867_fin.csv,REAL_FUNDAMENTALS
002868,20260331,20260415,20260415,20260415,002868_fin.csv,REAL_FUNDAMENTALS
002869,20260331,20260428,20260428,20260428,002869_fin.csv,REAL_FUNDAMENTALS
002870,20260331,20260428,20260428,20260428,002870_fin.csv,REAL_FUNDAMENTALS
002871,20260331,20260429,20260429,20260429,002871_fin.csv,REAL_FUNDAMENTALS
002872,20260331,20260429,20260429,20260429,002872_fin.csv,REAL_FUNDAMENTALS
002873,20260331,20260430,20260430,20260430,002873_fin.csv,REAL_FUNDAMENTALS
002875,20260331,20260429,20260429,20260429,002875_fin.csv,REAL_FUNDAMENTALS
002876,20260331,20260428,20260428,20260428,002876_fin.csv,REAL_FUNDAMENTALS
002877,20260331,20260427,20260427,20260427,002877_fin.csv,REAL_FUNDAMENTALS
002878,20260331,20260430,20260430,20260430,002878_fin.csv,REAL_FUNDAMENTALS
002879,20260331,20260428,20260428,20260428,002879_fin.csv,REAL_FUNDAMENTALS
002880,20260331,20260427,20260427,20260427,002880_fin.csv,REAL_FUNDAMENTALS
002881,20260331,20260430,20260430,20260430,002881_fin.csv,REAL_FUNDAMENTALS
002882,20260331,20260425,20260425,20260425,002882_fin.csv,REAL_FUNDAMENTALS
002883,20260331,20260430,20260430,20260430,002883_fin.csv,REAL_FUNDAMENTALS
002884,20260331,20260430,20260430,20260430,002884_fin.csv,REAL_FUNDAMENTALS
002885,20260331,20260425,20260425,20260425,002885_fin.csv,REAL_FUNDAMENTALS
002886,20260331,20260430,20260430,20260430,002886_fin.csv,REAL_FUNDAMENTALS
002887,20260331,20260429,20260429,20260429,002887_fin.csv,REAL_FUNDAMENTALS
002888,20260331,20260427,20260427,20260427,002888_fin.csv,REAL_FUNDAMENTALS
002889,20260331,20260425,20260425,20260425,002889_fin.csv,REAL_FUNDAMENTALS
002890,20260331,20260429,20260429,20260429,002890_fin.csv,REAL_FUNDAMENTALS
002891,20260331,20260424,20260424,20260424,002891_fin.csv,REAL_FUNDAMENTALS
002892,20260331,20260427,20260427,20260427,002892_fin.csv,REAL_FUNDAMENTALS
002893,20260331,20260429,20260429,20260429,002893_fin.csv,REAL_FUNDAMENTALS
002895,20260331,20260430,20260430,20260430,002895_fin.csv,REAL_FUNDAMENTALS
002896,20260331,20260428,20260428,20260428,002896_fin.csv,REAL_FUNDAMENTALS
002897,20260331,20260429,20260429,20260429,002897_fin.csv,REAL_FUNDAMENTALS
002898,20260331,20260430,20260430,20260430,002898_fin.csv,REAL_FUNDAMENTALS
002899,20260331,20260429,20260429,20260429,002899_fin.csv,REAL_FUNDAMENTALS
002900,20260331,20260428,20260428,20260428,002900_fin.csv,REAL_FUNDAMENTALS
002901,20260331,20260430,20260430,20260430,002901_fin.csv,REAL_FUNDAMENTALS
002902,20260331,20260425,20260425,20260425,002902_fin.csv,REAL_FUNDAMENTALS
002903,20260331,20260429,20260429,20260429,002903_fin.csv,REAL_FUNDAMENTALS
002905,20260331,20260430,20260430,20260430,002905_fin.csv,REAL_FUNDAMENTALS
002906,20260331,20260425,20260425,20260425,002906_fin.csv,REAL_FUNDAMENTALS
002907,20260331,20260430,20260430,20260430,002907_fin.csv,REAL_FUNDAMENTALS
002908,20260331,20260425,20260425,20260425,002908_fin.csv,REAL_FUNDAMENTALS
002909,20260331,20260429,20260429,20260429,002909_fin.csv,REAL_FUNDAMENTALS
002910,20260331,20260429,20260429,20260429,002910_fin.csv,REAL_FUNDAMENTALS
002911,20260331,20260425,20260425,20260425,002911_fin.csv,REAL_FUNDAMENTALS
002912,20260331,20260428,20260428,20260428,002912_fin.csv,REAL_FUNDAMENTALS
002913,20260331,20260429,20260429,20260429,002913_fin.csv,REAL_FUNDAMENTALS
002915,20260331,20260427,20260427,20260427,002915_fin.csv,REAL_FUNDAMENTALS
002916,20260331,20260424,20260424,20260424,002916_fin.csv,REAL_FUNDAMENTALS
002917,20260331,20260418,20260418,20260418,002917_fin.csv,REAL_FUNDAMENTALS
002918,20260331,20260428,20260428,20260428,002918_fin.csv,REAL_FUNDAMENTALS
002919,20260331,20260428,20260428,20260428,002919_fin.csv,REAL_FUNDAMENTALS
002920,20260331,20260428,20260428,20260428,002920_fin.csv,REAL_FUNDAMENTALS
002921,20260331,20260428,20260428,20260428,002921_fin.csv,REAL_FUNDAMENTALS
002922,20260331,20260429,20260429,20260429,002922_fin.csv,REAL_FUNDAMENTALS
002923,20260331,20260428,20260428,20260428,002923_fin.csv,REAL_FUNDAMENTALS
002925,20260331,20260430,20260430,20260430,002925_fin.csv,REAL_FUNDAMENTALS
002926,20260331,20260423,20260423,20260423,002926_fin.csv,REAL_FUNDAMENTALS
002927,20260331,20260429,20260429,20260429,002927_fin.csv,REAL_FUNDAMENTALS
002928,20260331,20260427,20260427,20260427,002928_fin.csv,REAL_FUNDAMENTALS
002929,20260331,20260430,20260430,20260430,002929_fin.csv,REAL_FUNDAMENTALS
002930,20260331,20260429,20260429,20260429,002930_fin.csv,REAL_FUNDAMENTALS
002931,20260331,20260428,20260428,20260428,002931_fin.csv,REAL_FUNDAMENTALS
002932,20260331,20260429,20260429,20260429,002932_fin.csv,REAL_FUNDAMENTALS
002933,20260331,20260430,20260430,20260430,002933_fin.csv,REAL_FUNDAMENTALS
002935,20260331,20260425,20260425,20260425,002935_fin.csv,REAL_FUNDAMENTALS
002936,20260331,20260429,20260429,20260429,002936_fin.csv,REAL_FUNDAMENTALS
002937,20260331,20260424,20260424,20260424,002937_fin.csv,REAL_FUNDAMENTALS
002938,20260331,20260430,20260430,20260430,002938_fin.csv,REAL_FUNDAMENTALS
002939,20260331,20260430,20260430,20260430,002939_fin.csv,REAL_FUNDAMENTALS
002940,20260331,20260429,20260429,20260429,002940_fin.csv,REAL_FUNDAMENTALS
002941,20260331,20260428,20260428,20260428,002941_fin.csv,REAL_FUNDAMENTALS
002942,20260331,20260422,20260422,20260422,002942_fin.csv,REAL_FUNDAMENTALS
002943,20260331,20260429,20260429,20260429,002943_fin.csv,REAL_FUNDAMENTALS
002945,20260331,20260425,20260425,20260425,002945_fin.csv,REAL_FUNDAMENTALS
002946,20260331,20260428,20260428,20260428,002946_fin.csv,REAL_FUNDAMENTALS
002947,20260331,20260428,20260428,20260428,002947_fin.csv,REAL_FUNDAMENTALS
002948,20260331,20260429,20260429,20260429,002948_fin.csv,REAL_FUNDAMENTALS
002949,20260331,20260430,20260430,20260430,002949_fin.csv,REAL_FUNDAMENTALS
002950,20260331,20260428,20260428,20260428,002950_fin.csv,REAL_FUNDAMENTALS
002951,20260331,20260428,20260428,20260428,002951_fin.csv,REAL_FUNDAMENTALS
002952,20260331,20260427,20260427,20260427,002952_fin.csv,REAL_FUNDAMENTALS
002953,20260331,20260424,20260424,20260424,002953_fin.csv,REAL_FUNDAMENTALS
002955,20260331,20260425,20260425,20260425,002955_fin.csv,REAL_FUNDAMENTALS
002956,20260331,20260429,20260429,20260429,002956_fin.csv,REAL_FUNDAMENTALS
002957,20260331,20260424,20260424,20260424,002957_fin.csv,REAL_FUNDAMENTALS
002958,20260331,20260429,20260429,20260429,002958_fin.csv,REAL_FUNDAMENTALS
002959,20260331,20260430,20260430,20260430,002959_fin.csv,REAL_FUNDAMENTALS
002960,20260331,20260428,20260428,20260428,002960_fin.csv,REAL_FUNDAMENTALS
002961,20260331,20260428,20260428,20260428,002961_fin.csv,REAL_FUNDAMENTALS
002962,20260331,20260429,20260429,20260429,002962_fin.csv,REAL_FUNDAMENTALS
002963,20260331,20260425,20260425,20260425,002963_fin.csv,REAL_FUNDAMENTALS
002965,20260331,20260429,20260429,20260429,002965_fin.csv,REAL_FUNDAMENTALS
002966,20260331,20260429,20260429,20260429,002966_fin.csv,REAL_FUNDAMENTALS
002967,20260331,20260422,20260422,20260422,002967_fin.csv,REAL_FUNDAMENTALS
002968,20260331,20260418,20260418,20260418,002968_fin.csv,REAL_FUNDAMENTALS
002969,20260331,20260427,20260427,20260427,002969_fin.csv,REAL_FUNDAMENTALS
002970,20260331,20260428,20260428,20260428,002970_fin.csv,REAL_FUNDAMENTALS
002971,20260331,20260424,20260424,20260424,002971_fin.csv,REAL_FUNDAMENTALS
002972,20260331,20260427,20260427,20260427,002972_fin.csv,REAL_FUNDAMENTALS
002973,20260331,20260429,20260429,20260429,002973_fin.csv,REAL_FUNDAMENTALS
002975,20260331,20260424,20260424,20260424,002975_fin.csv,REAL_FUNDAMENTALS
002976,20260331,20260427,20260427,20260427,002976_fin.csv,REAL_FUNDAMENTALS
002977,20260331,20260423,20260423,20260423,002977_fin.csv,REAL_FUNDAMENTALS
002978,20260331,20260425,20260425,20260425,002978_fin.csv,REAL_FUNDAMENTALS
002980,20260331,20260428,20260428,20260428,002980_fin.csv,REAL_FUNDAMENTALS
002981,20260331,20260430,20260430,20260430,002981_fin.csv,REAL_FUNDAMENTALS
002982,20260331,20260425,20260425,20260425,002982_fin.csv,REAL_FUNDAMENTALS
002983,20260331,20260422,20260422,20260422,002983_fin.csv,REAL_FUNDAMENTALS
002984,20260331,20260429,20260429,20260429,002984_fin.csv,REAL_FUNDAMENTALS
002985,20260331,20260429,20260429,20260429,002985_fin.csv,REAL_FUNDAMENTALS
002986,20260331,20260428,20260428,20260428,002986_fin.csv,REAL_FUNDAMENTALS
002987,20260331,20260428,20260428,20260428,002987_fin.csv,REAL_FUNDAMENTALS
002988,20260331,20260427,20260427,20260427,002988_fin.csv,REAL_FUNDAMENTALS
002989,20260331,20260430,20260430,20260430,002989_fin.csv,REAL_FUNDAMENTALS
002990,20260331,20260429,20260429,20260429,002990_fin.csv,REAL_FUNDAMENTALS
002991,20260331,20260422,20260422,20260422,002991_fin.csv,REAL_FUNDAMENTALS
002992,20260331,20260429,20260429,20260429,002992_fin.csv,REAL_FUNDAMENTALS
002993,20260331,20260421,20260421,20260421,002993_fin.csv,REAL_FUNDAMENTALS
002995,20260331,20260429,20260429,20260429,002995_fin.csv,REAL_FUNDAMENTALS
002996,20260331,20260428,20260428,20260428,002996_fin.csv,REAL_FUNDAMENTALS
002997,20260331,20260424,20260424,20260424,002997_fin.csv,REAL_FUNDAMENTALS
002998,20260331,20260413,20260413,20260413,002998_fin.csv,REAL_FUNDAMENTALS
002999,20260331,20260430,20260430,20260430,002999_fin.csv,REAL_FUNDAMENTALS
003000,20260331,20260423,20260423,20260423,003000_fin.csv,REAL_FUNDAMENTALS
003001,20260331,20260429,20260429,20260429,003001_fin.csv,REAL_FUNDAMENTALS
003002,20260331,20260429,20260429,20260429,003002_fin.csv,REAL_FUNDAMENTALS
003003,20260331,20260429,20260429,20260429,003003_fin.csv,REAL_FUNDAMENTALS
003004,20260331,20260421,20260421,20260421,003004_fin.csv,REAL_FUNDAMENTALS
003005,20260331,20260429,20260429,20260429,003005_fin.csv,REAL_FUNDAMENTALS
003006,20260331,20260418,20260418,20260418,003006_fin.csv,REAL_FUNDAMENTALS
003007,20260331,20260429,20260429,20260429,003007_fin.csv,REAL_FUNDAMENTALS
003008,20260331,20260421,20260421,20260421,003008_fin.csv,REAL_FUNDAMENTALS
003009,20260331,20260427,20260427,20260427,003009_fin.csv,REAL_FUNDAMENTALS
003010,20260331,20260430,20260430,20260430,003010_fin.csv,REAL_FUNDAMENTALS
003011,20260331,20260429,20260429,20260429,003011_fin.csv,REAL_FUNDAMENTALS
003012,20260331,20260429,20260429,20260429,003012_fin.csv,REAL_FUNDAMENTALS
003013,20260331,20260428,20260428,20260428,003013_fin.csv,REAL_FUNDAMENTALS
003015,20260331,20260428,20260428,20260428,003015_fin.csv,REAL_FUNDAMENTALS
003016,20260331,20260428,20260428,20260428,003016_fin.csv,REAL_FUNDAMENTALS
003017,20260331,20260428,20260428,20260428,003017_fin.csv,REAL_FUNDAMENTALS
003018,20260331,20260429,20260429,20260429,003018_fin.csv,REAL_FUNDAMENTALS
003019,20260331,20260429,20260429,20260429,003019_fin.csv,REAL_FUNDAMENTALS
003020,20260331,20260428,20260428,20260428,003020_fin.csv,REAL_FUNDAMENTALS
003022,20260331,20260423,20260423,20260423,003022_fin.csv,REAL_FUNDAMENTALS
003023,20260331,20260421,20260421,20260421,003023_fin.csv,REAL_FUNDAMENTALS
003025,20260331,20260429,20260429,20260429,003025_fin.csv,REAL_FUNDAMENTALS
003026,20260331,20260429,20260429,20260429,003026_fin.csv,REAL_FUNDAMENTALS
003027,20260331,20260430,20260430,20260430,003027_fin.csv,REAL_FUNDAMENTALS
003028,20260331,20260428,20260428,20260428,003028_fin.csv,REAL_FUNDAMENTALS
003029,20260331,20260424,20260424,20260424,003029_fin.csv,REAL_FUNDAMENTALS
003030,20260331,20260428,20260428,20260428,003030_fin.csv,REAL_FUNDAMENTALS
003031,20260331,20260429,20260429,20260429,003031_fin.csv,REAL_FUNDAMENTALS
003032,20260331,20260428,20260428,20260428,003032_fin.csv,REAL_FUNDAMENTALS
003033,20260331,20260428,20260428,20260428,003033_fin.csv,REAL_FUNDAMENTALS
003035,20260331,20260429,20260429,20260429,003035_fin.csv,REAL_FUNDAMENTALS
003036,20260331,20260424,20260424,20260424,003036_fin.csv,REAL_FUNDAMENTALS
003037,20260331,20260429,20260429,20260429,003037_fin.csv,REAL_FUNDAMENTALS
003038,20260331,20260427,20260427,20260427,003038_fin.csv,REAL_FUNDAMENTALS
003039,20260331,20260427,20260427,20260427,003039_fin.csv,REAL_FUNDAMENTALS
003040,20260331,20260425,20260425,20260425,003040_fin.csv,REAL_FUNDAMENTALS
003041,20260331,20260425,20260425,20260425,003041_fin.csv,REAL_FUNDAMENTALS
003042,20260331,20260429,20260429,20260429,003042_fin.csv,REAL_FUNDAMENTALS
003043,20260331,20260429,20260429,20260429,003043_fin.csv,REAL_FUNDAMENTALS
003816,20260331,20260429,20260429,20260429,003816_fin.csv,REAL_FUNDAMENTALS
300001,20260331,20260428,20260428,20260428,300001_fin.csv,REAL_FUNDAMENTALS
300002,20260331,20260428,20260428,20260428,300002_fin.csv,REAL_FUNDAMENTALS
300003,20260331,20260423,20260423,20260423,300003_fin.csv,REAL_FUNDAMENTALS
300004,20260331,20260428,20260428,20260428,300004_fin.csv,REAL_FUNDAMENTALS
300005,20260331,20260429,20260429,20260429,300005_fin.csv,REAL_FUNDAMENTALS
300006,20260331,20260423,20260423,20260423,300006_fin.csv,REAL_FUNDAMENTALS
300007,20260331,20260429,20260429,20260429,300007_fin.csv,REAL_FUNDAMENTALS
300008,20260331,20260428,20260428,20260428,300008_fin.csv,REAL_FUNDAMENTALS
300009,20260331,20260424,20260424,20260424,300009_fin.csv,REAL_FUNDAMENTALS
300010,20260331,20260430,20260430,20260430,300010_fin.csv,REAL_FUNDAMENTALS
300011,20260331,20260424,20260424,20260424,300011_fin.csv,REAL_FUNDAMENTALS
300012,20260331,20260420,20260420,20260420,300012_fin.csv,REAL_FUNDAMENTALS
300013,20260331,20260425,20260425,20260425,300013_fin.csv,REAL_FUNDAMENTALS
300014,20260331,20260425,20260425,20260425,300014_fin.csv,REAL_FUNDAMENTALS
300015,20260331,20260424,20260424,20260424,300015_fin.csv,REAL_FUNDAMENTALS
300016,20260331,20260429,20260429,20260429,300016_fin.csv,REAL_FUNDAMENTALS
300017,20260331,20260425,20260425,20260425,300017_fin.csv,REAL_FUNDAMENTALS
300018,20260331,20260421,20260421,20260421,300018_fin.csv,REAL_FUNDAMENTALS
300019,20260331,20260421,20260421,20260421,300019_fin.csv,REAL_FUNDAMENTALS
300020,20260331,20260424,20260424,20260424,300020_fin.csv,REAL_FUNDAMENTALS
300021,20260331,20260428,20260428,20260428,300021_fin.csv,REAL_FUNDAMENTALS
300022,20260331,20260423,20260423,20260423,300022_fin.csv,REAL_FUNDAMENTALS
300024,20260331,20260424,20260424,20260424,300024_fin.csv,REAL_FUNDAMENTALS
300025,20260331,20260424,20260424,20260424,300025_fin.csv,REAL_FUNDAMENTALS
300026,20260331,20260429,20260429,20260429,300026_fin.csv,REAL_FUNDAMENTALS
300027,20260331,20260429,20260429,20260429,300027_fin.csv,REAL_FUNDAMENTALS
300029,20260331,20260430,20260430,20260430,300029_fin.csv,REAL_FUNDAMENTALS
300030,20260331,20260422,20260422,20260422,300030_fin.csv,REAL_FUNDAMENTALS
300031,20260331,20260429,20260429,20260429,300031_fin.csv,REAL_FUNDAMENTALS
300032,20260331,20260429,20260429,20260429,300032_fin.csv,REAL_FUNDAMENTALS
300033,20260331,20260423,20260423,20260423,300033_fin.csv,REAL_FUNDAMENTALS
300034,20260331,20260423,20260423,20260423,300034_fin.csv,REAL_FUNDAMENTALS
300035,20260331,20260429,20260429,20260429,300035_fin.csv,REAL_FUNDAMENTALS
300036,20260331,20260428,20260428,20260428,300036_fin.csv,REAL_FUNDAMENTALS
300037,20260331,20260428,20260428,20260428,300037_fin.csv,REAL_FUNDAMENTALS
300039,20260331,20260428,20260428,20260428,300039_fin.csv,REAL_FUNDAMENTALS
300040,20260331,20260429,20260429,20260429,300040_fin.csv,REAL_FUNDAMENTALS
300041,20260331,20260429,20260429,20260429,300041_fin.csv,REAL_FUNDAMENTALS
300042,20260331,20260429,20260429,20260429,300042_fin.csv,REAL_FUNDAMENTALS
300043,20260331,20260424,20260424,20260424,300043_fin.csv,REAL_FUNDAMENTALS
300044,20260331,20260424,20260424,20260424,300044_fin.csv,REAL_FUNDAMENTALS
300045,20260331,20260428,20260428,20260428,300045_fin.csv,REAL_FUNDAMENTALS
300046,20260331,20260423,20260423,20260423,300046_fin.csv,REAL_FUNDAMENTALS
300047,20260331,20260428,20260428,20260428,300047_fin.csv,REAL_FUNDAMENTALS
300048,20260331,20260423,20260423,20260423,300048_fin.csv,REAL_FUNDAMENTALS
300049,20260331,20260428,20260428,20260428,300049_fin.csv,REAL_FUNDAMENTALS
300050,20260331,20260428,20260428,20260428,300050_fin.csv,REAL_FUNDAMENTALS
300051,20260331,20260429,20260429,20260429,300051_fin.csv,REAL_FUNDAMENTALS
300052,20260331,20260429,20260429,20260429,300052_fin.csv,REAL_FUNDAMENTALS
300053,20260331,20260428,20260428,20260428,300053_fin.csv,REAL_FUNDAMENTALS
300054,20260331,20260428,20260428,20260428,300054_fin.csv,REAL_FUNDAMENTALS
300055,20260331,20260424,20260424,20260424,300055_fin.csv,REAL_FUNDAMENTALS
300056,20260331,20260429,20260429,20260429,300056_fin.csv,REAL_FUNDAMENTALS
300057,20260331,20260424,20260424,20260424,300057_fin.csv,REAL_FUNDAMENTALS
300058,20260331,20260423,20260423,20260423,300058_fin.csv,REAL_FUNDAMENTALS
300059,20260331,20260425,20260425,20260425,300059_fin.csv,REAL_FUNDAMENTALS
300061,20260331,20260423,20260423,20260423,300061_fin.csv,REAL_FUNDAMENTALS
300062,20260331,20260425,20260425,20260425,300062_fin.csv,REAL_FUNDAMENTALS
300063,20260331,20260429,20260429,20260429,300063_fin.csv,REAL_FUNDAMENTALS
300065,20260331,20260422,20260422,20260422,300065_fin.csv,REAL_FUNDAMENTALS
300066,20260331,20260425,20260425,20260425,300066_fin.csv,REAL_FUNDAMENTALS
300067,20260331,20260428,20260428,20260428,300067_fin.csv,REAL_FUNDAMENTALS
300068,20260331,20260429,20260429,20260429,300068_fin.csv,REAL_FUNDAMENTALS
300069,20260331,20260429,20260429,20260429,300069_fin.csv,REAL_FUNDAMENTALS
300070,20260331,20260428,20260428,20260428,300070_fin.csv,REAL_FUNDAMENTALS
300071,20260331,20260429,20260429,20260429,300071_fin.csv,REAL_FUNDAMENTALS
300072,20260331,20260425,20260425,20260425,300072_fin.csv,REAL_FUNDAMENTALS
300073,20260331,20260425,20260425,20260425,300073_fin.csv,REAL_FUNDAMENTALS
300074,20260331,20260429,20260429,20260429,300074_fin.csv,REAL_FUNDAMENTALS
300075,20260331,20260424,20260424,20260424,300075_fin.csv,REAL_FUNDAMENTALS
300076,20260331,20260430,20260430,20260430,300076_fin.csv,REAL_FUNDAMENTALS
300077,20260331,20260424,20260424,20260424,300077_fin.csv,REAL_FUNDAMENTALS
300078,20260331,20260428,20260428,20260428,300078_fin.csv,REAL_FUNDAMENTALS
300079,20260331,20260423,20260423,20260423,300079_fin.csv,REAL_FUNDAMENTALS
300080,20260331,20260423,20260423,20260423,300080_fin.csv,REAL_FUNDAMENTALS
300081,20260331,20260429,20260429,20260429,300081_fin.csv,REAL_FUNDAMENTALS
300082,20260331,20260428,20260428,20260428,300082_fin.csv,REAL_FUNDAMENTALS
300083,20260331,20260424,20260424,20260424,300083_fin.csv,REAL_FUNDAMENTALS
300084,20260331,20260429,20260429,20260429,300084_fin.csv,REAL_FUNDAMENTALS
300085,20260331,20260424,20260424,20260424,300085_fin.csv,REAL_FUNDAMENTALS
300086,20260331,20260429,20260429,20260429,300086_fin.csv,REAL_FUNDAMENTALS
300087,20260331,20260425,20260425,20260425,300087_fin.csv,REAL_FUNDAMENTALS
300088,20260331,20260428,20260428,20260428,300088_fin.csv,REAL_FUNDAMENTALS
300091,20260331,20260425,20260425,20260425,300091_fin.csv,REAL_FUNDAMENTALS
300092,20260331,20260423,20260423,20260423,300092_fin.csv,REAL_FUNDAMENTALS
300093,20260331,20260423,20260423,20260423,300093_fin.csv,REAL_FUNDAMENTALS
300094,20260331,20260430,20260430,20260430,300094_fin.csv,REAL_FUNDAMENTALS
300095,20260331,20260429,20260429,20260429,300095_fin.csv,REAL_FUNDAMENTALS
300096,20260331,20260428,20260428,20260428,300096_fin.csv,REAL_FUNDAMENTALS
300097,20260331,20260424,20260424,20260424,300097_fin.csv,REAL_FUNDAMENTALS
300098,20260331,20260429,20260429,20260429,300098_fin.csv,REAL_FUNDAMENTALS
300099,20260331,20260423,20260423,20260423,300099_fin.csv,REAL_FUNDAMENTALS
300100,20260331,20260429,20260429,20260429,300100_fin.csv,REAL_FUNDAMENTALS
300101,20260331,20260429,20260429,20260429,300101_fin.csv,REAL_FUNDAMENTALS
300102,20260331,20260423,20260423,20260423,300102_fin.csv,REAL_FUNDAMENTALS
300103,20260331,20260427,20260427,20260427,300103_fin.csv,REAL_FUNDAMENTALS
300105,20260331,20260424,20260424,20260424,300105_fin.csv,REAL_FUNDAMENTALS
300106,20260331,20260423,20260423,20260423,300106_fin.csv,REAL_FUNDAMENTALS
300107,20260331,20260424,20260424,20260424,300107_fin.csv,REAL_FUNDAMENTALS
300109,20260331,20260424,20260424,20260424,300109_fin.csv,REAL_FUNDAMENTALS
300110,20260331,20260424,20260424,20260424,300110_fin.csv,REAL_FUNDAMENTALS
300111,20260331,20260427,20260427,20260427,300111_fin.csv,REAL_FUNDAMENTALS
300112,20260331,20260423,20260423,20260423,300112_fin.csv,REAL_FUNDAMENTALS
300113,20260331,20260429,20260429,20260429,300113_fin.csv,REAL_FUNDAMENTALS
300115,20260331,20260423,20260423,20260423,300115_fin.csv,REAL_FUNDAMENTALS
300118,20260331,20260428,20260428,20260428,300118_fin.csv,REAL_FUNDAMENTALS
300119,20260331,20260428,20260428,20260428,300119_fin.csv,REAL_FUNDAMENTALS
300120,20260331,20260429,20260429,20260429,300120_fin.csv,REAL_FUNDAMENTALS
300121,20260331,20260423,20260423,20260423,300121_fin.csv,REAL_FUNDAMENTALS
300122,20260331,20260428,20260428,20260428,300122_fin.csv,REAL_FUNDAMENTALS
300123,20260331,20260429,20260429,20260429,300123_fin.csv,REAL_FUNDAMENTALS
300124,20260331,20260428,20260428,20260428,300124_fin.csv,REAL_FUNDAMENTALS
300125,20260331,20260422,20260422,20260422,300125_fin.csv,REAL_FUNDAMENTALS
300126,20260331,20260423,20260423,20260423,300126_fin.csv,REAL_FUNDAMENTALS
300127,20260331,20260425,20260425,20260425,300127_fin.csv,REAL_FUNDAMENTALS
300128,20260331,20260429,20260429,20260429,300128_fin.csv,REAL_FUNDAMENTALS
300129,20260331,20260423,20260423,20260423,300129_fin.csv,REAL_FUNDAMENTALS
300130,20260331,20260429,20260429,20260429,300130_fin.csv,REAL_FUNDAMENTALS
300131,20260331,20260429,20260429,20260429,300131_fin.csv,REAL_FUNDAMENTALS
300132,20260331,20260429,20260429,20260429,300132_fin.csv,REAL_FUNDAMENTALS
300133,20260331,20260423,20260423,20260423,300133_fin.csv,REAL_FUNDAMENTALS
300134,20260331,20260427,20260427,20260427,300134_fin.csv,REAL_FUNDAMENTALS
300135,20260331,20260427,20260427,20260427,300135_fin.csv,REAL_FUNDAMENTALS
300136,20260331,20260418,20260418,20260418,300136_fin.csv,REAL_FUNDAMENTALS
300137,20260331,20260425,20260425,20260425,300137_fin.csv,REAL_FUNDAMENTALS
300138,20260331,20260425,20260425,20260425,300138_fin.csv,REAL_FUNDAMENTALS
300139,20260331,20260425,20260425,20260425,300139_fin.csv,REAL_FUNDAMENTALS
300140,20260331,20260423,20260423,20260423,300140_fin.csv,REAL_FUNDAMENTALS
300141,20260331,20260427,20260427,20260427,300141_fin.csv,REAL_FUNDAMENTALS
300142,20260331,20260428,20260428,20260428,300142_fin.csv,REAL_FUNDAMENTALS
300143,20260331,20260423,20260423,20260423,300143_fin.csv,REAL_FUNDAMENTALS
300144,20260331,20260424,20260424,20260424,300144_fin.csv,REAL_FUNDAMENTALS
300145,20260331,20260427,20260427,20260427,300145_fin.csv,REAL_FUNDAMENTALS
300146,20260331,20260425,20260425,20260425,300146_fin.csv,REAL_FUNDAMENTALS
300147,20260331,20260429,20260429,20260429,300147_fin.csv,REAL_FUNDAMENTALS
300148,20260331,20260423,20260423,20260423,300148_fin.csv,REAL_FUNDAMENTALS
300149,20260331,20260429,20260429,20260429,300149_fin.csv,REAL_FUNDAMENTALS
300150,20260331,20260424,20260424,20260424,300150_fin.csv,REAL_FUNDAMENTALS
300151,20260331,20260428,20260428,20260428,300151_fin.csv,REAL_FUNDAMENTALS
300152,20260331,20260429,20260429,20260429,300152_fin.csv,REAL_FUNDAMENTALS
300153,20260331,20260427,20260427,20260427,300153_fin.csv,REAL_FUNDAMENTALS
300154,20260331,20260428,20260428,20260428,300154_fin.csv,REAL_FUNDAMENTALS
300155,20260331,20260427,20260427,20260427,300155_fin.csv,REAL_FUNDAMENTALS
300157,20260331,20260429,20260429,20260429,300157_fin.csv,REAL_FUNDAMENTALS
300158,20260331,20260421,20260421,20260421,300158_fin.csv,REAL_FUNDAMENTALS
300159,20260331,20260429,20260429,20260429,300159_fin.csv,REAL_FUNDAMENTALS
300160,20260331,20260423,20260423,20260423,300160_fin.csv,REAL_FUNDAMENTALS
300161,20260331,20260429,20260429,20260429,300161_fin.csv,REAL_FUNDAMENTALS
300162,20260331,20260429,20260429,20260429,300162_fin.csv,REAL_FUNDAMENTALS
300163,20260331,20260428,20260428,20260428,300163_fin.csv,REAL_FUNDAMENTALS
300164,20260331,20260424,20260424,20260424,300164_fin.csv,REAL_FUNDAMENTALS
300165,20260331,20260428,20260428,20260428,300165_fin.csv,REAL_FUNDAMENTALS
300166,20260331,20260424,20260424,20260424,300166_fin.csv,REAL_FUNDAMENTALS
300167,20260331,20260430,20260430,20260430,300167_fin.csv,REAL_FUNDAMENTALS
300168,20260331,20260429,20260429,20260429,300168_fin.csv,REAL_FUNDAMENTALS
300169,20260331,20260428,20260428,20260428,300169_fin.csv,REAL_FUNDAMENTALS
300170,20260331,20260428,20260428,20260428,300170_fin.csv,REAL_FUNDAMENTALS
300171,20260331,20260429,20260429,20260429,300171_fin.csv,REAL_FUNDAMENTALS
300172,20260331,20260421,20260421,20260421,300172_fin.csv,REAL_FUNDAMENTALS
300173,20260331,20260427,20260427,20260427,300173_fin.csv,REAL_FUNDAMENTALS
300174,20260331,20260427,20260427,20260427,300174_fin.csv,REAL_FUNDAMENTALS
300175,20260331,20260423,20260423,20260423,300175_fin.csv,REAL_FUNDAMENTALS
300176,20260331,20260429,20260429,20260429,300176_fin.csv,REAL_FUNDAMENTALS
300177,20260331,20260425,20260425,20260425,300177_fin.csv,REAL_FUNDAMENTALS
300179,20260331,20260423,20260423,20260423,300179_fin.csv,REAL_FUNDAMENTALS
300180,20260331,20260421,20260421,20260421,300180_fin.csv,REAL_FUNDAMENTALS
300181,20260331,20260427,20260427,20260427,300181_fin.csv,REAL_FUNDAMENTALS
300182,20260331,20260425,20260425,20260425,300182_fin.csv,REAL_FUNDAMENTALS
300183,20260331,20260424,20260424,20260424,300183_fin.csv,REAL_FUNDAMENTALS
300184,20260331,20260420,20260420,20260420,300184_fin.csv,REAL_FUNDAMENTALS
300185,20260331,20260425,20260425,20260425,300185_fin.csv,REAL_FUNDAMENTALS
300187,20260331,20260428,20260428,20260428,300187_fin.csv,REAL_FUNDAMENTALS
300188,20260331,20260418,20260418,20260418,300188_fin.csv,REAL_FUNDAMENTALS
300189,20260331,20260425,20260425,20260425,300189_fin.csv,REAL_FUNDAMENTALS
300190,20260331,20260429,20260429,20260429,300190_fin.csv,REAL_FUNDAMENTALS
300191,20260331,20260424,20260424,20260424,300191_fin.csv,REAL_FUNDAMENTALS
300192,20260331,20260429,20260429,20260429,300192_fin.csv,REAL_FUNDAMENTALS
300193,20260331,20260425,20260425,20260425,300193_fin.csv,REAL_FUNDAMENTALS
300194,20260331,20260427,20260427,20260427,300194_fin.csv,REAL_FUNDAMENTALS
300195,20260331,20260428,20260428,20260428,300195_fin.csv,REAL_FUNDAMENTALS
300196,20260331,20260424,20260424,20260424,300196_fin.csv,REAL_FUNDAMENTALS
300197,20260331,20260429,20260429,20260429,300197_fin.csv,REAL_FUNDAMENTALS
300198,20260331,20260428,20260428,20260428,300198_fin.csv,REAL_FUNDAMENTALS
300199,20260331,20260429,20260429,20260429,300199_fin.csv,REAL_FUNDAMENTALS
300200,20260331,20260422,20260422,20260422,300200_fin.csv,REAL_FUNDAMENTALS
300201,20260331,20260421,20260421,20260421,300201_fin.csv,REAL_FUNDAMENTALS
300203,20260331,20260429,20260429,20260429,300203_fin.csv,REAL_FUNDAMENTALS
300204,20260331,20260428,20260428,20260428,300204_fin.csv,REAL_FUNDAMENTALS
300205,20260331,20260423,20260423,20260423,300205_fin.csv,REAL_FUNDAMENTALS
300206,20260331,20260424,20260424,20260424,300206_fin.csv,REAL_FUNDAMENTALS
300207,20260331,20260424,20260424,20260424,300207_fin.csv,REAL_FUNDAMENTALS
300209,20260331,20260429,20260429,20260429,300209_fin.csv,REAL_FUNDAMENTALS
300210,20260331,20260423,20260423,20260423,300210_fin.csv,REAL_FUNDAMENTALS
300211,20260331,20260424,20260424,20260424,300211_fin.csv,REAL_FUNDAMENTALS
300212,20260331,20260429,20260429,20260429,300212_fin.csv,REAL_FUNDAMENTALS
300213,20260331,20260425,20260425,20260425,300213_fin.csv,REAL_FUNDAMENTALS
300214,20260331,20260427,20260427,20260427,300214_fin.csv,REAL_FUNDAMENTALS
300215,20260331,20260424,20260424,20260424,300215_fin.csv,REAL_FUNDAMENTALS
300217,20260331,20260428,20260428,20260428,300217_fin.csv,REAL_FUNDAMENTALS
300218,20260331,20260428,20260428,20260428,300218_fin.csv,REAL_FUNDAMENTALS
300219,20260331,20260429,20260429,20260429,300219_fin.csv,REAL_FUNDAMENTALS
300220,20260331,20260429,20260429,20260429,300220_fin.csv,REAL_FUNDAMENTALS
300221,20260331,20260423,20260423,20260423,300221_fin.csv,REAL_FUNDAMENTALS
300222,20260331,20260418,20260418,20260418,300222_fin.csv,REAL_FUNDAMENTALS
300223,20260331,20260429,20260429,20260429,300223_fin.csv,REAL_FUNDAMENTALS
300224,20260331,20260422,20260422,20260422,300224_fin.csv,REAL_FUNDAMENTALS
300225,20260331,20260428,20260428,20260428,300225_fin.csv,REAL_FUNDAMENTALS
300226,20260331,20260428,20260428,20260428,300226_fin.csv,REAL_FUNDAMENTALS
300227,20260331,20260430,20260430,20260430,300227_fin.csv,REAL_FUNDAMENTALS
300228,20260331,20260424,20260424,20260424,300228_fin.csv,REAL_FUNDAMENTALS
300229,20260331,20260423,20260423,20260423,300229_fin.csv,REAL_FUNDAMENTALS
300230,20260331,20260428,20260428,20260428,300230_fin.csv,REAL_FUNDAMENTALS
300231,20260331,20260425,20260425,20260425,300231_fin.csv,REAL_FUNDAMENTALS
300232,20260331,20260422,20260422,20260422,300232_fin.csv,REAL_FUNDAMENTALS
300233,20260331,20260424,20260424,20260424,300233_fin.csv,REAL_FUNDAMENTALS
300234,20260331,20260423,20260423,20260423,300234_fin.csv,REAL_FUNDAMENTALS
300235,20260331,20260428,20260428,20260428,300235_fin.csv,REAL_FUNDAMENTALS
300236,20260331,20260429,20260429,20260429,300236_fin.csv,REAL_FUNDAMENTALS
300237,20260331,20260424,20260424,20260424,300237_fin.csv,REAL_FUNDAMENTALS
300238,20260331,20260429,20260429,20260429,300238_fin.csv,REAL_FUNDAMENTALS
300239,20260331,20260424,20260424,20260424,300239_fin.csv,REAL_FUNDAMENTALS
300240,20260331,20260423,20260423,20260423,300240_fin.csv,REAL_FUNDAMENTALS
300241,20260331,20260429,20260429,20260429,300241_fin.csv,REAL_FUNDAMENTALS
300242,20260331,20260424,20260424,20260424,300242_fin.csv,REAL_FUNDAMENTALS
300243,20260331,20260415,20260415,20260415,300243_fin.csv,REAL_FUNDAMENTALS
300244,20260331,20260428,20260428,20260428,300244_fin.csv,REAL_FUNDAMENTALS
300245,20260331,20260428,20260428,20260428,300245_fin.csv,REAL_FUNDAMENTALS
300246,20260331,20260425,20260425,20260425,300246_fin.csv,REAL_FUNDAMENTALS
300247,20260331,20260428,20260428,20260428,300247_fin.csv,REAL_FUNDAMENTALS
300248,20260331,20260424,20260424,20260424,300248_fin.csv,REAL_FUNDAMENTALS
300249,20260331,20260421,20260421,20260421,300249_fin.csv,REAL_FUNDAMENTALS
300250,20260331,20260429,20260429,20260429,300250_fin.csv,REAL_FUNDAMENTALS
300251,20260331,20260422,20260422,20260422,300251_fin.csv,REAL_FUNDAMENTALS
300252,20260331,20260428,20260428,20260428,300252_fin.csv,REAL_FUNDAMENTALS
300253,20260331,20260423,20260423,20260423,300253_fin.csv,REAL_FUNDAMENTALS
300254,20260331,20260428,20260428,20260428,300254_fin.csv,REAL_FUNDAMENTALS
300255,20260331,20260429,20260429,20260429,300255_fin.csv,REAL_FUNDAMENTALS
300256,20260331,20260429,20260429,20260429,300256_fin.csv,REAL_FUNDAMENTALS
300257,20260331,20260428,20260428,20260428,300257_fin.csv,REAL_FUNDAMENTALS
300258,20260331,20260421,20260421,20260421,300258_fin.csv,REAL_FUNDAMENTALS
300259,20260331,20260423,20260423,20260423,300259_fin.csv,REAL_FUNDAMENTALS
300260,20260331,20260428,20260428,20260428,300260_fin.csv,REAL_FUNDAMENTALS
300261,20260331,20260429,20260429,20260429,300261_fin.csv,REAL_FUNDAMENTALS
300263,20260331,20260423,20260423,20260423,300263_fin.csv,REAL_FUNDAMENTALS
300264,20260331,20260425,20260425,20260425,300264_fin.csv,REAL_FUNDAMENTALS
300265,20260331,20260423,20260423,20260423,300265_fin.csv,REAL_FUNDAMENTALS
300266,20260331,20260427,20260427,20260427,300266_fin.csv,REAL_FUNDAMENTALS
300267,20260331,20260424,20260424,20260424,300267_fin.csv,REAL_FUNDAMENTALS
300268,20260331,20260425,20260425,20260425,300268_fin.csv,REAL_FUNDAMENTALS
300269,20260331,20260428,20260428,20260428,300269_fin.csv,REAL_FUNDAMENTALS
300270,20260331,20260422,20260422,20260422,300270_fin.csv,REAL_FUNDAMENTALS
300271,20260331,20260428,20260428,20260428,300271_fin.csv,REAL_FUNDAMENTALS
300272,20260331,20260429,20260429,20260429,300272_fin.csv,REAL_FUNDAMENTALS
300274,20260331,20260428,20260428,20260428,300274_fin.csv,REAL_FUNDAMENTALS
300275,20260331,20260425,20260425,20260425,300275_fin.csv,REAL_FUNDAMENTALS
300276,20260331,20260428,20260428,20260428,300276_fin.csv,REAL_FUNDAMENTALS
300277,20260331,20260427,20260427,20260427,300277_fin.csv,REAL_FUNDAMENTALS
300278,20260331,20260425,20260425,20260425,300278_fin.csv,REAL_FUNDAMENTALS
300279,20260331,20260427,20260427,20260427,300279_fin.csv,REAL_FUNDAMENTALS
300281,20260331,20260428,20260428,20260428,300281_fin.csv,REAL_FUNDAMENTALS
300283,20260331,20260424,20260424,20260424,300283_fin.csv,REAL_FUNDAMENTALS
300284,20260331,20260428,20260428,20260428,300284_fin.csv,REAL_FUNDAMENTALS
300285,20260331,20260428,20260428,20260428,300285_fin.csv,REAL_FUNDAMENTALS
300286,20260331,20260423,20260423,20260423,300286_fin.csv,REAL_FUNDAMENTALS
300287,20260331,20260428,20260428,20260428,300287_fin.csv,REAL_FUNDAMENTALS
300288,20260331,20260428,20260428,20260428,300288_fin.csv,REAL_FUNDAMENTALS
300289,20260331,20260428,20260428,20260428,300289_fin.csv,REAL_FUNDAMENTALS
300290,20260331,20260427,20260427,20260427,300290_fin.csv,REAL_FUNDAMENTALS
300291,20260331,20260427,20260427,20260427,300291_fin.csv,REAL_FUNDAMENTALS
300292,20260331,20260423,20260423,20260423,300292_fin.csv,REAL_FUNDAMENTALS
300293,20260331,20260428,20260428,20260428,300293_fin.csv,REAL_FUNDAMENTALS
300294,20260331,20260425,20260425,20260425,300294_fin.csv,REAL_FUNDAMENTALS
300295,20260331,20260423,20260423,20260423,300295_fin.csv,REAL_FUNDAMENTALS
300296,20260331,20260424,20260424,20260424,300296_fin.csv,REAL_FUNDAMENTALS
300298,20260331,20260428,20260428,20260428,300298_fin.csv,REAL_FUNDAMENTALS
300299,20260331,20260429,20260429,20260429,300299_fin.csv,REAL_FUNDAMENTALS
300300,20260331,20260428,20260428,20260428,300300_fin.csv,REAL_FUNDAMENTALS
300301,20260331,20260429,20260429,20260429,300301_fin.csv,REAL_FUNDAMENTALS
300302,20260331,20260428,20260428,20260428,300302_fin.csv,REAL_FUNDAMENTALS
300303,20260331,20260418,20260418,20260418,300303_fin.csv,REAL_FUNDAMENTALS
300304,20260331,20260429,20260429,20260429,300304_fin.csv,REAL_FUNDAMENTALS
300305,20260331,20260423,20260423,20260423,300305_fin.csv,REAL_FUNDAMENTALS
300306,20260331,20260423,20260423,20260423,300306_fin.csv,REAL_FUNDAMENTALS
300307,20260331,20260429,20260429,20260429,300307_fin.csv,REAL_FUNDAMENTALS
300308,20260331,20260417,20260417,20260417,300308_fin.csv,REAL_FUNDAMENTALS
300310,20260331,20260423,20260423,20260423,300310_fin.csv,REAL_FUNDAMENTALS
300311,20260331,20260428,20260428,20260428,300311_fin.csv,REAL_FUNDAMENTALS
300313,20260331,20260425,20260425,20260425,300313_fin.csv,REAL_FUNDAMENTALS
300314,20260331,20260423,20260423,20260423,300314_fin.csv,REAL_FUNDAMENTALS
300315,20260331,20260428,20260428,20260428,300315_fin.csv,REAL_FUNDAMENTALS
300316,20260331,20260428,20260428,20260428,300316_fin.csv,REAL_FUNDAMENTALS
300317,20260331,20260428,20260428,20260428,300317_fin.csv,REAL_FUNDAMENTALS
300318,20260331,20260428,20260428,20260428,300318_fin.csv,REAL_FUNDAMENTALS
300319,20260331,20260423,20260423,20260423,300319_fin.csv,REAL_FUNDAMENTALS
300320,20260331,20260428,20260428,20260428,300320_fin.csv,REAL_FUNDAMENTALS
300321,20260331,20260423,20260423,20260423,300321_fin.csv,REAL_FUNDAMENTALS
300322,20260331,20260425,20260425,20260425,300322_fin.csv,REAL_FUNDAMENTALS
300323,20260331,20260429,20260429,20260429,300323_fin.csv,REAL_FUNDAMENTALS
300324,20260331,20260423,20260423,20260423,300324_fin.csv,REAL_FUNDAMENTALS
300326,20260331,20260423,20260423,20260423,300326_fin.csv,REAL_FUNDAMENTALS
300327,20260331,20260423,20260423,20260423,300327_fin.csv,REAL_FUNDAMENTALS
300328,20260331,20260423,20260423,20260423,300328_fin.csv,REAL_FUNDAMENTALS
300329,20260331,20260428,20260428,20260428,300329_fin.csv,REAL_FUNDAMENTALS
300331,20260331,20260424,20260424,20260424,300331_fin.csv,REAL_FUNDAMENTALS
300332,20260331,20260424,20260424,20260424,300332_fin.csv,REAL_FUNDAMENTALS
300333,20260331,20260424,20260424,20260424,300333_fin.csv,REAL_FUNDAMENTALS
300334,20260331,20260424,20260424,20260424,300334_fin.csv,REAL_FUNDAMENTALS
300335,20260331,20260424,20260424,20260424,300335_fin.csv,REAL_FUNDAMENTALS
300337,20260331,20260417,20260417,20260417,300337_fin.csv,REAL_FUNDAMENTALS
300338,20260331,20260428,20260428,20260428,300338_fin.csv,REAL_FUNDAMENTALS
300339,20260331,20260424,20260424,20260424,300339_fin.csv,REAL_FUNDAMENTALS
300340,20260331,20260427,20260427,20260427,300340_fin.csv,REAL_FUNDAMENTALS
300341,20260331,20260429,20260429,20260429,300341_fin.csv,REAL_FUNDAMENTALS
300342,20260331,20260423,20260423,20260423,300342_fin.csv,REAL_FUNDAMENTALS
300343,20260331,20260425,20260425,20260425,300343_fin.csv,REAL_FUNDAMENTALS
300345,20260331,20260428,20260428,20260428,300345_fin.csv,REAL_FUNDAMENTALS
300346,20260331,20260424,20260424,20260424,300346_fin.csv,REAL_FUNDAMENTALS
300347,20260331,20260429,20260429,20260429,300347_fin.csv,REAL_FUNDAMENTALS
300348,20260331,20260425,20260425,20260425,300348_fin.csv,REAL_FUNDAMENTALS
300349,20260331,20260423,20260423,20260423,300349_fin.csv,REAL_FUNDAMENTALS
300350,20260331,20260427,20260427,20260427,300350_fin.csv,REAL_FUNDAMENTALS
300351,20260331,20260427,20260427,20260427,300351_fin.csv,REAL_FUNDAMENTALS
300352,20260331,20260430,20260430,20260430,300352_fin.csv,REAL_FUNDAMENTALS
300353,20260331,20260428,20260428,20260428,300353_fin.csv,REAL_FUNDAMENTALS
300354,20260331,20260421,20260421,20260421,300354_fin.csv,REAL_FUNDAMENTALS
300355,20260331,20260423,20260423,20260423,300355_fin.csv,REAL_FUNDAMENTALS
300357,20260331,20260424,20260424,20260424,300357_fin.csv,REAL_FUNDAMENTALS
300358,20260331,20260423,20260423,20260423,300358_fin.csv,REAL_FUNDAMENTALS
300359,20260331,20260429,20260429,20260429,300359_fin.csv,REAL_FUNDAMENTALS
300360,20260331,20260428,20260428,20260428,300360_fin.csv,REAL_FUNDAMENTALS
300363,20260331,20260423,20260423,20260423,300363_fin.csv,REAL_FUNDAMENTALS
300364,20260331,20260423,20260423,20260423,300364_fin.csv,REAL_FUNDAMENTALS
300365,20260331,20260428,20260428,20260428,300365_fin.csv,REAL_FUNDAMENTALS
300366,20260331,20260429,20260429,20260429,300366_fin.csv,REAL_FUNDAMENTALS
300368,20260331,20260425,20260425,20260425,300368_fin.csv,REAL_FUNDAMENTALS
300369,20260331,20260429,20260429,20260429,300369_fin.csv,REAL_FUNDAMENTALS
300370,20260331,20260424,20260424,20260424,300370_fin.csv,REAL_FUNDAMENTALS
300371,20260331,20260424,20260424,20260424,300371_fin.csv,REAL_FUNDAMENTALS
300373,20260331,20260418,20260418,20260418,300373_fin.csv,REAL_FUNDAMENTALS
300374,20260331,20260427,20260427,20260427,300374_fin.csv,REAL_FUNDAMENTALS
300375,20260331,20260429,20260429,20260429,300375_fin.csv,REAL_FUNDAMENTALS
300376,20260331,20260429,20260429,20260429,300376_fin.csv,REAL_FUNDAMENTALS
300377,20260331,20260421,20260421,20260421,300377_fin.csv,REAL_FUNDAMENTALS
300378,20260331,20260429,20260429,20260429,300378_fin.csv,REAL_FUNDAMENTALS
300380,20260331,20260429,20260429,20260429,300380_fin.csv,REAL_FUNDAMENTALS
300381,20260331,20260429,20260429,20260429,300381_fin.csv,REAL_FUNDAMENTALS
300382,20260331,20260429,20260429,20260429,300382_fin.csv,REAL_FUNDAMENTALS
300383,20260331,20260429,20260429,20260429,300383_fin.csv,REAL_FUNDAMENTALS
300384,20260331,20260428,20260428,20260428,300384_fin.csv,REAL_FUNDAMENTALS
300385,20260331,20260425,20260425,20260425,300385_fin.csv,REAL_FUNDAMENTALS
300386,20260331,20260423,20260423,20260423,300386_fin.csv,REAL_FUNDAMENTALS
300387,20260331,20260423,20260423,20260423,300387_fin.csv,REAL_FUNDAMENTALS
300388,20260331,20260423,20260423,20260423,300388_fin.csv,REAL_FUNDAMENTALS
300389,20260331,20260428,20260428,20260428,300389_fin.csv,REAL_FUNDAMENTALS
300390,20260331,20260424,20260424,20260424,300390_fin.csv,REAL_FUNDAMENTALS
300393,20260331,20260428,20260428,20260428,300393_fin.csv,REAL_FUNDAMENTALS
300394,20260331,20260421,20260421,20260421,300394_fin.csv,REAL_FUNDAMENTALS
300395,20260331,20260424,20260424,20260424,300395_fin.csv,REAL_FUNDAMENTALS
300396,20260331,20260430,20260430,20260430,300396_fin.csv,REAL_FUNDAMENTALS
300397,20260331,20260424,20260424,20260424,300397_fin.csv,REAL_FUNDAMENTALS
300398,20260331,20260422,20260422,20260422,300398_fin.csv,REAL_FUNDAMENTALS
300399,20260331,20260424,20260424,20260424,300399_fin.csv,REAL_FUNDAMENTALS
300400,20260331,20260429,20260429,20260429,300400_fin.csv,REAL_FUNDAMENTALS
300401,20260331,20260418,20260418,20260418,300401_fin.csv,REAL_FUNDAMENTALS
300402,20260331,20260423,20260423,20260423,300402_fin.csv,REAL_FUNDAMENTALS
300403,20260331,20260427,20260427,20260427,300403_fin.csv,REAL_FUNDAMENTALS
300404,20260331,20260425,20260425,20260425,300404_fin.csv,REAL_FUNDAMENTALS
300405,20260331,20260429,20260429,20260429,300405_fin.csv,REAL_FUNDAMENTALS
300406,20260331,20260427,20260427,20260427,300406_fin.csv,REAL_FUNDAMENTALS
300407,20260331,20260423,20260423,20260423,300407_fin.csv,REAL_FUNDAMENTALS
300408,20260331,20260424,20260424,20260424,300408_fin.csv,REAL_FUNDAMENTALS
300409,20260331,20260415,20260415,20260415,300409_fin.csv,REAL_FUNDAMENTALS
300410,20260331,20260429,20260429,20260429,300410_fin.csv,REAL_FUNDAMENTALS
300411,20260331,20260428,20260428,20260428,300411_fin.csv,REAL_FUNDAMENTALS
300412,20260331,20260425,20260425,20260425,300412_fin.csv,REAL_FUNDAMENTALS
300413,20260331,20260425,20260425,20260425,300413_fin.csv,REAL_FUNDAMENTALS
300414,20260331,20260423,20260423,20260423,300414_fin.csv,REAL_FUNDAMENTALS
300415,20260331,20260417,20260417,20260417,300415_fin.csv,REAL_FUNDAMENTALS
300416,20260331,20260423,20260423,20260423,300416_fin.csv,REAL_FUNDAMENTALS
300417,20260331,20260430,20260430,20260430,300417_fin.csv,REAL_FUNDAMENTALS
300418,20260331,20260429,20260429,20260429,300418_fin.csv,REAL_FUNDAMENTALS
300419,20260331,20260428,20260428,20260428,300419_fin.csv,REAL_FUNDAMENTALS
300420,20260331,20260428,20260428,20260428,300420_fin.csv,REAL_FUNDAMENTALS
300421,20260331,20260429,20260429,20260429,300421_fin.csv,REAL_FUNDAMENTALS
300422,20260331,20260424,20260424,20260424,300422_fin.csv,REAL_FUNDAMENTALS
300423,20260331,20260428,20260428,20260428,300423_fin.csv,REAL_FUNDAMENTALS
300424,20260331,20260428,20260428,20260428,300424_fin.csv,REAL_FUNDAMENTALS
300425,20260331,20260424,20260424,20260424,300425_fin.csv,REAL_FUNDAMENTALS
300426,20260331,20260424,20260424,20260424,300426_fin.csv,REAL_FUNDAMENTALS
300427,20260331,20260428,20260428,20260428,300427_fin.csv,REAL_FUNDAMENTALS
300428,20260331,20260429,20260429,20260429,300428_fin.csv,REAL_FUNDAMENTALS
300429,20260331,20260429,20260429,20260429,300429_fin.csv,REAL_FUNDAMENTALS
300430,20260331,20260430,20260430,20260430,300430_fin.csv,REAL_FUNDAMENTALS
300432,20260331,20260429,20260429,20260429,300432_fin.csv,REAL_FUNDAMENTALS
300433,20260331,20260416,20260416,20260416,300433_fin.csv,REAL_FUNDAMENTALS
300434,20260331,20260424,20260424,20260424,300434_fin.csv,REAL_FUNDAMENTALS
300435,20260331,20260421,20260421,20260421,300435_fin.csv,REAL_FUNDAMENTALS
300436,20260331,20260429,20260429,20260429,300436_fin.csv,REAL_FUNDAMENTALS
300437,20260331,20260422,20260422,20260422,300437_fin.csv,REAL_FUNDAMENTALS
300438,20260331,20260429,20260429,20260429,300438_fin.csv,REAL_FUNDAMENTALS
300439,20260331,20260429,20260429,20260429,300439_fin.csv,REAL_FUNDAMENTALS
300440,20260331,20260427,20260427,20260427,300440_fin.csv,REAL_FUNDAMENTALS
300441,20260331,20260428,20260428,20260428,300441_fin.csv,REAL_FUNDAMENTALS
300442,20260331,20260410,20260410,20260410,300442_fin.csv,REAL_FUNDAMENTALS
300443,20260331,20260424,20260424,20260424,300443_fin.csv,REAL_FUNDAMENTALS
300444,20260331,20260424,20260424,20260424,300444_fin.csv,REAL_FUNDAMENTALS
300445,20260331,20260424,20260424,20260424,300445_fin.csv,REAL_FUNDAMENTALS
300446,20260331,20260428,20260428,20260428,300446_fin.csv,REAL_FUNDAMENTALS
300447,20260331,20260425,20260425,20260425,300447_fin.csv,REAL_FUNDAMENTALS
300448,20260331,20260427,20260427,20260427,300448_fin.csv,REAL_FUNDAMENTALS
300449,20260331,20260428,20260428,20260428,300449_fin.csv,REAL_FUNDAMENTALS
300450,20260331,20260429,20260429,20260429,300450_fin.csv,REAL_FUNDAMENTALS
300451,20260331,20260429,20260429,20260429,300451_fin.csv,REAL_FUNDAMENTALS
300452,20260331,20260423,20260423,20260423,300452_fin.csv,REAL_FUNDAMENTALS
300453,20260331,20260427,20260427,20260427,300453_fin.csv,REAL_FUNDAMENTALS
300454,20260331,20260428,20260428,20260428,300454_fin.csv,REAL_FUNDAMENTALS
300455,20260331,20260424,20260424,20260424,300455_fin.csv,REAL_FUNDAMENTALS
300456,20260331,20260423,20260423,20260423,300456_fin.csv,REAL_FUNDAMENTALS
300457,20260331,20260427,20260427,20260427,300457_fin.csv,REAL_FUNDAMENTALS
300458,20260331,20260422,20260422,20260422,300458_fin.csv,REAL_FUNDAMENTALS
300459,20260331,20260429,20260429,20260429,300459_fin.csv,REAL_FUNDAMENTALS
300460,20260331,20260429,20260429,20260429,300460_fin.csv,REAL_FUNDAMENTALS
300461,20260331,20260429,20260429,20260429,300461_fin.csv,REAL_FUNDAMENTALS
300462,20260331,20260427,20260427,20260427,300462_fin.csv,REAL_FUNDAMENTALS
300463,20260331,20260429,20260429,20260429,300463_fin.csv,REAL_FUNDAMENTALS
300464,20260331,20260429,20260429,20260429,300464_fin.csv,REAL_FUNDAMENTALS
300465,20260331,20260424,20260424,20260424,300465_fin.csv,REAL_FUNDAMENTALS
300466,20260331,20260423,20260423,20260423,300466_fin.csv,REAL_FUNDAMENTALS
300467,20260331,20260425,20260425,20260425,300467_fin.csv,REAL_FUNDAMENTALS
300468,20260331,20260429,20260429,20260429,300468_fin.csv,REAL_FUNDAMENTALS
300469,20260331,20260429,20260429,20260429,300469_fin.csv,REAL_FUNDAMENTALS
300470,20260331,20260423,20260423,20260423,300470_fin.csv,REAL_FUNDAMENTALS
300471,20260331,20260423,20260423,20260423,300471_fin.csv,REAL_FUNDAMENTALS
300472,20260331,20260427,20260427,20260427,300472_fin.csv,REAL_FUNDAMENTALS
300473,20260331,20260429,20260429,20260429,300473_fin.csv,REAL_FUNDAMENTALS
300474,20260331,20260424,20260424,20260424,300474_fin.csv,REAL_FUNDAMENTALS
300475,20260331,20260424,20260424,20260424,300475_fin.csv,REAL_FUNDAMENTALS
300476,20260331,20260429,20260429,20260429,300476_fin.csv,REAL_FUNDAMENTALS
300477,20260331,20260429,20260429,20260429,300477_fin.csv,REAL_FUNDAMENTALS
300478,20260331,20260423,20260423,20260423,300478_fin.csv,REAL_FUNDAMENTALS
300479,20260331,20260424,20260424,20260424,300479_fin.csv,REAL_FUNDAMENTALS
300480,20260331,20260424,20260424,20260424,300480_fin.csv,REAL_FUNDAMENTALS
300481,20260331,20260424,20260424,20260424,300481_fin.csv,REAL_FUNDAMENTALS
300482,20260331,20260423,20260423,20260423,300482_fin.csv,REAL_FUNDAMENTALS
300483,20260331,20260424,20260424,20260424,300483_fin.csv,REAL_FUNDAMENTALS
300484,20260331,20260425,20260425,20260425,300484_fin.csv,REAL_FUNDAMENTALS
300485,20260331,20260429,20260429,20260429,300485_fin.csv,REAL_FUNDAMENTALS
300486,20260331,20260427,20260427,20260427,300486_fin.csv,REAL_FUNDAMENTALS
300487,20260331,20260423,20260423,20260423,300487_fin.csv,REAL_FUNDAMENTALS
300488,20260331,20260428,20260428,20260428,300488_fin.csv,REAL_FUNDAMENTALS
300489,20260331,20260424,20260424,20260424,300489_fin.csv,REAL_FUNDAMENTALS
300490,20260331,20260423,20260423,20260423,300490_fin.csv,REAL_FUNDAMENTALS
300491,20260331,20260424,20260424,20260424,300491_fin.csv,REAL_FUNDAMENTALS
300492,20260331,20260429,20260429,20260429,300492_fin.csv,REAL_FUNDAMENTALS
300493,20260331,20260428,20260428,20260428,300493_fin.csv,REAL_FUNDAMENTALS
300494,20260331,20260424,20260424,20260424,300494_fin.csv,REAL_FUNDAMENTALS
300496,20260331,20260427,20260427,20260427,300496_fin.csv,REAL_FUNDAMENTALS
300497,20260331,20260428,20260428,20260428,300497_fin.csv,REAL_FUNDAMENTALS
300498,20260331,20260422,20260422,20260422,300498_fin.csv,REAL_FUNDAMENTALS
300499,20260331,20260424,20260424,20260424,300499_fin.csv,REAL_FUNDAMENTALS
300500,20260331,20260429,20260429,20260429,300500_fin.csv,REAL_FUNDAMENTALS
300501,20260331,20260423,20260423,20260423,300501_fin.csv,REAL_FUNDAMENTALS
300502,20260331,20260424,20260424,20260424,300502_fin.csv,REAL_FUNDAMENTALS
300503,20260331,20260421,20260421,20260421,300503_fin.csv,REAL_FUNDAMENTALS
300504,20260331,20260427,20260427,20260427,300504_fin.csv,REAL_FUNDAMENTALS
300505,20260331,20260417,20260417,20260417,300505_fin.csv,REAL_FUNDAMENTALS
300506,20260331,20260428,20260428,20260428,300506_fin.csv,REAL_FUNDAMENTALS
300507,20260331,20260423,20260423,20260423,300507_fin.csv,REAL_FUNDAMENTALS
300508,20260331,20260422,20260422,20260422,300508_fin.csv,REAL_FUNDAMENTALS
300509,20260331,20260424,20260424,20260424,300509_fin.csv,REAL_FUNDAMENTALS
300510,20260331,20260428,20260428,20260428,300510_fin.csv,REAL_FUNDAMENTALS
300511,20260331,20260428,20260428,20260428,300511_fin.csv,REAL_FUNDAMENTALS
300512,20260331,20260429,20260429,20260429,300512_fin.csv,REAL_FUNDAMENTALS
300513,20260331,20260429,20260429,20260429,300513_fin.csv,REAL_FUNDAMENTALS
300514,20260331,20260423,20260423,20260423,300514_fin.csv,REAL_FUNDAMENTALS
300515,20260331,20260421,20260421,20260421,300515_fin.csv,REAL_FUNDAMENTALS
300516,20260331,20260424,20260424,20260424,300516_fin.csv,REAL_FUNDAMENTALS
300517,20260331,20260424,20260424,20260424,300517_fin.csv,REAL_FUNDAMENTALS
300518,20260331,20260428,20260428,20260428,300518_fin.csv,REAL_FUNDAMENTALS
300519,20260331,20260421,20260421,20260421,300519_fin.csv,REAL_FUNDAMENTALS
300520,20260331,20260428,20260428,20260428,300520_fin.csv,REAL_FUNDAMENTALS
300521,20260331,20260429,20260429,20260429,300521_fin.csv,REAL_FUNDAMENTALS
300522,20260331,20260415,20260415,20260415,300522_fin.csv,REAL_FUNDAMENTALS
300523,20260331,20260421,20260421,20260421,300523_fin.csv,REAL_FUNDAMENTALS
300525,20260331,20260429,20260429,20260429,300525_fin.csv,REAL_FUNDAMENTALS
300527,20260331,20260429,20260429,20260429,300527_fin.csv,REAL_FUNDAMENTALS
300528,20260331,20260423,20260423,20260423,300528_fin.csv,REAL_FUNDAMENTALS
300529,20260331,20260428,20260428,20260428,300529_fin.csv,REAL_FUNDAMENTALS
300530,20260331,20260429,20260429,20260429,300530_fin.csv,REAL_FUNDAMENTALS
300531,20260331,20260428,20260428,20260428,300531_fin.csv,REAL_FUNDAMENTALS
300532,20260331,20260423,20260423,20260423,300532_fin.csv,REAL_FUNDAMENTALS
300533,20260331,20260429,20260429,20260429,300533_fin.csv,REAL_FUNDAMENTALS
300534,20260331,20260430,20260430,20260430,300534_fin.csv,REAL_FUNDAMENTALS
300535,20260331,20260428,20260428,20260428,300535_fin.csv,REAL_FUNDAMENTALS
300536,20260331,20260429,20260429,20260429,300536_fin.csv,REAL_FUNDAMENTALS
300537,20260331,20260429,20260429,20260429,300537_fin.csv,REAL_FUNDAMENTALS
300538,20260331,20260428,20260428,20260428,300538_fin.csv,REAL_FUNDAMENTALS
300539,20260331,20260429,20260429,20260429,300539_fin.csv,REAL_FUNDAMENTALS
300540,20260331,20260429,20260429,20260429,300540_fin.csv,REAL_FUNDAMENTALS
300541,20260331,20260424,20260424,20260424,300541_fin.csv,REAL_FUNDAMENTALS
300542,20260331,20260429,20260429,20260429,300542_fin.csv,REAL_FUNDAMENTALS
300543,20260331,20260424,20260424,20260424,300543_fin.csv,REAL_FUNDAMENTALS
300545,20260331,20260423,20260423,20260423,300545_fin.csv,REAL_FUNDAMENTALS
300546,20260331,20260422,20260422,20260422,300546_fin.csv,REAL_FUNDAMENTALS
300547,20260331,20260429,20260429,20260429,300547_fin.csv,REAL_FUNDAMENTALS
300548,20260331,20260429,20260429,20260429,300548_fin.csv,REAL_FUNDAMENTALS
300549,20260331,20260423,20260423,20260423,300549_fin.csv,REAL_FUNDAMENTALS
300550,20260331,20260415,20260415,20260415,300550_fin.csv,REAL_FUNDAMENTALS
300551,20260331,20260428,20260428,20260428,300551_fin.csv,REAL_FUNDAMENTALS
300552,20260331,20260423,20260423,20260423,300552_fin.csv,REAL_FUNDAMENTALS
300553,20260331,20260422,20260422,20260422,300553_fin.csv,REAL_FUNDAMENTALS
300554,20260331,20260429,20260429,20260429,300554_fin.csv,REAL_FUNDAMENTALS
300555,20260331,20260429,20260429,20260429,300555_fin.csv,REAL_FUNDAMENTALS
300556,20260331,20260425,20260425,20260425,300556_fin.csv,REAL_FUNDAMENTALS
300557,20260331,20260417,20260417,20260417,300557_fin.csv,REAL_FUNDAMENTALS
300558,20260331,20260423,20260423,20260423,300558_fin.csv,REAL_FUNDAMENTALS
300559,20260331,20260423,20260423,20260423,300559_fin.csv,REAL_FUNDAMENTALS
300560,20260331,20260430,20260430,20260430,300560_fin.csv,REAL_FUNDAMENTALS
300561,20260331,20260424,20260424,20260424,300561_fin.csv,REAL_FUNDAMENTALS
300562,20260331,20260424,20260424,20260424,300562_fin.csv,REAL_FUNDAMENTALS
300563,20260331,20260424,20260424,20260424,300563_fin.csv,REAL_FUNDAMENTALS
300564,20260331,20260428,20260428,20260428,300564_fin.csv,REAL_FUNDAMENTALS
300565,20260331,20260424,20260424,20260424,300565_fin.csv,REAL_FUNDAMENTALS
300566,20260331,20260429,20260429,20260429,300566_fin.csv,REAL_FUNDAMENTALS
300567,20260331,20260428,20260428,20260428,300567_fin.csv,REAL_FUNDAMENTALS
300568,20260331,20260428,20260428,20260428,300568_fin.csv,REAL_FUNDAMENTALS
300569,20260331,20260423,20260423,20260423,300569_fin.csv,REAL_FUNDAMENTALS
300570,20260331,20260424,20260424,20260424,300570_fin.csv,REAL_FUNDAMENTALS
300571,20260331,20260429,20260429,20260429,300571_fin.csv,REAL_FUNDAMENTALS
300572,20260331,20260425,20260425,20260425,300572_fin.csv,REAL_FUNDAMENTALS
300573,20260331,20260428,20260428,20260428,300573_fin.csv,REAL_FUNDAMENTALS
300575,20260331,20260424,20260424,20260424,300575_fin.csv,REAL_FUNDAMENTALS
300576,20260331,20260428,20260428,20260428,300576_fin.csv,REAL_FUNDAMENTALS
300577,20260331,20260428,20260428,20260428,300577_fin.csv,REAL_FUNDAMENTALS
300578,20260331,20260422,20260422,20260422,300578_fin.csv,REAL_FUNDAMENTALS
300579,20260331,20260424,20260424,20260424,300579_fin.csv,REAL_FUNDAMENTALS
300581,20260331,20260429,20260429,20260429,300581_fin.csv,REAL_FUNDAMENTALS
300582,20260331,20260425,20260425,20260425,300582_fin.csv,REAL_FUNDAMENTALS
300583,20260331,20260428,20260428,20260428,300583_fin.csv,REAL_FUNDAMENTALS
300584,20260331,20260425,20260425,20260425,300584_fin.csv,REAL_FUNDAMENTALS
300585,20260331,20260428,20260428,20260428,300585_fin.csv,REAL_FUNDAMENTALS
300586,20260331,20260423,20260423,20260423,300586_fin.csv,REAL_FUNDAMENTALS
300587,20260331,20260428,20260428,20260428,300587_fin.csv,REAL_FUNDAMENTALS
300588,20260331,20260429,20260429,20260429,300588_fin.csv,REAL_FUNDAMENTALS
300589,20260331,20260424,20260424,20260424,300589_fin.csv,REAL_FUNDAMENTALS
300590,20260331,20260423,20260423,20260423,300590_fin.csv,REAL_FUNDAMENTALS
300591,20260331,20260425,20260425,20260425,300591_fin.csv,REAL_FUNDAMENTALS
300592,20260331,20260425,20260425,20260425,300592_fin.csv,REAL_FUNDAMENTALS
300593,20260331,20260421,20260421,20260421,300593_fin.csv,REAL_FUNDAMENTALS
300594,20260331,20260429,20260429,20260429,300594_fin.csv,REAL_FUNDAMENTALS
300595,20260331,20260423,20260423,20260423,300595_fin.csv,REAL_FUNDAMENTALS
300596,20260331,20260428,20260428,20260428,300596_fin.csv,REAL_FUNDAMENTALS
300597,20260331,20260429,20260429,20260429,300597_fin.csv,REAL_FUNDAMENTALS
300598,20260331,20260429,20260429,20260429,300598_fin.csv,REAL_FUNDAMENTALS
300599,20260331,20260425,20260425,20260425,300599_fin.csv,REAL_FUNDAMENTALS
300600,20260331,20260423,20260423,20260423,300600_fin.csv,REAL_FUNDAMENTALS
300601,20260331,20260422,20260422,20260422,300601_fin.csv,REAL_FUNDAMENTALS
300602,20260331,20260428,20260428,20260428,300602_fin.csv,REAL_FUNDAMENTALS
300603,20260331,20260423,20260423,20260423,300603_fin.csv,REAL_FUNDAMENTALS
300604,20260331,20260425,20260425,20260425,300604_fin.csv,REAL_FUNDAMENTALS
300605,20260331,20260429,20260429,20260429,300605_fin.csv,REAL_FUNDAMENTALS
300606,20260331,20260429,20260429,20260429,300606_fin.csv,REAL_FUNDAMENTALS
300607,20260331,20260423,20260423,20260423,300607_fin.csv,REAL_FUNDAMENTALS
300608,20260331,20260428,20260428,20260428,300608_fin.csv,REAL_FUNDAMENTALS
300609,20260331,20260425,20260425,20260425,300609_fin.csv,REAL_FUNDAMENTALS
300610,20260331,20260410,20260410,20260410,300610_fin.csv,REAL_FUNDAMENTALS
300611,20260331,20260428,20260428,20260428,300611_fin.csv,REAL_FUNDAMENTALS
300612,20260331,20260428,20260428,20260428,300612_fin.csv,REAL_FUNDAMENTALS
300613,20260331,20260424,20260424,20260424,300613_fin.csv,REAL_FUNDAMENTALS
300614,20260331,20260429,20260429,20260429,300614_fin.csv,REAL_FUNDAMENTALS
300615,20260331,20260424,20260424,20260424,300615_fin.csv,REAL_FUNDAMENTALS
300616,20260331,20260429,20260429,20260429,300616_fin.csv,REAL_FUNDAMENTALS
300617,20260331,20260429,20260429,20260429,300617_fin.csv,REAL_FUNDAMENTALS
300618,20260331,20260423,20260423,20260423,300618_fin.csv,REAL_FUNDAMENTALS
300619,20260331,20260424,20260424,20260424,300619_fin.csv,REAL_FUNDAMENTALS
300620,20260331,20260423,20260423,20260423,300620_fin.csv,REAL_FUNDAMENTALS
300621,20260331,20260424,20260424,20260424,300621_fin.csv,REAL_FUNDAMENTALS
300622,20260331,20260428,20260428,20260428,300622_fin.csv,REAL_FUNDAMENTALS
300623,20260331,20260422,20260422,20260422,300623_fin.csv,REAL_FUNDAMENTALS
300624,20260331,20260428,20260428,20260428,300624_fin.csv,REAL_FUNDAMENTALS
300625,20260331,20260425,20260425,20260425,300625_fin.csv,REAL_FUNDAMENTALS
300626,20260331,20260429,20260429,20260429,300626_fin.csv,REAL_FUNDAMENTALS
300627,20260331,20260424,20260424,20260424,300627_fin.csv,REAL_FUNDAMENTALS
300628,20260331,20260422,20260422,20260422,300628_fin.csv,REAL_FUNDAMENTALS
300629,20260331,20260428,20260428,20260428,300629_fin.csv,REAL_FUNDAMENTALS
300631,20260331,20260423,20260423,20260423,300631_fin.csv,REAL_FUNDAMENTALS
300632,20260331,20260424,20260424,20260424,300632_fin.csv,REAL_FUNDAMENTALS
300633,20260331,20260429,20260429,20260429,300633_fin.csv,REAL_FUNDAMENTALS
300634,20260331,20260429,20260429,20260429,300634_fin.csv,REAL_FUNDAMENTALS
300635,20260331,20260429,20260429,20260429,300635_fin.csv,REAL_FUNDAMENTALS
300636,20260331,20260429,20260429,20260429,300636_fin.csv,REAL_FUNDAMENTALS
300637,20260331,20260429,20260429,20260429,300637_fin.csv,REAL_FUNDAMENTALS
300638,20260331,20260424,20260424,20260424,300638_fin.csv,REAL_FUNDAMENTALS
300639,20260331,20260429,20260429,20260429,300639_fin.csv,REAL_FUNDAMENTALS
300640,20260331,20260427,20260427,20260427,300640_fin.csv,REAL_FUNDAMENTALS
300641,20260331,20260428,20260428,20260428,300641_fin.csv,REAL_FUNDAMENTALS
300642,20260331,20260425,20260425,20260425,300642_fin.csv,REAL_FUNDAMENTALS
300643,20260331,20260428,20260428,20260428,300643_fin.csv,REAL_FUNDAMENTALS
300644,20260331,20260428,20260428,20260428,300644_fin.csv,REAL_FUNDAMENTALS
300645,20260331,20260429,20260429,20260429,300645_fin.csv,REAL_FUNDAMENTALS
300647,20260331,20260429,20260429,20260429,300647_fin.csv,REAL_FUNDAMENTALS
300648,20260331,20260427,20260427,20260427,300648_fin.csv,REAL_FUNDAMENTALS
300649,20260331,20260425,20260425,20260425,300649_fin.csv,REAL_FUNDAMENTALS
300650,20260331,20260428,20260428,20260428,300650_fin.csv,REAL_FUNDAMENTALS
300651,20260331,20260428,20260428,20260428,300651_fin.csv,REAL_FUNDAMENTALS
300652,20260331,20260429,20260429,20260429,300652_fin.csv,REAL_FUNDAMENTALS
300653,20260331,20260418,20260418,20260418,300653_fin.csv,REAL_FUNDAMENTALS
300654,20260331,20260424,20260424,20260424,300654_fin.csv,REAL_FUNDAMENTALS
300655,20260331,20260428,20260428,20260428,300655_fin.csv,REAL_FUNDAMENTALS
300656,20260331,20260429,20260429,20260429,300656_fin.csv,REAL_FUNDAMENTALS
300657,20260331,20260429,20260429,20260429,300657_fin.csv,REAL_FUNDAMENTALS
300658,20260331,20260428,20260428,20260428,300658_fin.csv,REAL_FUNDAMENTALS
300659,20260331,20260424,20260424,20260424,300659_fin.csv,REAL_FUNDAMENTALS
300660,20260331,20260429,20260429,20260429,300660_fin.csv,REAL_FUNDAMENTALS
300661,20260331,20260427,20260427,20260427,300661_fin.csv,REAL_FUNDAMENTALS
300662,20260331,20260428,20260428,20260428,300662_fin.csv,REAL_FUNDAMENTALS
300663,20260331,20260427,20260427,20260427,300663_fin.csv,REAL_FUNDAMENTALS
300664,20260331,20260428,20260428,20260428,300664_fin.csv,REAL_FUNDAMENTALS
300665,20260331,20260428,20260428,20260428,300665_fin.csv,REAL_FUNDAMENTALS
300666,20260331,20260429,20260429,20260429,300666_fin.csv,REAL_FUNDAMENTALS
300667,20260331,20260422,20260422,20260422,300667_fin.csv,REAL_FUNDAMENTALS
300668,20260331,20260421,20260421,20260421,300668_fin.csv,REAL_FUNDAMENTALS
300669,20260331,20260428,20260428,20260428,300669_fin.csv,REAL_FUNDAMENTALS
300670,20260331,20260427,20260427,20260427,300670_fin.csv,REAL_FUNDAMENTALS
300671,20260331,20260427,20260427,20260427,300671_fin.csv,REAL_FUNDAMENTALS
300672,20260331,20260429,20260429,20260429,300672_fin.csv,REAL_FUNDAMENTALS
300673,20260331,20260423,20260423,20260423,300673_fin.csv,REAL_FUNDAMENTALS
300674,20260331,20260429,20260429,20260429,300674_fin.csv,REAL_FUNDAMENTALS
300675,20260331,20260424,20260424,20260424,300675_fin.csv,REAL_FUNDAMENTALS
300676,20260331,20260425,20260425,20260425,300676_fin.csv,REAL_FUNDAMENTALS
300677,20260331,20260424,20260424,20260424,300677_fin.csv,REAL_FUNDAMENTALS
300678,20260331,20260424,20260424,20260424,300678_fin.csv,REAL_FUNDAMENTALS
300679,20260331,20260424,20260424,20260424,300679_fin.csv,REAL_FUNDAMENTALS
300680,20260331,20260428,20260428,20260428,300680_fin.csv,REAL_FUNDAMENTALS
300681,20260331,20260415,20260415,20260415,300681_fin.csv,REAL_FUNDAMENTALS
300682,20260331,20260424,20260424,20260424,300682_fin.csv,REAL_FUNDAMENTALS
300683,20260331,20260424,20260424,20260424,300683_fin.csv,REAL_FUNDAMENTALS
300684,20260331,20260429,20260429,20260429,300684_fin.csv,REAL_FUNDAMENTALS
300685,20260331,20260428,20260428,20260428,300685_fin.csv,REAL_FUNDAMENTALS
300686,20260331,20260429,20260429,20260429,300686_fin.csv,REAL_FUNDAMENTALS
300687,20260331,20260429,20260429,20260429,300687_fin.csv,REAL_FUNDAMENTALS
300688,20260331,20260424,20260424,20260424,300688_fin.csv,REAL_FUNDAMENTALS
300689,20260331,20260424,20260424,20260424,300689_fin.csv,REAL_FUNDAMENTALS
300690,20260331,20260421,20260421,20260421,300690_fin.csv,REAL_FUNDAMENTALS
300691,20260331,20260423,20260423,20260423,300691_fin.csv,REAL_FUNDAMENTALS
300692,20260331,20260427,20260427,20260427,300692_fin.csv,REAL_FUNDAMENTALS
300693,20260331,20260424,20260424,20260424,300693_fin.csv,REAL_FUNDAMENTALS
300694,20260331,20260422,20260422,20260422,300694_fin.csv,REAL_FUNDAMENTALS
300695,20260331,20260424,20260424,20260424,300695_fin.csv,REAL_FUNDAMENTALS
300696,20260331,20260425,20260425,20260425,300696_fin.csv,REAL_FUNDAMENTALS
300697,20260331,20260423,20260423,20260423,300697_fin.csv,REAL_FUNDAMENTALS
300698,20260331,20260422,20260422,20260422,300698_fin.csv,REAL_FUNDAMENTALS
300699,20260331,20260424,20260424,20260424,300699_fin.csv,REAL_FUNDAMENTALS
300700,20260331,20260425,20260425,20260425,300700_fin.csv,REAL_FUNDAMENTALS
300701,20260331,20260429,20260429,20260429,300701_fin.csv,REAL_FUNDAMENTALS
300702,20260331,20260424,20260424,20260424,300702_fin.csv,REAL_FUNDAMENTALS
300703,20260331,20260417,20260417,20260417,300703_fin.csv,REAL_FUNDAMENTALS
300705,20260331,20260425,20260425,20260425,300705_fin.csv,REAL_FUNDAMENTALS
300706,20260331,20260428,20260428,20260428,300706_fin.csv,REAL_FUNDAMENTALS
300707,20260331,20260424,20260424,20260424,300707_fin.csv,REAL_FUNDAMENTALS
300708,20260331,20260424,20260424,20260424,300708_fin.csv,REAL_FUNDAMENTALS
300709,20260331,20260427,20260427,20260427,300709_fin.csv,REAL_FUNDAMENTALS
300710,20260331,20260422,20260422,20260422,300710_fin.csv,REAL_FUNDAMENTALS
300711,20260331,20260429,20260429,20260429,300711_fin.csv,REAL_FUNDAMENTALS
300712,20260331,20260428,20260428,20260428,300712_fin.csv,REAL_FUNDAMENTALS
300713,20260331,20260428,20260428,20260428,300713_fin.csv,REAL_FUNDAMENTALS
300715,20260331,20260429,20260429,20260429,300715_fin.csv,REAL_FUNDAMENTALS
300716,20260331,20260430,20260430,20260430,300716_fin.csv,REAL_FUNDAMENTALS
300717,20260331,20260425,20260425,20260425,300717_fin.csv,REAL_FUNDAMENTALS
300718,20260331,20260428,20260428,20260428,300718_fin.csv,REAL_FUNDAMENTALS
300719,20260331,20260429,20260429,20260429,300719_fin.csv,REAL_FUNDAMENTALS
300720,20260331,20260429,20260429,20260429,300720_fin.csv,REAL_FUNDAMENTALS
300721,20260331,20260428,20260428,20260428,300721_fin.csv,REAL_FUNDAMENTALS
300722,20260331,20260424,20260424,20260424,300722_fin.csv,REAL_FUNDAMENTALS
300723,20260331,20260424,20260424,20260424,300723_fin.csv,REAL_FUNDAMENTALS
300724,20260331,20260427,20260427,20260427,300724_fin.csv,REAL_FUNDAMENTALS
300725,20260331,20260422,20260422,20260422,300725_fin.csv,REAL_FUNDAMENTALS
300726,20260331,20260424,20260424,20260424,300726_fin.csv,REAL_FUNDAMENTALS
300727,20260331,20260428,20260428,20260428,300727_fin.csv,REAL_FUNDAMENTALS
300729,20260331,20260427,20260427,20260427,300729_fin.csv,REAL_FUNDAMENTALS
300730,20260331,20260427,20260427,20260427,300730_fin.csv,REAL_FUNDAMENTALS
300731,20260331,20260429,20260429,20260429,300731_fin.csv,REAL_FUNDAMENTALS
300732,20260331,20260423,20260423,20260423,300732_fin.csv,REAL_FUNDAMENTALS
300733,20260331,20260423,20260423,20260423,300733_fin.csv,REAL_FUNDAMENTALS
300735,20260331,20260428,20260428,20260428,300735_fin.csv,REAL_FUNDAMENTALS
300736,20260331,20260425,20260425,20260425,300736_fin.csv,REAL_FUNDAMENTALS
300737,20260331,20260424,20260424,20260424,300737_fin.csv,REAL_FUNDAMENTALS
300738,20260331,20260429,20260429,20260429,300738_fin.csv,REAL_FUNDAMENTALS
300739,20260331,20260425,20260425,20260425,300739_fin.csv,REAL_FUNDAMENTALS
300740,20260331,20260424,20260424,20260424,300740_fin.csv,REAL_FUNDAMENTALS
300741,20260331,20260429,20260429,20260429,300741_fin.csv,REAL_FUNDAMENTALS
300743,20260331,20260421,20260421,20260421,300743_fin.csv,REAL_FUNDAMENTALS
300745,20260331,20260429,20260429,20260429,300745_fin.csv,REAL_FUNDAMENTALS
300746,20260331,20260428,20260428,20260428,300746_fin.csv,REAL_FUNDAMENTALS
300747,20260331,20260423,20260423,20260423,300747_fin.csv,REAL_FUNDAMENTALS
300748,20260331,20260429,20260429,20260429,300748_fin.csv,REAL_FUNDAMENTALS
300749,20260331,20260427,20260427,20260427,300749_fin.csv,REAL_FUNDAMENTALS
300750,20260331,20260416,20260416,20260416,300750_fin.csv,REAL_FUNDAMENTALS
300751,20260331,20260428,20260428,20260428,300751_fin.csv,REAL_FUNDAMENTALS
300752,20260331,20260423,20260423,20260423,300752_fin.csv,REAL_FUNDAMENTALS
300753,20260331,20260425,20260425,20260425,300753_fin.csv,REAL_FUNDAMENTALS
300755,20260331,20260429,20260429,20260429,300755_fin.csv,REAL_FUNDAMENTALS
300756,20260331,20260424,20260424,20260424,300756_fin.csv,REAL_FUNDAMENTALS
300757,20260331,20260429,20260429,20260429,300757_fin.csv,REAL_FUNDAMENTALS
300758,20260331,20260424,20260424,20260424,300758_fin.csv,REAL_FUNDAMENTALS
300759,20260331,20260429,20260429,20260429,300759_fin.csv,REAL_FUNDAMENTALS
300760,20260331,20260429,20260429,20260429,300760_fin.csv,REAL_FUNDAMENTALS
300761,20260331,20260422,20260422,20260422,300761_fin.csv,REAL_FUNDAMENTALS
300762,20260331,20260428,20260428,20260428,300762_fin.csv,REAL_FUNDAMENTALS
300763,20260331,20260427,20260427,20260427,300763_fin.csv,REAL_FUNDAMENTALS
300765,20260331,20260428,20260428,20260428,300765_fin.csv,REAL_FUNDAMENTALS
300766,20260331,20260429,20260429,20260429,300766_fin.csv,REAL_FUNDAMENTALS
300767,20260331,20260423,20260423,20260423,300767_fin.csv,REAL_FUNDAMENTALS
300768,20260331,20260414,20260414,20260414,300768_fin.csv,REAL_FUNDAMENTALS
300769,20260331,20260429,20260429,20260429,300769_fin.csv,REAL_FUNDAMENTALS
300770,20260331,20260429,20260429,20260429,300770_fin.csv,REAL_FUNDAMENTALS
300771,20260331,20260429,20260429,20260429,300771_fin.csv,REAL_FUNDAMENTALS
300772,20260331,20260425,20260425,20260425,300772_fin.csv,REAL_FUNDAMENTALS
300773,20260331,20260417,20260417,20260417,300773_fin.csv,REAL_FUNDAMENTALS
300774,20260331,20260429,20260429,20260429,300774_fin.csv,REAL_FUNDAMENTALS
300775,20260331,20260428,20260428,20260428,300775_fin.csv,REAL_FUNDAMENTALS
300776,20260331,20260428,20260428,20260428,300776_fin.csv,REAL_FUNDAMENTALS
300777,20260331,20260423,20260423,20260423,300777_fin.csv,REAL_FUNDAMENTALS
300778,20260331,20260429,20260429,20260429,300778_fin.csv,REAL_FUNDAMENTALS
300779,20260331,20260429,20260429,20260429,300779_fin.csv,REAL_FUNDAMENTALS
300780,20260331,20260424,20260424,20260424,300780_fin.csv,REAL_FUNDAMENTALS
300781,20260331,20260429,20260429,20260429,300781_fin.csv,REAL_FUNDAMENTALS
300782,20260331,20260428,20260428,20260428,300782_fin.csv,REAL_FUNDAMENTALS
300783,20260331,20260429,20260429,20260429,300783_fin.csv,REAL_FUNDAMENTALS
300784,20260331,20260424,20260424,20260424,300784_fin.csv,REAL_FUNDAMENTALS
300785,20260331,20260424,20260424,20260424,300785_fin.csv,REAL_FUNDAMENTALS
300786,20260331,20260427,20260427,20260427,300786_fin.csv,REAL_FUNDAMENTALS
300787,20260331,20260424,20260424,20260424,300787_fin.csv,REAL_FUNDAMENTALS
300788,20260331,20260428,20260428,20260428,300788_fin.csv,REAL_FUNDAMENTALS
300789,20260331,20260429,20260429,20260429,300789_fin.csv,REAL_FUNDAMENTALS
300790,20260331,20260428,20260428,20260428,300790_fin.csv,REAL_FUNDAMENTALS
300791,20260331,20260424,20260424,20260424,300791_fin.csv,REAL_FUNDAMENTALS
300792,20260331,20260427,20260427,20260427,300792_fin.csv,REAL_FUNDAMENTALS
300793,20260331,20260429,20260429,20260429,300793_fin.csv,REAL_FUNDAMENTALS
300795,20260331,20260427,20260427,20260427,300795_fin.csv,REAL_FUNDAMENTALS
300796,20260331,20260422,20260422,20260422,300796_fin.csv,REAL_FUNDAMENTALS
300797,20260331,20260427,20260427,20260427,300797_fin.csv,REAL_FUNDAMENTALS
300798,20260331,20260427,20260427,20260427,300798_fin.csv,REAL_FUNDAMENTALS
300800,20260331,20260423,20260423,20260423,300800_fin.csv,REAL_FUNDAMENTALS
300801,20260331,20260421,20260421,20260421,300801_fin.csv,REAL_FUNDAMENTALS
300802,20260331,20260425,20260425,20260425,300802_fin.csv,REAL_FUNDAMENTALS
300803,20260331,20260425,20260425,20260425,300803_fin.csv,REAL_FUNDAMENTALS
300804,20260331,20260424,20260424,20260424,300804_fin.csv,REAL_FUNDAMENTALS
300805,20260331,20260428,20260428,20260428,300805_fin.csv,REAL_FUNDAMENTALS
300806,20260331,20260427,20260427,20260427,300806_fin.csv,REAL_FUNDAMENTALS
300807,20260331,20260428,20260428,20260428,300807_fin.csv,REAL_FUNDAMENTALS
300808,20260331,20260428,20260428,20260428,300808_fin.csv,REAL_FUNDAMENTALS
300809,20260331,20260425,20260425,20260425,300809_fin.csv,REAL_FUNDAMENTALS
300810,20260331,20260428,20260428,20260428,300810_fin.csv,REAL_FUNDAMENTALS
300811,20260331,20260423,20260423,20260423,300811_fin.csv,REAL_FUNDAMENTALS
300812,20260331,20260428,20260428,20260428,300812_fin.csv,REAL_FUNDAMENTALS
300813,20260331,20260430,20260430,20260430,300813_fin.csv,REAL_FUNDAMENTALS
300814,20260331,20260429,20260429,20260429,300814_fin.csv,REAL_FUNDAMENTALS
300815,20260331,20260429,20260429,20260429,300815_fin.csv,REAL_FUNDAMENTALS
300816,20260331,20260425,20260425,20260425,300816_fin.csv,REAL_FUNDAMENTALS
300817,20260331,20260427,20260427,20260427,300817_fin.csv,REAL_FUNDAMENTALS
300818,20260331,20260424,20260424,20260424,300818_fin.csv,REAL_FUNDAMENTALS
300819,20260331,20260427,20260427,20260427,300819_fin.csv,REAL_FUNDAMENTALS
300820,20260331,20260428,20260428,20260428,300820_fin.csv,REAL_FUNDAMENTALS
300821,20260331,20260423,20260423,20260423,300821_fin.csv,REAL_FUNDAMENTALS
300822,20260331,20260427,20260427,20260427,300822_fin.csv,REAL_FUNDAMENTALS
300823,20260331,20260428,20260428,20260428,300823_fin.csv,REAL_FUNDAMENTALS
300824,20260331,20260423,20260423,20260423,300824_fin.csv,REAL_FUNDAMENTALS
300825,20260331,20260429,20260429,20260429,300825_fin.csv,REAL_FUNDAMENTALS
300826,20260331,20260424,20260424,20260424,300826_fin.csv,REAL_FUNDAMENTALS
300827,20260331,20260424,20260424,20260424,300827_fin.csv,REAL_FUNDAMENTALS
300828,20260331,20260424,20260424,20260424,300828_fin.csv,REAL_FUNDAMENTALS
300829,20260331,20260428,20260428,20260428,300829_fin.csv,REAL_FUNDAMENTALS
300830,20260331,20260429,20260429,20260429,300830_fin.csv,REAL_FUNDAMENTALS
300831,20260331,20260425,20260425,20260425,300831_fin.csv,REAL_FUNDAMENTALS
300832,20260331,20260428,20260428,20260428,300832_fin.csv,REAL_FUNDAMENTALS
300833,20260331,20260428,20260428,20260428,300833_fin.csv,REAL_FUNDAMENTALS
300834,20260331,20260429,20260429,20260429,300834_fin.csv,REAL_FUNDAMENTALS
300835,20260331,20260427,20260427,20260427,300835_fin.csv,REAL_FUNDAMENTALS
300836,20260331,20260424,20260424,20260424,300836_fin.csv,REAL_FUNDAMENTALS
300837,20260331,20260425,20260425,20260425,300837_fin.csv,REAL_FUNDAMENTALS
300838,20260331,20260429,20260429,20260429,300838_fin.csv,REAL_FUNDAMENTALS
300839,20260331,20260423,20260423,20260423,300839_fin.csv,REAL_FUNDAMENTALS
300840,20260331,20260427,20260427,20260427,300840_fin.csv,REAL_FUNDAMENTALS
300841,20260331,20260421,20260421,20260421,300841_fin.csv,REAL_FUNDAMENTALS
300842,20260331,20260429,20260429,20260429,300842_fin.csv,REAL_FUNDAMENTALS
300843,20260331,20260427,20260427,20260427,300843_fin.csv,REAL_FUNDAMENTALS
300844,20260331,20260429,20260429,20260429,300844_fin.csv,REAL_FUNDAMENTALS
300845,20260331,20260424,20260424,20260424,300845_fin.csv,REAL_FUNDAMENTALS
300846,20260331,20260427,20260427,20260427,300846_fin.csv,REAL_FUNDAMENTALS
300847,20260331,20260423,20260423,20260423,300847_fin.csv,REAL_FUNDAMENTALS
300848,20260331,20260424,20260424,20260424,300848_fin.csv,REAL_FUNDAMENTALS
300849,20260331,20260425,20260425,20260425,300849_fin.csv,REAL_FUNDAMENTALS
300850,20260331,20260429,20260429,20260429,300850_fin.csv,REAL_FUNDAMENTALS
300851,20260331,20260427,20260427,20260427,300851_fin.csv,REAL_FUNDAMENTALS
300852,20260331,20260423,20260423,20260423,300852_fin.csv,REAL_FUNDAMENTALS
300853,20260331,20260429,20260429,20260429,300853_fin.csv,REAL_FUNDAMENTALS
300854,20260331,20260428,20260428,20260428,300854_fin.csv,REAL_FUNDAMENTALS
300855,20260331,20260418,20260418,20260418,300855_fin.csv,REAL_FUNDAMENTALS
300856,20260331,20260423,20260423,20260423,300856_fin.csv,REAL_FUNDAMENTALS
300857,20260331,20260428,20260428,20260428,300857_fin.csv,REAL_FUNDAMENTALS
300858,20260331,20260422,20260422,20260422,300858_fin.csv,REAL_FUNDAMENTALS
300859,20260331,20260428,20260428,20260428,300859_fin.csv,REAL_FUNDAMENTALS
300860,20260331,20260425,20260425,20260425,300860_fin.csv,REAL_FUNDAMENTALS
300861,20260331,20260429,20260429,20260429,300861_fin.csv,REAL_FUNDAMENTALS
300862,20260331,20260428,20260428,20260428,300862_fin.csv,REAL_FUNDAMENTALS
300863,20260331,20260425,20260425,20260425,300863_fin.csv,REAL_FUNDAMENTALS
300864,20260331,20260428,20260428,20260428,300864_fin.csv,REAL_FUNDAMENTALS
300865,20260331,20260423,20260423,20260423,300865_fin.csv,REAL_FUNDAMENTALS
300866,20260331,20260430,20260430,20260430,300866_fin.csv,REAL_FUNDAMENTALS
300867,20260331,20260424,20260424,20260424,300867_fin.csv,REAL_FUNDAMENTALS
300868,20260331,20260425,20260425,20260425,300868_fin.csv,REAL_FUNDAMENTALS
300869,20260331,20260428,20260428,20260428,300869_fin.csv,REAL_FUNDAMENTALS
300870,20260331,20260427,20260427,20260427,300870_fin.csv,REAL_FUNDAMENTALS
300871,20260331,20260428,20260428,20260428,300871_fin.csv,REAL_FUNDAMENTALS
300872,20260331,20260429,20260429,20260429,300872_fin.csv,REAL_FUNDAMENTALS
300873,20260331,20260423,20260423,20260423,300873_fin.csv,REAL_FUNDAMENTALS
300875,20260331,20260428,20260428,20260428,300875_fin.csv,REAL_FUNDAMENTALS
300876,20260331,20260423,20260423,20260423,300876_fin.csv,REAL_FUNDAMENTALS
300877,20260331,20260424,20260424,20260424,300877_fin.csv,REAL_FUNDAMENTALS
300878,20260331,20260429,20260429,20260429,300878_fin.csv,REAL_FUNDAMENTALS
300879,20260331,20260428,20260428,20260428,300879_fin.csv,REAL_FUNDAMENTALS
300880,20260331,20260421,20260421,20260421,300880_fin.csv,REAL_FUNDAMENTALS
300881,20260331,20260429,20260429,20260429,300881_fin.csv,REAL_FUNDAMENTALS
300882,20260331,20260428,20260428,20260428,300882_fin.csv,REAL_FUNDAMENTALS
300883,20260331,20260422,20260422,20260422,300883_fin.csv,REAL_FUNDAMENTALS
300884,20260331,20260428,20260428,20260428,300884_fin.csv,REAL_FUNDAMENTALS
300885,20260331,20260429,20260429,20260429,300885_fin.csv,REAL_FUNDAMENTALS
300886,20260331,20260424,20260424,20260424,300886_fin.csv,REAL_FUNDAMENTALS
300887,20260331,20260425,20260425,20260425,300887_fin.csv,REAL_FUNDAMENTALS
300888,20260331,20260422,20260422,20260422,300888_fin.csv,REAL_FUNDAMENTALS
300889,20260331,20260424,20260424,20260424,300889_fin.csv,REAL_FUNDAMENTALS
300890,20260331,20260422,20260422,20260422,300890_fin.csv,REAL_FUNDAMENTALS
300891,20260331,20260429,20260429,20260429,300891_fin.csv,REAL_FUNDAMENTALS
300892,20260331,20260429,20260429,20260429,300892_fin.csv,REAL_FUNDAMENTALS
300893,20260331,20260424,20260424,20260424,300893_fin.csv,REAL_FUNDAMENTALS
300894,20260331,20260428,20260428,20260428,300894_fin.csv,REAL_FUNDAMENTALS
300895,20260331,20260423,20260423,20260423,300895_fin.csv,REAL_FUNDAMENTALS
300896,20260331,20260423,20260423,20260423,300896_fin.csv,REAL_FUNDAMENTALS
300897,20260331,20260424,20260424,20260424,300897_fin.csv,REAL_FUNDAMENTALS
300898,20260331,20260428,20260428,20260428,300898_fin.csv,REAL_FUNDAMENTALS
300899,20260331,20260423,20260423,20260423,300899_fin.csv,REAL_FUNDAMENTALS
300900,20260331,20260429,20260429,20260429,300900_fin.csv,REAL_FUNDAMENTALS
300901,20260331,20260428,20260428,20260428,300901_fin.csv,REAL_FUNDAMENTALS
300902,20260331,20260428,20260428,20260428,300902_fin.csv,REAL_FUNDAMENTALS
300903,20260331,20260425,20260425,20260425,300903_fin.csv,REAL_FUNDAMENTALS
300904,20260331,20260429,20260429,20260429,300904_fin.csv,REAL_FUNDAMENTALS
300905,20260331,20260427,20260427,20260427,300905_fin.csv,REAL_FUNDAMENTALS
300906,20260331,20260423,20260423,20260423,300906_fin.csv,REAL_FUNDAMENTALS
300907,20260331,20260428,20260428,20260428,300907_fin.csv,REAL_FUNDAMENTALS
300908,20260331,20260421,20260421,20260421,300908_fin.csv,REAL_FUNDAMENTALS
300909,20260331,20260429,20260429,20260429,300909_fin.csv,REAL_FUNDAMENTALS
300910,20260331,20260423,20260423,20260423,300910_fin.csv,REAL_FUNDAMENTALS
300911,20260331,20260429,20260429,20260429,300911_fin.csv,REAL_FUNDAMENTALS
300912,20260331,20260427,20260427,20260427,300912_fin.csv,REAL_FUNDAMENTALS
300913,20260331,20260428,20260428,20260428,300913_fin.csv,REAL_FUNDAMENTALS
300915,20260331,20260429,20260429,20260429,300915_fin.csv,REAL_FUNDAMENTALS
300916,20260331,20260424,20260424,20260424,300916_fin.csv,REAL_FUNDAMENTALS
300917,20260331,20260428,20260428,20260428,300917_fin.csv,REAL_FUNDAMENTALS
300918,20260331,20260424,20260424,20260424,300918_fin.csv,REAL_FUNDAMENTALS
300919,20260331,20260429,20260429,20260429,300919_fin.csv,REAL_FUNDAMENTALS
300920,20260331,20260424,20260424,20260424,300920_fin.csv,REAL_FUNDAMENTALS
300921,20260331,20260428,20260428,20260428,300921_fin.csv,REAL_FUNDAMENTALS
300922,20260331,20260424,20260424,20260424,300922_fin.csv,REAL_FUNDAMENTALS
300923,20260331,20260429,20260429,20260429,300923_fin.csv,REAL_FUNDAMENTALS
300925,20260331,20260424,20260424,20260424,300925_fin.csv,REAL_FUNDAMENTALS
300926,20260331,20260428,20260428,20260428,300926_fin.csv,REAL_FUNDAMENTALS
300927,20260331,20260421,20260421,20260421,300927_fin.csv,REAL_FUNDAMENTALS
300928,20260331,20260424,20260424,20260424,300928_fin.csv,REAL_FUNDAMENTALS
300929,20260331,20260424,20260424,20260424,300929_fin.csv,REAL_FUNDAMENTALS
300930,20260331,20260427,20260427,20260427,300930_fin.csv,REAL_FUNDAMENTALS
300931,20260331,20260428,20260428,20260428,300931_fin.csv,REAL_FUNDAMENTALS
300932,20260331,20260424,20260424,20260424,300932_fin.csv,REAL_FUNDAMENTALS
300933,20260331,20260429,20260429,20260429,300933_fin.csv,REAL_FUNDAMENTALS
300935,20260331,20260424,20260424,20260424,300935_fin.csv,REAL_FUNDAMENTALS
300936,20260331,20260423,20260423,20260423,300936_fin.csv,REAL_FUNDAMENTALS
300937,20260331,20260429,20260429,20260429,300937_fin.csv,REAL_FUNDAMENTALS
300938,20260331,20260423,20260423,20260423,300938_fin.csv,REAL_FUNDAMENTALS
300939,20260331,20260425,20260425,20260425,300939_fin.csv,REAL_FUNDAMENTALS
300940,20260331,20260429,20260429,20260429,300940_fin.csv,REAL_FUNDAMENTALS
300941,20260331,20260427,20260427,20260427,300941_fin.csv,REAL_FUNDAMENTALS
300942,20260331,20260427,20260427,20260427,300942_fin.csv,REAL_FUNDAMENTALS
300943,20260331,20260424,20260424,20260424,300943_fin.csv,REAL_FUNDAMENTALS
300945,20260331,20260428,20260428,20260428,300945_fin.csv,REAL_FUNDAMENTALS
300946,20260331,20260425,20260425,20260425,300946_fin.csv,REAL_FUNDAMENTALS
300947,20260331,20260429,20260429,20260429,300947_fin.csv,REAL_FUNDAMENTALS
300948,20260331,20260429,20260429,20260429,300948_fin.csv,REAL_FUNDAMENTALS
300949,20260331,20260429,20260429,20260429,300949_fin.csv,REAL_FUNDAMENTALS
300950,20260331,20260427,20260427,20260427,300950_fin.csv,REAL_FUNDAMENTALS
300951,20260331,20260423,20260423,20260423,300951_fin.csv,REAL_FUNDAMENTALS
300952,20260331,20260427,20260427,20260427,300952_fin.csv,REAL_FUNDAMENTALS
300953,20260331,20260429,20260429,20260429,300953_fin.csv,REAL_FUNDAMENTALS
300955,20260331,20260424,20260424,20260424,300955_fin.csv,REAL_FUNDAMENTALS
300956,20260331,20260423,20260423,20260423,300956_fin.csv,REAL_FUNDAMENTALS
300957,20260331,20260427,20260427,20260427,300957_fin.csv,REAL_FUNDAMENTALS
300958,20260331,20260425,20260425,20260425,300958_fin.csv,REAL_FUNDAMENTALS
300959,20260331,20260429,20260429,20260429,300959_fin.csv,REAL_FUNDAMENTALS
300960,20260331,20260425,20260425,20260425,300960_fin.csv,REAL_FUNDAMENTALS
300961,20260331,20260429,20260429,20260429,300961_fin.csv,REAL_FUNDAMENTALS
300962,20260331,20260429,20260429,20260429,300962_fin.csv,REAL_FUNDAMENTALS
300963,20260331,20260427,20260427,20260427,300963_fin.csv,REAL_FUNDAMENTALS
300964,20260331,20260429,20260429,20260429,300964_fin.csv,REAL_FUNDAMENTALS
300965,20260331,20260429,20260429,20260429,300965_fin.csv,REAL_FUNDAMENTALS
300966,20260331,20260429,20260429,20260429,300966_fin.csv,REAL_FUNDAMENTALS
300967,20260331,20260416,20260416,20260416,300967_fin.csv,REAL_FUNDAMENTALS
300968,20260331,20260425,20260425,20260425,300968_fin.csv,REAL_FUNDAMENTALS
300969,20260331,20260429,20260429,20260429,300969_fin.csv,REAL_FUNDAMENTALS
300970,20260331,20260422,20260422,20260422,300970_fin.csv,REAL_FUNDAMENTALS
300971,20260331,20260423,20260423,20260423,300971_fin.csv,REAL_FUNDAMENTALS
300972,20260331,20260429,20260429,20260429,300972_fin.csv,REAL_FUNDAMENTALS
300973,20260331,20260428,20260428,20260428,300973_fin.csv,REAL_FUNDAMENTALS
300975,20260331,20260424,20260424,20260424,300975_fin.csv,REAL_FUNDAMENTALS
300976,20260331,20260424,20260424,20260424,300976_fin.csv,REAL_FUNDAMENTALS
300977,20260331,20260415,20260415,20260415,300977_fin.csv,REAL_FUNDAMENTALS
300978,20260331,20260428,20260428,20260428,300978_fin.csv,REAL_FUNDAMENTALS
300979,20260331,20260429,20260429,20260429,300979_fin.csv,REAL_FUNDAMENTALS
300980,20260331,20260429,20260429,20260429,300980_fin.csv,REAL_FUNDAMENTALS
300981,20260331,20260427,20260427,20260427,300981_fin.csv,REAL_FUNDAMENTALS
300982,20260331,20260429,20260429,20260429,300982_fin.csv,REAL_FUNDAMENTALS
300983,20260331,20260428,20260428,20260428,300983_fin.csv,REAL_FUNDAMENTALS
300984,20260331,20260429,20260429,20260429,300984_fin.csv,REAL_FUNDAMENTALS
300985,20260331,20260429,20260429,20260429,300985_fin.csv,REAL_FUNDAMENTALS
300986,20260331,20260425,20260425,20260425,300986_fin.csv,REAL_FUNDAMENTALS
300987,20260331,20260424,20260424,20260424,300987_fin.csv,REAL_FUNDAMENTALS
300988,20260331,20260428,20260428,20260428,300988_fin.csv,REAL_FUNDAMENTALS
300989,20260331,20260425,20260425,20260425,300989_fin.csv,REAL_FUNDAMENTALS
300990,20260331,20260424,20260424,20260424,300990_fin.csv,REAL_FUNDAMENTALS
300991,20260331,20260428,20260428,20260428,300991_fin.csv,REAL_FUNDAMENTALS
300992,20260331,20260429,20260429,20260429,300992_fin.csv,REAL_FUNDAMENTALS
300993,20260331,20260425,20260425,20260425,300993_fin.csv,REAL_FUNDAMENTALS
300994,20260331,20260429,20260429,20260429,300994_fin.csv,REAL_FUNDAMENTALS
300995,20260331,20260424,20260424,20260424,300995_fin.csv,REAL_FUNDAMENTALS
300996,20260331,20260416,20260416,20260416,300996_fin.csv,REAL_FUNDAMENTALS
300997,20260331,20260424,20260424,20260424,300997_fin.csv,REAL_FUNDAMENTALS
300998,20260331,20260429,20260429,20260429,300998_fin.csv,REAL_FUNDAMENTALS
300999,20260331,20260430,20260430,20260430,300999_fin.csv,REAL_FUNDAMENTALS
301000,20260331,20260428,20260428,20260428,301000_fin.csv,REAL_FUNDAMENTALS
301001,20260331,20260428,20260428,20260428,301001_fin.csv,REAL_FUNDAMENTALS
301002,20260331,20260425,20260425,20260425,301002_fin.csv,REAL_FUNDAMENTALS
301003,20260331,20260423,20260423,20260423,301003_fin.csv,REAL_FUNDAMENTALS
301004,20260331,20260429,20260429,20260429,301004_fin.csv,REAL_FUNDAMENTALS
301005,20260331,20260425,20260425,20260425,301005_fin.csv,REAL_FUNDAMENTALS
301006,20260331,20260429,20260429,20260429,301006_fin.csv,REAL_FUNDAMENTALS
301007,20260331,20260429,20260429,20260429,301007_fin.csv,REAL_FUNDAMENTALS
301008,20260331,20260423,20260423,20260423,301008_fin.csv,REAL_FUNDAMENTALS
301009,20260331,20260427,20260427,20260427,301009_fin.csv,REAL_FUNDAMENTALS
301010,20260331,20260427,20260427,20260427,301010_fin.csv,REAL_FUNDAMENTALS
301011,20260331,20260428,20260428,20260428,301011_fin.csv,REAL_FUNDAMENTALS
301012,20260331,20260428,20260428,20260428,301012_fin.csv,REAL_FUNDAMENTALS
301013,20260331,20260427,20260427,20260427,301013_fin.csv,REAL_FUNDAMENTALS
301015,20260331,20260429,20260429,20260429,301015_fin.csv,REAL_FUNDAMENTALS
301016,20260331,20260429,20260429,20260429,301016_fin.csv,REAL_FUNDAMENTALS
301017,20260331,20260429,20260429,20260429,301017_fin.csv,REAL_FUNDAMENTALS
301018,20260331,20260429,20260429,20260429,301018_fin.csv,REAL_FUNDAMENTALS
301019,20260331,20260429,20260429,20260429,301019_fin.csv,REAL_FUNDAMENTALS
301020,20260331,20260421,20260421,20260421,301020_fin.csv,REAL_FUNDAMENTALS
301021,20260331,20260427,20260427,20260427,301021_fin.csv,REAL_FUNDAMENTALS
301022,20260331,20260425,20260425,20260425,301022_fin.csv,REAL_FUNDAMENTALS
301023,20260331,20260425,20260425,20260425,301023_fin.csv,REAL_FUNDAMENTALS
301024,20260331,20260429,20260429,20260429,301024_fin.csv,REAL_FUNDAMENTALS
301025,20260331,20260425,20260425,20260425,301025_fin.csv,REAL_FUNDAMENTALS
301026,20260331,20260429,20260429,20260429,301026_fin.csv,REAL_FUNDAMENTALS
301027,20260331,20260424,20260424,20260424,301027_fin.csv,REAL_FUNDAMENTALS
301028,20260331,20260425,20260425,20260425,301028_fin.csv,REAL_FUNDAMENTALS
301029,20260331,20260428,20260428,20260428,301029_fin.csv,REAL_FUNDAMENTALS
301030,20260331,20260430,20260430,20260430,301030_fin.csv,REAL_FUNDAMENTALS
301031,20260331,20260425,20260425,20260425,301031_fin.csv,REAL_FUNDAMENTALS
301032,20260331,20260423,20260423,20260423,301032_fin.csv,REAL_FUNDAMENTALS
301033,20260331,20260428,20260428,20260428,301033_fin.csv,REAL_FUNDAMENTALS
301035,20260331,20260427,20260427,20260427,301035_fin.csv,REAL_FUNDAMENTALS
301036,20260331,20260423,20260423,20260423,301036_fin.csv,REAL_FUNDAMENTALS
301037,20260331,20260424,20260424,20260424,301037_fin.csv,REAL_FUNDAMENTALS
301038,20260331,20260429,20260429,20260429,301038_fin.csv,REAL_FUNDAMENTALS
301039,20260331,20260425,20260425,20260425,301039_fin.csv,REAL_FUNDAMENTALS
301040,20260331,20260425,20260425,20260425,301040_fin.csv,REAL_FUNDAMENTALS
301041,20260331,20260427,20260427,20260427,301041_fin.csv,REAL_FUNDAMENTALS
301042,20260331,20260429,20260429,20260429,301042_fin.csv,REAL_FUNDAMENTALS
301043,20260331,20260429,20260429,20260429,301043_fin.csv,REAL_FUNDAMENTALS
301045,20260331,20260424,20260424,20260424,301045_fin.csv,REAL_FUNDAMENTALS
301046,20260331,20260428,20260428,20260428,301046_fin.csv,REAL_FUNDAMENTALS
301047,20260331,20260429,20260429,20260429,301047_fin.csv,REAL_FUNDAMENTALS
301048,20260331,20260429,20260429,20260429,301048_fin.csv,REAL_FUNDAMENTALS
301049,20260331,20260421,20260421,20260421,301049_fin.csv,REAL_FUNDAMENTALS
301050,20260331,20260424,20260424,20260424,301050_fin.csv,REAL_FUNDAMENTALS
301051,20260331,20260429,20260429,20260429,301051_fin.csv,REAL_FUNDAMENTALS
301052,20260331,20260423,20260423,20260423,301052_fin.csv,REAL_FUNDAMENTALS
301053,20260331,20260429,20260429,20260429,301053_fin.csv,REAL_FUNDAMENTALS
301055,20260331,20260428,20260428,20260428,301055_fin.csv,REAL_FUNDAMENTALS
301056,20260331,20260424,20260424,20260424,301056_fin.csv,REAL_FUNDAMENTALS
301057,20260331,20260428,20260428,20260428,301057_fin.csv,REAL_FUNDAMENTALS
301058,20260331,20260424,20260424,20260424,301058_fin.csv,REAL_FUNDAMENTALS
301059,20260331,20260427,20260427,20260427,301059_fin.csv,REAL_FUNDAMENTALS
301060,20260331,20260429,20260429,20260429,301060_fin.csv,REAL_FUNDAMENTALS
301061,20260331,20260429,20260429,20260429,301061_fin.csv,REAL_FUNDAMENTALS
301062,20260331,20260429,20260429,20260429,301062_fin.csv,REAL_FUNDAMENTALS
301063,20260331,20260428,20260428,20260428,301063_fin.csv,REAL_FUNDAMENTALS
301065,20260331,20260425,20260425,20260425,301065_fin.csv,REAL_FUNDAMENTALS
301066,20260331,20260428,20260428,20260428,301066_fin.csv,REAL_FUNDAMENTALS
301067,20260331,20260429,20260429,20260429,301067_fin.csv,REAL_FUNDAMENTALS
301068,20260331,20260427,20260427,20260427,301068_fin.csv,REAL_FUNDAMENTALS
301069,20260331,20260423,20260423,20260423,301069_fin.csv,REAL_FUNDAMENTALS
301070,20260331,20260428,20260428,20260428,301070_fin.csv,REAL_FUNDAMENTALS
301071,20260331,20260424,20260424,20260424,301071_fin.csv,REAL_FUNDAMENTALS
301072,20260331,20260427,20260427,20260427,301072_fin.csv,REAL_FUNDAMENTALS
301073,20260331,20260429,20260429,20260429,301073_fin.csv,REAL_FUNDAMENTALS
301075,20260331,20260429,20260429,20260429,301075_fin.csv,REAL_FUNDAMENTALS
301076,20260331,20260430,20260430,20260430,301076_fin.csv,REAL_FUNDAMENTALS
301077,20260331,20260425,20260425,20260425,301077_fin.csv,REAL_FUNDAMENTALS
301078,20260331,20260428,20260428,20260428,301078_fin.csv,REAL_FUNDAMENTALS
301079,20260331,20260424,20260424,20260424,301079_fin.csv,REAL_FUNDAMENTALS
301080,20260331,20260421,20260421,20260421,301080_fin.csv,REAL_FUNDAMENTALS
301081,20260331,20260428,20260428,20260428,301081_fin.csv,REAL_FUNDAMENTALS
301082,20260331,20260421,20260421,20260421,301082_fin.csv,REAL_FUNDAMENTALS
301083,20260331,20260424,20260424,20260424,301083_fin.csv,REAL_FUNDAMENTALS
301085,20260331,20260429,20260429,20260429,301085_fin.csv,REAL_FUNDAMENTALS
301086,20260331,20260428,20260428,20260428,301086_fin.csv,REAL_FUNDAMENTALS
301087,20260331,20260430,20260430,20260430,301087_fin.csv,REAL_FUNDAMENTALS
301088,20260331,20260424,20260424,20260424,301088_fin.csv,REAL_FUNDAMENTALS
301089,20260331,20260428,20260428,20260428,301089_fin.csv,REAL_FUNDAMENTALS
301090,20260331,20260427,20260427,20260427,301090_fin.csv,REAL_FUNDAMENTALS
301091,20260331,20260424,20260424,20260424,301091_fin.csv,REAL_FUNDAMENTALS
301092,20260331,20260429,20260429,20260429,301092_fin.csv,REAL_FUNDAMENTALS
301093,20260331,20260424,20260424,20260424,301093_fin.csv,REAL_FUNDAMENTALS
301095,20260331,20260427,20260427,20260427,301095_fin.csv,REAL_FUNDAMENTALS
301096,20260331,20260424,20260424,20260424,301096_fin.csv,REAL_FUNDAMENTALS
301097,20260331,20260423,20260423,20260423,301097_fin.csv,REAL_FUNDAMENTALS
301098,20260331,20260424,20260424,20260424,301098_fin.csv,REAL_FUNDAMENTALS
301099,20260331,20260422,20260422,20260422,301099_fin.csv,REAL_FUNDAMENTALS
301100,20260331,20260424,20260424,20260424,301100_fin.csv,REAL_FUNDAMENTALS
301101,20260331,20260423,20260423,20260423,301101_fin.csv,REAL_FUNDAMENTALS
301102,20260331,20260424,20260424,20260424,301102_fin.csv,REAL_FUNDAMENTALS
301103,20260331,20260425,20260425,20260425,301103_fin.csv,REAL_FUNDAMENTALS
301105,20260331,20260429,20260429,20260429,301105_fin.csv,REAL_FUNDAMENTALS
301106,20260331,20260424,20260424,20260424,301106_fin.csv,REAL_FUNDAMENTALS
301107,20260331,20260424,20260424,20260424,301107_fin.csv,REAL_FUNDAMENTALS
301108,20260331,20260428,20260428,20260428,301108_fin.csv,REAL_FUNDAMENTALS
301109,20260331,20260423,20260423,20260423,301109_fin.csv,REAL_FUNDAMENTALS
301110,20260331,20260427,20260427,20260427,301110_fin.csv,REAL_FUNDAMENTALS
301111,20260331,20260428,20260428,20260428,301111_fin.csv,REAL_FUNDAMENTALS
301112,20260331,20260429,20260429,20260429,301112_fin.csv,REAL_FUNDAMENTALS
301113,20260331,20260423,20260423,20260423,301113_fin.csv,REAL_FUNDAMENTALS
301115,20260331,20260428,20260428,20260428,301115_fin.csv,REAL_FUNDAMENTALS
301116,20260331,20260424,20260424,20260424,301116_fin.csv,REAL_FUNDAMENTALS
301117,20260331,20260424,20260424,20260424,301117_fin.csv,REAL_FUNDAMENTALS
301118,20260331,20260428,20260428,20260428,301118_fin.csv,REAL_FUNDAMENTALS
301119,20260331,20260428,20260428,20260428,301119_fin.csv,REAL_FUNDAMENTALS
301120,20260331,20260424,20260424,20260424,301120_fin.csv,REAL_FUNDAMENTALS
301121,20260331,20260427,20260427,20260427,301121_fin.csv,REAL_FUNDAMENTALS
301122,20260331,20260429,20260429,20260429,301122_fin.csv,REAL_FUNDAMENTALS
301123,20260331,20260429,20260429,20260429,301123_fin.csv,REAL_FUNDAMENTALS
301125,20260331,20260428,20260428,20260428,301125_fin.csv,REAL_FUNDAMENTALS
301126,20260331,20260428,20260428,20260428,301126_fin.csv,REAL_FUNDAMENTALS
301127,20260331,20260428,20260428,20260428,301127_fin.csv,REAL_FUNDAMENTALS
301128,20260331,20260425,20260425,20260425,301128_fin.csv,REAL_FUNDAMENTALS
301129,20260331,20260423,20260423,20260423,301129_fin.csv,REAL_FUNDAMENTALS
301130,20260331,20260429,20260429,20260429,301130_fin.csv,REAL_FUNDAMENTALS
301131,20260331,20260429,20260429,20260429,301131_fin.csv,REAL_FUNDAMENTALS
301132,20260331,20260429,20260429,20260429,301132_fin.csv,REAL_FUNDAMENTALS
301133,20260331,20260429,20260429,20260429,301133_fin.csv,REAL_FUNDAMENTALS
301135,20260331,20260428,20260428,20260428,301135_fin.csv,REAL_FUNDAMENTALS
301136,20260331,20260428,20260428,20260428,301136_fin.csv,REAL_FUNDAMENTALS
301137,20260331,20260423,20260423,20260423,301137_fin.csv,REAL_FUNDAMENTALS
301138,20260331,20260423,20260423,20260423,301138_fin.csv,REAL_FUNDAMENTALS
301139,20260331,20260429,20260429,20260429,301139_fin.csv,REAL_FUNDAMENTALS
301141,20260331,20260425,20260425,20260425,301141_fin.csv,REAL_FUNDAMENTALS
301148,20260331,20260424,20260424,20260424,301148_fin.csv,REAL_FUNDAMENTALS
301149,20260331,20260429,20260429,20260429,301149_fin.csv,REAL_FUNDAMENTALS
301150,20260331,20260428,20260428,20260428,301150_fin.csv,REAL_FUNDAMENTALS
301151,20260331,20260425,20260425,20260425,301151_fin.csv,REAL_FUNDAMENTALS
301152,20260331,20260430,20260430,20260430,301152_fin.csv,REAL_FUNDAMENTALS
301153,20260331,20260425,20260425,20260425,301153_fin.csv,REAL_FUNDAMENTALS
301155,20260331,20260429,20260429,20260429,301155_fin.csv,REAL_FUNDAMENTALS
301156,20260331,20260428,20260428,20260428,301156_fin.csv,REAL_FUNDAMENTALS
301157,20260331,20260428,20260428,20260428,301157_fin.csv,REAL_FUNDAMENTALS
301158,20260331,20260417,20260417,20260417,301158_fin.csv,REAL_FUNDAMENTALS
301159,20260331,20260428,20260428,20260428,301159_fin.csv,REAL_FUNDAMENTALS
301160,20260331,20260424,20260424,20260424,301160_fin.csv,REAL_FUNDAMENTALS
301161,20260331,20260428,20260428,20260428,301161_fin.csv,REAL_FUNDAMENTALS
301162,20260331,20260425,20260425,20260425,301162_fin.csv,REAL_FUNDAMENTALS
301163,20260331,20260423,20260423,20260423,301163_fin.csv,REAL_FUNDAMENTALS
301165,20260331,20260421,20260421,20260421,301165_fin.csv,REAL_FUNDAMENTALS
301166,20260331,20260428,20260428,20260428,301166_fin.csv,REAL_FUNDAMENTALS
301167,20260331,20260424,20260424,20260424,301167_fin.csv,REAL_FUNDAMENTALS
301168,20260331,20260429,20260429,20260429,301168_fin.csv,REAL_FUNDAMENTALS
301169,20260331,20260428,20260428,20260428,301169_fin.csv,REAL_FUNDAMENTALS
301170,20260331,20260424,20260424,20260424,301170_fin.csv,REAL_FUNDAMENTALS
301171,20260331,20260428,20260428,20260428,301171_fin.csv,REAL_FUNDAMENTALS
301172,20260331,20260427,20260427,20260427,301172_fin.csv,REAL_FUNDAMENTALS
301173,20260331,20260423,20260423,20260423,301173_fin.csv,REAL_FUNDAMENTALS
301175,20260331,20260429,20260429,20260429,301175_fin.csv,REAL_FUNDAMENTALS
301176,20260331,20260424,20260424,20260424,301176_fin.csv,REAL_FUNDAMENTALS
301177,20260331,20260428,20260428,20260428,301177_fin.csv,REAL_FUNDAMENTALS
301178,20260331,20260424,20260424,20260424,301178_fin.csv,REAL_FUNDAMENTALS
301179,20260331,20260429,20260429,20260429,301179_fin.csv,REAL_FUNDAMENTALS
301180,20260331,20260427,20260427,20260427,301180_fin.csv,REAL_FUNDAMENTALS
301181,20260331,20260424,20260424,20260424,301181_fin.csv,REAL_FUNDAMENTALS
301182,20260331,20260425,20260425,20260425,301182_fin.csv,REAL_FUNDAMENTALS
301183,20260331,20260427,20260427,20260427,301183_fin.csv,REAL_FUNDAMENTALS
301185,20260331,20260429,20260429,20260429,301185_fin.csv,REAL_FUNDAMENTALS
301186,20260331,20260427,20260427,20260427,301186_fin.csv,REAL_FUNDAMENTALS
301187,20260331,20260427,20260427,20260427,301187_fin.csv,REAL_FUNDAMENTALS
301188,20260331,20260423,20260423,20260423,301188_fin.csv,REAL_FUNDAMENTALS
301189,20260331,20260425,20260425,20260425,301189_fin.csv,REAL_FUNDAMENTALS
301190,20260331,20260428,20260428,20260428,301190_fin.csv,REAL_FUNDAMENTALS
301191,20260331,20260428,20260428,20260428,301191_fin.csv,REAL_FUNDAMENTALS
301192,20260331,20260423,20260423,20260423,301192_fin.csv,REAL_FUNDAMENTALS
301193,20260331,20260428,20260428,20260428,301193_fin.csv,REAL_FUNDAMENTALS
301195,20260331,20260424,20260424,20260424,301195_fin.csv,REAL_FUNDAMENTALS
301196,20260331,20260429,20260429,20260429,301196_fin.csv,REAL_FUNDAMENTALS
301197,20260331,20260427,20260427,20260427,301197_fin.csv,REAL_FUNDAMENTALS
301198,20260331,20260428,20260428,20260428,301198_fin.csv,REAL_FUNDAMENTALS
301199,20260331,20260429,20260429,20260429,301199_fin.csv,REAL_FUNDAMENTALS
301200,20260331,20260421,20260421,20260421,301200_fin.csv,REAL_FUNDAMENTALS
301201,20260331,20260428,20260428,20260428,301201_fin.csv,REAL_FUNDAMENTALS
301202,20260331,20260428,20260428,20260428,301202_fin.csv,REAL_FUNDAMENTALS
301203,20260331,20260428,20260428,20260428,301203_fin.csv,REAL_FUNDAMENTALS
301205,20260331,20260429,20260429,20260429,301205_fin.csv,REAL_FUNDAMENTALS
301206,20260331,20260429,20260429,20260429,301206_fin.csv,REAL_FUNDAMENTALS
301207,20260331,20260427,20260427,20260427,301207_fin.csv,REAL_FUNDAMENTALS
301208,20260331,20260427,20260427,20260427,301208_fin.csv,REAL_FUNDAMENTALS
301209,20260331,20260428,20260428,20260428,301209_fin.csv,REAL_FUNDAMENTALS
301210,20260331,20260429,20260429,20260429,301210_fin.csv,REAL_FUNDAMENTALS
301211,20260331,20260423,20260423,20260423,301211_fin.csv,REAL_FUNDAMENTALS
301212,20260331,20260424,20260424,20260424,301212_fin.csv,REAL_FUNDAMENTALS
301213,20260331,20260427,20260427,20260427,301213_fin.csv,REAL_FUNDAMENTALS
301215,20260331,20260429,20260429,20260429,301215_fin.csv,REAL_FUNDAMENTALS
301216,20260331,20260428,20260428,20260428,301216_fin.csv,REAL_FUNDAMENTALS
301217,20260331,20260428,20260428,20260428,301217_fin.csv,REAL_FUNDAMENTALS
301218,20260331,20260423,20260423,20260423,301218_fin.csv,REAL_FUNDAMENTALS
301219,20260331,20260421,20260421,20260421,301219_fin.csv,REAL_FUNDAMENTALS
301220,20260331,20260429,20260429,20260429,301220_fin.csv,REAL_FUNDAMENTALS
301221,20260331,20260427,20260427,20260427,301221_fin.csv,REAL_FUNDAMENTALS
301222,20260331,20260427,20260427,20260427,301222_fin.csv,REAL_FUNDAMENTALS
301223,20260331,20260420,20260420,20260420,301223_fin.csv,REAL_FUNDAMENTALS
301225,20260331,20260427,20260427,20260427,301225_fin.csv,REAL_FUNDAMENTALS
301226,20260331,20260424,20260424,20260424,301226_fin.csv,REAL_FUNDAMENTALS
301227,20260331,20260429,20260429,20260429,301227_fin.csv,REAL_FUNDAMENTALS
301228,20260331,20260423,20260423,20260423,301228_fin.csv,REAL_FUNDAMENTALS
301229,20260331,20260423,20260423,20260423,301229_fin.csv,REAL_FUNDAMENTALS
301230,20260331,20260429,20260429,20260429,301230_fin.csv,REAL_FUNDAMENTALS
301231,20260331,20260429,20260429,20260429,301231_fin.csv,REAL_FUNDAMENTALS
301232,20260331,20260424,20260424,20260424,301232_fin.csv,REAL_FUNDAMENTALS
301233,20260331,20260424,20260424,20260424,301233_fin.csv,REAL_FUNDAMENTALS
301234,20260331,20260423,20260423,20260423,301234_fin.csv,REAL_FUNDAMENTALS
301235,20260331,20260425,20260425,20260425,301235_fin.csv,REAL_FUNDAMENTALS
301236,20260331,20260425,20260425,20260425,301236_fin.csv,REAL_FUNDAMENTALS
301237,20260331,20260423,20260423,20260423,301237_fin.csv,REAL_FUNDAMENTALS
301238,20260331,20260430,20260430,20260430,301238_fin.csv,REAL_FUNDAMENTALS
301239,20260331,20260428,20260428,20260428,301239_fin.csv,REAL_FUNDAMENTALS
301246,20260331,20260429,20260429,20260429,301246_fin.csv,REAL_FUNDAMENTALS
301248,20260331,20260424,20260424,20260424,301248_fin.csv,REAL_FUNDAMENTALS
301251,20260331,20260428,20260428,20260428,301251_fin.csv,REAL_FUNDAMENTALS
301252,20260331,20260428,20260428,20260428,301252_fin.csv,REAL_FUNDAMENTALS
301255,20260331,20260425,20260425,20260425,301255_fin.csv,REAL_FUNDAMENTALS
301256,20260331,20260417,20260417,20260417,301256_fin.csv,REAL_FUNDAMENTALS
301257,20260331,20260429,20260429,20260429,301257_fin.csv,REAL_FUNDAMENTALS
301258,20260331,20260423,20260423,20260423,301258_fin.csv,REAL_FUNDAMENTALS
301259,20260331,20260429,20260429,20260429,301259_fin.csv,REAL_FUNDAMENTALS
301260,20260331,20260429,20260429,20260429,301260_fin.csv,REAL_FUNDAMENTALS
301261,20260331,20260428,20260428,20260428,301261_fin.csv,REAL_FUNDAMENTALS
301262,20260331,20260424,20260424,20260424,301262_fin.csv,REAL_FUNDAMENTALS
301263,20260331,20260428,20260428,20260428,301263_fin.csv,REAL_FUNDAMENTALS
301265,20260331,20260423,20260423,20260423,301265_fin.csv,REAL_FUNDAMENTALS
301266,20260331,20260424,20260424,20260424,301266_fin.csv,REAL_FUNDAMENTALS
301267,20260331,20260428,20260428,20260428,301267_fin.csv,REAL_FUNDAMENTALS
301268,20260331,20260428,20260428,20260428,301268_fin.csv,REAL_FUNDAMENTALS
301269,20260331,20260428,20260428,20260428,301269_fin.csv,REAL_FUNDAMENTALS
301270,20260331,20260424,20260424,20260424,301270_fin.csv,REAL_FUNDAMENTALS
301272,20260331,20260428,20260428,20260428,301272_fin.csv,REAL_FUNDAMENTALS
301273,20260331,20260428,20260428,20260428,301273_fin.csv,REAL_FUNDAMENTALS
301275,20260331,20260428,20260428,20260428,301275_fin.csv,REAL_FUNDAMENTALS
301276,20260331,20260428,20260428,20260428,301276_fin.csv,REAL_FUNDAMENTALS
301277,20260331,20260424,20260424,20260424,301277_fin.csv,REAL_FUNDAMENTALS
301278,20260331,20260429,20260429,20260429,301278_fin.csv,REAL_FUNDAMENTALS
301279,20260331,20260423,20260423,20260423,301279_fin.csv,REAL_FUNDAMENTALS
301280,20260331,20260429,20260429,20260429,301280_fin.csv,REAL_FUNDAMENTALS
301281,20260331,20260424,20260424,20260424,301281_fin.csv,REAL_FUNDAMENTALS
301282,20260331,20260427,20260427,20260427,301282_fin.csv,REAL_FUNDAMENTALS
301283,20260331,20260429,20260429,20260429,301283_fin.csv,REAL_FUNDAMENTALS
301285,20260331,20260428,20260428,20260428,301285_fin.csv,REAL_FUNDAMENTALS
301286,20260331,20260429,20260429,20260429,301286_fin.csv,REAL_FUNDAMENTALS
301287,20260331,20260422,20260422,20260422,301287_fin.csv,REAL_FUNDAMENTALS
301288,20260331,20260424,20260424,20260424,301288_fin.csv,REAL_FUNDAMENTALS
301289,20260331,20260424,20260424,20260424,301289_fin.csv,REAL_FUNDAMENTALS
301290,20260331,20260421,20260421,20260421,301290_fin.csv,REAL_FUNDAMENTALS
301291,20260331,20260429,20260429,20260429,301291_fin.csv,REAL_FUNDAMENTALS
301292,20260331,20260423,20260423,20260423,301292_fin.csv,REAL_FUNDAMENTALS
301293,20260331,20260429,20260429,20260429,301293_fin.csv,REAL_FUNDAMENTALS
301295,20260331,20260429,20260429,20260429,301295_fin.csv,REAL_FUNDAMENTALS
301296,20260331,20260427,20260427,20260427,301296_fin.csv,REAL_FUNDAMENTALS
301297,20260331,20260429,20260429,20260429,301297_fin.csv,REAL_FUNDAMENTALS
301298,20260331,20260424,20260424,20260424,301298_fin.csv,REAL_FUNDAMENTALS
301299,20260331,20260424,20260424,20260424,301299_fin.csv,REAL_FUNDAMENTALS
301300,20260331,20260429,20260429,20260429,301300_fin.csv,REAL_FUNDAMENTALS
301301,20260331,20260423,20260423,20260423,301301_fin.csv,REAL_FUNDAMENTALS
301302,20260331,20260423,20260423,20260423,301302_fin.csv,REAL_FUNDAMENTALS
301303,20260331,20260423,20260423,20260423,301303_fin.csv,REAL_FUNDAMENTALS
301305,20260331,20260425,20260425,20260425,301305_fin.csv,REAL_FUNDAMENTALS
301306,20260331,20260428,20260428,20260428,301306_fin.csv,REAL_FUNDAMENTALS
301307,20260331,20260424,20260424,20260424,301307_fin.csv,REAL_FUNDAMENTALS
301308,20260331,20260428,20260428,20260428,301308_fin.csv,REAL_FUNDAMENTALS
301309,20260331,20260428,20260428,20260428,301309_fin.csv,REAL_FUNDAMENTALS
301310,20260331,20260427,20260427,20260427,301310_fin.csv,REAL_FUNDAMENTALS
301311,20260331,20260427,20260427,20260427,301311_fin.csv,REAL_FUNDAMENTALS
301312,20260331,20260429,20260429,20260429,301312_fin.csv,REAL_FUNDAMENTALS
301313,20260331,20260429,20260429,20260429,301313_fin.csv,REAL_FUNDAMENTALS
301314,20260331,20260424,20260424,20260424,301314_fin.csv,REAL_FUNDAMENTALS
301315,20260331,20260423,20260423,20260423,301315_fin.csv,REAL_FUNDAMENTALS
301316,20260331,20260429,20260429,20260429,301316_fin.csv,REAL_FUNDAMENTALS
301317,20260331,20260429,20260429,20260429,301317_fin.csv,REAL_FUNDAMENTALS
301318,20260331,20260425,20260425,20260425,301318_fin.csv,REAL_FUNDAMENTALS
301319,20260331,20260422,20260422,20260422,301319_fin.csv,REAL_FUNDAMENTALS
301320,20260331,20260429,20260429,20260429,301320_fin.csv,REAL_FUNDAMENTALS
301321,20260331,20260425,20260425,20260425,301321_fin.csv,REAL_FUNDAMENTALS
301322,20260331,20260425,20260425,20260425,301322_fin.csv,REAL_FUNDAMENTALS
301323,20260331,20260428,20260428,20260428,301323_fin.csv,REAL_FUNDAMENTALS
301325,20260331,20260429,20260429,20260429,301325_fin.csv,REAL_FUNDAMENTALS
301326,20260331,20260429,20260429,20260429,301326_fin.csv,REAL_FUNDAMENTALS
301327,20260331,20260425,20260425,20260425,301327_fin.csv,REAL_FUNDAMENTALS
301328,20260331,20260424,20260424,20260424,301328_fin.csv,REAL_FUNDAMENTALS
301329,20260331,20260429,20260429,20260429,301329_fin.csv,REAL_FUNDAMENTALS
301330,20260331,20260429,20260429,20260429,301330_fin.csv,REAL_FUNDAMENTALS
301331,20260331,20260427,20260427,20260427,301331_fin.csv,REAL_FUNDAMENTALS
301332,20260331,20260428,20260428,20260428,301332_fin.csv,REAL_FUNDAMENTALS
301333,20260331,20260428,20260428,20260428,301333_fin.csv,REAL_FUNDAMENTALS
301335,20260331,20260425,20260425,20260425,301335_fin.csv,REAL_FUNDAMENTALS
301336,20260331,20260429,20260429,20260429,301336_fin.csv,REAL_FUNDAMENTALS
301337,20260331,20260425,20260425,20260425,301337_fin.csv,REAL_FUNDAMENTALS
301338,20260331,20260428,20260428,20260428,301338_fin.csv,REAL_FUNDAMENTALS
301339,20260331,20260423,20260423,20260423,301339_fin.csv,REAL_FUNDAMENTALS
301345,20260331,20260429,20260429,20260429,301345_fin.csv,REAL_FUNDAMENTALS
301348,20260331,20260428,20260428,20260428,301348_fin.csv,REAL_FUNDAMENTALS
301349,20260331,20260424,20260424,20260424,301349_fin.csv,REAL_FUNDAMENTALS
301353,20260331,20260429,20260429,20260429,301353_fin.csv,REAL_FUNDAMENTALS
301355,20260331,20260429,20260429,20260429,301355_fin.csv,REAL_FUNDAMENTALS
301356,20260331,20260429,20260429,20260429,301356_fin.csv,REAL_FUNDAMENTALS
301357,20260331,20260424,20260424,20260424,301357_fin.csv,REAL_FUNDAMENTALS
301358,20260331,20260428,20260428,20260428,301358_fin.csv,REAL_FUNDAMENTALS
301359,20260331,20260424,20260424,20260424,301359_fin.csv,REAL_FUNDAMENTALS
301360,20260331,20260423,20260423,20260423,301360_fin.csv,REAL_FUNDAMENTALS
301361,20260331,20260424,20260424,20260424,301361_fin.csv,REAL_FUNDAMENTALS
301362,20260331,20260429,20260429,20260429,301362_fin.csv,REAL_FUNDAMENTALS
301363,20260331,20260421,20260421,20260421,301363_fin.csv,REAL_FUNDAMENTALS
301365,20260331,20260429,20260429,20260429,301365_fin.csv,REAL_FUNDAMENTALS
301366,20260331,20260428,20260428,20260428,301366_fin.csv,REAL_FUNDAMENTALS
301367,20260331,20260428,20260428,20260428,301367_fin.csv,REAL_FUNDAMENTALS
301368,20260331,20260428,20260428,20260428,301368_fin.csv,REAL_FUNDAMENTALS
301369,20260331,20260427,20260427,20260427,301369_fin.csv,REAL_FUNDAMENTALS
301370,20260331,20260429,20260429,20260429,301370_fin.csv,REAL_FUNDAMENTALS
301371,20260331,20260423,20260423,20260423,301371_fin.csv,REAL_FUNDAMENTALS
301372,20260331,20260427,20260427,20260427,301372_fin.csv,REAL_FUNDAMENTALS
301373,20260331,20260424,20260424,20260424,301373_fin.csv,REAL_FUNDAMENTALS
301376,20260331,20260429,20260429,20260429,301376_fin.csv,REAL_FUNDAMENTALS
301377,20260331,20260416,20260416,20260416,301377_fin.csv,REAL_FUNDAMENTALS
301378,20260331,20260428,20260428,20260428,301378_fin.csv,REAL_FUNDAMENTALS
301379,20260331,20260427,20260427,20260427,301379_fin.csv,REAL_FUNDAMENTALS
301380,20260331,20260429,20260429,20260429,301380_fin.csv,REAL_FUNDAMENTALS
301381,20260331,20260428,20260428,20260428,301381_fin.csv,REAL_FUNDAMENTALS
301382,20260331,20260428,20260428,20260428,301382_fin.csv,REAL_FUNDAMENTALS
301383,20260331,20260429,20260429,20260429,301383_fin.csv,REAL_FUNDAMENTALS
301386,20260331,20260424,20260424,20260424,301386_fin.csv,REAL_FUNDAMENTALS
301387,20260331,20260425,20260425,20260425,301387_fin.csv,REAL_FUNDAMENTALS
301388,20260331,20260424,20260424,20260424,301388_fin.csv,REAL_FUNDAMENTALS
301389,20260331,20260427,20260427,20260427,301389_fin.csv,REAL_FUNDAMENTALS
301390,20260331,20260428,20260428,20260428,301390_fin.csv,REAL_FUNDAMENTALS
301391,20260331,20260429,20260429,20260429,301391_fin.csv,REAL_FUNDAMENTALS
301392,20260331,20260428,20260428,20260428,301392_fin.csv,REAL_FUNDAMENTALS
301393,20260331,20260424,20260424,20260424,301393_fin.csv,REAL_FUNDAMENTALS
301395,20260331,20260425,20260425,20260425,301395_fin.csv,REAL_FUNDAMENTALS
301396,20260331,20260429,20260429,20260429,301396_fin.csv,REAL_FUNDAMENTALS
301397,20260331,20260424,20260424,20260424,301397_fin.csv,REAL_FUNDAMENTALS
301398,20260331,20260429,20260429,20260429,301398_fin.csv,REAL_FUNDAMENTALS
301399,20260331,20260421,20260421,20260421,301399_fin.csv,REAL_FUNDAMENTALS
301408,20260331,20260425,20260425,20260425,301408_fin.csv,REAL_FUNDAMENTALS
301413,20260331,20260424,20260424,20260424,301413_fin.csv,REAL_FUNDAMENTALS
301418,20260331,20260428,20260428,20260428,301418_fin.csv,REAL_FUNDAMENTALS
301419,20260331,20260424,20260424,20260424,301419_fin.csv,REAL_FUNDAMENTALS
301421,20260331,20260421,20260421,20260421,301421_fin.csv,REAL_FUNDAMENTALS
301428,20260331,20260428,20260428,20260428,301428_fin.csv,REAL_FUNDAMENTALS
301429,20260331,20260428,20260428,20260428,301429_fin.csv,REAL_FUNDAMENTALS
301439,20260331,20260428,20260428,20260428,301439_fin.csv,REAL_FUNDAMENTALS
301446,20260331,20260424,20260424,20260424,301446_fin.csv,REAL_FUNDAMENTALS
301448,20260331,20260428,20260428,20260428,301448_fin.csv,REAL_FUNDAMENTALS
301449,20260331,20260428,20260428,20260428,301449_fin.csv,REAL_FUNDAMENTALS
301456,20260331,20260425,20260425,20260425,301456_fin.csv,REAL_FUNDAMENTALS
301458,20260331,20260427,20260427,20260427,301458_fin.csv,REAL_FUNDAMENTALS
301459,20260331,20260428,20260428,20260428,301459_fin.csv,REAL_FUNDAMENTALS
301468,20260331,20260428,20260428,20260428,301468_fin.csv,REAL_FUNDAMENTALS
301469,20260331,20260422,20260422,20260422,301469_fin.csv,REAL_FUNDAMENTALS
301479,20260331,20260420,20260420,20260420,301479_fin.csv,REAL_FUNDAMENTALS
301486,20260331,20260429,20260429,20260429,301486_fin.csv,REAL_FUNDAMENTALS
301487,20260331,20260430,20260430,20260430,301487_fin.csv,REAL_FUNDAMENTALS
301488,20260331,20260423,20260423,20260423,301488_fin.csv,REAL_FUNDAMENTALS
301489,20260331,20260428,20260428,20260428,301489_fin.csv,REAL_FUNDAMENTALS
301491,20260331,20260423,20260423,20260423,301491_fin.csv,REAL_FUNDAMENTALS
301498,20260331,20260423,20260423,20260423,301498_fin.csv,REAL_FUNDAMENTALS
301499,20260331,20260429,20260429,20260429,301499_fin.csv,REAL_FUNDAMENTALS
301500,20260331,20260425,20260425,20260425,301500_fin.csv,REAL_FUNDAMENTALS
301501,20260331,20260428,20260428,20260428,301501_fin.csv,REAL_FUNDAMENTALS
301502,20260331,20260429,20260429,20260429,301502_fin.csv,REAL_FUNDAMENTALS
301503,20260331,20260429,20260429,20260429,301503_fin.csv,REAL_FUNDAMENTALS
301505,20260331,20260424,20260424,20260424,301505_fin.csv,REAL_FUNDAMENTALS
301507,20260331,20260424,20260424,20260424,301507_fin.csv,REAL_FUNDAMENTALS
301508,20260331,20260428,20260428,20260428,301508_fin.csv,REAL_FUNDAMENTALS
301509,20260331,20260425,20260425,20260425,301509_fin.csv,REAL_FUNDAMENTALS
301510,20260331,20260429,20260429,20260429,301510_fin.csv,REAL_FUNDAMENTALS
301511,20260331,20260425,20260425,20260425,301511_fin.csv,REAL_FUNDAMENTALS
301512,20260331,20260428,20260428,20260428,301512_fin.csv,REAL_FUNDAMENTALS
301513,20260331,20260428,20260428,20260428,301513_fin.csv,REAL_FUNDAMENTALS
301515,20260331,20260424,20260424,20260424,301515_fin.csv,REAL_FUNDAMENTALS
301516,20260331,20260428,20260428,20260428,301516_fin.csv,REAL_FUNDAMENTALS
301517,20260331,20260428,20260428,20260428,301517_fin.csv,REAL_FUNDAMENTALS
301518,20260331,20260428,20260428,20260428,301518_fin.csv,REAL_FUNDAMENTALS
301519,20260331,20260425,20260425,20260425,301519_fin.csv,REAL_FUNDAMENTALS
301520,20260331,20260423,20260423,20260423,301520_fin.csv,REAL_FUNDAMENTALS
301522,20260331,20260429,20260429,20260429,301522_fin.csv,REAL_FUNDAMENTALS
301525,20260331,20260428,20260428,20260428,301525_fin.csv,REAL_FUNDAMENTALS
301526,20260331,20260428,20260428,20260428,301526_fin.csv,REAL_FUNDAMENTALS
301528,20260331,20260423,20260423,20260423,301528_fin.csv,REAL_FUNDAMENTALS
301529,20260331,20260428,20260428,20260428,301529_fin.csv,REAL_FUNDAMENTALS
301531,20260331,20260508,20260508,20260508,301531_fin.csv,REAL_FUNDAMENTALS
301533,20260331,20260427,20260427,20260427,301533_fin.csv,REAL_FUNDAMENTALS
301535,20260331,20260428,20260428,20260428,301535_fin.csv,REAL_FUNDAMENTALS
301536,20260331,20260424,20260424,20260424,301536_fin.csv,REAL_FUNDAMENTALS
301538,20260331,20260424,20260424,20260424,301538_fin.csv,REAL_FUNDAMENTALS
301539,20260331,20260425,20260425,20260425,301539_fin.csv,REAL_FUNDAMENTALS
301548,20260331,20260424,20260424,20260424,301548_fin.csv,REAL_FUNDAMENTALS
301550,20260331,20260424,20260424,20260424,301550_fin.csv,REAL_FUNDAMENTALS
301551,20260331,20260417,20260417,20260417,301551_fin.csv,REAL_FUNDAMENTALS
301552,20260331,20260424,20260424,20260424,301552_fin.csv,REAL_FUNDAMENTALS
301555,20260331,20260428,20260428,20260428,301555_fin.csv,REAL_FUNDAMENTALS
301556,20260331,20260427,20260427,20260427,301556_fin.csv,REAL_FUNDAMENTALS
301557,20260331,20260428,20260428,20260428,301557_fin.csv,REAL_FUNDAMENTALS
301558,20260331,20260429,20260429,20260429,301558_fin.csv,REAL_FUNDAMENTALS
301559,20260331,20260424,20260424,20260424,301559_fin.csv,REAL_FUNDAMENTALS
301560,20260331,20260429,20260429,20260429,301560_fin.csv,REAL_FUNDAMENTALS
301563,20260331,20260415,20260415,20260415,301563_fin.csv,REAL_FUNDAMENTALS
301565,20260331,20260429,20260429,20260429,301565_fin.csv,REAL_FUNDAMENTALS
301566,20260331,20260427,20260427,20260427,301566_fin.csv,REAL_FUNDAMENTALS
301567,20260331,20260424,20260424,20260424,301567_fin.csv,REAL_FUNDAMENTALS
301568,20260331,20260429,20260429,20260429,301568_fin.csv,REAL_FUNDAMENTALS
301571,20260331,20260428,20260428,20260428,301571_fin.csv,REAL_FUNDAMENTALS
301575,20260331,20260424,20260424,20260424,301575_fin.csv,REAL_FUNDAMENTALS
301577,20260331,20260425,20260425,20260425,301577_fin.csv,REAL_FUNDAMENTALS
301578,20260331,20260428,20260428,20260428,301578_fin.csv,REAL_FUNDAMENTALS
301580,20260331,20260429,20260429,20260429,301580_fin.csv,REAL_FUNDAMENTALS
301581,20260331,20260421,20260421,20260421,301581_fin.csv,REAL_FUNDAMENTALS
301584,20260331,20260421,20260421,20260421,301584_fin.csv,REAL_FUNDAMENTALS
301585,20260331,20260429,20260429,20260429,301585_fin.csv,REAL_FUNDAMENTALS
301586,20260331,20260429,20260429,20260429,301586_fin.csv,REAL_FUNDAMENTALS
301587,20260331,20260424,20260424,20260424,301587_fin.csv,REAL_FUNDAMENTALS
301588,20260331,20260429,20260429,20260429,301588_fin.csv,REAL_FUNDAMENTALS
301589,20260331,20260425,20260425,20260425,301589_fin.csv,REAL_FUNDAMENTALS
301590,20260331,20260429,20260429,20260429,301590_fin.csv,REAL_FUNDAMENTALS
301591,20260331,20260427,20260427,20260427,301591_fin.csv,REAL_FUNDAMENTALS
301592,20260331,20260425,20260425,20260425,301592_fin.csv,REAL_FUNDAMENTALS
301595,20260331,20260423,20260423,20260423,301595_fin.csv,REAL_FUNDAMENTALS
301596,20260331,20260423,20260423,20260423,301596_fin.csv,REAL_FUNDAMENTALS
301598,20260331,20260421,20260421,20260421,301598_fin.csv,REAL_FUNDAMENTALS
301599,20260331,20260429,20260429,20260429,301599_fin.csv,REAL_FUNDAMENTALS
301600,20260331,20260429,20260429,20260429,301600_fin.csv,REAL_FUNDAMENTALS
301601,20260331,20260424,20260424,20260424,301601_fin.csv,REAL_FUNDAMENTALS
301602,20260331,20260429,20260429,20260429,301602_fin.csv,REAL_FUNDAMENTALS
301603,20260331,20260427,20260427,20260427,301603_fin.csv,REAL_FUNDAMENTALS
301606,20260331,20260428,20260428,20260428,301606_fin.csv,REAL_FUNDAMENTALS
301607,20260331,20260427,20260427,20260427,301607_fin.csv,REAL_FUNDAMENTALS
301608,20260331,20260421,20260421,20260421,301608_fin.csv,REAL_FUNDAMENTALS
301609,20260331,20260428,20260428,20260428,301609_fin.csv,REAL_FUNDAMENTALS
301611,20260331,20260428,20260428,20260428,301611_fin.csv,REAL_FUNDAMENTALS
301613,20260331,20260427,20260427,20260427,301613_fin.csv,REAL_FUNDAMENTALS
301616,20260331,20260428,20260428,20260428,301616_fin.csv,REAL_FUNDAMENTALS
301617,20260331,20260424,20260424,20260424,301617_fin.csv,REAL_FUNDAMENTALS
301618,20260331,20260429,20260429,20260429,301618_fin.csv,REAL_FUNDAMENTALS
301622,20260331,20260423,20260423,20260423,301622_fin.csv,REAL_FUNDAMENTALS
301626,20260331,20260428,20260428,20260428,301626_fin.csv,REAL_FUNDAMENTALS
301628,20260331,20260424,20260424,20260424,301628_fin.csv,REAL_FUNDAMENTALS
301629,20260331,20260422,20260422,20260422,301629_fin.csv,REAL_FUNDAMENTALS
301630,20260331,20260424,20260424,20260424,301630_fin.csv,REAL_FUNDAMENTALS
301631,20260331,20260429,20260429,20260429,301631_fin.csv,REAL_FUNDAMENTALS
301632,20260331,20260423,20260423,20260423,301632_fin.csv,REAL_FUNDAMENTALS
301633,20260331,20260429,20260429,20260429,301633_fin.csv,REAL_FUNDAMENTALS
301636,20260331,20260429,20260429,20260429,301636_fin.csv,REAL_FUNDAMENTALS
301638,20260331,20260429,20260429,20260429,301638_fin.csv,REAL_FUNDAMENTALS
301656,20260331,20260428,20260428,20260428,301656_fin.csv,REAL_FUNDAMENTALS
301658,20260331,20260429,20260429,20260429,301658_fin.csv,REAL_FUNDAMENTALS
301662,20260331,20260429,20260429,20260429,301662_fin.csv,REAL_FUNDAMENTALS
301665,20260331,20260427,20260427,20260427,301665_fin.csv,REAL_FUNDAMENTALS
301666,20260331,20260429,20260429,20260429,301666_fin.csv,REAL_FUNDAMENTALS
301667,20260331,20260429,20260429,20260429,301667_fin.csv,REAL_FUNDAMENTALS
301668,20260331,20260429,20260429,20260429,301668_fin.csv,REAL_FUNDAMENTALS
301678,20260331,20260422,20260422,20260422,301678_fin.csv,REAL_FUNDAMENTALS
301680,20260331,20260428,20260428,20260428,301680_fin.csv,REAL_FUNDAMENTALS
301682,20260331,20260425,20260425,20260425,301682_fin.csv,REAL_FUNDAMENTALS
301683,20260331,20260429,20260429,20260429,301683_fin.csv,REAL_FUNDAMENTALS
301687,20260331,20260429,20260429,20260429,301687_fin.csv,REAL_FUNDAMENTALS
301696,20260331,20260429,20260429,20260429,301696_fin.csv,REAL_FUNDAMENTALS
302132,20260331,20260429,20260429,20260429,302132_fin.csv,REAL_FUNDAMENTALS
600000,20260331,20260430,20260430,20260430,600000_fin.csv,REAL_FUNDAMENTALS
600004,20260331,20260430,20260430,20260430,600004_fin.csv,REAL_FUNDAMENTALS
600006,20260331,20260429,20260429,20260429,600006_fin.csv,REAL_FUNDAMENTALS
600007,20260331,20260430,20260430,20260430,600007_fin.csv,REAL_FUNDAMENTALS
600008,20260331,20260430,20260430,20260430,600008_fin.csv,REAL_FUNDAMENTALS
600009,20260331,20260430,20260430,20260430,600009_fin.csv,REAL_FUNDAMENTALS
600010,20260331,20260429,20260429,20260429,600010_fin.csv,REAL_FUNDAMENTALS
600011,20260331,20260429,20260429,20260429,600011_fin.csv,REAL_FUNDAMENTALS
600012,20260331,20260429,20260429,20260429,600012_fin.csv,REAL_FUNDAMENTALS
600015,20260331,20260430,20260430,20260430,600015_fin.csv,REAL_FUNDAMENTALS
600016,20260331,20260430,20260430,20260430,600016_fin.csv,REAL_FUNDAMENTALS
600017,20260331,20260429,20260429,20260429,600017_fin.csv,REAL_FUNDAMENTALS
600018,20260331,20260430,20260430,20260430,600018_fin.csv,REAL_FUNDAMENTALS
600019,20260331,20260430,20260430,20260430,600019_fin.csv,REAL_FUNDAMENTALS
600020,20260331,20260430,20260430,20260430,600020_fin.csv,REAL_FUNDAMENTALS
600021,20260331,20260428,20260428,20260428,600021_fin.csv,REAL_FUNDAMENTALS
600022,20260331,20260423,20260423,20260423,600022_fin.csv,REAL_FUNDAMENTALS
600023,20260331,20260428,20260428,20260428,600023_fin.csv,REAL_FUNDAMENTALS
600025,20260331,20260429,20260429,20260429,600025_fin.csv,REAL_FUNDAMENTALS
600026,20260331,20260428,20260428,20260428,600026_fin.csv,REAL_FUNDAMENTALS
600027,20260331,20260429,20260429,20260429,600027_fin.csv,REAL_FUNDAMENTALS
600028,20260331,20260429,20260429,20260429,600028_fin.csv,REAL_FUNDAMENTALS
600029,20260331,20260430,20260430,20260430,600029_fin.csv,REAL_FUNDAMENTALS
600030,20260331,20260425,20260425,20260425,600030_fin.csv,REAL_FUNDAMENTALS
600031,20260331,20260430,20260430,20260430,600031_fin.csv,REAL_FUNDAMENTALS
600032,20260331,20260428,20260428,20260428,600032_fin.csv,REAL_FUNDAMENTALS
600033,20260331,20260430,20260430,20260430,600033_fin.csv,REAL_FUNDAMENTALS
600035,20260331,20260430,20260430,20260430,600035_fin.csv,REAL_FUNDAMENTALS
600036,20260331,20260429,20260429,20260429,600036_fin.csv,REAL_FUNDAMENTALS
600037,20260331,20260429,20260429,20260429,600037_fin.csv,REAL_FUNDAMENTALS
600038,20260331,20260428,20260428,20260428,600038_fin.csv,REAL_FUNDAMENTALS
600039,20260331,20260430,20260430,20260430,600039_fin.csv,REAL_FUNDAMENTALS
600048,20260331,20260428,20260428,20260428,600048_fin.csv,REAL_FUNDAMENTALS
600050,20260331,20260422,20260422,20260422,600050_fin.csv,REAL_FUNDAMENTALS
600051,20260331,20260428,20260428,20260428,600051_fin.csv,REAL_FUNDAMENTALS
600052,20260331,20260428,20260428,20260428,600052_fin.csv,REAL_FUNDAMENTALS
600053,20260331,20260430,20260430,20260430,600053_fin.csv,REAL_FUNDAMENTALS
600054,20260331,20260430,20260430,20260430,600054_fin.csv,REAL_FUNDAMENTALS
600055,20260331,20260425,20260425,20260425,600055_fin.csv,REAL_FUNDAMENTALS
600056,20260331,20260429,20260429,20260429,600056_fin.csv,REAL_FUNDAMENTALS
600057,20260331,20260430,20260430,20260430,600057_fin.csv,REAL_FUNDAMENTALS
600058,20260331,20260430,20260430,20260430,600058_fin.csv,REAL_FUNDAMENTALS
600059,20260331,20260423,20260423,20260423,600059_fin.csv,REAL_FUNDAMENTALS
600060,20260331,20260429,20260429,20260429,600060_fin.csv,REAL_FUNDAMENTALS
600061,20260331,20260430,20260430,20260430,600061_fin.csv,REAL_FUNDAMENTALS
600062,20260331,20260425,20260425,20260425,600062_fin.csv,REAL_FUNDAMENTALS
600063,20260331,20260414,20260414,20260414,600063_fin.csv,REAL_FUNDAMENTALS
600064,20260331,20260423,20260423,20260423,600064_fin.csv,REAL_FUNDAMENTALS
600066,20260331,20260428,20260428,20260428,600066_fin.csv,REAL_FUNDAMENTALS
600067,20260331,20260430,20260430,20260430,600067_fin.csv,REAL_FUNDAMENTALS
600071,20260331,20260430,20260430,20260430,600071_fin.csv,REAL_FUNDAMENTALS
600072,20260331,20260430,20260430,20260430,600072_fin.csv,REAL_FUNDAMENTALS
600073,20260331,20260429,20260429,20260429,600073_fin.csv,REAL_FUNDAMENTALS
600075,20260331,20260430,20260430,20260430,600075_fin.csv,REAL_FUNDAMENTALS
600076,20260331,20260430,20260430,20260430,600076_fin.csv,REAL_FUNDAMENTALS
600078,20260331,20260428,20260428,20260428,600078_fin.csv,REAL_FUNDAMENTALS
600079,20260331,20260430,20260430,20260430,600079_fin.csv,REAL_FUNDAMENTALS
600080,20260331,20260429,20260429,20260429,600080_fin.csv,REAL_FUNDAMENTALS
600081,20260331,20260430,20260430,20260430,600081_fin.csv,REAL_FUNDAMENTALS
600082,20260331,20260429,20260429,20260429,600082_fin.csv,REAL_FUNDAMENTALS
600084,20260331,20260430,20260430,20260430,600084_fin.csv,REAL_FUNDAMENTALS
600085,20260331,20260430,20260430,20260430,600085_fin.csv,REAL_FUNDAMENTALS
600088,20260331,20260429,20260429,20260429,600088_fin.csv,REAL_FUNDAMENTALS
600089,20260331,20260430,20260430,20260430,600089_fin.csv,REAL_FUNDAMENTALS
600094,20260331,20260423,20260423,20260423,600094_fin.csv,REAL_FUNDAMENTALS
600095,20260331,20260425,20260425,20260425,600095_fin.csv,REAL_FUNDAMENTALS
600096,20260331,20260428,20260428,20260428,600096_fin.csv,REAL_FUNDAMENTALS
600097,20260331,20260429,20260429,20260429,600097_fin.csv,REAL_FUNDAMENTALS
600098,20260331,20260430,20260430,20260430,600098_fin.csv,REAL_FUNDAMENTALS
600099,20260331,20260425,20260425,20260425,600099_fin.csv,REAL_FUNDAMENTALS
600100,20260331,20260429,20260429,20260429,600100_fin.csv,REAL_FUNDAMENTALS
600101,20260331,20260429,20260429,20260429,600101_fin.csv,REAL_FUNDAMENTALS
600103,20260331,20260430,20260430,20260430,600103_fin.csv,REAL_FUNDAMENTALS
600104,20260331,20260430,20260430,20260430,600104_fin.csv,REAL_FUNDAMENTALS
600105,20260331,20260421,20260421,20260421,600105_fin.csv,REAL_FUNDAMENTALS
600106,20260331,20260423,20260423,20260423,600106_fin.csv,REAL_FUNDAMENTALS
600107,20260331,20260430,20260430,20260430,600107_fin.csv,REAL_FUNDAMENTALS
600108,20260331,20260430,20260430,20260430,600108_fin.csv,REAL_FUNDAMENTALS
600109,20260331,20260424,20260424,20260424,600109_fin.csv,REAL_FUNDAMENTALS
600110,20260331,20260423,20260423,20260423,600110_fin.csv,REAL_FUNDAMENTALS
600111,20260331,20260429,20260429,20260429,600111_fin.csv,REAL_FUNDAMENTALS
600113,20260331,20260430,20260430,20260430,600113_fin.csv,REAL_FUNDAMENTALS
600114,20260331,20260421,20260421,20260421,600114_fin.csv,REAL_FUNDAMENTALS
600115,20260331,20260430,20260430,20260430,600115_fin.csv,REAL_FUNDAMENTALS
600116,20260331,20260423,20260423,20260423,600116_fin.csv,REAL_FUNDAMENTALS
600117,20260331,20260430,20260430,20260430,600117_fin.csv,REAL_FUNDAMENTALS
600118,20260331,20260422,20260422,20260422,600118_fin.csv,REAL_FUNDAMENTALS
600119,20260331,20260427,20260427,20260427,600119_fin.csv,REAL_FUNDAMENTALS
600120,20260331,20260430,20260430,20260430,600120_fin.csv,REAL_FUNDAMENTALS
600121,20260331,20260425,20260425,20260425,600121_fin.csv,REAL_FUNDAMENTALS
600123,20260331,20260424,20260424,20260424,600123_fin.csv,REAL_FUNDAMENTALS
600125,20260331,20260430,20260430,20260430,600125_fin.csv,REAL_FUNDAMENTALS
600126,20260331,20260425,20260425,20260425,600126_fin.csv,REAL_FUNDAMENTALS
600127,20260331,20260430,20260430,20260430,600127_fin.csv,REAL_FUNDAMENTALS
600128,20260331,20260429,20260429,20260429,600128_fin.csv,REAL_FUNDAMENTALS
600129,20260331,20260430,20260430,20260430,600129_fin.csv,REAL_FUNDAMENTALS
600130,20260331,20260430,20260430,20260430,600130_fin.csv,REAL_FUNDAMENTALS
600131,20260331,20260425,20260425,20260425,600131_fin.csv,REAL_FUNDAMENTALS
600132,20260331,20260430,20260430,20260430,600132_fin.csv,REAL_FUNDAMENTALS
600133,20260331,20260428,20260428,20260428,600133_fin.csv,REAL_FUNDAMENTALS
600135,20260331,20260429,20260429,20260429,600135_fin.csv,REAL_FUNDAMENTALS
600136,20260331,20260423,20260423,20260423,600136_fin.csv,REAL_FUNDAMENTALS
600137,20260331,20260430,20260430,20260430,600137_fin.csv,REAL_FUNDAMENTALS
600138,20260331,20260430,20260430,20260430,600138_fin.csv,REAL_FUNDAMENTALS
600141,20260331,20260429,20260429,20260429,600141_fin.csv,REAL_FUNDAMENTALS
600143,20260331,20260421,20260421,20260421,600143_fin.csv,REAL_FUNDAMENTALS
600148,20260331,20260425,20260425,20260425,600148_fin.csv,REAL_FUNDAMENTALS
600149,20260331,20260430,20260430,20260430,600149_fin.csv,REAL_FUNDAMENTALS
600150,20260331,20260430,20260430,20260430,600150_fin.csv,REAL_FUNDAMENTALS
600151,20260331,20260429,20260429,20260429,600151_fin.csv,REAL_FUNDAMENTALS
600152,20260331,20260430,20260430,20260430,600152_fin.csv,REAL_FUNDAMENTALS
600153,20260331,20260428,20260428,20260428,600153_fin.csv,REAL_FUNDAMENTALS
600155,20260331,20260430,20260430,20260430,600155_fin.csv,REAL_FUNDAMENTALS
600156,20260331,20260428,20260428,20260428,600156_fin.csv,REAL_FUNDAMENTALS
600157,20260331,20260428,20260428,20260428,600157_fin.csv,REAL_FUNDAMENTALS
600158,20260331,20260430,20260430,20260430,600158_fin.csv,REAL_FUNDAMENTALS
600159,20260331,20260430,20260430,20260430,600159_fin.csv,REAL_FUNDAMENTALS
600160,20260331,20260429,20260429,20260429,600160_fin.csv,REAL_FUNDAMENTALS
600161,20260331,20260430,20260430,20260430,600161_fin.csv,REAL_FUNDAMENTALS
600162,20260331,20260430,20260430,20260430,600162_fin.csv,REAL_FUNDAMENTALS
600163,20260331,20260430,20260430,20260430,600163_fin.csv,REAL_FUNDAMENTALS
600165,20260331,20260430,20260430,20260430,600165_fin.csv,REAL_FUNDAMENTALS
600166,20260331,20260430,20260430,20260430,600166_fin.csv,REAL_FUNDAMENTALS
600167,20260331,20260429,20260429,20260429,600167_fin.csv,REAL_FUNDAMENTALS
600168,20260331,20260429,20260429,20260429,600168_fin.csv,REAL_FUNDAMENTALS
600169,20260331,20260421,20260421,20260421,600169_fin.csv,REAL_FUNDAMENTALS
600170,20260331,20260430,20260430,20260430,600170_fin.csv,REAL_FUNDAMENTALS
600171,20260331,20260425,20260425,20260425,600171_fin.csv,REAL_FUNDAMENTALS
600172,20260331,20260430,20260430,20260430,600172_fin.csv,REAL_FUNDAMENTALS
600173,20260331,20260425,20260425,20260425,600173_fin.csv,REAL_FUNDAMENTALS
600176,20260331,20260425,20260425,20260425,600176_fin.csv,REAL_FUNDAMENTALS
600177,20260331,20260430,20260430,20260430,600177_fin.csv,REAL_FUNDAMENTALS
600178,20260331,20260428,20260428,20260428,600178_fin.csv,REAL_FUNDAMENTALS
600179,20260331,20260425,20260425,20260425,600179_fin.csv,REAL_FUNDAMENTALS
600180,20260331,20260429,20260429,20260429,600180_fin.csv,REAL_FUNDAMENTALS
600182,20260331,20260423,20260423,20260423,600182_fin.csv,REAL_FUNDAMENTALS
600183,20260331,20260429,20260429,20260429,600183_fin.csv,REAL_FUNDAMENTALS
600184,20260331,20260425,20260425,20260425,600184_fin.csv,REAL_FUNDAMENTALS
600185,20260331,20260428,20260428,20260428,600185_fin.csv,REAL_FUNDAMENTALS
600186,20260331,20260423,20260423,20260423,600186_fin.csv,REAL_FUNDAMENTALS
600187,20260331,20260430,20260430,20260430,600187_fin.csv,REAL_FUNDAMENTALS
600188,20260331,20260429,20260429,20260429,600188_fin.csv,REAL_FUNDAMENTALS
600189,20260331,20260429,20260429,20260429,600189_fin.csv,REAL_FUNDAMENTALS
600191,20260331,20260430,20260430,20260430,600191_fin.csv,REAL_FUNDAMENTALS
600192,20260331,20260430,20260430,20260430,600192_fin.csv,REAL_FUNDAMENTALS
600193,20260331,20260428,20260428,20260428,600193_fin.csv,REAL_FUNDAMENTALS
600195,20260331,20260430,20260430,20260430,600195_fin.csv,REAL_FUNDAMENTALS
600196,20260331,20260429,20260429,20260429,600196_fin.csv,REAL_FUNDAMENTALS
600197,20260331,20260428,20260428,20260428,600197_fin.csv,REAL_FUNDAMENTALS
600198,20260331,20260428,20260428,20260428,600198_fin.csv,REAL_FUNDAMENTALS
600199,20260331,20260429,20260429,20260429,600199_fin.csv,REAL_FUNDAMENTALS
600201,20260331,20260423,20260423,20260423,600201_fin.csv,REAL_FUNDAMENTALS
600202,20260331,20260424,20260424,20260424,600202_fin.csv,REAL_FUNDAMENTALS
600203,20260331,20260421,20260421,20260421,600203_fin.csv,REAL_FUNDAMENTALS
600206,20260331,20260425,20260425,20260425,600206_fin.csv,REAL_FUNDAMENTALS
600207,20260331,20260429,20260429,20260429,600207_fin.csv,REAL_FUNDAMENTALS
600208,20260331,20260430,20260430,20260430,600208_fin.csv,REAL_FUNDAMENTALS
600210,20260331,20260429,20260429,20260429,600210_fin.csv,REAL_FUNDAMENTALS
600211,20260331,20260429,20260429,20260429,600211_fin.csv,REAL_FUNDAMENTALS
600212,20260331,20260430,20260430,20260430,600212_fin.csv,REAL_FUNDAMENTALS
600215,20260331,20260430,20260430,20260430,600215_fin.csv,REAL_FUNDAMENTALS
600216,20260331,20260424,20260424,20260424,600216_fin.csv,REAL_FUNDAMENTALS
600217,20260331,20260429,20260429,20260429,600217_fin.csv,REAL_FUNDAMENTALS
600218,20260331,20260430,20260430,20260430,600218_fin.csv,REAL_FUNDAMENTALS
600219,20260331,20260428,20260428,20260428,600219_fin.csv,REAL_FUNDAMENTALS
600221,20260331,20260430,20260430,20260430,600221_fin.csv,REAL_FUNDAMENTALS
600222,20260331,20260430,20260430,20260430,600222_fin.csv,REAL_FUNDAMENTALS
600223,20260331,20260428,20260428,20260428,600223_fin.csv,REAL_FUNDAMENTALS
600226,20260331,20260421,20260421,20260421,600226_fin.csv,REAL_FUNDAMENTALS
600227,20260331,20260428,20260428,20260428,600227_fin.csv,REAL_FUNDAMENTALS
600228,20260331,20260425,20260425,20260425,600228_fin.csv,REAL_FUNDAMENTALS
600229,20260331,20260430,20260430,20260430,600229_fin.csv,REAL_FUNDAMENTALS
600230,20260331,20260430,20260430,20260430,600230_fin.csv,REAL_FUNDAMENTALS
600231,20260331,20260430,20260430,20260430,600231_fin.csv,REAL_FUNDAMENTALS
600232,20260331,20260430,20260430,20260430,600232_fin.csv,REAL_FUNDAMENTALS
600233,20260331,20260423,20260423,20260423,600233_fin.csv,REAL_FUNDAMENTALS
600234,20260331,20260429,20260429,20260429,600234_fin.csv,REAL_FUNDAMENTALS
600235,20260331,20260424,20260424,20260424,600235_fin.csv,REAL_FUNDAMENTALS
600236,20260331,20260423,20260423,20260423,600236_fin.csv,REAL_FUNDAMENTALS
600237,20260331,20260425,20260425,20260425,600237_fin.csv,REAL_FUNDAMENTALS
600238,20260331,20260430,20260430,20260430,600238_fin.csv,REAL_FUNDAMENTALS
600239,20260331,20260429,20260429,20260429,600239_fin.csv,REAL_FUNDAMENTALS
600241,20260331,20260425,20260425,20260425,600241_fin.csv,REAL_FUNDAMENTALS
600243,20260331,20260428,20260428,20260428,600243_fin.csv,REAL_FUNDAMENTALS
600246,20260331,20260430,20260430,20260430,600246_fin.csv,REAL_FUNDAMENTALS
600248,20260331,20260430,20260430,20260430,600248_fin.csv,REAL_FUNDAMENTALS
600249,20260331,20260429,20260429,20260429,600249_fin.csv,REAL_FUNDAMENTALS
600250,20260331,20260418,20260418,20260418,600250_fin.csv,REAL_FUNDAMENTALS
600251,20260331,20260428,20260428,20260428,600251_fin.csv,REAL_FUNDAMENTALS
600252,20260331,20260430,20260430,20260430,600252_fin.csv,REAL_FUNDAMENTALS
600255,20260331,20260429,20260429,20260429,600255_fin.csv,REAL_FUNDAMENTALS
600256,20260331,20260424,20260424,20260424,600256_fin.csv,REAL_FUNDAMENTALS
600257,20260331,20260430,20260430,20260430,600257_fin.csv,REAL_FUNDAMENTALS
600258,20260331,20260429,20260429,20260429,600258_fin.csv,REAL_FUNDAMENTALS
600259,20260331,20260429,20260429,20260429,600259_fin.csv,REAL_FUNDAMENTALS
600261,20260331,20260430,20260430,20260430,600261_fin.csv,REAL_FUNDAMENTALS
600262,20260331,20260429,20260429,20260429,600262_fin.csv,REAL_FUNDAMENTALS
600265,20260331,20260424,20260424,20260424,600265_fin.csv,REAL_FUNDAMENTALS
600266,20260331,20260430,20260430,20260430,600266_fin.csv,REAL_FUNDAMENTALS
600267,20260331,20260428,20260428,20260428,600267_fin.csv,REAL_FUNDAMENTALS
600268,20260331,20260424,20260424,20260424,600268_fin.csv,REAL_FUNDAMENTALS
600269,20260331,20260428,20260428,20260428,600269_fin.csv,REAL_FUNDAMENTALS
600271,20260331,20260430,20260430,20260430,600271_fin.csv,REAL_FUNDAMENTALS
600272,20260331,20260430,20260430,20260430,600272_fin.csv,REAL_FUNDAMENTALS
600273,20260331,20260425,20260425,20260425,600273_fin.csv,REAL_FUNDAMENTALS
600276,20260331,20260423,20260423,20260423,600276_fin.csv,REAL_FUNDAMENTALS
600278,20260331,20260429,20260429,20260429,600278_fin.csv,REAL_FUNDAMENTALS
600279,20260331,20260429,20260429,20260429,600279_fin.csv,REAL_FUNDAMENTALS
600280,20260331,20260429,20260429,20260429,600280_fin.csv,REAL_FUNDAMENTALS
600281,20260331,20260430,20260430,20260430,600281_fin.csv,REAL_FUNDAMENTALS
600282,20260331,20260423,20260423,20260423,600282_fin.csv,REAL_FUNDAMENTALS
600283,20260331,20260429,20260429,20260429,600283_fin.csv,REAL_FUNDAMENTALS
600284,20260331,20260430,20260430,20260430,600284_fin.csv,REAL_FUNDAMENTALS
600285,20260331,20260428,20260428,20260428,600285_fin.csv,REAL_FUNDAMENTALS
600287,20260331,20260423,20260423,20260423,600287_fin.csv,REAL_FUNDAMENTALS
600288,20260331,20260430,20260430,20260430,600288_fin.csv,REAL_FUNDAMENTALS
600289,20260331,20260428,20260428,20260428,600289_fin.csv,REAL_FUNDAMENTALS
600292,20260331,20260430,20260430,20260430,600292_fin.csv,REAL_FUNDAMENTALS
600293,20260331,20260424,20260424,20260424,600293_fin.csv,REAL_FUNDAMENTALS
600295,20260331,20260430,20260430,20260430,600295_fin.csv,REAL_FUNDAMENTALS
600298,20260331,20260428,20260428,20260428,600298_fin.csv,REAL_FUNDAMENTALS
600299,20260331,20260430,20260430,20260430,600299_fin.csv,REAL_FUNDAMENTALS
600300,20260331,20260430,20260430,20260430,600300_fin.csv,REAL_FUNDAMENTALS
600301,20260331,20260422,20260422,20260422,600301_fin.csv,REAL_FUNDAMENTALS
600302,20260331,20260430,20260430,20260430,600302_fin.csv,REAL_FUNDAMENTALS
600303,20260331,20260430,20260430,20260430,600303_fin.csv,REAL_FUNDAMENTALS
600305,20260331,20260430,20260430,20260430,600305_fin.csv,REAL_FUNDAMENTALS
600307,20260331,20260423,20260423,20260423,600307_fin.csv,REAL_FUNDAMENTALS
600308,20260331,20260430,20260430,20260430,600308_fin.csv,REAL_FUNDAMENTALS
600309,20260331,20260421,20260421,20260421,600309_fin.csv,REAL_FUNDAMENTALS
600310,20260331,20260425,20260425,20260425,600310_fin.csv,REAL_FUNDAMENTALS
600312,20260331,20260422,20260422,20260422,600312_fin.csv,REAL_FUNDAMENTALS
600313,20260331,20260430,20260430,20260430,600313_fin.csv,REAL_FUNDAMENTALS
600315,20260331,20260428,20260428,20260428,600315_fin.csv,REAL_FUNDAMENTALS
600316,20260331,20260425,20260425,20260425,600316_fin.csv,REAL_FUNDAMENTALS
600318,20260331,20260416,20260416,20260416,600318_fin.csv,REAL_FUNDAMENTALS
600319,20260331,20260423,20260423,20260423,600319_fin.csv,REAL_FUNDAMENTALS
600320,20260331,20260428,20260428,20260428,600320_fin.csv,REAL_FUNDAMENTALS
600322,20260331,20260430,20260430,20260430,600322_fin.csv,REAL_FUNDAMENTALS
600323,20260331,20260429,20260429,20260429,600323_fin.csv,REAL_FUNDAMENTALS
600325,20260331,20260430,20260430,20260430,600325_fin.csv,REAL_FUNDAMENTALS
600326,20260331,20260429,20260429,20260429,600326_fin.csv,REAL_FUNDAMENTALS
600327,20260331,20260429,20260429,20260429,600327_fin.csv,REAL_FUNDAMENTALS
600328,20260331,20260430,20260430,20260430,600328_fin.csv,REAL_FUNDAMENTALS
600329,20260331,20260430,20260430,20260430,600329_fin.csv,REAL_FUNDAMENTALS
600330,20260331,20260428,20260428,20260428,600330_fin.csv,REAL_FUNDAMENTALS
600331,20260331,20260430,20260430,20260430,600331_fin.csv,REAL_FUNDAMENTALS
600332,20260331,20260428,20260428,20260428,600332_fin.csv,REAL_FUNDAMENTALS
600333,20260331,20260424,20260424,20260424,600333_fin.csv,REAL_FUNDAMENTALS
600335,20260331,20260424,20260424,20260424,600335_fin.csv,REAL_FUNDAMENTALS
600336,20260331,20260429,20260429,20260429,600336_fin.csv,REAL_FUNDAMENTALS
600337,20260331,20260430,20260430,20260430,600337_fin.csv,REAL_FUNDAMENTALS
600338,20260331,20260423,20260423,20260423,600338_fin.csv,REAL_FUNDAMENTALS
600339,20260331,20260425,20260425,20260425,600339_fin.csv,REAL_FUNDAMENTALS
600340,20260331,20260430,20260430,20260430,600340_fin.csv,REAL_FUNDAMENTALS
600343,20260331,20260430,20260430,20260430,600343_fin.csv,REAL_FUNDAMENTALS
600345,20260331,20260430,20260430,20260430,600345_fin.csv,REAL_FUNDAMENTALS
600346,20260331,20260422,20260422,20260422,600346_fin.csv,REAL_FUNDAMENTALS
600348,20260331,20260427,20260427,20260427,600348_fin.csv,REAL_FUNDAMENTALS
600350,20260331,20260430,20260430,20260430,600350_fin.csv,REAL_FUNDAMENTALS
600351,20260331,20260425,20260425,20260425,600351_fin.csv,REAL_FUNDAMENTALS
600352,20260331,20260428,20260428,20260428,600352_fin.csv,REAL_FUNDAMENTALS
600353,20260331,20260430,20260430,20260430,600353_fin.csv,REAL_FUNDAMENTALS
600354,20260331,20260430,20260430,20260430,600354_fin.csv,REAL_FUNDAMENTALS
600356,20260331,20260430,20260430,20260430,600356_fin.csv,REAL_FUNDAMENTALS
600358,20260331,20260430,20260430,20260430,600358_fin.csv,REAL_FUNDAMENTALS
600359,20260331,20260430,20260430,20260430,600359_fin.csv,REAL_FUNDAMENTALS
600360,20260331,20260421,20260421,20260421,600360_fin.csv,REAL_FUNDAMENTALS
600361,20260331,20260425,20260425,20260425,600361_fin.csv,REAL_FUNDAMENTALS
600362,20260331,20260429,20260429,20260429,600362_fin.csv,REAL_FUNDAMENTALS
600363,20260331,20260430,20260430,20260430,600363_fin.csv,REAL_FUNDAMENTALS
600365,20260331,20260421,20260421,20260421,600365_fin.csv,REAL_FUNDAMENTALS
600366,20260331,20260423,20260423,20260423,600366_fin.csv,REAL_FUNDAMENTALS
600367,20260331,20260425,20260425,20260425,600367_fin.csv,REAL_FUNDAMENTALS
600368,20260331,20260425,20260425,20260425,600368_fin.csv,REAL_FUNDAMENTALS
600369,20260331,20260429,20260429,20260429,600369_fin.csv,REAL_FUNDAMENTALS
600370,20260331,20260430,20260430,20260430,600370_fin.csv,REAL_FUNDAMENTALS
600371,20260331,20260428,20260428,20260428,600371_fin.csv,REAL_FUNDAMENTALS
600372,20260331,20260428,20260428,20260428,600372_fin.csv,REAL_FUNDAMENTALS
600373,20260331,20260430,20260430,20260430,600373_fin.csv,REAL_FUNDAMENTALS
600375,20260331,20260428,20260428,20260428,600375_fin.csv,REAL_FUNDAMENTALS
600376,20260331,20260430,20260430,20260430,600376_fin.csv,REAL_FUNDAMENTALS
600377,20260331,20260430,20260430,20260430,600377_fin.csv,REAL_FUNDAMENTALS
600378,20260331,20260430,20260430,20260430,600378_fin.csv,REAL_FUNDAMENTALS
600379,20260331,20260411,20260411,20260411,600379_fin.csv,REAL_FUNDAMENTALS
600380,20260331,20260425,20260425,20260425,600380_fin.csv,REAL_FUNDAMENTALS
600381,20260331,20260430,20260430,20260430,600381_fin.csv,REAL_FUNDAMENTALS
600382,20260331,20260430,20260430,20260430,600382_fin.csv,REAL_FUNDAMENTALS
600383,20260331,20260430,20260430,20260430,600383_fin.csv,REAL_FUNDAMENTALS
600386,20260331,20260430,20260430,20260430,600386_fin.csv,REAL_FUNDAMENTALS
600388,20260331,20260422,20260422,20260422,600388_fin.csv,REAL_FUNDAMENTALS
600389,20260331,20260421,20260421,20260421,600389_fin.csv,REAL_FUNDAMENTALS
600390,20260331,20260430,20260430,20260430,600390_fin.csv,REAL_FUNDAMENTALS
600391,20260331,20260425,20260425,20260425,600391_fin.csv,REAL_FUNDAMENTALS
600392,20260331,20260430,20260430,20260430,600392_fin.csv,REAL_FUNDAMENTALS
600395,20260331,20260429,20260429,20260429,600395_fin.csv,REAL_FUNDAMENTALS
600396,20260331,20260430,20260430,20260430,600396_fin.csv,REAL_FUNDAMENTALS
600397,20260331,20260424,20260424,20260424,600397_fin.csv,REAL_FUNDAMENTALS
600398,20260331,20260430,20260430,20260430,600398_fin.csv,REAL_FUNDAMENTALS
600399,20260331,20260425,20260425,20260425,600399_fin.csv,REAL_FUNDAMENTALS
600400,20260331,20260430,20260430,20260430,600400_fin.csv,REAL_FUNDAMENTALS
600403,20260331,20260430,20260430,20260430,600403_fin.csv,REAL_FUNDAMENTALS
600405,20260331,20260430,20260430,20260430,600405_fin.csv,REAL_FUNDAMENTALS
600406,20260331,20260430,20260430,20260430,600406_fin.csv,REAL_FUNDAMENTALS
600408,20260331,20260425,20260425,20260425,600408_fin.csv,REAL_FUNDAMENTALS
600409,20260331,20260425,20260425,20260425,600409_fin.csv,REAL_FUNDAMENTALS
600410,20260331,20260428,20260428,20260428,600410_fin.csv,REAL_FUNDAMENTALS
600415,20260331,20260423,20260423,20260423,600415_fin.csv,REAL_FUNDAMENTALS
600416,20260331,20260430,20260430,20260430,600416_fin.csv,REAL_FUNDAMENTALS
600418,20260331,20260429,20260429,20260429,600418_fin.csv,REAL_FUNDAMENTALS
600419,20260331,20260423,20260423,20260423,600419_fin.csv,REAL_FUNDAMENTALS
600420,20260331,20260430,20260430,20260430,600420_fin.csv,REAL_FUNDAMENTALS
600421,20260331,20260430,20260430,20260430,600421_fin.csv,REAL_FUNDAMENTALS
600422,20260331,20260425,20260425,20260425,600422_fin.csv,REAL_FUNDAMENTALS
600423,20260331,20260430,20260430,20260430,600423_fin.csv,REAL_FUNDAMENTALS
600425,20260331,20260430,20260430,20260430,600425_fin.csv,REAL_FUNDAMENTALS
600426,20260331,20260428,20260428,20260428,600426_fin.csv,REAL_FUNDAMENTALS
600428,20260331,20260429,20260429,20260429,600428_fin.csv,REAL_FUNDAMENTALS
600429,20260331,20260424,20260424,20260424,600429_fin.csv,REAL_FUNDAMENTALS
600433,20260331,20260424,20260424,20260424,600433_fin.csv,REAL_FUNDAMENTALS
600435,20260331,20260425,20260425,20260425,600435_fin.csv,REAL_FUNDAMENTALS
600436,20260331,20260430,20260430,20260430,600436_fin.csv,REAL_FUNDAMENTALS
600438,20260331,20260430,20260430,20260430,600438_fin.csv,REAL_FUNDAMENTALS
600439,20260331,20260429,20260429,20260429,600439_fin.csv,REAL_FUNDAMENTALS
600444,20260331,20260429,20260429,20260429,600444_fin.csv,REAL_FUNDAMENTALS
600446,20260331,20260425,20260425,20260425,600446_fin.csv,REAL_FUNDAMENTALS
600448,20260331,20260430,20260430,20260430,600448_fin.csv,REAL_FUNDAMENTALS
600449,20260331,20260425,20260425,20260425,600449_fin.csv,REAL_FUNDAMENTALS
600452,20260331,20260429,20260429,20260429,600452_fin.csv,REAL_FUNDAMENTALS
600455,20260331,20260429,20260429,20260429,600455_fin.csv,REAL_FUNDAMENTALS
600456,20260331,20260428,20260428,20260428,600456_fin.csv,REAL_FUNDAMENTALS
600458,20260331,20260430,20260430,20260430,600458_fin.csv,REAL_FUNDAMENTALS
600459,20260331,20260430,20260430,20260430,600459_fin.csv,REAL_FUNDAMENTALS
600460,20260331,20260430,20260430,20260430,600460_fin.csv,REAL_FUNDAMENTALS
600461,20260331,20260430,20260430,20260430,600461_fin.csv,REAL_FUNDAMENTALS
600463,20260331,20260429,20260429,20260429,600463_fin.csv,REAL_FUNDAMENTALS
600467,20260331,20260430,20260430,20260430,600467_fin.csv,REAL_FUNDAMENTALS
600468,20260331,20260429,20260429,20260429,600468_fin.csv,REAL_FUNDAMENTALS
600469,20260331,20260430,20260430,20260430,600469_fin.csv,REAL_FUNDAMENTALS
600470,20260331,20260428,20260428,20260428,600470_fin.csv,REAL_FUNDAMENTALS
600475,20260331,20260429,20260429,20260429,600475_fin.csv,REAL_FUNDAMENTALS
600476,20260331,20260428,20260428,20260428,600476_fin.csv,REAL_FUNDAMENTALS
600477,20260331,20260430,20260430,20260430,600477_fin.csv,REAL_FUNDAMENTALS
600478,20260331,20260430,20260430,20260430,600478_fin.csv,REAL_FUNDAMENTALS
600479,20260331,20260429,20260429,20260429,600479_fin.csv,REAL_FUNDAMENTALS
600480,20260331,20260428,20260428,20260428,600480_fin.csv,REAL_FUNDAMENTALS
600481,20260331,20260430,20260430,20260430,600481_fin.csv,REAL_FUNDAMENTALS
600482,20260331,20260430,20260430,20260430,600482_fin.csv,REAL_FUNDAMENTALS
600483,20260331,20260423,20260423,20260423,600483_fin.csv,REAL_FUNDAMENTALS
600486,20260331,20260428,20260428,20260428,600486_fin.csv,REAL_FUNDAMENTALS
600487,20260331,20260425,20260425,20260425,600487_fin.csv,REAL_FUNDAMENTALS
600488,20260331,20260425,20260425,20260425,600488_fin.csv,REAL_FUNDAMENTALS
600489,20260331,20260429,20260429,20260429,600489_fin.csv,REAL_FUNDAMENTALS
600490,20260331,20260425,20260425,20260425,600490_fin.csv,REAL_FUNDAMENTALS
600491,20260331,20260430,20260430,20260430,600491_fin.csv,REAL_FUNDAMENTALS
600493,20260331,20260422,20260422,20260422,600493_fin.csv,REAL_FUNDAMENTALS
600495,20260331,20260429,20260429,20260429,600495_fin.csv,REAL_FUNDAMENTALS
600496,20260331,20260429,20260429,20260429,600496_fin.csv,REAL_FUNDAMENTALS
600497,20260331,20260429,20260429,20260429,600497_fin.csv,REAL_FUNDAMENTALS
600498,20260331,20260430,20260430,20260430,600498_fin.csv,REAL_FUNDAMENTALS
600499,20260331,20260424,20260424,20260424,600499_fin.csv,REAL_FUNDAMENTALS
600500,20260331,20260429,20260429,20260429,600500_fin.csv,REAL_FUNDAMENTALS
600501,20260331,20260425,20260425,20260425,600501_fin.csv,REAL_FUNDAMENTALS
600502,20260331,20260425,20260425,20260425,600502_fin.csv,REAL_FUNDAMENTALS
600503,20260331,20260429,20260429,20260429,600503_fin.csv,REAL_FUNDAMENTALS
600505,20260331,20260430,20260430,20260430,600505_fin.csv,REAL_FUNDAMENTALS
600506,20260331,20260428,20260428,20260428,600506_fin.csv,REAL_FUNDAMENTALS
600507,20260331,20260428,20260428,20260428,600507_fin.csv,REAL_FUNDAMENTALS
600508,20260331,20260428,20260428,20260428,600508_fin.csv,REAL_FUNDAMENTALS
600509,20260331,20260422,20260422,20260422,600509_fin.csv,REAL_FUNDAMENTALS
600510,20260331,20260421,20260421,20260421,600510_fin.csv,REAL_FUNDAMENTALS
600511,20260331,20260423,20260423,20260423,600511_fin.csv,REAL_FUNDAMENTALS
600512,20260331,20260429,20260429,20260429,600512_fin.csv,REAL_FUNDAMENTALS
600513,20260331,20260428,20260428,20260428,600513_fin.csv,REAL_FUNDAMENTALS
600515,20260331,20260428,20260428,20260428,600515_fin.csv,REAL_FUNDAMENTALS
600516,20260331,20260430,20260430,20260430,600516_fin.csv,REAL_FUNDAMENTALS
600517,20260331,20260430,20260430,20260430,600517_fin.csv,REAL_FUNDAMENTALS
600518,20260331,20260430,20260430,20260430,600518_fin.csv,REAL_FUNDAMENTALS
600519,20260331,20260425,20260425,20260425,600519_fin.csv,REAL_FUNDAMENTALS
600520,20260331,20260428,20260428,20260428,600520_fin.csv,REAL_FUNDAMENTALS
600521,20260331,20260430,20260430,20260430,600521_fin.csv,REAL_FUNDAMENTALS
600522,20260331,20260425,20260425,20260425,600522_fin.csv,REAL_FUNDAMENTALS
600523,20260331,20260425,20260425,20260425,600523_fin.csv,REAL_FUNDAMENTALS
600525,20260331,20260429,20260429,20260429,600525_fin.csv,REAL_FUNDAMENTALS
600526,20260331,20260430,20260430,20260430,600526_fin.csv,REAL_FUNDAMENTALS
600527,20260331,20260430,20260430,20260430,600527_fin.csv,REAL_FUNDAMENTALS
600528,20260331,20260430,20260430,20260430,600528_fin.csv,REAL_FUNDAMENTALS
600529,20260331,20260425,20260425,20260425,600529_fin.csv,REAL_FUNDAMENTALS
600530,20260331,20260429,20260429,20260429,600530_fin.csv,REAL_FUNDAMENTALS
600531,20260331,20260429,20260429,20260429,600531_fin.csv,REAL_FUNDAMENTALS
600533,20260331,20260430,20260430,20260430,600533_fin.csv,REAL_FUNDAMENTALS
600535,20260331,20260425,20260425,20260425,600535_fin.csv,REAL_FUNDAMENTALS
600536,20260331,20260424,20260424,20260424,600536_fin.csv,REAL_FUNDAMENTALS
600537,20260331,20260428,20260428,20260428,600537_fin.csv,REAL_FUNDAMENTALS
600538,20260331,20260429,20260429,20260429,600538_fin.csv,REAL_FUNDAMENTALS
600539,20260331,20260430,20260430,20260430,600539_fin.csv,REAL_FUNDAMENTALS
600540,20260331,20260430,20260430,20260430,600540_fin.csv,REAL_FUNDAMENTALS
600543,20260331,20260430,20260430,20260430,600543_fin.csv,REAL_FUNDAMENTALS
600545,20260331,20260429,20260429,20260429,600545_fin.csv,REAL_FUNDAMENTALS
600546,20260331,20260424,20260424,20260424,600546_fin.csv,REAL_FUNDAMENTALS
600547,20260331,20260430,20260430,20260430,600547_fin.csv,REAL_FUNDAMENTALS
600548,20260331,20260429,20260429,20260429,600548_fin.csv,REAL_FUNDAMENTALS
600549,20260331,20260424,20260424,20260424,600549_fin.csv,REAL_FUNDAMENTALS
600550,20260331,20260411,20260411,20260411,600550_fin.csv,REAL_FUNDAMENTALS
600551,20260331,20260430,20260430,20260430,600551_fin.csv,REAL_FUNDAMENTALS
600552,20260331,20260430,20260430,20260430,600552_fin.csv,REAL_FUNDAMENTALS
600556,20260331,20260429,20260429,20260429,600556_fin.csv,REAL_FUNDAMENTALS
600557,20260331,20260430,20260430,20260430,600557_fin.csv,REAL_FUNDAMENTALS
600558,20260331,20260428,20260428,20260428,600558_fin.csv,REAL_FUNDAMENTALS
600559,20260331,20260423,20260423,20260423,600559_fin.csv,REAL_FUNDAMENTALS
600560,20260331,20260429,20260429,20260429,600560_fin.csv,REAL_FUNDAMENTALS
600561,20260331,20260429,20260429,20260429,600561_fin.csv,REAL_FUNDAMENTALS
600562,20260331,20260423,20260423,20260423,600562_fin.csv,REAL_FUNDAMENTALS
600563,20260331,20260430,20260430,20260430,600563_fin.csv,REAL_FUNDAMENTALS
600566,20260331,20260424,20260424,20260424,600566_fin.csv,REAL_FUNDAMENTALS
600567,20260331,20260430,20260430,20260430,600567_fin.csv,REAL_FUNDAMENTALS
600568,20260331,20260430,20260430,20260430,600568_fin.csv,REAL_FUNDAMENTALS
600569,20260331,20260430,20260430,20260430,600569_fin.csv,REAL_FUNDAMENTALS
600570,20260331,20260430,20260430,20260430,600570_fin.csv,REAL_FUNDAMENTALS
600571,20260331,20260430,20260430,20260430,600571_fin.csv,REAL_FUNDAMENTALS
600572,20260331,20260423,20260423,20260423,600572_fin.csv,REAL_FUNDAMENTALS
600573,20260331,20260422,20260422,20260422,600573_fin.csv,REAL_FUNDAMENTALS
600575,20260331,20260428,20260428,20260428,600575_fin.csv,REAL_FUNDAMENTALS
600576,20260331,20260430,20260430,20260430,600576_fin.csv,REAL_FUNDAMENTALS
600577,20260331,20260430,20260430,20260430,600577_fin.csv,REAL_FUNDAMENTALS
600578,20260331,20260425,20260425,20260425,600578_fin.csv,REAL_FUNDAMENTALS
600579,20260331,20260429,20260429,20260429,600579_fin.csv,REAL_FUNDAMENTALS
600580,20260331,20260430,20260430,20260430,600580_fin.csv,REAL_FUNDAMENTALS
600581,20260331,20260428,20260428,20260428,600581_fin.csv,REAL_FUNDAMENTALS
600582,20260331,20260430,20260430,20260430,600582_fin.csv,REAL_FUNDAMENTALS
600583,20260331,20260425,20260425,20260425,600583_fin.csv,REAL_FUNDAMENTALS
600584,20260331,20260429,20260429,20260429,600584_fin.csv,REAL_FUNDAMENTALS
600585,20260331,20260430,20260430,20260430,600585_fin.csv,REAL_FUNDAMENTALS
600586,20260331,20260430,20260430,20260430,600586_fin.csv,REAL_FUNDAMENTALS
600587,20260331,20260430,20260430,20260430,600587_fin.csv,REAL_FUNDAMENTALS
600588,20260331,20260425,20260425,20260425,600588_fin.csv,REAL_FUNDAMENTALS
600589,20260331,20260430,20260430,20260430,600589_fin.csv,REAL_FUNDAMENTALS
600590,20260331,20260429,20260429,20260429,600590_fin.csv,REAL_FUNDAMENTALS
600592,20260331,20260427,20260427,20260427,600592_fin.csv,REAL_FUNDAMENTALS
600593,20260331,20260429,20260429,20260429,600593_fin.csv,REAL_FUNDAMENTALS
600594,20260331,20260423,20260423,20260423,600594_fin.csv,REAL_FUNDAMENTALS
600595,20260331,20260422,20260422,20260422,600595_fin.csv,REAL_FUNDAMENTALS
600596,20260331,20260429,20260429,20260429,600596_fin.csv,REAL_FUNDAMENTALS
600597,20260331,20260430,20260430,20260430,600597_fin.csv,REAL_FUNDAMENTALS
600598,20260331,20260429,20260429,20260429,600598_fin.csv,REAL_FUNDAMENTALS
600599,20260331,20260430,20260430,20260430,600599_fin.csv,REAL_FUNDAMENTALS
600600,20260331,20260428,20260428,20260428,600600_fin.csv,REAL_FUNDAMENTALS
600601,20260331,20260428,20260428,20260428,600601_fin.csv,REAL_FUNDAMENTALS
600602,20260331,20260425,20260425,20260425,600602_fin.csv,REAL_FUNDAMENTALS
600603,20260331,20260424,20260424,20260424,600603_fin.csv,REAL_FUNDAMENTALS
600604,20260331,20260425,20260425,20260425,600604_fin.csv,REAL_FUNDAMENTALS
600605,20260331,20260429,20260429,20260429,600605_fin.csv,REAL_FUNDAMENTALS
600606,20260331,20260429,20260429,20260429,600606_fin.csv,REAL_FUNDAMENTALS
600608,20260331,20260430,20260430,20260430,600608_fin.csv,REAL_FUNDAMENTALS
600609,20260331,20260430,20260430,20260430,600609_fin.csv,REAL_FUNDAMENTALS
600610,20260331,20260425,20260425,20260425,600610_fin.csv,REAL_FUNDAMENTALS
600611,20260331,20260430,20260430,20260430,600611_fin.csv,REAL_FUNDAMENTALS
600612,20260331,20260424,20260424,20260424,600612_fin.csv,REAL_FUNDAMENTALS
600613,20260331,20260429,20260429,20260429,600613_fin.csv,REAL_FUNDAMENTALS
600615,20260331,20260425,20260425,20260425,600615_fin.csv,REAL_FUNDAMENTALS
600616,20260331,20260430,20260430,20260430,600616_fin.csv,REAL_FUNDAMENTALS
600617,20260331,20260430,20260430,20260430,600617_fin.csv,REAL_FUNDAMENTALS
600618,20260331,20260429,20260429,20260429,600618_fin.csv,REAL_FUNDAMENTALS
600619,20260331,20260430,20260430,20260430,600619_fin.csv,REAL_FUNDAMENTALS
600620,20260331,20260430,20260430,20260430,600620_fin.csv,REAL_FUNDAMENTALS
600621,20260331,20260428,20260428,20260428,600621_fin.csv,REAL_FUNDAMENTALS
600622,20260331,20260430,20260430,20260430,600622_fin.csv,REAL_FUNDAMENTALS
600623,20260331,20260428,20260428,20260428,600623_fin.csv,REAL_FUNDAMENTALS
600624,20260331,20260430,20260430,20260430,600624_fin.csv,REAL_FUNDAMENTALS
600626,20260331,20260430,20260430,20260430,600626_fin.csv,REAL_FUNDAMENTALS
600628,20260331,20260430,20260430,20260430,600628_fin.csv,REAL_FUNDAMENTALS
600629,20260331,20260430,20260430,20260430,600629_fin.csv,REAL_FUNDAMENTALS
600630,20260331,20260429,20260429,20260429,600630_fin.csv,REAL_FUNDAMENTALS
600633,20260331,20260429,20260429,20260429,600633_fin.csv,REAL_FUNDAMENTALS
600635,20260331,20260430,20260430,20260430,600635_fin.csv,REAL_FUNDAMENTALS
600636,20260331,20260430,20260430,20260430,600636_fin.csv,REAL_FUNDAMENTALS
600637,20260331,20260430,20260430,20260430,600637_fin.csv,REAL_FUNDAMENTALS
600638,20260331,20260422,20260422,20260422,600638_fin.csv,REAL_FUNDAMENTALS
600639,20260331,20260430,20260430,20260430,600639_fin.csv,REAL_FUNDAMENTALS
600640,20260331,20260423,20260423,20260423,600640_fin.csv,REAL_FUNDAMENTALS
600641,20260331,20260430,20260430,20260430,600641_fin.csv,REAL_FUNDAMENTALS
600642,20260331,20260427,20260427,20260427,600642_fin.csv,REAL_FUNDAMENTALS
600643,20260331,20260430,20260430,20260430,600643_fin.csv,REAL_FUNDAMENTALS
600644,20260331,20260425,20260425,20260425,600644_fin.csv,REAL_FUNDAMENTALS
600645,20260331,20260425,20260425,20260425,600645_fin.csv,REAL_FUNDAMENTALS
600648,20260331,20260430,20260430,20260430,600648_fin.csv,REAL_FUNDAMENTALS
600649,20260331,20260430,20260430,20260430,600649_fin.csv,REAL_FUNDAMENTALS
600650,20260331,20260430,20260430,20260430,600650_fin.csv,REAL_FUNDAMENTALS
600651,20260331,20260430,20260430,20260430,600651_fin.csv,REAL_FUNDAMENTALS
600653,20260331,20260425,20260425,20260425,600653_fin.csv,REAL_FUNDAMENTALS
600654,20260331,20260429,20260429,20260429,600654_fin.csv,REAL_FUNDAMENTALS
600655,20260331,20260417,20260417,20260417,600655_fin.csv,REAL_FUNDAMENTALS
600657,20260331,20260429,20260429,20260429,600657_fin.csv,REAL_FUNDAMENTALS
600658,20260331,20260430,20260430,20260430,600658_fin.csv,REAL_FUNDAMENTALS
600660,20260331,20260422,20260422,20260422,600660_fin.csv,REAL_FUNDAMENTALS
600661,20260331,20260423,20260423,20260423,600661_fin.csv,REAL_FUNDAMENTALS
600662,20260331,20260424,20260424,20260424,600662_fin.csv,REAL_FUNDAMENTALS
600663,20260331,20260422,20260422,20260422,600663_fin.csv,REAL_FUNDAMENTALS
600664,20260331,20260423,20260423,20260423,600664_fin.csv,REAL_FUNDAMENTALS
600665,20260331,20260427,20260427,20260427,600665_fin.csv,REAL_FUNDAMENTALS
600666,20260331,20260429,20260429,20260429,600666_fin.csv,REAL_FUNDAMENTALS
600667,20260331,20260424,20260424,20260424,600667_fin.csv,REAL_FUNDAMENTALS
600668,20260331,20260429,20260429,20260429,600668_fin.csv,REAL_FUNDAMENTALS
600671,20260331,20260430,20260430,20260430,600671_fin.csv,REAL_FUNDAMENTALS
600673,20260331,20260428,20260428,20260428,600673_fin.csv,REAL_FUNDAMENTALS
600674,20260331,20260418,20260418,20260418,600674_fin.csv,REAL_FUNDAMENTALS
600675,20260331,20260428,20260428,20260428,600675_fin.csv,REAL_FUNDAMENTALS
600676,20260331,20260430,20260430,20260430,600676_fin.csv,REAL_FUNDAMENTALS
600678,20260331,20260430,20260430,20260430,600678_fin.csv,REAL_FUNDAMENTALS
600679,20260331,20260429,20260429,20260429,600679_fin.csv,REAL_FUNDAMENTALS
600681,20260331,20260429,20260429,20260429,600681_fin.csv,REAL_FUNDAMENTALS
600682,20260331,20260430,20260430,20260430,600682_fin.csv,REAL_FUNDAMENTALS
600683,20260331,20260430,20260430,20260430,600683_fin.csv,REAL_FUNDAMENTALS
600684,20260331,20260430,20260430,20260430,600684_fin.csv,REAL_FUNDAMENTALS
600685,20260331,20260430,20260430,20260430,600685_fin.csv,REAL_FUNDAMENTALS
600686,20260331,20260429,20260429,20260429,600686_fin.csv,REAL_FUNDAMENTALS
600688,20260331,20260430,20260430,20260430,600688_fin.csv,REAL_FUNDAMENTALS
600689,20260331,20260430,20260430,20260430,600689_fin.csv,REAL_FUNDAMENTALS
600690,20260331,20260428,20260428,20260428,600690_fin.csv,REAL_FUNDAMENTALS
600691,20260331,20260430,20260430,20260430,600691_fin.csv,REAL_FUNDAMENTALS
600692,20260331,20260430,20260430,20260430,600692_fin.csv,REAL_FUNDAMENTALS
600693,20260331,20260425,20260425,20260425,600693_fin.csv,REAL_FUNDAMENTALS
600694,20260331,20260424,20260424,20260424,600694_fin.csv,REAL_FUNDAMENTALS
600696,20260331,20260430,20260430,20260430,600696_fin.csv,REAL_FUNDAMENTALS
600697,20260331,20260430,20260430,20260430,600697_fin.csv,REAL_FUNDAMENTALS
600698,20260331,20260425,20260425,20260425,600698_fin.csv,REAL_FUNDAMENTALS
600699,20260331,20260428,20260428,20260428,600699_fin.csv,REAL_FUNDAMENTALS
600702,20260331,20260416,20260416,20260416,600702_fin.csv,REAL_FUNDAMENTALS
600703,20260331,20260425,20260425,20260425,600703_fin.csv,REAL_FUNDAMENTALS
600704,20260331,20260428,20260428,20260428,600704_fin.csv,REAL_FUNDAMENTALS
600706,20260331,20260430,20260430,20260430,600706_fin.csv,REAL_FUNDAMENTALS
600707,20260331,20260430,20260430,20260430,600707_fin.csv,REAL_FUNDAMENTALS
600708,20260331,20260429,20260429,20260429,600708_fin.csv,REAL_FUNDAMENTALS
600710,20260331,20260424,20260424,20260424,600710_fin.csv,REAL_FUNDAMENTALS
600711,20260331,20260421,20260421,20260421,600711_fin.csv,REAL_FUNDAMENTALS
600712,20260331,20260429,20260429,20260429,600712_fin.csv,REAL_FUNDAMENTALS
600713,20260331,20260430,20260430,20260430,600713_fin.csv,REAL_FUNDAMENTALS
600714,20260331,20260429,20260429,20260429,600714_fin.csv,REAL_FUNDAMENTALS
600715,20260331,20260430,20260430,20260430,600715_fin.csv,REAL_FUNDAMENTALS
600716,20260331,20260430,20260430,20260430,600716_fin.csv,REAL_FUNDAMENTALS
600717,20260331,20260429,20260429,20260429,600717_fin.csv,REAL_FUNDAMENTALS
600718,20260331,20260429,20260429,20260429,600718_fin.csv,REAL_FUNDAMENTALS
600719,20260331,20260424,20260424,20260424,600719_fin.csv,REAL_FUNDAMENTALS
600720,20260331,20260430,20260430,20260430,600720_fin.csv,REAL_FUNDAMENTALS
600721,20260331,20260425,20260425,20260425,600721_fin.csv,REAL_FUNDAMENTALS
600722,20260331,20260430,20260430,20260430,600722_fin.csv,REAL_FUNDAMENTALS
600724,20260331,20260429,20260429,20260429,600724_fin.csv,REAL_FUNDAMENTALS
600725,20260331,20260429,20260429,20260429,600725_fin.csv,REAL_FUNDAMENTALS
600726,20260331,20260423,20260423,20260423,600726_fin.csv,REAL_FUNDAMENTALS
600727,20260331,20260430,20260430,20260430,600727_fin.csv,REAL_FUNDAMENTALS
600728,20260331,20260430,20260430,20260430,600728_fin.csv,REAL_FUNDAMENTALS
600729,20260331,20260429,20260429,20260429,600729_fin.csv,REAL_FUNDAMENTALS
600730,20260331,20260430,20260430,20260430,600730_fin.csv,REAL_FUNDAMENTALS
600731,20260331,20260428,20260428,20260428,600731_fin.csv,REAL_FUNDAMENTALS
600732,20260331,20260428,20260428,20260428,600732_fin.csv,REAL_FUNDAMENTALS
600733,20260331,20260424,20260424,20260424,600733_fin.csv,REAL_FUNDAMENTALS
600734,20260331,20260429,20260429,20260429,600734_fin.csv,REAL_FUNDAMENTALS
600735,20260331,20260430,20260430,20260430,600735_fin.csv,REAL_FUNDAMENTALS
600736,20260331,20260429,20260429,20260429,600736_fin.csv,REAL_FUNDAMENTALS
600737,20260331,20260428,20260428,20260428,600737_fin.csv,REAL_FUNDAMENTALS
600738,20260331,20260429,20260429,20260429,600738_fin.csv,REAL_FUNDAMENTALS
600739,20260331,20260430,20260430,20260430,600739_fin.csv,REAL_FUNDAMENTALS
600740,20260331,20260421,20260421,20260421,600740_fin.csv,REAL_FUNDAMENTALS
600741,20260331,20260429,20260429,20260429,600741_fin.csv,REAL_FUNDAMENTALS
600742,20260331,20260423,20260423,20260423,600742_fin.csv,REAL_FUNDAMENTALS
600743,20260331,20260430,20260430,20260430,600743_fin.csv,REAL_FUNDAMENTALS
600744,20260331,20260423,20260423,20260423,600744_fin.csv,REAL_FUNDAMENTALS
600745,20260331,20260430,20260430,20260430,600745_fin.csv,REAL_FUNDAMENTALS
600746,20260331,20260418,20260418,20260418,600746_fin.csv,REAL_FUNDAMENTALS
600748,20260331,20260430,20260430,20260430,600748_fin.csv,REAL_FUNDAMENTALS
600749,20260331,20260429,20260429,20260429,600749_fin.csv,REAL_FUNDAMENTALS
600750,20260331,20260425,20260425,20260425,600750_fin.csv,REAL_FUNDAMENTALS
600751,20260331,20260430,20260430,20260430,600751_fin.csv,REAL_FUNDAMENTALS
600753,20260331,20260429,20260429,20260429,600753_fin.csv,REAL_FUNDAMENTALS
600754,20260331,20260430,20260430,20260430,600754_fin.csv,REAL_FUNDAMENTALS
600755,20260331,20260430,20260430,20260430,600755_fin.csv,REAL_FUNDAMENTALS
600756,20260331,20260430,20260430,20260430,600756_fin.csv,REAL_FUNDAMENTALS
600757,20260331,20260429,20260429,20260429,600757_fin.csv,REAL_FUNDAMENTALS
600758,20260331,20260429,20260429,20260429,600758_fin.csv,REAL_FUNDAMENTALS
600759,20260331,20260430,20260430,20260430,600759_fin.csv,REAL_FUNDAMENTALS
600760,20260331,20260429,20260429,20260429,600760_fin.csv,REAL_FUNDAMENTALS
600761,20260331,20260425,20260425,20260425,600761_fin.csv,REAL_FUNDAMENTALS
600763,20260331,20260418,20260418,20260418,600763_fin.csv,REAL_FUNDAMENTALS
600764,20260331,20260430,20260430,20260430,600764_fin.csv,REAL_FUNDAMENTALS
600765,20260331,20260430,20260430,20260430,600765_fin.csv,REAL_FUNDAMENTALS
600768,20260331,20260428,20260428,20260428,600768_fin.csv,REAL_FUNDAMENTALS
600769,20260331,20260424,20260424,20260424,600769_fin.csv,REAL_FUNDAMENTALS
600770,20260331,20260428,20260428,20260428,600770_fin.csv,REAL_FUNDAMENTALS
600771,20260331,20260423,20260423,20260423,600771_fin.csv,REAL_FUNDAMENTALS
600773,20260331,20260430,20260430,20260430,600773_fin.csv,REAL_FUNDAMENTALS
600774,20260331,20260429,20260429,20260429,600774_fin.csv,REAL_FUNDAMENTALS
600775,20260331,20260430,20260430,20260430,600775_fin.csv,REAL_FUNDAMENTALS
600776,20260331,20260428,20260428,20260428,600776_fin.csv,REAL_FUNDAMENTALS
600777,20260331,20260424,20260424,20260424,600777_fin.csv,REAL_FUNDAMENTALS
600778,20260331,20260429,20260429,20260429,600778_fin.csv,REAL_FUNDAMENTALS
600779,20260331,20260430,20260430,20260430,600779_fin.csv,REAL_FUNDAMENTALS
600780,20260331,20260425,20260425,20260425,600780_fin.csv,REAL_FUNDAMENTALS
600782,20260331,20260421,20260421,20260421,600782_fin.csv,REAL_FUNDAMENTALS
600783,20260331,20260430,20260430,20260430,600783_fin.csv,REAL_FUNDAMENTALS
600784,20260331,20260425,20260425,20260425,600784_fin.csv,REAL_FUNDAMENTALS
600785,20260331,20260428,20260428,20260428,600785_fin.csv,REAL_FUNDAMENTALS
600787,20260331,20260430,20260430,20260430,600787_fin.csv,REAL_FUNDAMENTALS
600789,20260331,20260425,20260425,20260425,600789_fin.csv,REAL_FUNDAMENTALS
600790,20260331,20260429,20260429,20260429,600790_fin.csv,REAL_FUNDAMENTALS
600791,20260331,20260424,20260424,20260424,600791_fin.csv,REAL_FUNDAMENTALS
600792,20260331,20260422,20260422,20260422,600792_fin.csv,REAL_FUNDAMENTALS
600793,20260331,20260430,20260430,20260430,600793_fin.csv,REAL_FUNDAMENTALS
600794,20260331,20260425,20260425,20260425,600794_fin.csv,REAL_FUNDAMENTALS
600795,20260331,20260429,20260429,20260429,600795_fin.csv,REAL_FUNDAMENTALS
600796,20260331,20260429,20260429,20260429,600796_fin.csv,REAL_FUNDAMENTALS
600797,20260331,20260430,20260430,20260430,600797_fin.csv,REAL_FUNDAMENTALS
600798,20260331,20260428,20260428,20260428,600798_fin.csv,REAL_FUNDAMENTALS
600800,20260331,20260430,20260430,20260430,600800_fin.csv,REAL_FUNDAMENTALS
600801,20260331,20260430,20260430,20260430,600801_fin.csv,REAL_FUNDAMENTALS
600802,20260331,20260427,20260427,20260427,600802_fin.csv,REAL_FUNDAMENTALS
600803,20260331,20260430,20260430,20260430,600803_fin.csv,REAL_FUNDAMENTALS
600805,20260331,20260430,20260430,20260430,600805_fin.csv,REAL_FUNDAMENTALS
600807,20260331,20260430,20260430,20260430,600807_fin.csv,REAL_FUNDAMENTALS
600808,20260331,20260425,20260425,20260425,600808_fin.csv,REAL_FUNDAMENTALS
600809,20260331,20260430,20260430,20260430,600809_fin.csv,REAL_FUNDAMENTALS
600810,20260331,20260430,20260430,20260430,600810_fin.csv,REAL_FUNDAMENTALS
600812,20260331,20260425,20260425,20260425,600812_fin.csv,REAL_FUNDAMENTALS
600814,20260331,20260430,20260430,20260430,600814_fin.csv,REAL_FUNDAMENTALS
600815,20260331,20260429,20260429,20260429,600815_fin.csv,REAL_FUNDAMENTALS
600816,20260331,20260429,20260429,20260429,600816_fin.csv,REAL_FUNDAMENTALS
600817,20260331,20260429,20260429,20260429,600817_fin.csv,REAL_FUNDAMENTALS
600818,20260331,20260428,20260428,20260428,600818_fin.csv,REAL_FUNDAMENTALS
600819,20260331,20260428,20260428,20260428,600819_fin.csv,REAL_FUNDAMENTALS
600820,20260331,20260430,20260430,20260430,600820_fin.csv,REAL_FUNDAMENTALS
600821,20260331,20260430,20260430,20260430,600821_fin.csv,REAL_FUNDAMENTALS
600822,20260331,20260430,20260430,20260430,600822_fin.csv,REAL_FUNDAMENTALS
600824,20260331,20260428,20260428,20260428,600824_fin.csv,REAL_FUNDAMENTALS
600825,20260331,20260430,20260430,20260430,600825_fin.csv,REAL_FUNDAMENTALS
600826,20260331,20260430,20260430,20260430,600826_fin.csv,REAL_FUNDAMENTALS
600827,20260331,20260430,20260430,20260430,600827_fin.csv,REAL_FUNDAMENTALS
600828,20260331,20260428,20260428,20260428,600828_fin.csv,REAL_FUNDAMENTALS
600829,20260331,20260417,20260417,20260417,600829_fin.csv,REAL_FUNDAMENTALS
600830,20260331,20260425,20260425,20260425,600830_fin.csv,REAL_FUNDAMENTALS
600831,20260331,20260430,20260430,20260430,600831_fin.csv,REAL_FUNDAMENTALS
600833,20260331,20260430,20260430,20260430,600833_fin.csv,REAL_FUNDAMENTALS
600834,20260331,20260430,20260430,20260430,600834_fin.csv,REAL_FUNDAMENTALS
600835,20260331,20260422,20260422,20260422,600835_fin.csv,REAL_FUNDAMENTALS
600838,20260331,20260429,20260429,20260429,600838_fin.csv,REAL_FUNDAMENTALS
600839,20260331,20260425,20260425,20260425,600839_fin.csv,REAL_FUNDAMENTALS
600841,20260331,20260428,20260428,20260428,600841_fin.csv,REAL_FUNDAMENTALS
600843,20260331,20260430,20260430,20260430,600843_fin.csv,REAL_FUNDAMENTALS
600844,20260331,20260430,20260430,20260430,600844_fin.csv,REAL_FUNDAMENTALS
600845,20260331,20260422,20260422,20260422,600845_fin.csv,REAL_FUNDAMENTALS
600846,20260331,20260430,20260430,20260430,600846_fin.csv,REAL_FUNDAMENTALS
600847,20260331,20260430,20260430,20260430,600847_fin.csv,REAL_FUNDAMENTALS
600848,20260331,20260429,20260429,20260429,600848_fin.csv,REAL_FUNDAMENTALS
600850,20260331,20260430,20260430,20260430,600850_fin.csv,REAL_FUNDAMENTALS
600851,20260331,20260429,20260429,20260429,600851_fin.csv,REAL_FUNDAMENTALS
600853,20260331,20260425,20260425,20260425,600853_fin.csv,REAL_FUNDAMENTALS
600854,20260331,20260429,20260429,20260429,600854_fin.csv,REAL_FUNDAMENTALS
600855,20260331,20260430,20260430,20260430,600855_fin.csv,REAL_FUNDAMENTALS
600857,20260331,20260430,20260430,20260430,600857_fin.csv,REAL_FUNDAMENTALS
600858,20260331,20260428,20260428,20260428,600858_fin.csv,REAL_FUNDAMENTALS
600859,20260331,20260430,20260430,20260430,600859_fin.csv,REAL_FUNDAMENTALS
600860,20260331,20260430,20260430,20260430,600860_fin.csv,REAL_FUNDAMENTALS
600861,20260331,20260425,20260425,20260425,600861_fin.csv,REAL_FUNDAMENTALS
600862,20260331,20260425,20260425,20260425,600862_fin.csv,REAL_FUNDAMENTALS
600863,20260331,20260423,20260423,20260423,600863_fin.csv,REAL_FUNDAMENTALS
600864,20260331,20260425,20260425,20260425,600864_fin.csv,REAL_FUNDAMENTALS
600865,20260331,20260430,20260430,20260430,600865_fin.csv,REAL_FUNDAMENTALS
600866,20260331,20260430,20260430,20260430,600866_fin.csv,REAL_FUNDAMENTALS
600867,20260331,20260429,20260429,20260429,600867_fin.csv,REAL_FUNDAMENTALS
600868,20260331,20260430,20260430,20260430,600868_fin.csv,REAL_FUNDAMENTALS
600869,20260331,20260422,20260422,20260422,600869_fin.csv,REAL_FUNDAMENTALS
600871,20260331,20260429,20260429,20260429,600871_fin.csv,REAL_FUNDAMENTALS
600872,20260331,20260418,20260418,20260418,600872_fin.csv,REAL_FUNDAMENTALS
600873,20260331,20260422,20260422,20260422,600873_fin.csv,REAL_FUNDAMENTALS
600874,20260331,20260424,20260424,20260424,600874_fin.csv,REAL_FUNDAMENTALS
600875,20260331,20260430,20260430,20260430,600875_fin.csv,REAL_FUNDAMENTALS
600876,20260331,20260430,20260430,20260430,600876_fin.csv,REAL_FUNDAMENTALS
600877,20260331,20260429,20260429,20260429,600877_fin.csv,REAL_FUNDAMENTALS
600879,20260331,20260429,20260429,20260429,600879_fin.csv,REAL_FUNDAMENTALS
600880,20260331,20260424,20260424,20260424,600880_fin.csv,REAL_FUNDAMENTALS
600881,20260331,20260429,20260429,20260429,600881_fin.csv,REAL_FUNDAMENTALS
600882,20260331,20260428,20260428,20260428,600882_fin.csv,REAL_FUNDAMENTALS
600883,20260331,20260430,20260430,20260430,600883_fin.csv,REAL_FUNDAMENTALS
600884,20260331,20260430,20260430,20260430,600884_fin.csv,REAL_FUNDAMENTALS
600885,20260331,20260430,20260430,20260430,600885_fin.csv,REAL_FUNDAMENTALS
600886,20260331,20260430,20260430,20260430,600886_fin.csv,REAL_FUNDAMENTALS
600887,20260331,20260430,20260430,20260430,600887_fin.csv,REAL_FUNDAMENTALS
600888,20260331,20260421,20260421,20260421,600888_fin.csv,REAL_FUNDAMENTALS
600889,20260331,20260423,20260423,20260423,600889_fin.csv,REAL_FUNDAMENTALS
600892,20260331,20260430,20260430,20260430,600892_fin.csv,REAL_FUNDAMENTALS
600893,20260331,20260428,20260428,20260428,600893_fin.csv,REAL_FUNDAMENTALS
600894,20260331,20260429,20260429,20260429,600894_fin.csv,REAL_FUNDAMENTALS
600895,20260331,20260425,20260425,20260425,600895_fin.csv,REAL_FUNDAMENTALS
600897,20260331,20260430,20260430,20260430,600897_fin.csv,REAL_FUNDAMENTALS
600900,20260331,20260430,20260430,20260430,600900_fin.csv,REAL_FUNDAMENTALS
600901,20260331,20260424,20260424,20260424,600901_fin.csv,REAL_FUNDAMENTALS
600903,20260331,20260428,20260428,20260428,600903_fin.csv,REAL_FUNDAMENTALS
600905,20260331,20260430,20260430,20260430,600905_fin.csv,REAL_FUNDAMENTALS
600906,20260331,20260430,20260430,20260430,600906_fin.csv,REAL_FUNDAMENTALS
600908,20260331,20260430,20260430,20260430,600908_fin.csv,REAL_FUNDAMENTALS
600909,20260331,20260429,20260429,20260429,600909_fin.csv,REAL_FUNDAMENTALS
600916,20260331,20260429,20260429,20260429,600916_fin.csv,REAL_FUNDAMENTALS
600917,20260331,20260425,20260425,20260425,600917_fin.csv,REAL_FUNDAMENTALS
600918,20260331,20260430,20260430,20260430,600918_fin.csv,REAL_FUNDAMENTALS
600919,20260331,20260429,20260429,20260429,600919_fin.csv,REAL_FUNDAMENTALS
600925,20260331,20260422,20260422,20260422,600925_fin.csv,REAL_FUNDAMENTALS
600926,20260331,20260423,20260423,20260423,600926_fin.csv,REAL_FUNDAMENTALS
600927,20260331,20260424,20260424,20260424,600927_fin.csv,REAL_FUNDAMENTALS
600928,20260331,20260423,20260423,20260423,600928_fin.csv,REAL_FUNDAMENTALS
600929,20260331,20260421,20260421,20260421,600929_fin.csv,REAL_FUNDAMENTALS
600930,20260331,20260421,20260421,20260421,600930_fin.csv,REAL_FUNDAMENTALS
600933,20260331,20260430,20260430,20260430,600933_fin.csv,REAL_FUNDAMENTALS
600935,20260331,20260430,20260430,20260430,600935_fin.csv,REAL_FUNDAMENTALS
600936,20260331,20260418,20260418,20260418,600936_fin.csv,REAL_FUNDAMENTALS
600938,20260331,20260429,20260429,20260429,600938_fin.csv,REAL_FUNDAMENTALS
600939,20260331,20260430,20260430,20260430,600939_fin.csv,REAL_FUNDAMENTALS
600941,20260331,20260421,20260421,20260421,600941_fin.csv,REAL_FUNDAMENTALS
600955,20260331,20260425,20260425,20260425,600955_fin.csv,REAL_FUNDAMENTALS
600956,20260331,20260429,20260429,20260429,600956_fin.csv,REAL_FUNDAMENTALS
600958,20260331,20260430,20260430,20260430,600958_fin.csv,REAL_FUNDAMENTALS
600959,20260331,20260430,20260430,20260430,600959_fin.csv,REAL_FUNDAMENTALS
600960,20260331,20260430,20260430,20260430,600960_fin.csv,REAL_FUNDAMENTALS
600961,20260331,20260417,20260417,20260417,600961_fin.csv,REAL_FUNDAMENTALS
600962,20260331,20260430,20260430,20260430,600962_fin.csv,REAL_FUNDAMENTALS
600963,20260331,20260425,20260425,20260425,600963_fin.csv,REAL_FUNDAMENTALS
600965,20260331,20260430,20260430,20260430,600965_fin.csv,REAL_FUNDAMENTALS
600966,20260331,20260424,20260424,20260424,600966_fin.csv,REAL_FUNDAMENTALS
600967,20260331,20260428,20260428,20260428,600967_fin.csv,REAL_FUNDAMENTALS
600968,20260331,20260429,20260429,20260429,600968_fin.csv,REAL_FUNDAMENTALS
600969,20260331,20260428,20260428,20260428,600969_fin.csv,REAL_FUNDAMENTALS
600970,20260331,20260429,20260429,20260429,600970_fin.csv,REAL_FUNDAMENTALS
600971,20260331,20260424,20260424,20260424,600971_fin.csv,REAL_FUNDAMENTALS
600973,20260331,20260430,20260430,20260430,600973_fin.csv,REAL_FUNDAMENTALS
600975,20260331,20260429,20260429,20260429,600975_fin.csv,REAL_FUNDAMENTALS
600976,20260331,20260418,20260418,20260418,600976_fin.csv,REAL_FUNDAMENTALS
600977,20260331,20260430,20260430,20260430,600977_fin.csv,REAL_FUNDAMENTALS
600979,20260331,20260428,20260428,20260428,600979_fin.csv,REAL_FUNDAMENTALS
600980,20260331,20260425,20260425,20260425,600980_fin.csv,REAL_FUNDAMENTALS
600981,20260331,20260424,20260424,20260424,600981_fin.csv,REAL_FUNDAMENTALS
600982,20260331,20260430,20260430,20260430,600982_fin.csv,REAL_FUNDAMENTALS
600983,20260331,20260424,20260424,20260424,600983_fin.csv,REAL_FUNDAMENTALS
600984,20260331,20260430,20260430,20260430,600984_fin.csv,REAL_FUNDAMENTALS
600985,20260331,20260429,20260429,20260429,600985_fin.csv,REAL_FUNDAMENTALS
600986,20260331,20260430,20260430,20260430,600986_fin.csv,REAL_FUNDAMENTALS
600987,20260331,20260424,20260424,20260424,600987_fin.csv,REAL_FUNDAMENTALS
600988,20260331,20260425,20260425,20260425,600988_fin.csv,REAL_FUNDAMENTALS
600989,20260331,20260424,20260424,20260424,600989_fin.csv,REAL_FUNDAMENTALS
600990,20260331,20260429,20260429,20260429,600990_fin.csv,REAL_FUNDAMENTALS
600992,20260331,20260430,20260430,20260430,600992_fin.csv,REAL_FUNDAMENTALS
600993,20260331,20260425,20260425,20260425,600993_fin.csv,REAL_FUNDAMENTALS
600995,20260331,20260429,20260429,20260429,600995_fin.csv,REAL_FUNDAMENTALS
600996,20260331,20260430,20260430,20260430,600996_fin.csv,REAL_FUNDAMENTALS
600997,20260331,20260428,20260428,20260428,600997_fin.csv,REAL_FUNDAMENTALS
600998,20260331,20260428,20260428,20260428,600998_fin.csv,REAL_FUNDAMENTALS
600999,20260331,20260430,20260430,20260430,600999_fin.csv,REAL_FUNDAMENTALS
601000,20260331,20260429,20260429,20260429,601000_fin.csv,REAL_FUNDAMENTALS
601001,20260331,20260428,20260428,20260428,601001_fin.csv,REAL_FUNDAMENTALS
601002,20260331,20260430,20260430,20260430,601002_fin.csv,REAL_FUNDAMENTALS
601003,20260331,20260430,20260430,20260430,601003_fin.csv,REAL_FUNDAMENTALS
601005,20260331,20260430,20260430,20260430,601005_fin.csv,REAL_FUNDAMENTALS
601006,20260331,20260430,20260430,20260430,601006_fin.csv,REAL_FUNDAMENTALS
601007,20260331,20260430,20260430,20260430,601007_fin.csv,REAL_FUNDAMENTALS
601008,20260331,20260428,20260428,20260428,601008_fin.csv,REAL_FUNDAMENTALS
601009,20260331,20260423,20260423,20260423,601009_fin.csv,REAL_FUNDAMENTALS
601010,20260331,20260429,20260429,20260429,601010_fin.csv,REAL_FUNDAMENTALS
601011,20260331,20260425,20260425,20260425,601011_fin.csv,REAL_FUNDAMENTALS
601012,20260331,20260429,20260429,20260429,601012_fin.csv,REAL_FUNDAMENTALS
601015,20260331,20260428,20260428,20260428,601015_fin.csv,REAL_FUNDAMENTALS
601016,20260331,20260430,20260430,20260430,601016_fin.csv,REAL_FUNDAMENTALS
601018,20260331,20260429,20260429,20260429,601018_fin.csv,REAL_FUNDAMENTALS
601019,20260331,20260430,20260430,20260430,601019_fin.csv,REAL_FUNDAMENTALS
601020,20260331,20260429,20260429,20260429,601020_fin.csv,REAL_FUNDAMENTALS
601021,20260331,20260430,20260430,20260430,601021_fin.csv,REAL_FUNDAMENTALS
601022,20260331,20260428,20260428,20260428,601022_fin.csv,REAL_FUNDAMENTALS
601026,20260331,20260428,20260428,20260428,601026_fin.csv,REAL_FUNDAMENTALS
601033,20260331,20260429,20260429,20260429,601033_fin.csv,REAL_FUNDAMENTALS
601038,20260331,20260429,20260429,20260429,601038_fin.csv,REAL_FUNDAMENTALS
601058,20260331,20260428,20260428,20260428,601058_fin.csv,REAL_FUNDAMENTALS
601059,20260331,20260430,20260430,20260430,601059_fin.csv,REAL_FUNDAMENTALS
601061,20260331,20260422,20260422,20260422,601061_fin.csv,REAL_FUNDAMENTALS
601065,20260331,20260429,20260429,20260429,601065_fin.csv,REAL_FUNDAMENTALS
601066,20260331,20260430,20260430,20260430,601066_fin.csv,REAL_FUNDAMENTALS
601068,20260331,20260429,20260429,20260429,601068_fin.csv,REAL_FUNDAMENTALS
601069,20260331,20260430,20260430,20260430,601069_fin.csv,REAL_FUNDAMENTALS
601077,20260331,20260429,20260429,20260429,601077_fin.csv,REAL_FUNDAMENTALS
601083,20260331,20260430,20260430,20260430,601083_fin.csv,REAL_FUNDAMENTALS
601086,20260331,20260430,20260430,20260430,601086_fin.csv,REAL_FUNDAMENTALS
601088,20260331,20260425,20260425,20260425,601088_fin.csv,REAL_FUNDAMENTALS
601089,20260331,20260425,20260425,20260425,601089_fin.csv,REAL_FUNDAMENTALS
601096,20260331,20260429,20260429,20260429,601096_fin.csv,REAL_FUNDAMENTALS
601098,20260331,20260428,20260428,20260428,601098_fin.csv,REAL_FUNDAMENTALS
601099,20260331,20260430,20260430,20260430,601099_fin.csv,REAL_FUNDAMENTALS
601100,20260331,20260428,20260428,20260428,601100_fin.csv,REAL_FUNDAMENTALS
601101,20260331,20260423,20260423,20260423,601101_fin.csv,REAL_FUNDAMENTALS
601106,20260331,20260430,20260430,20260430,601106_fin.csv,REAL_FUNDAMENTALS
601107,20260331,20260430,20260430,20260430,601107_fin.csv,REAL_FUNDAMENTALS
601108,20260331,20260425,20260425,20260425,601108_fin.csv,REAL_FUNDAMENTALS
601111,20260331,20260430,20260430,20260430,601111_fin.csv,REAL_FUNDAMENTALS
601112,20260331,20260430,20260430,20260430,601112_fin.csv,REAL_FUNDAMENTALS
601113,20260331,20260428,20260428,20260428,601113_fin.csv,REAL_FUNDAMENTALS
601116,20260331,20260425,20260425,20260425,601116_fin.csv,REAL_FUNDAMENTALS
601117,20260331,20260428,20260428,20260428,601117_fin.csv,REAL_FUNDAMENTALS
601118,20260331,20260429,20260429,20260429,601118_fin.csv,REAL_FUNDAMENTALS
601121,20260331,20260425,20260425,20260425,601121_fin.csv,REAL_FUNDAMENTALS
601126,20260331,20260430,20260430,20260430,601126_fin.csv,REAL_FUNDAMENTALS
601127,20260331,20260430,20260430,20260430,601127_fin.csv,REAL_FUNDAMENTALS
601128,20260331,20260424,20260424,20260424,601128_fin.csv,REAL_FUNDAMENTALS
601133,20260331,20260429,20260429,20260429,601133_fin.csv,REAL_FUNDAMENTALS
601136,20260331,20260429,20260429,20260429,601136_fin.csv,REAL_FUNDAMENTALS
601137,20260331,20260428,20260428,20260428,601137_fin.csv,REAL_FUNDAMENTALS
601138,20260331,20260429,20260429,20260429,601138_fin.csv,REAL_FUNDAMENTALS
601139,20260331,20260429,20260429,20260429,601139_fin.csv,REAL_FUNDAMENTALS
601155,20260331,20260430,20260430,20260430,601155_fin.csv,REAL_FUNDAMENTALS
601156,20260331,20260430,20260430,20260430,601156_fin.csv,REAL_FUNDAMENTALS
601158,20260331,20260429,20260429,20260429,601158_fin.csv,REAL_FUNDAMENTALS
601162,20260331,20260430,20260430,20260430,601162_fin.csv,REAL_FUNDAMENTALS
601163,20260331,20260429,20260429,20260429,601163_fin.csv,REAL_FUNDAMENTALS
601166,20260331,20260430,20260430,20260430,601166_fin.csv,REAL_FUNDAMENTALS
601168,20260331,20260429,20260429,20260429,601168_fin.csv,REAL_FUNDAMENTALS
601169,20260331,20260428,20260428,20260428,601169_fin.csv,REAL_FUNDAMENTALS
601177,20260331,20260428,20260428,20260428,601177_fin.csv,REAL_FUNDAMENTALS
601179,20260331,20260428,20260428,20260428,601179_fin.csv,REAL_FUNDAMENTALS
601186,20260331,20260430,20260430,20260430,601186_fin.csv,REAL_FUNDAMENTALS
601187,20260331,20260430,20260430,20260430,601187_fin.csv,REAL_FUNDAMENTALS
601188,20260331,20260430,20260430,20260430,601188_fin.csv,REAL_FUNDAMENTALS
601198,20260331,20260430,20260430,20260430,601198_fin.csv,REAL_FUNDAMENTALS
601199,20260331,20260429,20260429,20260429,601199_fin.csv,REAL_FUNDAMENTALS
601200,20260331,20260429,20260429,20260429,601200_fin.csv,REAL_FUNDAMENTALS
601208,20260331,20260423,20260423,20260423,601208_fin.csv,REAL_FUNDAMENTALS
601211,20260331,20260425,20260425,20260425,601211_fin.csv,REAL_FUNDAMENTALS
601212,20260331,20260428,20260428,20260428,601212_fin.csv,REAL_FUNDAMENTALS
601216,20260331,20260425,20260425,20260425,601216_fin.csv,REAL_FUNDAMENTALS
601218,20260331,20260425,20260425,20260425,601218_fin.csv,REAL_FUNDAMENTALS
601222,20260331,20260430,20260430,20260430,601222_fin.csv,REAL_FUNDAMENTALS
601225,20260331,20260425,20260425,20260425,601225_fin.csv,REAL_FUNDAMENTALS
601226,20260331,20260429,20260429,20260429,601226_fin.csv,REAL_FUNDAMENTALS
601228,20260331,20260429,20260429,20260429,601228_fin.csv,REAL_FUNDAMENTALS
601229,20260331,20260424,20260424,20260424,601229_fin.csv,REAL_FUNDAMENTALS
601231,20260331,20260429,20260429,20260429,601231_fin.csv,REAL_FUNDAMENTALS
601233,20260331,20260429,20260429,20260429,601233_fin.csv,REAL_FUNDAMENTALS
601236,20260331,20260430,20260430,20260430,601236_fin.csv,REAL_FUNDAMENTALS
601238,20260331,20260430,20260430,20260430,601238_fin.csv,REAL_FUNDAMENTALS
601279,20260331,20260430,20260430,20260430,601279_fin.csv,REAL_FUNDAMENTALS
601288,20260331,20260430,20260430,20260430,601288_fin.csv,REAL_FUNDAMENTALS
601298,20260331,20260430,20260430,20260430,601298_fin.csv,REAL_FUNDAMENTALS
601311,20260331,20260424,20260424,20260424,601311_fin.csv,REAL_FUNDAMENTALS
601318,20260331,20260429,20260429,20260429,601318_fin.csv,REAL_FUNDAMENTALS
601319,20260331,20260430,20260430,20260430,601319_fin.csv,REAL_FUNDAMENTALS
601326,20260331,20260429,20260429,20260429,601326_fin.csv,REAL_FUNDAMENTALS
601328,20260331,20260430,20260430,20260430,601328_fin.csv,REAL_FUNDAMENTALS
601330,20260331,20260425,20260425,20260425,601330_fin.csv,REAL_FUNDAMENTALS
601333,20260331,20260430,20260430,20260430,601333_fin.csv,REAL_FUNDAMENTALS
601336,20260331,20260430,20260430,20260430,601336_fin.csv,REAL_FUNDAMENTALS
601339,20260331,20260428,20260428,20260428,601339_fin.csv,REAL_FUNDAMENTALS
601360,20260331,20260430,20260430,20260430,601360_fin.csv,REAL_FUNDAMENTALS
601366,20260331,20260429,20260429,20260429,601366_fin.csv,REAL_FUNDAMENTALS
601368,20260331,20260429,20260429,20260429,601368_fin.csv,REAL_FUNDAMENTALS
601369,20260331,20260430,20260430,20260430,601369_fin.csv,REAL_FUNDAMENTALS
601375,20260331,20260430,20260430,20260430,601375_fin.csv,REAL_FUNDAMENTALS
601377,20260331,20260430,20260430,20260430,601377_fin.csv,REAL_FUNDAMENTALS
601388,20260331,20260429,20260429,20260429,601388_fin.csv,REAL_FUNDAMENTALS
601390,20260331,20260430,20260430,20260430,601390_fin.csv,REAL_FUNDAMENTALS
601398,20260331,20260430,20260430,20260430,601398_fin.csv,REAL_FUNDAMENTALS
601399,20260331,20260428,20260428,20260428,601399_fin.csv,REAL_FUNDAMENTALS
601456,20260331,20260428,20260428,20260428,601456_fin.csv,REAL_FUNDAMENTALS
601500,20260331,20260430,20260430,20260430,601500_fin.csv,REAL_FUNDAMENTALS
601512,20260331,20260430,20260430,20260430,601512_fin.csv,REAL_FUNDAMENTALS
601515,20260331,20260430,20260430,20260430,601515_fin.csv,REAL_FUNDAMENTALS
601518,20260331,20260427,20260427,20260427,601518_fin.csv,REAL_FUNDAMENTALS
601519,20260331,20260424,20260424,20260424,601519_fin.csv,REAL_FUNDAMENTALS
601528,20260331,20260430,20260430,20260430,601528_fin.csv,REAL_FUNDAMENTALS
601555,20260331,20260429,20260429,20260429,601555_fin.csv,REAL_FUNDAMENTALS
601566,20260331,20260424,20260424,20260424,601566_fin.csv,REAL_FUNDAMENTALS
601567,20260331,20260425,20260425,20260425,601567_fin.csv,REAL_FUNDAMENTALS
601568,20260331,20260423,20260423,20260423,601568_fin.csv,REAL_FUNDAMENTALS
601577,20260331,20260429,20260429,20260429,601577_fin.csv,REAL_FUNDAMENTALS
601579,20260331,20260428,20260428,20260428,601579_fin.csv,REAL_FUNDAMENTALS
601588,20260331,20260430,20260430,20260430,601588_fin.csv,REAL_FUNDAMENTALS
601595,20260331,20260423,20260423,20260423,601595_fin.csv,REAL_FUNDAMENTALS
601598,20260331,20260429,20260429,20260429,601598_fin.csv,REAL_FUNDAMENTALS
601599,20260331,20260429,20260429,20260429,601599_fin.csv,REAL_FUNDAMENTALS
601600,20260331,20260424,20260424,20260424,601600_fin.csv,REAL_FUNDAMENTALS
601601,20260331,20260429,20260429,20260429,601601_fin.csv,REAL_FUNDAMENTALS
601606,20260331,20260425,20260425,20260425,601606_fin.csv,REAL_FUNDAMENTALS
601607,20260331,20260430,20260430,20260430,601607_fin.csv,REAL_FUNDAMENTALS
601608,20260331,20260425,20260425,20260425,601608_fin.csv,REAL_FUNDAMENTALS
601609,20260331,20260424,20260424,20260424,601609_fin.csv,REAL_FUNDAMENTALS
601611,20260331,20260425,20260425,20260425,601611_fin.csv,REAL_FUNDAMENTALS
601615,20260331,20260429,20260429,20260429,601615_fin.csv,REAL_FUNDAMENTALS
601616,20260331,20260425,20260425,20260425,601616_fin.csv,REAL_FUNDAMENTALS
601618,20260331,20260430,20260430,20260430,601618_fin.csv,REAL_FUNDAMENTALS
601619,20260331,20260429,20260429,20260429,601619_fin.csv,REAL_FUNDAMENTALS
601628,20260331,20260430,20260430,20260430,601628_fin.csv,REAL_FUNDAMENTALS
601633,20260331,20260425,20260425,20260425,601633_fin.csv,REAL_FUNDAMENTALS
601636,20260331,20260423,20260423,20260423,601636_fin.csv,REAL_FUNDAMENTALS
601658,20260331,20260430,20260430,20260430,601658_fin.csv,REAL_FUNDAMENTALS
601665,20260331,20260423,20260423,20260423,601665_fin.csv,REAL_FUNDAMENTALS
601666,20260331,20260430,20260430,20260430,601666_fin.csv,REAL_FUNDAMENTALS
601668,20260331,20260429,20260429,20260429,601668_fin.csv,REAL_FUNDAMENTALS
601669,20260331,20260430,20260430,20260430,601669_fin.csv,REAL_FUNDAMENTALS
601677,20260331,20260421,20260421,20260421,601677_fin.csv,REAL_FUNDAMENTALS
601678,20260331,20260430,20260430,20260430,601678_fin.csv,REAL_FUNDAMENTALS
601686,20260331,20260429,20260429,20260429,601686_fin.csv,REAL_FUNDAMENTALS
601688,20260331,20260430,20260430,20260430,601688_fin.csv,REAL_FUNDAMENTALS
601689,20260331,20260430,20260430,20260430,601689_fin.csv,REAL_FUNDAMENTALS
601696,20260331,20260430,20260430,20260430,601696_fin.csv,REAL_FUNDAMENTALS
601698,20260331,20260430,20260430,20260430,601698_fin.csv,REAL_FUNDAMENTALS
601699,20260331,20260427,20260427,20260427,601699_fin.csv,REAL_FUNDAMENTALS
601700,20260331,20260430,20260430,20260430,601700_fin.csv,REAL_FUNDAMENTALS
601702,20260331,20260428,20260428,20260428,601702_fin.csv,REAL_FUNDAMENTALS
601717,20260331,20260430,20260430,20260430,601717_fin.csv,REAL_FUNDAMENTALS
601718,20260331,20260429,20260429,20260429,601718_fin.csv,REAL_FUNDAMENTALS
601727,20260331,20260430,20260430,20260430,601727_fin.csv,REAL_FUNDAMENTALS
601728,20260331,20260424,20260424,20260424,601728_fin.csv,REAL_FUNDAMENTALS
601766,20260331,20260430,20260430,20260430,601766_fin.csv,REAL_FUNDAMENTALS
601777,20260331,20260428,20260428,20260428,601777_fin.csv,REAL_FUNDAMENTALS
601778,20260331,20260429,20260429,20260429,601778_fin.csv,REAL_FUNDAMENTALS
601788,20260331,20260430,20260430,20260430,601788_fin.csv,REAL_FUNDAMENTALS
601789,20260331,20260428,20260428,20260428,601789_fin.csv,REAL_FUNDAMENTALS
601798,20260331,20260424,20260424,20260424,601798_fin.csv,REAL_FUNDAMENTALS
601799,20260331,20260430,20260430,20260430,601799_fin.csv,REAL_FUNDAMENTALS
601800,20260331,20260430,20260430,20260430,601800_fin.csv,REAL_FUNDAMENTALS
601801,20260331,20260429,20260429,20260429,601801_fin.csv,REAL_FUNDAMENTALS
601808,20260331,20260423,20260423,20260423,601808_fin.csv,REAL_FUNDAMENTALS
601811,20260331,20260430,20260430,20260430,601811_fin.csv,REAL_FUNDAMENTALS
601816,20260331,20260430,20260430,20260430,601816_fin.csv,REAL_FUNDAMENTALS
601818,20260331,20260430,20260430,20260430,601818_fin.csv,REAL_FUNDAMENTALS
601825,20260331,20260423,20260423,20260423,601825_fin.csv,REAL_FUNDAMENTALS
601827,20260331,20260430,20260430,20260430,601827_fin.csv,REAL_FUNDAMENTALS
601828,20260331,20260428,20260428,20260428,601828_fin.csv,REAL_FUNDAMENTALS
601838,20260331,20260423,20260423,20260423,601838_fin.csv,REAL_FUNDAMENTALS
601857,20260331,20260430,20260430,20260430,601857_fin.csv,REAL_FUNDAMENTALS
601858,20260331,20260429,20260429,20260429,601858_fin.csv,REAL_FUNDAMENTALS
601860,20260331,20260424,20260424,20260424,601860_fin.csv,REAL_FUNDAMENTALS
601865,20260331,20260428,20260428,20260428,601865_fin.csv,REAL_FUNDAMENTALS
601866,20260331,20260430,20260430,20260430,601866_fin.csv,REAL_FUNDAMENTALS
601868,20260331,20260430,20260430,20260430,601868_fin.csv,REAL_FUNDAMENTALS
601869,20260331,20260430,20260430,20260430,601869_fin.csv,REAL_FUNDAMENTALS
601872,20260331,20260425,20260425,20260425,601872_fin.csv,REAL_FUNDAMENTALS
601877,20260331,20260416,20260416,20260416,601877_fin.csv,REAL_FUNDAMENTALS
601878,20260331,20260428,20260428,20260428,601878_fin.csv,REAL_FUNDAMENTALS
601880,20260331,20260429,20260429,20260429,601880_fin.csv,REAL_FUNDAMENTALS
601881,20260331,20260430,20260430,20260430,601881_fin.csv,REAL_FUNDAMENTALS
601882,20260331,20260430,20260430,20260430,601882_fin.csv,REAL_FUNDAMENTALS
601886,20260331,20260429,20260429,20260429,601886_fin.csv,REAL_FUNDAMENTALS
601888,20260331,20260430,20260430,20260430,601888_fin.csv,REAL_FUNDAMENTALS
601890,20260331,20260428,20260428,20260428,601890_fin.csv,REAL_FUNDAMENTALS
601900,20260331,20260428,20260428,20260428,601900_fin.csv,REAL_FUNDAMENTALS
601901,20260331,20260430,20260430,20260430,601901_fin.csv,REAL_FUNDAMENTALS
601908,20260331,20260429,20260429,20260429,601908_fin.csv,REAL_FUNDAMENTALS
601916,20260331,20260430,20260430,20260430,601916_fin.csv,REAL_FUNDAMENTALS
601918,20260331,20260425,20260425,20260425,601918_fin.csv,REAL_FUNDAMENTALS
601919,20260331,20260430,20260430,20260430,601919_fin.csv,REAL_FUNDAMENTALS
601921,20260331,20260429,20260429,20260429,601921_fin.csv,REAL_FUNDAMENTALS
601928,20260331,20260430,20260430,20260430,601928_fin.csv,REAL_FUNDAMENTALS
601929,20260331,20260429,20260429,20260429,601929_fin.csv,REAL_FUNDAMENTALS
601933,20260331,20260417,20260417,20260417,601933_fin.csv,REAL_FUNDAMENTALS
601939,20260331,20260430,20260430,20260430,601939_fin.csv,REAL_FUNDAMENTALS
601949,20260331,20260425,20260425,20260425,601949_fin.csv,REAL_FUNDAMENTALS
601952,20260331,20260430,20260430,20260430,601952_fin.csv,REAL_FUNDAMENTALS
601956,20260331,20260428,20260428,20260428,601956_fin.csv,REAL_FUNDAMENTALS
601958,20260331,20260429,20260429,20260429,601958_fin.csv,REAL_FUNDAMENTALS
601963,20260331,20260429,20260429,20260429,601963_fin.csv,REAL_FUNDAMENTALS
601965,20260331,20260423,20260423,20260423,601965_fin.csv,REAL_FUNDAMENTALS
601966,20260331,20260428,20260428,20260428,601966_fin.csv,REAL_FUNDAMENTALS
601968,20260331,20260425,20260425,20260425,601968_fin.csv,REAL_FUNDAMENTALS
601969,20260331,20260430,20260430,20260430,601969_fin.csv,REAL_FUNDAMENTALS
601975,20260331,20260428,20260428,20260428,601975_fin.csv,REAL_FUNDAMENTALS
601985,20260331,20260430,20260430,20260430,601985_fin.csv,REAL_FUNDAMENTALS
601988,20260331,20260430,20260430,20260430,601988_fin.csv,REAL_FUNDAMENTALS
601990,20260331,20260425,20260425,20260425,601990_fin.csv,REAL_FUNDAMENTALS
601991,20260331,20260429,20260429,20260429,601991_fin.csv,REAL_FUNDAMENTALS
601992,20260331,20260430,20260430,20260430,601992_fin.csv,REAL_FUNDAMENTALS
601995,20260331,20260430,20260430,20260430,601995_fin.csv,REAL_FUNDAMENTALS
601996,20260331,20260425,20260425,20260425,601996_fin.csv,REAL_FUNDAMENTALS
601997,20260331,20260423,20260423,20260423,601997_fin.csv,REAL_FUNDAMENTALS
601998,20260331,20260430,20260430,20260430,601998_fin.csv,REAL_FUNDAMENTALS
601999,20260331,20260429,20260429,20260429,601999_fin.csv,REAL_FUNDAMENTALS
603000,20260331,20260430,20260430,20260430,603000_fin.csv,REAL_FUNDAMENTALS
603001,20260331,20260428,20260428,20260428,603001_fin.csv,REAL_FUNDAMENTALS
603002,20260331,20260429,20260429,20260429,603002_fin.csv,REAL_FUNDAMENTALS
603004,20260331,20260428,20260428,20260428,603004_fin.csv,REAL_FUNDAMENTALS
603005,20260331,20260429,20260429,20260429,603005_fin.csv,REAL_FUNDAMENTALS
603006,20260331,20260424,20260424,20260424,603006_fin.csv,REAL_FUNDAMENTALS
603007,20260331,20260430,20260430,20260430,603007_fin.csv,REAL_FUNDAMENTALS
603008,20260331,20260430,20260430,20260430,603008_fin.csv,REAL_FUNDAMENTALS
603009,20260331,20260429,20260429,20260429,603009_fin.csv,REAL_FUNDAMENTALS
603010,20260331,20260430,20260430,20260430,603010_fin.csv,REAL_FUNDAMENTALS
603011,20260331,20260429,20260429,20260429,603011_fin.csv,REAL_FUNDAMENTALS
603012,20260331,20260424,20260424,20260424,603012_fin.csv,REAL_FUNDAMENTALS
603013,20260331,20260429,20260429,20260429,603013_fin.csv,REAL_FUNDAMENTALS
603014,20260331,20260430,20260430,20260430,603014_fin.csv,REAL_FUNDAMENTALS
603015,20260331,20260429,20260429,20260429,603015_fin.csv,REAL_FUNDAMENTALS
603016,20260331,20260424,20260424,20260424,603016_fin.csv,REAL_FUNDAMENTALS
603017,20260331,20260429,20260429,20260429,603017_fin.csv,REAL_FUNDAMENTALS
603018,20260331,20260430,20260430,20260430,603018_fin.csv,REAL_FUNDAMENTALS
603019,20260331,20260425,20260425,20260425,603019_fin.csv,REAL_FUNDAMENTALS
603020,20260331,20260429,20260429,20260429,603020_fin.csv,REAL_FUNDAMENTALS
603021,20260331,20260430,20260430,20260430,603021_fin.csv,REAL_FUNDAMENTALS
603022,20260331,20260430,20260430,20260430,603022_fin.csv,REAL_FUNDAMENTALS
603023,20260331,20260430,20260430,20260430,603023_fin.csv,REAL_FUNDAMENTALS
603025,20260331,20260420,20260420,20260420,603025_fin.csv,REAL_FUNDAMENTALS
603026,20260331,20260429,20260429,20260429,603026_fin.csv,REAL_FUNDAMENTALS
603027,20260331,20260430,20260430,20260430,603027_fin.csv,REAL_FUNDAMENTALS
603028,20260331,20260423,20260423,20260423,603028_fin.csv,REAL_FUNDAMENTALS
603029,20260331,20260429,20260429,20260429,603029_fin.csv,REAL_FUNDAMENTALS
603030,20260331,20260430,20260430,20260430,603030_fin.csv,REAL_FUNDAMENTALS
603031,20260331,20260429,20260429,20260429,603031_fin.csv,REAL_FUNDAMENTALS
603032,20260331,20260428,20260428,20260428,603032_fin.csv,REAL_FUNDAMENTALS
603033,20260331,20260429,20260429,20260429,603033_fin.csv,REAL_FUNDAMENTALS
603035,20260331,20260428,20260428,20260428,603035_fin.csv,REAL_FUNDAMENTALS
603036,20260331,20260429,20260429,20260429,603036_fin.csv,REAL_FUNDAMENTALS
603037,20260331,20260425,20260425,20260425,603037_fin.csv,REAL_FUNDAMENTALS
603038,20260331,20260428,20260428,20260428,603038_fin.csv,REAL_FUNDAMENTALS
603039,20260331,20260430,20260430,20260430,603039_fin.csv,REAL_FUNDAMENTALS
603040,20260331,20260429,20260429,20260429,603040_fin.csv,REAL_FUNDAMENTALS
603041,20260331,20260424,20260424,20260424,603041_fin.csv,REAL_FUNDAMENTALS
603042,20260331,20260428,20260428,20260428,603042_fin.csv,REAL_FUNDAMENTALS
603043,20260331,20260429,20260429,20260429,603043_fin.csv,REAL_FUNDAMENTALS
603045,20260331,20260430,20260430,20260430,603045_fin.csv,REAL_FUNDAMENTALS
603048,20260331,20260430,20260430,20260430,603048_fin.csv,REAL_FUNDAMENTALS
603049,20260331,20260421,20260421,20260421,603049_fin.csv,REAL_FUNDAMENTALS
603050,20260331,20260429,20260429,20260429,603050_fin.csv,REAL_FUNDAMENTALS
603051,20260331,20260430,20260430,20260430,603051_fin.csv,REAL_FUNDAMENTALS
603052,20260331,20260430,20260430,20260430,603052_fin.csv,REAL_FUNDAMENTALS
603053,20260331,20260428,20260428,20260428,603053_fin.csv,REAL_FUNDAMENTALS
603055,20260331,20260430,20260430,20260430,603055_fin.csv,REAL_FUNDAMENTALS
603057,20260331,20260430,20260430,20260430,603057_fin.csv,REAL_FUNDAMENTALS
603058,20260331,20260428,20260428,20260428,603058_fin.csv,REAL_FUNDAMENTALS
603059,20260331,20260430,20260430,20260430,603059_fin.csv,REAL_FUNDAMENTALS
603060,20260331,20260423,20260423,20260423,603060_fin.csv,REAL_FUNDAMENTALS
603061,20260331,20260416,20260416,20260416,603061_fin.csv,REAL_FUNDAMENTALS
603062,20260331,20260428,20260428,20260428,603062_fin.csv,REAL_FUNDAMENTALS
603063,20260331,20260411,20260411,20260411,603063_fin.csv,REAL_FUNDAMENTALS
603065,20260331,20260429,20260429,20260429,603065_fin.csv,REAL_FUNDAMENTALS
603066,20260331,20260424,20260424,20260424,603066_fin.csv,REAL_FUNDAMENTALS
603067,20260331,20260429,20260429,20260429,603067_fin.csv,REAL_FUNDAMENTALS
603068,20260331,20260429,20260429,20260429,603068_fin.csv,REAL_FUNDAMENTALS
603069,20260331,20260429,20260429,20260429,603069_fin.csv,REAL_FUNDAMENTALS
603070,20260331,20260430,20260430,20260430,603070_fin.csv,REAL_FUNDAMENTALS
603071,20260331,20260421,20260421,20260421,603071_fin.csv,REAL_FUNDAMENTALS
603072,20260331,20260428,20260428,20260428,603072_fin.csv,REAL_FUNDAMENTALS
603073,20260331,20260428,20260428,20260428,603073_fin.csv,REAL_FUNDAMENTALS
603075,20260331,20260428,20260428,20260428,603075_fin.csv,REAL_FUNDAMENTALS
603076,20260331,20260429,20260429,20260429,603076_fin.csv,REAL_FUNDAMENTALS
603077,20260331,20260421,20260421,20260421,603077_fin.csv,REAL_FUNDAMENTALS
603078,20260331,20260430,20260430,20260430,603078_fin.csv,REAL_FUNDAMENTALS
603079,20260331,20260427,20260427,20260427,603079_fin.csv,REAL_FUNDAMENTALS
603080,20260331,20260425,20260425,20260425,603080_fin.csv,REAL_FUNDAMENTALS
603081,20260331,20260421,20260421,20260421,603081_fin.csv,REAL_FUNDAMENTALS
603082,20260331,20260428,20260428,20260428,603082_fin.csv,REAL_FUNDAMENTALS
603083,20260331,20260428,20260428,20260428,603083_fin.csv,REAL_FUNDAMENTALS
603085,20260331,20260429,20260429,20260429,603085_fin.csv,REAL_FUNDAMENTALS
603086,20260331,20260422,20260422,20260422,603086_fin.csv,REAL_FUNDAMENTALS
603087,20260331,20260423,20260423,20260423,603087_fin.csv,REAL_FUNDAMENTALS
603088,20260331,20260429,20260429,20260429,603088_fin.csv,REAL_FUNDAMENTALS
603089,20260331,20260429,20260429,20260429,603089_fin.csv,REAL_FUNDAMENTALS
603090,20260331,20260428,20260428,20260428,603090_fin.csv,REAL_FUNDAMENTALS
603091,20260331,20260428,20260428,20260428,603091_fin.csv,REAL_FUNDAMENTALS
603092,20260331,20260427,20260427,20260427,603092_fin.csv,REAL_FUNDAMENTALS
603093,20260331,20260421,20260421,20260421,603093_fin.csv,REAL_FUNDAMENTALS
603095,20260331,20260425,20260425,20260425,603095_fin.csv,REAL_FUNDAMENTALS
603096,20260331,20260429,20260429,20260429,603096_fin.csv,REAL_FUNDAMENTALS
603097,20260331,20260424,20260424,20260424,603097_fin.csv,REAL_FUNDAMENTALS
603098,20260331,20260430,20260430,20260430,603098_fin.csv,REAL_FUNDAMENTALS
603099,20260331,20260429,20260429,20260429,603099_fin.csv,REAL_FUNDAMENTALS
603100,20260331,20260429,20260429,20260429,603100_fin.csv,REAL_FUNDAMENTALS
603101,20260331,20260428,20260428,20260428,603101_fin.csv,REAL_FUNDAMENTALS
603102,20260331,20260416,20260416,20260416,603102_fin.csv,REAL_FUNDAMENTALS
603103,20260331,20260428,20260428,20260428,603103_fin.csv,REAL_FUNDAMENTALS
603105,20260331,20260428,20260428,20260428,603105_fin.csv,REAL_FUNDAMENTALS
603106,20260331,20260428,20260428,20260428,603106_fin.csv,REAL_FUNDAMENTALS
603107,20260331,20260428,20260428,20260428,603107_fin.csv,REAL_FUNDAMENTALS
603108,20260331,20260429,20260429,20260429,603108_fin.csv,REAL_FUNDAMENTALS
603109,20260331,20260429,20260429,20260429,603109_fin.csv,REAL_FUNDAMENTALS
603110,20260331,20260428,20260428,20260428,603110_fin.csv,REAL_FUNDAMENTALS
603111,20260331,20260424,20260424,20260424,603111_fin.csv,REAL_FUNDAMENTALS
603112,20260331,20260423,20260423,20260423,603112_fin.csv,REAL_FUNDAMENTALS
603113,20260331,20260430,20260430,20260430,603113_fin.csv,REAL_FUNDAMENTALS
603115,20260331,20260418,20260418,20260418,603115_fin.csv,REAL_FUNDAMENTALS
603116,20260331,20260428,20260428,20260428,603116_fin.csv,REAL_FUNDAMENTALS
603117,20260331,20260430,20260430,20260430,603117_fin.csv,REAL_FUNDAMENTALS
603118,20260331,20260428,20260428,20260428,603118_fin.csv,REAL_FUNDAMENTALS
603119,20260331,20260430,20260430,20260430,603119_fin.csv,REAL_FUNDAMENTALS
603120,20260331,20260428,20260428,20260428,603120_fin.csv,REAL_FUNDAMENTALS
603121,20260331,20260424,20260424,20260424,603121_fin.csv,REAL_FUNDAMENTALS
603122,20260331,20260424,20260424,20260424,603122_fin.csv,REAL_FUNDAMENTALS
603123,20260331,20260421,20260421,20260421,603123_fin.csv,REAL_FUNDAMENTALS
603124,20260331,20260429,20260429,20260429,603124_fin.csv,REAL_FUNDAMENTALS
603125,20260331,20260425,20260425,20260425,603125_fin.csv,REAL_FUNDAMENTALS
603126,20260331,20260429,20260429,20260429,603126_fin.csv,REAL_FUNDAMENTALS
603127,20260331,20260430,20260430,20260430,603127_fin.csv,REAL_FUNDAMENTALS
603128,20260331,20260430,20260430,20260430,603128_fin.csv,REAL_FUNDAMENTALS
603129,20260331,20260416,20260416,20260416,603129_fin.csv,REAL_FUNDAMENTALS
603130,20260331,20260430,20260430,20260430,603130_fin.csv,REAL_FUNDAMENTALS
603131,20260331,20260429,20260429,20260429,603131_fin.csv,REAL_FUNDAMENTALS
603132,20260331,20260414,20260414,20260414,603132_fin.csv,REAL_FUNDAMENTALS
603135,20260331,20260428,20260428,20260428,603135_fin.csv,REAL_FUNDAMENTALS
603136,20260331,20260420,20260420,20260420,603136_fin.csv,REAL_FUNDAMENTALS
603137,20260331,20260428,20260428,20260428,603137_fin.csv,REAL_FUNDAMENTALS
603138,20260331,20260417,20260417,20260417,603138_fin.csv,REAL_FUNDAMENTALS
603139,20260331,20260424,20260424,20260424,603139_fin.csv,REAL_FUNDAMENTALS
603150,20260331,20260429,20260429,20260429,603150_fin.csv,REAL_FUNDAMENTALS
603151,20260331,20260421,20260421,20260421,603151_fin.csv,REAL_FUNDAMENTALS
603153,20260331,20260424,20260424,20260424,603153_fin.csv,REAL_FUNDAMENTALS
603155,20260331,20260429,20260429,20260429,603155_fin.csv,REAL_FUNDAMENTALS
603156,20260331,20260425,20260425,20260425,603156_fin.csv,REAL_FUNDAMENTALS
603158,20260331,20260430,20260430,20260430,603158_fin.csv,REAL_FUNDAMENTALS
603159,20260331,20260430,20260430,20260430,603159_fin.csv,REAL_FUNDAMENTALS
603160,20260331,20260424,20260424,20260424,603160_fin.csv,REAL_FUNDAMENTALS
603161,20260331,20260430,20260430,20260430,603161_fin.csv,REAL_FUNDAMENTALS
603162,20260331,20260417,20260417,20260417,603162_fin.csv,REAL_FUNDAMENTALS
603163,20260331,20260430,20260430,20260430,603163_fin.csv,REAL_FUNDAMENTALS
603165,20260331,20260430,20260430,20260430,603165_fin.csv,REAL_FUNDAMENTALS
603166,20260331,20260430,20260430,20260430,603166_fin.csv,REAL_FUNDAMENTALS
603167,20260331,20260430,20260430,20260430,603167_fin.csv,REAL_FUNDAMENTALS
603168,20260331,20260430,20260430,20260430,603168_fin.csv,REAL_FUNDAMENTALS
603169,20260331,20260430,20260430,20260430,603169_fin.csv,REAL_FUNDAMENTALS
603170,20260331,20260425,20260425,20260425,603170_fin.csv,REAL_FUNDAMENTALS
603171,20260331,20260423,20260423,20260423,603171_fin.csv,REAL_FUNDAMENTALS
603172,20260331,20260429,20260429,20260429,603172_fin.csv,REAL_FUNDAMENTALS
603173,20260331,20260424,20260424,20260424,603173_fin.csv,REAL_FUNDAMENTALS
603175,20260331,20260430,20260430,20260430,603175_fin.csv,REAL_FUNDAMENTALS
603176,20260331,20260427,20260427,20260427,603176_fin.csv,REAL_FUNDAMENTALS
603177,20260331,20260430,20260430,20260430,603177_fin.csv,REAL_FUNDAMENTALS
603178,20260331,20260428,20260428,20260428,603178_fin.csv,REAL_FUNDAMENTALS
603179,20260331,20260430,20260430,20260430,603179_fin.csv,REAL_FUNDAMENTALS
603180,20260331,20260429,20260429,20260429,603180_fin.csv,REAL_FUNDAMENTALS
603181,20260331,20260422,20260422,20260422,603181_fin.csv,REAL_FUNDAMENTALS
603182,20260331,20260428,20260428,20260428,603182_fin.csv,REAL_FUNDAMENTALS
603183,20260331,20260418,20260418,20260418,603183_fin.csv,REAL_FUNDAMENTALS
603185,20260331,20260429,20260429,20260429,603185_fin.csv,REAL_FUNDAMENTALS
603186,20260331,20260422,20260422,20260422,603186_fin.csv,REAL_FUNDAMENTALS
603187,20260331,20260429,20260429,20260429,603187_fin.csv,REAL_FUNDAMENTALS
603188,20260331,20260430,20260430,20260430,603188_fin.csv,REAL_FUNDAMENTALS
603189,20260331,20260430,20260430,20260430,603189_fin.csv,REAL_FUNDAMENTALS
603190,20260331,20260430,20260430,20260430,603190_fin.csv,REAL_FUNDAMENTALS
603191,20260331,20260430,20260430,20260430,603191_fin.csv,REAL_FUNDAMENTALS
603192,20260331,20260430,20260430,20260430,603192_fin.csv,REAL_FUNDAMENTALS
603193,20260331,20260423,20260423,20260423,603193_fin.csv,REAL_FUNDAMENTALS
603194,20260331,20260428,20260428,20260428,603194_fin.csv,REAL_FUNDAMENTALS
603195,20260331,20260430,20260430,20260430,603195_fin.csv,REAL_FUNDAMENTALS
603196,20260331,20260428,20260428,20260428,603196_fin.csv,REAL_FUNDAMENTALS
603197,20260331,20260428,20260428,20260428,603197_fin.csv,REAL_FUNDAMENTALS
603198,20260331,20260423,20260423,20260423,603198_fin.csv,REAL_FUNDAMENTALS
603199,20260331,20260424,20260424,20260424,603199_fin.csv,REAL_FUNDAMENTALS
603200,20260331,20260429,20260429,20260429,603200_fin.csv,REAL_FUNDAMENTALS
603201,20260331,20260429,20260429,20260429,603201_fin.csv,REAL_FUNDAMENTALS
603202,20260331,20260424,20260424,20260424,603202_fin.csv,REAL_FUNDAMENTALS
603203,20260331,20260424,20260424,20260424,603203_fin.csv,REAL_FUNDAMENTALS
603205,20260331,20260424,20260424,20260424,603205_fin.csv,REAL_FUNDAMENTALS
603206,20260331,20260428,20260428,20260428,603206_fin.csv,REAL_FUNDAMENTALS
603207,20260331,20260428,20260428,20260428,603207_fin.csv,REAL_FUNDAMENTALS
603208,20260331,20260427,20260427,20260427,603208_fin.csv,REAL_FUNDAMENTALS
603209,20260331,20260422,20260422,20260422,603209_fin.csv,REAL_FUNDAMENTALS
603210,20260331,20260430,20260430,20260430,603210_fin.csv,REAL_FUNDAMENTALS
603211,20260331,20260430,20260430,20260430,603211_fin.csv,REAL_FUNDAMENTALS
603212,20260331,20260430,20260430,20260430,603212_fin.csv,REAL_FUNDAMENTALS
603213,20260331,20260429,20260429,20260429,603213_fin.csv,REAL_FUNDAMENTALS
603214,20260331,20260428,20260428,20260428,603214_fin.csv,REAL_FUNDAMENTALS
603215,20260331,20260430,20260430,20260430,603215_fin.csv,REAL_FUNDAMENTALS
603216,20260331,20260423,20260423,20260423,603216_fin.csv,REAL_FUNDAMENTALS
603217,20260331,20260424,20260424,20260424,603217_fin.csv,REAL_FUNDAMENTALS
603218,20260331,20260428,20260428,20260428,603218_fin.csv,REAL_FUNDAMENTALS
603219,20260331,20260429,20260429,20260429,603219_fin.csv,REAL_FUNDAMENTALS
603220,20260331,20260428,20260428,20260428,603220_fin.csv,REAL_FUNDAMENTALS
603221,20260331,20260429,20260429,20260429,603221_fin.csv,REAL_FUNDAMENTALS
603222,20260331,20260430,20260430,20260430,603222_fin.csv,REAL_FUNDAMENTALS
603223,20260331,20260418,20260418,20260418,603223_fin.csv,REAL_FUNDAMENTALS
603225,20260331,20260429,20260429,20260429,603225_fin.csv,REAL_FUNDAMENTALS
603226,20260331,20260423,20260423,20260423,603226_fin.csv,REAL_FUNDAMENTALS
603227,20260331,20260417,20260417,20260417,603227_fin.csv,REAL_FUNDAMENTALS
603228,20260331,20260423,20260423,20260423,603228_fin.csv,REAL_FUNDAMENTALS
603229,20260331,20260429,20260429,20260429,603229_fin.csv,REAL_FUNDAMENTALS
603230,20260331,20260428,20260428,20260428,603230_fin.csv,REAL_FUNDAMENTALS
603231,20260331,20260430,20260430,20260430,603231_fin.csv,REAL_FUNDAMENTALS
603232,20260331,20260430,20260430,20260430,603232_fin.csv,REAL_FUNDAMENTALS
603233,20260331,20260424,20260424,20260424,603233_fin.csv,REAL_FUNDAMENTALS
603235,20260331,20260430,20260430,20260430,603235_fin.csv,REAL_FUNDAMENTALS
603236,20260331,20260424,20260424,20260424,603236_fin.csv,REAL_FUNDAMENTALS
603237,20260331,20260430,20260430,20260430,603237_fin.csv,REAL_FUNDAMENTALS
603238,20260331,20260424,20260424,20260424,603238_fin.csv,REAL_FUNDAMENTALS
603239,20260331,20260429,20260429,20260429,603239_fin.csv,REAL_FUNDAMENTALS
603248,20260331,20260423,20260423,20260423,603248_fin.csv,REAL_FUNDAMENTALS
603255,20260331,20260429,20260429,20260429,603255_fin.csv,REAL_FUNDAMENTALS
603256,20260331,20260417,20260417,20260417,603256_fin.csv,REAL_FUNDAMENTALS
603257,20260331,20260428,20260428,20260428,603257_fin.csv,REAL_FUNDAMENTALS
603258,20260331,20260430,20260430,20260430,603258_fin.csv,REAL_FUNDAMENTALS
603259,20260331,20260428,20260428,20260428,603259_fin.csv,REAL_FUNDAMENTALS
603260,20260331,20260430,20260430,20260430,603260_fin.csv,REAL_FUNDAMENTALS
603261,20260331,20260423,20260423,20260423,603261_fin.csv,REAL_FUNDAMENTALS
603262,20260331,20260428,20260428,20260428,603262_fin.csv,REAL_FUNDAMENTALS
603266,20260331,20260430,20260430,20260430,603266_fin.csv,REAL_FUNDAMENTALS
603267,20260331,20260429,20260429,20260429,603267_fin.csv,REAL_FUNDAMENTALS
603268,20260331,20260428,20260428,20260428,603268_fin.csv,REAL_FUNDAMENTALS
603269,20260331,20260429,20260429,20260429,603269_fin.csv,REAL_FUNDAMENTALS
603270,20260331,20260429,20260429,20260429,603270_fin.csv,REAL_FUNDAMENTALS
603271,20260331,20260430,20260430,20260430,603271_fin.csv,REAL_FUNDAMENTALS
603272,20260331,20260428,20260428,20260428,603272_fin.csv,REAL_FUNDAMENTALS
603273,20260331,20260428,20260428,20260428,603273_fin.csv,REAL_FUNDAMENTALS
603275,20260331,20260423,20260423,20260423,603275_fin.csv,REAL_FUNDAMENTALS
603276,20260331,20260428,20260428,20260428,603276_fin.csv,REAL_FUNDAMENTALS
603277,20260331,20260423,20260423,20260423,603277_fin.csv,REAL_FUNDAMENTALS
603278,20260331,20260430,20260430,20260430,603278_fin.csv,REAL_FUNDAMENTALS
603279,20260331,20260429,20260429,20260429,603279_fin.csv,REAL_FUNDAMENTALS
603280,20260331,20260430,20260430,20260430,603280_fin.csv,REAL_FUNDAMENTALS
603281,20260331,20260421,20260421,20260421,603281_fin.csv,REAL_FUNDAMENTALS
603282,20260331,20260429,20260429,20260429,603282_fin.csv,REAL_FUNDAMENTALS
603283,20260331,20260428,20260428,20260428,603283_fin.csv,REAL_FUNDAMENTALS
603284,20260331,20260429,20260429,20260429,603284_fin.csv,REAL_FUNDAMENTALS
603285,20260331,20260429,20260429,20260429,603285_fin.csv,REAL_FUNDAMENTALS
603286,20260331,20260430,20260430,20260430,603286_fin.csv,REAL_FUNDAMENTALS
603288,20260331,20260428,20260428,20260428,603288_fin.csv,REAL_FUNDAMENTALS
603289,20260331,20260429,20260429,20260429,603289_fin.csv,REAL_FUNDAMENTALS
603290,20260331,20260430,20260430,20260430,603290_fin.csv,REAL_FUNDAMENTALS
603291,20260331,20260428,20260428,20260428,603291_fin.csv,REAL_FUNDAMENTALS
603293,20260331,20260423,20260423,20260423,603293_fin.csv,REAL_FUNDAMENTALS
603296,20260331,20260430,20260430,20260430,603296_fin.csv,REAL_FUNDAMENTALS
603297,20260331,20260424,20260424,20260424,603297_fin.csv,REAL_FUNDAMENTALS
603298,20260331,20260424,20260424,20260424,603298_fin.csv,REAL_FUNDAMENTALS
603299,20260331,20260423,20260423,20260423,603299_fin.csv,REAL_FUNDAMENTALS
603300,20260331,20260428,20260428,20260428,603300_fin.csv,REAL_FUNDAMENTALS
603301,20260331,20260424,20260424,20260424,603301_fin.csv,REAL_FUNDAMENTALS
603303,20260331,20260424,20260424,20260424,603303_fin.csv,REAL_FUNDAMENTALS
603305,20260331,20260429,20260429,20260429,603305_fin.csv,REAL_FUNDAMENTALS
603306,20260331,20260429,20260429,20260429,603306_fin.csv,REAL_FUNDAMENTALS
603307,20260331,20260429,20260429,20260429,603307_fin.csv,REAL_FUNDAMENTALS
603308,20260331,20260424,20260424,20260424,603308_fin.csv,REAL_FUNDAMENTALS
603309,20260331,20260423,20260423,20260423,603309_fin.csv,REAL_FUNDAMENTALS
603310,20260331,20260425,20260425,20260425,603310_fin.csv,REAL_FUNDAMENTALS
603311,20260331,20260429,20260429,20260429,603311_fin.csv,REAL_FUNDAMENTALS
603312,20260331,20260425,20260425,20260425,603312_fin.csv,REAL_FUNDAMENTALS
603313,20260331,20260429,20260429,20260429,603313_fin.csv,REAL_FUNDAMENTALS
603315,20260331,20260430,20260430,20260430,603315_fin.csv,REAL_FUNDAMENTALS
603316,20260331,20260430,20260430,20260430,603316_fin.csv,REAL_FUNDAMENTALS
603317,20260331,20260428,20260428,20260428,603317_fin.csv,REAL_FUNDAMENTALS
603318,20260331,20260424,20260424,20260424,603318_fin.csv,REAL_FUNDAMENTALS
603319,20260331,20260421,20260421,20260421,603319_fin.csv,REAL_FUNDAMENTALS
603320,20260331,20260428,20260428,20260428,603320_fin.csv,REAL_FUNDAMENTALS
603321,20260331,20260430,20260430,20260430,603321_fin.csv,REAL_FUNDAMENTALS
603322,20260331,20260428,20260428,20260428,603322_fin.csv,REAL_FUNDAMENTALS
603323,20260331,20260430,20260430,20260430,603323_fin.csv,REAL_FUNDAMENTALS
603324,20260331,20260430,20260430,20260430,603324_fin.csv,REAL_FUNDAMENTALS
603325,20260331,20260424,20260424,20260424,603325_fin.csv,REAL_FUNDAMENTALS
603326,20260331,20260430,20260430,20260430,603326_fin.csv,REAL_FUNDAMENTALS
603327,20260331,20260425,20260425,20260425,603327_fin.csv,REAL_FUNDAMENTALS
603328,20260331,20260429,20260429,20260429,603328_fin.csv,REAL_FUNDAMENTALS
603329,20260331,20260429,20260429,20260429,603329_fin.csv,REAL_FUNDAMENTALS
603330,20260331,20260423,20260423,20260423,603330_fin.csv,REAL_FUNDAMENTALS
603331,20260331,20260429,20260429,20260429,603331_fin.csv,REAL_FUNDAMENTALS
603332,20260331,20260428,20260428,20260428,603332_fin.csv,REAL_FUNDAMENTALS
603333,20260331,20260430,20260430,20260430,603333_fin.csv,REAL_FUNDAMENTALS
603334,20260331,20260429,20260429,20260429,603334_fin.csv,REAL_FUNDAMENTALS
603335,20260331,20260428,20260428,20260428,603335_fin.csv,REAL_FUNDAMENTALS
603336,20260331,20260430,20260430,20260430,603336_fin.csv,REAL_FUNDAMENTALS
603337,20260331,20260429,20260429,20260429,603337_fin.csv,REAL_FUNDAMENTALS
603338,20260331,20260428,20260428,20260428,603338_fin.csv,REAL_FUNDAMENTALS
603339,20260331,20260430,20260430,20260430,603339_fin.csv,REAL_FUNDAMENTALS
603341,20260331,20260429,20260429,20260429,603341_fin.csv,REAL_FUNDAMENTALS
603344,20260331,20260430,20260430,20260430,603344_fin.csv,REAL_FUNDAMENTALS
603345,20260331,20260429,20260429,20260429,603345_fin.csv,REAL_FUNDAMENTALS
603348,20260331,20260429,20260429,20260429,603348_fin.csv,REAL_FUNDAMENTALS
603350,20260331,20260430,20260430,20260430,603350_fin.csv,REAL_FUNDAMENTALS
603351,20260331,20260428,20260428,20260428,603351_fin.csv,REAL_FUNDAMENTALS
603352,20260331,20260430,20260430,20260430,603352_fin.csv,REAL_FUNDAMENTALS
603353,20260331,20260424,20260424,20260424,603353_fin.csv,REAL_FUNDAMENTALS
603355,20260331,20260429,20260429,20260429,603355_fin.csv,REAL_FUNDAMENTALS
603356,20260331,20260430,20260430,20260430,603356_fin.csv,REAL_FUNDAMENTALS
603357,20260331,20260430,20260430,20260430,603357_fin.csv,REAL_FUNDAMENTALS
603358,20260331,20260430,20260430,20260430,603358_fin.csv,REAL_FUNDAMENTALS
603359,20260331,20260430,20260430,20260430,603359_fin.csv,REAL_FUNDAMENTALS
603360,20260331,20260428,20260428,20260428,603360_fin.csv,REAL_FUNDAMENTALS
603363,20260331,20260428,20260428,20260428,603363_fin.csv,REAL_FUNDAMENTALS
603365,20260331,20260424,20260424,20260424,603365_fin.csv,REAL_FUNDAMENTALS
603366,20260331,20260425,20260425,20260425,603366_fin.csv,REAL_FUNDAMENTALS
603367,20260331,20260429,20260429,20260429,603367_fin.csv,REAL_FUNDAMENTALS
603368,20260331,20260430,20260430,20260430,603368_fin.csv,REAL_FUNDAMENTALS
603369,20260331,20260429,20260429,20260429,603369_fin.csv,REAL_FUNDAMENTALS
603370,20260331,20260428,20260428,20260428,603370_fin.csv,REAL_FUNDAMENTALS
603373,20260331,20260429,20260429,20260429,603373_fin.csv,REAL_FUNDAMENTALS
603375,20260331,20260425,20260425,20260425,603375_fin.csv,REAL_FUNDAMENTALS
603376,20260331,20260428,20260428,20260428,603376_fin.csv,REAL_FUNDAMENTALS
603377,20260331,20260430,20260430,20260430,603377_fin.csv,REAL_FUNDAMENTALS
603378,20260331,20260430,20260430,20260430,603378_fin.csv,REAL_FUNDAMENTALS
603379,20260331,20260428,20260428,20260428,603379_fin.csv,REAL_FUNDAMENTALS
603380,20260331,20260422,20260422,20260422,603380_fin.csv,REAL_FUNDAMENTALS
603381,20260331,20260430,20260430,20260430,603381_fin.csv,REAL_FUNDAMENTALS
603382,20260331,20260428,20260428,20260428,603382_fin.csv,REAL_FUNDAMENTALS
603383,20260331,20260423,20260423,20260423,603383_fin.csv,REAL_FUNDAMENTALS
603385,20260331,20260430,20260430,20260430,603385_fin.csv,REAL_FUNDAMENTALS
603386,20260331,20260428,20260428,20260428,603386_fin.csv,REAL_FUNDAMENTALS
603387,20260331,20260430,20260430,20260430,603387_fin.csv,REAL_FUNDAMENTALS
603389,20260331,20260430,20260430,20260430,603389_fin.csv,REAL_FUNDAMENTALS
603390,20260331,20260423,20260423,20260423,603390_fin.csv,REAL_FUNDAMENTALS
603391,20260331,20260430,20260430,20260430,603391_fin.csv,REAL_FUNDAMENTALS
603392,20260331,20260428,20260428,20260428,603392_fin.csv,REAL_FUNDAMENTALS
603393,20260331,20260430,20260430,20260430,603393_fin.csv,REAL_FUNDAMENTALS
603395,20260331,20260428,20260428,20260428,603395_fin.csv,REAL_FUNDAMENTALS
603396,20260331,20260428,20260428,20260428,603396_fin.csv,REAL_FUNDAMENTALS
603398,20260331,20260430,20260430,20260430,603398_fin.csv,REAL_FUNDAMENTALS
603399,20260331,20260428,20260428,20260428,603399_fin.csv,REAL_FUNDAMENTALS
603400,20260331,20260420,20260420,20260420,603400_fin.csv,REAL_FUNDAMENTALS
603402,20260331,20260428,20260428,20260428,603402_fin.csv,REAL_FUNDAMENTALS
603406,20260331,20260422,20260422,20260422,603406_fin.csv,REAL_FUNDAMENTALS
603407,20260331,20260508,20260508,20260508,603407_fin.csv,REAL_FUNDAMENTALS
603408,20260331,20260423,20260423,20260423,603408_fin.csv,REAL_FUNDAMENTALS
603409,20260331,20260430,20260430,20260430,603409_fin.csv,REAL_FUNDAMENTALS
603416,20260331,20260425,20260425,20260425,603416_fin.csv,REAL_FUNDAMENTALS
603418,20260331,20260429,20260429,20260429,603418_fin.csv,REAL_FUNDAMENTALS
603421,20260331,20260429,20260429,20260429,603421_fin.csv,REAL_FUNDAMENTALS
603429,20260331,20260430,20260430,20260430,603429_fin.csv,REAL_FUNDAMENTALS
603435,20251231,20260306,20260306,20260306,603435_fin.csv,REAL_FUNDAMENTALS
603439,20260331,20260427,20260427,20260427,603439_fin.csv,REAL_FUNDAMENTALS
603444,20260331,20260424,20260424,20260424,603444_fin.csv,REAL_FUNDAMENTALS
603456,20260331,20260424,20260424,20260424,603456_fin.csv,REAL_FUNDAMENTALS
603458,20260331,20260429,20260429,20260429,603458_fin.csv,REAL_FUNDAMENTALS
603459,20260331,20260428,20260428,20260428,603459_fin.csv,REAL_FUNDAMENTALS
603466,20260331,20260421,20260421,20260421,603466_fin.csv,REAL_FUNDAMENTALS
603477,20260331,20260423,20260423,20260423,603477_fin.csv,REAL_FUNDAMENTALS
603486,20260331,20260425,20260425,20260425,603486_fin.csv,REAL_FUNDAMENTALS
603488,20260331,20260428,20260428,20260428,603488_fin.csv,REAL_FUNDAMENTALS
603489,20260331,20260429,20260429,20260429,603489_fin.csv,REAL_FUNDAMENTALS
603496,20260331,20260429,20260429,20260429,603496_fin.csv,REAL_FUNDAMENTALS
603499,20260331,20260430,20260430,20260430,603499_fin.csv,REAL_FUNDAMENTALS
603500,20260331,20260430,20260430,20260430,603500_fin.csv,REAL_FUNDAMENTALS
603501,20260331,20260430,20260430,20260430,603501_fin.csv,REAL_FUNDAMENTALS
603505,20260331,20260429,20260429,20260429,603505_fin.csv,REAL_FUNDAMENTALS
603506,20260331,20260430,20260430,20260430,603506_fin.csv,REAL_FUNDAMENTALS
603507,20260331,20260430,20260430,20260430,603507_fin.csv,REAL_FUNDAMENTALS
603508,20260331,20260429,20260429,20260429,603508_fin.csv,REAL_FUNDAMENTALS
603511,20260331,20260425,20260425,20260425,603511_fin.csv,REAL_FUNDAMENTALS
603515,20260331,20260424,20260424,20260424,603515_fin.csv,REAL_FUNDAMENTALS
603516,20260331,20260429,20260429,20260429,603516_fin.csv,REAL_FUNDAMENTALS
603517,20260331,20260423,20260423,20260423,603517_fin.csv,REAL_FUNDAMENTALS
603518,20260331,20260428,20260428,20260428,603518_fin.csv,REAL_FUNDAMENTALS
603519,20260331,20260428,20260428,20260428,603519_fin.csv,REAL_FUNDAMENTALS
603520,20260331,20260430,20260430,20260430,603520_fin.csv,REAL_FUNDAMENTALS
603527,20260331,20260425,20260425,20260425,603527_fin.csv,REAL_FUNDAMENTALS
603528,20260331,20260430,20260430,20260430,603528_fin.csv,REAL_FUNDAMENTALS
603529,20260331,20260423,20260423,20260423,603529_fin.csv,REAL_FUNDAMENTALS
603530,20260331,20260428,20260428,20260428,603530_fin.csv,REAL_FUNDAMENTALS
603533,20260331,20260430,20260430,20260430,603533_fin.csv,REAL_FUNDAMENTALS
603535,20260331,20260430,20260430,20260430,603535_fin.csv,REAL_FUNDAMENTALS
603536,20260331,20260429,20260429,20260429,603536_fin.csv,REAL_FUNDAMENTALS
603538,20260331,20260425,20260425,20260425,603538_fin.csv,REAL_FUNDAMENTALS
603551,20260331,20260428,20260428,20260428,603551_fin.csv,REAL_FUNDAMENTALS
603556,20260331,20260430,20260430,20260430,603556_fin.csv,REAL_FUNDAMENTALS
603557,20260331,20260430,20260430,20260430,603557_fin.csv,REAL_FUNDAMENTALS
603558,20260331,20260423,20260423,20260423,603558_fin.csv,REAL_FUNDAMENTALS
603559,20260331,20260429,20260429,20260429,603559_fin.csv,REAL_FUNDAMENTALS
603565,20260331,20260430,20260430,20260430,603565_fin.csv,REAL_FUNDAMENTALS
603566,20260331,20260429,20260429,20260429,603566_fin.csv,REAL_FUNDAMENTALS
603567,20260331,20260430,20260430,20260430,603567_fin.csv,REAL_FUNDAMENTALS
603568,20260331,20260428,20260428,20260428,603568_fin.csv,REAL_FUNDAMENTALS
603569,20260331,20260430,20260430,20260430,603569_fin.csv,REAL_FUNDAMENTALS
603577,20260331,20260430,20260430,20260430,603577_fin.csv,REAL_FUNDAMENTALS
603578,20260331,20260429,20260429,20260429,603578_fin.csv,REAL_FUNDAMENTALS
603579,20260331,20260425,20260425,20260425,603579_fin.csv,REAL_FUNDAMENTALS
603580,20260331,20260430,20260430,20260430,603580_fin.csv,REAL_FUNDAMENTALS
603583,20260331,20260428,20260428,20260428,603583_fin.csv,REAL_FUNDAMENTALS
603585,20260331,20260423,20260423,20260423,603585_fin.csv,REAL_FUNDAMENTALS
603586,20260331,20260425,20260425,20260425,603586_fin.csv,REAL_FUNDAMENTALS
603587,20260331,20260429,20260429,20260429,603587_fin.csv,REAL_FUNDAMENTALS
603588,20260331,20260410,20260410,20260410,603588_fin.csv,REAL_FUNDAMENTALS
603589,20260331,20260423,20260423,20260423,603589_fin.csv,REAL_FUNDAMENTALS
603590,20260331,20260423,20260423,20260423,603590_fin.csv,REAL_FUNDAMENTALS
603595,20260331,20260418,20260418,20260418,603595_fin.csv,REAL_FUNDAMENTALS
603596,20260331,20260429,20260429,20260429,603596_fin.csv,REAL_FUNDAMENTALS
603598,20260331,20260430,20260430,20260430,603598_fin.csv,REAL_FUNDAMENTALS
603599,20260331,20260427,20260427,20260427,603599_fin.csv,REAL_FUNDAMENTALS
603600,20260331,20260425,20260425,20260425,603600_fin.csv,REAL_FUNDAMENTALS
603601,20260331,20260423,20260423,20260423,603601_fin.csv,REAL_FUNDAMENTALS
603602,20260331,20260430,20260430,20260430,603602_fin.csv,REAL_FUNDAMENTALS
603605,20260331,20260422,20260422,20260422,603605_fin.csv,REAL_FUNDAMENTALS
603606,20260331,20260422,20260422,20260422,603606_fin.csv,REAL_FUNDAMENTALS
603607,20260331,20260428,20260428,20260428,603607_fin.csv,REAL_FUNDAMENTALS
603608,20260331,20260425,20260425,20260425,603608_fin.csv,REAL_FUNDAMENTALS
603609,20260331,20260430,20260430,20260430,603609_fin.csv,REAL_FUNDAMENTALS
603610,20260331,20260428,20260428,20260428,603610_fin.csv,REAL_FUNDAMENTALS
603611,20260331,20260429,20260429,20260429,603611_fin.csv,REAL_FUNDAMENTALS
603612,20260331,20260423,20260423,20260423,603612_fin.csv,REAL_FUNDAMENTALS
603613,20260331,20260428,20260428,20260428,603613_fin.csv,REAL_FUNDAMENTALS
603615,20260331,20260429,20260429,20260429,603615_fin.csv,REAL_FUNDAMENTALS
603616,20260331,20260424,20260424,20260424,603616_fin.csv,REAL_FUNDAMENTALS
603617,20260331,20260424,20260424,20260424,603617_fin.csv,REAL_FUNDAMENTALS
603618,20260331,20260422,20260422,20260422,603618_fin.csv,REAL_FUNDAMENTALS
603619,20260331,20260430,20260430,20260430,603619_fin.csv,REAL_FUNDAMENTALS
603626,20260331,20260423,20260423,20260423,603626_fin.csv,REAL_FUNDAMENTALS
603628,20260331,20260430,20260430,20260430,603628_fin.csv,REAL_FUNDAMENTALS
603629,20260331,20260428,20260428,20260428,603629_fin.csv,REAL_FUNDAMENTALS
603630,20260331,20260428,20260428,20260428,603630_fin.csv,REAL_FUNDAMENTALS
603633,20260331,20260428,20260428,20260428,603633_fin.csv,REAL_FUNDAMENTALS
603636,20260331,20260430,20260430,20260430,603636_fin.csv,REAL_FUNDAMENTALS
603637,20260331,20260430,20260430,20260430,603637_fin.csv,REAL_FUNDAMENTALS
603638,20260331,20260422,20260422,20260422,603638_fin.csv,REAL_FUNDAMENTALS
603639,20260331,20260429,20260429,20260429,603639_fin.csv,REAL_FUNDAMENTALS
603648,20260331,20260427,20260427,20260427,603648_fin.csv,REAL_FUNDAMENTALS
603650,20260331,20260418,20260418,20260418,603650_fin.csv,REAL_FUNDAMENTALS
603655,20260331,20260428,20260428,20260428,603655_fin.csv,REAL_FUNDAMENTALS
603656,20260331,20260425,20260425,20260425,603656_fin.csv,REAL_FUNDAMENTALS
603657,20260331,20260428,20260428,20260428,603657_fin.csv,REAL_FUNDAMENTALS
603658,20260331,20260423,20260423,20260423,603658_fin.csv,REAL_FUNDAMENTALS
603659,20260331,20260423,20260423,20260423,603659_fin.csv,REAL_FUNDAMENTALS
603660,20260331,20260429,20260429,20260429,603660_fin.csv,REAL_FUNDAMENTALS
603661,20260331,20260430,20260430,20260430,603661_fin.csv,REAL_FUNDAMENTALS
603663,20260331,20260425,20260425,20260425,603663_fin.csv,REAL_FUNDAMENTALS
603665,20260331,20260430,20260430,20260430,603665_fin.csv,REAL_FUNDAMENTALS
603666,20260331,20260430,20260430,20260430,603666_fin.csv,REAL_FUNDAMENTALS
603668,20260331,20260430,20260430,20260430,603668_fin.csv,REAL_FUNDAMENTALS
603669,20260331,20260429,20260429,20260429,603669_fin.csv,REAL_FUNDAMENTALS
603676,20260331,20260424,20260424,20260424,603676_fin.csv,REAL_FUNDAMENTALS
603677,20260331,20260425,20260425,20260425,603677_fin.csv,REAL_FUNDAMENTALS
603678,20260331,20260429,20260429,20260429,603678_fin.csv,REAL_FUNDAMENTALS
603679,20260331,20260428,20260428,20260428,603679_fin.csv,REAL_FUNDAMENTALS
603680,20260331,20260428,20260428,20260428,603680_fin.csv,REAL_FUNDAMENTALS
603681,20260331,20260428,20260428,20260428,603681_fin.csv,REAL_FUNDAMENTALS
603682,20260331,20260425,20260425,20260425,603682_fin.csv,REAL_FUNDAMENTALS
603683,20260331,20260429,20260429,20260429,603683_fin.csv,REAL_FUNDAMENTALS
603685,20260331,20260427,20260427,20260427,603685_fin.csv,REAL_FUNDAMENTALS
603686,20260331,20260422,20260422,20260422,603686_fin.csv,REAL_FUNDAMENTALS
603687,20260331,20260430,20260430,20260430,603687_fin.csv,REAL_FUNDAMENTALS
603688,20260331,20260425,20260425,20260425,603688_fin.csv,REAL_FUNDAMENTALS
603689,20260331,20260430,20260430,20260430,603689_fin.csv,REAL_FUNDAMENTALS
603690,20260331,20260430,20260430,20260430,603690_fin.csv,REAL_FUNDAMENTALS
603693,20260331,20260425,20260425,20260425,603693_fin.csv,REAL_FUNDAMENTALS
603696,20260331,20260430,20260430,20260430,603696_fin.csv,REAL_FUNDAMENTALS
603697,20260331,20260428,20260428,20260428,603697_fin.csv,REAL_FUNDAMENTALS
603698,20260331,20260430,20260430,20260430,603698_fin.csv,REAL_FUNDAMENTALS
603699,20260331,20260430,20260430,20260430,603699_fin.csv,REAL_FUNDAMENTALS
603700,20260331,20260429,20260429,20260429,603700_fin.csv,REAL_FUNDAMENTALS
603701,20260331,20260429,20260429,20260429,603701_fin.csv,REAL_FUNDAMENTALS
603703,20260331,20260425,20260425,20260425,603703_fin.csv,REAL_FUNDAMENTALS
603706,20260331,20260428,20260428,20260428,603706_fin.csv,REAL_FUNDAMENTALS
603707,20260331,20260430,20260430,20260430,603707_fin.csv,REAL_FUNDAMENTALS
603708,20260331,20260418,20260418,20260418,603708_fin.csv,REAL_FUNDAMENTALS
603709,20260331,20260428,20260428,20260428,603709_fin.csv,REAL_FUNDAMENTALS
603711,20260331,20260430,20260430,20260430,603711_fin.csv,REAL_FUNDAMENTALS
603712,20260331,20260430,20260430,20260430,603712_fin.csv,REAL_FUNDAMENTALS
603713,20260331,20260429,20260429,20260429,603713_fin.csv,REAL_FUNDAMENTALS
603716,20260331,20260429,20260429,20260429,603716_fin.csv,REAL_FUNDAMENTALS
603717,20260331,20260430,20260430,20260430,603717_fin.csv,REAL_FUNDAMENTALS
603718,20260331,20260430,20260430,20260430,603718_fin.csv,REAL_FUNDAMENTALS
603719,20260331,20260429,20260429,20260429,603719_fin.csv,REAL_FUNDAMENTALS
603721,20260331,20260430,20260430,20260430,603721_fin.csv,REAL_FUNDAMENTALS
603722,20260331,20260425,20260425,20260425,603722_fin.csv,REAL_FUNDAMENTALS
603725,20260331,20260417,20260417,20260417,603725_fin.csv,REAL_FUNDAMENTALS
603726,20260331,20260430,20260430,20260430,603726_fin.csv,REAL_FUNDAMENTALS
603727,20260331,20260418,20260418,20260418,603727_fin.csv,REAL_FUNDAMENTALS
603728,20260331,20260428,20260428,20260428,603728_fin.csv,REAL_FUNDAMENTALS
603729,20260331,20260430,20260430,20260430,603729_fin.csv,REAL_FUNDAMENTALS
603730,20260331,20260430,20260430,20260430,603730_fin.csv,REAL_FUNDAMENTALS
603733,20260331,20260430,20260430,20260430,603733_fin.csv,REAL_FUNDAMENTALS
603737,20260331,20260423,20260423,20260423,603737_fin.csv,REAL_FUNDAMENTALS
603738,20260331,20260430,20260430,20260430,603738_fin.csv,REAL_FUNDAMENTALS
603739,20260331,20260425,20260425,20260425,603739_fin.csv,REAL_FUNDAMENTALS
603755,20260331,20260425,20260425,20260425,603755_fin.csv,REAL_FUNDAMENTALS
603757,20260331,20260429,20260429,20260429,603757_fin.csv,REAL_FUNDAMENTALS
603758,20260331,20260418,20260418,20260418,603758_fin.csv,REAL_FUNDAMENTALS
603759,20260331,20260430,20260430,20260430,603759_fin.csv,REAL_FUNDAMENTALS
603766,20260331,20260425,20260425,20260425,603766_fin.csv,REAL_FUNDAMENTALS
603767,20260331,20260425,20260425,20260425,603767_fin.csv,REAL_FUNDAMENTALS
603768,20260331,20260428,20260428,20260428,603768_fin.csv,REAL_FUNDAMENTALS
603773,20260331,20260423,20260423,20260423,603773_fin.csv,REAL_FUNDAMENTALS
603776,20260331,20260428,20260428,20260428,603776_fin.csv,REAL_FUNDAMENTALS
603777,20260331,20260429,20260429,20260429,603777_fin.csv,REAL_FUNDAMENTALS
603778,20260331,20260430,20260430,20260430,603778_fin.csv,REAL_FUNDAMENTALS
603779,20260331,20260429,20260429,20260429,603779_fin.csv,REAL_FUNDAMENTALS
603786,20260331,20260423,20260423,20260423,603786_fin.csv,REAL_FUNDAMENTALS
603787,20260331,20260425,20260425,20260425,603787_fin.csv,REAL_FUNDAMENTALS
603788,20260331,20260429,20260429,20260429,603788_fin.csv,REAL_FUNDAMENTALS
603789,20260331,20260430,20260430,20260430,603789_fin.csv,REAL_FUNDAMENTALS
603790,20260331,20260425,20260425,20260425,603790_fin.csv,REAL_FUNDAMENTALS
603797,20260331,20260429,20260429,20260429,603797_fin.csv,REAL_FUNDAMENTALS
603798,20260331,20260424,20260424,20260424,603798_fin.csv,REAL_FUNDAMENTALS
603799,20260331,20260417,20260417,20260417,603799_fin.csv,REAL_FUNDAMENTALS
603800,20260331,20260430,20260430,20260430,603800_fin.csv,REAL_FUNDAMENTALS
603801,20260331,20260430,20260430,20260430,603801_fin.csv,REAL_FUNDAMENTALS
603803,20260331,20260429,20260429,20260429,603803_fin.csv,REAL_FUNDAMENTALS
603806,20260331,20260428,20260428,20260428,603806_fin.csv,REAL_FUNDAMENTALS
603808,20260331,20260430,20260430,20260430,603808_fin.csv,REAL_FUNDAMENTALS
603809,20260331,20260430,20260430,20260430,603809_fin.csv,REAL_FUNDAMENTALS
603810,20260331,20260428,20260428,20260428,603810_fin.csv,REAL_FUNDAMENTALS
603811,20260331,20260424,20260424,20260424,603811_fin.csv,REAL_FUNDAMENTALS
603813,20260331,20260430,20260430,20260430,603813_fin.csv,REAL_FUNDAMENTALS
603815,20260331,20260430,20260430,20260430,603815_fin.csv,REAL_FUNDAMENTALS
603816,20260331,20260430,20260430,20260430,603816_fin.csv,REAL_FUNDAMENTALS
603817,20260331,20260425,20260425,20260425,603817_fin.csv,REAL_FUNDAMENTALS
603818,20260331,20260430,20260430,20260430,603818_fin.csv,REAL_FUNDAMENTALS
603819,20260331,20260429,20260429,20260429,603819_fin.csv,REAL_FUNDAMENTALS
603822,20260331,20260430,20260430,20260430,603822_fin.csv,REAL_FUNDAMENTALS
603823,20260331,20260430,20260430,20260430,603823_fin.csv,REAL_FUNDAMENTALS
603825,20260331,20260430,20260430,20260430,603825_fin.csv,REAL_FUNDAMENTALS
603826,20260331,20260423,20260423,20260423,603826_fin.csv,REAL_FUNDAMENTALS
603828,20260331,20260430,20260430,20260430,603828_fin.csv,REAL_FUNDAMENTALS
603829,20260331,20260430,20260430,20260430,603829_fin.csv,REAL_FUNDAMENTALS
603833,20260331,20260430,20260430,20260430,603833_fin.csv,REAL_FUNDAMENTALS
603836,20260331,20260425,20260425,20260425,603836_fin.csv,REAL_FUNDAMENTALS
603838,20260331,20260429,20260429,20260429,603838_fin.csv,REAL_FUNDAMENTALS
603839,20260331,20260429,20260429,20260429,603839_fin.csv,REAL_FUNDAMENTALS
603843,20260331,20260430,20260430,20260430,603843_fin.csv,REAL_FUNDAMENTALS
603848,20260331,20260422,20260422,20260422,603848_fin.csv,REAL_FUNDAMENTALS
603855,20260331,20260429,20260429,20260429,603855_fin.csv,REAL_FUNDAMENTALS
603856,20260331,20260422,20260422,20260422,603856_fin.csv,REAL_FUNDAMENTALS
603858,20260331,20260428,20260428,20260428,603858_fin.csv,REAL_FUNDAMENTALS
603859,20260331,20260430,20260430,20260430,603859_fin.csv,REAL_FUNDAMENTALS
603860,20260331,20260430,20260430,20260430,603860_fin.csv,REAL_FUNDAMENTALS
603861,20260331,20260425,20260425,20260425,603861_fin.csv,REAL_FUNDAMENTALS
603863,20260331,20260430,20260430,20260430,603863_fin.csv,REAL_FUNDAMENTALS
603866,20260331,20260429,20260429,20260429,603866_fin.csv,REAL_FUNDAMENTALS
603867,20260331,20260425,20260425,20260425,603867_fin.csv,REAL_FUNDAMENTALS
603868,20260331,20260429,20260429,20260429,603868_fin.csv,REAL_FUNDAMENTALS
603869,20260331,20260428,20260428,20260428,603869_fin.csv,REAL_FUNDAMENTALS
603871,20260331,20260428,20260428,20260428,603871_fin.csv,REAL_FUNDAMENTALS
603876,20260331,20260430,20260430,20260430,603876_fin.csv,REAL_FUNDAMENTALS
603877,20260331,20260417,20260417,20260417,603877_fin.csv,REAL_FUNDAMENTALS
603878,20260331,20260423,20260423,20260423,603878_fin.csv,REAL_FUNDAMENTALS
603879,20260331,20260430,20260430,20260430,603879_fin.csv,REAL_FUNDAMENTALS
603880,20260331,20260430,20260430,20260430,603880_fin.csv,REAL_FUNDAMENTALS
603881,20260331,20260425,20260425,20260425,603881_fin.csv,REAL_FUNDAMENTALS
603882,20260331,20260425,20260425,20260425,603882_fin.csv,REAL_FUNDAMENTALS
603883,20260331,20260423,20260423,20260423,603883_fin.csv,REAL_FUNDAMENTALS
603885,20260331,20260430,20260430,20260430,603885_fin.csv,REAL_FUNDAMENTALS
603886,20260331,20260425,20260425,20260425,603886_fin.csv,REAL_FUNDAMENTALS
603887,20260331,20260430,20260430,20260430,603887_fin.csv,REAL_FUNDAMENTALS
603888,20260331,20260429,20260429,20260429,603888_fin.csv,REAL_FUNDAMENTALS
603889,20260331,20260422,20260422,20260422,603889_fin.csv,REAL_FUNDAMENTALS
603890,20260331,20260428,20260428,20260428,603890_fin.csv,REAL_FUNDAMENTALS
603893,20260331,20260422,20260422,20260422,603893_fin.csv,REAL_FUNDAMENTALS
603895,20260331,20260428,20260428,20260428,603895_fin.csv,REAL_FUNDAMENTALS
603896,20260331,20260429,20260429,20260429,603896_fin.csv,REAL_FUNDAMENTALS
603897,20260331,20260422,20260422,20260422,603897_fin.csv,REAL_FUNDAMENTALS
603898,20260331,20260430,20260430,20260430,603898_fin.csv,REAL_FUNDAMENTALS
603899,20260331,20260429,20260429,20260429,603899_fin.csv,REAL_FUNDAMENTALS
603900,20260331,20260430,20260430,20260430,603900_fin.csv,REAL_FUNDAMENTALS
603901,20260331,20260423,20260423,20260423,603901_fin.csv,REAL_FUNDAMENTALS
603903,20260331,20260430,20260430,20260430,603903_fin.csv,REAL_FUNDAMENTALS
603906,20260331,20260430,20260430,20260430,603906_fin.csv,REAL_FUNDAMENTALS
603908,20260331,20260428,20260428,20260428,603908_fin.csv,REAL_FUNDAMENTALS
603909,20260331,20260428,20260428,20260428,603909_fin.csv,REAL_FUNDAMENTALS
603912,20260331,20260430,20260430,20260430,603912_fin.csv,REAL_FUNDAMENTALS
603915,20260331,20260428,20260428,20260428,603915_fin.csv,REAL_FUNDAMENTALS
603916,20260331,20260428,20260428,20260428,603916_fin.csv,REAL_FUNDAMENTALS
603917,20260331,20260430,20260430,20260430,603917_fin.csv,REAL_FUNDAMENTALS
603918,20260331,20260430,20260430,20260430,603918_fin.csv,REAL_FUNDAMENTALS
603919,20260331,20260417,20260417,20260417,603919_fin.csv,REAL_FUNDAMENTALS
603920,20260331,20260429,20260429,20260429,603920_fin.csv,REAL_FUNDAMENTALS
603922,20260331,20260429,20260429,20260429,603922_fin.csv,REAL_FUNDAMENTALS
603926,20260331,20260429,20260429,20260429,603926_fin.csv,REAL_FUNDAMENTALS
603927,20260331,20260430,20260430,20260430,603927_fin.csv,REAL_FUNDAMENTALS
603928,20260331,20260429,20260429,20260429,603928_fin.csv,REAL_FUNDAMENTALS
603929,20260331,20260430,20260430,20260430,603929_fin.csv,REAL_FUNDAMENTALS
603931,20260331,20260425,20260425,20260425,603931_fin.csv,REAL_FUNDAMENTALS
603933,20260331,20260429,20260429,20260429,603933_fin.csv,REAL_FUNDAMENTALS
603936,20260331,20260428,20260428,20260428,603936_fin.csv,REAL_FUNDAMENTALS
603937,20260331,20260429,20260429,20260429,603937_fin.csv,REAL_FUNDAMENTALS
603938,20260331,20260423,20260423,20260423,603938_fin.csv,REAL_FUNDAMENTALS
603939,20260331,20260423,20260423,20260423,603939_fin.csv,REAL_FUNDAMENTALS
603948,20260331,20260424,20260424,20260424,603948_fin.csv,REAL_FUNDAMENTALS
603949,20260331,20260428,20260428,20260428,603949_fin.csv,REAL_FUNDAMENTALS
603950,20260331,20260430,20260430,20260430,603950_fin.csv,REAL_FUNDAMENTALS
603955,20260331,20260430,20260430,20260430,603955_fin.csv,REAL_FUNDAMENTALS
603956,20260331,20260424,20260424,20260424,603956_fin.csv,REAL_FUNDAMENTALS
603958,20260331,20260425,20260425,20260425,603958_fin.csv,REAL_FUNDAMENTALS
603959,20260331,20260430,20260430,20260430,603959_fin.csv,REAL_FUNDAMENTALS
603960,20260331,20260424,20260424,20260424,603960_fin.csv,REAL_FUNDAMENTALS
603966,20260331,20260425,20260425,20260425,603966_fin.csv,REAL_FUNDAMENTALS
603967,20260331,20260424,20260424,20260424,603967_fin.csv,REAL_FUNDAMENTALS
603968,20260331,20260430,20260430,20260430,603968_fin.csv,REAL_FUNDAMENTALS
603969,20260331,20260428,20260428,20260428,603969_fin.csv,REAL_FUNDAMENTALS
603970,20260331,20260425,20260425,20260425,603970_fin.csv,REAL_FUNDAMENTALS
603976,20260331,20260425,20260425,20260425,603976_fin.csv,REAL_FUNDAMENTALS
603977,20260331,20260429,20260429,20260429,603977_fin.csv,REAL_FUNDAMENTALS
603978,20260331,20260430,20260430,20260430,603978_fin.csv,REAL_FUNDAMENTALS
603979,20260331,20260428,20260428,20260428,603979_fin.csv,REAL_FUNDAMENTALS
603980,20260331,20260430,20260430,20260430,603980_fin.csv,REAL_FUNDAMENTALS
603982,20260331,20260425,20260425,20260425,603982_fin.csv,REAL_FUNDAMENTALS
603983,20260331,20260430,20260430,20260430,603983_fin.csv,REAL_FUNDAMENTALS
603985,20260331,20260429,20260429,20260429,603985_fin.csv,REAL_FUNDAMENTALS
603986,20260331,20260430,20260430,20260430,603986_fin.csv,REAL_FUNDAMENTALS
603987,20260331,20260428,20260428,20260428,603987_fin.csv,REAL_FUNDAMENTALS
603988,20260331,20260430,20260430,20260430,603988_fin.csv,REAL_FUNDAMENTALS
603989,20260331,20260430,20260430,20260430,603989_fin.csv,REAL_FUNDAMENTALS
603990,20260331,20260429,20260429,20260429,603990_fin.csv,REAL_FUNDAMENTALS
603991,20260331,20260424,20260424,20260424,603991_fin.csv,REAL_FUNDAMENTALS
603992,20260331,20260424,20260424,20260424,603992_fin.csv,REAL_FUNDAMENTALS
603993,20260331,20260425,20260425,20260425,603993_fin.csv,REAL_FUNDAMENTALS
603995,20260331,20260425,20260425,20260425,603995_fin.csv,REAL_FUNDAMENTALS
603997,20260331,20260430,20260430,20260430,603997_fin.csv,REAL_FUNDAMENTALS
603998,20260331,20260425,20260425,20260425,603998_fin.csv,REAL_FUNDAMENTALS
603999,20260331,20260424,20260424,20260424,603999_fin.csv,REAL_FUNDAMENTALS
605001,20260331,20260422,20260422,20260422,605001_fin.csv,REAL_FUNDAMENTALS
605003,20260331,20260422,20260422,20260422,605003_fin.csv,REAL_FUNDAMENTALS
605005,20260331,20260425,20260425,20260425,605005_fin.csv,REAL_FUNDAMENTALS
605006,20260331,20260430,20260430,20260430,605006_fin.csv,REAL_FUNDAMENTALS
605007,20260331,20260418,20260418,20260418,605007_fin.csv,REAL_FUNDAMENTALS
605008,20260331,20260430,20260430,20260430,605008_fin.csv,REAL_FUNDAMENTALS
605009,20260331,20260428,20260428,20260428,605009_fin.csv,REAL_FUNDAMENTALS
605011,20260331,20260428,20260428,20260428,605011_fin.csv,REAL_FUNDAMENTALS
605016,20260331,20260430,20260430,20260430,605016_fin.csv,REAL_FUNDAMENTALS
605018,20260331,20260425,20260425,20260425,605018_fin.csv,REAL_FUNDAMENTALS
605020,20260331,20260421,20260421,20260421,605020_fin.csv,REAL_FUNDAMENTALS
605028,20260331,20260429,20260429,20260429,605028_fin.csv,REAL_FUNDAMENTALS
605033,20260331,20260430,20260430,20260430,605033_fin.csv,REAL_FUNDAMENTALS
605050,20260331,20260430,20260430,20260430,605050_fin.csv,REAL_FUNDAMENTALS
605055,20260331,20260428,20260428,20260428,605055_fin.csv,REAL_FUNDAMENTALS
605056,20260331,20260430,20260430,20260430,605056_fin.csv,REAL_FUNDAMENTALS
605058,20260331,20260428,20260428,20260428,605058_fin.csv,REAL_FUNDAMENTALS
605060,20260331,20260428,20260428,20260428,605060_fin.csv,REAL_FUNDAMENTALS
605066,20260331,20260418,20260418,20260418,605066_fin.csv,REAL_FUNDAMENTALS
605068,20260331,20260430,20260430,20260430,605068_fin.csv,REAL_FUNDAMENTALS
605069,20260331,20260430,20260430,20260430,605069_fin.csv,REAL_FUNDAMENTALS
605077,20260331,20260430,20260430,20260430,605077_fin.csv,REAL_FUNDAMENTALS
605080,20260331,20260428,20260428,20260428,605080_fin.csv,REAL_FUNDAMENTALS
605081,20260331,20260430,20260430,20260430,605081_fin.csv,REAL_FUNDAMENTALS
605086,20260331,20260423,20260423,20260423,605086_fin.csv,REAL_FUNDAMENTALS
605088,20260331,20260424,20260424,20260424,605088_fin.csv,REAL_FUNDAMENTALS
605089,20260331,20260428,20260428,20260428,605089_fin.csv,REAL_FUNDAMENTALS
605090,20260331,20260424,20260424,20260424,605090_fin.csv,REAL_FUNDAMENTALS
605098,20260331,20260428,20260428,20260428,605098_fin.csv,REAL_FUNDAMENTALS
605099,20260331,20260429,20260429,20260429,605099_fin.csv,REAL_FUNDAMENTALS
605100,20260331,20260428,20260428,20260428,605100_fin.csv,REAL_FUNDAMENTALS
605108,20260331,20260430,20260430,20260430,605108_fin.csv,REAL_FUNDAMENTALS
605111,20260331,20260428,20260428,20260428,605111_fin.csv,REAL_FUNDAMENTALS
605116,20260331,20260424,20260424,20260424,605116_fin.csv,REAL_FUNDAMENTALS
605117,20260331,20260430,20260430,20260430,605117_fin.csv,REAL_FUNDAMENTALS
605118,20260331,20260429,20260429,20260429,605118_fin.csv,REAL_FUNDAMENTALS
605122,20260331,20260430,20260430,20260430,605122_fin.csv,REAL_FUNDAMENTALS
605123,20260331,20260430,20260430,20260430,605123_fin.csv,REAL_FUNDAMENTALS
605128,20260331,20260430,20260430,20260430,605128_fin.csv,REAL_FUNDAMENTALS
605133,20260331,20260429,20260429,20260429,605133_fin.csv,REAL_FUNDAMENTALS
605136,20260331,20260428,20260428,20260428,605136_fin.csv,REAL_FUNDAMENTALS
605138,20260331,20260425,20260425,20260425,605138_fin.csv,REAL_FUNDAMENTALS
605151,20260331,20260427,20260427,20260427,605151_fin.csv,REAL_FUNDAMENTALS
605155,20260331,20260430,20260430,20260430,605155_fin.csv,REAL_FUNDAMENTALS
605158,20260331,20260430,20260430,20260430,605158_fin.csv,REAL_FUNDAMENTALS
605162,20260331,20260425,20260425,20260425,605162_fin.csv,REAL_FUNDAMENTALS
605166,20260331,20260425,20260425,20260425,605166_fin.csv,REAL_FUNDAMENTALS
605167,20260331,20260429,20260429,20260429,605167_fin.csv,REAL_FUNDAMENTALS
605168,20260331,20260428,20260428,20260428,605168_fin.csv,REAL_FUNDAMENTALS
605169,20260331,20260428,20260428,20260428,605169_fin.csv,REAL_FUNDAMENTALS
605177,20260331,20260430,20260430,20260430,605177_fin.csv,REAL_FUNDAMENTALS
605178,20260331,20260429,20260429,20260429,605178_fin.csv,REAL_FUNDAMENTALS
605179,20260331,20260421,20260421,20260421,605179_fin.csv,REAL_FUNDAMENTALS
605180,20260331,20260429,20260429,20260429,605180_fin.csv,REAL_FUNDAMENTALS
605183,20260331,20260425,20260425,20260425,605183_fin.csv,REAL_FUNDAMENTALS
605186,20260331,20260429,20260429,20260429,605186_fin.csv,REAL_FUNDAMENTALS
605188,20260331,20260421,20260421,20260421,605188_fin.csv,REAL_FUNDAMENTALS
605189,20260331,20260430,20260430,20260430,605189_fin.csv,REAL_FUNDAMENTALS
605196,20260331,20260428,20260428,20260428,605196_fin.csv,REAL_FUNDAMENTALS
605198,20260331,20260430,20260430,20260430,605198_fin.csv,REAL_FUNDAMENTALS
605199,20260331,20260429,20260429,20260429,605199_fin.csv,REAL_FUNDAMENTALS
605208,20260331,20260425,20260425,20260425,605208_fin.csv,REAL_FUNDAMENTALS
605218,20260331,20260427,20260427,20260427,605218_fin.csv,REAL_FUNDAMENTALS
605222,20260331,20260429,20260429,20260429,605222_fin.csv,REAL_FUNDAMENTALS
605228,20260331,20260414,20260414,20260414,605228_fin.csv,REAL_FUNDAMENTALS
605255,20260331,20260425,20260425,20260425,605255_fin.csv,REAL_FUNDAMENTALS
605258,20260331,20260428,20260428,20260428,605258_fin.csv,REAL_FUNDAMENTALS
605259,20260331,20260430,20260430,20260430,605259_fin.csv,REAL_FUNDAMENTALS
605266,20260331,20260428,20260428,20260428,605266_fin.csv,REAL_FUNDAMENTALS
605268,20260331,20260429,20260429,20260429,605268_fin.csv,REAL_FUNDAMENTALS
605277,20260331,20260429,20260429,20260429,605277_fin.csv,REAL_FUNDAMENTALS
605286,20260331,20260430,20260430,20260430,605286_fin.csv,REAL_FUNDAMENTALS
605287,20260331,20260430,20260430,20260430,605287_fin.csv,REAL_FUNDAMENTALS
605288,20260331,20260430,20260430,20260430,605288_fin.csv,REAL_FUNDAMENTALS
605289,20260331,20260428,20260428,20260428,605289_fin.csv,REAL_FUNDAMENTALS
605296,20260331,20260425,20260425,20260425,605296_fin.csv,REAL_FUNDAMENTALS
605298,20260331,20260429,20260429,20260429,605298_fin.csv,REAL_FUNDAMENTALS
605299,20260331,20260425,20260425,20260425,605299_fin.csv,REAL_FUNDAMENTALS
605300,20260331,20260425,20260425,20260425,605300_fin.csv,REAL_FUNDAMENTALS
605303,20260331,20260430,20260430,20260430,605303_fin.csv,REAL_FUNDAMENTALS
605305,20260331,20260428,20260428,20260428,605305_fin.csv,REAL_FUNDAMENTALS
605318,20260331,20260428,20260428,20260428,605318_fin.csv,REAL_FUNDAMENTALS
605319,20260331,20260425,20260425,20260425,605319_fin.csv,REAL_FUNDAMENTALS
605333,20260331,20260424,20260424,20260424,605333_fin.csv,REAL_FUNDAMENTALS
605336,20260331,20260429,20260429,20260429,605336_fin.csv,REAL_FUNDAMENTALS
605337,20260331,20260428,20260428,20260428,605337_fin.csv,REAL_FUNDAMENTALS
605338,20260331,20260421,20260421,20260421,605338_fin.csv,REAL_FUNDAMENTALS
605339,20260331,20260428,20260428,20260428,605339_fin.csv,REAL_FUNDAMENTALS
605358,20260331,20260428,20260428,20260428,605358_fin.csv,REAL_FUNDAMENTALS
605365,20260331,20260425,20260425,20260425,605365_fin.csv,REAL_FUNDAMENTALS
605366,20260331,20260430,20260430,20260430,605366_fin.csv,REAL_FUNDAMENTALS
605368,20260331,20260422,20260422,20260422,605368_fin.csv,REAL_FUNDAMENTALS
605369,20260331,20260424,20260424,20260424,605369_fin.csv,REAL_FUNDAMENTALS
605376,20260331,20260429,20260429,20260429,605376_fin.csv,REAL_FUNDAMENTALS
605377,20260331,20260429,20260429,20260429,605377_fin.csv,REAL_FUNDAMENTALS
605378,20260331,20260428,20260428,20260428,605378_fin.csv,REAL_FUNDAMENTALS
605388,20260331,20260429,20260429,20260429,605388_fin.csv,REAL_FUNDAMENTALS
605389,20260331,20260429,20260429,20260429,605389_fin.csv,REAL_FUNDAMENTALS
605398,20260331,20260429,20260429,20260429,605398_fin.csv,REAL_FUNDAMENTALS
605399,20260331,20260430,20260430,20260430,605399_fin.csv,REAL_FUNDAMENTALS
605488,20260331,20260428,20260428,20260428,605488_fin.csv,REAL_FUNDAMENTALS
605499,20260331,20260430,20260430,20260430,605499_fin.csv,REAL_FUNDAMENTALS
605500,20260331,20260428,20260428,20260428,605500_fin.csv,REAL_FUNDAMENTALS
605507,20260331,20260416,20260416,20260416,605507_fin.csv,REAL_FUNDAMENTALS
605555,20260331,20260425,20260425,20260425,605555_fin.csv,REAL_FUNDAMENTALS
605566,20260331,20260430,20260430,20260430,605566_fin.csv,REAL_FUNDAMENTALS
605567,20260331,20260423,20260423,20260423,605567_fin.csv,REAL_FUNDAMENTALS
605577,20260331,20260429,20260429,20260429,605577_fin.csv,REAL_FUNDAMENTALS
605580,20260331,20260429,20260429,20260429,605580_fin.csv,REAL_FUNDAMENTALS
605588,20260331,20260430,20260430,20260430,605588_fin.csv,REAL_FUNDAMENTALS
605589,20260331,20260425,20260425,20260425,605589_fin.csv,REAL_FUNDAMENTALS
605598,20260331,20260424,20260424,20260424,605598_fin.csv,REAL_FUNDAMENTALS
605599,20260331,20260429,20260429,20260429,605599_fin.csv,REAL_FUNDAMENTALS
688001,20260331,20260430,20260430,20260430,688001_fin.csv,REAL_FUNDAMENTALS
688002,20260331,20260428,20260428,20260428,688002_fin.csv,REAL_FUNDAMENTALS
688003,20260331,20260425,20260425,20260425,688003_fin.csv,REAL_FUNDAMENTALS
688004,20260331,20260423,20260423,20260423,688004_fin.csv,REAL_FUNDAMENTALS
688005,20260331,20260430,20260430,20260430,688005_fin.csv,REAL_FUNDAMENTALS
688006,20260331,20260430,20260430,20260430,688006_fin.csv,REAL_FUNDAMENTALS
688007,20260331,20260430,20260430,20260430,688007_fin.csv,REAL_FUNDAMENTALS
688008,20260331,20260428,20260428,20260428,688008_fin.csv,REAL_FUNDAMENTALS
688009,20260331,20260430,20260430,20260430,688009_fin.csv,REAL_FUNDAMENTALS
688010,20260331,20260428,20260428,20260428,688010_fin.csv,REAL_FUNDAMENTALS
688011,20260331,20260424,20260424,20260424,688011_fin.csv,REAL_FUNDAMENTALS
688012,20260331,20260428,20260428,20260428,688012_fin.csv,REAL_FUNDAMENTALS
688013,20260331,20260429,20260429,20260429,688013_fin.csv,REAL_FUNDAMENTALS
688015,20260331,20260428,20260428,20260428,688015_fin.csv,REAL_FUNDAMENTALS
688016,20260331,20260430,20260430,20260430,688016_fin.csv,REAL_FUNDAMENTALS
688018,20260331,20260421,20260421,20260421,688018_fin.csv,REAL_FUNDAMENTALS
688019,20260331,20260429,20260429,20260429,688019_fin.csv,REAL_FUNDAMENTALS
688020,20260331,20260430,20260430,20260430,688020_fin.csv,REAL_FUNDAMENTALS
688021,20260331,20260430,20260430,20260430,688021_fin.csv,REAL_FUNDAMENTALS
688022,20260331,20260430,20260430,20260430,688022_fin.csv,REAL_FUNDAMENTALS
688023,20260331,20260428,20260428,20260428,688023_fin.csv,REAL_FUNDAMENTALS
688025,20260331,20260430,20260430,20260430,688025_fin.csv,REAL_FUNDAMENTALS
688026,20260331,20260430,20260430,20260430,688026_fin.csv,REAL_FUNDAMENTALS
688027,20260331,20260421,20260421,20260421,688027_fin.csv,REAL_FUNDAMENTALS
688028,20260331,20260429,20260429,20260429,688028_fin.csv,REAL_FUNDAMENTALS
688029,20260331,20260428,20260428,20260428,688029_fin.csv,REAL_FUNDAMENTALS
688030,20260331,20260425,20260425,20260425,688030_fin.csv,REAL_FUNDAMENTALS
688031,20260331,20260430,20260430,20260430,688031_fin.csv,REAL_FUNDAMENTALS
688032,20260331,20260430,20260430,20260430,688032_fin.csv,REAL_FUNDAMENTALS
688033,20260331,20260430,20260430,20260430,688033_fin.csv,REAL_FUNDAMENTALS
688035,20260331,20260425,20260425,20260425,688035_fin.csv,REAL_FUNDAMENTALS
688036,20260331,20260428,20260428,20260428,688036_fin.csv,REAL_FUNDAMENTALS
688037,20260331,20260430,20260430,20260430,688037_fin.csv,REAL_FUNDAMENTALS
688038,20260331,20260429,20260429,20260429,688038_fin.csv,REAL_FUNDAMENTALS
688039,20260331,20260429,20260429,20260429,688039_fin.csv,REAL_FUNDAMENTALS
688041,20260331,20260408,20260408,20260408,688041_fin.csv,REAL_FUNDAMENTALS
688045,20260331,20260423,20260423,20260423,688045_fin.csv,REAL_FUNDAMENTALS
688046,20260331,20260423,20260423,20260423,688046_fin.csv,REAL_FUNDAMENTALS
688047,20260331,20260429,20260429,20260429,688047_fin.csv,REAL_FUNDAMENTALS
688048,20260331,20260418,20260418,20260418,688048_fin.csv,REAL_FUNDAMENTALS
688049,20260331,20260429,20260429,20260429,688049_fin.csv,REAL_FUNDAMENTALS
688050,20260331,20260423,20260423,20260423,688050_fin.csv,REAL_FUNDAMENTALS
688051,20260331,20260430,20260430,20260430,688051_fin.csv,REAL_FUNDAMENTALS
688052,20260331,20260428,20260428,20260428,688052_fin.csv,REAL_FUNDAMENTALS
688053,20260331,20260430,20260430,20260430,688053_fin.csv,REAL_FUNDAMENTALS
688055,20260331,20260423,20260423,20260423,688055_fin.csv,REAL_FUNDAMENTALS
688056,20260331,20260429,20260429,20260429,688056_fin.csv,REAL_FUNDAMENTALS
688057,20260331,20260430,20260430,20260430,688057_fin.csv,REAL_FUNDAMENTALS
688058,20260331,20260424,20260424,20260424,688058_fin.csv,REAL_FUNDAMENTALS
688059,20260331,20260424,20260424,20260424,688059_fin.csv,REAL_FUNDAMENTALS
688060,20260331,20260424,20260424,20260424,688060_fin.csv,REAL_FUNDAMENTALS
688061,20260331,20260430,20260430,20260430,688061_fin.csv,REAL_FUNDAMENTALS
688062,20260331,20260429,20260429,20260429,688062_fin.csv,REAL_FUNDAMENTALS
688063,20260331,20260423,20260423,20260423,688063_fin.csv,REAL_FUNDAMENTALS
688065,20260331,20260430,20260430,20260430,688065_fin.csv,REAL_FUNDAMENTALS
688066,20260331,20260430,20260430,20260430,688066_fin.csv,REAL_FUNDAMENTALS
688067,20260331,20260429,20260429,20260429,688067_fin.csv,REAL_FUNDAMENTALS
688068,20260331,20260425,20260425,20260425,688068_fin.csv,REAL_FUNDAMENTALS
688069,20260331,20260429,20260429,20260429,688069_fin.csv,REAL_FUNDAMENTALS
688070,20260331,20260430,20260430,20260430,688070_fin.csv,REAL_FUNDAMENTALS
688071,20260331,20260430,20260430,20260430,688071_fin.csv,REAL_FUNDAMENTALS
688072,20260331,20260428,20260428,20260428,688072_fin.csv,REAL_FUNDAMENTALS
688073,20260331,20260430,20260430,20260430,688073_fin.csv,REAL_FUNDAMENTALS
688075,20260331,20260430,20260430,20260430,688075_fin.csv,REAL_FUNDAMENTALS
688076,20260331,20260430,20260430,20260430,688076_fin.csv,REAL_FUNDAMENTALS
688077,20260331,20260428,20260428,20260428,688077_fin.csv,REAL_FUNDAMENTALS
688078,20260331,20260428,20260428,20260428,688078_fin.csv,REAL_FUNDAMENTALS
688079,20260331,20260430,20260430,20260430,688079_fin.csv,REAL_FUNDAMENTALS
688080,20260331,20260422,20260422,20260422,688080_fin.csv,REAL_FUNDAMENTALS
688081,20260331,20260425,20260425,20260425,688081_fin.csv,REAL_FUNDAMENTALS
688082,20260331,20260428,20260428,20260428,688082_fin.csv,REAL_FUNDAMENTALS
688083,20260331,20260423,20260423,20260423,688083_fin.csv,REAL_FUNDAMENTALS
688084,20260331,20260428,20260428,20260428,688084_fin.csv,REAL_FUNDAMENTALS
688085,20260331,20260428,20260428,20260428,688085_fin.csv,REAL_FUNDAMENTALS
688087,20260331,20260428,20260428,20260428,688087_fin.csv,REAL_FUNDAMENTALS
688088,20260331,20260421,20260421,20260421,688088_fin.csv,REAL_FUNDAMENTALS
688089,20260331,20260423,20260423,20260423,688089_fin.csv,REAL_FUNDAMENTALS
688090,20260331,20260428,20260428,20260428,688090_fin.csv,REAL_FUNDAMENTALS
688091,20260331,20260428,20260428,20260428,688091_fin.csv,REAL_FUNDAMENTALS
688092,20260331,20260430,20260430,20260430,688092_fin.csv,REAL_FUNDAMENTALS
688093,20260331,20260418,20260418,20260418,688093_fin.csv,REAL_FUNDAMENTALS
688095,20260331,20260429,20260429,20260429,688095_fin.csv,REAL_FUNDAMENTALS
688096,20260331,20260429,20260429,20260429,688096_fin.csv,REAL_FUNDAMENTALS
688097,20260331,20260422,20260422,20260422,688097_fin.csv,REAL_FUNDAMENTALS
688098,20260331,20260429,20260429,20260429,688098_fin.csv,REAL_FUNDAMENTALS
688099,20260331,20260429,20260429,20260429,688099_fin.csv,REAL_FUNDAMENTALS
688100,20260331,20260429,20260429,20260429,688100_fin.csv,REAL_FUNDAMENTALS
688101,20260331,20260429,20260429,20260429,688101_fin.csv,REAL_FUNDAMENTALS
688102,20260331,20260428,20260428,20260428,688102_fin.csv,REAL_FUNDAMENTALS
688103,20260331,20260428,20260428,20260428,688103_fin.csv,REAL_FUNDAMENTALS
688105,20260331,20260423,20260423,20260423,688105_fin.csv,REAL_FUNDAMENTALS
688106,20260331,20260430,20260430,20260430,688106_fin.csv,REAL_FUNDAMENTALS
688107,20260331,20260429,20260429,20260429,688107_fin.csv,REAL_FUNDAMENTALS
688108,20260331,20260429,20260429,20260429,688108_fin.csv,REAL_FUNDAMENTALS
688109,20260331,20260424,20260424,20260424,688109_fin.csv,REAL_FUNDAMENTALS
688110,20260331,20260430,20260430,20260430,688110_fin.csv,REAL_FUNDAMENTALS
688111,20260331,20260424,20260424,20260424,688111_fin.csv,REAL_FUNDAMENTALS
688112,20260331,20260424,20260424,20260424,688112_fin.csv,REAL_FUNDAMENTALS
688113,20260331,20260428,20260428,20260428,688113_fin.csv,REAL_FUNDAMENTALS
688114,20260331,20260425,20260425,20260425,688114_fin.csv,REAL_FUNDAMENTALS
688115,20260331,20260425,20260425,20260425,688115_fin.csv,REAL_FUNDAMENTALS
688116,20260331,20260430,20260430,20260430,688116_fin.csv,REAL_FUNDAMENTALS
688117,20260331,20260424,20260424,20260424,688117_fin.csv,REAL_FUNDAMENTALS
688118,20260331,20260427,20260427,20260427,688118_fin.csv,REAL_FUNDAMENTALS
688119,20260331,20260429,20260429,20260429,688119_fin.csv,REAL_FUNDAMENTALS
688120,20260331,20260423,20260423,20260423,688120_fin.csv,REAL_FUNDAMENTALS
688122,20260331,20260429,20260429,20260429,688122_fin.csv,REAL_FUNDAMENTALS
688123,20260331,20260428,20260428,20260428,688123_fin.csv,REAL_FUNDAMENTALS
688125,20260331,20260424,20260424,20260424,688125_fin.csv,REAL_FUNDAMENTALS
688126,20260331,20260430,20260430,20260430,688126_fin.csv,REAL_FUNDAMENTALS
688127,20260331,20260430,20260430,20260430,688127_fin.csv,REAL_FUNDAMENTALS
688128,20260331,20260428,20260428,20260428,688128_fin.csv,REAL_FUNDAMENTALS
688129,20260331,20260430,20260430,20260430,688129_fin.csv,REAL_FUNDAMENTALS
688130,20260331,20260429,20260429,20260429,688130_fin.csv,REAL_FUNDAMENTALS
688131,20260331,20260430,20260430,20260430,688131_fin.csv,REAL_FUNDAMENTALS
688132,20260331,20260429,20260429,20260429,688132_fin.csv,REAL_FUNDAMENTALS
688133,20260331,20260430,20260430,20260430,688133_fin.csv,REAL_FUNDAMENTALS
688135,20260331,20260429,20260429,20260429,688135_fin.csv,REAL_FUNDAMENTALS
688136,20260331,20260429,20260429,20260429,688136_fin.csv,REAL_FUNDAMENTALS
688137,20260331,20260429,20260429,20260429,688137_fin.csv,REAL_FUNDAMENTALS
688138,20260331,20260427,20260427,20260427,688138_fin.csv,REAL_FUNDAMENTALS
688139,20260331,20260430,20260430,20260430,688139_fin.csv,REAL_FUNDAMENTALS
688141,20260331,20260430,20260430,20260430,688141_fin.csv,REAL_FUNDAMENTALS
688143,20260331,20260429,20260429,20260429,688143_fin.csv,REAL_FUNDAMENTALS
688146,20260331,20260421,20260421,20260421,688146_fin.csv,REAL_FUNDAMENTALS
688147,20260331,20260429,20260429,20260429,688147_fin.csv,REAL_FUNDAMENTALS
688148,20260331,20260417,20260417,20260417,688148_fin.csv,REAL_FUNDAMENTALS
688150,20260331,20260430,20260430,20260430,688150_fin.csv,REAL_FUNDAMENTALS
688151,20260331,20260424,20260424,20260424,688151_fin.csv,REAL_FUNDAMENTALS
688152,20260331,20260430,20260430,20260430,688152_fin.csv,REAL_FUNDAMENTALS
688153,20260331,20260428,20260428,20260428,688153_fin.csv,REAL_FUNDAMENTALS
688155,20260331,20260430,20260430,20260430,688155_fin.csv,REAL_FUNDAMENTALS
688156,20260331,20260424,20260424,20260424,688156_fin.csv,REAL_FUNDAMENTALS
688157,20260331,20260424,20260424,20260424,688157_fin.csv,REAL_FUNDAMENTALS
688158,20260331,20260421,20260421,20260421,688158_fin.csv,REAL_FUNDAMENTALS
688159,20260331,20260430,20260430,20260430,688159_fin.csv,REAL_FUNDAMENTALS
688160,20260331,20260428,20260428,20260428,688160_fin.csv,REAL_FUNDAMENTALS
688161,20260331,20260430,20260430,20260430,688161_fin.csv,REAL_FUNDAMENTALS
688162,20260331,20260429,20260429,20260429,688162_fin.csv,REAL_FUNDAMENTALS
688163,20260331,20260425,20260425,20260425,688163_fin.csv,REAL_FUNDAMENTALS
688165,20260331,20260430,20260430,20260430,688165_fin.csv,REAL_FUNDAMENTALS
688166,20260331,20260430,20260430,20260430,688166_fin.csv,REAL_FUNDAMENTALS
688167,20260331,20260429,20260429,20260429,688167_fin.csv,REAL_FUNDAMENTALS
688168,20260331,20260421,20260421,20260421,688168_fin.csv,REAL_FUNDAMENTALS
688169,20260331,20260423,20260423,20260423,688169_fin.csv,REAL_FUNDAMENTALS
688170,20260331,20260428,20260428,20260428,688170_fin.csv,REAL_FUNDAMENTALS
688171,20260331,20260430,20260430,20260430,688171_fin.csv,REAL_FUNDAMENTALS
688172,20260331,20260429,20260429,20260429,688172_fin.csv,REAL_FUNDAMENTALS
688173,20260331,20260430,20260430,20260430,688173_fin.csv,REAL_FUNDAMENTALS
688175,20260331,20260428,20260428,20260428,688175_fin.csv,REAL_FUNDAMENTALS
688176,20260331,20260430,20260430,20260430,688176_fin.csv,REAL_FUNDAMENTALS
688177,20260331,20260428,20260428,20260428,688177_fin.csv,REAL_FUNDAMENTALS
688178,20260331,20260429,20260429,20260429,688178_fin.csv,REAL_FUNDAMENTALS
688179,20260331,20260428,20260428,20260428,688179_fin.csv,REAL_FUNDAMENTALS
688180,20260331,20260428,20260428,20260428,688180_fin.csv,REAL_FUNDAMENTALS
688181,20260331,20260418,20260418,20260418,688181_fin.csv,REAL_FUNDAMENTALS
688182,20260331,20260430,20260430,20260430,688182_fin.csv,REAL_FUNDAMENTALS
688183,20260331,20260429,20260429,20260429,688183_fin.csv,REAL_FUNDAMENTALS
688184,20260331,20260425,20260425,20260425,688184_fin.csv,REAL_FUNDAMENTALS
688185,20260331,20260429,20260429,20260429,688185_fin.csv,REAL_FUNDAMENTALS
688186,20260331,20260422,20260422,20260422,688186_fin.csv,REAL_FUNDAMENTALS
688187,20260331,20260428,20260428,20260428,688187_fin.csv,REAL_FUNDAMENTALS
688188,20260331,20260430,20260430,20260430,688188_fin.csv,REAL_FUNDAMENTALS
688189,20260331,20260430,20260430,20260430,688189_fin.csv,REAL_FUNDAMENTALS
688190,20260331,20260430,20260430,20260430,688190_fin.csv,REAL_FUNDAMENTALS
688191,20260331,20260429,20260429,20260429,688191_fin.csv,REAL_FUNDAMENTALS
688192,20260331,20260430,20260430,20260430,688192_fin.csv,REAL_FUNDAMENTALS
688193,20260331,20260429,20260429,20260429,688193_fin.csv,REAL_FUNDAMENTALS
688195,20260331,20260425,20260425,20260425,688195_fin.csv,REAL_FUNDAMENTALS
688196,20260331,20260428,20260428,20260428,688196_fin.csv,REAL_FUNDAMENTALS
688197,20260331,20260418,20260418,20260418,688197_fin.csv,REAL_FUNDAMENTALS
688198,20260331,20260422,20260422,20260422,688198_fin.csv,REAL_FUNDAMENTALS
688199,20260331,20260425,20260425,20260425,688199_fin.csv,REAL_FUNDAMENTALS
688200,20260331,20260429,20260429,20260429,688200_fin.csv,REAL_FUNDAMENTALS
688201,20260331,20260428,20260428,20260428,688201_fin.csv,REAL_FUNDAMENTALS
688202,20260331,20260430,20260430,20260430,688202_fin.csv,REAL_FUNDAMENTALS
688203,20260331,20260425,20260425,20260425,688203_fin.csv,REAL_FUNDAMENTALS
688205,20260331,20260428,20260428,20260428,688205_fin.csv,REAL_FUNDAMENTALS
688206,20260331,20260430,20260430,20260430,688206_fin.csv,REAL_FUNDAMENTALS
688207,20260331,20260425,20260425,20260425,688207_fin.csv,REAL_FUNDAMENTALS
688208,20260331,20260425,20260425,20260425,688208_fin.csv,REAL_FUNDAMENTALS
688209,20260331,20260428,20260428,20260428,688209_fin.csv,REAL_FUNDAMENTALS
688210,20260331,20260429,20260429,20260429,688210_fin.csv,REAL_FUNDAMENTALS
688211,20260331,20260430,20260430,20260430,688211_fin.csv,REAL_FUNDAMENTALS
688212,20260331,20260430,20260430,20260430,688212_fin.csv,REAL_FUNDAMENTALS
688213,20260331,20260430,20260430,20260430,688213_fin.csv,REAL_FUNDAMENTALS
688215,20260331,20260425,20260425,20260425,688215_fin.csv,REAL_FUNDAMENTALS
688216,20260331,20260428,20260428,20260428,688216_fin.csv,REAL_FUNDAMENTALS
688217,20260331,20260428,20260428,20260428,688217_fin.csv,REAL_FUNDAMENTALS
688218,20260331,20260430,20260430,20260430,688218_fin.csv,REAL_FUNDAMENTALS
688219,20260331,20260430,20260430,20260430,688219_fin.csv,REAL_FUNDAMENTALS
688220,20260331,20260430,20260430,20260430,688220_fin.csv,REAL_FUNDAMENTALS
688221,20260331,20260425,20260425,20260425,688221_fin.csv,REAL_FUNDAMENTALS
688222,20260331,20260429,20260429,20260429,688222_fin.csv,REAL_FUNDAMENTALS
688223,20260331,20260430,20260430,20260430,688223_fin.csv,REAL_FUNDAMENTALS
688225,20260331,20260428,20260428,20260428,688225_fin.csv,REAL_FUNDAMENTALS
688226,20260331,20260429,20260429,20260429,688226_fin.csv,REAL_FUNDAMENTALS
688227,20260331,20260428,20260428,20260428,688227_fin.csv,REAL_FUNDAMENTALS
688228,20260331,20260424,20260424,20260424,688228_fin.csv,REAL_FUNDAMENTALS
688229,20260331,20260428,20260428,20260428,688229_fin.csv,REAL_FUNDAMENTALS
688230,20260331,20260422,20260422,20260422,688230_fin.csv,REAL_FUNDAMENTALS
688231,20260331,20260428,20260428,20260428,688231_fin.csv,REAL_FUNDAMENTALS
688232,20260331,20260429,20260429,20260429,688232_fin.csv,REAL_FUNDAMENTALS
688233,20260331,20260425,20260425,20260425,688233_fin.csv,REAL_FUNDAMENTALS
688234,20260331,20260429,20260429,20260429,688234_fin.csv,REAL_FUNDAMENTALS
688235,20260331,20260512,20260512,20260512,688235_fin.csv,REAL_FUNDAMENTALS
688236,20260331,20260430,20260430,20260430,688236_fin.csv,REAL_FUNDAMENTALS
688237,20260331,20260430,20260430,20260430,688237_fin.csv,REAL_FUNDAMENTALS
688238,20260331,20260428,20260428,20260428,688238_fin.csv,REAL_FUNDAMENTALS
688239,20260331,20260430,20260430,20260430,688239_fin.csv,REAL_FUNDAMENTALS
688244,20260331,20260429,20260429,20260429,688244_fin.csv,REAL_FUNDAMENTALS
688246,20260331,20260429,20260429,20260429,688246_fin.csv,REAL_FUNDAMENTALS
688247,20260331,20260430,20260430,20260430,688247_fin.csv,REAL_FUNDAMENTALS
688248,20260331,20260430,20260430,20260430,688248_fin.csv,REAL_FUNDAMENTALS
688249,20260331,20260424,20260424,20260424,688249_fin.csv,REAL_FUNDAMENTALS
688251,20260331,20260428,20260428,20260428,688251_fin.csv,REAL_FUNDAMENTALS
688252,20260331,20260409,20260409,20260409,688252_fin.csv,REAL_FUNDAMENTALS
688253,20260331,20260428,20260428,20260428,688253_fin.csv,REAL_FUNDAMENTALS
688255,20260331,20260423,20260423,20260423,688255_fin.csv,REAL_FUNDAMENTALS
688256,20260331,20260430,20260430,20260430,688256_fin.csv,REAL_FUNDAMENTALS
688257,20260331,20260430,20260430,20260430,688257_fin.csv,REAL_FUNDAMENTALS
688258,20260331,20260428,20260428,20260428,688258_fin.csv,REAL_FUNDAMENTALS
688259,20260331,20260424,20260424,20260424,688259_fin.csv,REAL_FUNDAMENTALS
688260,20260331,20260428,20260428,20260428,688260_fin.csv,REAL_FUNDAMENTALS
688261,20260331,20260430,20260430,20260430,688261_fin.csv,REAL_FUNDAMENTALS
688262,20260331,20260424,20260424,20260424,688262_fin.csv,REAL_FUNDAMENTALS
688265,20260331,20260430,20260430,20260430,688265_fin.csv,REAL_FUNDAMENTALS
688266,20260331,20260429,20260429,20260429,688266_fin.csv,REAL_FUNDAMENTALS
688267,20260331,20260422,20260422,20260422,688267_fin.csv,REAL_FUNDAMENTALS
688268,20260331,20260429,20260429,20260429,688268_fin.csv,REAL_FUNDAMENTALS
688269,20260331,20260424,20260424,20260424,688269_fin.csv,REAL_FUNDAMENTALS
688270,20260331,20260428,20260428,20260428,688270_fin.csv,REAL_FUNDAMENTALS
688271,20260331,20260429,20260429,20260429,688271_fin.csv,REAL_FUNDAMENTALS
688272,20260331,20260430,20260430,20260430,688272_fin.csv,REAL_FUNDAMENTALS
688273,20260331,20260416,20260416,20260416,688273_fin.csv,REAL_FUNDAMENTALS
688275,20260331,20260430,20260430,20260430,688275_fin.csv,REAL_FUNDAMENTALS
688276,20260331,20260422,20260422,20260422,688276_fin.csv,REAL_FUNDAMENTALS
688277,20260331,20260429,20260429,20260429,688277_fin.csv,REAL_FUNDAMENTALS
688278,20260331,20260429,20260429,20260429,688278_fin.csv,REAL_FUNDAMENTALS
688279,20260331,20260429,20260429,20260429,688279_fin.csv,REAL_FUNDAMENTALS
688280,20260331,20260429,20260429,20260429,688280_fin.csv,REAL_FUNDAMENTALS
688281,20260331,20260428,20260428,20260428,688281_fin.csv,REAL_FUNDAMENTALS
688282,20260331,20260430,20260430,20260430,688282_fin.csv,REAL_FUNDAMENTALS
688283,20260331,20260428,20260428,20260428,688283_fin.csv,REAL_FUNDAMENTALS
688285,20260331,20260423,20260423,20260423,688285_fin.csv,REAL_FUNDAMENTALS
688286,20260331,20260430,20260430,20260430,688286_fin.csv,REAL_FUNDAMENTALS
688287,20260331,20260429,20260429,20260429,688287_fin.csv,REAL_FUNDAMENTALS
688288,20260331,20260429,20260429,20260429,688288_fin.csv,REAL_FUNDAMENTALS
688289,20260331,20260430,20260430,20260430,688289_fin.csv,REAL_FUNDAMENTALS
688290,20260331,20260420,20260420,20260420,688290_fin.csv,REAL_FUNDAMENTALS
688291,20260331,20260428,20260428,20260428,688291_fin.csv,REAL_FUNDAMENTALS
688292,20260331,20260429,20260429,20260429,688292_fin.csv,REAL_FUNDAMENTALS
688293,20260331,20260430,20260430,20260430,688293_fin.csv,REAL_FUNDAMENTALS
688295,20260331,20260429,20260429,20260429,688295_fin.csv,REAL_FUNDAMENTALS
688296,20260331,20260429,20260429,20260429,688296_fin.csv,REAL_FUNDAMENTALS
688297,20260331,20260418,20260418,20260418,688297_fin.csv,REAL_FUNDAMENTALS
688298,20260331,20260429,20260429,20260429,688298_fin.csv,REAL_FUNDAMENTALS
688299,20260331,20260428,20260428,20260428,688299_fin.csv,REAL_FUNDAMENTALS
688300,20260331,20260428,20260428,20260428,688300_fin.csv,REAL_FUNDAMENTALS
688301,20260331,20260424,20260424,20260424,688301_fin.csv,REAL_FUNDAMENTALS
688302,20260331,20260425,20260425,20260425,688302_fin.csv,REAL_FUNDAMENTALS
688303,20260331,20260430,20260430,20260430,688303_fin.csv,REAL_FUNDAMENTALS
688305,20260331,20260430,20260430,20260430,688305_fin.csv,REAL_FUNDAMENTALS
688306,20260331,20260430,20260430,20260430,688306_fin.csv,REAL_FUNDAMENTALS
688307,20260331,20260430,20260430,20260430,688307_fin.csv,REAL_FUNDAMENTALS
688308,20260331,20260424,20260424,20260424,688308_fin.csv,REAL_FUNDAMENTALS
688309,20260331,20260422,20260422,20260422,688309_fin.csv,REAL_FUNDAMENTALS
688310,20260331,20260429,20260429,20260429,688310_fin.csv,REAL_FUNDAMENTALS
688311,20260331,20260428,20260428,20260428,688311_fin.csv,REAL_FUNDAMENTALS
688312,20260331,20260425,20260425,20260425,688312_fin.csv,REAL_FUNDAMENTALS
688313,20260331,20260418,20260418,20260418,688313_fin.csv,REAL_FUNDAMENTALS
688314,20260331,20260429,20260429,20260429,688314_fin.csv,REAL_FUNDAMENTALS
688315,20260331,20260415,20260415,20260415,688315_fin.csv,REAL_FUNDAMENTALS
688316,20260331,20260430,20260430,20260430,688316_fin.csv,REAL_FUNDAMENTALS
688317,20260331,20260430,20260430,20260430,688317_fin.csv,REAL_FUNDAMENTALS
688318,20260331,20260430,20260430,20260430,688318_fin.csv,REAL_FUNDAMENTALS
688319,20260331,20260430,20260430,20260430,688319_fin.csv,REAL_FUNDAMENTALS
688320,20260331,20260429,20260429,20260429,688320_fin.csv,REAL_FUNDAMENTALS
688321,20260331,20260430,20260430,20260430,688321_fin.csv,REAL_FUNDAMENTALS
688323,20260331,20260430,20260430,20260430,688323_fin.csv,REAL_FUNDAMENTALS
688325,20260331,20260430,20260430,20260430,688325_fin.csv,REAL_FUNDAMENTALS
688326,20260331,20260425,20260425,20260425,688326_fin.csv,REAL_FUNDAMENTALS
688327,20260331,20260423,20260423,20260423,688327_fin.csv,REAL_FUNDAMENTALS
688328,20260331,20260428,20260428,20260428,688328_fin.csv,REAL_FUNDAMENTALS
688329,20260331,20260421,20260421,20260421,688329_fin.csv,REAL_FUNDAMENTALS
688330,20260331,20260430,20260430,20260430,688330_fin.csv,REAL_FUNDAMENTALS
688331,20260331,20260429,20260429,20260429,688331_fin.csv,REAL_FUNDAMENTALS
688332,20260331,20260429,20260429,20260429,688332_fin.csv,REAL_FUNDAMENTALS
688333,20260331,20260430,20260430,20260430,688333_fin.csv,REAL_FUNDAMENTALS
688334,20260331,20260428,20260428,20260428,688334_fin.csv,REAL_FUNDAMENTALS
688335,20260331,20260425,20260425,20260425,688335_fin.csv,REAL_FUNDAMENTALS
688336,20260331,20260425,20260425,20260425,688336_fin.csv,REAL_FUNDAMENTALS
688337,20260331,20260421,20260421,20260421,688337_fin.csv,REAL_FUNDAMENTALS
688338,20260331,20260424,20260424,20260424,688338_fin.csv,REAL_FUNDAMENTALS
688339,20260331,20260430,20260430,20260430,688339_fin.csv,REAL_FUNDAMENTALS
688343,20260331,20260430,20260430,20260430,688343_fin.csv,REAL_FUNDAMENTALS
688345,20260331,20260425,20260425,20260425,688345_fin.csv,REAL_FUNDAMENTALS
688347,20260331,20260515,20260515,20260515,688347_fin.csv,REAL_FUNDAMENTALS
688348,20260331,20260430,20260430,20260430,688348_fin.csv,REAL_FUNDAMENTALS
688349,20260331,20260423,20260423,20260423,688349_fin.csv,REAL_FUNDAMENTALS
688350,20260331,20260427,20260427,20260427,688350_fin.csv,REAL_FUNDAMENTALS
688351,20260331,20260430,20260430,20260430,688351_fin.csv,REAL_FUNDAMENTALS
688352,20260331,20260420,20260420,20260420,688352_fin.csv,REAL_FUNDAMENTALS
688353,20260331,20260430,20260430,20260430,688353_fin.csv,REAL_FUNDAMENTALS
688355,20260331,20260425,20260425,20260425,688355_fin.csv,REAL_FUNDAMENTALS
688356,20260331,20260429,20260429,20260429,688356_fin.csv,REAL_FUNDAMENTALS
688357,20260331,20260430,20260430,20260430,688357_fin.csv,REAL_FUNDAMENTALS
688358,20260331,20260428,20260428,20260428,688358_fin.csv,REAL_FUNDAMENTALS
688359,20260331,20260422,20260422,20260422,688359_fin.csv,REAL_FUNDAMENTALS
688360,20260331,20260430,20260430,20260430,688360_fin.csv,REAL_FUNDAMENTALS
688361,20260331,20260429,20260429,20260429,688361_fin.csv,REAL_FUNDAMENTALS
688362,20260331,20260421,20260421,20260421,688362_fin.csv,REAL_FUNDAMENTALS
688363,20260331,20260430,20260430,20260430,688363_fin.csv,REAL_FUNDAMENTALS
688365,20260331,20260425,20260425,20260425,688365_fin.csv,REAL_FUNDAMENTALS
688366,20260331,20260425,20260425,20260425,688366_fin.csv,REAL_FUNDAMENTALS
688367,20260331,20260423,20260423,20260423,688367_fin.csv,REAL_FUNDAMENTALS
688368,20260331,20260418,20260418,20260418,688368_fin.csv,REAL_FUNDAMENTALS
688369,20260331,20260421,20260421,20260421,688369_fin.csv,REAL_FUNDAMENTALS
688370,20260331,20260425,20260425,20260425,688370_fin.csv,REAL_FUNDAMENTALS
688371,20260331,20260430,20260430,20260430,688371_fin.csv,REAL_FUNDAMENTALS
688372,20260331,20260429,20260429,20260429,688372_fin.csv,REAL_FUNDAMENTALS
688373,20260331,20260429,20260429,20260429,688373_fin.csv,REAL_FUNDAMENTALS
688375,20260331,20260430,20260430,20260430,688375_fin.csv,REAL_FUNDAMENTALS
688376,20260331,20260428,20260428,20260428,688376_fin.csv,REAL_FUNDAMENTALS
688377,20260331,20260425,20260425,20260425,688377_fin.csv,REAL_FUNDAMENTALS
688378,20260331,20260422,20260422,20260422,688378_fin.csv,REAL_FUNDAMENTALS
688379,20260331,20260430,20260430,20260430,688379_fin.csv,REAL_FUNDAMENTALS
688380,20260331,20260424,20260424,20260424,688380_fin.csv,REAL_FUNDAMENTALS
688381,20260331,20260423,20260423,20260423,688381_fin.csv,REAL_FUNDAMENTALS
688382,20260331,20260429,20260429,20260429,688382_fin.csv,REAL_FUNDAMENTALS
688383,20260331,20260428,20260428,20260428,688383_fin.csv,REAL_FUNDAMENTALS
688385,20260331,20260430,20260430,20260430,688385_fin.csv,REAL_FUNDAMENTALS
688386,20260331,20260430,20260430,20260430,688386_fin.csv,REAL_FUNDAMENTALS
688387,20260331,20260425,20260425,20260425,688387_fin.csv,REAL_FUNDAMENTALS
688388,20260331,20260428,20260428,20260428,688388_fin.csv,REAL_FUNDAMENTALS
688389,20260331,20260423,20260423,20260423,688389_fin.csv,REAL_FUNDAMENTALS
688390,20260331,20260429,20260429,20260429,688390_fin.csv,REAL_FUNDAMENTALS
688391,20260331,20260430,20260430,20260430,688391_fin.csv,REAL_FUNDAMENTALS
688392,20260331,20260425,20260425,20260425,688392_fin.csv,REAL_FUNDAMENTALS
688393,20260331,20260429,20260429,20260429,688393_fin.csv,REAL_FUNDAMENTALS
688395,20260331,20260425,20260425,20260425,688395_fin.csv,REAL_FUNDAMENTALS
688396,20260331,20260425,20260425,20260425,688396_fin.csv,REAL_FUNDAMENTALS
688398,20260331,20260425,20260425,20260425,688398_fin.csv,REAL_FUNDAMENTALS
688399,20260331,20260430,20260430,20260430,688399_fin.csv,REAL_FUNDAMENTALS
688400,20260331,20260429,20260429,20260429,688400_fin.csv,REAL_FUNDAMENTALS
688401,20260331,20260430,20260430,20260430,688401_fin.csv,REAL_FUNDAMENTALS
688403,20260331,20260430,20260430,20260430,688403_fin.csv,REAL_FUNDAMENTALS
688408,20260331,20260430,20260430,20260430,688408_fin.csv,REAL_FUNDAMENTALS
688409,20260331,20260430,20260430,20260430,688409_fin.csv,REAL_FUNDAMENTALS
688410,20260331,20260430,20260430,20260430,688410_fin.csv,REAL_FUNDAMENTALS
688411,20260331,20260429,20260429,20260429,688411_fin.csv,REAL_FUNDAMENTALS
688416,20260331,20260424,20260424,20260424,688416_fin.csv,REAL_FUNDAMENTALS
688418,20260331,20260430,20260430,20260430,688418_fin.csv,REAL_FUNDAMENTALS
688419,20260331,20260425,20260425,20260425,688419_fin.csv,REAL_FUNDAMENTALS
688420,20260331,20260429,20260429,20260429,688420_fin.csv,REAL_FUNDAMENTALS
688425,20260331,20260429,20260429,20260429,688425_fin.csv,REAL_FUNDAMENTALS
688426,20260331,20260430,20260430,20260430,688426_fin.csv,REAL_FUNDAMENTALS
688428,20260331,20260424,20260424,20260424,688428_fin.csv,REAL_FUNDAMENTALS
688429,20260331,20260429,20260429,20260429,688429_fin.csv,REAL_FUNDAMENTALS
688432,20260331,20260429,20260429,20260429,688432_fin.csv,REAL_FUNDAMENTALS
688433,20260331,20260429,20260429,20260429,688433_fin.csv,REAL_FUNDAMENTALS
688435,20260331,20260429,20260429,20260429,688435_fin.csv,REAL_FUNDAMENTALS
688439,20260331,20260430,20260430,20260430,688439_fin.csv,REAL_FUNDAMENTALS
688443,20260331,20260430,20260430,20260430,688443_fin.csv,REAL_FUNDAMENTALS
688448,20260331,20260421,20260421,20260421,688448_fin.csv,REAL_FUNDAMENTALS
688449,20260331,20260428,20260428,20260428,688449_fin.csv,REAL_FUNDAMENTALS
688450,20260331,20260425,20260425,20260425,688450_fin.csv,REAL_FUNDAMENTALS
688455,20260331,20260425,20260425,20260425,688455_fin.csv,REAL_FUNDAMENTALS
688456,20260331,20260425,20260425,20260425,688456_fin.csv,REAL_FUNDAMENTALS
688458,20260331,20260430,20260430,20260430,688458_fin.csv,REAL_FUNDAMENTALS
688459,20260331,20260429,20260429,20260429,688459_fin.csv,REAL_FUNDAMENTALS
688466,20260331,20260424,20260424,20260424,688466_fin.csv,REAL_FUNDAMENTALS
688468,20260331,20260429,20260429,20260429,688468_fin.csv,REAL_FUNDAMENTALS
688469,20260331,20260421,20260421,20260421,688469_fin.csv,REAL_FUNDAMENTALS
688472,20260331,20260428,20260428,20260428,688472_fin.csv,REAL_FUNDAMENTALS
688475,20260331,20260411,20260411,20260411,688475_fin.csv,REAL_FUNDAMENTALS
688478,20260331,20260430,20260430,20260430,688478_fin.csv,REAL_FUNDAMENTALS
688479,20260331,20260425,20260425,20260425,688479_fin.csv,REAL_FUNDAMENTALS
688480,20260331,20260429,20260429,20260429,688480_fin.csv,REAL_FUNDAMENTALS
688484,20260331,20260430,20260430,20260430,688484_fin.csv,REAL_FUNDAMENTALS
688485,20260331,20260428,20260428,20260428,688485_fin.csv,REAL_FUNDAMENTALS
688486,20260331,20260414,20260414,20260414,688486_fin.csv,REAL_FUNDAMENTALS
688488,20260331,20260430,20260430,20260430,688488_fin.csv,REAL_FUNDAMENTALS
688489,20260331,20260430,20260430,20260430,688489_fin.csv,REAL_FUNDAMENTALS
688496,20260331,20260429,20260429,20260429,688496_fin.csv,REAL_FUNDAMENTALS
688498,20260331,20260428,20260428,20260428,688498_fin.csv,REAL_FUNDAMENTALS
688499,20260331,20260430,20260430,20260430,688499_fin.csv,REAL_FUNDAMENTALS
688500,20260331,20260430,20260430,20260430,688500_fin.csv,REAL_FUNDAMENTALS
688501,20260331,20260428,20260428,20260428,688501_fin.csv,REAL_FUNDAMENTALS
688502,20260331,20260430,20260430,20260430,688502_fin.csv,REAL_FUNDAMENTALS
688503,20260331,20260429,20260429,20260429,688503_fin.csv,REAL_FUNDAMENTALS
688505,20260331,20260430,20260430,20260430,688505_fin.csv,REAL_FUNDAMENTALS
688506,20260331,20260428,20260428,20260428,688506_fin.csv,REAL_FUNDAMENTALS
688507,20260331,20260428,20260428,20260428,688507_fin.csv,REAL_FUNDAMENTALS
688508,20260331,20260418,20260418,20260418,688508_fin.csv,REAL_FUNDAMENTALS
688509,20260331,20260429,20260429,20260429,688509_fin.csv,REAL_FUNDAMENTALS
688510,20260331,20260417,20260417,20260417,688510_fin.csv,REAL_FUNDAMENTALS
688511,20260331,20260430,20260430,20260430,688511_fin.csv,REAL_FUNDAMENTALS
688512,20260331,20260429,20260429,20260429,688512_fin.csv,REAL_FUNDAMENTALS
688513,20260331,20260422,20260422,20260422,688513_fin.csv,REAL_FUNDAMENTALS
688515,20260331,20260428,20260428,20260428,688515_fin.csv,REAL_FUNDAMENTALS
688516,20260331,20260423,20260423,20260423,688516_fin.csv,REAL_FUNDAMENTALS
688517,20260331,20260424,20260424,20260424,688517_fin.csv,REAL_FUNDAMENTALS
688518,20260331,20260430,20260430,20260430,688518_fin.csv,REAL_FUNDAMENTALS
688519,20260331,20260428,20260428,20260428,688519_fin.csv,REAL_FUNDAMENTALS
688520,20260331,20260430,20260430,20260430,688520_fin.csv,REAL_FUNDAMENTALS
688521,20260331,20260430,20260430,20260430,688521_fin.csv,REAL_FUNDAMENTALS
688522,20260331,20260418,20260418,20260418,688522_fin.csv,REAL_FUNDAMENTALS
688523,20260331,20260425,20260425,20260425,688523_fin.csv,REAL_FUNDAMENTALS
688525,20260331,20260416,20260416,20260416,688525_fin.csv,REAL_FUNDAMENTALS
688526,20260331,20260430,20260430,20260430,688526_fin.csv,REAL_FUNDAMENTALS
688528,20260331,20260421,20260421,20260421,688528_fin.csv,REAL_FUNDAMENTALS
688529,20260331,20260430,20260430,20260430,688529_fin.csv,REAL_FUNDAMENTALS
688530,20260331,20260425,20260425,20260425,688530_fin.csv,REAL_FUNDAMENTALS
688531,20260331,20260429,20260429,20260429,688531_fin.csv,REAL_FUNDAMENTALS
688533,20260331,20260429,20260429,20260429,688533_fin.csv,REAL_FUNDAMENTALS
688535,20260331,20260428,20260428,20260428,688535_fin.csv,REAL_FUNDAMENTALS
688536,20260331,20260428,20260428,20260428,688536_fin.csv,REAL_FUNDAMENTALS
688538,20260331,20260429,20260429,20260429,688538_fin.csv,REAL_FUNDAMENTALS
688539,20260331,20260425,20260425,20260425,688539_fin.csv,REAL_FUNDAMENTALS
688543,20260331,20260429,20260429,20260429,688543_fin.csv,REAL_FUNDAMENTALS
688545,20260331,20260428,20260428,20260428,688545_fin.csv,REAL_FUNDAMENTALS
688548,20260331,20260425,20260425,20260425,688548_fin.csv,REAL_FUNDAMENTALS
688549,20260331,20260428,20260428,20260428,688549_fin.csv,REAL_FUNDAMENTALS
688550,20260331,20260424,20260424,20260424,688550_fin.csv,REAL_FUNDAMENTALS
688551,20260331,20260424,20260424,20260424,688551_fin.csv,REAL_FUNDAMENTALS
688552,20260331,20260422,20260422,20260422,688552_fin.csv,REAL_FUNDAMENTALS
688553,20260331,20260425,20260425,20260425,688553_fin.csv,REAL_FUNDAMENTALS
688556,20260331,20260430,20260430,20260430,688556_fin.csv,REAL_FUNDAMENTALS
688557,20260331,20260430,20260430,20260430,688557_fin.csv,REAL_FUNDAMENTALS
688558,20260331,20260430,20260430,20260430,688558_fin.csv,REAL_FUNDAMENTALS
688559,20260331,20260430,20260430,20260430,688559_fin.csv,REAL_FUNDAMENTALS
688560,20260331,20260428,20260428,20260428,688560_fin.csv,REAL_FUNDAMENTALS
688561,20260331,20260430,20260430,20260430,688561_fin.csv,REAL_FUNDAMENTALS
688562,20260331,20260430,20260430,20260430,688562_fin.csv,REAL_FUNDAMENTALS
688563,20260331,20260427,20260427,20260427,688563_fin.csv,REAL_FUNDAMENTALS
688565,20260331,20260428,20260428,20260428,688565_fin.csv,REAL_FUNDAMENTALS
688566,20260331,20260428,20260428,20260428,688566_fin.csv,REAL_FUNDAMENTALS
688567,20260331,20260430,20260430,20260430,688567_fin.csv,REAL_FUNDAMENTALS
688568,20260331,20260425,20260425,20260425,688568_fin.csv,REAL_FUNDAMENTALS
688569,20260331,20260423,20260423,20260423,688569_fin.csv,REAL_FUNDAMENTALS
688570,20260331,20260430,20260430,20260430,688570_fin.csv,REAL_FUNDAMENTALS
688571,20260331,20260429,20260429,20260429,688571_fin.csv,REAL_FUNDAMENTALS
688573,20260331,20260430,20260430,20260430,688573_fin.csv,REAL_FUNDAMENTALS
688575,20260331,20260429,20260429,20260429,688575_fin.csv,REAL_FUNDAMENTALS
688576,20260331,20260430,20260430,20260430,688576_fin.csv,REAL_FUNDAMENTALS
688577,20260331,20260428,20260428,20260428,688577_fin.csv,REAL_FUNDAMENTALS
688578,20260331,20260423,20260423,20260423,688578_fin.csv,REAL_FUNDAMENTALS
688579,20260331,20260430,20260430,20260430,688579_fin.csv,REAL_FUNDAMENTALS
688580,20260331,20260428,20260428,20260428,688580_fin.csv,REAL_FUNDAMENTALS
688581,20260331,20260423,20260423,20260423,688581_fin.csv,REAL_FUNDAMENTALS
688582,20260331,20260424,20260424,20260424,688582_fin.csv,REAL_FUNDAMENTALS
688583,20260331,20260428,20260428,20260428,688583_fin.csv,REAL_FUNDAMENTALS
688584,20260331,20260430,20260430,20260430,688584_fin.csv,REAL_FUNDAMENTALS
688585,20260331,20260430,20260430,20260430,688585_fin.csv,REAL_FUNDAMENTALS
688586,20260331,20260430,20260430,20260430,688586_fin.csv,REAL_FUNDAMENTALS
688588,20260331,20260429,20260429,20260429,688588_fin.csv,REAL_FUNDAMENTALS
688589,20260331,20260425,20260425,20260425,688589_fin.csv,REAL_FUNDAMENTALS
688590,20260331,20260430,20260430,20260430,688590_fin.csv,REAL_FUNDAMENTALS
688591,20260331,20260421,20260421,20260421,688591_fin.csv,REAL_FUNDAMENTALS
688592,20260331,20260428,20260428,20260428,688592_fin.csv,REAL_FUNDAMENTALS
688593,20260331,20260425,20260425,20260425,688593_fin.csv,REAL_FUNDAMENTALS
688595,20260331,20260430,20260430,20260430,688595_fin.csv,REAL_FUNDAMENTALS
688596,20260331,20260418,20260418,20260418,688596_fin.csv,REAL_FUNDAMENTALS
688597,20260331,20260425,20260425,20260425,688597_fin.csv,REAL_FUNDAMENTALS
688598,20260331,20260429,20260429,20260429,688598_fin.csv,REAL_FUNDAMENTALS
688599,20260331,20260430,20260430,20260430,688599_fin.csv,REAL_FUNDAMENTALS
688600,20260331,20260425,20260425,20260425,688600_fin.csv,REAL_FUNDAMENTALS
688601,20260331,20260430,20260430,20260430,688601_fin.csv,REAL_FUNDAMENTALS
688602,20260331,20260424,20260424,20260424,688602_fin.csv,REAL_FUNDAMENTALS
688603,20260331,20260428,20260428,20260428,688603_fin.csv,REAL_FUNDAMENTALS
688605,20260331,20260430,20260430,20260430,688605_fin.csv,REAL_FUNDAMENTALS
688606,20260331,20260420,20260420,20260420,688606_fin.csv,REAL_FUNDAMENTALS
688607,20260331,20260425,20260425,20260425,688607_fin.csv,REAL_FUNDAMENTALS
688608,20260331,20260430,20260430,20260430,688608_fin.csv,REAL_FUNDAMENTALS
688609,20260331,20260424,20260424,20260424,688609_fin.csv,REAL_FUNDAMENTALS
688610,20260331,20260428,20260428,20260428,688610_fin.csv,REAL_FUNDAMENTALS
688611,20260331,20260430,20260430,20260430,688611_fin.csv,REAL_FUNDAMENTALS
688612,20260331,20260421,20260421,20260421,688612_fin.csv,REAL_FUNDAMENTALS
688613,20260331,20260429,20260429,20260429,688613_fin.csv,REAL_FUNDAMENTALS
688615,20260331,20260430,20260430,20260430,688615_fin.csv,REAL_FUNDAMENTALS
688616,20260331,20260428,20260428,20260428,688616_fin.csv,REAL_FUNDAMENTALS
688617,20260331,20260424,20260424,20260424,688617_fin.csv,REAL_FUNDAMENTALS
688618,20260331,20260430,20260430,20260430,688618_fin.csv,REAL_FUNDAMENTALS
688619,20260331,20260422,20260422,20260422,688619_fin.csv,REAL_FUNDAMENTALS
688620,20260331,20260423,20260423,20260423,688620_fin.csv,REAL_FUNDAMENTALS
688621,20260331,20260424,20260424,20260424,688621_fin.csv,REAL_FUNDAMENTALS
688622,20260331,20260430,20260430,20260430,688622_fin.csv,REAL_FUNDAMENTALS
688623,20260331,20260428,20260428,20260428,688623_fin.csv,REAL_FUNDAMENTALS
688625,20260331,20260430,20260430,20260430,688625_fin.csv,REAL_FUNDAMENTALS
688626,20260331,20260424,20260424,20260424,688626_fin.csv,REAL_FUNDAMENTALS
688627,20260331,20260430,20260430,20260430,688627_fin.csv,REAL_FUNDAMENTALS
688628,20260331,20260425,20260425,20260425,688628_fin.csv,REAL_FUNDAMENTALS
688629,20260331,20260428,20260428,20260428,688629_fin.csv,REAL_FUNDAMENTALS
688630,20260331,20260430,20260430,20260430,688630_fin.csv,REAL_FUNDAMENTALS
688631,20260331,20260425,20260425,20260425,688631_fin.csv,REAL_FUNDAMENTALS
688633,20260331,20260424,20260424,20260424,688633_fin.csv,REAL_FUNDAMENTALS
688636,20260331,20260423,20260423,20260423,688636_fin.csv,REAL_FUNDAMENTALS
688638,20260331,20260425,20260425,20260425,688638_fin.csv,REAL_FUNDAMENTALS
688639,20260331,20260423,20260423,20260423,688639_fin.csv,REAL_FUNDAMENTALS
688646,20260331,20260418,20260418,20260418,688646_fin.csv,REAL_FUNDAMENTALS
688648,20260331,20260429,20260429,20260429,688648_fin.csv,REAL_FUNDAMENTALS
688651,20260331,20260430,20260430,20260430,688651_fin.csv,REAL_FUNDAMENTALS
688652,20260331,20260429,20260429,20260429,688652_fin.csv,REAL_FUNDAMENTALS
688653,20260331,20260428,20260428,20260428,688653_fin.csv,REAL_FUNDAMENTALS
688655,20260331,20260425,20260425,20260425,688655_fin.csv,REAL_FUNDAMENTALS
688656,20260331,20260428,20260428,20260428,688656_fin.csv,REAL_FUNDAMENTALS
688657,20260331,20260425,20260425,20260425,688657_fin.csv,REAL_FUNDAMENTALS
688658,20260331,20260430,20260430,20260430,688658_fin.csv,REAL_FUNDAMENTALS
688659,20260331,20260425,20260425,20260425,688659_fin.csv,REAL_FUNDAMENTALS
688660,20260331,20260421,20260421,20260421,688660_fin.csv,REAL_FUNDAMENTALS
688661,20260331,20260428,20260428,20260428,688661_fin.csv,REAL_FUNDAMENTALS
688662,20260331,20260427,20260427,20260427,688662_fin.csv,REAL_FUNDAMENTALS
688663,20260331,20260425,20260425,20260425,688663_fin.csv,REAL_FUNDAMENTALS
688665,20260331,20260430,20260430,20260430,688665_fin.csv,REAL_FUNDAMENTALS
688667,20260331,20260430,20260430,20260430,688667_fin.csv,REAL_FUNDAMENTALS
688668,20260331,20260416,20260416,20260416,688668_fin.csv,REAL_FUNDAMENTALS
688669,20260331,20260428,20260428,20260428,688669_fin.csv,REAL_FUNDAMENTALS
688670,20260331,20260423,20260423,20260423,688670_fin.csv,REAL_FUNDAMENTALS
688671,20260331,20260430,20260430,20260430,688671_fin.csv,REAL_FUNDAMENTALS
688676,20260331,20260424,20260424,20260424,688676_fin.csv,REAL_FUNDAMENTALS
688677,20260331,20260425,20260425,20260425,688677_fin.csv,REAL_FUNDAMENTALS
688678,20260331,20260430,20260430,20260430,688678_fin.csv,REAL_FUNDAMENTALS
688679,20260331,20260430,20260430,20260430,688679_fin.csv,REAL_FUNDAMENTALS
688680,20260331,20260429,20260429,20260429,688680_fin.csv,REAL_FUNDAMENTALS
688681,20260331,20260430,20260430,20260430,688681_fin.csv,REAL_FUNDAMENTALS
688682,20260331,20260415,20260415,20260415,688682_fin.csv,REAL_FUNDAMENTALS
688683,20260331,20260429,20260429,20260429,688683_fin.csv,REAL_FUNDAMENTALS
688685,20260331,20260429,20260429,20260429,688685_fin.csv,REAL_FUNDAMENTALS
688686,20260331,20260429,20260429,20260429,688686_fin.csv,REAL_FUNDAMENTALS
688687,20260331,20260425,20260425,20260425,688687_fin.csv,REAL_FUNDAMENTALS
688689,20260331,20260423,20260423,20260423,688689_fin.csv,REAL_FUNDAMENTALS
688690,20260331,20260428,20260428,20260428,688690_fin.csv,REAL_FUNDAMENTALS
688691,20260331,20260429,20260429,20260429,688691_fin.csv,REAL_FUNDAMENTALS
688692,20260331,20260425,20260425,20260425,688692_fin.csv,REAL_FUNDAMENTALS
688693,20260331,20260430,20260430,20260430,688693_fin.csv,REAL_FUNDAMENTALS
688695,20260331,20260428,20260428,20260428,688695_fin.csv,REAL_FUNDAMENTALS
688696,20260331,20260430,20260430,20260430,688696_fin.csv,REAL_FUNDAMENTALS
688697,20260331,20260428,20260428,20260428,688697_fin.csv,REAL_FUNDAMENTALS
688698,20260331,20260429,20260429,20260429,688698_fin.csv,REAL_FUNDAMENTALS
688699,20260331,20260430,20260430,20260430,688699_fin.csv,REAL_FUNDAMENTALS
688700,20260331,20260428,20260428,20260428,688700_fin.csv,REAL_FUNDAMENTALS
688701,20260331,20260429,20260429,20260429,688701_fin.csv,REAL_FUNDAMENTALS
688702,20260331,20260423,20260423,20260423,688702_fin.csv,REAL_FUNDAMENTALS
688707,20260331,20260425,20260425,20260425,688707_fin.csv,REAL_FUNDAMENTALS
688708,20260331,20260428,20260428,20260428,688708_fin.csv,REAL_FUNDAMENTALS
688709,20260331,20260430,20260430,20260430,688709_fin.csv,REAL_FUNDAMENTALS
688710,20260331,20260430,20260430,20260430,688710_fin.csv,REAL_FUNDAMENTALS
688711,20260331,20260430,20260430,20260430,688711_fin.csv,REAL_FUNDAMENTALS
688712,20260331,20260425,20260425,20260425,688712_fin.csv,REAL_FUNDAMENTALS
688716,20260331,20260429,20260429,20260429,688716_fin.csv,REAL_FUNDAMENTALS
688717,20260331,20260429,20260429,20260429,688717_fin.csv,REAL_FUNDAMENTALS
688718,20260331,20260429,20260429,20260429,688718_fin.csv,REAL_FUNDAMENTALS
688719,20260331,20260422,20260422,20260422,688719_fin.csv,REAL_FUNDAMENTALS
688720,20260331,20260425,20260425,20260425,688720_fin.csv,REAL_FUNDAMENTALS
688721,20260331,20260430,20260430,20260430,688721_fin.csv,REAL_FUNDAMENTALS
688722,20260331,20260425,20260425,20260425,688722_fin.csv,REAL_FUNDAMENTALS
688726,20260331,20260429,20260429,20260429,688726_fin.csv,REAL_FUNDAMENTALS
688727,20260331,20260428,20260428,20260428,688727_fin.csv,REAL_FUNDAMENTALS
688728,20260331,20260430,20260430,20260430,688728_fin.csv,REAL_FUNDAMENTALS
688729,20260331,20260429,20260429,20260429,688729_fin.csv,REAL_FUNDAMENTALS
688733,20260331,20260430,20260430,20260430,688733_fin.csv,REAL_FUNDAMENTALS
688737,20260331,20260430,20260430,20260430,688737_fin.csv,REAL_FUNDAMENTALS
688739,20260331,20260429,20260429,20260429,688739_fin.csv,REAL_FUNDAMENTALS
688750,20260331,20260430,20260430,20260430,688750_fin.csv,REAL_FUNDAMENTALS
688755,20260331,20260425,20260425,20260425,688755_fin.csv,REAL_FUNDAMENTALS
688757,20260331,20260425,20260425,20260425,688757_fin.csv,REAL_FUNDAMENTALS
688758,20260331,20260422,20260422,20260422,688758_fin.csv,REAL_FUNDAMENTALS
688759,20260331,20260428,20260428,20260428,688759_fin.csv,REAL_FUNDAMENTALS
688765,20260331,20260428,20260428,20260428,688765_fin.csv,REAL_FUNDAMENTALS
688766,20260331,20260429,20260429,20260429,688766_fin.csv,REAL_FUNDAMENTALS
688767,20260331,20260425,20260425,20260425,688767_fin.csv,REAL_FUNDAMENTALS
688768,20260331,20260428,20260428,20260428,688768_fin.csv,REAL_FUNDAMENTALS
688772,20260331,20260430,20260430,20260430,688772_fin.csv,REAL_FUNDAMENTALS
688775,20260331,20260429,20260429,20260429,688775_fin.csv,REAL_FUNDAMENTALS
688776,20260331,20260430,20260430,20260430,688776_fin.csv,REAL_FUNDAMENTALS
688777,20260331,20260425,20260425,20260425,688777_fin.csv,REAL_FUNDAMENTALS
688778,20260331,20260423,20260423,20260423,688778_fin.csv,REAL_FUNDAMENTALS
688779,20260331,20260429,20260429,20260429,688779_fin.csv,REAL_FUNDAMENTALS
688781,20260331,20260424,20260424,20260424,688781_fin.csv,REAL_FUNDAMENTALS
688783,20260331,20260421,20260421,20260421,688783_fin.csv,REAL_FUNDAMENTALS
688785,20260331,20260428,20260428,20260428,688785_fin.csv,REAL_FUNDAMENTALS
688786,20260331,20260428,20260428,20260428,688786_fin.csv,REAL_FUNDAMENTALS
688787,20260331,20260424,20260424,20260424,688787_fin.csv,REAL_FUNDAMENTALS
688788,20260331,20260425,20260425,20260425,688788_fin.csv,REAL_FUNDAMENTALS
688789,20260331,20260430,20260430,20260430,688789_fin.csv,REAL_FUNDAMENTALS
688790,20260331,20260428,20260428,20260428,688790_fin.csv,REAL_FUNDAMENTALS
688793,20260331,20260430,20260430,20260430,688793_fin.csv,REAL_FUNDAMENTALS
688795,20260331,20260427,20260427,20260427,688795_fin.csv,REAL_FUNDAMENTALS
688796,20260331,20260428,20260428,20260428,688796_fin.csv,REAL_FUNDAMENTALS
688798,20260331,20260428,20260428,20260428,688798_fin.csv,REAL_FUNDAMENTALS
688799,20260331,20260421,20260421,20260421,688799_fin.csv,REAL_FUNDAMENTALS
688800,20260331,20260429,20260429,20260429,688800_fin.csv,REAL_FUNDAMENTALS
688802,20260331,20260430,20260430,20260430,688802_fin.csv,REAL_FUNDAMENTALS
688805,20260331,20260430,20260430,20260430,688805_fin.csv,REAL_FUNDAMENTALS
688807,20260331,20260428,20260428,20260428,688807_fin.csv,REAL_FUNDAMENTALS
688808,20260331,20260429,20260429,20260429,688808_fin.csv,REAL_FUNDAMENTALS
688809,20260331,20260427,20260427,20260427,688809_fin.csv,REAL_FUNDAMENTALS
688811,20260331,20260430,20260430,20260430,688811_fin.csv,REAL_FUNDAMENTALS
688813,20260331,20260429,20260429,20260429,688813_fin.csv,REAL_FUNDAMENTALS
688816,20260331,20260430,20260430,20260430,688816_fin.csv,REAL_FUNDAMENTALS
688818,20260331,20260429,20260429,20260429,688818_fin.csv,REAL_FUNDAMENTALS
688819,20260331,20260430,20260430,20260430,688819_fin.csv,REAL_FUNDAMENTALS
688820,20260331,20260430,20260430,20260430,688820_fin.csv,REAL_FUNDAMENTALS
688981,20260331,20260515,20260515,20260515,688981_fin.csv,REAL_FUNDAMENTALS
689009,20260331,20260430,20260430,20260430,689009_fin.csv,REAL_FUNDAMENTALS
