rebalance_date,ticker,factor_value,factor_id,factor_name,source
20210801,000001,0.134,F10,LOW_VOLATILITY,research_simulation
20210801,000002,0.48,F10,LOW_VOLATILITY,research_simulation
20210801,000004,0.745,F10,LOW_VOLATILITY,research_simulation
20210801,000006,0.381,F10,LOW_VOLATILITY,research_simulation
20210801,000007,0.439,F10,LOW_VOLATILITY,research_simulation
20210801,000008,0.727,F10,LOW_VOLATILITY,research_simulation
20210801,000009,0.605,F10,LOW_VOLATILITY,research_simulation
20210801,000010,0.044,F10,LOW_VOLATILITY,research_simulation
20210801,000011,0.54,F10,LOW_VOLATILITY,research_simulation
20210801,000012,0.539,F10,LOW_VOLATILITY,research_simulation
20210801,000014,0.574,F10,LOW_VOLATILITY,research_simulation
20210801,000016,0.88,F10,LOW_VOLATILITY,research_simulation
20210801,000017,0.349,F10,LOW_VOLATILITY,research_simulation
20210801,000019,0.916,F10,LOW_VOLATILITY,research_simulation
20210801,000020,0.605,F10,LOW_VOLATILITY,research_simulation
20210801,000021,0.976,F10,LOW_VOLATILITY,research_simulation
20210801,000025,0.39,F10,LOW_VOLATILITY,research_simulation
20210801,000026,0.335,F10,LOW_VOLATILITY,research_simulation
20210801,000027,0.165,F10,LOW_VOLATILITY,research_simulation
20210801,000028,0.479,F10,LOW_VOLATILITY,research_simulation
20210801,000029,0.757,F10,LOW_VOLATILITY,research_simulation
20210801,000030,0.625,F10,LOW_VOLATILITY,research_simulation
20210801,000031,0.195,F10,LOW_VOLATILITY,research_simulation
20210801,000032,0.374,F10,LOW_VOLATILITY,research_simulation
20210801,000034,0.506,F10,LOW_VOLATILITY,research_simulation
20210801,000035,0.105,F10,LOW_VOLATILITY,research_simulation
20210801,000036,0.968,F10,LOW_VOLATILITY,research_simulation
20210801,000037,0.27,F10,LOW_VOLATILITY,research_simulation
20210801,000039,0.371,F10,LOW_VOLATILITY,research_simulation
20210801,000042,0.257,F10,LOW_VOLATILITY,research_simulation
20210801,000045,0.249,F10,LOW_VOLATILITY,research_simulation
20210801,000048,0.316,F10,LOW_VOLATILITY,research_simulation
20210801,000049,0.583,F10,LOW_VOLATILITY,research_simulation
20210801,000050,0.707,F10,LOW_VOLATILITY,research_simulation
20210801,000055,0.225,F10,LOW_VOLATILITY,research_simulation
20210801,000056,0.452,F10,LOW_VOLATILITY,research_simulation
20210801,000058,0.717,F10,LOW_VOLATILITY,research_simulation
20210801,000059,0.504,F10,LOW_VOLATILITY,research_simulation
20210801,000060,0.426,F10,LOW_VOLATILITY,research_simulation
20210801,000061,0.611,F10,LOW_VOLATILITY,research_simulation
20210801,000062,0.203,F10,LOW_VOLATILITY,research_simulation
20210801,000063,0.844,F10,LOW_VOLATILITY,research_simulation
20210801,000065,0.05,F10,LOW_VOLATILITY,research_simulation
20210801,000066,0.678,F10,LOW_VOLATILITY,research_simulation
20210801,000068,0.584,F10,LOW_VOLATILITY,research_simulation
20210801,000069,0.011,F10,LOW_VOLATILITY,research_simulation
20210801,000070,0.172,F10,LOW_VOLATILITY,research_simulation
20210801,000078,0.387,F10,LOW_VOLATILITY,research_simulation
20210801,000088,0.083,F10,LOW_VOLATILITY,research_simulation
20210801,000089,0.361,F10,LOW_VOLATILITY,research_simulation
20210801,000090,0.75,F10,LOW_VOLATILITY,research_simulation
20210801,000096,0.552,F10,LOW_VOLATILITY,research_simulation
20210801,000099,0.376,F10,LOW_VOLATILITY,research_simulation
20210801,000100,0.672,F10,LOW_VOLATILITY,research_simulation
20210801,000151,0.407,F10,LOW_VOLATILITY,research_simulation
20210801,000153,0.634,F10,LOW_VOLATILITY,research_simulation
20210801,000155,0.003,F10,LOW_VOLATILITY,research_simulation
20210801,000156,0.647,F10,LOW_VOLATILITY,research_simulation
20210801,000157,0.393,F10,LOW_VOLATILITY,research_simulation
20210801,000158,0.605,F10,LOW_VOLATILITY,research_simulation
20210801,000159,0.859,F10,LOW_VOLATILITY,research_simulation
20210801,000166,0.929,F10,LOW_VOLATILITY,research_simulation
20210801,000301,0.522,F10,LOW_VOLATILITY,research_simulation
20210801,000333,0.709,F10,LOW_VOLATILITY,research_simulation
20210801,000338,0.087,F10,LOW_VOLATILITY,research_simulation
20210801,000400,0.276,F10,LOW_VOLATILITY,research_simulation
20210801,000401,0.35,F10,LOW_VOLATILITY,research_simulation
20210801,000402,0.821,F10,LOW_VOLATILITY,research_simulation
20210801,000403,0.973,F10,LOW_VOLATILITY,research_simulation
20210801,000404,0.922,F10,LOW_VOLATILITY,research_simulation
20210801,000407,0.235,F10,LOW_VOLATILITY,research_simulation
20210801,000408,0.151,F10,LOW_VOLATILITY,research_simulation
20210801,000409,0.877,F10,LOW_VOLATILITY,research_simulation
20210801,000410,0.367,F10,LOW_VOLATILITY,research_simulation
20210801,000411,0.805,F10,LOW_VOLATILITY,research_simulation
20210801,000415,0.087,F10,LOW_VOLATILITY,research_simulation
20210801,000417,0.514,F10,LOW_VOLATILITY,research_simulation
20210801,000419,0.827,F10,LOW_VOLATILITY,research_simulation
20210801,000420,0.697,F10,LOW_VOLATILITY,research_simulation
20210801,000421,0.767,F10,LOW_VOLATILITY,research_simulation
20210801,000422,0.799,F10,LOW_VOLATILITY,research_simulation
20210801,000423,0.084,F10,LOW_VOLATILITY,research_simulation
20210801,000425,0.55,F10,LOW_VOLATILITY,research_simulation
20210801,000426,0.118,F10,LOW_VOLATILITY,research_simulation
20210801,000428,0.468,F10,LOW_VOLATILITY,research_simulation
20210801,000429,0.163,F10,LOW_VOLATILITY,research_simulation
20210801,000430,0.341,F10,LOW_VOLATILITY,research_simulation
20210801,000488,0.996,F10,LOW_VOLATILITY,research_simulation
20210801,000498,0.835,F10,LOW_VOLATILITY,research_simulation
20210801,000501,0.445,F10,LOW_VOLATILITY,research_simulation
20210801,000503,0.414,F10,LOW_VOLATILITY,research_simulation
20210801,000504,0.038,F10,LOW_VOLATILITY,research_simulation
20210801,000505,0.104,F10,LOW_VOLATILITY,research_simulation
20210801,000506,0.852,F10,LOW_VOLATILITY,research_simulation
20210801,000507,0.387,F10,LOW_VOLATILITY,research_simulation
20210801,000509,0.861,F10,LOW_VOLATILITY,research_simulation
20210801,000510,0.819,F10,LOW_VOLATILITY,research_simulation
20210801,000513,0.807,F10,LOW_VOLATILITY,research_simulation
20210801,000514,0.57,F10,LOW_VOLATILITY,research_simulation
20210801,000516,0.436,F10,LOW_VOLATILITY,research_simulation
20210901,000001,0.435,F10,LOW_VOLATILITY,research_simulation
20210901,000002,0.713,F10,LOW_VOLATILITY,research_simulation
20210901,000004,0.635,F10,LOW_VOLATILITY,research_simulation
20210901,000006,0.718,F10,LOW_VOLATILITY,research_simulation
20210901,000007,0.955,F10,LOW_VOLATILITY,research_simulation
20210901,000008,0.235,F10,LOW_VOLATILITY,research_simulation
20210901,000009,0.028,F10,LOW_VOLATILITY,research_simulation
20210901,000010,0.618,F10,LOW_VOLATILITY,research_simulation
20210901,000011,0.481,F10,LOW_VOLATILITY,research_simulation
20210901,000012,0.92,F10,LOW_VOLATILITY,research_simulation
20210901,000014,0.367,F10,LOW_VOLATILITY,research_simulation
20210901,000016,0.366,F10,LOW_VOLATILITY,research_simulation
20210901,000017,0.436,F10,LOW_VOLATILITY,research_simulation
20210901,000019,0.489,F10,LOW_VOLATILITY,research_simulation
20210901,000020,0.614,F10,LOW_VOLATILITY,research_simulation
20210901,000021,0.523,F10,LOW_VOLATILITY,research_simulation
20210901,000025,0.636,F10,LOW_VOLATILITY,research_simulation
20210901,000026,0.811,F10,LOW_VOLATILITY,research_simulation
20210901,000027,0.003,F10,LOW_VOLATILITY,research_simulation
20210901,000028,0.558,F10,LOW_VOLATILITY,research_simulation
20210901,000029,0.009,F10,LOW_VOLATILITY,research_simulation
20210901,000030,0.807,F10,LOW_VOLATILITY,research_simulation
20210901,000031,0.403,F10,LOW_VOLATILITY,research_simulation
20210901,000032,0.944,F10,LOW_VOLATILITY,research_simulation
20210901,000034,0.719,F10,LOW_VOLATILITY,research_simulation
20210901,000035,0.605,F10,LOW_VOLATILITY,research_simulation
20210901,000036,0.721,F10,LOW_VOLATILITY,research_simulation
20210901,000037,0.633,F10,LOW_VOLATILITY,research_simulation
20210901,000039,0.664,F10,LOW_VOLATILITY,research_simulation
20210901,000042,0.88,F10,LOW_VOLATILITY,research_simulation
20210901,000045,0.868,F10,LOW_VOLATILITY,research_simulation
20210901,000048,0.831,F10,LOW_VOLATILITY,research_simulation
20210901,000049,0.885,F10,LOW_VOLATILITY,research_simulation
20210901,000050,0.255,F10,LOW_VOLATILITY,research_simulation
20210901,000055,0.59,F10,LOW_VOLATILITY,research_simulation
20210901,000056,0.974,F10,LOW_VOLATILITY,research_simulation
20210901,000058,0.718,F10,LOW_VOLATILITY,research_simulation
20210901,000059,0.197,F10,LOW_VOLATILITY,research_simulation
20210901,000060,0.968,F10,LOW_VOLATILITY,research_simulation
20210901,000061,0.345,F10,LOW_VOLATILITY,research_simulation
20210901,000062,0.965,F10,LOW_VOLATILITY,research_simulation
20210901,000063,0.37,F10,LOW_VOLATILITY,research_simulation
20210901,000065,0.844,F10,LOW_VOLATILITY,research_simulation
20210901,000066,0.543,F10,LOW_VOLATILITY,research_simulation
20210901,000068,0.272,F10,LOW_VOLATILITY,research_simulation
20210901,000069,0.182,F10,LOW_VOLATILITY,research_simulation
20210901,000070,0.678,F10,LOW_VOLATILITY,research_simulation
20210901,000078,0.267,F10,LOW_VOLATILITY,research_simulation
20210901,000088,0.029,F10,LOW_VOLATILITY,research_simulation
20210901,000089,0.913,F10,LOW_VOLATILITY,research_simulation
20210901,000090,0.007,F10,LOW_VOLATILITY,research_simulation
20210901,000096,0.609,F10,LOW_VOLATILITY,research_simulation
20210901,000099,0.446,F10,LOW_VOLATILITY,research_simulation
20210901,000100,0.969,F10,LOW_VOLATILITY,research_simulation
20210901,000151,0.413,F10,LOW_VOLATILITY,research_simulation
20210901,000153,0.619,F10,LOW_VOLATILITY,research_simulation
20210901,000155,0.611,F10,LOW_VOLATILITY,research_simulation
20210901,000156,0.116,F10,LOW_VOLATILITY,research_simulation
20210901,000157,0.193,F10,LOW_VOLATILITY,research_simulation
20210901,000158,0.071,F10,LOW_VOLATILITY,research_simulation
20210901,000159,0.206,F10,LOW_VOLATILITY,research_simulation
20210901,000166,0.712,F10,LOW_VOLATILITY,research_simulation
20210901,000301,0.367,F10,LOW_VOLATILITY,research_simulation
20210901,000333,0.321,F10,LOW_VOLATILITY,research_simulation
20210901,000338,0.503,F10,LOW_VOLATILITY,research_simulation
20210901,000400,0.258,F10,LOW_VOLATILITY,research_simulation
20210901,000401,0.15,F10,LOW_VOLATILITY,research_simulation
20210901,000402,0.556,F10,LOW_VOLATILITY,research_simulation
20210901,000403,0.694,F10,LOW_VOLATILITY,research_simulation
20210901,000404,0.933,F10,LOW_VOLATILITY,research_simulation
20210901,000407,0.074,F10,LOW_VOLATILITY,research_simulation
20210901,000408,0.359,F10,LOW_VOLATILITY,research_simulation
20210901,000409,0.173,F10,LOW_VOLATILITY,research_simulation
20210901,000410,0.73,F10,LOW_VOLATILITY,research_simulation
20210901,000411,0.557,F10,LOW_VOLATILITY,research_simulation
20210901,000415,0.232,F10,LOW_VOLATILITY,research_simulation
20210901,000417,0.504,F10,LOW_VOLATILITY,research_simulation
20210901,000419,0.352,F10,LOW_VOLATILITY,research_simulation
20210901,000420,0.084,F10,LOW_VOLATILITY,research_simulation
20210901,000421,0.414,F10,LOW_VOLATILITY,research_simulation
20210901,000422,0.949,F10,LOW_VOLATILITY,research_simulation
20210901,000423,0.131,F10,LOW_VOLATILITY,research_simulation
20210901,000425,0.896,F10,LOW_VOLATILITY,research_simulation
20210901,000426,0.885,F10,LOW_VOLATILITY,research_simulation
20210901,000428,0.692,F10,LOW_VOLATILITY,research_simulation
20210901,000429,0.258,F10,LOW_VOLATILITY,research_simulation
20210901,000430,0.818,F10,LOW_VOLATILITY,research_simulation
20210901,000488,0.173,F10,LOW_VOLATILITY,research_simulation
20210901,000498,0.725,F10,LOW_VOLATILITY,research_simulation
20210901,000501,0.981,F10,LOW_VOLATILITY,research_simulation
20210901,000503,0.44,F10,LOW_VOLATILITY,research_simulation
20210901,000504,0.324,F10,LOW_VOLATILITY,research_simulation
20210901,000505,0.151,F10,LOW_VOLATILITY,research_simulation
20210901,000506,0.576,F10,LOW_VOLATILITY,research_simulation
20210901,000507,0.165,F10,LOW_VOLATILITY,research_simulation
20210901,000509,0.221,F10,LOW_VOLATILITY,research_simulation
20210901,000510,0.133,F10,LOW_VOLATILITY,research_simulation
20210901,000513,0.933,F10,LOW_VOLATILITY,research_simulation
20210901,000514,0.789,F10,LOW_VOLATILITY,research_simulation
20210901,000516,0.339,F10,LOW_VOLATILITY,research_simulation
20211201,000001,0.282,F10,LOW_VOLATILITY,research_simulation
20211201,000002,0.131,F10,LOW_VOLATILITY,research_simulation
20211201,000004,0.434,F10,LOW_VOLATILITY,research_simulation
20211201,000006,0.149,F10,LOW_VOLATILITY,research_simulation
20211201,000007,0.839,F10,LOW_VOLATILITY,research_simulation
20211201,000008,0.997,F10,LOW_VOLATILITY,research_simulation
20211201,000009,0.61,F10,LOW_VOLATILITY,research_simulation
20211201,000010,0.529,F10,LOW_VOLATILITY,research_simulation
20211201,000011,0.656,F10,LOW_VOLATILITY,research_simulation
20211201,000012,0.794,F10,LOW_VOLATILITY,research_simulation
20211201,000014,0.784,F10,LOW_VOLATILITY,research_simulation
20211201,000016,0.777,F10,LOW_VOLATILITY,research_simulation
20211201,000017,0.578,F10,LOW_VOLATILITY,research_simulation
20211201,000019,0.364,F10,LOW_VOLATILITY,research_simulation
20211201,000020,0.135,F10,LOW_VOLATILITY,research_simulation
20211201,000021,0.767,F10,LOW_VOLATILITY,research_simulation
20211201,000025,0.741,F10,LOW_VOLATILITY,research_simulation
20211201,000026,0.056,F10,LOW_VOLATILITY,research_simulation
20211201,000027,0.505,F10,LOW_VOLATILITY,research_simulation
20211201,000028,0.311,F10,LOW_VOLATILITY,research_simulation
20211201,000029,0.955,F10,LOW_VOLATILITY,research_simulation
20211201,000030,0.766,F10,LOW_VOLATILITY,research_simulation
20211201,000031,0.004,F10,LOW_VOLATILITY,research_simulation
20211201,000032,0.955,F10,LOW_VOLATILITY,research_simulation
20211201,000034,0.833,F10,LOW_VOLATILITY,research_simulation
20211201,000035,0.558,F10,LOW_VOLATILITY,research_simulation
20211201,000036,0.328,F10,LOW_VOLATILITY,research_simulation
20211201,000037,0.691,F10,LOW_VOLATILITY,research_simulation
20211201,000039,0.993,F10,LOW_VOLATILITY,research_simulation
20211201,000042,0.602,F10,LOW_VOLATILITY,research_simulation
20211201,000045,0.399,F10,LOW_VOLATILITY,research_simulation
20211201,000048,0.884,F10,LOW_VOLATILITY,research_simulation
20211201,000049,0.327,F10,LOW_VOLATILITY,research_simulation
20211201,000050,0.428,F10,LOW_VOLATILITY,research_simulation
20211201,000055,0.967,F10,LOW_VOLATILITY,research_simulation
20211201,000056,0.926,F10,LOW_VOLATILITY,research_simulation
20211201,000058,0.094,F10,LOW_VOLATILITY,research_simulation
20211201,000059,0.042,F10,LOW_VOLATILITY,research_simulation
20211201,000060,0.407,F10,LOW_VOLATILITY,research_simulation
20211201,000061,0.994,F10,LOW_VOLATILITY,research_simulation
20211201,000062,0.658,F10,LOW_VOLATILITY,research_simulation
20211201,000063,0.669,F10,LOW_VOLATILITY,research_simulation
20211201,000065,0.407,F10,LOW_VOLATILITY,research_simulation
20211201,000066,0.76,F10,LOW_VOLATILITY,research_simulation
20211201,000068,0.124,F10,LOW_VOLATILITY,research_simulation
20211201,000069,0.963,F10,LOW_VOLATILITY,research_simulation
20211201,000070,0.796,F10,LOW_VOLATILITY,research_simulation
20211201,000078,0.575,F10,LOW_VOLATILITY,research_simulation
20211201,000088,0.696,F10,LOW_VOLATILITY,research_simulation
20211201,000089,0.403,F10,LOW_VOLATILITY,research_simulation
20211201,000090,0.364,F10,LOW_VOLATILITY,research_simulation
20211201,000096,0.952,F10,LOW_VOLATILITY,research_simulation
20211201,000099,0.068,F10,LOW_VOLATILITY,research_simulation
20211201,000100,0.442,F10,LOW_VOLATILITY,research_simulation
20211201,000151,0.596,F10,LOW_VOLATILITY,research_simulation
20211201,000153,0.764,F10,LOW_VOLATILITY,research_simulation
20211201,000155,0.012,F10,LOW_VOLATILITY,research_simulation
20211201,000156,0.359,F10,LOW_VOLATILITY,research_simulation
20211201,000157,0.054,F10,LOW_VOLATILITY,research_simulation
20211201,000158,0.537,F10,LOW_VOLATILITY,research_simulation
20211201,000159,0.374,F10,LOW_VOLATILITY,research_simulation
20211201,000166,0.158,F10,LOW_VOLATILITY,research_simulation
20211201,000301,0.853,F10,LOW_VOLATILITY,research_simulation
20211201,000333,0.966,F10,LOW_VOLATILITY,research_simulation
20211201,000338,0.184,F10,LOW_VOLATILITY,research_simulation
20211201,000400,0.803,F10,LOW_VOLATILITY,research_simulation
20211201,000401,0.406,F10,LOW_VOLATILITY,research_simulation
20211201,000402,0.122,F10,LOW_VOLATILITY,research_simulation
20211201,000403,0.157,F10,LOW_VOLATILITY,research_simulation
20211201,000404,0.017,F10,LOW_VOLATILITY,research_simulation
20211201,000407,0.59,F10,LOW_VOLATILITY,research_simulation
20211201,000408,0.765,F10,LOW_VOLATILITY,research_simulation
20211201,000409,0.511,F10,LOW_VOLATILITY,research_simulation
20211201,000410,0.419,F10,LOW_VOLATILITY,research_simulation
20211201,000411,0.033,F10,LOW_VOLATILITY,research_simulation
20211201,000415,0.849,F10,LOW_VOLATILITY,research_simulation
20211201,000417,0.626,F10,LOW_VOLATILITY,research_simulation
20211201,000419,0.884,F10,LOW_VOLATILITY,research_simulation
20211201,000420,0.156,F10,LOW_VOLATILITY,research_simulation
20211201,000421,0.106,F10,LOW_VOLATILITY,research_simulation
20211201,000422,0.075,F10,LOW_VOLATILITY,research_simulation
20211201,000423,0.999,F10,LOW_VOLATILITY,research_simulation
20211201,000425,0.072,F10,LOW_VOLATILITY,research_simulation
20211201,000426,0.797,F10,LOW_VOLATILITY,research_simulation
20211201,000428,0.092,F10,LOW_VOLATILITY,research_simulation
20211201,000429,0.766,F10,LOW_VOLATILITY,research_simulation
20211201,000430,0.503,F10,LOW_VOLATILITY,research_simulation
20211201,000488,0.41,F10,LOW_VOLATILITY,research_simulation
20211201,000498,0.768,F10,LOW_VOLATILITY,research_simulation
20211201,000501,0.577,F10,LOW_VOLATILITY,research_simulation
20211201,000503,0.909,F10,LOW_VOLATILITY,research_simulation
20211201,000504,0.265,F10,LOW_VOLATILITY,research_simulation
20211201,000505,0.337,F10,LOW_VOLATILITY,research_simulation
20211201,000506,0.378,F10,LOW_VOLATILITY,research_simulation
20211201,000507,0.958,F10,LOW_VOLATILITY,research_simulation
20211201,000509,0.433,F10,LOW_VOLATILITY,research_simulation
20211201,000510,0.272,F10,LOW_VOLATILITY,research_simulation
20211201,000513,0.035,F10,LOW_VOLATILITY,research_simulation
20211201,000514,0.731,F10,LOW_VOLATILITY,research_simulation
20211201,000516,0.563,F10,LOW_VOLATILITY,research_simulation
20220201,000001,0.11,F10,LOW_VOLATILITY,research_simulation
20220201,000002,0.133,F10,LOW_VOLATILITY,research_simulation
20220201,000004,0.948,F10,LOW_VOLATILITY,research_simulation
20220201,000006,0.779,F10,LOW_VOLATILITY,research_simulation
20220201,000007,0.269,F10,LOW_VOLATILITY,research_simulation
20220201,000008,0.545,F10,LOW_VOLATILITY,research_simulation
20220201,000009,0.716,F10,LOW_VOLATILITY,research_simulation
20220201,000010,0.438,F10,LOW_VOLATILITY,research_simulation
20220201,000011,0.145,F10,LOW_VOLATILITY,research_simulation
20220201,000012,0.791,F10,LOW_VOLATILITY,research_simulation
20220201,000014,0.711,F10,LOW_VOLATILITY,research_simulation
20220201,000016,0.115,F10,LOW_VOLATILITY,research_simulation
20220201,000017,0.287,F10,LOW_VOLATILITY,research_simulation
20220201,000019,0.387,F10,LOW_VOLATILITY,research_simulation
20220201,000020,0.937,F10,LOW_VOLATILITY,research_simulation
20220201,000021,0.976,F10,LOW_VOLATILITY,research_simulation
20220201,000025,0.972,F10,LOW_VOLATILITY,research_simulation
20220201,000026,0.511,F10,LOW_VOLATILITY,research_simulation
20220201,000027,0.848,F10,LOW_VOLATILITY,research_simulation
20220201,000028,0.375,F10,LOW_VOLATILITY,research_simulation
20220201,000029,0.796,F10,LOW_VOLATILITY,research_simulation
20220201,000030,0.199,F10,LOW_VOLATILITY,research_simulation
20220201,000031,0.128,F10,LOW_VOLATILITY,research_simulation
20220201,000032,0.394,F10,LOW_VOLATILITY,research_simulation
20220201,000034,0.68,F10,LOW_VOLATILITY,research_simulation
20220201,000035,0.845,F10,LOW_VOLATILITY,research_simulation
20220201,000036,0.883,F10,LOW_VOLATILITY,research_simulation
20220201,000037,0.825,F10,LOW_VOLATILITY,research_simulation
20220201,000039,0.87,F10,LOW_VOLATILITY,research_simulation
20220201,000042,0.665,F10,LOW_VOLATILITY,research_simulation
20220201,000045,0.161,F10,LOW_VOLATILITY,research_simulation
20220201,000048,0.573,F10,LOW_VOLATILITY,research_simulation
20220201,000049,0.071,F10,LOW_VOLATILITY,research_simulation
20220201,000050,0.387,F10,LOW_VOLATILITY,research_simulation
20220201,000055,0.366,F10,LOW_VOLATILITY,research_simulation
20220201,000056,0.533,F10,LOW_VOLATILITY,research_simulation
20220201,000058,0.77,F10,LOW_VOLATILITY,research_simulation
20220201,000059,0.813,F10,LOW_VOLATILITY,research_simulation
20220201,000060,0.816,F10,LOW_VOLATILITY,research_simulation
20220201,000061,0.454,F10,LOW_VOLATILITY,research_simulation
20220201,000062,0.919,F10,LOW_VOLATILITY,research_simulation
20220201,000063,0.781,F10,LOW_VOLATILITY,research_simulation
20220201,000065,0.345,F10,LOW_VOLATILITY,research_simulation
20220201,000066,0.095,F10,LOW_VOLATILITY,research_simulation
20220201,000068,0.86,F10,LOW_VOLATILITY,research_simulation
20220201,000069,0.346,F10,LOW_VOLATILITY,research_simulation
20220201,000070,0.537,F10,LOW_VOLATILITY,research_simulation
20220201,000078,0.579,F10,LOW_VOLATILITY,research_simulation
20220201,000088,0.914,F10,LOW_VOLATILITY,research_simulation
20220201,000089,0.134,F10,LOW_VOLATILITY,research_simulation
20220201,000090,0.748,F10,LOW_VOLATILITY,research_simulation
20220201,000096,0.351,F10,LOW_VOLATILITY,research_simulation
20220201,000099,0.35,F10,LOW_VOLATILITY,research_simulation
20220201,000100,0.902,F10,LOW_VOLATILITY,research_simulation
20220201,000151,0.614,F10,LOW_VOLATILITY,research_simulation
20220201,000153,0.599,F10,LOW_VOLATILITY,research_simulation
20220201,000155,0.749,F10,LOW_VOLATILITY,research_simulation
20220201,000156,0.183,F10,LOW_VOLATILITY,research_simulation
20220201,000157,0.493,F10,LOW_VOLATILITY,research_simulation
20220201,000158,0.767,F10,LOW_VOLATILITY,research_simulation
20220201,000159,0.118,F10,LOW_VOLATILITY,research_simulation
20220201,000166,0.162,F10,LOW_VOLATILITY,research_simulation
20220201,000301,0.329,F10,LOW_VOLATILITY,research_simulation
20220201,000333,0.057,F10,LOW_VOLATILITY,research_simulation
20220201,000338,0.398,F10,LOW_VOLATILITY,research_simulation
20220201,000400,0.671,F10,LOW_VOLATILITY,research_simulation
20220201,000401,0.504,F10,LOW_VOLATILITY,research_simulation
20220201,000402,0.75,F10,LOW_VOLATILITY,research_simulation
20220201,000403,0.91,F10,LOW_VOLATILITY,research_simulation
20220201,000404,0.947,F10,LOW_VOLATILITY,research_simulation
20220201,000407,0.731,F10,LOW_VOLATILITY,research_simulation
20220201,000408,0.634,F10,LOW_VOLATILITY,research_simulation
20220201,000409,0.231,F10,LOW_VOLATILITY,research_simulation
20220201,000410,0.992,F10,LOW_VOLATILITY,research_simulation
20220201,000411,0.442,F10,LOW_VOLATILITY,research_simulation
20220201,000415,0.573,F10,LOW_VOLATILITY,research_simulation
20220201,000417,0.693,F10,LOW_VOLATILITY,research_simulation
20220201,000419,0.848,F10,LOW_VOLATILITY,research_simulation
20220201,000420,0.728,F10,LOW_VOLATILITY,research_simulation
20220201,000421,0.673,F10,LOW_VOLATILITY,research_simulation
20220201,000422,0.861,F10,LOW_VOLATILITY,research_simulation
20220201,000423,0.282,F10,LOW_VOLATILITY,research_simulation
20220201,000425,0.626,F10,LOW_VOLATILITY,research_simulation
20220201,000426,0.31,F10,LOW_VOLATILITY,research_simulation
20220201,000428,0.711,F10,LOW_VOLATILITY,research_simulation
20220201,000429,0.461,F10,LOW_VOLATILITY,research_simulation
20220201,000430,0.625,F10,LOW_VOLATILITY,research_simulation
20220201,000488,0.9,F10,LOW_VOLATILITY,research_simulation
20220201,000498,0.467,F10,LOW_VOLATILITY,research_simulation
20220201,000501,0.831,F10,LOW_VOLATILITY,research_simulation
20220201,000503,0.669,F10,LOW_VOLATILITY,research_simulation
20220201,000504,0.159,F10,LOW_VOLATILITY,research_simulation
20220201,000505,0.981,F10,LOW_VOLATILITY,research_simulation
20220201,000506,0.218,F10,LOW_VOLATILITY,research_simulation
20220201,000507,0.933,F10,LOW_VOLATILITY,research_simulation
20220201,000509,0.208,F10,LOW_VOLATILITY,research_simulation
20220201,000510,0.202,F10,LOW_VOLATILITY,research_simulation
20220201,000513,0.404,F10,LOW_VOLATILITY,research_simulation
20220201,000514,0.576,F10,LOW_VOLATILITY,research_simulation
20220201,000516,0.789,F10,LOW_VOLATILITY,research_simulation
20220301,000001,0.87,F10,LOW_VOLATILITY,research_simulation
20220301,000002,0.337,F10,LOW_VOLATILITY,research_simulation
20220301,000004,0.848,F10,LOW_VOLATILITY,research_simulation
20220301,000006,0.539,F10,LOW_VOLATILITY,research_simulation
20220301,000007,0.5,F10,LOW_VOLATILITY,research_simulation
20220301,000008,0.284,F10,LOW_VOLATILITY,research_simulation
20220301,000009,0.849,F10,LOW_VOLATILITY,research_simulation
20220301,000010,0.642,F10,LOW_VOLATILITY,research_simulation
20220301,000011,0.335,F10,LOW_VOLATILITY,research_simulation
20220301,000012,0.383,F10,LOW_VOLATILITY,research_simulation
20220301,000014,0.888,F10,LOW_VOLATILITY,research_simulation
20220301,000016,0.839,F10,LOW_VOLATILITY,research_simulation
20220301,000017,0.091,F10,LOW_VOLATILITY,research_simulation
20220301,000019,0.286,F10,LOW_VOLATILITY,research_simulation
20220301,000020,0.614,F10,LOW_VOLATILITY,research_simulation
20220301,000021,0.639,F10,LOW_VOLATILITY,research_simulation
20220301,000025,0.921,F10,LOW_VOLATILITY,research_simulation
20220301,000026,0.429,F10,LOW_VOLATILITY,research_simulation
20220301,000027,0.729,F10,LOW_VOLATILITY,research_simulation
20220301,000028,0.739,F10,LOW_VOLATILITY,research_simulation
20220301,000029,0.495,F10,LOW_VOLATILITY,research_simulation
20220301,000030,0.348,F10,LOW_VOLATILITY,research_simulation
20220301,000031,0.915,F10,LOW_VOLATILITY,research_simulation
20220301,000032,0.583,F10,LOW_VOLATILITY,research_simulation
20220301,000034,0.713,F10,LOW_VOLATILITY,research_simulation
20220301,000035,0.715,F10,LOW_VOLATILITY,research_simulation
20220301,000036,0.408,F10,LOW_VOLATILITY,research_simulation
20220301,000037,0.136,F10,LOW_VOLATILITY,research_simulation
20220301,000039,0.414,F10,LOW_VOLATILITY,research_simulation
20220301,000042,0.845,F10,LOW_VOLATILITY,research_simulation
20220301,000045,0.466,F10,LOW_VOLATILITY,research_simulation
20220301,000048,0.165,F10,LOW_VOLATILITY,research_simulation
20220301,000049,0.193,F10,LOW_VOLATILITY,research_simulation
20220301,000050,0.898,F10,LOW_VOLATILITY,research_simulation
20220301,000055,0.349,F10,LOW_VOLATILITY,research_simulation
20220301,000056,0.333,F10,LOW_VOLATILITY,research_simulation
20220301,000058,0.552,F10,LOW_VOLATILITY,research_simulation
20220301,000059,0.338,F10,LOW_VOLATILITY,research_simulation
20220301,000060,0.336,F10,LOW_VOLATILITY,research_simulation
20220301,000061,0.291,F10,LOW_VOLATILITY,research_simulation
20220301,000062,0.853,F10,LOW_VOLATILITY,research_simulation
20220301,000063,0.124,F10,LOW_VOLATILITY,research_simulation
20220301,000065,0.27,F10,LOW_VOLATILITY,research_simulation
20220301,000066,0.997,F10,LOW_VOLATILITY,research_simulation
20220301,000068,0.297,F10,LOW_VOLATILITY,research_simulation
20220301,000069,0.176,F10,LOW_VOLATILITY,research_simulation
20220301,000070,0.19,F10,LOW_VOLATILITY,research_simulation
20220301,000078,0.229,F10,LOW_VOLATILITY,research_simulation
20220301,000088,0.732,F10,LOW_VOLATILITY,research_simulation
20220301,000089,0.649,F10,LOW_VOLATILITY,research_simulation
20220301,000090,0.326,F10,LOW_VOLATILITY,research_simulation
20220301,000096,0.001,F10,LOW_VOLATILITY,research_simulation
20220301,000099,0.283,F10,LOW_VOLATILITY,research_simulation
20220301,000100,0.074,F10,LOW_VOLATILITY,research_simulation
20220301,000151,0.411,F10,LOW_VOLATILITY,research_simulation
20220301,000153,0.747,F10,LOW_VOLATILITY,research_simulation
20220301,000155,0.141,F10,LOW_VOLATILITY,research_simulation
20220301,000156,0.949,F10,LOW_VOLATILITY,research_simulation
20220301,000157,0.733,F10,LOW_VOLATILITY,research_simulation
20220301,000158,0.12,F10,LOW_VOLATILITY,research_simulation
20220301,000159,0.323,F10,LOW_VOLATILITY,research_simulation
20220301,000166,0.791,F10,LOW_VOLATILITY,research_simulation
20220301,000301,0.622,F10,LOW_VOLATILITY,research_simulation
20220301,000333,0.168,F10,LOW_VOLATILITY,research_simulation
20220301,000338,0.737,F10,LOW_VOLATILITY,research_simulation
20220301,000400,0.325,F10,LOW_VOLATILITY,research_simulation
20220301,000401,0.453,F10,LOW_VOLATILITY,research_simulation
20220301,000402,0.262,F10,LOW_VOLATILITY,research_simulation
20220301,000403,0.976,F10,LOW_VOLATILITY,research_simulation
20220301,000404,0.405,F10,LOW_VOLATILITY,research_simulation
20220301,000407,0.123,F10,LOW_VOLATILITY,research_simulation
20220301,000408,0.854,F10,LOW_VOLATILITY,research_simulation
20220301,000409,0.426,F10,LOW_VOLATILITY,research_simulation
20220301,000410,0.318,F10,LOW_VOLATILITY,research_simulation
20220301,000411,0.078,F10,LOW_VOLATILITY,research_simulation
20220301,000415,0.927,F10,LOW_VOLATILITY,research_simulation
20220301,000417,0.85,F10,LOW_VOLATILITY,research_simulation
20220301,000419,0.454,F10,LOW_VOLATILITY,research_simulation
20220301,000420,0.393,F10,LOW_VOLATILITY,research_simulation
20220301,000421,0.638,F10,LOW_VOLATILITY,research_simulation
20220301,000422,0.271,F10,LOW_VOLATILITY,research_simulation
20220301,000423,0.648,F10,LOW_VOLATILITY,research_simulation
20220301,000425,0.082,F10,LOW_VOLATILITY,research_simulation
20220301,000426,0.815,F10,LOW_VOLATILITY,research_simulation
20220301,000428,0.468,F10,LOW_VOLATILITY,research_simulation
20220301,000429,0.75,F10,LOW_VOLATILITY,research_simulation
20220301,000430,0.583,F10,LOW_VOLATILITY,research_simulation
20220301,000488,0.665,F10,LOW_VOLATILITY,research_simulation
20220301,000498,0.574,F10,LOW_VOLATILITY,research_simulation
20220301,000501,0.343,F10,LOW_VOLATILITY,research_simulation
20220301,000503,0.897,F10,LOW_VOLATILITY,research_simulation
20220301,000504,0.669,F10,LOW_VOLATILITY,research_simulation
20220301,000505,0.597,F10,LOW_VOLATILITY,research_simulation
20220301,000506,0.877,F10,LOW_VOLATILITY,research_simulation
20220301,000507,0.944,F10,LOW_VOLATILITY,research_simulation
20220301,000509,0.813,F10,LOW_VOLATILITY,research_simulation
20220301,000510,0.763,F10,LOW_VOLATILITY,research_simulation
20220301,000513,0.104,F10,LOW_VOLATILITY,research_simulation
20220301,000514,0.716,F10,LOW_VOLATILITY,research_simulation
20220301,000516,0.101,F10,LOW_VOLATILITY,research_simulation
20220401,000001,0.233,F10,LOW_VOLATILITY,research_simulation
20220401,000002,0.067,F10,LOW_VOLATILITY,research_simulation
20220401,000004,0.567,F10,LOW_VOLATILITY,research_simulation
20220401,000006,0.629,F10,LOW_VOLATILITY,research_simulation
20220401,000007,0.17,F10,LOW_VOLATILITY,research_simulation
20220401,000008,0.217,F10,LOW_VOLATILITY,research_simulation
20220401,000009,0.608,F10,LOW_VOLATILITY,research_simulation
20220401,000010,0.281,F10,LOW_VOLATILITY,research_simulation
20220401,000011,0.26,F10,LOW_VOLATILITY,research_simulation
20220401,000012,0.654,F10,LOW_VOLATILITY,research_simulation
20220401,000014,0.992,F10,LOW_VOLATILITY,research_simulation
20220401,000016,0.434,F10,LOW_VOLATILITY,research_simulation
20220401,000017,0.003,F10,LOW_VOLATILITY,research_simulation
20220401,000019,0.947,F10,LOW_VOLATILITY,research_simulation
20220401,000020,0.87,F10,LOW_VOLATILITY,research_simulation
20220401,000021,0.205,F10,LOW_VOLATILITY,research_simulation
20220401,000025,0.353,F10,LOW_VOLATILITY,research_simulation
20220401,000026,0.758,F10,LOW_VOLATILITY,research_simulation
20220401,000027,0.741,F10,LOW_VOLATILITY,research_simulation
20220401,000028,0.182,F10,LOW_VOLATILITY,research_simulation
20220401,000029,0.315,F10,LOW_VOLATILITY,research_simulation
20220401,000030,0.377,F10,LOW_VOLATILITY,research_simulation
20220401,000031,0.394,F10,LOW_VOLATILITY,research_simulation
20220401,000032,0.568,F10,LOW_VOLATILITY,research_simulation
20220401,000034,0.938,F10,LOW_VOLATILITY,research_simulation
20220401,000035,0.286,F10,LOW_VOLATILITY,research_simulation
20220401,000036,0.73,F10,LOW_VOLATILITY,research_simulation
20220401,000037,0.857,F10,LOW_VOLATILITY,research_simulation
20220401,000039,0.301,F10,LOW_VOLATILITY,research_simulation
20220401,000042,0.619,F10,LOW_VOLATILITY,research_simulation
20220401,000045,0.857,F10,LOW_VOLATILITY,research_simulation
20220401,000048,0.816,F10,LOW_VOLATILITY,research_simulation
20220401,000049,0.994,F10,LOW_VOLATILITY,research_simulation
20220401,000050,0.377,F10,LOW_VOLATILITY,research_simulation
20220401,000055,0.643,F10,LOW_VOLATILITY,research_simulation
20220401,000056,0.801,F10,LOW_VOLATILITY,research_simulation
20220401,000058,0.371,F10,LOW_VOLATILITY,research_simulation
20220401,000059,0.564,F10,LOW_VOLATILITY,research_simulation
20220401,000060,0.364,F10,LOW_VOLATILITY,research_simulation
20220401,000061,0.74,F10,LOW_VOLATILITY,research_simulation
20220401,000062,0.135,F10,LOW_VOLATILITY,research_simulation
20220401,000063,0.739,F10,LOW_VOLATILITY,research_simulation
20220401,000065,0.882,F10,LOW_VOLATILITY,research_simulation
20220401,000066,0.604,F10,LOW_VOLATILITY,research_simulation
20220401,000068,0.254,F10,LOW_VOLATILITY,research_simulation
20220401,000069,0.242,F10,LOW_VOLATILITY,research_simulation
20220401,000070,0.297,F10,LOW_VOLATILITY,research_simulation
20220401,000078,0.152,F10,LOW_VOLATILITY,research_simulation
20220401,000088,0.033,F10,LOW_VOLATILITY,research_simulation
20220401,000089,0.483,F10,LOW_VOLATILITY,research_simulation
20220401,000090,0.393,F10,LOW_VOLATILITY,research_simulation
20220401,000096,0.784,F10,LOW_VOLATILITY,research_simulation
20220401,000099,0.093,F10,LOW_VOLATILITY,research_simulation
20220401,000100,0.781,F10,LOW_VOLATILITY,research_simulation
20220401,000151,0.017,F10,LOW_VOLATILITY,research_simulation
20220401,000153,0.58,F10,LOW_VOLATILITY,research_simulation
20220401,000155,0.575,F10,LOW_VOLATILITY,research_simulation
20220401,000156,0.868,F10,LOW_VOLATILITY,research_simulation
20220401,000157,0.355,F10,LOW_VOLATILITY,research_simulation
20220401,000158,0.002,F10,LOW_VOLATILITY,research_simulation
20220401,000159,0.345,F10,LOW_VOLATILITY,research_simulation
20220401,000166,0.896,F10,LOW_VOLATILITY,research_simulation
20220401,000301,0.36,F10,LOW_VOLATILITY,research_simulation
20220401,000333,0.023,F10,LOW_VOLATILITY,research_simulation
20220401,000338,0.287,F10,LOW_VOLATILITY,research_simulation
20220401,000400,0.861,F10,LOW_VOLATILITY,research_simulation
20220401,000401,0.171,F10,LOW_VOLATILITY,research_simulation
20220401,000402,0.136,F10,LOW_VOLATILITY,research_simulation
20220401,000403,0.26,F10,LOW_VOLATILITY,research_simulation
20220401,000404,0.094,F10,LOW_VOLATILITY,research_simulation
20220401,000407,0.511,F10,LOW_VOLATILITY,research_simulation
20220401,000408,0.33,F10,LOW_VOLATILITY,research_simulation
20220401,000409,0.385,F10,LOW_VOLATILITY,research_simulation
20220401,000410,0.979,F10,LOW_VOLATILITY,research_simulation
20220401,000411,0.759,F10,LOW_VOLATILITY,research_simulation
20220401,000415,0.853,F10,LOW_VOLATILITY,research_simulation
20220401,000417,0.197,F10,LOW_VOLATILITY,research_simulation
20220401,000419,0.315,F10,LOW_VOLATILITY,research_simulation
20220401,000420,0.117,F10,LOW_VOLATILITY,research_simulation
20220401,000421,0.334,F10,LOW_VOLATILITY,research_simulation
20220401,000422,0.365,F10,LOW_VOLATILITY,research_simulation
20220401,000423,0.541,F10,LOW_VOLATILITY,research_simulation
20220401,000425,0.594,F10,LOW_VOLATILITY,research_simulation
20220401,000426,0.282,F10,LOW_VOLATILITY,research_simulation
20220401,000428,0.771,F10,LOW_VOLATILITY,research_simulation
20220401,000429,0.461,F10,LOW_VOLATILITY,research_simulation
20220401,000430,0.404,F10,LOW_VOLATILITY,research_simulation
20220401,000488,0.776,F10,LOW_VOLATILITY,research_simulation
20220401,000498,0.815,F10,LOW_VOLATILITY,research_simulation
20220401,000501,0.01,F10,LOW_VOLATILITY,research_simulation
20220401,000503,0.309,F10,LOW_VOLATILITY,research_simulation
20220401,000504,0.569,F10,LOW_VOLATILITY,research_simulation
20220401,000505,0.196,F10,LOW_VOLATILITY,research_simulation
20220401,000506,0.379,F10,LOW_VOLATILITY,research_simulation
20220401,000507,0.113,F10,LOW_VOLATILITY,research_simulation
20220401,000509,0.36,F10,LOW_VOLATILITY,research_simulation
20220401,000510,0.098,F10,LOW_VOLATILITY,research_simulation
20220401,000513,0.863,F10,LOW_VOLATILITY,research_simulation
20220401,000514,0.372,F10,LOW_VOLATILITY,research_simulation
20220401,000516,0.698,F10,LOW_VOLATILITY,research_simulation
20220601,000001,0.766,F10,LOW_VOLATILITY,research_simulation
20220601,000002,0.992,F10,LOW_VOLATILITY,research_simulation
20220601,000004,0.618,F10,LOW_VOLATILITY,research_simulation
20220601,000006,0.053,F10,LOW_VOLATILITY,research_simulation
20220601,000007,0.663,F10,LOW_VOLATILITY,research_simulation
20220601,000008,0.969,F10,LOW_VOLATILITY,research_simulation
20220601,000009,0.439,F10,LOW_VOLATILITY,research_simulation
20220601,000010,0.603,F10,LOW_VOLATILITY,research_simulation
20220601,000011,0.64,F10,LOW_VOLATILITY,research_simulation
20220601,000012,0.526,F10,LOW_VOLATILITY,research_simulation
20220601,000014,0.578,F10,LOW_VOLATILITY,research_simulation
20220601,000016,0.434,F10,LOW_VOLATILITY,research_simulation
20220601,000017,0.102,F10,LOW_VOLATILITY,research_simulation
20220601,000019,0.385,F10,LOW_VOLATILITY,research_simulation
20220601,000020,0.791,F10,LOW_VOLATILITY,research_simulation
20220601,000021,0.758,F10,LOW_VOLATILITY,research_simulation
20220601,000025,0.309,F10,LOW_VOLATILITY,research_simulation
20220601,000026,0.752,F10,LOW_VOLATILITY,research_simulation
20220601,000027,0.292,F10,LOW_VOLATILITY,research_simulation
20220601,000028,0.065,F10,LOW_VOLATILITY,research_simulation
20220601,000029,0.574,F10,LOW_VOLATILITY,research_simulation
20220601,000030,0.472,F10,LOW_VOLATILITY,research_simulation
20220601,000031,0.224,F10,LOW_VOLATILITY,research_simulation
20220601,000032,0.843,F10,LOW_VOLATILITY,research_simulation
20220601,000034,0.472,F10,LOW_VOLATILITY,research_simulation
20220601,000035,0.147,F10,LOW_VOLATILITY,research_simulation
20220601,000036,0.577,F10,LOW_VOLATILITY,research_simulation
20220601,000037,0.502,F10,LOW_VOLATILITY,research_simulation
20220601,000039,0.992,F10,LOW_VOLATILITY,research_simulation
20220601,000042,0.794,F10,LOW_VOLATILITY,research_simulation
20220601,000045,0.953,F10,LOW_VOLATILITY,research_simulation
20220601,000048,0.007,F10,LOW_VOLATILITY,research_simulation
20220601,000049,0.879,F10,LOW_VOLATILITY,research_simulation
20220601,000050,0.812,F10,LOW_VOLATILITY,research_simulation
20220601,000055,0.466,F10,LOW_VOLATILITY,research_simulation
20220601,000056,0.238,F10,LOW_VOLATILITY,research_simulation
20220601,000058,0.662,F10,LOW_VOLATILITY,research_simulation
20220601,000059,0.657,F10,LOW_VOLATILITY,research_simulation
20220601,000060,0.272,F10,LOW_VOLATILITY,research_simulation
20220601,000061,0.671,F10,LOW_VOLATILITY,research_simulation
20220601,000062,0.958,F10,LOW_VOLATILITY,research_simulation
20220601,000063,0.166,F10,LOW_VOLATILITY,research_simulation
20220601,000065,0.867,F10,LOW_VOLATILITY,research_simulation
20220601,000066,0.978,F10,LOW_VOLATILITY,research_simulation
20220601,000068,0.361,F10,LOW_VOLATILITY,research_simulation
20220601,000069,0.38,F10,LOW_VOLATILITY,research_simulation
20220601,000070,0.663,F10,LOW_VOLATILITY,research_simulation
20220601,000078,0.259,F10,LOW_VOLATILITY,research_simulation
20220601,000088,0.705,F10,LOW_VOLATILITY,research_simulation
20220601,000089,0.434,F10,LOW_VOLATILITY,research_simulation
20220601,000090,0.873,F10,LOW_VOLATILITY,research_simulation
20220601,000096,0.735,F10,LOW_VOLATILITY,research_simulation
20220601,000099,0.538,F10,LOW_VOLATILITY,research_simulation
20220601,000100,0.632,F10,LOW_VOLATILITY,research_simulation
20220601,000151,0.25,F10,LOW_VOLATILITY,research_simulation
20220601,000153,0.242,F10,LOW_VOLATILITY,research_simulation
20220601,000155,0.429,F10,LOW_VOLATILITY,research_simulation
20220601,000156,0.116,F10,LOW_VOLATILITY,research_simulation
20220601,000157,0.81,F10,LOW_VOLATILITY,research_simulation
20220601,000158,0.643,F10,LOW_VOLATILITY,research_simulation
20220601,000159,0.915,F10,LOW_VOLATILITY,research_simulation
20220601,000166,0.785,F10,LOW_VOLATILITY,research_simulation
20220601,000301,0.013,F10,LOW_VOLATILITY,research_simulation
20220601,000333,0.574,F10,LOW_VOLATILITY,research_simulation
20220601,000338,0.133,F10,LOW_VOLATILITY,research_simulation
20220601,000400,0.674,F10,LOW_VOLATILITY,research_simulation
20220601,000401,0.918,F10,LOW_VOLATILITY,research_simulation
20220601,000402,0.155,F10,LOW_VOLATILITY,research_simulation
20220601,000403,0.181,F10,LOW_VOLATILITY,research_simulation
20220601,000404,0.215,F10,LOW_VOLATILITY,research_simulation
20220601,000407,0.022,F10,LOW_VOLATILITY,research_simulation
20220601,000408,0.392,F10,LOW_VOLATILITY,research_simulation
20220601,000409,0.783,F10,LOW_VOLATILITY,research_simulation
20220601,000410,0.887,F10,LOW_VOLATILITY,research_simulation
20220601,000411,0.479,F10,LOW_VOLATILITY,research_simulation
20220601,000415,0.079,F10,LOW_VOLATILITY,research_simulation
20220601,000417,0.98,F10,LOW_VOLATILITY,research_simulation
20220601,000419,0.37,F10,LOW_VOLATILITY,research_simulation
20220601,000420,0.754,F10,LOW_VOLATILITY,research_simulation
20220601,000421,0.906,F10,LOW_VOLATILITY,research_simulation
20220601,000422,0.845,F10,LOW_VOLATILITY,research_simulation
20220601,000423,0.414,F10,LOW_VOLATILITY,research_simulation
20220601,000425,0.947,F10,LOW_VOLATILITY,research_simulation
20220601,000426,0.889,F10,LOW_VOLATILITY,research_simulation
20220601,000428,0.322,F10,LOW_VOLATILITY,research_simulation
20220601,000429,0.524,F10,LOW_VOLATILITY,research_simulation
20220601,000430,0.065,F10,LOW_VOLATILITY,research_simulation
20220601,000488,0.912,F10,LOW_VOLATILITY,research_simulation
20220601,000498,0.089,F10,LOW_VOLATILITY,research_simulation
20220601,000501,0.031,F10,LOW_VOLATILITY,research_simulation
20220601,000503,0.814,F10,LOW_VOLATILITY,research_simulation
20220601,000504,0.699,F10,LOW_VOLATILITY,research_simulation
20220601,000505,0.299,F10,LOW_VOLATILITY,research_simulation
20220601,000506,0.464,F10,LOW_VOLATILITY,research_simulation
20220601,000507,0.227,F10,LOW_VOLATILITY,research_simulation
20220601,000509,0.671,F10,LOW_VOLATILITY,research_simulation
20220601,000510,0.566,F10,LOW_VOLATILITY,research_simulation
20220601,000513,0.172,F10,LOW_VOLATILITY,research_simulation
20220601,000514,0.576,F10,LOW_VOLATILITY,research_simulation
20220601,000516,0.611,F10,LOW_VOLATILITY,research_simulation
20220801,000001,0.678,F10,LOW_VOLATILITY,research_simulation
20220801,000002,0.793,F10,LOW_VOLATILITY,research_simulation
20220801,000004,0.076,F10,LOW_VOLATILITY,research_simulation
20220801,000006,0.234,F10,LOW_VOLATILITY,research_simulation
20220801,000007,0.698,F10,LOW_VOLATILITY,research_simulation
20220801,000008,0.018,F10,LOW_VOLATILITY,research_simulation
20220801,000009,0.0,F10,LOW_VOLATILITY,research_simulation
20220801,000010,0.879,F10,LOW_VOLATILITY,research_simulation
20220801,000011,0.111,F10,LOW_VOLATILITY,research_simulation
20220801,000012,0.755,F10,LOW_VOLATILITY,research_simulation
20220801,000014,0.269,F10,LOW_VOLATILITY,research_simulation
20220801,000016,0.95,F10,LOW_VOLATILITY,research_simulation
20220801,000017,0.806,F10,LOW_VOLATILITY,research_simulation
20220801,000019,0.905,F10,LOW_VOLATILITY,research_simulation
20220801,000020,0.167,F10,LOW_VOLATILITY,research_simulation
20220801,000021,0.651,F10,LOW_VOLATILITY,research_simulation
20220801,000025,0.36,F10,LOW_VOLATILITY,research_simulation
20220801,000026,0.681,F10,LOW_VOLATILITY,research_simulation
20220801,000027,0.455,F10,LOW_VOLATILITY,research_simulation
20220801,000028,0.298,F10,LOW_VOLATILITY,research_simulation
20220801,000029,0.364,F10,LOW_VOLATILITY,research_simulation
20220801,000030,0.467,F10,LOW_VOLATILITY,research_simulation
20220801,000031,0.124,F10,LOW_VOLATILITY,research_simulation
20220801,000032,0.851,F10,LOW_VOLATILITY,research_simulation
20220801,000034,0.182,F10,LOW_VOLATILITY,research_simulation
20220801,000035,0.815,F10,LOW_VOLATILITY,research_simulation
20220801,000036,0.729,F10,LOW_VOLATILITY,research_simulation
20220801,000037,0.374,F10,LOW_VOLATILITY,research_simulation
20220801,000039,0.966,F10,LOW_VOLATILITY,research_simulation
20220801,000042,0.993,F10,LOW_VOLATILITY,research_simulation
20220801,000045,0.224,F10,LOW_VOLATILITY,research_simulation
20220801,000048,0.538,F10,LOW_VOLATILITY,research_simulation
20220801,000049,0.132,F10,LOW_VOLATILITY,research_simulation
20220801,000050,0.3,F10,LOW_VOLATILITY,research_simulation
20220801,000055,0.878,F10,LOW_VOLATILITY,research_simulation
20220801,000056,0.093,F10,LOW_VOLATILITY,research_simulation
20220801,000058,0.527,F10,LOW_VOLATILITY,research_simulation
20220801,000059,0.548,F10,LOW_VOLATILITY,research_simulation
20220801,000060,0.736,F10,LOW_VOLATILITY,research_simulation
20220801,000061,0.388,F10,LOW_VOLATILITY,research_simulation
20220801,000062,0.529,F10,LOW_VOLATILITY,research_simulation
20220801,000063,0.002,F10,LOW_VOLATILITY,research_simulation
20220801,000065,0.623,F10,LOW_VOLATILITY,research_simulation
20220801,000066,0.048,F10,LOW_VOLATILITY,research_simulation
20220801,000068,0.4,F10,LOW_VOLATILITY,research_simulation
20220801,000069,0.45,F10,LOW_VOLATILITY,research_simulation
20220801,000070,0.698,F10,LOW_VOLATILITY,research_simulation
20220801,000078,0.875,F10,LOW_VOLATILITY,research_simulation
20220801,000088,0.338,F10,LOW_VOLATILITY,research_simulation
20220801,000089,0.722,F10,LOW_VOLATILITY,research_simulation
20220801,000090,0.228,F10,LOW_VOLATILITY,research_simulation
20220801,000096,0.389,F10,LOW_VOLATILITY,research_simulation
20220801,000099,0.966,F10,LOW_VOLATILITY,research_simulation
20220801,000100,0.551,F10,LOW_VOLATILITY,research_simulation
20220801,000151,0.009,F10,LOW_VOLATILITY,research_simulation
20220801,000153,0.208,F10,LOW_VOLATILITY,research_simulation
20220801,000155,0.303,F10,LOW_VOLATILITY,research_simulation
20220801,000156,0.213,F10,LOW_VOLATILITY,research_simulation
20220801,000157,0.605,F10,LOW_VOLATILITY,research_simulation
20220801,000158,0.904,F10,LOW_VOLATILITY,research_simulation
20220801,000159,0.209,F10,LOW_VOLATILITY,research_simulation
20220801,000166,0.634,F10,LOW_VOLATILITY,research_simulation
20220801,000301,0.342,F10,LOW_VOLATILITY,research_simulation
20220801,000333,0.695,F10,LOW_VOLATILITY,research_simulation
20220801,000338,0.075,F10,LOW_VOLATILITY,research_simulation
20220801,000400,0.137,F10,LOW_VOLATILITY,research_simulation
20220801,000401,0.711,F10,LOW_VOLATILITY,research_simulation
20220801,000402,0.759,F10,LOW_VOLATILITY,research_simulation
20220801,000403,0.782,F10,LOW_VOLATILITY,research_simulation
20220801,000404,0.195,F10,LOW_VOLATILITY,research_simulation
20220801,000407,0.575,F10,LOW_VOLATILITY,research_simulation
20220801,000408,0.939,F10,LOW_VOLATILITY,research_simulation
20220801,000409,0.24,F10,LOW_VOLATILITY,research_simulation
20220801,000410,0.999,F10,LOW_VOLATILITY,research_simulation
20220801,000411,0.838,F10,LOW_VOLATILITY,research_simulation
20220801,000415,0.506,F10,LOW_VOLATILITY,research_simulation
20220801,000417,0.809,F10,LOW_VOLATILITY,research_simulation
20220801,000419,0.057,F10,LOW_VOLATILITY,research_simulation
20220801,000420,0.085,F10,LOW_VOLATILITY,research_simulation
20220801,000421,0.603,F10,LOW_VOLATILITY,research_simulation
20220801,000422,0.878,F10,LOW_VOLATILITY,research_simulation
20220801,000423,0.275,F10,LOW_VOLATILITY,research_simulation
20220801,000425,0.557,F10,LOW_VOLATILITY,research_simulation
20220801,000426,0.178,F10,LOW_VOLATILITY,research_simulation
20220801,000428,0.757,F10,LOW_VOLATILITY,research_simulation
20220801,000429,0.33,F10,LOW_VOLATILITY,research_simulation
20220801,000430,0.743,F10,LOW_VOLATILITY,research_simulation
20220801,000488,0.197,F10,LOW_VOLATILITY,research_simulation
20220801,000498,0.161,F10,LOW_VOLATILITY,research_simulation
20220801,000501,0.55,F10,LOW_VOLATILITY,research_simulation
20220801,000503,0.523,F10,LOW_VOLATILITY,research_simulation
20220801,000504,0.225,F10,LOW_VOLATILITY,research_simulation
20220801,000505,0.982,F10,LOW_VOLATILITY,research_simulation
20220801,000506,0.692,F10,LOW_VOLATILITY,research_simulation
20220801,000507,0.558,F10,LOW_VOLATILITY,research_simulation
20220801,000509,0.515,F10,LOW_VOLATILITY,research_simulation
20220801,000510,0.87,F10,LOW_VOLATILITY,research_simulation
20220801,000513,0.238,F10,LOW_VOLATILITY,research_simulation
20220801,000514,0.929,F10,LOW_VOLATILITY,research_simulation
20220801,000516,0.406,F10,LOW_VOLATILITY,research_simulation
20220901,000001,0.403,F10,LOW_VOLATILITY,research_simulation
20220901,000002,0.499,F10,LOW_VOLATILITY,research_simulation
20220901,000004,0.301,F10,LOW_VOLATILITY,research_simulation
20220901,000006,0.231,F10,LOW_VOLATILITY,research_simulation
20220901,000007,0.825,F10,LOW_VOLATILITY,research_simulation
20220901,000008,0.651,F10,LOW_VOLATILITY,research_simulation
20220901,000009,0.101,F10,LOW_VOLATILITY,research_simulation
20220901,000010,0.937,F10,LOW_VOLATILITY,research_simulation
20220901,000011,0.851,F10,LOW_VOLATILITY,research_simulation
20220901,000012,0.489,F10,LOW_VOLATILITY,research_simulation
20220901,000014,0.144,F10,LOW_VOLATILITY,research_simulation
20220901,000016,0.891,F10,LOW_VOLATILITY,research_simulation
20220901,000017,0.902,F10,LOW_VOLATILITY,research_simulation
20220901,000019,0.671,F10,LOW_VOLATILITY,research_simulation
20220901,000020,0.137,F10,LOW_VOLATILITY,research_simulation
20220901,000021,0.404,F10,LOW_VOLATILITY,research_simulation
20220901,000025,0.854,F10,LOW_VOLATILITY,research_simulation
20220901,000026,0.385,F10,LOW_VOLATILITY,research_simulation
20220901,000027,0.183,F10,LOW_VOLATILITY,research_simulation
20220901,000028,0.292,F10,LOW_VOLATILITY,research_simulation
20220901,000029,0.102,F10,LOW_VOLATILITY,research_simulation
20220901,000030,0.138,F10,LOW_VOLATILITY,research_simulation
20220901,000031,0.223,F10,LOW_VOLATILITY,research_simulation
20220901,000032,0.654,F10,LOW_VOLATILITY,research_simulation
20220901,000034,0.449,F10,LOW_VOLATILITY,research_simulation
20220901,000035,0.543,F10,LOW_VOLATILITY,research_simulation
20220901,000036,0.442,F10,LOW_VOLATILITY,research_simulation
20220901,000037,0.896,F10,LOW_VOLATILITY,research_simulation
20220901,000039,0.665,F10,LOW_VOLATILITY,research_simulation
20220901,000042,0.483,F10,LOW_VOLATILITY,research_simulation
20220901,000045,0.646,F10,LOW_VOLATILITY,research_simulation
20220901,000048,0.378,F10,LOW_VOLATILITY,research_simulation
20220901,000049,0.844,F10,LOW_VOLATILITY,research_simulation
20220901,000050,0.813,F10,LOW_VOLATILITY,research_simulation
20220901,000055,0.478,F10,LOW_VOLATILITY,research_simulation
20220901,000056,0.676,F10,LOW_VOLATILITY,research_simulation
20220901,000058,0.011,F10,LOW_VOLATILITY,research_simulation
20220901,000059,0.981,F10,LOW_VOLATILITY,research_simulation
20220901,000060,0.562,F10,LOW_VOLATILITY,research_simulation
20220901,000061,0.577,F10,LOW_VOLATILITY,research_simulation
20220901,000062,0.344,F10,LOW_VOLATILITY,research_simulation
20220901,000063,0.775,F10,LOW_VOLATILITY,research_simulation
20220901,000065,0.332,F10,LOW_VOLATILITY,research_simulation
20220901,000066,0.224,F10,LOW_VOLATILITY,research_simulation
20220901,000068,0.846,F10,LOW_VOLATILITY,research_simulation
20220901,000069,0.729,F10,LOW_VOLATILITY,research_simulation
20220901,000070,0.565,F10,LOW_VOLATILITY,research_simulation
20220901,000078,0.471,F10,LOW_VOLATILITY,research_simulation
20220901,000088,0.469,F10,LOW_VOLATILITY,research_simulation
20220901,000089,0.445,F10,LOW_VOLATILITY,research_simulation
20220901,000090,0.437,F10,LOW_VOLATILITY,research_simulation
20220901,000096,0.852,F10,LOW_VOLATILITY,research_simulation
20220901,000099,0.68,F10,LOW_VOLATILITY,research_simulation
20220901,000100,0.975,F10,LOW_VOLATILITY,research_simulation
20220901,000151,0.699,F10,LOW_VOLATILITY,research_simulation
20220901,000153,0.378,F10,LOW_VOLATILITY,research_simulation
20220901,000155,0.774,F10,LOW_VOLATILITY,research_simulation
20220901,000156,0.629,F10,LOW_VOLATILITY,research_simulation
20220901,000157,0.12,F10,LOW_VOLATILITY,research_simulation
20220901,000158,0.188,F10,LOW_VOLATILITY,research_simulation
20220901,000159,0.102,F10,LOW_VOLATILITY,research_simulation
20220901,000166,0.122,F10,LOW_VOLATILITY,research_simulation
20220901,000301,0.493,F10,LOW_VOLATILITY,research_simulation
20220901,000333,0.872,F10,LOW_VOLATILITY,research_simulation
20220901,000338,0.592,F10,LOW_VOLATILITY,research_simulation
20220901,000400,0.042,F10,LOW_VOLATILITY,research_simulation
20220901,000401,0.657,F10,LOW_VOLATILITY,research_simulation
20220901,000402,0.516,F10,LOW_VOLATILITY,research_simulation
20220901,000403,0.345,F10,LOW_VOLATILITY,research_simulation
20220901,000404,0.853,F10,LOW_VOLATILITY,research_simulation
20220901,000407,0.613,F10,LOW_VOLATILITY,research_simulation
20220901,000408,0.091,F10,LOW_VOLATILITY,research_simulation
20220901,000409,0.876,F10,LOW_VOLATILITY,research_simulation
20220901,000410,0.791,F10,LOW_VOLATILITY,research_simulation
20220901,000411,0.445,F10,LOW_VOLATILITY,research_simulation
20220901,000415,0.957,F10,LOW_VOLATILITY,research_simulation
20220901,000417,0.905,F10,LOW_VOLATILITY,research_simulation
20220901,000419,0.731,F10,LOW_VOLATILITY,research_simulation
20220901,000420,0.245,F10,LOW_VOLATILITY,research_simulation
20220901,000421,0.03,F10,LOW_VOLATILITY,research_simulation
20220901,000422,0.513,F10,LOW_VOLATILITY,research_simulation
20220901,000423,0.842,F10,LOW_VOLATILITY,research_simulation
20220901,000425,0.915,F10,LOW_VOLATILITY,research_simulation
20220901,000426,0.124,F10,LOW_VOLATILITY,research_simulation
20220901,000428,0.738,F10,LOW_VOLATILITY,research_simulation
20220901,000429,0.035,F10,LOW_VOLATILITY,research_simulation
20220901,000430,0.386,F10,LOW_VOLATILITY,research_simulation
20220901,000488,0.196,F10,LOW_VOLATILITY,research_simulation
20220901,000498,0.653,F10,LOW_VOLATILITY,research_simulation
20220901,000501,0.173,F10,LOW_VOLATILITY,research_simulation
20220901,000503,0.75,F10,LOW_VOLATILITY,research_simulation
20220901,000504,0.668,F10,LOW_VOLATILITY,research_simulation
20220901,000505,0.867,F10,LOW_VOLATILITY,research_simulation
20220901,000506,0.634,F10,LOW_VOLATILITY,research_simulation
20220901,000507,0.318,F10,LOW_VOLATILITY,research_simulation
20220901,000509,0.17,F10,LOW_VOLATILITY,research_simulation
20220901,000510,0.407,F10,LOW_VOLATILITY,research_simulation
20220901,000513,0.279,F10,LOW_VOLATILITY,research_simulation
20220901,000514,0.164,F10,LOW_VOLATILITY,research_simulation
20220901,000516,0.552,F10,LOW_VOLATILITY,research_simulation
20230201,000001,0.916,F10,LOW_VOLATILITY,research_simulation
20230201,000002,0.547,F10,LOW_VOLATILITY,research_simulation
20230201,000004,0.754,F10,LOW_VOLATILITY,research_simulation
20230201,000006,0.369,F10,LOW_VOLATILITY,research_simulation
20230201,000007,0.922,F10,LOW_VOLATILITY,research_simulation
20230201,000008,0.406,F10,LOW_VOLATILITY,research_simulation
20230201,000009,0.737,F10,LOW_VOLATILITY,research_simulation
20230201,000010,0.544,F10,LOW_VOLATILITY,research_simulation
20230201,000011,0.886,F10,LOW_VOLATILITY,research_simulation
20230201,000012,0.414,F10,LOW_VOLATILITY,research_simulation
20230201,000014,0.752,F10,LOW_VOLATILITY,research_simulation
20230201,000016,0.785,F10,LOW_VOLATILITY,research_simulation
20230201,000017,0.484,F10,LOW_VOLATILITY,research_simulation
20230201,000019,0.329,F10,LOW_VOLATILITY,research_simulation
20230201,000020,0.769,F10,LOW_VOLATILITY,research_simulation
20230201,000021,0.869,F10,LOW_VOLATILITY,research_simulation
20230201,000025,0.412,F10,LOW_VOLATILITY,research_simulation
20230201,000026,0.278,F10,LOW_VOLATILITY,research_simulation
20230201,000027,0.017,F10,LOW_VOLATILITY,research_simulation
20230201,000028,0.528,F10,LOW_VOLATILITY,research_simulation
20230201,000029,0.062,F10,LOW_VOLATILITY,research_simulation
20230201,000030,0.808,F10,LOW_VOLATILITY,research_simulation
20230201,000031,0.682,F10,LOW_VOLATILITY,research_simulation
20230201,000032,0.885,F10,LOW_VOLATILITY,research_simulation
20230201,000034,0.599,F10,LOW_VOLATILITY,research_simulation
20230201,000035,0.112,F10,LOW_VOLATILITY,research_simulation
20230201,000036,0.746,F10,LOW_VOLATILITY,research_simulation
20230201,000037,0.732,F10,LOW_VOLATILITY,research_simulation
20230201,000039,0.674,F10,LOW_VOLATILITY,research_simulation
20230201,000042,0.982,F10,LOW_VOLATILITY,research_simulation
20230201,000045,0.019,F10,LOW_VOLATILITY,research_simulation
20230201,000048,0.075,F10,LOW_VOLATILITY,research_simulation
20230201,000049,0.463,F10,LOW_VOLATILITY,research_simulation
20230201,000050,0.062,F10,LOW_VOLATILITY,research_simulation
20230201,000055,0.279,F10,LOW_VOLATILITY,research_simulation
20230201,000056,0.433,F10,LOW_VOLATILITY,research_simulation
20230201,000058,0.461,F10,LOW_VOLATILITY,research_simulation
20230201,000059,0.812,F10,LOW_VOLATILITY,research_simulation
20230201,000060,0.89,F10,LOW_VOLATILITY,research_simulation
20230201,000061,0.443,F10,LOW_VOLATILITY,research_simulation
20230201,000062,0.252,F10,LOW_VOLATILITY,research_simulation
20230201,000063,0.726,F10,LOW_VOLATILITY,research_simulation
20230201,000065,0.91,F10,LOW_VOLATILITY,research_simulation
20230201,000066,0.429,F10,LOW_VOLATILITY,research_simulation
20230201,000068,0.016,F10,LOW_VOLATILITY,research_simulation
20230201,000069,0.348,F10,LOW_VOLATILITY,research_simulation
20230201,000070,0.618,F10,LOW_VOLATILITY,research_simulation
20230201,000078,0.541,F10,LOW_VOLATILITY,research_simulation
20230201,000088,0.306,F10,LOW_VOLATILITY,research_simulation
20230201,000089,0.534,F10,LOW_VOLATILITY,research_simulation
20230201,000090,0.381,F10,LOW_VOLATILITY,research_simulation
20230201,000096,0.532,F10,LOW_VOLATILITY,research_simulation
20230201,000099,0.086,F10,LOW_VOLATILITY,research_simulation
20230201,000100,0.294,F10,LOW_VOLATILITY,research_simulation
20230201,000151,0.612,F10,LOW_VOLATILITY,research_simulation
20230201,000153,0.007,F10,LOW_VOLATILITY,research_simulation
20230201,000155,0.088,F10,LOW_VOLATILITY,research_simulation
20230201,000156,0.958,F10,LOW_VOLATILITY,research_simulation
20230201,000157,0.101,F10,LOW_VOLATILITY,research_simulation
20230201,000158,0.119,F10,LOW_VOLATILITY,research_simulation
20230201,000159,0.693,F10,LOW_VOLATILITY,research_simulation
20230201,000166,0.935,F10,LOW_VOLATILITY,research_simulation
20230201,000301,0.876,F10,LOW_VOLATILITY,research_simulation
20230201,000333,0.755,F10,LOW_VOLATILITY,research_simulation
20230201,000338,0.079,F10,LOW_VOLATILITY,research_simulation
20230201,000400,0.505,F10,LOW_VOLATILITY,research_simulation
20230201,000401,0.062,F10,LOW_VOLATILITY,research_simulation
20230201,000402,0.379,F10,LOW_VOLATILITY,research_simulation
20230201,000403,0.568,F10,LOW_VOLATILITY,research_simulation
20230201,000404,0.449,F10,LOW_VOLATILITY,research_simulation
20230201,000407,0.663,F10,LOW_VOLATILITY,research_simulation
20230201,000408,0.461,F10,LOW_VOLATILITY,research_simulation
20230201,000409,0.731,F10,LOW_VOLATILITY,research_simulation
20230201,000410,0.906,F10,LOW_VOLATILITY,research_simulation
20230201,000411,0.73,F10,LOW_VOLATILITY,research_simulation
20230201,000415,0.082,F10,LOW_VOLATILITY,research_simulation
20230201,000417,0.596,F10,LOW_VOLATILITY,research_simulation
20230201,000419,0.543,F10,LOW_VOLATILITY,research_simulation
20230201,000420,0.368,F10,LOW_VOLATILITY,research_simulation
20230201,000421,0.065,F10,LOW_VOLATILITY,research_simulation
20230201,000422,0.361,F10,LOW_VOLATILITY,research_simulation
20230201,000423,0.289,F10,LOW_VOLATILITY,research_simulation
20230201,000425,0.302,F10,LOW_VOLATILITY,research_simulation
20230201,000426,0.308,F10,LOW_VOLATILITY,research_simulation
20230201,000428,0.493,F10,LOW_VOLATILITY,research_simulation
20230201,000429,0.031,F10,LOW_VOLATILITY,research_simulation
20230201,000430,0.949,F10,LOW_VOLATILITY,research_simulation
20230201,000488,0.665,F10,LOW_VOLATILITY,research_simulation
20230201,000498,0.342,F10,LOW_VOLATILITY,research_simulation
20230201,000501,0.27,F10,LOW_VOLATILITY,research_simulation
20230201,000503,0.779,F10,LOW_VOLATILITY,research_simulation
20230201,000504,0.531,F10,LOW_VOLATILITY,research_simulation
20230201,000505,0.504,F10,LOW_VOLATILITY,research_simulation
20230201,000506,0.68,F10,LOW_VOLATILITY,research_simulation
20230201,000507,0.076,F10,LOW_VOLATILITY,research_simulation
20230201,000509,0.511,F10,LOW_VOLATILITY,research_simulation
20230201,000510,0.511,F10,LOW_VOLATILITY,research_simulation
20230201,000513,0.221,F10,LOW_VOLATILITY,research_simulation
20230201,000514,0.87,F10,LOW_VOLATILITY,research_simulation
20230201,000516,0.972,F10,LOW_VOLATILITY,research_simulation
20230501,000001,0.812,F10,LOW_VOLATILITY,research_simulation
20230501,000002,0.833,F10,LOW_VOLATILITY,research_simulation
20230501,000004,0.142,F10,LOW_VOLATILITY,research_simulation
20230501,000006,0.277,F10,LOW_VOLATILITY,research_simulation
20230501,000007,0.631,F10,LOW_VOLATILITY,research_simulation
20230501,000008,0.586,F10,LOW_VOLATILITY,research_simulation
20230501,000009,0.982,F10,LOW_VOLATILITY,research_simulation
20230501,000010,0.93,F10,LOW_VOLATILITY,research_simulation
20230501,000011,0.8,F10,LOW_VOLATILITY,research_simulation
20230501,000012,0.509,F10,LOW_VOLATILITY,research_simulation
20230501,000014,0.328,F10,LOW_VOLATILITY,research_simulation
20230501,000016,0.44,F10,LOW_VOLATILITY,research_simulation
20230501,000017,0.837,F10,LOW_VOLATILITY,research_simulation
20230501,000019,0.872,F10,LOW_VOLATILITY,research_simulation
20230501,000020,0.54,F10,LOW_VOLATILITY,research_simulation
20230501,000021,0.053,F10,LOW_VOLATILITY,research_simulation
20230501,000025,0.918,F10,LOW_VOLATILITY,research_simulation
20230501,000026,0.33,F10,LOW_VOLATILITY,research_simulation
20230501,000027,0.557,F10,LOW_VOLATILITY,research_simulation
20230501,000028,0.859,F10,LOW_VOLATILITY,research_simulation
20230501,000029,0.983,F10,LOW_VOLATILITY,research_simulation
20230501,000030,0.224,F10,LOW_VOLATILITY,research_simulation
20230501,000031,0.556,F10,LOW_VOLATILITY,research_simulation
20230501,000032,0.539,F10,LOW_VOLATILITY,research_simulation
20230501,000034,0.26,F10,LOW_VOLATILITY,research_simulation
20230501,000035,0.977,F10,LOW_VOLATILITY,research_simulation
20230501,000036,0.34,F10,LOW_VOLATILITY,research_simulation
20230501,000037,0.719,F10,LOW_VOLATILITY,research_simulation
20230501,000039,0.091,F10,LOW_VOLATILITY,research_simulation
20230501,000042,0.871,F10,LOW_VOLATILITY,research_simulation
20230501,000045,0.408,F10,LOW_VOLATILITY,research_simulation
20230501,000048,0.719,F10,LOW_VOLATILITY,research_simulation
20230501,000049,0.396,F10,LOW_VOLATILITY,research_simulation
20230501,000050,0.861,F10,LOW_VOLATILITY,research_simulation
20230501,000055,0.182,F10,LOW_VOLATILITY,research_simulation
20230501,000056,0.95,F10,LOW_VOLATILITY,research_simulation
20230501,000058,0.534,F10,LOW_VOLATILITY,research_simulation
20230501,000059,0.153,F10,LOW_VOLATILITY,research_simulation
20230501,000060,0.307,F10,LOW_VOLATILITY,research_simulation
20230501,000061,0.145,F10,LOW_VOLATILITY,research_simulation
20230501,000062,0.615,F10,LOW_VOLATILITY,research_simulation
20230501,000063,0.839,F10,LOW_VOLATILITY,research_simulation
20230501,000065,0.316,F10,LOW_VOLATILITY,research_simulation
20230501,000066,0.305,F10,LOW_VOLATILITY,research_simulation
20230501,000068,0.628,F10,LOW_VOLATILITY,research_simulation
20230501,000069,0.02,F10,LOW_VOLATILITY,research_simulation
20230501,000070,0.849,F10,LOW_VOLATILITY,research_simulation
20230501,000078,0.768,F10,LOW_VOLATILITY,research_simulation
20230501,000088,0.708,F10,LOW_VOLATILITY,research_simulation
20230501,000089,0.448,F10,LOW_VOLATILITY,research_simulation
20230501,000090,0.892,F10,LOW_VOLATILITY,research_simulation
20230501,000096,0.397,F10,LOW_VOLATILITY,research_simulation
20230501,000099,0.504,F10,LOW_VOLATILITY,research_simulation
20230501,000100,0.814,F10,LOW_VOLATILITY,research_simulation
20230501,000151,0.383,F10,LOW_VOLATILITY,research_simulation
20230501,000153,0.46,F10,LOW_VOLATILITY,research_simulation
20230501,000155,0.949,F10,LOW_VOLATILITY,research_simulation
20230501,000156,0.742,F10,LOW_VOLATILITY,research_simulation
20230501,000157,0.394,F10,LOW_VOLATILITY,research_simulation
20230501,000158,0.673,F10,LOW_VOLATILITY,research_simulation
20230501,000159,0.055,F10,LOW_VOLATILITY,research_simulation
20230501,000166,0.772,F10,LOW_VOLATILITY,research_simulation
20230501,000301,0.045,F10,LOW_VOLATILITY,research_simulation
20230501,000333,0.265,F10,LOW_VOLATILITY,research_simulation
20230501,000338,0.377,F10,LOW_VOLATILITY,research_simulation
20230501,000400,0.941,F10,LOW_VOLATILITY,research_simulation
20230501,000401,0.778,F10,LOW_VOLATILITY,research_simulation
20230501,000402,0.023,F10,LOW_VOLATILITY,research_simulation
20230501,000403,0.487,F10,LOW_VOLATILITY,research_simulation
20230501,000404,0.037,F10,LOW_VOLATILITY,research_simulation
20230501,000407,0.368,F10,LOW_VOLATILITY,research_simulation
20230501,000408,0.621,F10,LOW_VOLATILITY,research_simulation
20230501,000409,0.705,F10,LOW_VOLATILITY,research_simulation
20230501,000410,0.202,F10,LOW_VOLATILITY,research_simulation
20230501,000411,0.313,F10,LOW_VOLATILITY,research_simulation
20230501,000415,0.775,F10,LOW_VOLATILITY,research_simulation
20230501,000417,0.319,F10,LOW_VOLATILITY,research_simulation
20230501,000419,0.742,F10,LOW_VOLATILITY,research_simulation
20230501,000420,0.767,F10,LOW_VOLATILITY,research_simulation
20230501,000421,0.616,F10,LOW_VOLATILITY,research_simulation
20230501,000422,0.473,F10,LOW_VOLATILITY,research_simulation
20230501,000423,0.885,F10,LOW_VOLATILITY,research_simulation
20230501,000425,0.159,F10,LOW_VOLATILITY,research_simulation
20230501,000426,0.38,F10,LOW_VOLATILITY,research_simulation
20230501,000428,0.643,F10,LOW_VOLATILITY,research_simulation
20230501,000429,0.527,F10,LOW_VOLATILITY,research_simulation
20230501,000430,0.595,F10,LOW_VOLATILITY,research_simulation
20230501,000488,0.108,F10,LOW_VOLATILITY,research_simulation
20230501,000498,0.507,F10,LOW_VOLATILITY,research_simulation
20230501,000501,0.066,F10,LOW_VOLATILITY,research_simulation
20230501,000503,0.775,F10,LOW_VOLATILITY,research_simulation
20230501,000504,0.653,F10,LOW_VOLATILITY,research_simulation
20230501,000505,0.121,F10,LOW_VOLATILITY,research_simulation
20230501,000506,0.636,F10,LOW_VOLATILITY,research_simulation
20230501,000507,0.736,F10,LOW_VOLATILITY,research_simulation
20230501,000509,0.298,F10,LOW_VOLATILITY,research_simulation
20230501,000510,0.316,F10,LOW_VOLATILITY,research_simulation
20230501,000513,0.096,F10,LOW_VOLATILITY,research_simulation
20230501,000514,0.21,F10,LOW_VOLATILITY,research_simulation
20230501,000516,0.384,F10,LOW_VOLATILITY,research_simulation
20230801,000001,0.298,F10,LOW_VOLATILITY,research_simulation
20230801,000002,0.208,F10,LOW_VOLATILITY,research_simulation
20230801,000004,0.621,F10,LOW_VOLATILITY,research_simulation
20230801,000006,0.291,F10,LOW_VOLATILITY,research_simulation
20230801,000007,0.645,F10,LOW_VOLATILITY,research_simulation
20230801,000008,0.882,F10,LOW_VOLATILITY,research_simulation
20230801,000009,0.488,F10,LOW_VOLATILITY,research_simulation
20230801,000010,0.727,F10,LOW_VOLATILITY,research_simulation
20230801,000011,0.811,F10,LOW_VOLATILITY,research_simulation
20230801,000012,0.995,F10,LOW_VOLATILITY,research_simulation
20230801,000014,0.035,F10,LOW_VOLATILITY,research_simulation
20230801,000016,0.081,F10,LOW_VOLATILITY,research_simulation
20230801,000017,0.772,F10,LOW_VOLATILITY,research_simulation
20230801,000019,0.581,F10,LOW_VOLATILITY,research_simulation
20230801,000020,0.316,F10,LOW_VOLATILITY,research_simulation
20230801,000021,0.332,F10,LOW_VOLATILITY,research_simulation
20230801,000025,0.148,F10,LOW_VOLATILITY,research_simulation
20230801,000026,0.915,F10,LOW_VOLATILITY,research_simulation
20230801,000027,0.699,F10,LOW_VOLATILITY,research_simulation
20230801,000028,0.959,F10,LOW_VOLATILITY,research_simulation
20230801,000029,0.157,F10,LOW_VOLATILITY,research_simulation
20230801,000030,0.633,F10,LOW_VOLATILITY,research_simulation
20230801,000031,0.799,F10,LOW_VOLATILITY,research_simulation
20230801,000032,0.376,F10,LOW_VOLATILITY,research_simulation
20230801,000034,0.215,F10,LOW_VOLATILITY,research_simulation
20230801,000035,0.956,F10,LOW_VOLATILITY,research_simulation
20230801,000036,0.871,F10,LOW_VOLATILITY,research_simulation
20230801,000037,0.383,F10,LOW_VOLATILITY,research_simulation
20230801,000039,0.589,F10,LOW_VOLATILITY,research_simulation
20230801,000042,0.055,F10,LOW_VOLATILITY,research_simulation
20230801,000045,0.389,F10,LOW_VOLATILITY,research_simulation
20230801,000048,0.422,F10,LOW_VOLATILITY,research_simulation
20230801,000049,0.633,F10,LOW_VOLATILITY,research_simulation
20230801,000050,0.926,F10,LOW_VOLATILITY,research_simulation
20230801,000055,0.191,F10,LOW_VOLATILITY,research_simulation
20230801,000056,0.455,F10,LOW_VOLATILITY,research_simulation
20230801,000058,0.661,F10,LOW_VOLATILITY,research_simulation
20230801,000059,0.33,F10,LOW_VOLATILITY,research_simulation
20230801,000060,0.464,F10,LOW_VOLATILITY,research_simulation
20230801,000061,0.438,F10,LOW_VOLATILITY,research_simulation
20230801,000062,0.624,F10,LOW_VOLATILITY,research_simulation
20230801,000063,0.772,F10,LOW_VOLATILITY,research_simulation
20230801,000065,0.209,F10,LOW_VOLATILITY,research_simulation
20230801,000066,0.795,F10,LOW_VOLATILITY,research_simulation
20230801,000068,0.623,F10,LOW_VOLATILITY,research_simulation
20230801,000069,0.845,F10,LOW_VOLATILITY,research_simulation
20230801,000070,0.15,F10,LOW_VOLATILITY,research_simulation
20230801,000078,0.206,F10,LOW_VOLATILITY,research_simulation
20230801,000088,0.568,F10,LOW_VOLATILITY,research_simulation
20230801,000089,0.086,F10,LOW_VOLATILITY,research_simulation
20230801,000090,0.631,F10,LOW_VOLATILITY,research_simulation
20230801,000096,0.524,F10,LOW_VOLATILITY,research_simulation
20230801,000099,0.448,F10,LOW_VOLATILITY,research_simulation
20230801,000100,0.868,F10,LOW_VOLATILITY,research_simulation
20230801,000151,0.213,F10,LOW_VOLATILITY,research_simulation
20230801,000153,0.711,F10,LOW_VOLATILITY,research_simulation
20230801,000155,0.082,F10,LOW_VOLATILITY,research_simulation
20230801,000156,0.544,F10,LOW_VOLATILITY,research_simulation
20230801,000157,0.553,F10,LOW_VOLATILITY,research_simulation
20230801,000158,0.9,F10,LOW_VOLATILITY,research_simulation
20230801,000159,0.064,F10,LOW_VOLATILITY,research_simulation
20230801,000166,0.26,F10,LOW_VOLATILITY,research_simulation
20230801,000301,0.158,F10,LOW_VOLATILITY,research_simulation
20230801,000333,0.61,F10,LOW_VOLATILITY,research_simulation
20230801,000338,0.762,F10,LOW_VOLATILITY,research_simulation
20230801,000400,0.754,F10,LOW_VOLATILITY,research_simulation
20230801,000401,0.672,F10,LOW_VOLATILITY,research_simulation
20230801,000402,0.041,F10,LOW_VOLATILITY,research_simulation
20230801,000403,0.736,F10,LOW_VOLATILITY,research_simulation
20230801,000404,0.676,F10,LOW_VOLATILITY,research_simulation
20230801,000407,0.862,F10,LOW_VOLATILITY,research_simulation
20230801,000408,0.865,F10,LOW_VOLATILITY,research_simulation
20230801,000409,0.895,F10,LOW_VOLATILITY,research_simulation
20230801,000410,0.716,F10,LOW_VOLATILITY,research_simulation
20230801,000411,0.383,F10,LOW_VOLATILITY,research_simulation
20230801,000415,0.585,F10,LOW_VOLATILITY,research_simulation
20230801,000417,0.684,F10,LOW_VOLATILITY,research_simulation
20230801,000419,0.024,F10,LOW_VOLATILITY,research_simulation
20230801,000420,0.914,F10,LOW_VOLATILITY,research_simulation
20230801,000421,0.437,F10,LOW_VOLATILITY,research_simulation
20230801,000422,0.131,F10,LOW_VOLATILITY,research_simulation
20230801,000423,0.557,F10,LOW_VOLATILITY,research_simulation
20230801,000425,0.878,F10,LOW_VOLATILITY,research_simulation
20230801,000426,0.625,F10,LOW_VOLATILITY,research_simulation
20230801,000428,0.73,F10,LOW_VOLATILITY,research_simulation
20230801,000429,0.159,F10,LOW_VOLATILITY,research_simulation
20230801,000430,0.842,F10,LOW_VOLATILITY,research_simulation
20230801,000488,0.553,F10,LOW_VOLATILITY,research_simulation
20230801,000498,0.321,F10,LOW_VOLATILITY,research_simulation
20230801,000501,0.71,F10,LOW_VOLATILITY,research_simulation
20230801,000503,0.792,F10,LOW_VOLATILITY,research_simulation
20230801,000504,0.185,F10,LOW_VOLATILITY,research_simulation
20230801,000505,0.115,F10,LOW_VOLATILITY,research_simulation
20230801,000506,0.594,F10,LOW_VOLATILITY,research_simulation
20230801,000507,0.679,F10,LOW_VOLATILITY,research_simulation
20230801,000509,0.258,F10,LOW_VOLATILITY,research_simulation
20230801,000510,0.058,F10,LOW_VOLATILITY,research_simulation
20230801,000513,0.969,F10,LOW_VOLATILITY,research_simulation
20230801,000514,0.425,F10,LOW_VOLATILITY,research_simulation
20230801,000516,0.645,F10,LOW_VOLATILITY,research_simulation
20230901,000001,0.727,F10,LOW_VOLATILITY,research_simulation
20230901,000002,0.681,F10,LOW_VOLATILITY,research_simulation
20230901,000004,0.479,F10,LOW_VOLATILITY,research_simulation
20230901,000006,0.118,F10,LOW_VOLATILITY,research_simulation
20230901,000007,0.928,F10,LOW_VOLATILITY,research_simulation
20230901,000008,0.518,F10,LOW_VOLATILITY,research_simulation
20230901,000009,0.298,F10,LOW_VOLATILITY,research_simulation
20230901,000010,0.06,F10,LOW_VOLATILITY,research_simulation
20230901,000011,0.217,F10,LOW_VOLATILITY,research_simulation
20230901,000012,0.122,F10,LOW_VOLATILITY,research_simulation
20230901,000014,0.858,F10,LOW_VOLATILITY,research_simulation
20230901,000016,0.848,F10,LOW_VOLATILITY,research_simulation
20230901,000017,0.793,F10,LOW_VOLATILITY,research_simulation
20230901,000019,0.418,F10,LOW_VOLATILITY,research_simulation
20230901,000020,0.831,F10,LOW_VOLATILITY,research_simulation
20230901,000021,0.477,F10,LOW_VOLATILITY,research_simulation
20230901,000025,0.578,F10,LOW_VOLATILITY,research_simulation
20230901,000026,0.04,F10,LOW_VOLATILITY,research_simulation
20230901,000027,0.71,F10,LOW_VOLATILITY,research_simulation
20230901,000028,0.165,F10,LOW_VOLATILITY,research_simulation
20230901,000029,0.76,F10,LOW_VOLATILITY,research_simulation
20230901,000030,0.442,F10,LOW_VOLATILITY,research_simulation
20230901,000031,0.081,F10,LOW_VOLATILITY,research_simulation
20230901,000032,0.248,F10,LOW_VOLATILITY,research_simulation
20230901,000034,0.556,F10,LOW_VOLATILITY,research_simulation
20230901,000035,0.349,F10,LOW_VOLATILITY,research_simulation
20230901,000036,0.747,F10,LOW_VOLATILITY,research_simulation
20230901,000037,0.355,F10,LOW_VOLATILITY,research_simulation
20230901,000039,0.467,F10,LOW_VOLATILITY,research_simulation
20230901,000042,0.765,F10,LOW_VOLATILITY,research_simulation
20230901,000045,0.876,F10,LOW_VOLATILITY,research_simulation
20230901,000048,0.093,F10,LOW_VOLATILITY,research_simulation
20230901,000049,0.401,F10,LOW_VOLATILITY,research_simulation
20230901,000050,0.087,F10,LOW_VOLATILITY,research_simulation
20230901,000055,0.621,F10,LOW_VOLATILITY,research_simulation
20230901,000056,0.006,F10,LOW_VOLATILITY,research_simulation
20230901,000058,0.726,F10,LOW_VOLATILITY,research_simulation
20230901,000059,0.64,F10,LOW_VOLATILITY,research_simulation
20230901,000060,0.177,F10,LOW_VOLATILITY,research_simulation
20230901,000061,0.255,F10,LOW_VOLATILITY,research_simulation
20230901,000062,0.042,F10,LOW_VOLATILITY,research_simulation
20230901,000063,0.298,F10,LOW_VOLATILITY,research_simulation
20230901,000065,0.424,F10,LOW_VOLATILITY,research_simulation
20230901,000066,0.298,F10,LOW_VOLATILITY,research_simulation
20230901,000068,0.976,F10,LOW_VOLATILITY,research_simulation
20230901,000069,0.486,F10,LOW_VOLATILITY,research_simulation
20230901,000070,0.71,F10,LOW_VOLATILITY,research_simulation
20230901,000078,0.125,F10,LOW_VOLATILITY,research_simulation
20230901,000088,0.789,F10,LOW_VOLATILITY,research_simulation
20230901,000089,0.77,F10,LOW_VOLATILITY,research_simulation
20230901,000090,0.119,F10,LOW_VOLATILITY,research_simulation
20230901,000096,0.132,F10,LOW_VOLATILITY,research_simulation
20230901,000099,0.978,F10,LOW_VOLATILITY,research_simulation
20230901,000100,0.254,F10,LOW_VOLATILITY,research_simulation
20230901,000151,0.86,F10,LOW_VOLATILITY,research_simulation
20230901,000153,0.194,F10,LOW_VOLATILITY,research_simulation
20230901,000155,0.224,F10,LOW_VOLATILITY,research_simulation
20230901,000156,0.937,F10,LOW_VOLATILITY,research_simulation
20230901,000157,0.62,F10,LOW_VOLATILITY,research_simulation
20230901,000158,0.056,F10,LOW_VOLATILITY,research_simulation
20230901,000159,0.196,F10,LOW_VOLATILITY,research_simulation
20230901,000166,0.382,F10,LOW_VOLATILITY,research_simulation
20230901,000301,0.756,F10,LOW_VOLATILITY,research_simulation
20230901,000333,0.548,F10,LOW_VOLATILITY,research_simulation
20230901,000338,0.372,F10,LOW_VOLATILITY,research_simulation
20230901,000400,0.556,F10,LOW_VOLATILITY,research_simulation
20230901,000401,0.135,F10,LOW_VOLATILITY,research_simulation
20230901,000402,0.144,F10,LOW_VOLATILITY,research_simulation
20230901,000403,0.133,F10,LOW_VOLATILITY,research_simulation
20230901,000404,0.446,F10,LOW_VOLATILITY,research_simulation
20230901,000407,0.903,F10,LOW_VOLATILITY,research_simulation
20230901,000408,0.606,F10,LOW_VOLATILITY,research_simulation
20230901,000409,0.064,F10,LOW_VOLATILITY,research_simulation
20230901,000410,0.341,F10,LOW_VOLATILITY,research_simulation
20230901,000411,0.053,F10,LOW_VOLATILITY,research_simulation
20230901,000415,0.573,F10,LOW_VOLATILITY,research_simulation
20230901,000417,0.877,F10,LOW_VOLATILITY,research_simulation
20230901,000419,0.426,F10,LOW_VOLATILITY,research_simulation
20230901,000420,0.638,F10,LOW_VOLATILITY,research_simulation
20230901,000421,0.316,F10,LOW_VOLATILITY,research_simulation
20230901,000422,0.087,F10,LOW_VOLATILITY,research_simulation
20230901,000423,0.122,F10,LOW_VOLATILITY,research_simulation
20230901,000425,0.554,F10,LOW_VOLATILITY,research_simulation
20230901,000426,0.858,F10,LOW_VOLATILITY,research_simulation
20230901,000428,0.551,F10,LOW_VOLATILITY,research_simulation
20230901,000429,0.1,F10,LOW_VOLATILITY,research_simulation
20230901,000430,0.322,F10,LOW_VOLATILITY,research_simulation
20230901,000488,0.207,F10,LOW_VOLATILITY,research_simulation
20230901,000498,0.375,F10,LOW_VOLATILITY,research_simulation
20230901,000501,0.136,F10,LOW_VOLATILITY,research_simulation
20230901,000503,0.448,F10,LOW_VOLATILITY,research_simulation
20230901,000504,0.02,F10,LOW_VOLATILITY,research_simulation
20230901,000505,0.278,F10,LOW_VOLATILITY,research_simulation
20230901,000506,0.135,F10,LOW_VOLATILITY,research_simulation
20230901,000507,0.538,F10,LOW_VOLATILITY,research_simulation
20230901,000509,0.978,F10,LOW_VOLATILITY,research_simulation
20230901,000510,0.869,F10,LOW_VOLATILITY,research_simulation
20230901,000513,0.298,F10,LOW_VOLATILITY,research_simulation
20230901,000514,0.123,F10,LOW_VOLATILITY,research_simulation
20230901,000516,0.164,F10,LOW_VOLATILITY,research_simulation
20240101,000001,0.345,F10,LOW_VOLATILITY,research_simulation
20240101,000002,0.248,F10,LOW_VOLATILITY,research_simulation
20240101,000004,0.416,F10,LOW_VOLATILITY,research_simulation
20240101,000006,0.694,F10,LOW_VOLATILITY,research_simulation
20240101,000007,0.206,F10,LOW_VOLATILITY,research_simulation
20240101,000008,0.98,F10,LOW_VOLATILITY,research_simulation
20240101,000009,0.588,F10,LOW_VOLATILITY,research_simulation
20240101,000010,0.45,F10,LOW_VOLATILITY,research_simulation
20240101,000011,0.55,F10,LOW_VOLATILITY,research_simulation
20240101,000012,0.145,F10,LOW_VOLATILITY,research_simulation
20240101,000014,0.778,F10,LOW_VOLATILITY,research_simulation
20240101,000016,0.25,F10,LOW_VOLATILITY,research_simulation
20240101,000017,0.552,F10,LOW_VOLATILITY,research_simulation
20240101,000019,0.976,F10,LOW_VOLATILITY,research_simulation
20240101,000020,0.24,F10,LOW_VOLATILITY,research_simulation
20240101,000021,0.949,F10,LOW_VOLATILITY,research_simulation
20240101,000025,0.683,F10,LOW_VOLATILITY,research_simulation
20240101,000026,0.242,F10,LOW_VOLATILITY,research_simulation
20240101,000027,0.756,F10,LOW_VOLATILITY,research_simulation
20240101,000028,0.953,F10,LOW_VOLATILITY,research_simulation
20240101,000029,0.327,F10,LOW_VOLATILITY,research_simulation
20240101,000030,0.583,F10,LOW_VOLATILITY,research_simulation
20240101,000031,0.406,F10,LOW_VOLATILITY,research_simulation
20240101,000032,0.313,F10,LOW_VOLATILITY,research_simulation
20240101,000034,0.786,F10,LOW_VOLATILITY,research_simulation
20240101,000035,0.613,F10,LOW_VOLATILITY,research_simulation
20240101,000036,0.317,F10,LOW_VOLATILITY,research_simulation
20240101,000037,0.515,F10,LOW_VOLATILITY,research_simulation
20240101,000039,0.802,F10,LOW_VOLATILITY,research_simulation
20240101,000042,0.74,F10,LOW_VOLATILITY,research_simulation
20240101,000045,0.224,F10,LOW_VOLATILITY,research_simulation
20240101,000048,0.368,F10,LOW_VOLATILITY,research_simulation
20240101,000049,0.832,F10,LOW_VOLATILITY,research_simulation
20240101,000050,0.734,F10,LOW_VOLATILITY,research_simulation
20240101,000055,0.21,F10,LOW_VOLATILITY,research_simulation
20240101,000056,0.524,F10,LOW_VOLATILITY,research_simulation
20240101,000058,0.772,F10,LOW_VOLATILITY,research_simulation
20240101,000059,0.062,F10,LOW_VOLATILITY,research_simulation
20240101,000060,0.21,F10,LOW_VOLATILITY,research_simulation
20240101,000061,0.509,F10,LOW_VOLATILITY,research_simulation
20240101,000062,0.377,F10,LOW_VOLATILITY,research_simulation
20240101,000063,0.411,F10,LOW_VOLATILITY,research_simulation
20240101,000065,0.647,F10,LOW_VOLATILITY,research_simulation
20240101,000066,0.349,F10,LOW_VOLATILITY,research_simulation
20240101,000068,0.428,F10,LOW_VOLATILITY,research_simulation
20240101,000069,0.152,F10,LOW_VOLATILITY,research_simulation
20240101,000070,0.063,F10,LOW_VOLATILITY,research_simulation
20240101,000078,0.52,F10,LOW_VOLATILITY,research_simulation
20240101,000088,0.017,F10,LOW_VOLATILITY,research_simulation
20240101,000089,0.632,F10,LOW_VOLATILITY,research_simulation
20240101,000090,0.17,F10,LOW_VOLATILITY,research_simulation
20240101,000096,0.535,F10,LOW_VOLATILITY,research_simulation
20240101,000099,0.936,F10,LOW_VOLATILITY,research_simulation
20240101,000100,0.314,F10,LOW_VOLATILITY,research_simulation
20240101,000151,0.583,F10,LOW_VOLATILITY,research_simulation
20240101,000153,0.972,F10,LOW_VOLATILITY,research_simulation
20240101,000155,0.284,F10,LOW_VOLATILITY,research_simulation
20240101,000156,0.992,F10,LOW_VOLATILITY,research_simulation
20240101,000157,0.686,F10,LOW_VOLATILITY,research_simulation
20240101,000158,0.654,F10,LOW_VOLATILITY,research_simulation
20240101,000159,0.222,F10,LOW_VOLATILITY,research_simulation
20240101,000166,0.294,F10,LOW_VOLATILITY,research_simulation
20240101,000301,0.419,F10,LOW_VOLATILITY,research_simulation
20240101,000333,0.916,F10,LOW_VOLATILITY,research_simulation
20240101,000338,0.277,F10,LOW_VOLATILITY,research_simulation
20240101,000400,0.521,F10,LOW_VOLATILITY,research_simulation
20240101,000401,0.536,F10,LOW_VOLATILITY,research_simulation
20240101,000402,0.341,F10,LOW_VOLATILITY,research_simulation
20240101,000403,0.623,F10,LOW_VOLATILITY,research_simulation
20240101,000404,0.783,F10,LOW_VOLATILITY,research_simulation
20240101,000407,0.299,F10,LOW_VOLATILITY,research_simulation
20240101,000408,0.034,F10,LOW_VOLATILITY,research_simulation
20240101,000409,0.92,F10,LOW_VOLATILITY,research_simulation
20240101,000410,0.864,F10,LOW_VOLATILITY,research_simulation
20240101,000411,0.096,F10,LOW_VOLATILITY,research_simulation
20240101,000415,0.055,F10,LOW_VOLATILITY,research_simulation
20240101,000417,0.958,F10,LOW_VOLATILITY,research_simulation
20240101,000419,0.01,F10,LOW_VOLATILITY,research_simulation
20240101,000420,0.146,F10,LOW_VOLATILITY,research_simulation
20240101,000421,0.876,F10,LOW_VOLATILITY,research_simulation
20240101,000422,0.161,F10,LOW_VOLATILITY,research_simulation
20240101,000423,0.716,F10,LOW_VOLATILITY,research_simulation
20240101,000425,0.642,F10,LOW_VOLATILITY,research_simulation
20240101,000426,0.288,F10,LOW_VOLATILITY,research_simulation
20240101,000428,0.628,F10,LOW_VOLATILITY,research_simulation
20240101,000429,0.991,F10,LOW_VOLATILITY,research_simulation
20240101,000430,0.034,F10,LOW_VOLATILITY,research_simulation
20240101,000488,0.121,F10,LOW_VOLATILITY,research_simulation
20240101,000498,0.577,F10,LOW_VOLATILITY,research_simulation
20240101,000501,0.206,F10,LOW_VOLATILITY,research_simulation
20240101,000503,0.899,F10,LOW_VOLATILITY,research_simulation
20240101,000504,0.743,F10,LOW_VOLATILITY,research_simulation
20240101,000505,0.454,F10,LOW_VOLATILITY,research_simulation
20240101,000506,0.211,F10,LOW_VOLATILITY,research_simulation
20240101,000507,0.235,F10,LOW_VOLATILITY,research_simulation
20240101,000509,0.055,F10,LOW_VOLATILITY,research_simulation
20240101,000510,0.844,F10,LOW_VOLATILITY,research_simulation
20240101,000513,0.888,F10,LOW_VOLATILITY,research_simulation
20240101,000514,0.803,F10,LOW_VOLATILITY,research_simulation
20240101,000516,0.427,F10,LOW_VOLATILITY,research_simulation
20240201,000001,0.11,F10,LOW_VOLATILITY,research_simulation
20240201,000002,0.022,F10,LOW_VOLATILITY,research_simulation
20240201,000004,0.823,F10,LOW_VOLATILITY,research_simulation
20240201,000006,0.807,F10,LOW_VOLATILITY,research_simulation
20240201,000007,0.32,F10,LOW_VOLATILITY,research_simulation
20240201,000008,0.698,F10,LOW_VOLATILITY,research_simulation
20240201,000009,0.354,F10,LOW_VOLATILITY,research_simulation
20240201,000010,0.447,F10,LOW_VOLATILITY,research_simulation
20240201,000011,0.527,F10,LOW_VOLATILITY,research_simulation
20240201,000012,0.711,F10,LOW_VOLATILITY,research_simulation
20240201,000014,0.67,F10,LOW_VOLATILITY,research_simulation
20240201,000016,0.08,F10,LOW_VOLATILITY,research_simulation
20240201,000017,0.654,F10,LOW_VOLATILITY,research_simulation
20240201,000019,0.648,F10,LOW_VOLATILITY,research_simulation
20240201,000020,0.466,F10,LOW_VOLATILITY,research_simulation
20240201,000021,0.606,F10,LOW_VOLATILITY,research_simulation
20240201,000025,0.984,F10,LOW_VOLATILITY,research_simulation
20240201,000026,0.591,F10,LOW_VOLATILITY,research_simulation
20240201,000027,0.125,F10,LOW_VOLATILITY,research_simulation
20240201,000028,0.112,F10,LOW_VOLATILITY,research_simulation
20240201,000029,0.286,F10,LOW_VOLATILITY,research_simulation
20240201,000030,0.282,F10,LOW_VOLATILITY,research_simulation
20240201,000031,0.994,F10,LOW_VOLATILITY,research_simulation
20240201,000032,0.978,F10,LOW_VOLATILITY,research_simulation
20240201,000034,0.033,F10,LOW_VOLATILITY,research_simulation
20240201,000035,0.595,F10,LOW_VOLATILITY,research_simulation
20240201,000036,0.547,F10,LOW_VOLATILITY,research_simulation
20240201,000037,0.55,F10,LOW_VOLATILITY,research_simulation
20240201,000039,0.673,F10,LOW_VOLATILITY,research_simulation
20240201,000042,0.964,F10,LOW_VOLATILITY,research_simulation
20240201,000045,0.324,F10,LOW_VOLATILITY,research_simulation
20240201,000048,0.815,F10,LOW_VOLATILITY,research_simulation
20240201,000049,0.637,F10,LOW_VOLATILITY,research_simulation
20240201,000050,0.264,F10,LOW_VOLATILITY,research_simulation
20240201,000055,0.046,F10,LOW_VOLATILITY,research_simulation
20240201,000056,0.453,F10,LOW_VOLATILITY,research_simulation
20240201,000058,0.301,F10,LOW_VOLATILITY,research_simulation
20240201,000059,0.864,F10,LOW_VOLATILITY,research_simulation
20240201,000060,0.333,F10,LOW_VOLATILITY,research_simulation
20240201,000061,0.636,F10,LOW_VOLATILITY,research_simulation
20240201,000062,0.624,F10,LOW_VOLATILITY,research_simulation
20240201,000063,0.602,F10,LOW_VOLATILITY,research_simulation
20240201,000065,0.941,F10,LOW_VOLATILITY,research_simulation
20240201,000066,0.992,F10,LOW_VOLATILITY,research_simulation
20240201,000068,0.6,F10,LOW_VOLATILITY,research_simulation
20240201,000069,0.276,F10,LOW_VOLATILITY,research_simulation
20240201,000070,0.995,F10,LOW_VOLATILITY,research_simulation
20240201,000078,0.324,F10,LOW_VOLATILITY,research_simulation
20240201,000088,0.032,F10,LOW_VOLATILITY,research_simulation
20240201,000089,0.878,F10,LOW_VOLATILITY,research_simulation
20240201,000090,0.262,F10,LOW_VOLATILITY,research_simulation
20240201,000096,0.506,F10,LOW_VOLATILITY,research_simulation
20240201,000099,0.874,F10,LOW_VOLATILITY,research_simulation
20240201,000100,0.353,F10,LOW_VOLATILITY,research_simulation
20240201,000151,0.791,F10,LOW_VOLATILITY,research_simulation
20240201,000153,0.193,F10,LOW_VOLATILITY,research_simulation
20240201,000155,0.738,F10,LOW_VOLATILITY,research_simulation
20240201,000156,0.177,F10,LOW_VOLATILITY,research_simulation
20240201,000157,0.197,F10,LOW_VOLATILITY,research_simulation
20240201,000158,0.936,F10,LOW_VOLATILITY,research_simulation
20240201,000159,0.582,F10,LOW_VOLATILITY,research_simulation
20240201,000166,0.536,F10,LOW_VOLATILITY,research_simulation
20240201,000301,0.218,F10,LOW_VOLATILITY,research_simulation
20240201,000333,0.876,F10,LOW_VOLATILITY,research_simulation
20240201,000338,0.321,F10,LOW_VOLATILITY,research_simulation
20240201,000400,0.072,F10,LOW_VOLATILITY,research_simulation
20240201,000401,0.837,F10,LOW_VOLATILITY,research_simulation
20240201,000402,0.721,F10,LOW_VOLATILITY,research_simulation
20240201,000403,0.821,F10,LOW_VOLATILITY,research_simulation
20240201,000404,0.557,F10,LOW_VOLATILITY,research_simulation
20240201,000407,0.852,F10,LOW_VOLATILITY,research_simulation
20240201,000408,0.02,F10,LOW_VOLATILITY,research_simulation
20240201,000409,0.422,F10,LOW_VOLATILITY,research_simulation
20240201,000410,0.905,F10,LOW_VOLATILITY,research_simulation
20240201,000411,0.006,F10,LOW_VOLATILITY,research_simulation
20240201,000415,0.018,F10,LOW_VOLATILITY,research_simulation
20240201,000417,0.32,F10,LOW_VOLATILITY,research_simulation
20240201,000419,0.178,F10,LOW_VOLATILITY,research_simulation
20240201,000420,0.378,F10,LOW_VOLATILITY,research_simulation
20240201,000421,0.701,F10,LOW_VOLATILITY,research_simulation
20240201,000422,0.985,F10,LOW_VOLATILITY,research_simulation
20240201,000423,0.675,F10,LOW_VOLATILITY,research_simulation
20240201,000425,0.93,F10,LOW_VOLATILITY,research_simulation
20240201,000426,0.574,F10,LOW_VOLATILITY,research_simulation
20240201,000428,0.431,F10,LOW_VOLATILITY,research_simulation
20240201,000429,0.225,F10,LOW_VOLATILITY,research_simulation
20240201,000430,0.15,F10,LOW_VOLATILITY,research_simulation
20240201,000488,0.64,F10,LOW_VOLATILITY,research_simulation
20240201,000498,0.521,F10,LOW_VOLATILITY,research_simulation
20240201,000501,0.698,F10,LOW_VOLATILITY,research_simulation
20240201,000503,0.59,F10,LOW_VOLATILITY,research_simulation
20240201,000504,0.625,F10,LOW_VOLATILITY,research_simulation
20240201,000505,0.429,F10,LOW_VOLATILITY,research_simulation
20240201,000506,0.301,F10,LOW_VOLATILITY,research_simulation
20240201,000507,0.448,F10,LOW_VOLATILITY,research_simulation
20240201,000509,0.628,F10,LOW_VOLATILITY,research_simulation
20240201,000510,0.846,F10,LOW_VOLATILITY,research_simulation
20240201,000513,0.689,F10,LOW_VOLATILITY,research_simulation
20240201,000514,0.883,F10,LOW_VOLATILITY,research_simulation
20240201,000516,0.03,F10,LOW_VOLATILITY,research_simulation
20240301,000001,0.859,F10,LOW_VOLATILITY,research_simulation
20240301,000002,0.94,F10,LOW_VOLATILITY,research_simulation
20240301,000004,0.57,F10,LOW_VOLATILITY,research_simulation
20240301,000006,0.301,F10,LOW_VOLATILITY,research_simulation
20240301,000007,0.232,F10,LOW_VOLATILITY,research_simulation
20240301,000008,0.84,F10,LOW_VOLATILITY,research_simulation
20240301,000009,0.779,F10,LOW_VOLATILITY,research_simulation
20240301,000010,0.628,F10,LOW_VOLATILITY,research_simulation
20240301,000011,0.594,F10,LOW_VOLATILITY,research_simulation
20240301,000012,0.095,F10,LOW_VOLATILITY,research_simulation
20240301,000014,0.407,F10,LOW_VOLATILITY,research_simulation
20240301,000016,0.677,F10,LOW_VOLATILITY,research_simulation
20240301,000017,0.884,F10,LOW_VOLATILITY,research_simulation
20240301,000019,0.876,F10,LOW_VOLATILITY,research_simulation
20240301,000020,0.584,F10,LOW_VOLATILITY,research_simulation
20240301,000021,0.942,F10,LOW_VOLATILITY,research_simulation
20240301,000025,0.347,F10,LOW_VOLATILITY,research_simulation
20240301,000026,0.997,F10,LOW_VOLATILITY,research_simulation
20240301,000027,0.167,F10,LOW_VOLATILITY,research_simulation
20240301,000028,0.942,F10,LOW_VOLATILITY,research_simulation
20240301,000029,0.575,F10,LOW_VOLATILITY,research_simulation
20240301,000030,0.827,F10,LOW_VOLATILITY,research_simulation
20240301,000031,0.758,F10,LOW_VOLATILITY,research_simulation
20240301,000032,0.863,F10,LOW_VOLATILITY,research_simulation
20240301,000034,0.793,F10,LOW_VOLATILITY,research_simulation
20240301,000035,0.649,F10,LOW_VOLATILITY,research_simulation
20240301,000036,0.305,F10,LOW_VOLATILITY,research_simulation
20240301,000037,0.278,F10,LOW_VOLATILITY,research_simulation
20240301,000039,0.488,F10,LOW_VOLATILITY,research_simulation
20240301,000042,0.718,F10,LOW_VOLATILITY,research_simulation
20240301,000045,0.91,F10,LOW_VOLATILITY,research_simulation
20240301,000048,0.624,F10,LOW_VOLATILITY,research_simulation
20240301,000049,0.782,F10,LOW_VOLATILITY,research_simulation
20240301,000050,0.413,F10,LOW_VOLATILITY,research_simulation
20240301,000055,0.468,F10,LOW_VOLATILITY,research_simulation
20240301,000056,0.216,F10,LOW_VOLATILITY,research_simulation
20240301,000058,0.78,F10,LOW_VOLATILITY,research_simulation
20240301,000059,0.818,F10,LOW_VOLATILITY,research_simulation
20240301,000060,0.898,F10,LOW_VOLATILITY,research_simulation
20240301,000061,0.004,F10,LOW_VOLATILITY,research_simulation
20240301,000062,0.713,F10,LOW_VOLATILITY,research_simulation
20240301,000063,0.172,F10,LOW_VOLATILITY,research_simulation
20240301,000065,0.576,F10,LOW_VOLATILITY,research_simulation
20240301,000066,0.255,F10,LOW_VOLATILITY,research_simulation
20240301,000068,0.583,F10,LOW_VOLATILITY,research_simulation
20240301,000069,0.021,F10,LOW_VOLATILITY,research_simulation
20240301,000070,0.47,F10,LOW_VOLATILITY,research_simulation
20240301,000078,0.651,F10,LOW_VOLATILITY,research_simulation
20240301,000088,0.771,F10,LOW_VOLATILITY,research_simulation
20240301,000089,0.433,F10,LOW_VOLATILITY,research_simulation
20240301,000090,0.189,F10,LOW_VOLATILITY,research_simulation
20240301,000096,0.09,F10,LOW_VOLATILITY,research_simulation
20240301,000099,0.192,F10,LOW_VOLATILITY,research_simulation
20240301,000100,0.248,F10,LOW_VOLATILITY,research_simulation
20240301,000151,0.059,F10,LOW_VOLATILITY,research_simulation
20240301,000153,0.282,F10,LOW_VOLATILITY,research_simulation
20240301,000155,0.899,F10,LOW_VOLATILITY,research_simulation
20240301,000156,0.025,F10,LOW_VOLATILITY,research_simulation
20240301,000157,0.995,F10,LOW_VOLATILITY,research_simulation
20240301,000158,0.731,F10,LOW_VOLATILITY,research_simulation
20240301,000159,0.887,F10,LOW_VOLATILITY,research_simulation
20240301,000166,0.989,F10,LOW_VOLATILITY,research_simulation
20240301,000301,0.747,F10,LOW_VOLATILITY,research_simulation
20240301,000333,0.576,F10,LOW_VOLATILITY,research_simulation
20240301,000338,0.885,F10,LOW_VOLATILITY,research_simulation
20240301,000400,0.827,F10,LOW_VOLATILITY,research_simulation
20240301,000401,0.805,F10,LOW_VOLATILITY,research_simulation
20240301,000402,0.724,F10,LOW_VOLATILITY,research_simulation
20240301,000403,0.579,F10,LOW_VOLATILITY,research_simulation
20240301,000404,0.279,F10,LOW_VOLATILITY,research_simulation
20240301,000407,0.843,F10,LOW_VOLATILITY,research_simulation
20240301,000408,0.228,F10,LOW_VOLATILITY,research_simulation
20240301,000409,0.147,F10,LOW_VOLATILITY,research_simulation
20240301,000410,0.131,F10,LOW_VOLATILITY,research_simulation
20240301,000411,0.421,F10,LOW_VOLATILITY,research_simulation
20240301,000415,0.103,F10,LOW_VOLATILITY,research_simulation
20240301,000417,0.123,F10,LOW_VOLATILITY,research_simulation
20240301,000419,0.451,F10,LOW_VOLATILITY,research_simulation
20240301,000420,0.04,F10,LOW_VOLATILITY,research_simulation
20240301,000421,0.376,F10,LOW_VOLATILITY,research_simulation
20240301,000422,0.959,F10,LOW_VOLATILITY,research_simulation
20240301,000423,0.897,F10,LOW_VOLATILITY,research_simulation
20240301,000425,0.572,F10,LOW_VOLATILITY,research_simulation
20240301,000426,0.032,F10,LOW_VOLATILITY,research_simulation
20240301,000428,0.06,F10,LOW_VOLATILITY,research_simulation
20240301,000429,0.32,F10,LOW_VOLATILITY,research_simulation
20240301,000430,0.307,F10,LOW_VOLATILITY,research_simulation
20240301,000488,0.952,F10,LOW_VOLATILITY,research_simulation
20240301,000498,0.893,F10,LOW_VOLATILITY,research_simulation
20240301,000501,0.438,F10,LOW_VOLATILITY,research_simulation
20240301,000503,0.862,F10,LOW_VOLATILITY,research_simulation
20240301,000504,0.659,F10,LOW_VOLATILITY,research_simulation
20240301,000505,0.619,F10,LOW_VOLATILITY,research_simulation
20240301,000506,0.518,F10,LOW_VOLATILITY,research_simulation
20240301,000507,0.297,F10,LOW_VOLATILITY,research_simulation
20240301,000509,0.972,F10,LOW_VOLATILITY,research_simulation
20240301,000510,0.122,F10,LOW_VOLATILITY,research_simulation
20240301,000513,0.647,F10,LOW_VOLATILITY,research_simulation
20240301,000514,0.749,F10,LOW_VOLATILITY,research_simulation
20240301,000516,0.043,F10,LOW_VOLATILITY,research_simulation
20240501,000001,0.39,F10,LOW_VOLATILITY,research_simulation
20240501,000002,0.532,F10,LOW_VOLATILITY,research_simulation
20240501,000004,0.604,F10,LOW_VOLATILITY,research_simulation
20240501,000006,0.5,F10,LOW_VOLATILITY,research_simulation
20240501,000007,0.257,F10,LOW_VOLATILITY,research_simulation
20240501,000008,0.741,F10,LOW_VOLATILITY,research_simulation
20240501,000009,0.868,F10,LOW_VOLATILITY,research_simulation
20240501,000010,0.244,F10,LOW_VOLATILITY,research_simulation
20240501,000011,0.425,F10,LOW_VOLATILITY,research_simulation
20240501,000012,0.199,F10,LOW_VOLATILITY,research_simulation
20240501,000014,0.249,F10,LOW_VOLATILITY,research_simulation
20240501,000016,0.363,F10,LOW_VOLATILITY,research_simulation
20240501,000017,0.459,F10,LOW_VOLATILITY,research_simulation
20240501,000019,0.475,F10,LOW_VOLATILITY,research_simulation
20240501,000020,0.089,F10,LOW_VOLATILITY,research_simulation
20240501,000021,0.773,F10,LOW_VOLATILITY,research_simulation
20240501,000025,0.18,F10,LOW_VOLATILITY,research_simulation
20240501,000026,0.462,F10,LOW_VOLATILITY,research_simulation
20240501,000027,0.152,F10,LOW_VOLATILITY,research_simulation
20240501,000028,0.516,F10,LOW_VOLATILITY,research_simulation
20240501,000029,0.886,F10,LOW_VOLATILITY,research_simulation
20240501,000030,0.707,F10,LOW_VOLATILITY,research_simulation
20240501,000031,0.597,F10,LOW_VOLATILITY,research_simulation
20240501,000032,0.71,F10,LOW_VOLATILITY,research_simulation
20240501,000034,0.449,F10,LOW_VOLATILITY,research_simulation
20240501,000035,0.163,F10,LOW_VOLATILITY,research_simulation
20240501,000036,0.008,F10,LOW_VOLATILITY,research_simulation
20240501,000037,0.586,F10,LOW_VOLATILITY,research_simulation
20240501,000039,0.784,F10,LOW_VOLATILITY,research_simulation
20240501,000042,0.88,F10,LOW_VOLATILITY,research_simulation
20240501,000045,0.618,F10,LOW_VOLATILITY,research_simulation
20240501,000048,0.379,F10,LOW_VOLATILITY,research_simulation
20240501,000049,0.481,F10,LOW_VOLATILITY,research_simulation
20240501,000050,0.839,F10,LOW_VOLATILITY,research_simulation
20240501,000055,0.986,F10,LOW_VOLATILITY,research_simulation
20240501,000056,0.133,F10,LOW_VOLATILITY,research_simulation
20240501,000058,0.569,F10,LOW_VOLATILITY,research_simulation
20240501,000059,0.322,F10,LOW_VOLATILITY,research_simulation
20240501,000060,0.81,F10,LOW_VOLATILITY,research_simulation
20240501,000061,0.427,F10,LOW_VOLATILITY,research_simulation
20240501,000062,0.616,F10,LOW_VOLATILITY,research_simulation
20240501,000063,0.956,F10,LOW_VOLATILITY,research_simulation
20240501,000065,0.261,F10,LOW_VOLATILITY,research_simulation
20240501,000066,0.855,F10,LOW_VOLATILITY,research_simulation
20240501,000068,0.59,F10,LOW_VOLATILITY,research_simulation
20240501,000069,0.361,F10,LOW_VOLATILITY,research_simulation
20240501,000070,0.332,F10,LOW_VOLATILITY,research_simulation
20240501,000078,0.113,F10,LOW_VOLATILITY,research_simulation
20240501,000088,0.902,F10,LOW_VOLATILITY,research_simulation
20240501,000089,0.044,F10,LOW_VOLATILITY,research_simulation
20240501,000090,0.358,F10,LOW_VOLATILITY,research_simulation
20240501,000096,0.397,F10,LOW_VOLATILITY,research_simulation
20240501,000099,0.678,F10,LOW_VOLATILITY,research_simulation
20240501,000100,0.85,F10,LOW_VOLATILITY,research_simulation
20240501,000151,0.155,F10,LOW_VOLATILITY,research_simulation
20240501,000153,0.381,F10,LOW_VOLATILITY,research_simulation
20240501,000155,0.177,F10,LOW_VOLATILITY,research_simulation
20240501,000156,0.11,F10,LOW_VOLATILITY,research_simulation
20240501,000157,0.433,F10,LOW_VOLATILITY,research_simulation
20240501,000158,0.116,F10,LOW_VOLATILITY,research_simulation
20240501,000159,0.667,F10,LOW_VOLATILITY,research_simulation
20240501,000166,0.767,F10,LOW_VOLATILITY,research_simulation
20240501,000301,0.831,F10,LOW_VOLATILITY,research_simulation
20240501,000333,0.838,F10,LOW_VOLATILITY,research_simulation
20240501,000338,0.366,F10,LOW_VOLATILITY,research_simulation
20240501,000400,0.923,F10,LOW_VOLATILITY,research_simulation
20240501,000401,0.282,F10,LOW_VOLATILITY,research_simulation
20240501,000402,0.284,F10,LOW_VOLATILITY,research_simulation
20240501,000403,0.128,F10,LOW_VOLATILITY,research_simulation
20240501,000404,0.812,F10,LOW_VOLATILITY,research_simulation
20240501,000407,0.182,F10,LOW_VOLATILITY,research_simulation
20240501,000408,0.915,F10,LOW_VOLATILITY,research_simulation
20240501,000409,0.548,F10,LOW_VOLATILITY,research_simulation
20240501,000410,0.574,F10,LOW_VOLATILITY,research_simulation
20240501,000411,0.386,F10,LOW_VOLATILITY,research_simulation
20240501,000415,0.769,F10,LOW_VOLATILITY,research_simulation
20240501,000417,0.8,F10,LOW_VOLATILITY,research_simulation
20240501,000419,0.959,F10,LOW_VOLATILITY,research_simulation
20240501,000420,0.564,F10,LOW_VOLATILITY,research_simulation
20240501,000421,0.796,F10,LOW_VOLATILITY,research_simulation
20240501,000422,0.117,F10,LOW_VOLATILITY,research_simulation
20240501,000423,0.642,F10,LOW_VOLATILITY,research_simulation
20240501,000425,0.119,F10,LOW_VOLATILITY,research_simulation
20240501,000426,0.273,F10,LOW_VOLATILITY,research_simulation
20240501,000428,0.763,F10,LOW_VOLATILITY,research_simulation
20240501,000429,0.751,F10,LOW_VOLATILITY,research_simulation
20240501,000430,0.082,F10,LOW_VOLATILITY,research_simulation
20240501,000488,0.583,F10,LOW_VOLATILITY,research_simulation
20240501,000498,0.013,F10,LOW_VOLATILITY,research_simulation
20240501,000501,0.681,F10,LOW_VOLATILITY,research_simulation
20240501,000503,0.462,F10,LOW_VOLATILITY,research_simulation
20240501,000504,0.367,F10,LOW_VOLATILITY,research_simulation
20240501,000505,0.328,F10,LOW_VOLATILITY,research_simulation
20240501,000506,0.878,F10,LOW_VOLATILITY,research_simulation
20240501,000507,0.786,F10,LOW_VOLATILITY,research_simulation
20240501,000509,0.308,F10,LOW_VOLATILITY,research_simulation
20240501,000510,0.616,F10,LOW_VOLATILITY,research_simulation
20240501,000513,0.812,F10,LOW_VOLATILITY,research_simulation
20240501,000514,0.585,F10,LOW_VOLATILITY,research_simulation
20240501,000516,0.369,F10,LOW_VOLATILITY,research_simulation
20240601,000001,0.376,F10,LOW_VOLATILITY,research_simulation
20240601,000002,0.729,F10,LOW_VOLATILITY,research_simulation
20240601,000004,0.666,F10,LOW_VOLATILITY,research_simulation
20240601,000006,0.004,F10,LOW_VOLATILITY,research_simulation
20240601,000007,0.739,F10,LOW_VOLATILITY,research_simulation
20240601,000008,0.448,F10,LOW_VOLATILITY,research_simulation
20240601,000009,0.482,F10,LOW_VOLATILITY,research_simulation
20240601,000010,0.321,F10,LOW_VOLATILITY,research_simulation
20240601,000011,0.335,F10,LOW_VOLATILITY,research_simulation
20240601,000012,0.496,F10,LOW_VOLATILITY,research_simulation
20240601,000014,0.948,F10,LOW_VOLATILITY,research_simulation
20240601,000016,0.176,F10,LOW_VOLATILITY,research_simulation
20240601,000017,0.01,F10,LOW_VOLATILITY,research_simulation
20240601,000019,0.566,F10,LOW_VOLATILITY,research_simulation
20240601,000020,0.378,F10,LOW_VOLATILITY,research_simulation
20240601,000021,0.749,F10,LOW_VOLATILITY,research_simulation
20240601,000025,0.745,F10,LOW_VOLATILITY,research_simulation
20240601,000026,0.787,F10,LOW_VOLATILITY,research_simulation
20240601,000027,0.712,F10,LOW_VOLATILITY,research_simulation
20240601,000028,0.177,F10,LOW_VOLATILITY,research_simulation
20240601,000029,0.268,F10,LOW_VOLATILITY,research_simulation
20240601,000030,0.269,F10,LOW_VOLATILITY,research_simulation
20240601,000031,0.063,F10,LOW_VOLATILITY,research_simulation
20240601,000032,0.724,F10,LOW_VOLATILITY,research_simulation
20240601,000034,0.383,F10,LOW_VOLATILITY,research_simulation
20240601,000035,0.103,F10,LOW_VOLATILITY,research_simulation
20240601,000036,0.719,F10,LOW_VOLATILITY,research_simulation
20240601,000037,0.51,F10,LOW_VOLATILITY,research_simulation
20240601,000039,0.509,F10,LOW_VOLATILITY,research_simulation
20240601,000042,0.261,F10,LOW_VOLATILITY,research_simulation
20240601,000045,0.583,F10,LOW_VOLATILITY,research_simulation
20240601,000048,0.578,F10,LOW_VOLATILITY,research_simulation
20240601,000049,0.118,F10,LOW_VOLATILITY,research_simulation
20240601,000050,0.283,F10,LOW_VOLATILITY,research_simulation
20240601,000055,0.211,F10,LOW_VOLATILITY,research_simulation
20240601,000056,0.637,F10,LOW_VOLATILITY,research_simulation
20240601,000058,0.697,F10,LOW_VOLATILITY,research_simulation
20240601,000059,0.845,F10,LOW_VOLATILITY,research_simulation
20240601,000060,0.59,F10,LOW_VOLATILITY,research_simulation
20240601,000061,0.623,F10,LOW_VOLATILITY,research_simulation
20240601,000062,0.026,F10,LOW_VOLATILITY,research_simulation
20240601,000063,0.141,F10,LOW_VOLATILITY,research_simulation
20240601,000065,0.615,F10,LOW_VOLATILITY,research_simulation
20240601,000066,0.51,F10,LOW_VOLATILITY,research_simulation
20240601,000068,0.484,F10,LOW_VOLATILITY,research_simulation
20240601,000069,0.619,F10,LOW_VOLATILITY,research_simulation
20240601,000070,0.29,F10,LOW_VOLATILITY,research_simulation
20240601,000078,0.83,F10,LOW_VOLATILITY,research_simulation
20240601,000088,0.66,F10,LOW_VOLATILITY,research_simulation
20240601,000089,0.581,F10,LOW_VOLATILITY,research_simulation
20240601,000090,0.322,F10,LOW_VOLATILITY,research_simulation
20240601,000096,0.602,F10,LOW_VOLATILITY,research_simulation
20240601,000099,0.297,F10,LOW_VOLATILITY,research_simulation
20240601,000100,0.065,F10,LOW_VOLATILITY,research_simulation
20240601,000151,0.579,F10,LOW_VOLATILITY,research_simulation
20240601,000153,0.146,F10,LOW_VOLATILITY,research_simulation
20240601,000155,0.387,F10,LOW_VOLATILITY,research_simulation
20240601,000156,0.747,F10,LOW_VOLATILITY,research_simulation
20240601,000157,0.534,F10,LOW_VOLATILITY,research_simulation
20240601,000158,0.327,F10,LOW_VOLATILITY,research_simulation
20240601,000159,0.013,F10,LOW_VOLATILITY,research_simulation
20240601,000166,0.506,F10,LOW_VOLATILITY,research_simulation
20240601,000301,0.695,F10,LOW_VOLATILITY,research_simulation
20240601,000333,0.597,F10,LOW_VOLATILITY,research_simulation
20240601,000338,0.166,F10,LOW_VOLATILITY,research_simulation
20240601,000400,0.215,F10,LOW_VOLATILITY,research_simulation
20240601,000401,0.642,F10,LOW_VOLATILITY,research_simulation
20240601,000402,0.445,F10,LOW_VOLATILITY,research_simulation
20240601,000403,0.911,F10,LOW_VOLATILITY,research_simulation
20240601,000404,0.065,F10,LOW_VOLATILITY,research_simulation
20240601,000407,0.532,F10,LOW_VOLATILITY,research_simulation
20240601,000408,0.513,F10,LOW_VOLATILITY,research_simulation
20240601,000409,0.867,F10,LOW_VOLATILITY,research_simulation
20240601,000410,0.217,F10,LOW_VOLATILITY,research_simulation
20240601,000411,0.329,F10,LOW_VOLATILITY,research_simulation
20240601,000415,0.638,F10,LOW_VOLATILITY,research_simulation
20240601,000417,0.452,F10,LOW_VOLATILITY,research_simulation
20240601,000419,0.684,F10,LOW_VOLATILITY,research_simulation
20240601,000420,0.11,F10,LOW_VOLATILITY,research_simulation
20240601,000421,0.074,F10,LOW_VOLATILITY,research_simulation
20240601,000422,0.13,F10,LOW_VOLATILITY,research_simulation
20240601,000423,0.106,F10,LOW_VOLATILITY,research_simulation
20240601,000425,0.353,F10,LOW_VOLATILITY,research_simulation
20240601,000426,0.341,F10,LOW_VOLATILITY,research_simulation
20240601,000428,0.389,F10,LOW_VOLATILITY,research_simulation
20240601,000429,0.525,F10,LOW_VOLATILITY,research_simulation
20240601,000430,0.866,F10,LOW_VOLATILITY,research_simulation
20240601,000488,0.245,F10,LOW_VOLATILITY,research_simulation
20240601,000498,0.726,F10,LOW_VOLATILITY,research_simulation
20240601,000501,0.587,F10,LOW_VOLATILITY,research_simulation
20240601,000503,0.179,F10,LOW_VOLATILITY,research_simulation
20240601,000504,0.194,F10,LOW_VOLATILITY,research_simulation
20240601,000505,0.753,F10,LOW_VOLATILITY,research_simulation
20240601,000506,0.534,F10,LOW_VOLATILITY,research_simulation
20240601,000507,0.607,F10,LOW_VOLATILITY,research_simulation
20240601,000509,0.713,F10,LOW_VOLATILITY,research_simulation
20240601,000510,0.947,F10,LOW_VOLATILITY,research_simulation
20240601,000513,0.967,F10,LOW_VOLATILITY,research_simulation
20240601,000514,0.943,F10,LOW_VOLATILITY,research_simulation
20240601,000516,0.03,F10,LOW_VOLATILITY,research_simulation
20240801,000001,0.666,F10,LOW_VOLATILITY,research_simulation
20240801,000002,0.7,F10,LOW_VOLATILITY,research_simulation
20240801,000004,0.962,F10,LOW_VOLATILITY,research_simulation
20240801,000006,0.032,F10,LOW_VOLATILITY,research_simulation
20240801,000007,0.983,F10,LOW_VOLATILITY,research_simulation
20240801,000008,0.875,F10,LOW_VOLATILITY,research_simulation
20240801,000009,0.899,F10,LOW_VOLATILITY,research_simulation
20240801,000010,0.342,F10,LOW_VOLATILITY,research_simulation
20240801,000011,0.544,F10,LOW_VOLATILITY,research_simulation
20240801,000012,0.762,F10,LOW_VOLATILITY,research_simulation
20240801,000014,0.083,F10,LOW_VOLATILITY,research_simulation
20240801,000016,0.102,F10,LOW_VOLATILITY,research_simulation
20240801,000017,0.078,F10,LOW_VOLATILITY,research_simulation
20240801,000019,0.758,F10,LOW_VOLATILITY,research_simulation
20240801,000020,0.651,F10,LOW_VOLATILITY,research_simulation
20240801,000021,0.688,F10,LOW_VOLATILITY,research_simulation
20240801,000025,0.204,F10,LOW_VOLATILITY,research_simulation
20240801,000026,0.918,F10,LOW_VOLATILITY,research_simulation
20240801,000027,0.699,F10,LOW_VOLATILITY,research_simulation
20240801,000028,0.141,F10,LOW_VOLATILITY,research_simulation
20240801,000029,0.209,F10,LOW_VOLATILITY,research_simulation
20240801,000030,0.436,F10,LOW_VOLATILITY,research_simulation
20240801,000031,0.891,F10,LOW_VOLATILITY,research_simulation
20240801,000032,0.725,F10,LOW_VOLATILITY,research_simulation
20240801,000034,0.288,F10,LOW_VOLATILITY,research_simulation
20240801,000035,0.867,F10,LOW_VOLATILITY,research_simulation
20240801,000036,0.133,F10,LOW_VOLATILITY,research_simulation
20240801,000037,0.814,F10,LOW_VOLATILITY,research_simulation
20240801,000039,0.626,F10,LOW_VOLATILITY,research_simulation
20240801,000042,0.1,F10,LOW_VOLATILITY,research_simulation
20240801,000045,0.251,F10,LOW_VOLATILITY,research_simulation
20240801,000048,0.343,F10,LOW_VOLATILITY,research_simulation
20240801,000049,0.328,F10,LOW_VOLATILITY,research_simulation
20240801,000050,0.428,F10,LOW_VOLATILITY,research_simulation
20240801,000055,0.773,F10,LOW_VOLATILITY,research_simulation
20240801,000056,0.57,F10,LOW_VOLATILITY,research_simulation
20240801,000058,0.197,F10,LOW_VOLATILITY,research_simulation
20240801,000059,0.168,F10,LOW_VOLATILITY,research_simulation
20240801,000060,0.459,F10,LOW_VOLATILITY,research_simulation
20240801,000061,0.54,F10,LOW_VOLATILITY,research_simulation
20240801,000062,0.875,F10,LOW_VOLATILITY,research_simulation
20240801,000063,0.69,F10,LOW_VOLATILITY,research_simulation
20240801,000065,0.739,F10,LOW_VOLATILITY,research_simulation
20240801,000066,0.111,F10,LOW_VOLATILITY,research_simulation
20240801,000068,0.49,F10,LOW_VOLATILITY,research_simulation
20240801,000069,0.337,F10,LOW_VOLATILITY,research_simulation
20240801,000070,0.787,F10,LOW_VOLATILITY,research_simulation
20240801,000078,0.367,F10,LOW_VOLATILITY,research_simulation
20240801,000088,0.794,F10,LOW_VOLATILITY,research_simulation
20240801,000089,0.48,F10,LOW_VOLATILITY,research_simulation
20240801,000090,0.142,F10,LOW_VOLATILITY,research_simulation
20240801,000096,0.969,F10,LOW_VOLATILITY,research_simulation
20240801,000099,0.924,F10,LOW_VOLATILITY,research_simulation
20240801,000100,0.828,F10,LOW_VOLATILITY,research_simulation
20240801,000151,0.782,F10,LOW_VOLATILITY,research_simulation
20240801,000153,0.401,F10,LOW_VOLATILITY,research_simulation
20240801,000155,0.935,F10,LOW_VOLATILITY,research_simulation
20240801,000156,0.991,F10,LOW_VOLATILITY,research_simulation
20240801,000157,0.954,F10,LOW_VOLATILITY,research_simulation
20240801,000158,0.907,F10,LOW_VOLATILITY,research_simulation
20240801,000159,0.803,F10,LOW_VOLATILITY,research_simulation
20240801,000166,0.798,F10,LOW_VOLATILITY,research_simulation
20240801,000301,0.967,F10,LOW_VOLATILITY,research_simulation
20240801,000333,0.245,F10,LOW_VOLATILITY,research_simulation
20240801,000338,0.256,F10,LOW_VOLATILITY,research_simulation
20240801,000400,0.615,F10,LOW_VOLATILITY,research_simulation
20240801,000401,0.136,F10,LOW_VOLATILITY,research_simulation
20240801,000402,0.518,F10,LOW_VOLATILITY,research_simulation
20240801,000403,0.953,F10,LOW_VOLATILITY,research_simulation
20240801,000404,0.094,F10,LOW_VOLATILITY,research_simulation
20240801,000407,0.276,F10,LOW_VOLATILITY,research_simulation
20240801,000408,0.12,F10,LOW_VOLATILITY,research_simulation
20240801,000409,0.132,F10,LOW_VOLATILITY,research_simulation
20240801,000410,0.55,F10,LOW_VOLATILITY,research_simulation
20240801,000411,0.759,F10,LOW_VOLATILITY,research_simulation
20240801,000415,0.453,F10,LOW_VOLATILITY,research_simulation
20240801,000417,0.521,F10,LOW_VOLATILITY,research_simulation
20240801,000419,0.455,F10,LOW_VOLATILITY,research_simulation
20240801,000420,0.325,F10,LOW_VOLATILITY,research_simulation
20240801,000421,0.776,F10,LOW_VOLATILITY,research_simulation
20240801,000422,0.963,F10,LOW_VOLATILITY,research_simulation
20240801,000423,0.929,F10,LOW_VOLATILITY,research_simulation
20240801,000425,0.723,F10,LOW_VOLATILITY,research_simulation
20240801,000426,0.64,F10,LOW_VOLATILITY,research_simulation
20240801,000428,0.984,F10,LOW_VOLATILITY,research_simulation
20240801,000429,0.434,F10,LOW_VOLATILITY,research_simulation
20240801,000430,0.211,F10,LOW_VOLATILITY,research_simulation
20240801,000488,0.845,F10,LOW_VOLATILITY,research_simulation
20240801,000498,0.959,F10,LOW_VOLATILITY,research_simulation
20240801,000501,0.39,F10,LOW_VOLATILITY,research_simulation
20240801,000503,0.209,F10,LOW_VOLATILITY,research_simulation
20240801,000504,0.497,F10,LOW_VOLATILITY,research_simulation
20240801,000505,0.912,F10,LOW_VOLATILITY,research_simulation
20240801,000506,0.799,F10,LOW_VOLATILITY,research_simulation
20240801,000507,0.502,F10,LOW_VOLATILITY,research_simulation
20240801,000509,0.441,F10,LOW_VOLATILITY,research_simulation
20240801,000510,0.924,F10,LOW_VOLATILITY,research_simulation
20240801,000513,0.892,F10,LOW_VOLATILITY,research_simulation
20240801,000514,0.518,F10,LOW_VOLATILITY,research_simulation
20240801,000516,0.042,F10,LOW_VOLATILITY,research_simulation
20240901,000001,0.371,F10,LOW_VOLATILITY,research_simulation
20240901,000002,0.564,F10,LOW_VOLATILITY,research_simulation
20240901,000004,0.856,F10,LOW_VOLATILITY,research_simulation
20240901,000006,0.351,F10,LOW_VOLATILITY,research_simulation
20240901,000007,0.258,F10,LOW_VOLATILITY,research_simulation
20240901,000008,0.312,F10,LOW_VOLATILITY,research_simulation
20240901,000009,0.841,F10,LOW_VOLATILITY,research_simulation
20240901,000010,0.314,F10,LOW_VOLATILITY,research_simulation
20240901,000011,0.526,F10,LOW_VOLATILITY,research_simulation
20240901,000012,0.958,F10,LOW_VOLATILITY,research_simulation
20240901,000014,0.312,F10,LOW_VOLATILITY,research_simulation
20240901,000016,0.469,F10,LOW_VOLATILITY,research_simulation
20240901,000017,0.652,F10,LOW_VOLATILITY,research_simulation
20240901,000019,0.631,F10,LOW_VOLATILITY,research_simulation
20240901,000020,0.548,F10,LOW_VOLATILITY,research_simulation
20240901,000021,0.219,F10,LOW_VOLATILITY,research_simulation
20240901,000025,0.8,F10,LOW_VOLATILITY,research_simulation
20240901,000026,0.351,F10,LOW_VOLATILITY,research_simulation
20240901,000027,0.516,F10,LOW_VOLATILITY,research_simulation
20240901,000028,0.318,F10,LOW_VOLATILITY,research_simulation
20240901,000029,0.481,F10,LOW_VOLATILITY,research_simulation
20240901,000030,0.445,F10,LOW_VOLATILITY,research_simulation
20240901,000031,0.098,F10,LOW_VOLATILITY,research_simulation
20240901,000032,0.725,F10,LOW_VOLATILITY,research_simulation
20240901,000034,0.424,F10,LOW_VOLATILITY,research_simulation
20240901,000035,0.945,F10,LOW_VOLATILITY,research_simulation
20240901,000036,0.467,F10,LOW_VOLATILITY,research_simulation
20240901,000037,0.799,F10,LOW_VOLATILITY,research_simulation
20240901,000039,0.479,F10,LOW_VOLATILITY,research_simulation
20240901,000042,0.728,F10,LOW_VOLATILITY,research_simulation
20240901,000045,0.321,F10,LOW_VOLATILITY,research_simulation
20240901,000048,0.29,F10,LOW_VOLATILITY,research_simulation
20240901,000049,0.831,F10,LOW_VOLATILITY,research_simulation
20240901,000050,0.978,F10,LOW_VOLATILITY,research_simulation
20240901,000055,0.468,F10,LOW_VOLATILITY,research_simulation
20240901,000056,0.463,F10,LOW_VOLATILITY,research_simulation
20240901,000058,0.373,F10,LOW_VOLATILITY,research_simulation
20240901,000059,0.536,F10,LOW_VOLATILITY,research_simulation
20240901,000060,0.299,F10,LOW_VOLATILITY,research_simulation
20240901,000061,0.567,F10,LOW_VOLATILITY,research_simulation
20240901,000062,0.391,F10,LOW_VOLATILITY,research_simulation
20240901,000063,0.428,F10,LOW_VOLATILITY,research_simulation
20240901,000065,0.545,F10,LOW_VOLATILITY,research_simulation
20240901,000066,0.829,F10,LOW_VOLATILITY,research_simulation
20240901,000068,0.429,F10,LOW_VOLATILITY,research_simulation
20240901,000069,0.552,F10,LOW_VOLATILITY,research_simulation
20240901,000070,0.167,F10,LOW_VOLATILITY,research_simulation
20240901,000078,0.297,F10,LOW_VOLATILITY,research_simulation
20240901,000088,0.924,F10,LOW_VOLATILITY,research_simulation
20240901,000089,0.988,F10,LOW_VOLATILITY,research_simulation
20240901,000090,0.585,F10,LOW_VOLATILITY,research_simulation
20240901,000096,0.352,F10,LOW_VOLATILITY,research_simulation
20240901,000099,0.136,F10,LOW_VOLATILITY,research_simulation
20240901,000100,0.992,F10,LOW_VOLATILITY,research_simulation
20240901,000151,0.345,F10,LOW_VOLATILITY,research_simulation
20240901,000153,0.904,F10,LOW_VOLATILITY,research_simulation
20240901,000155,0.22,F10,LOW_VOLATILITY,research_simulation
20240901,000156,0.232,F10,LOW_VOLATILITY,research_simulation
20240901,000157,0.208,F10,LOW_VOLATILITY,research_simulation
20240901,000158,0.285,F10,LOW_VOLATILITY,research_simulation
20240901,000159,0.006,F10,LOW_VOLATILITY,research_simulation
20240901,000166,0.542,F10,LOW_VOLATILITY,research_simulation
20240901,000301,0.87,F10,LOW_VOLATILITY,research_simulation
20240901,000333,0.395,F10,LOW_VOLATILITY,research_simulation
20240901,000338,0.138,F10,LOW_VOLATILITY,research_simulation
20240901,000400,0.562,F10,LOW_VOLATILITY,research_simulation
20240901,000401,0.669,F10,LOW_VOLATILITY,research_simulation
20240901,000402,0.558,F10,LOW_VOLATILITY,research_simulation
20240901,000403,0.309,F10,LOW_VOLATILITY,research_simulation
20240901,000404,0.589,F10,LOW_VOLATILITY,research_simulation
20240901,000407,0.994,F10,LOW_VOLATILITY,research_simulation
20240901,000408,0.246,F10,LOW_VOLATILITY,research_simulation
20240901,000409,0.915,F10,LOW_VOLATILITY,research_simulation
20240901,000410,0.076,F10,LOW_VOLATILITY,research_simulation
20240901,000411,0.341,F10,LOW_VOLATILITY,research_simulation
20240901,000415,0.081,F10,LOW_VOLATILITY,research_simulation
20240901,000417,0.291,F10,LOW_VOLATILITY,research_simulation
20240901,000419,0.105,F10,LOW_VOLATILITY,research_simulation
20240901,000420,0.506,F10,LOW_VOLATILITY,research_simulation
20240901,000421,0.527,F10,LOW_VOLATILITY,research_simulation
20240901,000422,0.392,F10,LOW_VOLATILITY,research_simulation
20240901,000423,0.632,F10,LOW_VOLATILITY,research_simulation
20240901,000425,0.233,F10,LOW_VOLATILITY,research_simulation
20240901,000426,0.42,F10,LOW_VOLATILITY,research_simulation
20240901,000428,0.164,F10,LOW_VOLATILITY,research_simulation
20240901,000429,0.434,F10,LOW_VOLATILITY,research_simulation
20240901,000430,0.728,F10,LOW_VOLATILITY,research_simulation
20240901,000488,0.164,F10,LOW_VOLATILITY,research_simulation
20240901,000498,0.821,F10,LOW_VOLATILITY,research_simulation
20240901,000501,0.376,F10,LOW_VOLATILITY,research_simulation
20240901,000503,0.498,F10,LOW_VOLATILITY,research_simulation
20240901,000504,0.965,F10,LOW_VOLATILITY,research_simulation
20240901,000505,0.443,F10,LOW_VOLATILITY,research_simulation
20240901,000506,0.02,F10,LOW_VOLATILITY,research_simulation
20240901,000507,0.771,F10,LOW_VOLATILITY,research_simulation
20240901,000509,0.856,F10,LOW_VOLATILITY,research_simulation
20240901,000510,0.408,F10,LOW_VOLATILITY,research_simulation
20240901,000513,0.916,F10,LOW_VOLATILITY,research_simulation
20240901,000514,0.907,F10,LOW_VOLATILITY,research_simulation
20240901,000516,0.112,F10,LOW_VOLATILITY,research_simulation
20241001,000001,0.829,F10,LOW_VOLATILITY,research_simulation
20241001,000002,0.218,F10,LOW_VOLATILITY,research_simulation
20241001,000004,0.551,F10,LOW_VOLATILITY,research_simulation
20241001,000006,0.28,F10,LOW_VOLATILITY,research_simulation
20241001,000007,0.122,F10,LOW_VOLATILITY,research_simulation
20241001,000008,0.613,F10,LOW_VOLATILITY,research_simulation
20241001,000009,0.463,F10,LOW_VOLATILITY,research_simulation
20241001,000010,0.967,F10,LOW_VOLATILITY,research_simulation
20241001,000011,0.147,F10,LOW_VOLATILITY,research_simulation
20241001,000012,0.306,F10,LOW_VOLATILITY,research_simulation
20241001,000014,0.032,F10,LOW_VOLATILITY,research_simulation
20241001,000016,0.512,F10,LOW_VOLATILITY,research_simulation
20241001,000017,0.996,F10,LOW_VOLATILITY,research_simulation
20241001,000019,0.509,F10,LOW_VOLATILITY,research_simulation
20241001,000020,0.058,F10,LOW_VOLATILITY,research_simulation
20241001,000021,0.653,F10,LOW_VOLATILITY,research_simulation
20241001,000025,0.38,F10,LOW_VOLATILITY,research_simulation
20241001,000026,0.603,F10,LOW_VOLATILITY,research_simulation
20241001,000027,0.8,F10,LOW_VOLATILITY,research_simulation
20241001,000028,0.332,F10,LOW_VOLATILITY,research_simulation
20241001,000029,0.667,F10,LOW_VOLATILITY,research_simulation
20241001,000030,0.363,F10,LOW_VOLATILITY,research_simulation
20241001,000031,0.8,F10,LOW_VOLATILITY,research_simulation
20241001,000032,0.863,F10,LOW_VOLATILITY,research_simulation
20241001,000034,0.703,F10,LOW_VOLATILITY,research_simulation
20241001,000035,0.788,F10,LOW_VOLATILITY,research_simulation
20241001,000036,0.861,F10,LOW_VOLATILITY,research_simulation
20241001,000037,0.324,F10,LOW_VOLATILITY,research_simulation
20241001,000039,0.649,F10,LOW_VOLATILITY,research_simulation
20241001,000042,0.812,F10,LOW_VOLATILITY,research_simulation
20241001,000045,0.766,F10,LOW_VOLATILITY,research_simulation
20241001,000048,0.41,F10,LOW_VOLATILITY,research_simulation
20241001,000049,0.295,F10,LOW_VOLATILITY,research_simulation
20241001,000050,0.964,F10,LOW_VOLATILITY,research_simulation
20241001,000055,0.136,F10,LOW_VOLATILITY,research_simulation
20241001,000056,0.087,F10,LOW_VOLATILITY,research_simulation
20241001,000058,0.817,F10,LOW_VOLATILITY,research_simulation
20241001,000059,0.799,F10,LOW_VOLATILITY,research_simulation
20241001,000060,0.181,F10,LOW_VOLATILITY,research_simulation
20241001,000061,0.832,F10,LOW_VOLATILITY,research_simulation
20241001,000062,0.928,F10,LOW_VOLATILITY,research_simulation
20241001,000063,0.936,F10,LOW_VOLATILITY,research_simulation
20241001,000065,0.682,F10,LOW_VOLATILITY,research_simulation
20241001,000066,0.872,F10,LOW_VOLATILITY,research_simulation
20241001,000068,0.777,F10,LOW_VOLATILITY,research_simulation
20241001,000069,0.99,F10,LOW_VOLATILITY,research_simulation
20241001,000070,0.84,F10,LOW_VOLATILITY,research_simulation
20241001,000078,0.976,F10,LOW_VOLATILITY,research_simulation
20241001,000088,0.492,F10,LOW_VOLATILITY,research_simulation
20241001,000089,0.352,F10,LOW_VOLATILITY,research_simulation
20241001,000090,0.347,F10,LOW_VOLATILITY,research_simulation
20241001,000096,0.295,F10,LOW_VOLATILITY,research_simulation
20241001,000099,0.536,F10,LOW_VOLATILITY,research_simulation
20241001,000100,0.896,F10,LOW_VOLATILITY,research_simulation
20241001,000151,0.716,F10,LOW_VOLATILITY,research_simulation
20241001,000153,0.063,F10,LOW_VOLATILITY,research_simulation
20241001,000155,0.79,F10,LOW_VOLATILITY,research_simulation
20241001,000156,0.283,F10,LOW_VOLATILITY,research_simulation
20241001,000157,0.019,F10,LOW_VOLATILITY,research_simulation
20241001,000158,0.881,F10,LOW_VOLATILITY,research_simulation
20241001,000159,0.893,F10,LOW_VOLATILITY,research_simulation
20241001,000166,0.967,F10,LOW_VOLATILITY,research_simulation
20241001,000301,0.879,F10,LOW_VOLATILITY,research_simulation
20241001,000333,0.83,F10,LOW_VOLATILITY,research_simulation
20241001,000338,0.544,F10,LOW_VOLATILITY,research_simulation
20241001,000400,0.614,F10,LOW_VOLATILITY,research_simulation
20241001,000401,0.434,F10,LOW_VOLATILITY,research_simulation
20241001,000402,0.895,F10,LOW_VOLATILITY,research_simulation
20241001,000403,0.826,F10,LOW_VOLATILITY,research_simulation
20241001,000404,0.602,F10,LOW_VOLATILITY,research_simulation
20241001,000407,0.804,F10,LOW_VOLATILITY,research_simulation
20241001,000408,0.452,F10,LOW_VOLATILITY,research_simulation
20241001,000409,0.489,F10,LOW_VOLATILITY,research_simulation
20241001,000410,0.699,F10,LOW_VOLATILITY,research_simulation
20241001,000411,0.34,F10,LOW_VOLATILITY,research_simulation
20241001,000415,0.767,F10,LOW_VOLATILITY,research_simulation
20241001,000417,0.743,F10,LOW_VOLATILITY,research_simulation
20241001,000419,0.942,F10,LOW_VOLATILITY,research_simulation
20241001,000420,0.996,F10,LOW_VOLATILITY,research_simulation
20241001,000421,0.876,F10,LOW_VOLATILITY,research_simulation
20241001,000422,0.568,F10,LOW_VOLATILITY,research_simulation
20241001,000423,0.36,F10,LOW_VOLATILITY,research_simulation
20241001,000425,0.179,F10,LOW_VOLATILITY,research_simulation
20241001,000426,0.702,F10,LOW_VOLATILITY,research_simulation
20241001,000428,0.912,F10,LOW_VOLATILITY,research_simulation
20241001,000429,0.278,F10,LOW_VOLATILITY,research_simulation
20241001,000430,0.94,F10,LOW_VOLATILITY,research_simulation
20241001,000488,0.024,F10,LOW_VOLATILITY,research_simulation
20241001,000498,0.979,F10,LOW_VOLATILITY,research_simulation
20241001,000501,0.419,F10,LOW_VOLATILITY,research_simulation
20241001,000503,0.791,F10,LOW_VOLATILITY,research_simulation
20241001,000504,0.993,F10,LOW_VOLATILITY,research_simulation
20241001,000505,0.728,F10,LOW_VOLATILITY,research_simulation
20241001,000506,0.607,F10,LOW_VOLATILITY,research_simulation
20241001,000507,0.554,F10,LOW_VOLATILITY,research_simulation
20241001,000509,0.462,F10,LOW_VOLATILITY,research_simulation
20241001,000510,0.843,F10,LOW_VOLATILITY,research_simulation
20241001,000513,0.406,F10,LOW_VOLATILITY,research_simulation
20241001,000514,0.016,F10,LOW_VOLATILITY,research_simulation
20241001,000516,0.166,F10,LOW_VOLATILITY,research_simulation
20241101,000001,0.996,F10,LOW_VOLATILITY,research_simulation
20241101,000002,0.205,F10,LOW_VOLATILITY,research_simulation
20241101,000004,0.221,F10,LOW_VOLATILITY,research_simulation
20241101,000006,0.921,F10,LOW_VOLATILITY,research_simulation
20241101,000007,0.191,F10,LOW_VOLATILITY,research_simulation
20241101,000008,0.281,F10,LOW_VOLATILITY,research_simulation
20241101,000009,0.986,F10,LOW_VOLATILITY,research_simulation
20241101,000010,0.83,F10,LOW_VOLATILITY,research_simulation
20241101,000011,0.974,F10,LOW_VOLATILITY,research_simulation
20241101,000012,0.848,F10,LOW_VOLATILITY,research_simulation
20241101,000014,0.617,F10,LOW_VOLATILITY,research_simulation
20241101,000016,0.997,F10,LOW_VOLATILITY,research_simulation
20241101,000017,0.463,F10,LOW_VOLATILITY,research_simulation
20241101,000019,0.589,F10,LOW_VOLATILITY,research_simulation
20241101,000020,0.501,F10,LOW_VOLATILITY,research_simulation
20241101,000021,0.723,F10,LOW_VOLATILITY,research_simulation
20241101,000025,0.575,F10,LOW_VOLATILITY,research_simulation
20241101,000026,0.278,F10,LOW_VOLATILITY,research_simulation
20241101,000027,0.137,F10,LOW_VOLATILITY,research_simulation
20241101,000028,0.894,F10,LOW_VOLATILITY,research_simulation
20241101,000029,0.826,F10,LOW_VOLATILITY,research_simulation
20241101,000030,0.757,F10,LOW_VOLATILITY,research_simulation
20241101,000031,0.255,F10,LOW_VOLATILITY,research_simulation
20241101,000032,0.648,F10,LOW_VOLATILITY,research_simulation
20241101,000034,0.31,F10,LOW_VOLATILITY,research_simulation
20241101,000035,0.216,F10,LOW_VOLATILITY,research_simulation
20241101,000036,0.72,F10,LOW_VOLATILITY,research_simulation
20241101,000037,0.522,F10,LOW_VOLATILITY,research_simulation
20241101,000039,0.097,F10,LOW_VOLATILITY,research_simulation
20241101,000042,0.662,F10,LOW_VOLATILITY,research_simulation
20241101,000045,0.059,F10,LOW_VOLATILITY,research_simulation
20241101,000048,0.577,F10,LOW_VOLATILITY,research_simulation
20241101,000049,0.275,F10,LOW_VOLATILITY,research_simulation
20241101,000050,0.728,F10,LOW_VOLATILITY,research_simulation
20241101,000055,0.123,F10,LOW_VOLATILITY,research_simulation
20241101,000056,0.333,F10,LOW_VOLATILITY,research_simulation
20241101,000058,0.765,F10,LOW_VOLATILITY,research_simulation
20241101,000059,0.268,F10,LOW_VOLATILITY,research_simulation
20241101,000060,0.146,F10,LOW_VOLATILITY,research_simulation
20241101,000061,0.722,F10,LOW_VOLATILITY,research_simulation
20241101,000062,0.821,F10,LOW_VOLATILITY,research_simulation
20241101,000063,0.36,F10,LOW_VOLATILITY,research_simulation
20241101,000065,0.599,F10,LOW_VOLATILITY,research_simulation
20241101,000066,0.424,F10,LOW_VOLATILITY,research_simulation
20241101,000068,0.56,F10,LOW_VOLATILITY,research_simulation
20241101,000069,0.152,F10,LOW_VOLATILITY,research_simulation
20241101,000070,0.703,F10,LOW_VOLATILITY,research_simulation
20241101,000078,0.735,F10,LOW_VOLATILITY,research_simulation
20241101,000088,0.149,F10,LOW_VOLATILITY,research_simulation
20241101,000089,0.857,F10,LOW_VOLATILITY,research_simulation
20241101,000090,0.297,F10,LOW_VOLATILITY,research_simulation
20241101,000096,0.319,F10,LOW_VOLATILITY,research_simulation
20241101,000099,0.068,F10,LOW_VOLATILITY,research_simulation
20241101,000100,0.357,F10,LOW_VOLATILITY,research_simulation
20241101,000151,0.272,F10,LOW_VOLATILITY,research_simulation
20241101,000153,0.095,F10,LOW_VOLATILITY,research_simulation
20241101,000155,0.29,F10,LOW_VOLATILITY,research_simulation
20241101,000156,0.754,F10,LOW_VOLATILITY,research_simulation
20241101,000157,0.583,F10,LOW_VOLATILITY,research_simulation
20241101,000158,0.748,F10,LOW_VOLATILITY,research_simulation
20241101,000159,0.215,F10,LOW_VOLATILITY,research_simulation
20241101,000166,0.114,F10,LOW_VOLATILITY,research_simulation
20241101,000301,0.575,F10,LOW_VOLATILITY,research_simulation
20241101,000333,0.064,F10,LOW_VOLATILITY,research_simulation
20241101,000338,0.123,F10,LOW_VOLATILITY,research_simulation
20241101,000400,0.235,F10,LOW_VOLATILITY,research_simulation
20241101,000401,0.403,F10,LOW_VOLATILITY,research_simulation
20241101,000402,0.896,F10,LOW_VOLATILITY,research_simulation
20241101,000403,0.742,F10,LOW_VOLATILITY,research_simulation
20241101,000404,0.389,F10,LOW_VOLATILITY,research_simulation
20241101,000407,0.527,F10,LOW_VOLATILITY,research_simulation
20241101,000408,0.397,F10,LOW_VOLATILITY,research_simulation
20241101,000409,0.495,F10,LOW_VOLATILITY,research_simulation
20241101,000410,0.968,F10,LOW_VOLATILITY,research_simulation
20241101,000411,0.725,F10,LOW_VOLATILITY,research_simulation
20241101,000415,0.973,F10,LOW_VOLATILITY,research_simulation
20241101,000417,0.261,F10,LOW_VOLATILITY,research_simulation
20241101,000419,0.984,F10,LOW_VOLATILITY,research_simulation
20241101,000420,0.09,F10,LOW_VOLATILITY,research_simulation
20241101,000421,0.861,F10,LOW_VOLATILITY,research_simulation
20241101,000422,0.775,F10,LOW_VOLATILITY,research_simulation
20241101,000423,0.405,F10,LOW_VOLATILITY,research_simulation
20241101,000425,0.134,F10,LOW_VOLATILITY,research_simulation
20241101,000426,0.938,F10,LOW_VOLATILITY,research_simulation
20241101,000428,0.892,F10,LOW_VOLATILITY,research_simulation
20241101,000429,0.37,F10,LOW_VOLATILITY,research_simulation
20241101,000430,0.521,F10,LOW_VOLATILITY,research_simulation
20241101,000488,0.835,F10,LOW_VOLATILITY,research_simulation
20241101,000498,0.421,F10,LOW_VOLATILITY,research_simulation
20241101,000501,0.843,F10,LOW_VOLATILITY,research_simulation
20241101,000503,0.568,F10,LOW_VOLATILITY,research_simulation
20241101,000504,0.695,F10,LOW_VOLATILITY,research_simulation
20241101,000505,0.601,F10,LOW_VOLATILITY,research_simulation
20241101,000506,0.95,F10,LOW_VOLATILITY,research_simulation
20241101,000507,0.801,F10,LOW_VOLATILITY,research_simulation
20241101,000509,0.49,F10,LOW_VOLATILITY,research_simulation
20241101,000510,0.342,F10,LOW_VOLATILITY,research_simulation
20241101,000513,0.151,F10,LOW_VOLATILITY,research_simulation
20241101,000514,0.447,F10,LOW_VOLATILITY,research_simulation
20241101,000516,0.319,F10,LOW_VOLATILITY,research_simulation
20250301,000001,0.866,F10,LOW_VOLATILITY,research_simulation
20250301,000002,0.432,F10,LOW_VOLATILITY,research_simulation
20250301,000004,0.256,F10,LOW_VOLATILITY,research_simulation
20250301,000006,0.708,F10,LOW_VOLATILITY,research_simulation
20250301,000007,0.873,F10,LOW_VOLATILITY,research_simulation
20250301,000008,0.863,F10,LOW_VOLATILITY,research_simulation
20250301,000009,0.915,F10,LOW_VOLATILITY,research_simulation
20250301,000010,0.774,F10,LOW_VOLATILITY,research_simulation
20250301,000011,0.218,F10,LOW_VOLATILITY,research_simulation
20250301,000012,0.495,F10,LOW_VOLATILITY,research_simulation
20250301,000014,0.693,F10,LOW_VOLATILITY,research_simulation
20250301,000016,0.778,F10,LOW_VOLATILITY,research_simulation
20250301,000017,0.219,F10,LOW_VOLATILITY,research_simulation
20250301,000019,0.65,F10,LOW_VOLATILITY,research_simulation
20250301,000020,0.779,F10,LOW_VOLATILITY,research_simulation
20250301,000021,0.981,F10,LOW_VOLATILITY,research_simulation
20250301,000025,0.708,F10,LOW_VOLATILITY,research_simulation
20250301,000026,0.768,F10,LOW_VOLATILITY,research_simulation
20250301,000027,0.195,F10,LOW_VOLATILITY,research_simulation
20250301,000028,0.07,F10,LOW_VOLATILITY,research_simulation
20250301,000029,0.185,F10,LOW_VOLATILITY,research_simulation
20250301,000030,0.999,F10,LOW_VOLATILITY,research_simulation
20250301,000031,0.096,F10,LOW_VOLATILITY,research_simulation
20250301,000032,0.04,F10,LOW_VOLATILITY,research_simulation
20250301,000034,0.203,F10,LOW_VOLATILITY,research_simulation
20250301,000035,0.323,F10,LOW_VOLATILITY,research_simulation
20250301,000036,0.98,F10,LOW_VOLATILITY,research_simulation
20250301,000037,0.202,F10,LOW_VOLATILITY,research_simulation
20250301,000039,0.883,F10,LOW_VOLATILITY,research_simulation
20250301,000042,0.373,F10,LOW_VOLATILITY,research_simulation
20250301,000045,0.879,F10,LOW_VOLATILITY,research_simulation
20250301,000048,0.898,F10,LOW_VOLATILITY,research_simulation
20250301,000049,0.402,F10,LOW_VOLATILITY,research_simulation
20250301,000050,0.365,F10,LOW_VOLATILITY,research_simulation
20250301,000055,0.693,F10,LOW_VOLATILITY,research_simulation
20250301,000056,0.21,F10,LOW_VOLATILITY,research_simulation
20250301,000058,0.503,F10,LOW_VOLATILITY,research_simulation
20250301,000059,0.938,F10,LOW_VOLATILITY,research_simulation
20250301,000060,0.646,F10,LOW_VOLATILITY,research_simulation
20250301,000061,0.931,F10,LOW_VOLATILITY,research_simulation
20250301,000062,0.051,F10,LOW_VOLATILITY,research_simulation
20250301,000063,0.978,F10,LOW_VOLATILITY,research_simulation
20250301,000065,0.176,F10,LOW_VOLATILITY,research_simulation
20250301,000066,0.887,F10,LOW_VOLATILITY,research_simulation
20250301,000068,0.656,F10,LOW_VOLATILITY,research_simulation
20250301,000069,0.411,F10,LOW_VOLATILITY,research_simulation
20250301,000070,0.248,F10,LOW_VOLATILITY,research_simulation
20250301,000078,0.186,F10,LOW_VOLATILITY,research_simulation
20250301,000088,0.274,F10,LOW_VOLATILITY,research_simulation
20250301,000089,0.105,F10,LOW_VOLATILITY,research_simulation
20250301,000090,0.135,F10,LOW_VOLATILITY,research_simulation
20250301,000096,0.289,F10,LOW_VOLATILITY,research_simulation
20250301,000099,0.45,F10,LOW_VOLATILITY,research_simulation
20250301,000100,0.766,F10,LOW_VOLATILITY,research_simulation
20250301,000151,0.463,F10,LOW_VOLATILITY,research_simulation
20250301,000153,0.326,F10,LOW_VOLATILITY,research_simulation
20250301,000155,0.494,F10,LOW_VOLATILITY,research_simulation
20250301,000156,0.54,F10,LOW_VOLATILITY,research_simulation
20250301,000157,0.346,F10,LOW_VOLATILITY,research_simulation
20250301,000158,0.851,F10,LOW_VOLATILITY,research_simulation
20250301,000159,0.855,F10,LOW_VOLATILITY,research_simulation
20250301,000166,0.535,F10,LOW_VOLATILITY,research_simulation
20250301,000301,0.391,F10,LOW_VOLATILITY,research_simulation
20250301,000333,0.253,F10,LOW_VOLATILITY,research_simulation
20250301,000338,0.455,F10,LOW_VOLATILITY,research_simulation
20250301,000400,0.409,F10,LOW_VOLATILITY,research_simulation
20250301,000401,0.788,F10,LOW_VOLATILITY,research_simulation
20250301,000402,0.806,F10,LOW_VOLATILITY,research_simulation
20250301,000403,0.554,F10,LOW_VOLATILITY,research_simulation
20250301,000404,0.596,F10,LOW_VOLATILITY,research_simulation
20250301,000407,0.104,F10,LOW_VOLATILITY,research_simulation
20250301,000408,0.086,F10,LOW_VOLATILITY,research_simulation
20250301,000409,0.279,F10,LOW_VOLATILITY,research_simulation
20250301,000410,0.598,F10,LOW_VOLATILITY,research_simulation
20250301,000411,0.907,F10,LOW_VOLATILITY,research_simulation
20250301,000415,0.156,F10,LOW_VOLATILITY,research_simulation
20250301,000417,0.59,F10,LOW_VOLATILITY,research_simulation
20250301,000419,0.868,F10,LOW_VOLATILITY,research_simulation
20250301,000420,0.781,F10,LOW_VOLATILITY,research_simulation
20250301,000421,0.16,F10,LOW_VOLATILITY,research_simulation
20250301,000422,0.697,F10,LOW_VOLATILITY,research_simulation
20250301,000423,0.384,F10,LOW_VOLATILITY,research_simulation
20250301,000425,0.31,F10,LOW_VOLATILITY,research_simulation
20250301,000426,0.981,F10,LOW_VOLATILITY,research_simulation
20250301,000428,0.121,F10,LOW_VOLATILITY,research_simulation
20250301,000429,0.774,F10,LOW_VOLATILITY,research_simulation
20250301,000430,0.356,F10,LOW_VOLATILITY,research_simulation
20250301,000488,0.266,F10,LOW_VOLATILITY,research_simulation
20250301,000498,0.178,F10,LOW_VOLATILITY,research_simulation
20250301,000501,0.046,F10,LOW_VOLATILITY,research_simulation
20250301,000503,0.444,F10,LOW_VOLATILITY,research_simulation
20250301,000504,0.502,F10,LOW_VOLATILITY,research_simulation
20250301,000505,0.93,F10,LOW_VOLATILITY,research_simulation
20250301,000506,0.136,F10,LOW_VOLATILITY,research_simulation
20250301,000507,0.952,F10,LOW_VOLATILITY,research_simulation
20250301,000509,0.63,F10,LOW_VOLATILITY,research_simulation
20250301,000510,0.722,F10,LOW_VOLATILITY,research_simulation
20250301,000513,0.904,F10,LOW_VOLATILITY,research_simulation
20250301,000514,0.367,F10,LOW_VOLATILITY,research_simulation
20250301,000516,0.2,F10,LOW_VOLATILITY,research_simulation
20250401,000001,0.964,F10,LOW_VOLATILITY,research_simulation
20250401,000002,0.159,F10,LOW_VOLATILITY,research_simulation
20250401,000004,0.375,F10,LOW_VOLATILITY,research_simulation
20250401,000006,0.61,F10,LOW_VOLATILITY,research_simulation
20250401,000007,0.624,F10,LOW_VOLATILITY,research_simulation
20250401,000008,0.74,F10,LOW_VOLATILITY,research_simulation
20250401,000009,0.631,F10,LOW_VOLATILITY,research_simulation
20250401,000010,0.384,F10,LOW_VOLATILITY,research_simulation
20250401,000011,0.912,F10,LOW_VOLATILITY,research_simulation
20250401,000012,0.684,F10,LOW_VOLATILITY,research_simulation
20250401,000014,0.394,F10,LOW_VOLATILITY,research_simulation
20250401,000016,0.647,F10,LOW_VOLATILITY,research_simulation
20250401,000017,0.364,F10,LOW_VOLATILITY,research_simulation
20250401,000019,0.568,F10,LOW_VOLATILITY,research_simulation
20250401,000020,0.419,F10,LOW_VOLATILITY,research_simulation
20250401,000021,0.95,F10,LOW_VOLATILITY,research_simulation
20250401,000025,0.732,F10,LOW_VOLATILITY,research_simulation
20250401,000026,0.411,F10,LOW_VOLATILITY,research_simulation
20250401,000027,0.852,F10,LOW_VOLATILITY,research_simulation
20250401,000028,0.761,F10,LOW_VOLATILITY,research_simulation
20250401,000029,0.816,F10,LOW_VOLATILITY,research_simulation
20250401,000030,0.078,F10,LOW_VOLATILITY,research_simulation
20250401,000031,0.878,F10,LOW_VOLATILITY,research_simulation
20250401,000032,0.005,F10,LOW_VOLATILITY,research_simulation
20250401,000034,0.087,F10,LOW_VOLATILITY,research_simulation
20250401,000035,0.542,F10,LOW_VOLATILITY,research_simulation
20250401,000036,0.099,F10,LOW_VOLATILITY,research_simulation
20250401,000037,0.369,F10,LOW_VOLATILITY,research_simulation
20250401,000039,0.45,F10,LOW_VOLATILITY,research_simulation
20250401,000042,0.465,F10,LOW_VOLATILITY,research_simulation
20250401,000045,0.551,F10,LOW_VOLATILITY,research_simulation
20250401,000048,0.633,F10,LOW_VOLATILITY,research_simulation
20250401,000049,0.045,F10,LOW_VOLATILITY,research_simulation
20250401,000050,0.277,F10,LOW_VOLATILITY,research_simulation
20250401,000055,0.651,F10,LOW_VOLATILITY,research_simulation
20250401,000056,0.582,F10,LOW_VOLATILITY,research_simulation
20250401,000058,0.672,F10,LOW_VOLATILITY,research_simulation
20250401,000059,0.788,F10,LOW_VOLATILITY,research_simulation
20250401,000060,0.444,F10,LOW_VOLATILITY,research_simulation
20250401,000061,0.006,F10,LOW_VOLATILITY,research_simulation
20250401,000062,0.736,F10,LOW_VOLATILITY,research_simulation
20250401,000063,0.269,F10,LOW_VOLATILITY,research_simulation
20250401,000065,0.554,F10,LOW_VOLATILITY,research_simulation
20250401,000066,0.822,F10,LOW_VOLATILITY,research_simulation
20250401,000068,0.461,F10,LOW_VOLATILITY,research_simulation
20250401,000069,0.901,F10,LOW_VOLATILITY,research_simulation
20250401,000070,0.159,F10,LOW_VOLATILITY,research_simulation
20250401,000078,0.281,F10,LOW_VOLATILITY,research_simulation
20250401,000088,0.422,F10,LOW_VOLATILITY,research_simulation
20250401,000089,0.235,F10,LOW_VOLATILITY,research_simulation
20250401,000090,0.729,F10,LOW_VOLATILITY,research_simulation
20250401,000096,0.732,F10,LOW_VOLATILITY,research_simulation
20250401,000099,0.738,F10,LOW_VOLATILITY,research_simulation
20250401,000100,0.33,F10,LOW_VOLATILITY,research_simulation
20250401,000151,0.328,F10,LOW_VOLATILITY,research_simulation
20250401,000153,0.841,F10,LOW_VOLATILITY,research_simulation
20250401,000155,0.148,F10,LOW_VOLATILITY,research_simulation
20250401,000156,0.31,F10,LOW_VOLATILITY,research_simulation
20250401,000157,0.933,F10,LOW_VOLATILITY,research_simulation
20250401,000158,0.628,F10,LOW_VOLATILITY,research_simulation
20250401,000159,0.559,F10,LOW_VOLATILITY,research_simulation
20250401,000166,0.094,F10,LOW_VOLATILITY,research_simulation
20250401,000301,0.914,F10,LOW_VOLATILITY,research_simulation
20250401,000333,0.43,F10,LOW_VOLATILITY,research_simulation
20250401,000338,0.905,F10,LOW_VOLATILITY,research_simulation
20250401,000400,0.663,F10,LOW_VOLATILITY,research_simulation
20250401,000401,0.697,F10,LOW_VOLATILITY,research_simulation
20250401,000402,0.812,F10,LOW_VOLATILITY,research_simulation
20250401,000403,0.457,F10,LOW_VOLATILITY,research_simulation
20250401,000404,0.179,F10,LOW_VOLATILITY,research_simulation
20250401,000407,0.826,F10,LOW_VOLATILITY,research_simulation
20250401,000408,0.632,F10,LOW_VOLATILITY,research_simulation
20250401,000409,0.424,F10,LOW_VOLATILITY,research_simulation
20250401,000410,0.093,F10,LOW_VOLATILITY,research_simulation
20250401,000411,0.749,F10,LOW_VOLATILITY,research_simulation
20250401,000415,0.781,F10,LOW_VOLATILITY,research_simulation
20250401,000417,0.413,F10,LOW_VOLATILITY,research_simulation
20250401,000419,0.248,F10,LOW_VOLATILITY,research_simulation
20250401,000420,0.476,F10,LOW_VOLATILITY,research_simulation
20250401,000421,0.645,F10,LOW_VOLATILITY,research_simulation
20250401,000422,0.085,F10,LOW_VOLATILITY,research_simulation
20250401,000423,0.49,F10,LOW_VOLATILITY,research_simulation
20250401,000425,0.869,F10,LOW_VOLATILITY,research_simulation
20250401,000426,0.046,F10,LOW_VOLATILITY,research_simulation
20250401,000428,0.508,F10,LOW_VOLATILITY,research_simulation
20250401,000429,0.713,F10,LOW_VOLATILITY,research_simulation
20250401,000430,0.899,F10,LOW_VOLATILITY,research_simulation
20250401,000488,0.138,F10,LOW_VOLATILITY,research_simulation
20250401,000498,0.106,F10,LOW_VOLATILITY,research_simulation
20250401,000501,0.084,F10,LOW_VOLATILITY,research_simulation
20250401,000503,0.457,F10,LOW_VOLATILITY,research_simulation
20250401,000504,0.088,F10,LOW_VOLATILITY,research_simulation
20250401,000505,0.482,F10,LOW_VOLATILITY,research_simulation
20250401,000506,0.612,F10,LOW_VOLATILITY,research_simulation
20250401,000507,0.59,F10,LOW_VOLATILITY,research_simulation
20250401,000509,0.613,F10,LOW_VOLATILITY,research_simulation
20250401,000510,0.58,F10,LOW_VOLATILITY,research_simulation
20250401,000513,0.065,F10,LOW_VOLATILITY,research_simulation
20250401,000514,0.912,F10,LOW_VOLATILITY,research_simulation
20250401,000516,0.622,F10,LOW_VOLATILITY,research_simulation
20250501,000001,0.861,F10,LOW_VOLATILITY,research_simulation
20250501,000002,0.63,F10,LOW_VOLATILITY,research_simulation
20250501,000004,0.998,F10,LOW_VOLATILITY,research_simulation
20250501,000006,0.303,F10,LOW_VOLATILITY,research_simulation
20250501,000007,0.771,F10,LOW_VOLATILITY,research_simulation
20250501,000008,0.611,F10,LOW_VOLATILITY,research_simulation
20250501,000009,0.761,F10,LOW_VOLATILITY,research_simulation
20250501,000010,0.056,F10,LOW_VOLATILITY,research_simulation
20250501,000011,0.134,F10,LOW_VOLATILITY,research_simulation
20250501,000012,0.242,F10,LOW_VOLATILITY,research_simulation
20250501,000014,0.858,F10,LOW_VOLATILITY,research_simulation
20250501,000016,0.959,F10,LOW_VOLATILITY,research_simulation
20250501,000017,0.833,F10,LOW_VOLATILITY,research_simulation
20250501,000019,0.033,F10,LOW_VOLATILITY,research_simulation
20250501,000020,0.739,F10,LOW_VOLATILITY,research_simulation
20250501,000021,0.052,F10,LOW_VOLATILITY,research_simulation
20250501,000025,0.627,F10,LOW_VOLATILITY,research_simulation
20250501,000026,0.679,F10,LOW_VOLATILITY,research_simulation
20250501,000027,0.526,F10,LOW_VOLATILITY,research_simulation
20250501,000028,0.733,F10,LOW_VOLATILITY,research_simulation
20250501,000029,0.673,F10,LOW_VOLATILITY,research_simulation
20250501,000030,0.544,F10,LOW_VOLATILITY,research_simulation
20250501,000031,0.185,F10,LOW_VOLATILITY,research_simulation
20250501,000032,0.42,F10,LOW_VOLATILITY,research_simulation
20250501,000034,0.771,F10,LOW_VOLATILITY,research_simulation
20250501,000035,0.27,F10,LOW_VOLATILITY,research_simulation
20250501,000036,0.938,F10,LOW_VOLATILITY,research_simulation
20250501,000037,0.938,F10,LOW_VOLATILITY,research_simulation
20250501,000039,0.391,F10,LOW_VOLATILITY,research_simulation
20250501,000042,0.692,F10,LOW_VOLATILITY,research_simulation
20250501,000045,0.986,F10,LOW_VOLATILITY,research_simulation
20250501,000048,0.693,F10,LOW_VOLATILITY,research_simulation
20250501,000049,0.378,F10,LOW_VOLATILITY,research_simulation
20250501,000050,0.587,F10,LOW_VOLATILITY,research_simulation
20250501,000055,0.781,F10,LOW_VOLATILITY,research_simulation
20250501,000056,0.338,F10,LOW_VOLATILITY,research_simulation
20250501,000058,0.658,F10,LOW_VOLATILITY,research_simulation
20250501,000059,0.863,F10,LOW_VOLATILITY,research_simulation
20250501,000060,0.344,F10,LOW_VOLATILITY,research_simulation
20250501,000061,0.654,F10,LOW_VOLATILITY,research_simulation
20250501,000062,0.111,F10,LOW_VOLATILITY,research_simulation
20250501,000063,0.396,F10,LOW_VOLATILITY,research_simulation
20250501,000065,0.632,F10,LOW_VOLATILITY,research_simulation
20250501,000066,0.077,F10,LOW_VOLATILITY,research_simulation
20250501,000068,0.522,F10,LOW_VOLATILITY,research_simulation
20250501,000069,0.368,F10,LOW_VOLATILITY,research_simulation
20250501,000070,0.775,F10,LOW_VOLATILITY,research_simulation
20250501,000078,0.265,F10,LOW_VOLATILITY,research_simulation
20250501,000088,0.596,F10,LOW_VOLATILITY,research_simulation
20250501,000089,0.672,F10,LOW_VOLATILITY,research_simulation
20250501,000090,0.273,F10,LOW_VOLATILITY,research_simulation
20250501,000096,0.724,F10,LOW_VOLATILITY,research_simulation
20250501,000099,0.774,F10,LOW_VOLATILITY,research_simulation
20250501,000100,0.367,F10,LOW_VOLATILITY,research_simulation
20250501,000151,0.659,F10,LOW_VOLATILITY,research_simulation
20250501,000153,0.588,F10,LOW_VOLATILITY,research_simulation
20250501,000155,0.156,F10,LOW_VOLATILITY,research_simulation
20250501,000156,0.393,F10,LOW_VOLATILITY,research_simulation
20250501,000157,0.472,F10,LOW_VOLATILITY,research_simulation
20250501,000158,0.665,F10,LOW_VOLATILITY,research_simulation
20250501,000159,0.063,F10,LOW_VOLATILITY,research_simulation
20250501,000166,0.148,F10,LOW_VOLATILITY,research_simulation
20250501,000301,0.904,F10,LOW_VOLATILITY,research_simulation
20250501,000333,0.512,F10,LOW_VOLATILITY,research_simulation
20250501,000338,0.0,F10,LOW_VOLATILITY,research_simulation
20250501,000400,0.794,F10,LOW_VOLATILITY,research_simulation
20250501,000401,0.338,F10,LOW_VOLATILITY,research_simulation
20250501,000402,0.796,F10,LOW_VOLATILITY,research_simulation
20250501,000403,0.279,F10,LOW_VOLATILITY,research_simulation
20250501,000404,0.678,F10,LOW_VOLATILITY,research_simulation
20250501,000407,0.564,F10,LOW_VOLATILITY,research_simulation
20250501,000408,0.023,F10,LOW_VOLATILITY,research_simulation
20250501,000409,0.453,F10,LOW_VOLATILITY,research_simulation
20250501,000410,0.736,F10,LOW_VOLATILITY,research_simulation
20250501,000411,0.668,F10,LOW_VOLATILITY,research_simulation
20250501,000415,0.659,F10,LOW_VOLATILITY,research_simulation
20250501,000417,0.408,F10,LOW_VOLATILITY,research_simulation
20250501,000419,0.527,F10,LOW_VOLATILITY,research_simulation
20250501,000420,0.958,F10,LOW_VOLATILITY,research_simulation
20250501,000421,0.219,F10,LOW_VOLATILITY,research_simulation
20250501,000422,0.615,F10,LOW_VOLATILITY,research_simulation
20250501,000423,0.309,F10,LOW_VOLATILITY,research_simulation
20250501,000425,0.887,F10,LOW_VOLATILITY,research_simulation
20250501,000426,0.822,F10,LOW_VOLATILITY,research_simulation
20250501,000428,0.836,F10,LOW_VOLATILITY,research_simulation
20250501,000429,0.706,F10,LOW_VOLATILITY,research_simulation
20250501,000430,0.892,F10,LOW_VOLATILITY,research_simulation
20250501,000488,0.813,F10,LOW_VOLATILITY,research_simulation
20250501,000498,0.869,F10,LOW_VOLATILITY,research_simulation
20250501,000501,0.421,F10,LOW_VOLATILITY,research_simulation
20250501,000503,0.924,F10,LOW_VOLATILITY,research_simulation
20250501,000504,0.462,F10,LOW_VOLATILITY,research_simulation
20250501,000505,0.123,F10,LOW_VOLATILITY,research_simulation
20250501,000506,0.326,F10,LOW_VOLATILITY,research_simulation
20250501,000507,0.141,F10,LOW_VOLATILITY,research_simulation
20250501,000509,0.589,F10,LOW_VOLATILITY,research_simulation
20250501,000510,0.99,F10,LOW_VOLATILITY,research_simulation
20250501,000513,0.708,F10,LOW_VOLATILITY,research_simulation
20250501,000514,0.27,F10,LOW_VOLATILITY,research_simulation
20250501,000516,0.67,F10,LOW_VOLATILITY,research_simulation
20250601,000001,0.436,F10,LOW_VOLATILITY,research_simulation
20250601,000002,0.507,F10,LOW_VOLATILITY,research_simulation
20250601,000004,0.783,F10,LOW_VOLATILITY,research_simulation
20250601,000006,0.486,F10,LOW_VOLATILITY,research_simulation
20250601,000007,0.606,F10,LOW_VOLATILITY,research_simulation
20250601,000008,0.741,F10,LOW_VOLATILITY,research_simulation
20250601,000009,0.628,F10,LOW_VOLATILITY,research_simulation
20250601,000010,0.121,F10,LOW_VOLATILITY,research_simulation
20250601,000011,0.973,F10,LOW_VOLATILITY,research_simulation
20250601,000012,0.692,F10,LOW_VOLATILITY,research_simulation
20250601,000014,0.917,F10,LOW_VOLATILITY,research_simulation
20250601,000016,0.751,F10,LOW_VOLATILITY,research_simulation
20250601,000017,0.176,F10,LOW_VOLATILITY,research_simulation
20250601,000019,0.714,F10,LOW_VOLATILITY,research_simulation
20250601,000020,0.851,F10,LOW_VOLATILITY,research_simulation
20250601,000021,0.694,F10,LOW_VOLATILITY,research_simulation
20250601,000025,0.465,F10,LOW_VOLATILITY,research_simulation
20250601,000026,0.352,F10,LOW_VOLATILITY,research_simulation
20250601,000027,0.58,F10,LOW_VOLATILITY,research_simulation
20250601,000028,0.324,F10,LOW_VOLATILITY,research_simulation
20250601,000029,0.044,F10,LOW_VOLATILITY,research_simulation
20250601,000030,0.451,F10,LOW_VOLATILITY,research_simulation
20250601,000031,0.24,F10,LOW_VOLATILITY,research_simulation
20250601,000032,0.252,F10,LOW_VOLATILITY,research_simulation
20250601,000034,0.711,F10,LOW_VOLATILITY,research_simulation
20250601,000035,0.191,F10,LOW_VOLATILITY,research_simulation
20250601,000036,0.911,F10,LOW_VOLATILITY,research_simulation
20250601,000037,0.886,F10,LOW_VOLATILITY,research_simulation
20250601,000039,0.275,F10,LOW_VOLATILITY,research_simulation
20250601,000042,0.308,F10,LOW_VOLATILITY,research_simulation
20250601,000045,0.601,F10,LOW_VOLATILITY,research_simulation
20250601,000048,0.487,F10,LOW_VOLATILITY,research_simulation
20250601,000049,0.656,F10,LOW_VOLATILITY,research_simulation
20250601,000050,0.628,F10,LOW_VOLATILITY,research_simulation
20250601,000055,0.844,F10,LOW_VOLATILITY,research_simulation
20250601,000056,0.338,F10,LOW_VOLATILITY,research_simulation
20250601,000058,0.197,F10,LOW_VOLATILITY,research_simulation
20250601,000059,0.963,F10,LOW_VOLATILITY,research_simulation
20250601,000060,0.745,F10,LOW_VOLATILITY,research_simulation
20250601,000061,0.88,F10,LOW_VOLATILITY,research_simulation
20250601,000062,0.355,F10,LOW_VOLATILITY,research_simulation
20250601,000063,0.934,F10,LOW_VOLATILITY,research_simulation
20250601,000065,0.784,F10,LOW_VOLATILITY,research_simulation
20250601,000066,0.602,F10,LOW_VOLATILITY,research_simulation
20250601,000068,0.33,F10,LOW_VOLATILITY,research_simulation
20250601,000069,0.318,F10,LOW_VOLATILITY,research_simulation
20250601,000070,0.651,F10,LOW_VOLATILITY,research_simulation
20250601,000078,0.148,F10,LOW_VOLATILITY,research_simulation
20250601,000088,0.796,F10,LOW_VOLATILITY,research_simulation
20250601,000089,0.172,F10,LOW_VOLATILITY,research_simulation
20250601,000090,0.129,F10,LOW_VOLATILITY,research_simulation
20250601,000096,0.306,F10,LOW_VOLATILITY,research_simulation
20250601,000099,0.177,F10,LOW_VOLATILITY,research_simulation
20250601,000100,0.914,F10,LOW_VOLATILITY,research_simulation
20250601,000151,0.159,F10,LOW_VOLATILITY,research_simulation
20250601,000153,0.006,F10,LOW_VOLATILITY,research_simulation
20250601,000155,0.623,F10,LOW_VOLATILITY,research_simulation
20250601,000156,0.278,F10,LOW_VOLATILITY,research_simulation
20250601,000157,0.222,F10,LOW_VOLATILITY,research_simulation
20250601,000158,0.492,F10,LOW_VOLATILITY,research_simulation
20250601,000159,0.881,F10,LOW_VOLATILITY,research_simulation
20250601,000166,0.454,F10,LOW_VOLATILITY,research_simulation
20250601,000301,0.746,F10,LOW_VOLATILITY,research_simulation
20250601,000333,0.292,F10,LOW_VOLATILITY,research_simulation
20250601,000338,0.351,F10,LOW_VOLATILITY,research_simulation
20250601,000400,0.051,F10,LOW_VOLATILITY,research_simulation
20250601,000401,0.092,F10,LOW_VOLATILITY,research_simulation
20250601,000402,0.297,F10,LOW_VOLATILITY,research_simulation
20250601,000403,0.368,F10,LOW_VOLATILITY,research_simulation
20250601,000404,0.276,F10,LOW_VOLATILITY,research_simulation
20250601,000407,0.737,F10,LOW_VOLATILITY,research_simulation
20250601,000408,0.808,F10,LOW_VOLATILITY,research_simulation
20250601,000409,0.885,F10,LOW_VOLATILITY,research_simulation
20250601,000410,0.394,F10,LOW_VOLATILITY,research_simulation
20250601,000411,0.723,F10,LOW_VOLATILITY,research_simulation
20250601,000415,0.122,F10,LOW_VOLATILITY,research_simulation
20250601,000417,0.217,F10,LOW_VOLATILITY,research_simulation
20250601,000419,0.655,F10,LOW_VOLATILITY,research_simulation
20250601,000420,0.727,F10,LOW_VOLATILITY,research_simulation
20250601,000421,0.595,F10,LOW_VOLATILITY,research_simulation
20250601,000422,0.208,F10,LOW_VOLATILITY,research_simulation
20250601,000423,0.121,F10,LOW_VOLATILITY,research_simulation
20250601,000425,0.066,F10,LOW_VOLATILITY,research_simulation
20250601,000426,0.38,F10,LOW_VOLATILITY,research_simulation
20250601,000428,0.318,F10,LOW_VOLATILITY,research_simulation
20250601,000429,0.997,F10,LOW_VOLATILITY,research_simulation
20250601,000430,0.558,F10,LOW_VOLATILITY,research_simulation
20250601,000488,0.176,F10,LOW_VOLATILITY,research_simulation
20250601,000498,0.664,F10,LOW_VOLATILITY,research_simulation
20250601,000501,0.184,F10,LOW_VOLATILITY,research_simulation
20250601,000503,0.742,F10,LOW_VOLATILITY,research_simulation
20250601,000504,0.148,F10,LOW_VOLATILITY,research_simulation
20250601,000505,0.912,F10,LOW_VOLATILITY,research_simulation
20250601,000506,0.209,F10,LOW_VOLATILITY,research_simulation
20250601,000507,0.073,F10,LOW_VOLATILITY,research_simulation
20250601,000509,0.739,F10,LOW_VOLATILITY,research_simulation
20250601,000510,0.402,F10,LOW_VOLATILITY,research_simulation
20250601,000513,0.497,F10,LOW_VOLATILITY,research_simulation
20250601,000514,0.382,F10,LOW_VOLATILITY,research_simulation
20250601,000516,0.243,F10,LOW_VOLATILITY,research_simulation
20250701,000001,0.463,F10,LOW_VOLATILITY,research_simulation
20250701,000002,0.949,F10,LOW_VOLATILITY,research_simulation
20250701,000004,0.126,F10,LOW_VOLATILITY,research_simulation
20250701,000006,0.548,F10,LOW_VOLATILITY,research_simulation
20250701,000007,0.433,F10,LOW_VOLATILITY,research_simulation
20250701,000008,0.745,F10,LOW_VOLATILITY,research_simulation
20250701,000009,0.293,F10,LOW_VOLATILITY,research_simulation
20250701,000010,0.335,F10,LOW_VOLATILITY,research_simulation
20250701,000011,0.227,F10,LOW_VOLATILITY,research_simulation
20250701,000012,0.938,F10,LOW_VOLATILITY,research_simulation
20250701,000014,0.253,F10,LOW_VOLATILITY,research_simulation
20250701,000016,0.5,F10,LOW_VOLATILITY,research_simulation
20250701,000017,0.49,F10,LOW_VOLATILITY,research_simulation
20250701,000019,0.983,F10,LOW_VOLATILITY,research_simulation
20250701,000020,0.955,F10,LOW_VOLATILITY,research_simulation
20250701,000021,0.272,F10,LOW_VOLATILITY,research_simulation
20250701,000025,0.892,F10,LOW_VOLATILITY,research_simulation
20250701,000026,0.102,F10,LOW_VOLATILITY,research_simulation
20250701,000027,0.855,F10,LOW_VOLATILITY,research_simulation
20250701,000028,0.227,F10,LOW_VOLATILITY,research_simulation
20250701,000029,0.2,F10,LOW_VOLATILITY,research_simulation
20250701,000030,0.189,F10,LOW_VOLATILITY,research_simulation
20250701,000031,0.66,F10,LOW_VOLATILITY,research_simulation
20250701,000032,0.241,F10,LOW_VOLATILITY,research_simulation
20250701,000034,0.348,F10,LOW_VOLATILITY,research_simulation
20250701,000035,0.361,F10,LOW_VOLATILITY,research_simulation
20250701,000036,0.194,F10,LOW_VOLATILITY,research_simulation
20250701,000037,0.1,F10,LOW_VOLATILITY,research_simulation
20250701,000039,0.443,F10,LOW_VOLATILITY,research_simulation
20250701,000042,0.514,F10,LOW_VOLATILITY,research_simulation
20250701,000045,0.68,F10,LOW_VOLATILITY,research_simulation
20250701,000048,0.324,F10,LOW_VOLATILITY,research_simulation
20250701,000049,0.38,F10,LOW_VOLATILITY,research_simulation
20250701,000050,0.126,F10,LOW_VOLATILITY,research_simulation
20250701,000055,0.419,F10,LOW_VOLATILITY,research_simulation
20250701,000056,0.595,F10,LOW_VOLATILITY,research_simulation
20250701,000058,0.858,F10,LOW_VOLATILITY,research_simulation
20250701,000059,0.67,F10,LOW_VOLATILITY,research_simulation
20250701,000060,0.674,F10,LOW_VOLATILITY,research_simulation
20250701,000061,0.652,F10,LOW_VOLATILITY,research_simulation
20250701,000062,0.242,F10,LOW_VOLATILITY,research_simulation
20250701,000063,0.823,F10,LOW_VOLATILITY,research_simulation
20250701,000065,0.756,F10,LOW_VOLATILITY,research_simulation
20250701,000066,0.767,F10,LOW_VOLATILITY,research_simulation
20250701,000068,0.29,F10,LOW_VOLATILITY,research_simulation
20250701,000069,0.409,F10,LOW_VOLATILITY,research_simulation
20250701,000070,0.296,F10,LOW_VOLATILITY,research_simulation
20250701,000078,0.503,F10,LOW_VOLATILITY,research_simulation
20250701,000088,0.054,F10,LOW_VOLATILITY,research_simulation
20250701,000089,0.89,F10,LOW_VOLATILITY,research_simulation
20250701,000090,0.497,F10,LOW_VOLATILITY,research_simulation
20250701,000096,0.457,F10,LOW_VOLATILITY,research_simulation
20250701,000099,0.028,F10,LOW_VOLATILITY,research_simulation
20250701,000100,0.51,F10,LOW_VOLATILITY,research_simulation
20250701,000151,0.641,F10,LOW_VOLATILITY,research_simulation
20250701,000153,0.281,F10,LOW_VOLATILITY,research_simulation
20250701,000155,0.736,F10,LOW_VOLATILITY,research_simulation
20250701,000156,0.026,F10,LOW_VOLATILITY,research_simulation
20250701,000157,0.127,F10,LOW_VOLATILITY,research_simulation
20250701,000158,0.878,F10,LOW_VOLATILITY,research_simulation
20250701,000159,0.402,F10,LOW_VOLATILITY,research_simulation
20250701,000166,0.854,F10,LOW_VOLATILITY,research_simulation
20250701,000301,0.095,F10,LOW_VOLATILITY,research_simulation
20250701,000333,0.763,F10,LOW_VOLATILITY,research_simulation
20250701,000338,0.742,F10,LOW_VOLATILITY,research_simulation
20250701,000400,0.107,F10,LOW_VOLATILITY,research_simulation
20250701,000401,0.318,F10,LOW_VOLATILITY,research_simulation
20250701,000402,0.036,F10,LOW_VOLATILITY,research_simulation
20250701,000403,0.953,F10,LOW_VOLATILITY,research_simulation
20250701,000404,0.71,F10,LOW_VOLATILITY,research_simulation
20250701,000407,0.667,F10,LOW_VOLATILITY,research_simulation
20250701,000408,0.664,F10,LOW_VOLATILITY,research_simulation
20250701,000409,0.701,F10,LOW_VOLATILITY,research_simulation
20250701,000410,0.838,F10,LOW_VOLATILITY,research_simulation
20250701,000411,0.614,F10,LOW_VOLATILITY,research_simulation
20250701,000415,0.408,F10,LOW_VOLATILITY,research_simulation
20250701,000417,0.102,F10,LOW_VOLATILITY,research_simulation
20250701,000419,0.236,F10,LOW_VOLATILITY,research_simulation
20250701,000420,0.915,F10,LOW_VOLATILITY,research_simulation
20250701,000421,0.095,F10,LOW_VOLATILITY,research_simulation
20250701,000422,0.67,F10,LOW_VOLATILITY,research_simulation
20250701,000423,0.264,F10,LOW_VOLATILITY,research_simulation
20250701,000425,0.853,F10,LOW_VOLATILITY,research_simulation
20250701,000426,0.7,F10,LOW_VOLATILITY,research_simulation
20250701,000428,0.043,F10,LOW_VOLATILITY,research_simulation
20250701,000429,0.228,F10,LOW_VOLATILITY,research_simulation
20250701,000430,0.195,F10,LOW_VOLATILITY,research_simulation
20250701,000488,0.237,F10,LOW_VOLATILITY,research_simulation
20250701,000498,0.414,F10,LOW_VOLATILITY,research_simulation
20250701,000501,0.028,F10,LOW_VOLATILITY,research_simulation
20250701,000503,0.076,F10,LOW_VOLATILITY,research_simulation
20250701,000504,0.572,F10,LOW_VOLATILITY,research_simulation
20250701,000505,0.003,F10,LOW_VOLATILITY,research_simulation
20250701,000506,0.932,F10,LOW_VOLATILITY,research_simulation
20250701,000507,0.43,F10,LOW_VOLATILITY,research_simulation
20250701,000509,0.904,F10,LOW_VOLATILITY,research_simulation
20250701,000510,0.488,F10,LOW_VOLATILITY,research_simulation
20250701,000513,0.944,F10,LOW_VOLATILITY,research_simulation
20250701,000514,0.976,F10,LOW_VOLATILITY,research_simulation
20250701,000516,0.635,F10,LOW_VOLATILITY,research_simulation
20250901,000001,0.775,F10,LOW_VOLATILITY,research_simulation
20250901,000002,0.736,F10,LOW_VOLATILITY,research_simulation
20250901,000004,0.459,F10,LOW_VOLATILITY,research_simulation
20250901,000006,0.675,F10,LOW_VOLATILITY,research_simulation
20250901,000007,0.126,F10,LOW_VOLATILITY,research_simulation
20250901,000008,0.776,F10,LOW_VOLATILITY,research_simulation
20250901,000009,0.144,F10,LOW_VOLATILITY,research_simulation
20250901,000010,0.222,F10,LOW_VOLATILITY,research_simulation
20250901,000011,0.385,F10,LOW_VOLATILITY,research_simulation
20250901,000012,0.571,F10,LOW_VOLATILITY,research_simulation
20250901,000014,0.656,F10,LOW_VOLATILITY,research_simulation
20250901,000016,0.238,F10,LOW_VOLATILITY,research_simulation
20250901,000017,0.036,F10,LOW_VOLATILITY,research_simulation
20250901,000019,0.564,F10,LOW_VOLATILITY,research_simulation
20250901,000020,0.265,F10,LOW_VOLATILITY,research_simulation
20250901,000021,0.676,F10,LOW_VOLATILITY,research_simulation
20250901,000025,0.974,F10,LOW_VOLATILITY,research_simulation
20250901,000026,0.474,F10,LOW_VOLATILITY,research_simulation
20250901,000027,0.584,F10,LOW_VOLATILITY,research_simulation
20250901,000028,0.151,F10,LOW_VOLATILITY,research_simulation
20250901,000029,0.648,F10,LOW_VOLATILITY,research_simulation
20250901,000030,0.549,F10,LOW_VOLATILITY,research_simulation
20250901,000031,0.399,F10,LOW_VOLATILITY,research_simulation
20250901,000032,0.471,F10,LOW_VOLATILITY,research_simulation
20250901,000034,0.306,F10,LOW_VOLATILITY,research_simulation
20250901,000035,0.009,F10,LOW_VOLATILITY,research_simulation
20250901,000036,0.562,F10,LOW_VOLATILITY,research_simulation
20250901,000037,0.523,F10,LOW_VOLATILITY,research_simulation
20250901,000039,0.39,F10,LOW_VOLATILITY,research_simulation
20250901,000042,0.864,F10,LOW_VOLATILITY,research_simulation
20250901,000045,0.028,F10,LOW_VOLATILITY,research_simulation
20250901,000048,0.555,F10,LOW_VOLATILITY,research_simulation
20250901,000049,0.548,F10,LOW_VOLATILITY,research_simulation
20250901,000050,0.146,F10,LOW_VOLATILITY,research_simulation
20250901,000055,0.316,F10,LOW_VOLATILITY,research_simulation
20250901,000056,0.453,F10,LOW_VOLATILITY,research_simulation
20250901,000058,0.265,F10,LOW_VOLATILITY,research_simulation
20250901,000059,0.736,F10,LOW_VOLATILITY,research_simulation
20250901,000060,0.693,F10,LOW_VOLATILITY,research_simulation
20250901,000061,0.97,F10,LOW_VOLATILITY,research_simulation
20250901,000062,0.463,F10,LOW_VOLATILITY,research_simulation
20250901,000063,0.516,F10,LOW_VOLATILITY,research_simulation
20250901,000065,0.892,F10,LOW_VOLATILITY,research_simulation
20250901,000066,0.626,F10,LOW_VOLATILITY,research_simulation
20250901,000068,0.58,F10,LOW_VOLATILITY,research_simulation
20250901,000069,0.539,F10,LOW_VOLATILITY,research_simulation
20250901,000070,0.624,F10,LOW_VOLATILITY,research_simulation
20250901,000078,0.229,F10,LOW_VOLATILITY,research_simulation
20250901,000088,0.857,F10,LOW_VOLATILITY,research_simulation
20250901,000089,0.577,F10,LOW_VOLATILITY,research_simulation
20250901,000090,0.081,F10,LOW_VOLATILITY,research_simulation
20250901,000096,0.973,F10,LOW_VOLATILITY,research_simulation
20250901,000099,0.136,F10,LOW_VOLATILITY,research_simulation
20250901,000100,0.29,F10,LOW_VOLATILITY,research_simulation
20250901,000151,0.757,F10,LOW_VOLATILITY,research_simulation
20250901,000153,0.993,F10,LOW_VOLATILITY,research_simulation
20250901,000155,0.496,F10,LOW_VOLATILITY,research_simulation
20250901,000156,0.222,F10,LOW_VOLATILITY,research_simulation
20250901,000157,0.122,F10,LOW_VOLATILITY,research_simulation
20250901,000158,0.134,F10,LOW_VOLATILITY,research_simulation
20250901,000159,0.331,F10,LOW_VOLATILITY,research_simulation
20250901,000166,0.271,F10,LOW_VOLATILITY,research_simulation
20250901,000301,0.327,F10,LOW_VOLATILITY,research_simulation
20250901,000333,0.004,F10,LOW_VOLATILITY,research_simulation
20250901,000338,0.375,F10,LOW_VOLATILITY,research_simulation
20250901,000400,0.255,F10,LOW_VOLATILITY,research_simulation
20250901,000401,0.631,F10,LOW_VOLATILITY,research_simulation
20250901,000402,0.67,F10,LOW_VOLATILITY,research_simulation
20250901,000403,0.233,F10,LOW_VOLATILITY,research_simulation
20250901,000404,0.086,F10,LOW_VOLATILITY,research_simulation
20250901,000407,0.368,F10,LOW_VOLATILITY,research_simulation
20250901,000408,0.842,F10,LOW_VOLATILITY,research_simulation
20250901,000409,0.596,F10,LOW_VOLATILITY,research_simulation
20250901,000410,0.194,F10,LOW_VOLATILITY,research_simulation
20250901,000411,0.434,F10,LOW_VOLATILITY,research_simulation
20250901,000415,0.757,F10,LOW_VOLATILITY,research_simulation
20250901,000417,0.3,F10,LOW_VOLATILITY,research_simulation
20250901,000419,0.498,F10,LOW_VOLATILITY,research_simulation
20250901,000420,0.347,F10,LOW_VOLATILITY,research_simulation
20250901,000421,0.437,F10,LOW_VOLATILITY,research_simulation
20250901,000422,0.712,F10,LOW_VOLATILITY,research_simulation
20250901,000423,0.037,F10,LOW_VOLATILITY,research_simulation
20250901,000425,0.552,F10,LOW_VOLATILITY,research_simulation
20250901,000426,0.786,F10,LOW_VOLATILITY,research_simulation
20250901,000428,0.474,F10,LOW_VOLATILITY,research_simulation
20250901,000429,0.967,F10,LOW_VOLATILITY,research_simulation
20250901,000430,0.825,F10,LOW_VOLATILITY,research_simulation
20250901,000488,0.636,F10,LOW_VOLATILITY,research_simulation
20250901,000498,0.576,F10,LOW_VOLATILITY,research_simulation
20250901,000501,0.031,F10,LOW_VOLATILITY,research_simulation
20250901,000503,0.378,F10,LOW_VOLATILITY,research_simulation
20250901,000504,0.642,F10,LOW_VOLATILITY,research_simulation
20250901,000505,0.299,F10,LOW_VOLATILITY,research_simulation
20250901,000506,0.269,F10,LOW_VOLATILITY,research_simulation
20250901,000507,0.657,F10,LOW_VOLATILITY,research_simulation
20250901,000509,0.412,F10,LOW_VOLATILITY,research_simulation
20250901,000510,0.658,F10,LOW_VOLATILITY,research_simulation
20250901,000513,0.099,F10,LOW_VOLATILITY,research_simulation
20250901,000514,0.499,F10,LOW_VOLATILITY,research_simulation
20250901,000516,0.175,F10,LOW_VOLATILITY,research_simulation
20260201,000001,0.831,F10,LOW_VOLATILITY,research_simulation
20260201,000002,0.866,F10,LOW_VOLATILITY,research_simulation
20260201,000004,0.338,F10,LOW_VOLATILITY,research_simulation
20260201,000006,0.521,F10,LOW_VOLATILITY,research_simulation
20260201,000007,0.136,F10,LOW_VOLATILITY,research_simulation
20260201,000008,0.138,F10,LOW_VOLATILITY,research_simulation
20260201,000009,0.022,F10,LOW_VOLATILITY,research_simulation
20260201,000010,0.683,F10,LOW_VOLATILITY,research_simulation
20260201,000011,0.121,F10,LOW_VOLATILITY,research_simulation
20260201,000012,0.54,F10,LOW_VOLATILITY,research_simulation
20260201,000014,0.541,F10,LOW_VOLATILITY,research_simulation
20260201,000016,0.627,F10,LOW_VOLATILITY,research_simulation
20260201,000017,0.987,F10,LOW_VOLATILITY,research_simulation
20260201,000019,0.434,F10,LOW_VOLATILITY,research_simulation
20260201,000020,0.617,F10,LOW_VOLATILITY,research_simulation
20260201,000021,0.138,F10,LOW_VOLATILITY,research_simulation
20260201,000025,0.719,F10,LOW_VOLATILITY,research_simulation
20260201,000026,0.569,F10,LOW_VOLATILITY,research_simulation
20260201,000027,0.996,F10,LOW_VOLATILITY,research_simulation
20260201,000028,0.016,F10,LOW_VOLATILITY,research_simulation
20260201,000029,0.3,F10,LOW_VOLATILITY,research_simulation
20260201,000030,0.235,F10,LOW_VOLATILITY,research_simulation
20260201,000031,0.754,F10,LOW_VOLATILITY,research_simulation
20260201,000032,0.585,F10,LOW_VOLATILITY,research_simulation
20260201,000034,0.39,F10,LOW_VOLATILITY,research_simulation
20260201,000035,0.941,F10,LOW_VOLATILITY,research_simulation
20260201,000036,0.969,F10,LOW_VOLATILITY,research_simulation
20260201,000037,0.592,F10,LOW_VOLATILITY,research_simulation
20260201,000039,0.552,F10,LOW_VOLATILITY,research_simulation
20260201,000042,0.568,F10,LOW_VOLATILITY,research_simulation
20260201,000045,0.31,F10,LOW_VOLATILITY,research_simulation
20260201,000048,0.726,F10,LOW_VOLATILITY,research_simulation
20260201,000049,0.607,F10,LOW_VOLATILITY,research_simulation
20260201,000050,0.338,F10,LOW_VOLATILITY,research_simulation
20260201,000055,0.705,F10,LOW_VOLATILITY,research_simulation
20260201,000056,0.797,F10,LOW_VOLATILITY,research_simulation
20260201,000058,0.469,F10,LOW_VOLATILITY,research_simulation
20260201,000059,0.986,F10,LOW_VOLATILITY,research_simulation
20260201,000060,0.695,F10,LOW_VOLATILITY,research_simulation
20260201,000061,0.852,F10,LOW_VOLATILITY,research_simulation
20260201,000062,0.322,F10,LOW_VOLATILITY,research_simulation
20260201,000063,0.37,F10,LOW_VOLATILITY,research_simulation
20260201,000065,0.897,F10,LOW_VOLATILITY,research_simulation
20260201,000066,0.191,F10,LOW_VOLATILITY,research_simulation
20260201,000068,0.213,F10,LOW_VOLATILITY,research_simulation
20260201,000069,0.817,F10,LOW_VOLATILITY,research_simulation
20260201,000070,0.912,F10,LOW_VOLATILITY,research_simulation
20260201,000078,0.739,F10,LOW_VOLATILITY,research_simulation
20260201,000088,0.464,F10,LOW_VOLATILITY,research_simulation
20260201,000089,0.717,F10,LOW_VOLATILITY,research_simulation
20260201,000090,0.205,F10,LOW_VOLATILITY,research_simulation
20260201,000096,0.98,F10,LOW_VOLATILITY,research_simulation
20260201,000099,0.311,F10,LOW_VOLATILITY,research_simulation
20260201,000100,0.269,F10,LOW_VOLATILITY,research_simulation
20260201,000151,0.501,F10,LOW_VOLATILITY,research_simulation
20260201,000153,0.577,F10,LOW_VOLATILITY,research_simulation
20260201,000155,0.573,F10,LOW_VOLATILITY,research_simulation
20260201,000156,0.037,F10,LOW_VOLATILITY,research_simulation
20260201,000157,0.953,F10,LOW_VOLATILITY,research_simulation
20260201,000158,0.981,F10,LOW_VOLATILITY,research_simulation
20260201,000159,0.491,F10,LOW_VOLATILITY,research_simulation
20260201,000166,0.659,F10,LOW_VOLATILITY,research_simulation
20260201,000301,0.672,F10,LOW_VOLATILITY,research_simulation
20260201,000333,0.676,F10,LOW_VOLATILITY,research_simulation
20260201,000338,0.579,F10,LOW_VOLATILITY,research_simulation
20260201,000400,0.202,F10,LOW_VOLATILITY,research_simulation
20260201,000401,0.794,F10,LOW_VOLATILITY,research_simulation
20260201,000402,0.426,F10,LOW_VOLATILITY,research_simulation
20260201,000403,0.399,F10,LOW_VOLATILITY,research_simulation
20260201,000404,0.322,F10,LOW_VOLATILITY,research_simulation
20260201,000407,0.845,F10,LOW_VOLATILITY,research_simulation
20260201,000408,0.596,F10,LOW_VOLATILITY,research_simulation
20260201,000409,0.052,F10,LOW_VOLATILITY,research_simulation
20260201,000410,0.277,F10,LOW_VOLATILITY,research_simulation
20260201,000411,0.849,F10,LOW_VOLATILITY,research_simulation
20260201,000415,0.508,F10,LOW_VOLATILITY,research_simulation
20260201,000417,0.456,F10,LOW_VOLATILITY,research_simulation
20260201,000419,0.268,F10,LOW_VOLATILITY,research_simulation
20260201,000420,0.599,F10,LOW_VOLATILITY,research_simulation
20260201,000421,0.47,F10,LOW_VOLATILITY,research_simulation
20260201,000422,0.335,F10,LOW_VOLATILITY,research_simulation
20260201,000423,0.423,F10,LOW_VOLATILITY,research_simulation
20260201,000425,0.263,F10,LOW_VOLATILITY,research_simulation
20260201,000426,0.255,F10,LOW_VOLATILITY,research_simulation
20260201,000428,0.734,F10,LOW_VOLATILITY,research_simulation
20260201,000429,0.876,F10,LOW_VOLATILITY,research_simulation
20260201,000430,0.403,F10,LOW_VOLATILITY,research_simulation
20260201,000488,0.195,F10,LOW_VOLATILITY,research_simulation
20260201,000498,0.691,F10,LOW_VOLATILITY,research_simulation
20260201,000501,0.939,F10,LOW_VOLATILITY,research_simulation
20260201,000503,0.605,F10,LOW_VOLATILITY,research_simulation
20260201,000504,0.179,F10,LOW_VOLATILITY,research_simulation
20260201,000505,0.59,F10,LOW_VOLATILITY,research_simulation
20260201,000506,0.834,F10,LOW_VOLATILITY,research_simulation
20260201,000507,0.7,F10,LOW_VOLATILITY,research_simulation
20260201,000509,0.396,F10,LOW_VOLATILITY,research_simulation
20260201,000510,0.887,F10,LOW_VOLATILITY,research_simulation
20260201,000513,0.158,F10,LOW_VOLATILITY,research_simulation
20260201,000514,0.062,F10,LOW_VOLATILITY,research_simulation
20260201,000516,0.636,F10,LOW_VOLATILITY,research_simulation
20260301,000001,0.17,F10,LOW_VOLATILITY,research_simulation
20260301,000002,0.876,F10,LOW_VOLATILITY,research_simulation
20260301,000004,0.768,F10,LOW_VOLATILITY,research_simulation
20260301,000006,0.936,F10,LOW_VOLATILITY,research_simulation
20260301,000007,0.502,F10,LOW_VOLATILITY,research_simulation
20260301,000008,0.929,F10,LOW_VOLATILITY,research_simulation
20260301,000009,0.58,F10,LOW_VOLATILITY,research_simulation
20260301,000010,0.744,F10,LOW_VOLATILITY,research_simulation
20260301,000011,0.016,F10,LOW_VOLATILITY,research_simulation
20260301,000012,0.859,F10,LOW_VOLATILITY,research_simulation
20260301,000014,0.385,F10,LOW_VOLATILITY,research_simulation
20260301,000016,0.923,F10,LOW_VOLATILITY,research_simulation
20260301,000017,0.964,F10,LOW_VOLATILITY,research_simulation
20260301,000019,0.489,F10,LOW_VOLATILITY,research_simulation
20260301,000020,0.486,F10,LOW_VOLATILITY,research_simulation
20260301,000021,0.383,F10,LOW_VOLATILITY,research_simulation
20260301,000025,0.834,F10,LOW_VOLATILITY,research_simulation
20260301,000026,0.815,F10,LOW_VOLATILITY,research_simulation
20260301,000027,0.314,F10,LOW_VOLATILITY,research_simulation
20260301,000028,0.154,F10,LOW_VOLATILITY,research_simulation
20260301,000029,0.386,F10,LOW_VOLATILITY,research_simulation
20260301,000030,0.688,F10,LOW_VOLATILITY,research_simulation
20260301,000031,0.04,F10,LOW_VOLATILITY,research_simulation
20260301,000032,0.697,F10,LOW_VOLATILITY,research_simulation
20260301,000034,0.227,F10,LOW_VOLATILITY,research_simulation
20260301,000035,0.312,F10,LOW_VOLATILITY,research_simulation
20260301,000036,0.743,F10,LOW_VOLATILITY,research_simulation
20260301,000037,0.722,F10,LOW_VOLATILITY,research_simulation
20260301,000039,0.55,F10,LOW_VOLATILITY,research_simulation
20260301,000042,0.622,F10,LOW_VOLATILITY,research_simulation
20260301,000045,0.765,F10,LOW_VOLATILITY,research_simulation
20260301,000048,0.703,F10,LOW_VOLATILITY,research_simulation
20260301,000049,0.138,F10,LOW_VOLATILITY,research_simulation
20260301,000050,0.254,F10,LOW_VOLATILITY,research_simulation
20260301,000055,0.788,F10,LOW_VOLATILITY,research_simulation
20260301,000056,0.162,F10,LOW_VOLATILITY,research_simulation
20260301,000058,0.277,F10,LOW_VOLATILITY,research_simulation
20260301,000059,0.539,F10,LOW_VOLATILITY,research_simulation
20260301,000060,0.181,F10,LOW_VOLATILITY,research_simulation
20260301,000061,0.566,F10,LOW_VOLATILITY,research_simulation
20260301,000062,0.285,F10,LOW_VOLATILITY,research_simulation
20260301,000063,0.203,F10,LOW_VOLATILITY,research_simulation
20260301,000065,0.683,F10,LOW_VOLATILITY,research_simulation
20260301,000066,0.643,F10,LOW_VOLATILITY,research_simulation
20260301,000068,0.754,F10,LOW_VOLATILITY,research_simulation
20260301,000069,0.1,F10,LOW_VOLATILITY,research_simulation
20260301,000070,0.166,F10,LOW_VOLATILITY,research_simulation
20260301,000078,0.978,F10,LOW_VOLATILITY,research_simulation
20260301,000088,0.134,F10,LOW_VOLATILITY,research_simulation
20260301,000089,0.099,F10,LOW_VOLATILITY,research_simulation
20260301,000090,0.575,F10,LOW_VOLATILITY,research_simulation
20260301,000096,0.415,F10,LOW_VOLATILITY,research_simulation
20260301,000099,0.537,F10,LOW_VOLATILITY,research_simulation
20260301,000100,0.235,F10,LOW_VOLATILITY,research_simulation
20260301,000151,0.766,F10,LOW_VOLATILITY,research_simulation
20260301,000153,0.794,F10,LOW_VOLATILITY,research_simulation
20260301,000155,0.482,F10,LOW_VOLATILITY,research_simulation
20260301,000156,0.402,F10,LOW_VOLATILITY,research_simulation
20260301,000157,0.785,F10,LOW_VOLATILITY,research_simulation
20260301,000158,0.42,F10,LOW_VOLATILITY,research_simulation
20260301,000159,0.077,F10,LOW_VOLATILITY,research_simulation
20260301,000166,0.521,F10,LOW_VOLATILITY,research_simulation
20260301,000301,0.266,F10,LOW_VOLATILITY,research_simulation
20260301,000333,0.154,F10,LOW_VOLATILITY,research_simulation
20260301,000338,0.003,F10,LOW_VOLATILITY,research_simulation
20260301,000400,0.603,F10,LOW_VOLATILITY,research_simulation
20260301,000401,0.174,F10,LOW_VOLATILITY,research_simulation
20260301,000402,0.683,F10,LOW_VOLATILITY,research_simulation
20260301,000403,0.024,F10,LOW_VOLATILITY,research_simulation
20260301,000404,0.632,F10,LOW_VOLATILITY,research_simulation
20260301,000407,0.102,F10,LOW_VOLATILITY,research_simulation
20260301,000408,0.429,F10,LOW_VOLATILITY,research_simulation
20260301,000409,0.882,F10,LOW_VOLATILITY,research_simulation
20260301,000410,0.077,F10,LOW_VOLATILITY,research_simulation
20260301,000411,0.368,F10,LOW_VOLATILITY,research_simulation
20260301,000415,0.592,F10,LOW_VOLATILITY,research_simulation
20260301,000417,0.904,F10,LOW_VOLATILITY,research_simulation
20260301,000419,0.855,F10,LOW_VOLATILITY,research_simulation
20260301,000420,0.951,F10,LOW_VOLATILITY,research_simulation
20260301,000421,0.292,F10,LOW_VOLATILITY,research_simulation
20260301,000422,0.836,F10,LOW_VOLATILITY,research_simulation
20260301,000423,0.57,F10,LOW_VOLATILITY,research_simulation
20260301,000425,0.158,F10,LOW_VOLATILITY,research_simulation
20260301,000426,0.076,F10,LOW_VOLATILITY,research_simulation
20260301,000428,0.655,F10,LOW_VOLATILITY,research_simulation
20260301,000429,0.704,F10,LOW_VOLATILITY,research_simulation
20260301,000430,0.115,F10,LOW_VOLATILITY,research_simulation
20260301,000488,0.248,F10,LOW_VOLATILITY,research_simulation
20260301,000498,0.865,F10,LOW_VOLATILITY,research_simulation
20260301,000501,0.502,F10,LOW_VOLATILITY,research_simulation
20260301,000503,0.324,F10,LOW_VOLATILITY,research_simulation
20260301,000504,0.366,F10,LOW_VOLATILITY,research_simulation
20260301,000505,0.364,F10,LOW_VOLATILITY,research_simulation
20260301,000506,0.465,F10,LOW_VOLATILITY,research_simulation
20260301,000507,0.559,F10,LOW_VOLATILITY,research_simulation
20260301,000509,0.017,F10,LOW_VOLATILITY,research_simulation
20260301,000510,0.935,F10,LOW_VOLATILITY,research_simulation
20260301,000513,0.457,F10,LOW_VOLATILITY,research_simulation
20260301,000514,0.734,F10,LOW_VOLATILITY,research_simulation
20260301,000516,0.327,F10,LOW_VOLATILITY,research_simulation
