rebalance_date,ticker,factor_value,factor_id,factor_name,source
20210801,000001,0.701,F09,F09,research_simulation
20210801,000002,0.286,F09,F09,research_simulation
20210801,000004,0.784,F09,F09,research_simulation
20210801,000006,0.012,F09,F09,research_simulation
20210801,000007,0.894,F09,F09,research_simulation
20210801,000008,0.407,F09,F09,research_simulation
20210801,000009,0.142,F09,F09,research_simulation
20210801,000010,0.721,F09,F09,research_simulation
20210801,000011,0.166,F09,F09,research_simulation
20210801,000012,0.807,F09,F09,research_simulation
20210801,000014,0.55,F09,F09,research_simulation
20210801,000016,0.248,F09,F09,research_simulation
20210801,000017,0.876,F09,F09,research_simulation
20210801,000019,0.971,F09,F09,research_simulation
20210801,000020,0.902,F09,F09,research_simulation
20210801,000021,0.56,F09,F09,research_simulation
20210801,000025,0.543,F09,F09,research_simulation
20210801,000026,0.61,F09,F09,research_simulation
20210801,000027,0.204,F09,F09,research_simulation
20210801,000028,0.125,F09,F09,research_simulation
20210801,000029,0.688,F09,F09,research_simulation
20210801,000030,0.207,F09,F09,research_simulation
20210801,000031,0.574,F09,F09,research_simulation
20210801,000032,0.282,F09,F09,research_simulation
20210801,000034,0.423,F09,F09,research_simulation
20210801,000035,0.023,F09,F09,research_simulation
20210801,000036,0.826,F09,F09,research_simulation
20210801,000037,0.887,F09,F09,research_simulation
20210801,000039,0.615,F09,F09,research_simulation
20210801,000042,0.317,F09,F09,research_simulation
20210801,000045,0.259,F09,F09,research_simulation
20210801,000048,0.655,F09,F09,research_simulation
20210801,000049,0.994,F09,F09,research_simulation
20210801,000050,0.864,F09,F09,research_simulation
20210801,000055,0.965,F09,F09,research_simulation
20210801,000056,0.481,F09,F09,research_simulation
20210801,000058,0.458,F09,F09,research_simulation
20210801,000059,0.913,F09,F09,research_simulation
20210801,000060,0.422,F09,F09,research_simulation
20210801,000061,0.534,F09,F09,research_simulation
20210801,000062,0.902,F09,F09,research_simulation
20210801,000063,0.64,F09,F09,research_simulation
20210801,000065,0.673,F09,F09,research_simulation
20210801,000066,0.748,F09,F09,research_simulation
20210801,000068,0.361,F09,F09,research_simulation
20210801,000069,0.121,F09,F09,research_simulation
20210801,000070,0.93,F09,F09,research_simulation
20210801,000078,0.535,F09,F09,research_simulation
20210801,000088,0.97,F09,F09,research_simulation
20210801,000089,0.704,F09,F09,research_simulation
20210801,000090,0.381,F09,F09,research_simulation
20210801,000096,0.342,F09,F09,research_simulation
20210801,000099,0.362,F09,F09,research_simulation
20210801,000100,0.097,F09,F09,research_simulation
20210801,000151,0.186,F09,F09,research_simulation
20210801,000153,0.002,F09,F09,research_simulation
20210801,000155,0.464,F09,F09,research_simulation
20210801,000156,0.885,F09,F09,research_simulation
20210801,000157,0.647,F09,F09,research_simulation
20210801,000158,0.225,F09,F09,research_simulation
20210801,000159,0.722,F09,F09,research_simulation
20210801,000166,0.711,F09,F09,research_simulation
20210801,000301,0.834,F09,F09,research_simulation
20210801,000333,0.213,F09,F09,research_simulation
20210801,000338,0.694,F09,F09,research_simulation
20210801,000400,0.256,F09,F09,research_simulation
20210801,000401,0.76,F09,F09,research_simulation
20210801,000402,0.171,F09,F09,research_simulation
20210801,000403,0.779,F09,F09,research_simulation
20210801,000404,0.119,F09,F09,research_simulation
20210801,000407,0.679,F09,F09,research_simulation
20210801,000408,0.436,F09,F09,research_simulation
20210801,000409,0.31,F09,F09,research_simulation
20210801,000410,0.943,F09,F09,research_simulation
20210801,000411,0.974,F09,F09,research_simulation
20210801,000415,0.38,F09,F09,research_simulation
20210801,000417,0.449,F09,F09,research_simulation
20210801,000419,0.469,F09,F09,research_simulation
20210801,000420,0.376,F09,F09,research_simulation
20210801,000421,0.972,F09,F09,research_simulation
20210801,000422,0.078,F09,F09,research_simulation
20210801,000423,0.397,F09,F09,research_simulation
20210801,000425,0.546,F09,F09,research_simulation
20210801,000426,0.746,F09,F09,research_simulation
20210801,000428,0.485,F09,F09,research_simulation
20210801,000429,0.894,F09,F09,research_simulation
20210801,000430,0.677,F09,F09,research_simulation
20210801,000488,0.69,F09,F09,research_simulation
20210801,000498,0.961,F09,F09,research_simulation
20210801,000501,0.933,F09,F09,research_simulation
20210801,000503,0.022,F09,F09,research_simulation
20210801,000504,0.317,F09,F09,research_simulation
20210801,000505,0.818,F09,F09,research_simulation
20210801,000506,0.675,F09,F09,research_simulation
20210801,000507,0.114,F09,F09,research_simulation
20210801,000509,0.046,F09,F09,research_simulation
20210801,000510,0.122,F09,F09,research_simulation
20210801,000513,0.39,F09,F09,research_simulation
20210801,000514,0.438,F09,F09,research_simulation
20210801,000516,0.89,F09,F09,research_simulation
20210901,000001,0.884,F09,F09,research_simulation
20210901,000002,0.635,F09,F09,research_simulation
20210901,000004,0.29,F09,F09,research_simulation
20210901,000006,0.117,F09,F09,research_simulation
20210901,000007,0.794,F09,F09,research_simulation
20210901,000008,0.053,F09,F09,research_simulation
20210901,000009,0.003,F09,F09,research_simulation
20210901,000010,0.148,F09,F09,research_simulation
20210901,000011,0.357,F09,F09,research_simulation
20210901,000012,0.621,F09,F09,research_simulation
20210901,000014,0.095,F09,F09,research_simulation
20210901,000016,0.178,F09,F09,research_simulation
20210901,000017,0.363,F09,F09,research_simulation
20210901,000019,0.67,F09,F09,research_simulation
20210901,000020,0.184,F09,F09,research_simulation
20210901,000021,0.652,F09,F09,research_simulation
20210901,000025,0.612,F09,F09,research_simulation
20210901,000026,0.861,F09,F09,research_simulation
20210901,000027,0.135,F09,F09,research_simulation
20210901,000028,0.531,F09,F09,research_simulation
20210901,000029,0.438,F09,F09,research_simulation
20210901,000030,0.128,F09,F09,research_simulation
20210901,000031,0.38,F09,F09,research_simulation
20210901,000032,0.916,F09,F09,research_simulation
20210901,000034,0.197,F09,F09,research_simulation
20210901,000035,0.196,F09,F09,research_simulation
20210901,000036,0.575,F09,F09,research_simulation
20210901,000037,0.696,F09,F09,research_simulation
20210901,000039,0.922,F09,F09,research_simulation
20210901,000042,0.903,F09,F09,research_simulation
20210901,000045,0.173,F09,F09,research_simulation
20210901,000048,0.539,F09,F09,research_simulation
20210901,000049,0.603,F09,F09,research_simulation
20210901,000050,0.201,F09,F09,research_simulation
20210901,000055,0.244,F09,F09,research_simulation
20210901,000056,0.205,F09,F09,research_simulation
20210901,000058,0.375,F09,F09,research_simulation
20210901,000059,0.24,F09,F09,research_simulation
20210901,000060,0.907,F09,F09,research_simulation
20210901,000061,0.356,F09,F09,research_simulation
20210901,000062,0.033,F09,F09,research_simulation
20210901,000063,0.412,F09,F09,research_simulation
20210901,000065,0.372,F09,F09,research_simulation
20210901,000066,0.7,F09,F09,research_simulation
20210901,000068,0.05,F09,F09,research_simulation
20210901,000069,0.089,F09,F09,research_simulation
20210901,000070,0.039,F09,F09,research_simulation
20210901,000078,0.848,F09,F09,research_simulation
20210901,000088,0.926,F09,F09,research_simulation
20210901,000089,0.46,F09,F09,research_simulation
20210901,000090,0.289,F09,F09,research_simulation
20210901,000096,0.936,F09,F09,research_simulation
20210901,000099,0.28,F09,F09,research_simulation
20210901,000100,0.659,F09,F09,research_simulation
20210901,000151,0.957,F09,F09,research_simulation
20210901,000153,0.61,F09,F09,research_simulation
20210901,000155,0.023,F09,F09,research_simulation
20210901,000156,0.189,F09,F09,research_simulation
20210901,000157,0.208,F09,F09,research_simulation
20210901,000158,0.238,F09,F09,research_simulation
20210901,000159,0.63,F09,F09,research_simulation
20210901,000166,0.686,F09,F09,research_simulation
20210901,000301,0.857,F09,F09,research_simulation
20210901,000333,0.617,F09,F09,research_simulation
20210901,000338,0.333,F09,F09,research_simulation
20210901,000400,0.45,F09,F09,research_simulation
20210901,000401,0.375,F09,F09,research_simulation
20210901,000402,0.67,F09,F09,research_simulation
20210901,000403,0.541,F09,F09,research_simulation
20210901,000404,0.287,F09,F09,research_simulation
20210901,000407,0.792,F09,F09,research_simulation
20210901,000408,0.477,F09,F09,research_simulation
20210901,000409,0.681,F09,F09,research_simulation
20210901,000410,0.808,F09,F09,research_simulation
20210901,000411,0.483,F09,F09,research_simulation
20210901,000415,0.828,F09,F09,research_simulation
20210901,000417,0.651,F09,F09,research_simulation
20210901,000419,0.599,F09,F09,research_simulation
20210901,000420,0.028,F09,F09,research_simulation
20210901,000421,0.397,F09,F09,research_simulation
20210901,000422,0.27,F09,F09,research_simulation
20210901,000423,0.76,F09,F09,research_simulation
20210901,000425,0.943,F09,F09,research_simulation
20210901,000426,0.471,F09,F09,research_simulation
20210901,000428,0.879,F09,F09,research_simulation
20210901,000429,0.103,F09,F09,research_simulation
20210901,000430,0.209,F09,F09,research_simulation
20210901,000488,0.084,F09,F09,research_simulation
20210901,000498,0.445,F09,F09,research_simulation
20210901,000501,0.502,F09,F09,research_simulation
20210901,000503,0.145,F09,F09,research_simulation
20210901,000504,0.35,F09,F09,research_simulation
20210901,000505,0.552,F09,F09,research_simulation
20210901,000506,0.048,F09,F09,research_simulation
20210901,000507,0.653,F09,F09,research_simulation
20210901,000509,0.214,F09,F09,research_simulation
20210901,000510,0.899,F09,F09,research_simulation
20210901,000513,0.316,F09,F09,research_simulation
20210901,000514,0.144,F09,F09,research_simulation
20210901,000516,0.186,F09,F09,research_simulation
20211201,000001,0.431,F09,F09,research_simulation
20211201,000002,0.76,F09,F09,research_simulation
20211201,000004,0.722,F09,F09,research_simulation
20211201,000006,0.631,F09,F09,research_simulation
20211201,000007,0.207,F09,F09,research_simulation
20211201,000008,0.021,F09,F09,research_simulation
20211201,000009,0.688,F09,F09,research_simulation
20211201,000010,0.59,F09,F09,research_simulation
20211201,000011,0.168,F09,F09,research_simulation
20211201,000012,0.41,F09,F09,research_simulation
20211201,000014,0.14,F09,F09,research_simulation
20211201,000016,0.226,F09,F09,research_simulation
20211201,000017,0.301,F09,F09,research_simulation
20211201,000019,0.257,F09,F09,research_simulation
20211201,000020,0.147,F09,F09,research_simulation
20211201,000021,0.155,F09,F09,research_simulation
20211201,000025,0.02,F09,F09,research_simulation
20211201,000026,0.947,F09,F09,research_simulation
20211201,000027,0.562,F09,F09,research_simulation
20211201,000028,0.075,F09,F09,research_simulation
20211201,000029,0.14,F09,F09,research_simulation
20211201,000030,0.358,F09,F09,research_simulation
20211201,000031,0.356,F09,F09,research_simulation
20211201,000032,0.994,F09,F09,research_simulation
20211201,000034,0.277,F09,F09,research_simulation
20211201,000035,0.954,F09,F09,research_simulation
20211201,000036,0.285,F09,F09,research_simulation
20211201,000037,0.671,F09,F09,research_simulation
20211201,000039,0.771,F09,F09,research_simulation
20211201,000042,0.95,F09,F09,research_simulation
20211201,000045,0.394,F09,F09,research_simulation
20211201,000048,0.482,F09,F09,research_simulation
20211201,000049,0.99,F09,F09,research_simulation
20211201,000050,0.321,F09,F09,research_simulation
20211201,000055,0.095,F09,F09,research_simulation
20211201,000056,0.458,F09,F09,research_simulation
20211201,000058,0.615,F09,F09,research_simulation
20211201,000059,0.773,F09,F09,research_simulation
20211201,000060,0.498,F09,F09,research_simulation
20211201,000061,0.163,F09,F09,research_simulation
20211201,000062,0.581,F09,F09,research_simulation
20211201,000063,0.435,F09,F09,research_simulation
20211201,000065,0.93,F09,F09,research_simulation
20211201,000066,0.431,F09,F09,research_simulation
20211201,000068,0.771,F09,F09,research_simulation
20211201,000069,0.173,F09,F09,research_simulation
20211201,000070,0.143,F09,F09,research_simulation
20211201,000078,0.835,F09,F09,research_simulation
20211201,000088,0.427,F09,F09,research_simulation
20211201,000089,0.696,F09,F09,research_simulation
20211201,000090,0.795,F09,F09,research_simulation
20211201,000096,0.066,F09,F09,research_simulation
20211201,000099,0.316,F09,F09,research_simulation
20211201,000100,0.253,F09,F09,research_simulation
20211201,000151,0.447,F09,F09,research_simulation
20211201,000153,0.435,F09,F09,research_simulation
20211201,000155,0.058,F09,F09,research_simulation
20211201,000156,0.951,F09,F09,research_simulation
20211201,000157,0.399,F09,F09,research_simulation
20211201,000158,0.769,F09,F09,research_simulation
20211201,000159,0.189,F09,F09,research_simulation
20211201,000166,0.559,F09,F09,research_simulation
20211201,000301,0.447,F09,F09,research_simulation
20211201,000333,0.668,F09,F09,research_simulation
20211201,000338,0.433,F09,F09,research_simulation
20211201,000400,0.129,F09,F09,research_simulation
20211201,000401,0.575,F09,F09,research_simulation
20211201,000402,0.958,F09,F09,research_simulation
20211201,000403,0.866,F09,F09,research_simulation
20211201,000404,0.34,F09,F09,research_simulation
20211201,000407,0.422,F09,F09,research_simulation
20211201,000408,0.267,F09,F09,research_simulation
20211201,000409,0.321,F09,F09,research_simulation
20211201,000410,0.923,F09,F09,research_simulation
20211201,000411,0.414,F09,F09,research_simulation
20211201,000415,0.965,F09,F09,research_simulation
20211201,000417,0.775,F09,F09,research_simulation
20211201,000419,0.887,F09,F09,research_simulation
20211201,000420,0.815,F09,F09,research_simulation
20211201,000421,0.112,F09,F09,research_simulation
20211201,000422,0.763,F09,F09,research_simulation
20211201,000423,0.471,F09,F09,research_simulation
20211201,000425,0.073,F09,F09,research_simulation
20211201,000426,0.913,F09,F09,research_simulation
20211201,000428,0.149,F09,F09,research_simulation
20211201,000429,0.053,F09,F09,research_simulation
20211201,000430,0.828,F09,F09,research_simulation
20211201,000488,0.254,F09,F09,research_simulation
20211201,000498,0.589,F09,F09,research_simulation
20211201,000501,0.497,F09,F09,research_simulation
20211201,000503,0.07,F09,F09,research_simulation
20211201,000504,0.817,F09,F09,research_simulation
20211201,000505,0.121,F09,F09,research_simulation
20211201,000506,0.805,F09,F09,research_simulation
20211201,000507,0.136,F09,F09,research_simulation
20211201,000509,0.319,F09,F09,research_simulation
20211201,000510,0.135,F09,F09,research_simulation
20211201,000513,0.053,F09,F09,research_simulation
20211201,000514,0.354,F09,F09,research_simulation
20211201,000516,0.858,F09,F09,research_simulation
20220101,000001,0.166,F09,F09,research_simulation
20220101,000002,0.783,F09,F09,research_simulation
20220101,000004,0.836,F09,F09,research_simulation
20220101,000006,0.099,F09,F09,research_simulation
20220101,000007,0.701,F09,F09,research_simulation
20220101,000008,0.833,F09,F09,research_simulation
20220101,000009,0.541,F09,F09,research_simulation
20220101,000010,0.199,F09,F09,research_simulation
20220101,000011,0.255,F09,F09,research_simulation
20220101,000012,0.718,F09,F09,research_simulation
20220101,000014,0.565,F09,F09,research_simulation
20220101,000016,0.703,F09,F09,research_simulation
20220101,000017,0.039,F09,F09,research_simulation
20220101,000019,0.233,F09,F09,research_simulation
20220101,000020,0.31,F09,F09,research_simulation
20220101,000021,0.67,F09,F09,research_simulation
20220101,000025,0.342,F09,F09,research_simulation
20220101,000026,0.618,F09,F09,research_simulation
20220101,000027,0.65,F09,F09,research_simulation
20220101,000028,0.868,F09,F09,research_simulation
20220101,000029,0.737,F09,F09,research_simulation
20220101,000030,0.267,F09,F09,research_simulation
20220101,000031,0.257,F09,F09,research_simulation
20220101,000032,0.815,F09,F09,research_simulation
20220101,000034,0.413,F09,F09,research_simulation
20220101,000035,0.579,F09,F09,research_simulation
20220101,000036,0.055,F09,F09,research_simulation
20220101,000037,0.183,F09,F09,research_simulation
20220101,000039,0.914,F09,F09,research_simulation
20220101,000042,0.114,F09,F09,research_simulation
20220101,000045,0.326,F09,F09,research_simulation
20220101,000048,0.889,F09,F09,research_simulation
20220101,000049,0.047,F09,F09,research_simulation
20220101,000050,0.694,F09,F09,research_simulation
20220101,000055,0.166,F09,F09,research_simulation
20220101,000056,0.305,F09,F09,research_simulation
20220101,000058,0.655,F09,F09,research_simulation
20220101,000059,0.65,F09,F09,research_simulation
20220101,000060,0.267,F09,F09,research_simulation
20220101,000061,0.357,F09,F09,research_simulation
20220101,000062,0.056,F09,F09,research_simulation
20220101,000063,0.666,F09,F09,research_simulation
20220101,000065,0.817,F09,F09,research_simulation
20220101,000066,0.104,F09,F09,research_simulation
20220101,000068,0.386,F09,F09,research_simulation
20220101,000069,0.41,F09,F09,research_simulation
20220101,000070,0.19,F09,F09,research_simulation
20220101,000078,0.436,F09,F09,research_simulation
20220101,000088,0.098,F09,F09,research_simulation
20220101,000089,0.861,F09,F09,research_simulation
20220101,000090,0.924,F09,F09,research_simulation
20220101,000096,0.719,F09,F09,research_simulation
20220101,000099,0.683,F09,F09,research_simulation
20220101,000100,0.642,F09,F09,research_simulation
20220101,000151,0.694,F09,F09,research_simulation
20220101,000153,0.924,F09,F09,research_simulation
20220101,000155,0.219,F09,F09,research_simulation
20220101,000156,0.206,F09,F09,research_simulation
20220101,000157,0.647,F09,F09,research_simulation
20220101,000158,0.087,F09,F09,research_simulation
20220101,000159,0.563,F09,F09,research_simulation
20220101,000166,0.458,F09,F09,research_simulation
20220101,000301,0.572,F09,F09,research_simulation
20220101,000333,0.643,F09,F09,research_simulation
20220101,000338,0.113,F09,F09,research_simulation
20220101,000400,0.538,F09,F09,research_simulation
20220101,000401,0.688,F09,F09,research_simulation
20220101,000402,0.397,F09,F09,research_simulation
20220101,000403,0.273,F09,F09,research_simulation
20220101,000404,0.779,F09,F09,research_simulation
20220101,000407,0.542,F09,F09,research_simulation
20220101,000408,0.997,F09,F09,research_simulation
20220101,000409,0.714,F09,F09,research_simulation
20220101,000410,0.573,F09,F09,research_simulation
20220101,000411,0.357,F09,F09,research_simulation
20220101,000415,0.516,F09,F09,research_simulation
20220101,000417,0.782,F09,F09,research_simulation
20220101,000419,0.943,F09,F09,research_simulation
20220101,000420,0.74,F09,F09,research_simulation
20220101,000421,0.785,F09,F09,research_simulation
20220101,000422,0.759,F09,F09,research_simulation
20220101,000423,0.054,F09,F09,research_simulation
20220101,000425,0.342,F09,F09,research_simulation
20220101,000426,0.419,F09,F09,research_simulation
20220101,000428,0.448,F09,F09,research_simulation
20220101,000429,0.922,F09,F09,research_simulation
20220101,000430,0.099,F09,F09,research_simulation
20220101,000488,0.488,F09,F09,research_simulation
20220101,000498,0.98,F09,F09,research_simulation
20220101,000501,0.78,F09,F09,research_simulation
20220101,000503,0.161,F09,F09,research_simulation
20220101,000504,0.238,F09,F09,research_simulation
20220101,000505,0.418,F09,F09,research_simulation
20220101,000506,0.006,F09,F09,research_simulation
20220101,000507,0.276,F09,F09,research_simulation
20220101,000509,0.252,F09,F09,research_simulation
20220101,000510,0.163,F09,F09,research_simulation
20220101,000513,0.988,F09,F09,research_simulation
20220101,000514,0.921,F09,F09,research_simulation
20220101,000516,0.779,F09,F09,research_simulation
20220201,000001,0.185,F09,F09,research_simulation
20220201,000002,0.771,F09,F09,research_simulation
20220201,000004,0.112,F09,F09,research_simulation
20220201,000006,0.084,F09,F09,research_simulation
20220201,000007,0.091,F09,F09,research_simulation
20220201,000008,0.292,F09,F09,research_simulation
20220201,000009,0.842,F09,F09,research_simulation
20220201,000010,0.375,F09,F09,research_simulation
20220201,000011,0.614,F09,F09,research_simulation
20220201,000012,0.87,F09,F09,research_simulation
20220201,000014,0.625,F09,F09,research_simulation
20220201,000016,0.273,F09,F09,research_simulation
20220201,000017,0.837,F09,F09,research_simulation
20220201,000019,0.501,F09,F09,research_simulation
20220201,000020,0.782,F09,F09,research_simulation
20220201,000021,0.393,F09,F09,research_simulation
20220201,000025,0.479,F09,F09,research_simulation
20220201,000026,0.937,F09,F09,research_simulation
20220201,000027,0.399,F09,F09,research_simulation
20220201,000028,0.543,F09,F09,research_simulation
20220201,000029,0.225,F09,F09,research_simulation
20220201,000030,0.645,F09,F09,research_simulation
20220201,000031,0.138,F09,F09,research_simulation
20220201,000032,0.325,F09,F09,research_simulation
20220201,000034,0.204,F09,F09,research_simulation
20220201,000035,0.886,F09,F09,research_simulation
20220201,000036,0.68,F09,F09,research_simulation
20220201,000037,0.487,F09,F09,research_simulation
20220201,000039,0.063,F09,F09,research_simulation
20220201,000042,0.611,F09,F09,research_simulation
20220201,000045,0.195,F09,F09,research_simulation
20220201,000048,0.338,F09,F09,research_simulation
20220201,000049,0.346,F09,F09,research_simulation
20220201,000050,0.036,F09,F09,research_simulation
20220201,000055,0.329,F09,F09,research_simulation
20220201,000056,0.058,F09,F09,research_simulation
20220201,000058,0.375,F09,F09,research_simulation
20220201,000059,0.704,F09,F09,research_simulation
20220201,000060,0.331,F09,F09,research_simulation
20220201,000061,0.016,F09,F09,research_simulation
20220201,000062,0.366,F09,F09,research_simulation
20220201,000063,0.561,F09,F09,research_simulation
20220201,000065,0.017,F09,F09,research_simulation
20220201,000066,0.225,F09,F09,research_simulation
20220201,000068,0.532,F09,F09,research_simulation
20220201,000069,0.438,F09,F09,research_simulation
20220201,000070,0.923,F09,F09,research_simulation
20220201,000078,0.014,F09,F09,research_simulation
20220201,000088,0.508,F09,F09,research_simulation
20220201,000089,0.648,F09,F09,research_simulation
20220201,000090,0.041,F09,F09,research_simulation
20220201,000096,0.057,F09,F09,research_simulation
20220201,000099,0.05,F09,F09,research_simulation
20220201,000100,0.798,F09,F09,research_simulation
20220201,000151,0.586,F09,F09,research_simulation
20220201,000153,0.193,F09,F09,research_simulation
20220201,000155,0.955,F09,F09,research_simulation
20220201,000156,0.809,F09,F09,research_simulation
20220201,000157,0.587,F09,F09,research_simulation
20220201,000158,0.686,F09,F09,research_simulation
20220201,000159,0.542,F09,F09,research_simulation
20220201,000166,0.672,F09,F09,research_simulation
20220201,000301,0.345,F09,F09,research_simulation
20220201,000333,0.624,F09,F09,research_simulation
20220201,000338,0.993,F09,F09,research_simulation
20220201,000400,0.996,F09,F09,research_simulation
20220201,000401,0.92,F09,F09,research_simulation
20220201,000402,0.746,F09,F09,research_simulation
20220201,000403,0.184,F09,F09,research_simulation
20220201,000404,0.276,F09,F09,research_simulation
20220201,000407,0.444,F09,F09,research_simulation
20220201,000408,0.773,F09,F09,research_simulation
20220201,000409,0.423,F09,F09,research_simulation
20220201,000410,0.983,F09,F09,research_simulation
20220201,000411,0.98,F09,F09,research_simulation
20220201,000415,0.817,F09,F09,research_simulation
20220201,000417,0.625,F09,F09,research_simulation
20220201,000419,0.439,F09,F09,research_simulation
20220201,000420,0.821,F09,F09,research_simulation
20220201,000421,0.983,F09,F09,research_simulation
20220201,000422,0.794,F09,F09,research_simulation
20220201,000423,0.032,F09,F09,research_simulation
20220201,000425,0.643,F09,F09,research_simulation
20220201,000426,0.868,F09,F09,research_simulation
20220201,000428,0.249,F09,F09,research_simulation
20220201,000429,0.568,F09,F09,research_simulation
20220201,000430,0.674,F09,F09,research_simulation
20220201,000488,0.713,F09,F09,research_simulation
20220201,000498,0.144,F09,F09,research_simulation
20220201,000501,0.854,F09,F09,research_simulation
20220201,000503,0.622,F09,F09,research_simulation
20220201,000504,0.037,F09,F09,research_simulation
20220201,000505,0.826,F09,F09,research_simulation
20220201,000506,0.695,F09,F09,research_simulation
20220201,000507,0.643,F09,F09,research_simulation
20220201,000509,0.082,F09,F09,research_simulation
20220201,000510,0.197,F09,F09,research_simulation
20220201,000513,0.506,F09,F09,research_simulation
20220201,000514,0.838,F09,F09,research_simulation
20220201,000516,0.014,F09,F09,research_simulation
20220301,000001,0.254,F09,F09,research_simulation
20220301,000002,0.247,F09,F09,research_simulation
20220301,000004,0.644,F09,F09,research_simulation
20220301,000006,0.587,F09,F09,research_simulation
20220301,000007,0.956,F09,F09,research_simulation
20220301,000008,0.354,F09,F09,research_simulation
20220301,000009,0.457,F09,F09,research_simulation
20220301,000010,0.104,F09,F09,research_simulation
20220301,000011,0.657,F09,F09,research_simulation
20220301,000012,0.924,F09,F09,research_simulation
20220301,000014,0.887,F09,F09,research_simulation
20220301,000016,0.761,F09,F09,research_simulation
20220301,000017,0.408,F09,F09,research_simulation
20220301,000019,0.9,F09,F09,research_simulation
20220301,000020,0.034,F09,F09,research_simulation
20220301,000021,0.0,F09,F09,research_simulation
20220301,000025,0.977,F09,F09,research_simulation
20220301,000026,0.721,F09,F09,research_simulation
20220301,000027,0.54,F09,F09,research_simulation
20220301,000028,0.231,F09,F09,research_simulation
20220301,000029,0.22,F09,F09,research_simulation
20220301,000030,0.4,F09,F09,research_simulation
20220301,000031,0.076,F09,F09,research_simulation
20220301,000032,0.893,F09,F09,research_simulation
20220301,000034,0.529,F09,F09,research_simulation
20220301,000035,0.766,F09,F09,research_simulation
20220301,000036,0.01,F09,F09,research_simulation
20220301,000037,0.228,F09,F09,research_simulation
20220301,000039,0.205,F09,F09,research_simulation
20220301,000042,0.377,F09,F09,research_simulation
20220301,000045,0.089,F09,F09,research_simulation
20220301,000048,0.823,F09,F09,research_simulation
20220301,000049,0.447,F09,F09,research_simulation
20220301,000050,0.555,F09,F09,research_simulation
20220301,000055,0.553,F09,F09,research_simulation
20220301,000056,0.277,F09,F09,research_simulation
20220301,000058,0.174,F09,F09,research_simulation
20220301,000059,0.01,F09,F09,research_simulation
20220301,000060,0.042,F09,F09,research_simulation
20220301,000061,0.267,F09,F09,research_simulation
20220301,000062,0.131,F09,F09,research_simulation
20220301,000063,0.094,F09,F09,research_simulation
20220301,000065,0.622,F09,F09,research_simulation
20220301,000066,0.401,F09,F09,research_simulation
20220301,000068,0.868,F09,F09,research_simulation
20220301,000069,0.348,F09,F09,research_simulation
20220301,000070,0.642,F09,F09,research_simulation
20220301,000078,0.853,F09,F09,research_simulation
20220301,000088,0.302,F09,F09,research_simulation
20220301,000089,0.498,F09,F09,research_simulation
20220301,000090,0.363,F09,F09,research_simulation
20220301,000096,0.754,F09,F09,research_simulation
20220301,000099,0.793,F09,F09,research_simulation
20220301,000100,0.465,F09,F09,research_simulation
20220301,000151,0.098,F09,F09,research_simulation
20220301,000153,0.764,F09,F09,research_simulation
20220301,000155,0.249,F09,F09,research_simulation
20220301,000156,0.608,F09,F09,research_simulation
20220301,000157,0.821,F09,F09,research_simulation
20220301,000158,0.862,F09,F09,research_simulation
20220301,000159,0.68,F09,F09,research_simulation
20220301,000166,0.488,F09,F09,research_simulation
20220301,000301,0.441,F09,F09,research_simulation
20220301,000333,0.467,F09,F09,research_simulation
20220301,000338,0.082,F09,F09,research_simulation
20220301,000400,0.847,F09,F09,research_simulation
20220301,000401,0.837,F09,F09,research_simulation
20220301,000402,0.563,F09,F09,research_simulation
20220301,000403,0.035,F09,F09,research_simulation
20220301,000404,0.443,F09,F09,research_simulation
20220301,000407,0.138,F09,F09,research_simulation
20220301,000408,0.944,F09,F09,research_simulation
20220301,000409,0.847,F09,F09,research_simulation
20220301,000410,0.526,F09,F09,research_simulation
20220301,000411,0.667,F09,F09,research_simulation
20220301,000415,0.773,F09,F09,research_simulation
20220301,000417,0.122,F09,F09,research_simulation
20220301,000419,0.396,F09,F09,research_simulation
20220301,000420,0.845,F09,F09,research_simulation
20220301,000421,0.008,F09,F09,research_simulation
20220301,000422,0.209,F09,F09,research_simulation
20220301,000423,0.416,F09,F09,research_simulation
20220301,000425,0.064,F09,F09,research_simulation
20220301,000426,0.806,F09,F09,research_simulation
20220301,000428,0.428,F09,F09,research_simulation
20220301,000429,0.871,F09,F09,research_simulation
20220301,000430,0.848,F09,F09,research_simulation
20220301,000488,0.97,F09,F09,research_simulation
20220301,000498,0.643,F09,F09,research_simulation
20220301,000501,0.44,F09,F09,research_simulation
20220301,000503,0.441,F09,F09,research_simulation
20220301,000504,0.401,F09,F09,research_simulation
20220301,000505,0.932,F09,F09,research_simulation
20220301,000506,0.56,F09,F09,research_simulation
20220301,000507,0.832,F09,F09,research_simulation
20220301,000509,0.488,F09,F09,research_simulation
20220301,000510,0.124,F09,F09,research_simulation
20220301,000513,0.147,F09,F09,research_simulation
20220301,000514,0.531,F09,F09,research_simulation
20220301,000516,0.978,F09,F09,research_simulation
20220401,000001,0.588,F09,F09,research_simulation
20220401,000002,0.103,F09,F09,research_simulation
20220401,000004,0.27,F09,F09,research_simulation
20220401,000006,0.057,F09,F09,research_simulation
20220401,000007,0.064,F09,F09,research_simulation
20220401,000008,0.598,F09,F09,research_simulation
20220401,000009,0.465,F09,F09,research_simulation
20220401,000010,0.902,F09,F09,research_simulation
20220401,000011,0.117,F09,F09,research_simulation
20220401,000012,0.949,F09,F09,research_simulation
20220401,000014,0.915,F09,F09,research_simulation
20220401,000016,0.59,F09,F09,research_simulation
20220401,000017,0.347,F09,F09,research_simulation
20220401,000019,0.417,F09,F09,research_simulation
20220401,000020,0.468,F09,F09,research_simulation
20220401,000021,0.819,F09,F09,research_simulation
20220401,000025,0.238,F09,F09,research_simulation
20220401,000026,0.716,F09,F09,research_simulation
20220401,000027,0.394,F09,F09,research_simulation
20220401,000028,0.615,F09,F09,research_simulation
20220401,000029,0.917,F09,F09,research_simulation
20220401,000030,0.019,F09,F09,research_simulation
20220401,000031,0.565,F09,F09,research_simulation
20220401,000032,0.894,F09,F09,research_simulation
20220401,000034,0.495,F09,F09,research_simulation
20220401,000035,0.235,F09,F09,research_simulation
20220401,000036,0.93,F09,F09,research_simulation
20220401,000037,0.053,F09,F09,research_simulation
20220401,000039,0.679,F09,F09,research_simulation
20220401,000042,0.06,F09,F09,research_simulation
20220401,000045,0.358,F09,F09,research_simulation
20220401,000048,0.146,F09,F09,research_simulation
20220401,000049,0.019,F09,F09,research_simulation
20220401,000050,0.503,F09,F09,research_simulation
20220401,000055,0.25,F09,F09,research_simulation
20220401,000056,0.645,F09,F09,research_simulation
20220401,000058,0.437,F09,F09,research_simulation
20220401,000059,0.729,F09,F09,research_simulation
20220401,000060,0.638,F09,F09,research_simulation
20220401,000061,0.532,F09,F09,research_simulation
20220401,000062,0.299,F09,F09,research_simulation
20220401,000063,0.008,F09,F09,research_simulation
20220401,000065,0.351,F09,F09,research_simulation
20220401,000066,0.323,F09,F09,research_simulation
20220401,000068,0.804,F09,F09,research_simulation
20220401,000069,0.085,F09,F09,research_simulation
20220401,000070,0.391,F09,F09,research_simulation
20220401,000078,0.468,F09,F09,research_simulation
20220401,000088,0.988,F09,F09,research_simulation
20220401,000089,0.324,F09,F09,research_simulation
20220401,000090,0.229,F09,F09,research_simulation
20220401,000096,0.127,F09,F09,research_simulation
20220401,000099,0.193,F09,F09,research_simulation
20220401,000100,0.713,F09,F09,research_simulation
20220401,000151,0.741,F09,F09,research_simulation
20220401,000153,0.795,F09,F09,research_simulation
20220401,000155,0.066,F09,F09,research_simulation
20220401,000156,0.368,F09,F09,research_simulation
20220401,000157,0.505,F09,F09,research_simulation
20220401,000158,0.192,F09,F09,research_simulation
20220401,000159,0.792,F09,F09,research_simulation
20220401,000166,0.466,F09,F09,research_simulation
20220401,000301,0.143,F09,F09,research_simulation
20220401,000333,0.302,F09,F09,research_simulation
20220401,000338,0.001,F09,F09,research_simulation
20220401,000400,0.639,F09,F09,research_simulation
20220401,000401,0.121,F09,F09,research_simulation
20220401,000402,0.686,F09,F09,research_simulation
20220401,000403,0.533,F09,F09,research_simulation
20220401,000404,0.296,F09,F09,research_simulation
20220401,000407,0.394,F09,F09,research_simulation
20220401,000408,0.573,F09,F09,research_simulation
20220401,000409,0.795,F09,F09,research_simulation
20220401,000410,0.468,F09,F09,research_simulation
20220401,000411,0.449,F09,F09,research_simulation
20220401,000415,0.125,F09,F09,research_simulation
20220401,000417,0.707,F09,F09,research_simulation
20220401,000419,0.38,F09,F09,research_simulation
20220401,000420,0.67,F09,F09,research_simulation
20220401,000421,0.115,F09,F09,research_simulation
20220401,000422,0.923,F09,F09,research_simulation
20220401,000423,0.386,F09,F09,research_simulation
20220401,000425,0.107,F09,F09,research_simulation
20220401,000426,0.585,F09,F09,research_simulation
20220401,000428,0.239,F09,F09,research_simulation
20220401,000429,0.913,F09,F09,research_simulation
20220401,000430,0.172,F09,F09,research_simulation
20220401,000488,0.059,F09,F09,research_simulation
20220401,000498,0.244,F09,F09,research_simulation
20220401,000501,0.019,F09,F09,research_simulation
20220401,000503,0.211,F09,F09,research_simulation
20220401,000504,0.448,F09,F09,research_simulation
20220401,000505,0.834,F09,F09,research_simulation
20220401,000506,0.631,F09,F09,research_simulation
20220401,000507,0.09,F09,F09,research_simulation
20220401,000509,0.177,F09,F09,research_simulation
20220401,000510,0.128,F09,F09,research_simulation
20220401,000513,0.377,F09,F09,research_simulation
20220401,000514,0.465,F09,F09,research_simulation
20220401,000516,0.798,F09,F09,research_simulation
20220501,000001,0.324,F09,F09,research_simulation
20220501,000002,0.171,F09,F09,research_simulation
20220501,000004,0.669,F09,F09,research_simulation
20220501,000006,0.506,F09,F09,research_simulation
20220501,000007,0.007,F09,F09,research_simulation
20220501,000008,0.451,F09,F09,research_simulation
20220501,000009,0.436,F09,F09,research_simulation
20220501,000010,0.052,F09,F09,research_simulation
20220501,000011,0.484,F09,F09,research_simulation
20220501,000012,0.257,F09,F09,research_simulation
20220501,000014,0.166,F09,F09,research_simulation
20220501,000016,0.744,F09,F09,research_simulation
20220501,000017,0.67,F09,F09,research_simulation
20220501,000019,0.615,F09,F09,research_simulation
20220501,000020,0.584,F09,F09,research_simulation
20220501,000021,0.808,F09,F09,research_simulation
20220501,000025,0.387,F09,F09,research_simulation
20220501,000026,0.362,F09,F09,research_simulation
20220501,000027,0.556,F09,F09,research_simulation
20220501,000028,0.466,F09,F09,research_simulation
20220501,000029,0.665,F09,F09,research_simulation
20220501,000030,0.524,F09,F09,research_simulation
20220501,000031,0.212,F09,F09,research_simulation
20220501,000032,0.926,F09,F09,research_simulation
20220501,000034,0.163,F09,F09,research_simulation
20220501,000035,0.074,F09,F09,research_simulation
20220501,000036,0.994,F09,F09,research_simulation
20220501,000037,0.021,F09,F09,research_simulation
20220501,000039,0.635,F09,F09,research_simulation
20220501,000042,0.563,F09,F09,research_simulation
20220501,000045,0.154,F09,F09,research_simulation
20220501,000048,0.559,F09,F09,research_simulation
20220501,000049,0.396,F09,F09,research_simulation
20220501,000050,0.336,F09,F09,research_simulation
20220501,000055,0.779,F09,F09,research_simulation
20220501,000056,0.584,F09,F09,research_simulation
20220501,000058,0.195,F09,F09,research_simulation
20220501,000059,0.001,F09,F09,research_simulation
20220501,000060,0.749,F09,F09,research_simulation
20220501,000061,0.881,F09,F09,research_simulation
20220501,000062,0.148,F09,F09,research_simulation
20220501,000063,0.403,F09,F09,research_simulation
20220501,000065,0.537,F09,F09,research_simulation
20220501,000066,0.346,F09,F09,research_simulation
20220501,000068,0.409,F09,F09,research_simulation
20220501,000069,0.485,F09,F09,research_simulation
20220501,000070,0.616,F09,F09,research_simulation
20220501,000078,0.377,F09,F09,research_simulation
20220501,000088,0.573,F09,F09,research_simulation
20220501,000089,0.284,F09,F09,research_simulation
20220501,000090,0.995,F09,F09,research_simulation
20220501,000096,0.444,F09,F09,research_simulation
20220501,000099,0.582,F09,F09,research_simulation
20220501,000100,0.871,F09,F09,research_simulation
20220501,000151,0.532,F09,F09,research_simulation
20220501,000153,0.594,F09,F09,research_simulation
20220501,000155,0.458,F09,F09,research_simulation
20220501,000156,0.398,F09,F09,research_simulation
20220501,000157,0.665,F09,F09,research_simulation
20220501,000158,0.571,F09,F09,research_simulation
20220501,000159,0.372,F09,F09,research_simulation
20220501,000166,0.396,F09,F09,research_simulation
20220501,000301,0.68,F09,F09,research_simulation
20220501,000333,0.991,F09,F09,research_simulation
20220501,000338,0.001,F09,F09,research_simulation
20220501,000400,0.535,F09,F09,research_simulation
20220501,000401,0.423,F09,F09,research_simulation
20220501,000402,0.724,F09,F09,research_simulation
20220501,000403,0.73,F09,F09,research_simulation
20220501,000404,0.735,F09,F09,research_simulation
20220501,000407,0.323,F09,F09,research_simulation
20220501,000408,0.456,F09,F09,research_simulation
20220501,000409,0.477,F09,F09,research_simulation
20220501,000410,0.059,F09,F09,research_simulation
20220501,000411,0.645,F09,F09,research_simulation
20220501,000415,0.724,F09,F09,research_simulation
20220501,000417,0.436,F09,F09,research_simulation
20220501,000419,0.374,F09,F09,research_simulation
20220501,000420,0.636,F09,F09,research_simulation
20220501,000421,0.213,F09,F09,research_simulation
20220501,000422,0.419,F09,F09,research_simulation
20220501,000423,0.572,F09,F09,research_simulation
20220501,000425,0.634,F09,F09,research_simulation
20220501,000426,0.22,F09,F09,research_simulation
20220501,000428,0.986,F09,F09,research_simulation
20220501,000429,0.963,F09,F09,research_simulation
20220501,000430,0.303,F09,F09,research_simulation
20220501,000488,0.856,F09,F09,research_simulation
20220501,000498,0.266,F09,F09,research_simulation
20220501,000501,0.883,F09,F09,research_simulation
20220501,000503,0.346,F09,F09,research_simulation
20220501,000504,0.223,F09,F09,research_simulation
20220501,000505,0.0,F09,F09,research_simulation
20220501,000506,0.368,F09,F09,research_simulation
20220501,000507,0.115,F09,F09,research_simulation
20220501,000509,0.383,F09,F09,research_simulation
20220501,000510,0.159,F09,F09,research_simulation
20220501,000513,0.175,F09,F09,research_simulation
20220501,000514,0.101,F09,F09,research_simulation
20220501,000516,0.673,F09,F09,research_simulation
20220601,000001,0.437,F09,F09,research_simulation
20220601,000002,0.837,F09,F09,research_simulation
20220601,000004,0.198,F09,F09,research_simulation
20220601,000006,0.588,F09,F09,research_simulation
20220601,000007,0.087,F09,F09,research_simulation
20220601,000008,0.353,F09,F09,research_simulation
20220601,000009,0.206,F09,F09,research_simulation
20220601,000010,0.331,F09,F09,research_simulation
20220601,000011,0.007,F09,F09,research_simulation
20220601,000012,0.526,F09,F09,research_simulation
20220601,000014,0.637,F09,F09,research_simulation
20220601,000016,0.783,F09,F09,research_simulation
20220601,000017,0.959,F09,F09,research_simulation
20220601,000019,0.18,F09,F09,research_simulation
20220601,000020,0.246,F09,F09,research_simulation
20220601,000021,0.26,F09,F09,research_simulation
20220601,000025,0.85,F09,F09,research_simulation
20220601,000026,0.084,F09,F09,research_simulation
20220601,000027,0.168,F09,F09,research_simulation
20220601,000028,0.54,F09,F09,research_simulation
20220601,000029,0.029,F09,F09,research_simulation
20220601,000030,0.52,F09,F09,research_simulation
20220601,000031,0.181,F09,F09,research_simulation
20220601,000032,0.865,F09,F09,research_simulation
20220601,000034,0.181,F09,F09,research_simulation
20220601,000035,0.93,F09,F09,research_simulation
20220601,000036,0.014,F09,F09,research_simulation
20220601,000037,0.034,F09,F09,research_simulation
20220601,000039,0.186,F09,F09,research_simulation
20220601,000042,0.525,F09,F09,research_simulation
20220601,000045,0.685,F09,F09,research_simulation
20220601,000048,0.191,F09,F09,research_simulation
20220601,000049,0.901,F09,F09,research_simulation
20220601,000050,0.22,F09,F09,research_simulation
20220601,000055,0.463,F09,F09,research_simulation
20220601,000056,0.573,F09,F09,research_simulation
20220601,000058,0.122,F09,F09,research_simulation
20220601,000059,0.992,F09,F09,research_simulation
20220601,000060,0.38,F09,F09,research_simulation
20220601,000061,0.855,F09,F09,research_simulation
20220601,000062,0.268,F09,F09,research_simulation
20220601,000063,0.182,F09,F09,research_simulation
20220601,000065,0.853,F09,F09,research_simulation
20220601,000066,0.198,F09,F09,research_simulation
20220601,000068,0.759,F09,F09,research_simulation
20220601,000069,0.546,F09,F09,research_simulation
20220601,000070,0.549,F09,F09,research_simulation
20220601,000078,0.938,F09,F09,research_simulation
20220601,000088,0.468,F09,F09,research_simulation
20220601,000089,0.11,F09,F09,research_simulation
20220601,000090,0.056,F09,F09,research_simulation
20220601,000096,0.878,F09,F09,research_simulation
20220601,000099,0.468,F09,F09,research_simulation
20220601,000100,0.218,F09,F09,research_simulation
20220601,000151,0.85,F09,F09,research_simulation
20220601,000153,0.264,F09,F09,research_simulation
20220601,000155,0.44,F09,F09,research_simulation
20220601,000156,0.289,F09,F09,research_simulation
20220601,000157,0.218,F09,F09,research_simulation
20220601,000158,0.76,F09,F09,research_simulation
20220601,000159,0.091,F09,F09,research_simulation
20220601,000166,0.739,F09,F09,research_simulation
20220601,000301,0.066,F09,F09,research_simulation
20220601,000333,0.54,F09,F09,research_simulation
20220601,000338,0.37,F09,F09,research_simulation
20220601,000400,0.771,F09,F09,research_simulation
20220601,000401,0.931,F09,F09,research_simulation
20220601,000402,0.904,F09,F09,research_simulation
20220601,000403,0.53,F09,F09,research_simulation
20220601,000404,0.691,F09,F09,research_simulation
20220601,000407,0.479,F09,F09,research_simulation
20220601,000408,0.587,F09,F09,research_simulation
20220601,000409,0.423,F09,F09,research_simulation
20220601,000410,0.355,F09,F09,research_simulation
20220601,000411,0.513,F09,F09,research_simulation
20220601,000415,0.655,F09,F09,research_simulation
20220601,000417,0.413,F09,F09,research_simulation
20220601,000419,0.127,F09,F09,research_simulation
20220601,000420,0.379,F09,F09,research_simulation
20220601,000421,0.857,F09,F09,research_simulation
20220601,000422,0.166,F09,F09,research_simulation
20220601,000423,0.113,F09,F09,research_simulation
20220601,000425,0.048,F09,F09,research_simulation
20220601,000426,0.068,F09,F09,research_simulation
20220601,000428,0.36,F09,F09,research_simulation
20220601,000429,0.03,F09,F09,research_simulation
20220601,000430,0.735,F09,F09,research_simulation
20220601,000488,0.276,F09,F09,research_simulation
20220601,000498,0.289,F09,F09,research_simulation
20220601,000501,0.93,F09,F09,research_simulation
20220601,000503,0.87,F09,F09,research_simulation
20220601,000504,0.077,F09,F09,research_simulation
20220601,000505,0.349,F09,F09,research_simulation
20220601,000506,0.884,F09,F09,research_simulation
20220601,000507,0.169,F09,F09,research_simulation
20220601,000509,0.371,F09,F09,research_simulation
20220601,000510,0.433,F09,F09,research_simulation
20220601,000513,0.537,F09,F09,research_simulation
20220601,000514,0.772,F09,F09,research_simulation
20220601,000516,0.607,F09,F09,research_simulation
20220701,000001,0.17,F09,F09,research_simulation
20220701,000002,0.464,F09,F09,research_simulation
20220701,000004,0.966,F09,F09,research_simulation
20220701,000006,0.707,F09,F09,research_simulation
20220701,000007,0.755,F09,F09,research_simulation
20220701,000008,0.985,F09,F09,research_simulation
20220701,000009,0.857,F09,F09,research_simulation
20220701,000010,0.669,F09,F09,research_simulation
20220701,000011,0.126,F09,F09,research_simulation
20220701,000012,0.39,F09,F09,research_simulation
20220701,000014,0.997,F09,F09,research_simulation
20220701,000016,0.536,F09,F09,research_simulation
20220701,000017,0.343,F09,F09,research_simulation
20220701,000019,0.161,F09,F09,research_simulation
20220701,000020,0.14,F09,F09,research_simulation
20220701,000021,0.187,F09,F09,research_simulation
20220701,000025,0.773,F09,F09,research_simulation
20220701,000026,0.379,F09,F09,research_simulation
20220701,000027,0.07,F09,F09,research_simulation
20220701,000028,0.308,F09,F09,research_simulation
20220701,000029,0.516,F09,F09,research_simulation
20220701,000030,0.74,F09,F09,research_simulation
20220701,000031,0.664,F09,F09,research_simulation
20220701,000032,0.784,F09,F09,research_simulation
20220701,000034,0.476,F09,F09,research_simulation
20220701,000035,0.551,F09,F09,research_simulation
20220701,000036,0.643,F09,F09,research_simulation
20220701,000037,0.395,F09,F09,research_simulation
20220701,000039,0.247,F09,F09,research_simulation
20220701,000042,0.779,F09,F09,research_simulation
20220701,000045,0.352,F09,F09,research_simulation
20220701,000048,0.051,F09,F09,research_simulation
20220701,000049,0.366,F09,F09,research_simulation
20220701,000050,0.464,F09,F09,research_simulation
20220701,000055,0.991,F09,F09,research_simulation
20220701,000056,0.72,F09,F09,research_simulation
20220701,000058,0.59,F09,F09,research_simulation
20220701,000059,0.95,F09,F09,research_simulation
20220701,000060,0.037,F09,F09,research_simulation
20220701,000061,0.896,F09,F09,research_simulation
20220701,000062,0.53,F09,F09,research_simulation
20220701,000063,0.338,F09,F09,research_simulation
20220701,000065,0.127,F09,F09,research_simulation
20220701,000066,0.465,F09,F09,research_simulation
20220701,000068,0.101,F09,F09,research_simulation
20220701,000069,0.916,F09,F09,research_simulation
20220701,000070,0.881,F09,F09,research_simulation
20220701,000078,0.136,F09,F09,research_simulation
20220701,000088,0.097,F09,F09,research_simulation
20220701,000089,0.333,F09,F09,research_simulation
20220701,000090,0.895,F09,F09,research_simulation
20220701,000096,0.811,F09,F09,research_simulation
20220701,000099,0.297,F09,F09,research_simulation
20220701,000100,0.242,F09,F09,research_simulation
20220701,000151,0.33,F09,F09,research_simulation
20220701,000153,0.347,F09,F09,research_simulation
20220701,000155,0.733,F09,F09,research_simulation
20220701,000156,0.97,F09,F09,research_simulation
20220701,000157,0.327,F09,F09,research_simulation
20220701,000158,0.607,F09,F09,research_simulation
20220701,000159,0.605,F09,F09,research_simulation
20220701,000166,0.755,F09,F09,research_simulation
20220701,000301,0.206,F09,F09,research_simulation
20220701,000333,0.467,F09,F09,research_simulation
20220701,000338,0.386,F09,F09,research_simulation
20220701,000400,0.46,F09,F09,research_simulation
20220701,000401,0.254,F09,F09,research_simulation
20220701,000402,0.796,F09,F09,research_simulation
20220701,000403,0.306,F09,F09,research_simulation
20220701,000404,0.179,F09,F09,research_simulation
20220701,000407,0.494,F09,F09,research_simulation
20220701,000408,0.974,F09,F09,research_simulation
20220701,000409,0.011,F09,F09,research_simulation
20220701,000410,0.213,F09,F09,research_simulation
20220701,000411,0.974,F09,F09,research_simulation
20220701,000415,0.71,F09,F09,research_simulation
20220701,000417,0.214,F09,F09,research_simulation
20220701,000419,0.29,F09,F09,research_simulation
20220701,000420,0.076,F09,F09,research_simulation
20220701,000421,0.758,F09,F09,research_simulation
20220701,000422,0.993,F09,F09,research_simulation
20220701,000423,0.386,F09,F09,research_simulation
20220701,000425,0.476,F09,F09,research_simulation
20220701,000426,0.505,F09,F09,research_simulation
20220701,000428,0.23,F09,F09,research_simulation
20220701,000429,0.791,F09,F09,research_simulation
20220701,000430,0.409,F09,F09,research_simulation
20220701,000488,0.108,F09,F09,research_simulation
20220701,000498,0.556,F09,F09,research_simulation
20220701,000501,0.894,F09,F09,research_simulation
20220701,000503,0.39,F09,F09,research_simulation
20220701,000504,0.589,F09,F09,research_simulation
20220701,000505,0.49,F09,F09,research_simulation
20220701,000506,0.689,F09,F09,research_simulation
20220701,000507,0.786,F09,F09,research_simulation
20220701,000509,0.453,F09,F09,research_simulation
20220701,000510,0.932,F09,F09,research_simulation
20220701,000513,0.761,F09,F09,research_simulation
20220701,000514,0.593,F09,F09,research_simulation
20220701,000516,0.131,F09,F09,research_simulation
20220901,000001,0.275,F09,F09,research_simulation
20220901,000002,0.536,F09,F09,research_simulation
20220901,000004,0.5,F09,F09,research_simulation
20220901,000006,0.306,F09,F09,research_simulation
20220901,000007,0.87,F09,F09,research_simulation
20220901,000008,0.05,F09,F09,research_simulation
20220901,000009,0.205,F09,F09,research_simulation
20220901,000010,0.912,F09,F09,research_simulation
20220901,000011,0.214,F09,F09,research_simulation
20220901,000012,0.42,F09,F09,research_simulation
20220901,000014,0.649,F09,F09,research_simulation
20220901,000016,0.058,F09,F09,research_simulation
20220901,000017,0.509,F09,F09,research_simulation
20220901,000019,0.992,F09,F09,research_simulation
20220901,000020,0.928,F09,F09,research_simulation
20220901,000021,0.72,F09,F09,research_simulation
20220901,000025,0.426,F09,F09,research_simulation
20220901,000026,0.996,F09,F09,research_simulation
20220901,000027,0.435,F09,F09,research_simulation
20220901,000028,0.307,F09,F09,research_simulation
20220901,000029,0.95,F09,F09,research_simulation
20220901,000030,0.581,F09,F09,research_simulation
20220901,000031,0.965,F09,F09,research_simulation
20220901,000032,0.738,F09,F09,research_simulation
20220901,000034,0.99,F09,F09,research_simulation
20220901,000035,0.73,F09,F09,research_simulation
20220901,000036,0.677,F09,F09,research_simulation
20220901,000037,0.853,F09,F09,research_simulation
20220901,000039,0.956,F09,F09,research_simulation
20220901,000042,0.376,F09,F09,research_simulation
20220901,000045,0.151,F09,F09,research_simulation
20220901,000048,0.604,F09,F09,research_simulation
20220901,000049,0.943,F09,F09,research_simulation
20220901,000050,0.968,F09,F09,research_simulation
20220901,000055,0.797,F09,F09,research_simulation
20220901,000056,0.408,F09,F09,research_simulation
20220901,000058,0.658,F09,F09,research_simulation
20220901,000059,0.025,F09,F09,research_simulation
20220901,000060,0.248,F09,F09,research_simulation
20220901,000061,0.649,F09,F09,research_simulation
20220901,000062,0.526,F09,F09,research_simulation
20220901,000063,0.312,F09,F09,research_simulation
20220901,000065,0.878,F09,F09,research_simulation
20220901,000066,0.239,F09,F09,research_simulation
20220901,000068,0.235,F09,F09,research_simulation
20220901,000069,0.135,F09,F09,research_simulation
20220901,000070,0.972,F09,F09,research_simulation
20220901,000078,0.617,F09,F09,research_simulation
20220901,000088,0.282,F09,F09,research_simulation
20220901,000089,0.441,F09,F09,research_simulation
20220901,000090,0.989,F09,F09,research_simulation
20220901,000096,0.927,F09,F09,research_simulation
20220901,000099,0.75,F09,F09,research_simulation
20220901,000100,0.086,F09,F09,research_simulation
20220901,000151,0.272,F09,F09,research_simulation
20220901,000153,0.108,F09,F09,research_simulation
20220901,000155,0.703,F09,F09,research_simulation
20220901,000156,0.444,F09,F09,research_simulation
20220901,000157,0.011,F09,F09,research_simulation
20220901,000158,0.896,F09,F09,research_simulation
20220901,000159,0.667,F09,F09,research_simulation
20220901,000166,0.814,F09,F09,research_simulation
20220901,000301,0.733,F09,F09,research_simulation
20220901,000333,0.853,F09,F09,research_simulation
20220901,000338,0.261,F09,F09,research_simulation
20220901,000400,0.252,F09,F09,research_simulation
20220901,000401,0.311,F09,F09,research_simulation
20220901,000402,0.341,F09,F09,research_simulation
20220901,000403,0.768,F09,F09,research_simulation
20220901,000404,0.187,F09,F09,research_simulation
20220901,000407,0.814,F09,F09,research_simulation
20220901,000408,0.614,F09,F09,research_simulation
20220901,000409,0.505,F09,F09,research_simulation
20220901,000410,0.682,F09,F09,research_simulation
20220901,000411,0.192,F09,F09,research_simulation
20220901,000415,0.954,F09,F09,research_simulation
20220901,000417,0.235,F09,F09,research_simulation
20220901,000419,0.669,F09,F09,research_simulation
20220901,000420,0.775,F09,F09,research_simulation
20220901,000421,0.115,F09,F09,research_simulation
20220901,000422,0.968,F09,F09,research_simulation
20220901,000423,0.847,F09,F09,research_simulation
20220901,000425,0.286,F09,F09,research_simulation
20220901,000426,0.769,F09,F09,research_simulation
20220901,000428,0.266,F09,F09,research_simulation
20220901,000429,0.401,F09,F09,research_simulation
20220901,000430,0.665,F09,F09,research_simulation
20220901,000488,0.463,F09,F09,research_simulation
20220901,000498,0.791,F09,F09,research_simulation
20220901,000501,0.783,F09,F09,research_simulation
20220901,000503,0.169,F09,F09,research_simulation
20220901,000504,0.167,F09,F09,research_simulation
20220901,000505,0.927,F09,F09,research_simulation
20220901,000506,0.412,F09,F09,research_simulation
20220901,000507,0.687,F09,F09,research_simulation
20220901,000509,0.062,F09,F09,research_simulation
20220901,000510,0.478,F09,F09,research_simulation
20220901,000513,0.136,F09,F09,research_simulation
20220901,000514,0.922,F09,F09,research_simulation
20220901,000516,0.866,F09,F09,research_simulation
20221101,000001,0.56,F09,F09,research_simulation
20221101,000002,0.417,F09,F09,research_simulation
20221101,000004,0.868,F09,F09,research_simulation
20221101,000006,0.678,F09,F09,research_simulation
20221101,000007,0.931,F09,F09,research_simulation
20221101,000008,0.001,F09,F09,research_simulation
20221101,000009,0.119,F09,F09,research_simulation
20221101,000010,0.317,F09,F09,research_simulation
20221101,000011,0.44,F09,F09,research_simulation
20221101,000012,0.917,F09,F09,research_simulation
20221101,000014,0.249,F09,F09,research_simulation
20221101,000016,0.821,F09,F09,research_simulation
20221101,000017,0.77,F09,F09,research_simulation
20221101,000019,0.496,F09,F09,research_simulation
20221101,000020,0.217,F09,F09,research_simulation
20221101,000021,0.245,F09,F09,research_simulation
20221101,000025,0.75,F09,F09,research_simulation
20221101,000026,0.825,F09,F09,research_simulation
20221101,000027,0.874,F09,F09,research_simulation
20221101,000028,0.4,F09,F09,research_simulation
20221101,000029,0.831,F09,F09,research_simulation
20221101,000030,0.196,F09,F09,research_simulation
20221101,000031,0.031,F09,F09,research_simulation
20221101,000032,0.036,F09,F09,research_simulation
20221101,000034,0.504,F09,F09,research_simulation
20221101,000035,0.46,F09,F09,research_simulation
20221101,000036,0.795,F09,F09,research_simulation
20221101,000037,0.24,F09,F09,research_simulation
20221101,000039,0.901,F09,F09,research_simulation
20221101,000042,0.308,F09,F09,research_simulation
20221101,000045,0.271,F09,F09,research_simulation
20221101,000048,0.251,F09,F09,research_simulation
20221101,000049,0.565,F09,F09,research_simulation
20221101,000050,0.341,F09,F09,research_simulation
20221101,000055,0.652,F09,F09,research_simulation
20221101,000056,0.743,F09,F09,research_simulation
20221101,000058,0.709,F09,F09,research_simulation
20221101,000059,0.018,F09,F09,research_simulation
20221101,000060,0.656,F09,F09,research_simulation
20221101,000061,0.699,F09,F09,research_simulation
20221101,000062,0.978,F09,F09,research_simulation
20221101,000063,0.441,F09,F09,research_simulation
20221101,000065,0.529,F09,F09,research_simulation
20221101,000066,0.025,F09,F09,research_simulation
20221101,000068,0.446,F09,F09,research_simulation
20221101,000069,0.322,F09,F09,research_simulation
20221101,000070,0.247,F09,F09,research_simulation
20221101,000078,0.367,F09,F09,research_simulation
20221101,000088,0.148,F09,F09,research_simulation
20221101,000089,0.381,F09,F09,research_simulation
20221101,000090,0.772,F09,F09,research_simulation
20221101,000096,0.756,F09,F09,research_simulation
20221101,000099,0.446,F09,F09,research_simulation
20221101,000100,0.733,F09,F09,research_simulation
20221101,000151,0.84,F09,F09,research_simulation
20221101,000153,0.725,F09,F09,research_simulation
20221101,000155,0.886,F09,F09,research_simulation
20221101,000156,0.25,F09,F09,research_simulation
20221101,000157,0.012,F09,F09,research_simulation
20221101,000158,0.35,F09,F09,research_simulation
20221101,000159,0.855,F09,F09,research_simulation
20221101,000166,0.023,F09,F09,research_simulation
20221101,000301,0.434,F09,F09,research_simulation
20221101,000333,0.912,F09,F09,research_simulation
20221101,000338,0.077,F09,F09,research_simulation
20221101,000400,0.96,F09,F09,research_simulation
20221101,000401,0.65,F09,F09,research_simulation
20221101,000402,0.103,F09,F09,research_simulation
20221101,000403,0.963,F09,F09,research_simulation
20221101,000404,0.552,F09,F09,research_simulation
20221101,000407,0.61,F09,F09,research_simulation
20221101,000408,0.281,F09,F09,research_simulation
20221101,000409,0.464,F09,F09,research_simulation
20221101,000410,0.843,F09,F09,research_simulation
20221101,000411,0.576,F09,F09,research_simulation
20221101,000415,0.243,F09,F09,research_simulation
20221101,000417,0.606,F09,F09,research_simulation
20221101,000419,0.271,F09,F09,research_simulation
20221101,000420,0.974,F09,F09,research_simulation
20221101,000421,0.532,F09,F09,research_simulation
20221101,000422,0.356,F09,F09,research_simulation
20221101,000423,0.039,F09,F09,research_simulation
20221101,000425,0.559,F09,F09,research_simulation
20221101,000426,0.047,F09,F09,research_simulation
20221101,000428,0.194,F09,F09,research_simulation
20221101,000429,0.349,F09,F09,research_simulation
20221101,000430,0.602,F09,F09,research_simulation
20221101,000488,0.039,F09,F09,research_simulation
20221101,000498,0.487,F09,F09,research_simulation
20221101,000501,0.1,F09,F09,research_simulation
20221101,000503,0.102,F09,F09,research_simulation
20221101,000504,0.83,F09,F09,research_simulation
20221101,000505,0.738,F09,F09,research_simulation
20221101,000506,0.837,F09,F09,research_simulation
20221101,000507,0.744,F09,F09,research_simulation
20221101,000509,0.791,F09,F09,research_simulation
20221101,000510,0.464,F09,F09,research_simulation
20221101,000513,0.462,F09,F09,research_simulation
20221101,000514,0.242,F09,F09,research_simulation
20221101,000516,0.985,F09,F09,research_simulation
20221201,000001,0.847,F09,F09,research_simulation
20221201,000002,0.052,F09,F09,research_simulation
20221201,000004,0.58,F09,F09,research_simulation
20221201,000006,0.002,F09,F09,research_simulation
20221201,000007,0.409,F09,F09,research_simulation
20221201,000008,0.74,F09,F09,research_simulation
20221201,000009,0.457,F09,F09,research_simulation
20221201,000010,0.692,F09,F09,research_simulation
20221201,000011,0.129,F09,F09,research_simulation
20221201,000012,0.509,F09,F09,research_simulation
20221201,000014,0.473,F09,F09,research_simulation
20221201,000016,0.54,F09,F09,research_simulation
20221201,000017,0.4,F09,F09,research_simulation
20221201,000019,0.426,F09,F09,research_simulation
20221201,000020,0.946,F09,F09,research_simulation
20221201,000021,0.102,F09,F09,research_simulation
20221201,000025,0.133,F09,F09,research_simulation
20221201,000026,0.664,F09,F09,research_simulation
20221201,000027,0.275,F09,F09,research_simulation
20221201,000028,0.875,F09,F09,research_simulation
20221201,000029,0.65,F09,F09,research_simulation
20221201,000030,0.813,F09,F09,research_simulation
20221201,000031,0.569,F09,F09,research_simulation
20221201,000032,0.614,F09,F09,research_simulation
20221201,000034,0.53,F09,F09,research_simulation
20221201,000035,0.262,F09,F09,research_simulation
20221201,000036,0.99,F09,F09,research_simulation
20221201,000037,0.231,F09,F09,research_simulation
20221201,000039,0.86,F09,F09,research_simulation
20221201,000042,0.607,F09,F09,research_simulation
20221201,000045,0.489,F09,F09,research_simulation
20221201,000048,0.756,F09,F09,research_simulation
20221201,000049,0.661,F09,F09,research_simulation
20221201,000050,0.864,F09,F09,research_simulation
20221201,000055,0.109,F09,F09,research_simulation
20221201,000056,0.103,F09,F09,research_simulation
20221201,000058,0.161,F09,F09,research_simulation
20221201,000059,0.126,F09,F09,research_simulation
20221201,000060,0.859,F09,F09,research_simulation
20221201,000061,0.107,F09,F09,research_simulation
20221201,000062,0.214,F09,F09,research_simulation
20221201,000063,0.905,F09,F09,research_simulation
20221201,000065,0.518,F09,F09,research_simulation
20221201,000066,0.904,F09,F09,research_simulation
20221201,000068,0.216,F09,F09,research_simulation
20221201,000069,0.569,F09,F09,research_simulation
20221201,000070,0.281,F09,F09,research_simulation
20221201,000078,0.76,F09,F09,research_simulation
20221201,000088,0.969,F09,F09,research_simulation
20221201,000089,0.908,F09,F09,research_simulation
20221201,000090,0.54,F09,F09,research_simulation
20221201,000096,0.398,F09,F09,research_simulation
20221201,000099,0.974,F09,F09,research_simulation
20221201,000100,0.998,F09,F09,research_simulation
20221201,000151,0.424,F09,F09,research_simulation
20221201,000153,0.767,F09,F09,research_simulation
20221201,000155,0.295,F09,F09,research_simulation
20221201,000156,0.254,F09,F09,research_simulation
20221201,000157,0.653,F09,F09,research_simulation
20221201,000158,0.892,F09,F09,research_simulation
20221201,000159,0.802,F09,F09,research_simulation
20221201,000166,0.449,F09,F09,research_simulation
20221201,000301,0.483,F09,F09,research_simulation
20221201,000333,0.495,F09,F09,research_simulation
20221201,000338,0.627,F09,F09,research_simulation
20221201,000400,0.349,F09,F09,research_simulation
20221201,000401,0.485,F09,F09,research_simulation
20221201,000402,0.042,F09,F09,research_simulation
20221201,000403,0.536,F09,F09,research_simulation
20221201,000404,0.461,F09,F09,research_simulation
20221201,000407,0.911,F09,F09,research_simulation
20221201,000408,0.753,F09,F09,research_simulation
20221201,000409,0.693,F09,F09,research_simulation
20221201,000410,0.657,F09,F09,research_simulation
20221201,000411,0.343,F09,F09,research_simulation
20221201,000415,0.788,F09,F09,research_simulation
20221201,000417,0.195,F09,F09,research_simulation
20221201,000419,0.681,F09,F09,research_simulation
20221201,000420,0.675,F09,F09,research_simulation
20221201,000421,0.715,F09,F09,research_simulation
20221201,000422,0.075,F09,F09,research_simulation
20221201,000423,0.162,F09,F09,research_simulation
20221201,000425,0.977,F09,F09,research_simulation
20221201,000426,0.357,F09,F09,research_simulation
20221201,000428,0.319,F09,F09,research_simulation
20221201,000429,0.788,F09,F09,research_simulation
20221201,000430,0.6,F09,F09,research_simulation
20221201,000488,0.959,F09,F09,research_simulation
20221201,000498,0.301,F09,F09,research_simulation
20221201,000501,0.296,F09,F09,research_simulation
20221201,000503,0.489,F09,F09,research_simulation
20221201,000504,0.777,F09,F09,research_simulation
20221201,000505,0.458,F09,F09,research_simulation
20221201,000506,0.501,F09,F09,research_simulation
20221201,000507,0.12,F09,F09,research_simulation
20221201,000509,0.707,F09,F09,research_simulation
20221201,000510,0.111,F09,F09,research_simulation
20221201,000513,0.327,F09,F09,research_simulation
20221201,000514,0.167,F09,F09,research_simulation
20221201,000516,0.829,F09,F09,research_simulation
20230301,000001,0.14,F09,F09,research_simulation
20230301,000002,0.531,F09,F09,research_simulation
20230301,000004,0.213,F09,F09,research_simulation
20230301,000006,0.14,F09,F09,research_simulation
20230301,000007,0.983,F09,F09,research_simulation
20230301,000008,0.044,F09,F09,research_simulation
20230301,000009,0.58,F09,F09,research_simulation
20230301,000010,0.735,F09,F09,research_simulation
20230301,000011,0.54,F09,F09,research_simulation
20230301,000012,0.151,F09,F09,research_simulation
20230301,000014,0.085,F09,F09,research_simulation
20230301,000016,0.604,F09,F09,research_simulation
20230301,000017,0.426,F09,F09,research_simulation
20230301,000019,0.283,F09,F09,research_simulation
20230301,000020,0.041,F09,F09,research_simulation
20230301,000021,0.823,F09,F09,research_simulation
20230301,000025,0.099,F09,F09,research_simulation
20230301,000026,0.635,F09,F09,research_simulation
20230301,000027,0.899,F09,F09,research_simulation
20230301,000028,0.266,F09,F09,research_simulation
20230301,000029,0.811,F09,F09,research_simulation
20230301,000030,0.159,F09,F09,research_simulation
20230301,000031,0.166,F09,F09,research_simulation
20230301,000032,0.059,F09,F09,research_simulation
20230301,000034,0.445,F09,F09,research_simulation
20230301,000035,0.332,F09,F09,research_simulation
20230301,000036,0.828,F09,F09,research_simulation
20230301,000037,0.148,F09,F09,research_simulation
20230301,000039,0.939,F09,F09,research_simulation
20230301,000042,0.374,F09,F09,research_simulation
20230301,000045,0.536,F09,F09,research_simulation
20230301,000048,0.578,F09,F09,research_simulation
20230301,000049,0.81,F09,F09,research_simulation
20230301,000050,0.714,F09,F09,research_simulation
20230301,000055,0.358,F09,F09,research_simulation
20230301,000056,0.641,F09,F09,research_simulation
20230301,000058,0.047,F09,F09,research_simulation
20230301,000059,0.715,F09,F09,research_simulation
20230301,000060,0.809,F09,F09,research_simulation
20230301,000061,0.132,F09,F09,research_simulation
20230301,000062,0.776,F09,F09,research_simulation
20230301,000063,0.08,F09,F09,research_simulation
20230301,000065,0.938,F09,F09,research_simulation
20230301,000066,0.718,F09,F09,research_simulation
20230301,000068,0.61,F09,F09,research_simulation
20230301,000069,0.219,F09,F09,research_simulation
20230301,000070,0.473,F09,F09,research_simulation
20230301,000078,0.707,F09,F09,research_simulation
20230301,000088,0.926,F09,F09,research_simulation
20230301,000089,0.844,F09,F09,research_simulation
20230301,000090,0.849,F09,F09,research_simulation
20230301,000096,0.452,F09,F09,research_simulation
20230301,000099,0.547,F09,F09,research_simulation
20230301,000100,0.726,F09,F09,research_simulation
20230301,000151,0.809,F09,F09,research_simulation
20230301,000153,0.391,F09,F09,research_simulation
20230301,000155,0.376,F09,F09,research_simulation
20230301,000156,0.504,F09,F09,research_simulation
20230301,000157,0.001,F09,F09,research_simulation
20230301,000158,0.576,F09,F09,research_simulation
20230301,000159,0.6,F09,F09,research_simulation
20230301,000166,0.766,F09,F09,research_simulation
20230301,000301,0.826,F09,F09,research_simulation
20230301,000333,0.282,F09,F09,research_simulation
20230301,000338,0.121,F09,F09,research_simulation
20230301,000400,0.639,F09,F09,research_simulation
20230301,000401,0.787,F09,F09,research_simulation
20230301,000402,0.489,F09,F09,research_simulation
20230301,000403,0.153,F09,F09,research_simulation
20230301,000404,0.064,F09,F09,research_simulation
20230301,000407,0.19,F09,F09,research_simulation
20230301,000408,0.226,F09,F09,research_simulation
20230301,000409,0.481,F09,F09,research_simulation
20230301,000410,0.167,F09,F09,research_simulation
20230301,000411,0.281,F09,F09,research_simulation
20230301,000415,0.562,F09,F09,research_simulation
20230301,000417,0.221,F09,F09,research_simulation
20230301,000419,0.648,F09,F09,research_simulation
20230301,000420,0.012,F09,F09,research_simulation
20230301,000421,0.812,F09,F09,research_simulation
20230301,000422,0.886,F09,F09,research_simulation
20230301,000423,0.879,F09,F09,research_simulation
20230301,000425,0.449,F09,F09,research_simulation
20230301,000426,0.326,F09,F09,research_simulation
20230301,000428,0.756,F09,F09,research_simulation
20230301,000429,0.976,F09,F09,research_simulation
20230301,000430,0.48,F09,F09,research_simulation
20230301,000488,0.265,F09,F09,research_simulation
20230301,000498,0.226,F09,F09,research_simulation
20230301,000501,0.994,F09,F09,research_simulation
20230301,000503,0.078,F09,F09,research_simulation
20230301,000504,0.933,F09,F09,research_simulation
20230301,000505,0.941,F09,F09,research_simulation
20230301,000506,0.499,F09,F09,research_simulation
20230301,000507,0.117,F09,F09,research_simulation
20230301,000509,0.814,F09,F09,research_simulation
20230301,000510,0.24,F09,F09,research_simulation
20230301,000513,0.923,F09,F09,research_simulation
20230301,000514,0.932,F09,F09,research_simulation
20230301,000516,0.572,F09,F09,research_simulation
20230501,000001,0.673,F09,F09,research_simulation
20230501,000002,0.216,F09,F09,research_simulation
20230501,000004,0.355,F09,F09,research_simulation
20230501,000006,0.959,F09,F09,research_simulation
20230501,000007,0.089,F09,F09,research_simulation
20230501,000008,0.677,F09,F09,research_simulation
20230501,000009,0.803,F09,F09,research_simulation
20230501,000010,0.037,F09,F09,research_simulation
20230501,000011,0.75,F09,F09,research_simulation
20230501,000012,0.552,F09,F09,research_simulation
20230501,000014,0.63,F09,F09,research_simulation
20230501,000016,0.824,F09,F09,research_simulation
20230501,000017,0.069,F09,F09,research_simulation
20230501,000019,0.772,F09,F09,research_simulation
20230501,000020,0.838,F09,F09,research_simulation
20230501,000021,0.99,F09,F09,research_simulation
20230501,000025,0.946,F09,F09,research_simulation
20230501,000026,0.523,F09,F09,research_simulation
20230501,000027,0.97,F09,F09,research_simulation
20230501,000028,0.937,F09,F09,research_simulation
20230501,000029,0.455,F09,F09,research_simulation
20230501,000030,0.58,F09,F09,research_simulation
20230501,000031,0.987,F09,F09,research_simulation
20230501,000032,0.114,F09,F09,research_simulation
20230501,000034,0.836,F09,F09,research_simulation
20230501,000035,0.76,F09,F09,research_simulation
20230501,000036,0.803,F09,F09,research_simulation
20230501,000037,0.375,F09,F09,research_simulation
20230501,000039,0.113,F09,F09,research_simulation
20230501,000042,0.202,F09,F09,research_simulation
20230501,000045,0.618,F09,F09,research_simulation
20230501,000048,0.549,F09,F09,research_simulation
20230501,000049,0.479,F09,F09,research_simulation
20230501,000050,0.327,F09,F09,research_simulation
20230501,000055,0.363,F09,F09,research_simulation
20230501,000056,0.352,F09,F09,research_simulation
20230501,000058,0.984,F09,F09,research_simulation
20230501,000059,0.732,F09,F09,research_simulation
20230501,000060,0.961,F09,F09,research_simulation
20230501,000061,0.987,F09,F09,research_simulation
20230501,000062,0.548,F09,F09,research_simulation
20230501,000063,0.006,F09,F09,research_simulation
20230501,000065,0.72,F09,F09,research_simulation
20230501,000066,0.633,F09,F09,research_simulation
20230501,000068,0.67,F09,F09,research_simulation
20230501,000069,0.398,F09,F09,research_simulation
20230501,000070,0.75,F09,F09,research_simulation
20230501,000078,0.329,F09,F09,research_simulation
20230501,000088,0.864,F09,F09,research_simulation
20230501,000089,0.151,F09,F09,research_simulation
20230501,000090,0.13,F09,F09,research_simulation
20230501,000096,0.503,F09,F09,research_simulation
20230501,000099,0.335,F09,F09,research_simulation
20230501,000100,0.454,F09,F09,research_simulation
20230501,000151,0.482,F09,F09,research_simulation
20230501,000153,0.953,F09,F09,research_simulation
20230501,000155,0.044,F09,F09,research_simulation
20230501,000156,0.039,F09,F09,research_simulation
20230501,000157,0.497,F09,F09,research_simulation
20230501,000158,0.558,F09,F09,research_simulation
20230501,000159,0.537,F09,F09,research_simulation
20230501,000166,0.748,F09,F09,research_simulation
20230501,000301,0.255,F09,F09,research_simulation
20230501,000333,0.295,F09,F09,research_simulation
20230501,000338,0.478,F09,F09,research_simulation
20230501,000400,0.624,F09,F09,research_simulation
20230501,000401,0.179,F09,F09,research_simulation
20230501,000402,0.668,F09,F09,research_simulation
20230501,000403,0.161,F09,F09,research_simulation
20230501,000404,0.642,F09,F09,research_simulation
20230501,000407,0.049,F09,F09,research_simulation
20230501,000408,0.513,F09,F09,research_simulation
20230501,000409,0.156,F09,F09,research_simulation
20230501,000410,0.862,F09,F09,research_simulation
20230501,000411,0.734,F09,F09,research_simulation
20230501,000415,0.613,F09,F09,research_simulation
20230501,000417,0.758,F09,F09,research_simulation
20230501,000419,0.398,F09,F09,research_simulation
20230501,000420,0.985,F09,F09,research_simulation
20230501,000421,0.925,F09,F09,research_simulation
20230501,000422,0.161,F09,F09,research_simulation
20230501,000423,0.01,F09,F09,research_simulation
20230501,000425,0.569,F09,F09,research_simulation
20230501,000426,0.537,F09,F09,research_simulation
20230501,000428,0.565,F09,F09,research_simulation
20230501,000429,0.514,F09,F09,research_simulation
20230501,000430,0.702,F09,F09,research_simulation
20230501,000488,0.474,F09,F09,research_simulation
20230501,000498,0.433,F09,F09,research_simulation
20230501,000501,0.653,F09,F09,research_simulation
20230501,000503,0.906,F09,F09,research_simulation
20230501,000504,0.64,F09,F09,research_simulation
20230501,000505,0.591,F09,F09,research_simulation
20230501,000506,0.459,F09,F09,research_simulation
20230501,000507,0.706,F09,F09,research_simulation
20230501,000509,0.456,F09,F09,research_simulation
20230501,000510,0.093,F09,F09,research_simulation
20230501,000513,0.317,F09,F09,research_simulation
20230501,000514,0.868,F09,F09,research_simulation
20230501,000516,0.304,F09,F09,research_simulation
20230601,000001,0.712,F09,F09,research_simulation
20230601,000002,0.677,F09,F09,research_simulation
20230601,000004,0.792,F09,F09,research_simulation
20230601,000006,0.847,F09,F09,research_simulation
20230601,000007,0.248,F09,F09,research_simulation
20230601,000008,0.334,F09,F09,research_simulation
20230601,000009,0.067,F09,F09,research_simulation
20230601,000010,0.755,F09,F09,research_simulation
20230601,000011,0.982,F09,F09,research_simulation
20230601,000012,0.446,F09,F09,research_simulation
20230601,000014,0.694,F09,F09,research_simulation
20230601,000016,0.011,F09,F09,research_simulation
20230601,000017,0.61,F09,F09,research_simulation
20230601,000019,0.112,F09,F09,research_simulation
20230601,000020,0.351,F09,F09,research_simulation
20230601,000021,0.725,F09,F09,research_simulation
20230601,000025,0.869,F09,F09,research_simulation
20230601,000026,0.905,F09,F09,research_simulation
20230601,000027,0.665,F09,F09,research_simulation
20230601,000028,0.799,F09,F09,research_simulation
20230601,000029,0.719,F09,F09,research_simulation
20230601,000030,0.838,F09,F09,research_simulation
20230601,000031,0.289,F09,F09,research_simulation
20230601,000032,0.887,F09,F09,research_simulation
20230601,000034,0.672,F09,F09,research_simulation
20230601,000035,0.794,F09,F09,research_simulation
20230601,000036,0.957,F09,F09,research_simulation
20230601,000037,0.061,F09,F09,research_simulation
20230601,000039,0.496,F09,F09,research_simulation
20230601,000042,0.563,F09,F09,research_simulation
20230601,000045,0.666,F09,F09,research_simulation
20230601,000048,0.771,F09,F09,research_simulation
20230601,000049,0.384,F09,F09,research_simulation
20230601,000050,0.784,F09,F09,research_simulation
20230601,000055,0.514,F09,F09,research_simulation
20230601,000056,0.207,F09,F09,research_simulation
20230601,000058,0.649,F09,F09,research_simulation
20230601,000059,0.384,F09,F09,research_simulation
20230601,000060,0.199,F09,F09,research_simulation
20230601,000061,0.989,F09,F09,research_simulation
20230601,000062,0.66,F09,F09,research_simulation
20230601,000063,0.207,F09,F09,research_simulation
20230601,000065,0.049,F09,F09,research_simulation
20230601,000066,0.385,F09,F09,research_simulation
20230601,000068,0.221,F09,F09,research_simulation
20230601,000069,0.756,F09,F09,research_simulation
20230601,000070,0.54,F09,F09,research_simulation
20230601,000078,0.023,F09,F09,research_simulation
20230601,000088,0.165,F09,F09,research_simulation
20230601,000089,0.581,F09,F09,research_simulation
20230601,000090,0.614,F09,F09,research_simulation
20230601,000096,0.376,F09,F09,research_simulation
20230601,000099,0.405,F09,F09,research_simulation
20230601,000100,0.169,F09,F09,research_simulation
20230601,000151,0.145,F09,F09,research_simulation
20230601,000153,0.269,F09,F09,research_simulation
20230601,000155,0.455,F09,F09,research_simulation
20230601,000156,0.163,F09,F09,research_simulation
20230601,000157,0.377,F09,F09,research_simulation
20230601,000158,0.796,F09,F09,research_simulation
20230601,000159,0.174,F09,F09,research_simulation
20230601,000166,0.737,F09,F09,research_simulation
20230601,000301,0.304,F09,F09,research_simulation
20230601,000333,0.63,F09,F09,research_simulation
20230601,000338,0.475,F09,F09,research_simulation
20230601,000400,0.19,F09,F09,research_simulation
20230601,000401,0.808,F09,F09,research_simulation
20230601,000402,0.682,F09,F09,research_simulation
20230601,000403,0.921,F09,F09,research_simulation
20230601,000404,0.052,F09,F09,research_simulation
20230601,000407,0.1,F09,F09,research_simulation
20230601,000408,0.85,F09,F09,research_simulation
20230601,000409,0.902,F09,F09,research_simulation
20230601,000410,0.687,F09,F09,research_simulation
20230601,000411,0.03,F09,F09,research_simulation
20230601,000415,0.219,F09,F09,research_simulation
20230601,000417,0.832,F09,F09,research_simulation
20230601,000419,0.842,F09,F09,research_simulation
20230601,000420,0.003,F09,F09,research_simulation
20230601,000421,0.75,F09,F09,research_simulation
20230601,000422,0.334,F09,F09,research_simulation
20230601,000423,0.922,F09,F09,research_simulation
20230601,000425,0.871,F09,F09,research_simulation
20230601,000426,0.367,F09,F09,research_simulation
20230601,000428,0.659,F09,F09,research_simulation
20230601,000429,0.362,F09,F09,research_simulation
20230601,000430,0.811,F09,F09,research_simulation
20230601,000488,0.577,F09,F09,research_simulation
20230601,000498,0.757,F09,F09,research_simulation
20230601,000501,0.165,F09,F09,research_simulation
20230601,000503,0.575,F09,F09,research_simulation
20230601,000504,0.098,F09,F09,research_simulation
20230601,000505,0.965,F09,F09,research_simulation
20230601,000506,0.933,F09,F09,research_simulation
20230601,000507,0.893,F09,F09,research_simulation
20230601,000509,0.362,F09,F09,research_simulation
20230601,000510,0.818,F09,F09,research_simulation
20230601,000513,0.545,F09,F09,research_simulation
20230601,000514,0.418,F09,F09,research_simulation
20230601,000516,0.284,F09,F09,research_simulation
20230701,000001,0.173,F09,F09,research_simulation
20230701,000002,0.346,F09,F09,research_simulation
20230701,000004,0.105,F09,F09,research_simulation
20230701,000006,0.032,F09,F09,research_simulation
20230701,000007,0.471,F09,F09,research_simulation
20230701,000008,0.767,F09,F09,research_simulation
20230701,000009,0.284,F09,F09,research_simulation
20230701,000010,0.729,F09,F09,research_simulation
20230701,000011,0.205,F09,F09,research_simulation
20230701,000012,0.082,F09,F09,research_simulation
20230701,000014,0.739,F09,F09,research_simulation
20230701,000016,0.34,F09,F09,research_simulation
20230701,000017,0.229,F09,F09,research_simulation
20230701,000019,0.71,F09,F09,research_simulation
20230701,000020,0.682,F09,F09,research_simulation
20230701,000021,0.19,F09,F09,research_simulation
20230701,000025,0.18,F09,F09,research_simulation
20230701,000026,0.342,F09,F09,research_simulation
20230701,000027,0.462,F09,F09,research_simulation
20230701,000028,0.739,F09,F09,research_simulation
20230701,000029,0.572,F09,F09,research_simulation
20230701,000030,0.099,F09,F09,research_simulation
20230701,000031,0.861,F09,F09,research_simulation
20230701,000032,0.009,F09,F09,research_simulation
20230701,000034,0.83,F09,F09,research_simulation
20230701,000035,0.967,F09,F09,research_simulation
20230701,000036,0.344,F09,F09,research_simulation
20230701,000037,0.882,F09,F09,research_simulation
20230701,000039,0.373,F09,F09,research_simulation
20230701,000042,0.567,F09,F09,research_simulation
20230701,000045,0.202,F09,F09,research_simulation
20230701,000048,0.961,F09,F09,research_simulation
20230701,000049,0.856,F09,F09,research_simulation
20230701,000050,0.505,F09,F09,research_simulation
20230701,000055,0.199,F09,F09,research_simulation
20230701,000056,0.811,F09,F09,research_simulation
20230701,000058,0.616,F09,F09,research_simulation
20230701,000059,0.533,F09,F09,research_simulation
20230701,000060,0.45,F09,F09,research_simulation
20230701,000061,0.496,F09,F09,research_simulation
20230701,000062,0.461,F09,F09,research_simulation
20230701,000063,0.169,F09,F09,research_simulation
20230701,000065,0.29,F09,F09,research_simulation
20230701,000066,0.78,F09,F09,research_simulation
20230701,000068,0.658,F09,F09,research_simulation
20230701,000069,0.333,F09,F09,research_simulation
20230701,000070,0.915,F09,F09,research_simulation
20230701,000078,0.679,F09,F09,research_simulation
20230701,000088,0.188,F09,F09,research_simulation
20230701,000089,0.299,F09,F09,research_simulation
20230701,000090,0.384,F09,F09,research_simulation
20230701,000096,0.736,F09,F09,research_simulation
20230701,000099,0.241,F09,F09,research_simulation
20230701,000100,0.004,F09,F09,research_simulation
20230701,000151,0.313,F09,F09,research_simulation
20230701,000153,0.496,F09,F09,research_simulation
20230701,000155,0.622,F09,F09,research_simulation
20230701,000156,0.13,F09,F09,research_simulation
20230701,000157,0.107,F09,F09,research_simulation
20230701,000158,0.576,F09,F09,research_simulation
20230701,000159,0.103,F09,F09,research_simulation
20230701,000166,0.575,F09,F09,research_simulation
20230701,000301,0.983,F09,F09,research_simulation
20230701,000333,0.711,F09,F09,research_simulation
20230701,000338,0.342,F09,F09,research_simulation
20230701,000400,0.531,F09,F09,research_simulation
20230701,000401,0.212,F09,F09,research_simulation
20230701,000402,0.142,F09,F09,research_simulation
20230701,000403,0.621,F09,F09,research_simulation
20230701,000404,0.074,F09,F09,research_simulation
20230701,000407,0.814,F09,F09,research_simulation
20230701,000408,0.716,F09,F09,research_simulation
20230701,000409,0.288,F09,F09,research_simulation
20230701,000410,0.426,F09,F09,research_simulation
20230701,000411,0.626,F09,F09,research_simulation
20230701,000415,0.458,F09,F09,research_simulation
20230701,000417,0.072,F09,F09,research_simulation
20230701,000419,0.461,F09,F09,research_simulation
20230701,000420,0.62,F09,F09,research_simulation
20230701,000421,0.386,F09,F09,research_simulation
20230701,000422,0.688,F09,F09,research_simulation
20230701,000423,0.191,F09,F09,research_simulation
20230701,000425,0.185,F09,F09,research_simulation
20230701,000426,0.059,F09,F09,research_simulation
20230701,000428,0.978,F09,F09,research_simulation
20230701,000429,0.33,F09,F09,research_simulation
20230701,000430,0.673,F09,F09,research_simulation
20230701,000488,0.366,F09,F09,research_simulation
20230701,000498,0.666,F09,F09,research_simulation
20230701,000501,0.167,F09,F09,research_simulation
20230701,000503,0.452,F09,F09,research_simulation
20230701,000504,0.186,F09,F09,research_simulation
20230701,000505,0.188,F09,F09,research_simulation
20230701,000506,0.238,F09,F09,research_simulation
20230701,000507,0.91,F09,F09,research_simulation
20230701,000509,0.38,F09,F09,research_simulation
20230701,000510,0.55,F09,F09,research_simulation
20230701,000513,0.76,F09,F09,research_simulation
20230701,000514,0.474,F09,F09,research_simulation
20230701,000516,0.169,F09,F09,research_simulation
20230801,000001,0.021,F09,F09,research_simulation
20230801,000002,0.621,F09,F09,research_simulation
20230801,000004,0.349,F09,F09,research_simulation
20230801,000006,0.383,F09,F09,research_simulation
20230801,000007,0.544,F09,F09,research_simulation
20230801,000008,0.302,F09,F09,research_simulation
20230801,000009,0.137,F09,F09,research_simulation
20230801,000010,0.166,F09,F09,research_simulation
20230801,000011,0.512,F09,F09,research_simulation
20230801,000012,0.423,F09,F09,research_simulation
20230801,000014,0.265,F09,F09,research_simulation
20230801,000016,0.238,F09,F09,research_simulation
20230801,000017,0.796,F09,F09,research_simulation
20230801,000019,0.439,F09,F09,research_simulation
20230801,000020,0.1,F09,F09,research_simulation
20230801,000021,0.266,F09,F09,research_simulation
20230801,000025,0.207,F09,F09,research_simulation
20230801,000026,0.197,F09,F09,research_simulation
20230801,000027,0.24,F09,F09,research_simulation
20230801,000028,0.052,F09,F09,research_simulation
20230801,000029,0.669,F09,F09,research_simulation
20230801,000030,0.352,F09,F09,research_simulation
20230801,000031,0.09,F09,F09,research_simulation
20230801,000032,0.222,F09,F09,research_simulation
20230801,000034,0.877,F09,F09,research_simulation
20230801,000035,0.923,F09,F09,research_simulation
20230801,000036,0.063,F09,F09,research_simulation
20230801,000037,0.449,F09,F09,research_simulation
20230801,000039,0.382,F09,F09,research_simulation
20230801,000042,0.913,F09,F09,research_simulation
20230801,000045,0.863,F09,F09,research_simulation
20230801,000048,0.131,F09,F09,research_simulation
20230801,000049,0.942,F09,F09,research_simulation
20230801,000050,0.719,F09,F09,research_simulation
20230801,000055,0.934,F09,F09,research_simulation
20230801,000056,0.801,F09,F09,research_simulation
20230801,000058,0.812,F09,F09,research_simulation
20230801,000059,0.817,F09,F09,research_simulation
20230801,000060,0.39,F09,F09,research_simulation
20230801,000061,0.559,F09,F09,research_simulation
20230801,000062,0.618,F09,F09,research_simulation
20230801,000063,0.794,F09,F09,research_simulation
20230801,000065,0.894,F09,F09,research_simulation
20230801,000066,0.655,F09,F09,research_simulation
20230801,000068,0.031,F09,F09,research_simulation
20230801,000069,0.4,F09,F09,research_simulation
20230801,000070,0.553,F09,F09,research_simulation
20230801,000078,0.504,F09,F09,research_simulation
20230801,000088,0.102,F09,F09,research_simulation
20230801,000089,0.017,F09,F09,research_simulation
20230801,000090,0.022,F09,F09,research_simulation
20230801,000096,0.195,F09,F09,research_simulation
20230801,000099,0.611,F09,F09,research_simulation
20230801,000100,0.823,F09,F09,research_simulation
20230801,000151,0.361,F09,F09,research_simulation
20230801,000153,0.532,F09,F09,research_simulation
20230801,000155,0.131,F09,F09,research_simulation
20230801,000156,0.963,F09,F09,research_simulation
20230801,000157,0.237,F09,F09,research_simulation
20230801,000158,0.995,F09,F09,research_simulation
20230801,000159,0.103,F09,F09,research_simulation
20230801,000166,0.015,F09,F09,research_simulation
20230801,000301,0.864,F09,F09,research_simulation
20230801,000333,0.975,F09,F09,research_simulation
20230801,000338,0.802,F09,F09,research_simulation
20230801,000400,0.314,F09,F09,research_simulation
20230801,000401,0.897,F09,F09,research_simulation
20230801,000402,0.289,F09,F09,research_simulation
20230801,000403,0.135,F09,F09,research_simulation
20230801,000404,0.813,F09,F09,research_simulation
20230801,000407,0.97,F09,F09,research_simulation
20230801,000408,0.686,F09,F09,research_simulation
20230801,000409,0.091,F09,F09,research_simulation
20230801,000410,0.455,F09,F09,research_simulation
20230801,000411,0.001,F09,F09,research_simulation
20230801,000415,0.839,F09,F09,research_simulation
20230801,000417,0.073,F09,F09,research_simulation
20230801,000419,0.286,F09,F09,research_simulation
20230801,000420,0.138,F09,F09,research_simulation
20230801,000421,0.912,F09,F09,research_simulation
20230801,000422,0.44,F09,F09,research_simulation
20230801,000423,0.194,F09,F09,research_simulation
20230801,000425,0.073,F09,F09,research_simulation
20230801,000426,0.849,F09,F09,research_simulation
20230801,000428,0.591,F09,F09,research_simulation
20230801,000429,0.4,F09,F09,research_simulation
20230801,000430,0.749,F09,F09,research_simulation
20230801,000488,0.683,F09,F09,research_simulation
20230801,000498,0.327,F09,F09,research_simulation
20230801,000501,0.073,F09,F09,research_simulation
20230801,000503,0.609,F09,F09,research_simulation
20230801,000504,0.651,F09,F09,research_simulation
20230801,000505,0.324,F09,F09,research_simulation
20230801,000506,0.121,F09,F09,research_simulation
20230801,000507,0.049,F09,F09,research_simulation
20230801,000509,0.227,F09,F09,research_simulation
20230801,000510,0.018,F09,F09,research_simulation
20230801,000513,0.811,F09,F09,research_simulation
20230801,000514,0.842,F09,F09,research_simulation
20230801,000516,0.686,F09,F09,research_simulation
20231001,000001,0.208,F09,F09,research_simulation
20231001,000002,0.011,F09,F09,research_simulation
20231001,000004,0.435,F09,F09,research_simulation
20231001,000006,0.086,F09,F09,research_simulation
20231001,000007,0.511,F09,F09,research_simulation
20231001,000008,0.237,F09,F09,research_simulation
20231001,000009,0.427,F09,F09,research_simulation
20231001,000010,0.839,F09,F09,research_simulation
20231001,000011,0.517,F09,F09,research_simulation
20231001,000012,0.83,F09,F09,research_simulation
20231001,000014,0.874,F09,F09,research_simulation
20231001,000016,0.483,F09,F09,research_simulation
20231001,000017,0.947,F09,F09,research_simulation
20231001,000019,0.019,F09,F09,research_simulation
20231001,000020,0.52,F09,F09,research_simulation
20231001,000021,0.704,F09,F09,research_simulation
20231001,000025,0.104,F09,F09,research_simulation
20231001,000026,0.963,F09,F09,research_simulation
20231001,000027,0.982,F09,F09,research_simulation
20231001,000028,0.05,F09,F09,research_simulation
20231001,000029,0.648,F09,F09,research_simulation
20231001,000030,0.282,F09,F09,research_simulation
20231001,000031,0.871,F09,F09,research_simulation
20231001,000032,0.602,F09,F09,research_simulation
20231001,000034,0.794,F09,F09,research_simulation
20231001,000035,0.883,F09,F09,research_simulation
20231001,000036,0.204,F09,F09,research_simulation
20231001,000037,0.883,F09,F09,research_simulation
20231001,000039,0.987,F09,F09,research_simulation
20231001,000042,0.329,F09,F09,research_simulation
20231001,000045,0.341,F09,F09,research_simulation
20231001,000048,0.13,F09,F09,research_simulation
20231001,000049,0.274,F09,F09,research_simulation
20231001,000050,0.15,F09,F09,research_simulation
20231001,000055,0.989,F09,F09,research_simulation
20231001,000056,0.792,F09,F09,research_simulation
20231001,000058,0.467,F09,F09,research_simulation
20231001,000059,0.403,F09,F09,research_simulation
20231001,000060,0.358,F09,F09,research_simulation
20231001,000061,0.031,F09,F09,research_simulation
20231001,000062,0.669,F09,F09,research_simulation
20231001,000063,0.396,F09,F09,research_simulation
20231001,000065,0.243,F09,F09,research_simulation
20231001,000066,0.261,F09,F09,research_simulation
20231001,000068,0.44,F09,F09,research_simulation
20231001,000069,0.854,F09,F09,research_simulation
20231001,000070,0.519,F09,F09,research_simulation
20231001,000078,0.273,F09,F09,research_simulation
20231001,000088,0.155,F09,F09,research_simulation
20231001,000089,0.348,F09,F09,research_simulation
20231001,000090,0.615,F09,F09,research_simulation
20231001,000096,0.35,F09,F09,research_simulation
20231001,000099,0.167,F09,F09,research_simulation
20231001,000100,0.401,F09,F09,research_simulation
20231001,000151,0.177,F09,F09,research_simulation
20231001,000153,0.551,F09,F09,research_simulation
20231001,000155,0.073,F09,F09,research_simulation
20231001,000156,0.993,F09,F09,research_simulation
20231001,000157,0.885,F09,F09,research_simulation
20231001,000158,0.015,F09,F09,research_simulation
20231001,000159,0.697,F09,F09,research_simulation
20231001,000166,0.091,F09,F09,research_simulation
20231001,000301,0.709,F09,F09,research_simulation
20231001,000333,0.528,F09,F09,research_simulation
20231001,000338,0.285,F09,F09,research_simulation
20231001,000400,0.259,F09,F09,research_simulation
20231001,000401,0.89,F09,F09,research_simulation
20231001,000402,0.49,F09,F09,research_simulation
20231001,000403,0.151,F09,F09,research_simulation
20231001,000404,0.093,F09,F09,research_simulation
20231001,000407,0.158,F09,F09,research_simulation
20231001,000408,0.027,F09,F09,research_simulation
20231001,000409,0.051,F09,F09,research_simulation
20231001,000410,0.98,F09,F09,research_simulation
20231001,000411,0.576,F09,F09,research_simulation
20231001,000415,0.652,F09,F09,research_simulation
20231001,000417,0.299,F09,F09,research_simulation
20231001,000419,0.115,F09,F09,research_simulation
20231001,000420,0.177,F09,F09,research_simulation
20231001,000421,0.529,F09,F09,research_simulation
20231001,000422,0.145,F09,F09,research_simulation
20231001,000423,0.506,F09,F09,research_simulation
20231001,000425,0.082,F09,F09,research_simulation
20231001,000426,0.798,F09,F09,research_simulation
20231001,000428,0.868,F09,F09,research_simulation
20231001,000429,0.254,F09,F09,research_simulation
20231001,000430,0.413,F09,F09,research_simulation
20231001,000488,0.748,F09,F09,research_simulation
20231001,000498,0.679,F09,F09,research_simulation
20231001,000501,0.503,F09,F09,research_simulation
20231001,000503,0.058,F09,F09,research_simulation
20231001,000504,0.995,F09,F09,research_simulation
20231001,000505,0.402,F09,F09,research_simulation
20231001,000506,0.343,F09,F09,research_simulation
20231001,000507,0.805,F09,F09,research_simulation
20231001,000509,0.903,F09,F09,research_simulation
20231001,000510,0.666,F09,F09,research_simulation
20231001,000513,0.325,F09,F09,research_simulation
20231001,000514,0.807,F09,F09,research_simulation
20231001,000516,0.666,F09,F09,research_simulation
20231101,000001,0.314,F09,F09,research_simulation
20231101,000002,0.641,F09,F09,research_simulation
20231101,000004,0.136,F09,F09,research_simulation
20231101,000006,0.768,F09,F09,research_simulation
20231101,000007,0.462,F09,F09,research_simulation
20231101,000008,0.115,F09,F09,research_simulation
20231101,000009,0.256,F09,F09,research_simulation
20231101,000010,0.364,F09,F09,research_simulation
20231101,000011,0.142,F09,F09,research_simulation
20231101,000012,0.001,F09,F09,research_simulation
20231101,000014,0.183,F09,F09,research_simulation
20231101,000016,0.467,F09,F09,research_simulation
20231101,000017,0.235,F09,F09,research_simulation
20231101,000019,0.005,F09,F09,research_simulation
20231101,000020,0.461,F09,F09,research_simulation
20231101,000021,0.725,F09,F09,research_simulation
20231101,000025,0.777,F09,F09,research_simulation
20231101,000026,0.211,F09,F09,research_simulation
20231101,000027,0.512,F09,F09,research_simulation
20231101,000028,0.341,F09,F09,research_simulation
20231101,000029,0.614,F09,F09,research_simulation
20231101,000030,0.34,F09,F09,research_simulation
20231101,000031,0.189,F09,F09,research_simulation
20231101,000032,0.78,F09,F09,research_simulation
20231101,000034,0.509,F09,F09,research_simulation
20231101,000035,0.475,F09,F09,research_simulation
20231101,000036,0.72,F09,F09,research_simulation
20231101,000037,0.091,F09,F09,research_simulation
20231101,000039,0.066,F09,F09,research_simulation
20231101,000042,0.303,F09,F09,research_simulation
20231101,000045,0.729,F09,F09,research_simulation
20231101,000048,0.65,F09,F09,research_simulation
20231101,000049,0.089,F09,F09,research_simulation
20231101,000050,0.591,F09,F09,research_simulation
20231101,000055,0.832,F09,F09,research_simulation
20231101,000056,0.209,F09,F09,research_simulation
20231101,000058,0.093,F09,F09,research_simulation
20231101,000059,0.003,F09,F09,research_simulation
20231101,000060,0.829,F09,F09,research_simulation
20231101,000061,0.291,F09,F09,research_simulation
20231101,000062,0.844,F09,F09,research_simulation
20231101,000063,0.231,F09,F09,research_simulation
20231101,000065,0.359,F09,F09,research_simulation
20231101,000066,0.295,F09,F09,research_simulation
20231101,000068,0.052,F09,F09,research_simulation
20231101,000069,0.454,F09,F09,research_simulation
20231101,000070,0.519,F09,F09,research_simulation
20231101,000078,0.009,F09,F09,research_simulation
20231101,000088,0.627,F09,F09,research_simulation
20231101,000089,0.829,F09,F09,research_simulation
20231101,000090,0.371,F09,F09,research_simulation
20231101,000096,0.532,F09,F09,research_simulation
20231101,000099,0.964,F09,F09,research_simulation
20231101,000100,0.143,F09,F09,research_simulation
20231101,000151,0.086,F09,F09,research_simulation
20231101,000153,0.2,F09,F09,research_simulation
20231101,000155,0.091,F09,F09,research_simulation
20231101,000156,0.162,F09,F09,research_simulation
20231101,000157,0.345,F09,F09,research_simulation
20231101,000158,0.861,F09,F09,research_simulation
20231101,000159,0.218,F09,F09,research_simulation
20231101,000166,0.022,F09,F09,research_simulation
20231101,000301,0.46,F09,F09,research_simulation
20231101,000333,0.633,F09,F09,research_simulation
20231101,000338,0.868,F09,F09,research_simulation
20231101,000400,0.918,F09,F09,research_simulation
20231101,000401,0.734,F09,F09,research_simulation
20231101,000402,0.664,F09,F09,research_simulation
20231101,000403,0.334,F09,F09,research_simulation
20231101,000404,0.149,F09,F09,research_simulation
20231101,000407,0.86,F09,F09,research_simulation
20231101,000408,0.791,F09,F09,research_simulation
20231101,000409,0.644,F09,F09,research_simulation
20231101,000410,0.099,F09,F09,research_simulation
20231101,000411,0.292,F09,F09,research_simulation
20231101,000415,0.627,F09,F09,research_simulation
20231101,000417,0.963,F09,F09,research_simulation
20231101,000419,0.998,F09,F09,research_simulation
20231101,000420,0.527,F09,F09,research_simulation
20231101,000421,0.434,F09,F09,research_simulation
20231101,000422,0.479,F09,F09,research_simulation
20231101,000423,0.056,F09,F09,research_simulation
20231101,000425,0.5,F09,F09,research_simulation
20231101,000426,0.675,F09,F09,research_simulation
20231101,000428,0.82,F09,F09,research_simulation
20231101,000429,0.769,F09,F09,research_simulation
20231101,000430,0.043,F09,F09,research_simulation
20231101,000488,0.576,F09,F09,research_simulation
20231101,000498,0.267,F09,F09,research_simulation
20231101,000501,0.282,F09,F09,research_simulation
20231101,000503,0.905,F09,F09,research_simulation
20231101,000504,0.547,F09,F09,research_simulation
20231101,000505,0.209,F09,F09,research_simulation
20231101,000506,0.554,F09,F09,research_simulation
20231101,000507,0.021,F09,F09,research_simulation
20231101,000509,0.029,F09,F09,research_simulation
20231101,000510,0.241,F09,F09,research_simulation
20231101,000513,0.649,F09,F09,research_simulation
20231101,000514,0.209,F09,F09,research_simulation
20231101,000516,0.924,F09,F09,research_simulation
20231201,000001,0.223,F09,F09,research_simulation
20231201,000002,0.458,F09,F09,research_simulation
20231201,000004,0.891,F09,F09,research_simulation
20231201,000006,0.795,F09,F09,research_simulation
20231201,000007,0.29,F09,F09,research_simulation
20231201,000008,0.973,F09,F09,research_simulation
20231201,000009,0.336,F09,F09,research_simulation
20231201,000010,0.276,F09,F09,research_simulation
20231201,000011,0.697,F09,F09,research_simulation
20231201,000012,0.171,F09,F09,research_simulation
20231201,000014,0.118,F09,F09,research_simulation
20231201,000016,0.587,F09,F09,research_simulation
20231201,000017,0.79,F09,F09,research_simulation
20231201,000019,0.219,F09,F09,research_simulation
20231201,000020,0.706,F09,F09,research_simulation
20231201,000021,0.804,F09,F09,research_simulation
20231201,000025,0.25,F09,F09,research_simulation
20231201,000026,0.993,F09,F09,research_simulation
20231201,000027,0.806,F09,F09,research_simulation
20231201,000028,0.586,F09,F09,research_simulation
20231201,000029,0.055,F09,F09,research_simulation
20231201,000030,0.107,F09,F09,research_simulation
20231201,000031,0.43,F09,F09,research_simulation
20231201,000032,0.995,F09,F09,research_simulation
20231201,000034,0.967,F09,F09,research_simulation
20231201,000035,0.02,F09,F09,research_simulation
20231201,000036,0.852,F09,F09,research_simulation
20231201,000037,0.909,F09,F09,research_simulation
20231201,000039,0.03,F09,F09,research_simulation
20231201,000042,0.422,F09,F09,research_simulation
20231201,000045,0.005,F09,F09,research_simulation
20231201,000048,0.72,F09,F09,research_simulation
20231201,000049,0.362,F09,F09,research_simulation
20231201,000050,0.788,F09,F09,research_simulation
20231201,000055,0.78,F09,F09,research_simulation
20231201,000056,0.271,F09,F09,research_simulation
20231201,000058,0.56,F09,F09,research_simulation
20231201,000059,0.474,F09,F09,research_simulation
20231201,000060,0.904,F09,F09,research_simulation
20231201,000061,0.555,F09,F09,research_simulation
20231201,000062,0.354,F09,F09,research_simulation
20231201,000063,0.232,F09,F09,research_simulation
20231201,000065,0.266,F09,F09,research_simulation
20231201,000066,0.133,F09,F09,research_simulation
20231201,000068,0.551,F09,F09,research_simulation
20231201,000069,0.818,F09,F09,research_simulation
20231201,000070,0.93,F09,F09,research_simulation
20231201,000078,0.85,F09,F09,research_simulation
20231201,000088,0.001,F09,F09,research_simulation
20231201,000089,0.531,F09,F09,research_simulation
20231201,000090,0.095,F09,F09,research_simulation
20231201,000096,0.672,F09,F09,research_simulation
20231201,000099,0.231,F09,F09,research_simulation
20231201,000100,0.063,F09,F09,research_simulation
20231201,000151,0.209,F09,F09,research_simulation
20231201,000153,0.28,F09,F09,research_simulation
20231201,000155,0.61,F09,F09,research_simulation
20231201,000156,0.672,F09,F09,research_simulation
20231201,000157,0.795,F09,F09,research_simulation
20231201,000158,0.649,F09,F09,research_simulation
20231201,000159,0.607,F09,F09,research_simulation
20231201,000166,0.768,F09,F09,research_simulation
20231201,000301,0.37,F09,F09,research_simulation
20231201,000333,0.573,F09,F09,research_simulation
20231201,000338,0.243,F09,F09,research_simulation
20231201,000400,0.055,F09,F09,research_simulation
20231201,000401,0.76,F09,F09,research_simulation
20231201,000402,0.523,F09,F09,research_simulation
20231201,000403,0.737,F09,F09,research_simulation
20231201,000404,0.328,F09,F09,research_simulation
20231201,000407,0.275,F09,F09,research_simulation
20231201,000408,0.493,F09,F09,research_simulation
20231201,000409,0.585,F09,F09,research_simulation
20231201,000410,0.257,F09,F09,research_simulation
20231201,000411,0.616,F09,F09,research_simulation
20231201,000415,0.872,F09,F09,research_simulation
20231201,000417,0.615,F09,F09,research_simulation
20231201,000419,0.522,F09,F09,research_simulation
20231201,000420,0.804,F09,F09,research_simulation
20231201,000421,0.222,F09,F09,research_simulation
20231201,000422,0.23,F09,F09,research_simulation
20231201,000423,0.668,F09,F09,research_simulation
20231201,000425,0.182,F09,F09,research_simulation
20231201,000426,0.364,F09,F09,research_simulation
20231201,000428,0.541,F09,F09,research_simulation
20231201,000429,0.226,F09,F09,research_simulation
20231201,000430,0.976,F09,F09,research_simulation
20231201,000488,0.368,F09,F09,research_simulation
20231201,000498,0.852,F09,F09,research_simulation
20231201,000501,0.989,F09,F09,research_simulation
20231201,000503,0.049,F09,F09,research_simulation
20231201,000504,0.603,F09,F09,research_simulation
20231201,000505,0.537,F09,F09,research_simulation
20231201,000506,0.184,F09,F09,research_simulation
20231201,000507,0.813,F09,F09,research_simulation
20231201,000509,0.803,F09,F09,research_simulation
20231201,000510,0.963,F09,F09,research_simulation
20231201,000513,0.345,F09,F09,research_simulation
20231201,000514,0.934,F09,F09,research_simulation
20231201,000516,0.637,F09,F09,research_simulation
20240201,000001,0.288,F09,F09,research_simulation
20240201,000002,0.897,F09,F09,research_simulation
20240201,000004,0.077,F09,F09,research_simulation
20240201,000006,0.021,F09,F09,research_simulation
20240201,000007,0.25,F09,F09,research_simulation
20240201,000008,0.669,F09,F09,research_simulation
20240201,000009,0.99,F09,F09,research_simulation
20240201,000010,0.258,F09,F09,research_simulation
20240201,000011,0.413,F09,F09,research_simulation
20240201,000012,0.065,F09,F09,research_simulation
20240201,000014,0.179,F09,F09,research_simulation
20240201,000016,0.993,F09,F09,research_simulation
20240201,000017,0.477,F09,F09,research_simulation
20240201,000019,0.541,F09,F09,research_simulation
20240201,000020,0.423,F09,F09,research_simulation
20240201,000021,0.379,F09,F09,research_simulation
20240201,000025,0.029,F09,F09,research_simulation
20240201,000026,0.856,F09,F09,research_simulation
20240201,000027,0.473,F09,F09,research_simulation
20240201,000028,0.836,F09,F09,research_simulation
20240201,000029,0.273,F09,F09,research_simulation
20240201,000030,0.667,F09,F09,research_simulation
20240201,000031,0.686,F09,F09,research_simulation
20240201,000032,0.355,F09,F09,research_simulation
20240201,000034,0.318,F09,F09,research_simulation
20240201,000035,0.628,F09,F09,research_simulation
20240201,000036,0.012,F09,F09,research_simulation
20240201,000037,0.594,F09,F09,research_simulation
20240201,000039,0.247,F09,F09,research_simulation
20240201,000042,0.959,F09,F09,research_simulation
20240201,000045,0.612,F09,F09,research_simulation
20240201,000048,0.117,F09,F09,research_simulation
20240201,000049,0.383,F09,F09,research_simulation
20240201,000050,0.191,F09,F09,research_simulation
20240201,000055,0.885,F09,F09,research_simulation
20240201,000056,0.479,F09,F09,research_simulation
20240201,000058,0.388,F09,F09,research_simulation
20240201,000059,0.452,F09,F09,research_simulation
20240201,000060,0.01,F09,F09,research_simulation
20240201,000061,0.663,F09,F09,research_simulation
20240201,000062,0.041,F09,F09,research_simulation
20240201,000063,0.864,F09,F09,research_simulation
20240201,000065,0.548,F09,F09,research_simulation
20240201,000066,0.999,F09,F09,research_simulation
20240201,000068,0.791,F09,F09,research_simulation
20240201,000069,0.35,F09,F09,research_simulation
20240201,000070,0.288,F09,F09,research_simulation
20240201,000078,0.558,F09,F09,research_simulation
20240201,000088,0.808,F09,F09,research_simulation
20240201,000089,0.75,F09,F09,research_simulation
20240201,000090,0.646,F09,F09,research_simulation
20240201,000096,0.119,F09,F09,research_simulation
20240201,000099,0.211,F09,F09,research_simulation
20240201,000100,0.361,F09,F09,research_simulation
20240201,000151,0.567,F09,F09,research_simulation
20240201,000153,0.883,F09,F09,research_simulation
20240201,000155,0.538,F09,F09,research_simulation
20240201,000156,0.048,F09,F09,research_simulation
20240201,000157,0.034,F09,F09,research_simulation
20240201,000158,0.983,F09,F09,research_simulation
20240201,000159,0.243,F09,F09,research_simulation
20240201,000166,0.089,F09,F09,research_simulation
20240201,000301,0.066,F09,F09,research_simulation
20240201,000333,0.513,F09,F09,research_simulation
20240201,000338,0.987,F09,F09,research_simulation
20240201,000400,0.038,F09,F09,research_simulation
20240201,000401,0.403,F09,F09,research_simulation
20240201,000402,0.205,F09,F09,research_simulation
20240201,000403,0.282,F09,F09,research_simulation
20240201,000404,0.797,F09,F09,research_simulation
20240201,000407,0.627,F09,F09,research_simulation
20240201,000408,0.574,F09,F09,research_simulation
20240201,000409,0.281,F09,F09,research_simulation
20240201,000410,0.633,F09,F09,research_simulation
20240201,000411,0.894,F09,F09,research_simulation
20240201,000415,0.55,F09,F09,research_simulation
20240201,000417,0.645,F09,F09,research_simulation
20240201,000419,0.153,F09,F09,research_simulation
20240201,000420,0.151,F09,F09,research_simulation
20240201,000421,0.678,F09,F09,research_simulation
20240201,000422,0.197,F09,F09,research_simulation
20240201,000423,0.634,F09,F09,research_simulation
20240201,000425,0.188,F09,F09,research_simulation
20240201,000426,0.278,F09,F09,research_simulation
20240201,000428,0.431,F09,F09,research_simulation
20240201,000429,0.91,F09,F09,research_simulation
20240201,000430,0.615,F09,F09,research_simulation
20240201,000488,0.975,F09,F09,research_simulation
20240201,000498,0.249,F09,F09,research_simulation
20240201,000501,0.248,F09,F09,research_simulation
20240201,000503,0.958,F09,F09,research_simulation
20240201,000504,0.506,F09,F09,research_simulation
20240201,000505,0.176,F09,F09,research_simulation
20240201,000506,0.084,F09,F09,research_simulation
20240201,000507,0.672,F09,F09,research_simulation
20240201,000509,0.586,F09,F09,research_simulation
20240201,000510,0.045,F09,F09,research_simulation
20240201,000513,0.39,F09,F09,research_simulation
20240201,000514,0.246,F09,F09,research_simulation
20240201,000516,0.05,F09,F09,research_simulation
20240601,000001,0.7,F09,F09,research_simulation
20240601,000002,0.514,F09,F09,research_simulation
20240601,000004,0.365,F09,F09,research_simulation
20240601,000006,0.943,F09,F09,research_simulation
20240601,000007,0.288,F09,F09,research_simulation
20240601,000008,0.644,F09,F09,research_simulation
20240601,000009,0.68,F09,F09,research_simulation
20240601,000010,0.039,F09,F09,research_simulation
20240601,000011,0.422,F09,F09,research_simulation
20240601,000012,0.84,F09,F09,research_simulation
20240601,000014,0.537,F09,F09,research_simulation
20240601,000016,0.404,F09,F09,research_simulation
20240601,000017,0.636,F09,F09,research_simulation
20240601,000019,0.338,F09,F09,research_simulation
20240601,000020,0.354,F09,F09,research_simulation
20240601,000021,0.592,F09,F09,research_simulation
20240601,000025,0.442,F09,F09,research_simulation
20240601,000026,0.957,F09,F09,research_simulation
20240601,000027,0.873,F09,F09,research_simulation
20240601,000028,0.605,F09,F09,research_simulation
20240601,000029,0.99,F09,F09,research_simulation
20240601,000030,0.447,F09,F09,research_simulation
20240601,000031,0.828,F09,F09,research_simulation
20240601,000032,0.587,F09,F09,research_simulation
20240601,000034,0.052,F09,F09,research_simulation
20240601,000035,0.688,F09,F09,research_simulation
20240601,000036,0.261,F09,F09,research_simulation
20240601,000037,0.98,F09,F09,research_simulation
20240601,000039,0.546,F09,F09,research_simulation
20240601,000042,0.045,F09,F09,research_simulation
20240601,000045,0.052,F09,F09,research_simulation
20240601,000048,0.48,F09,F09,research_simulation
20240601,000049,0.434,F09,F09,research_simulation
20240601,000050,0.084,F09,F09,research_simulation
20240601,000055,0.345,F09,F09,research_simulation
20240601,000056,0.771,F09,F09,research_simulation
20240601,000058,0.742,F09,F09,research_simulation
20240601,000059,0.375,F09,F09,research_simulation
20240601,000060,0.579,F09,F09,research_simulation
20240601,000061,0.457,F09,F09,research_simulation
20240601,000062,0.299,F09,F09,research_simulation
20240601,000063,0.694,F09,F09,research_simulation
20240601,000065,0.321,F09,F09,research_simulation
20240601,000066,0.933,F09,F09,research_simulation
20240601,000068,0.551,F09,F09,research_simulation
20240601,000069,0.647,F09,F09,research_simulation
20240601,000070,0.982,F09,F09,research_simulation
20240601,000078,0.232,F09,F09,research_simulation
20240601,000088,0.235,F09,F09,research_simulation
20240601,000089,0.688,F09,F09,research_simulation
20240601,000090,0.32,F09,F09,research_simulation
20240601,000096,0.671,F09,F09,research_simulation
20240601,000099,0.759,F09,F09,research_simulation
20240601,000100,0.631,F09,F09,research_simulation
20240601,000151,0.096,F09,F09,research_simulation
20240601,000153,0.904,F09,F09,research_simulation
20240601,000155,0.107,F09,F09,research_simulation
20240601,000156,0.932,F09,F09,research_simulation
20240601,000157,0.962,F09,F09,research_simulation
20240601,000158,0.25,F09,F09,research_simulation
20240601,000159,0.982,F09,F09,research_simulation
20240601,000166,0.798,F09,F09,research_simulation
20240601,000301,0.553,F09,F09,research_simulation
20240601,000333,0.787,F09,F09,research_simulation
20240601,000338,0.837,F09,F09,research_simulation
20240601,000400,0.797,F09,F09,research_simulation
20240601,000401,0.49,F09,F09,research_simulation
20240601,000402,0.37,F09,F09,research_simulation
20240601,000403,0.06,F09,F09,research_simulation
20240601,000404,0.756,F09,F09,research_simulation
20240601,000407,0.627,F09,F09,research_simulation
20240601,000408,0.698,F09,F09,research_simulation
20240601,000409,0.824,F09,F09,research_simulation
20240601,000410,0.629,F09,F09,research_simulation
20240601,000411,0.74,F09,F09,research_simulation
20240601,000415,0.192,F09,F09,research_simulation
20240601,000417,0.223,F09,F09,research_simulation
20240601,000419,0.739,F09,F09,research_simulation
20240601,000420,0.138,F09,F09,research_simulation
20240601,000421,0.256,F09,F09,research_simulation
20240601,000422,0.862,F09,F09,research_simulation
20240601,000423,0.262,F09,F09,research_simulation
20240601,000425,0.524,F09,F09,research_simulation
20240601,000426,0.422,F09,F09,research_simulation
20240601,000428,0.399,F09,F09,research_simulation
20240601,000429,0.295,F09,F09,research_simulation
20240601,000430,0.387,F09,F09,research_simulation
20240601,000488,0.808,F09,F09,research_simulation
20240601,000498,0.756,F09,F09,research_simulation
20240601,000501,0.995,F09,F09,research_simulation
20240601,000503,0.25,F09,F09,research_simulation
20240601,000504,0.99,F09,F09,research_simulation
20240601,000505,0.983,F09,F09,research_simulation
20240601,000506,0.95,F09,F09,research_simulation
20240601,000507,0.512,F09,F09,research_simulation
20240601,000509,0.444,F09,F09,research_simulation
20240601,000510,0.481,F09,F09,research_simulation
20240601,000513,0.417,F09,F09,research_simulation
20240601,000514,0.091,F09,F09,research_simulation
20240601,000516,0.473,F09,F09,research_simulation
20240701,000001,0.855,F09,F09,research_simulation
20240701,000002,0.355,F09,F09,research_simulation
20240701,000004,0.733,F09,F09,research_simulation
20240701,000006,0.041,F09,F09,research_simulation
20240701,000007,0.294,F09,F09,research_simulation
20240701,000008,0.212,F09,F09,research_simulation
20240701,000009,0.948,F09,F09,research_simulation
20240701,000010,0.889,F09,F09,research_simulation
20240701,000011,0.294,F09,F09,research_simulation
20240701,000012,0.776,F09,F09,research_simulation
20240701,000014,0.355,F09,F09,research_simulation
20240701,000016,0.649,F09,F09,research_simulation
20240701,000017,0.897,F09,F09,research_simulation
20240701,000019,0.355,F09,F09,research_simulation
20240701,000020,0.966,F09,F09,research_simulation
20240701,000021,0.986,F09,F09,research_simulation
20240701,000025,0.652,F09,F09,research_simulation
20240701,000026,0.78,F09,F09,research_simulation
20240701,000027,0.334,F09,F09,research_simulation
20240701,000028,0.915,F09,F09,research_simulation
20240701,000029,0.346,F09,F09,research_simulation
20240701,000030,0.476,F09,F09,research_simulation
20240701,000031,0.649,F09,F09,research_simulation
20240701,000032,0.717,F09,F09,research_simulation
20240701,000034,0.118,F09,F09,research_simulation
20240701,000035,0.245,F09,F09,research_simulation
20240701,000036,0.733,F09,F09,research_simulation
20240701,000037,0.058,F09,F09,research_simulation
20240701,000039,0.925,F09,F09,research_simulation
20240701,000042,0.64,F09,F09,research_simulation
20240701,000045,0.294,F09,F09,research_simulation
20240701,000048,0.199,F09,F09,research_simulation
20240701,000049,0.741,F09,F09,research_simulation
20240701,000050,0.723,F09,F09,research_simulation
20240701,000055,0.548,F09,F09,research_simulation
20240701,000056,0.596,F09,F09,research_simulation
20240701,000058,0.731,F09,F09,research_simulation
20240701,000059,0.488,F09,F09,research_simulation
20240701,000060,0.356,F09,F09,research_simulation
20240701,000061,0.481,F09,F09,research_simulation
20240701,000062,0.267,F09,F09,research_simulation
20240701,000063,0.643,F09,F09,research_simulation
20240701,000065,0.844,F09,F09,research_simulation
20240701,000066,0.351,F09,F09,research_simulation
20240701,000068,0.929,F09,F09,research_simulation
20240701,000069,0.652,F09,F09,research_simulation
20240701,000070,0.095,F09,F09,research_simulation
20240701,000078,0.134,F09,F09,research_simulation
20240701,000088,0.687,F09,F09,research_simulation
20240701,000089,0.492,F09,F09,research_simulation
20240701,000090,0.496,F09,F09,research_simulation
20240701,000096,0.772,F09,F09,research_simulation
20240701,000099,0.959,F09,F09,research_simulation
20240701,000100,0.472,F09,F09,research_simulation
20240701,000151,0.284,F09,F09,research_simulation
20240701,000153,0.748,F09,F09,research_simulation
20240701,000155,0.22,F09,F09,research_simulation
20240701,000156,0.679,F09,F09,research_simulation
20240701,000157,0.93,F09,F09,research_simulation
20240701,000158,0.067,F09,F09,research_simulation
20240701,000159,0.368,F09,F09,research_simulation
20240701,000166,0.579,F09,F09,research_simulation
20240701,000301,0.736,F09,F09,research_simulation
20240701,000333,0.412,F09,F09,research_simulation
20240701,000338,0.511,F09,F09,research_simulation
20240701,000400,0.842,F09,F09,research_simulation
20240701,000401,0.022,F09,F09,research_simulation
20240701,000402,0.65,F09,F09,research_simulation
20240701,000403,0.608,F09,F09,research_simulation
20240701,000404,0.935,F09,F09,research_simulation
20240701,000407,0.046,F09,F09,research_simulation
20240701,000408,0.104,F09,F09,research_simulation
20240701,000409,0.003,F09,F09,research_simulation
20240701,000410,0.61,F09,F09,research_simulation
20240701,000411,0.757,F09,F09,research_simulation
20240701,000415,0.219,F09,F09,research_simulation
20240701,000417,0.355,F09,F09,research_simulation
20240701,000419,0.79,F09,F09,research_simulation
20240701,000420,0.79,F09,F09,research_simulation
20240701,000421,0.641,F09,F09,research_simulation
20240701,000422,0.324,F09,F09,research_simulation
20240701,000423,0.595,F09,F09,research_simulation
20240701,000425,0.57,F09,F09,research_simulation
20240701,000426,0.415,F09,F09,research_simulation
20240701,000428,0.153,F09,F09,research_simulation
20240701,000429,0.988,F09,F09,research_simulation
20240701,000430,0.948,F09,F09,research_simulation
20240701,000488,0.619,F09,F09,research_simulation
20240701,000498,0.509,F09,F09,research_simulation
20240701,000501,0.085,F09,F09,research_simulation
20240701,000503,0.875,F09,F09,research_simulation
20240701,000504,0.289,F09,F09,research_simulation
20240701,000505,0.042,F09,F09,research_simulation
20240701,000506,0.814,F09,F09,research_simulation
20240701,000507,0.803,F09,F09,research_simulation
20240701,000509,0.058,F09,F09,research_simulation
20240701,000510,0.763,F09,F09,research_simulation
20240701,000513,0.373,F09,F09,research_simulation
20240701,000514,0.627,F09,F09,research_simulation
20240701,000516,0.434,F09,F09,research_simulation
20240801,000001,0.675,F09,F09,research_simulation
20240801,000002,0.643,F09,F09,research_simulation
20240801,000004,0.224,F09,F09,research_simulation
20240801,000006,0.718,F09,F09,research_simulation
20240801,000007,0.3,F09,F09,research_simulation
20240801,000008,0.11,F09,F09,research_simulation
20240801,000009,0.971,F09,F09,research_simulation
20240801,000010,0.0,F09,F09,research_simulation
20240801,000011,0.832,F09,F09,research_simulation
20240801,000012,0.18,F09,F09,research_simulation
20240801,000014,0.587,F09,F09,research_simulation
20240801,000016,0.454,F09,F09,research_simulation
20240801,000017,0.251,F09,F09,research_simulation
20240801,000019,0.931,F09,F09,research_simulation
20240801,000020,0.112,F09,F09,research_simulation
20240801,000021,0.82,F09,F09,research_simulation
20240801,000025,0.601,F09,F09,research_simulation
20240801,000026,0.707,F09,F09,research_simulation
20240801,000027,0.039,F09,F09,research_simulation
20240801,000028,0.513,F09,F09,research_simulation
20240801,000029,0.621,F09,F09,research_simulation
20240801,000030,0.106,F09,F09,research_simulation
20240801,000031,0.466,F09,F09,research_simulation
20240801,000032,0.216,F09,F09,research_simulation
20240801,000034,0.78,F09,F09,research_simulation
20240801,000035,0.752,F09,F09,research_simulation
20240801,000036,0.791,F09,F09,research_simulation
20240801,000037,0.931,F09,F09,research_simulation
20240801,000039,0.396,F09,F09,research_simulation
20240801,000042,0.886,F09,F09,research_simulation
20240801,000045,0.824,F09,F09,research_simulation
20240801,000048,0.425,F09,F09,research_simulation
20240801,000049,0.144,F09,F09,research_simulation
20240801,000050,0.441,F09,F09,research_simulation
20240801,000055,0.934,F09,F09,research_simulation
20240801,000056,0.612,F09,F09,research_simulation
20240801,000058,0.385,F09,F09,research_simulation
20240801,000059,0.971,F09,F09,research_simulation
20240801,000060,0.975,F09,F09,research_simulation
20240801,000061,0.896,F09,F09,research_simulation
20240801,000062,0.542,F09,F09,research_simulation
20240801,000063,0.502,F09,F09,research_simulation
20240801,000065,0.549,F09,F09,research_simulation
20240801,000066,0.191,F09,F09,research_simulation
20240801,000068,0.147,F09,F09,research_simulation
20240801,000069,0.504,F09,F09,research_simulation
20240801,000070,0.569,F09,F09,research_simulation
20240801,000078,0.773,F09,F09,research_simulation
20240801,000088,0.551,F09,F09,research_simulation
20240801,000089,0.803,F09,F09,research_simulation
20240801,000090,0.769,F09,F09,research_simulation
20240801,000096,0.029,F09,F09,research_simulation
20240801,000099,0.382,F09,F09,research_simulation
20240801,000100,0.581,F09,F09,research_simulation
20240801,000151,0.886,F09,F09,research_simulation
20240801,000153,0.891,F09,F09,research_simulation
20240801,000155,0.293,F09,F09,research_simulation
20240801,000156,0.272,F09,F09,research_simulation
20240801,000157,0.233,F09,F09,research_simulation
20240801,000158,0.096,F09,F09,research_simulation
20240801,000159,0.916,F09,F09,research_simulation
20240801,000166,0.372,F09,F09,research_simulation
20240801,000301,0.024,F09,F09,research_simulation
20240801,000333,0.179,F09,F09,research_simulation
20240801,000338,0.484,F09,F09,research_simulation
20240801,000400,0.21,F09,F09,research_simulation
20240801,000401,0.293,F09,F09,research_simulation
20240801,000402,0.497,F09,F09,research_simulation
20240801,000403,0.61,F09,F09,research_simulation
20240801,000404,0.139,F09,F09,research_simulation
20240801,000407,0.891,F09,F09,research_simulation
20240801,000408,0.296,F09,F09,research_simulation
20240801,000409,0.394,F09,F09,research_simulation
20240801,000410,0.885,F09,F09,research_simulation
20240801,000411,0.369,F09,F09,research_simulation
20240801,000415,0.25,F09,F09,research_simulation
20240801,000417,0.953,F09,F09,research_simulation
20240801,000419,0.02,F09,F09,research_simulation
20240801,000420,0.88,F09,F09,research_simulation
20240801,000421,0.698,F09,F09,research_simulation
20240801,000422,0.317,F09,F09,research_simulation
20240801,000423,0.132,F09,F09,research_simulation
20240801,000425,0.054,F09,F09,research_simulation
20240801,000426,0.847,F09,F09,research_simulation
20240801,000428,0.396,F09,F09,research_simulation
20240801,000429,0.813,F09,F09,research_simulation
20240801,000430,0.351,F09,F09,research_simulation
20240801,000488,0.929,F09,F09,research_simulation
20240801,000498,0.153,F09,F09,research_simulation
20240801,000501,0.948,F09,F09,research_simulation
20240801,000503,0.022,F09,F09,research_simulation
20240801,000504,0.249,F09,F09,research_simulation
20240801,000505,0.561,F09,F09,research_simulation
20240801,000506,0.46,F09,F09,research_simulation
20240801,000507,0.849,F09,F09,research_simulation
20240801,000509,0.314,F09,F09,research_simulation
20240801,000510,0.127,F09,F09,research_simulation
20240801,000513,0.563,F09,F09,research_simulation
20240801,000514,0.275,F09,F09,research_simulation
20240801,000516,0.868,F09,F09,research_simulation
20250301,000001,0.477,F09,F09,research_simulation
20250301,000002,0.639,F09,F09,research_simulation
20250301,000004,0.452,F09,F09,research_simulation
20250301,000006,0.533,F09,F09,research_simulation
20250301,000007,0.651,F09,F09,research_simulation
20250301,000008,0.431,F09,F09,research_simulation
20250301,000009,0.039,F09,F09,research_simulation
20250301,000010,0.181,F09,F09,research_simulation
20250301,000011,0.57,F09,F09,research_simulation
20250301,000012,0.644,F09,F09,research_simulation
20250301,000014,0.426,F09,F09,research_simulation
20250301,000016,0.009,F09,F09,research_simulation
20250301,000017,0.013,F09,F09,research_simulation
20250301,000019,0.775,F09,F09,research_simulation
20250301,000020,0.884,F09,F09,research_simulation
20250301,000021,0.111,F09,F09,research_simulation
20250301,000025,0.749,F09,F09,research_simulation
20250301,000026,0.254,F09,F09,research_simulation
20250301,000027,0.97,F09,F09,research_simulation
20250301,000028,0.872,F09,F09,research_simulation
20250301,000029,0.831,F09,F09,research_simulation
20250301,000030,0.31,F09,F09,research_simulation
20250301,000031,0.015,F09,F09,research_simulation
20250301,000032,0.568,F09,F09,research_simulation
20250301,000034,0.428,F09,F09,research_simulation
20250301,000035,0.434,F09,F09,research_simulation
20250301,000036,0.874,F09,F09,research_simulation
20250301,000037,0.272,F09,F09,research_simulation
20250301,000039,0.078,F09,F09,research_simulation
20250301,000042,0.881,F09,F09,research_simulation
20250301,000045,0.394,F09,F09,research_simulation
20250301,000048,0.568,F09,F09,research_simulation
20250301,000049,0.866,F09,F09,research_simulation
20250301,000050,0.784,F09,F09,research_simulation
20250301,000055,0.103,F09,F09,research_simulation
20250301,000056,0.044,F09,F09,research_simulation
20250301,000058,0.325,F09,F09,research_simulation
20250301,000059,0.611,F09,F09,research_simulation
20250301,000060,0.697,F09,F09,research_simulation
20250301,000061,0.349,F09,F09,research_simulation
20250301,000062,0.004,F09,F09,research_simulation
20250301,000063,0.6,F09,F09,research_simulation
20250301,000065,0.505,F09,F09,research_simulation
20250301,000066,0.74,F09,F09,research_simulation
20250301,000068,0.901,F09,F09,research_simulation
20250301,000069,0.319,F09,F09,research_simulation
20250301,000070,0.104,F09,F09,research_simulation
20250301,000078,0.646,F09,F09,research_simulation
20250301,000088,0.911,F09,F09,research_simulation
20250301,000089,0.571,F09,F09,research_simulation
20250301,000090,0.575,F09,F09,research_simulation
20250301,000096,0.889,F09,F09,research_simulation
20250301,000099,0.271,F09,F09,research_simulation
20250301,000100,0.534,F09,F09,research_simulation
20250301,000151,0.814,F09,F09,research_simulation
20250301,000153,0.992,F09,F09,research_simulation
20250301,000155,0.785,F09,F09,research_simulation
20250301,000156,0.696,F09,F09,research_simulation
20250301,000157,0.958,F09,F09,research_simulation
20250301,000158,0.505,F09,F09,research_simulation
20250301,000159,0.405,F09,F09,research_simulation
20250301,000166,0.619,F09,F09,research_simulation
20250301,000301,0.913,F09,F09,research_simulation
20250301,000333,0.115,F09,F09,research_simulation
20250301,000338,0.482,F09,F09,research_simulation
20250301,000400,0.114,F09,F09,research_simulation
20250301,000401,0.0,F09,F09,research_simulation
20250301,000402,0.737,F09,F09,research_simulation
20250301,000403,0.901,F09,F09,research_simulation
20250301,000404,0.156,F09,F09,research_simulation
20250301,000407,0.715,F09,F09,research_simulation
20250301,000408,0.899,F09,F09,research_simulation
20250301,000409,0.176,F09,F09,research_simulation
20250301,000410,0.236,F09,F09,research_simulation
20250301,000411,0.322,F09,F09,research_simulation
20250301,000415,0.738,F09,F09,research_simulation
20250301,000417,0.232,F09,F09,research_simulation
20250301,000419,0.367,F09,F09,research_simulation
20250301,000420,0.567,F09,F09,research_simulation
20250301,000421,0.971,F09,F09,research_simulation
20250301,000422,0.124,F09,F09,research_simulation
20250301,000423,0.464,F09,F09,research_simulation
20250301,000425,0.522,F09,F09,research_simulation
20250301,000426,0.476,F09,F09,research_simulation
20250301,000428,0.956,F09,F09,research_simulation
20250301,000429,0.063,F09,F09,research_simulation
20250301,000430,0.904,F09,F09,research_simulation
20250301,000488,0.988,F09,F09,research_simulation
20250301,000498,0.083,F09,F09,research_simulation
20250301,000501,0.081,F09,F09,research_simulation
20250301,000503,0.079,F09,F09,research_simulation
20250301,000504,0.391,F09,F09,research_simulation
20250301,000505,0.296,F09,F09,research_simulation
20250301,000506,0.596,F09,F09,research_simulation
20250301,000507,0.967,F09,F09,research_simulation
20250301,000509,0.692,F09,F09,research_simulation
20250301,000510,0.132,F09,F09,research_simulation
20250301,000513,0.577,F09,F09,research_simulation
20250301,000514,0.877,F09,F09,research_simulation
20250301,000516,0.623,F09,F09,research_simulation
20251101,000001,0.932,F09,F09,research_simulation
20251101,000002,0.397,F09,F09,research_simulation
20251101,000004,0.691,F09,F09,research_simulation
20251101,000006,0.198,F09,F09,research_simulation
20251101,000007,0.193,F09,F09,research_simulation
20251101,000008,0.507,F09,F09,research_simulation
20251101,000009,0.055,F09,F09,research_simulation
20251101,000010,0.563,F09,F09,research_simulation
20251101,000011,0.153,F09,F09,research_simulation
20251101,000012,0.943,F09,F09,research_simulation
20251101,000014,0.984,F09,F09,research_simulation
20251101,000016,0.473,F09,F09,research_simulation
20251101,000017,0.866,F09,F09,research_simulation
20251101,000019,0.096,F09,F09,research_simulation
20251101,000020,0.07,F09,F09,research_simulation
20251101,000021,0.091,F09,F09,research_simulation
20251101,000025,0.528,F09,F09,research_simulation
20251101,000026,0.653,F09,F09,research_simulation
20251101,000027,0.989,F09,F09,research_simulation
20251101,000028,0.06,F09,F09,research_simulation
20251101,000029,0.151,F09,F09,research_simulation
20251101,000030,0.024,F09,F09,research_simulation
20251101,000031,0.125,F09,F09,research_simulation
20251101,000032,0.228,F09,F09,research_simulation
20251101,000034,0.482,F09,F09,research_simulation
20251101,000035,0.194,F09,F09,research_simulation
20251101,000036,0.832,F09,F09,research_simulation
20251101,000037,0.027,F09,F09,research_simulation
20251101,000039,0.864,F09,F09,research_simulation
20251101,000042,0.185,F09,F09,research_simulation
20251101,000045,0.013,F09,F09,research_simulation
20251101,000048,0.266,F09,F09,research_simulation
20251101,000049,0.209,F09,F09,research_simulation
20251101,000050,0.647,F09,F09,research_simulation
20251101,000055,0.723,F09,F09,research_simulation
20251101,000056,0.766,F09,F09,research_simulation
20251101,000058,0.813,F09,F09,research_simulation
20251101,000059,0.407,F09,F09,research_simulation
20251101,000060,0.552,F09,F09,research_simulation
20251101,000061,0.201,F09,F09,research_simulation
20251101,000062,0.095,F09,F09,research_simulation
20251101,000063,0.367,F09,F09,research_simulation
20251101,000065,0.754,F09,F09,research_simulation
20251101,000066,0.077,F09,F09,research_simulation
20251101,000068,0.562,F09,F09,research_simulation
20251101,000069,0.185,F09,F09,research_simulation
20251101,000070,0.795,F09,F09,research_simulation
20251101,000078,0.201,F09,F09,research_simulation
20251101,000088,0.255,F09,F09,research_simulation
20251101,000089,0.647,F09,F09,research_simulation
20251101,000090,0.56,F09,F09,research_simulation
20251101,000096,0.066,F09,F09,research_simulation
20251101,000099,0.638,F09,F09,research_simulation
20251101,000100,0.256,F09,F09,research_simulation
20251101,000151,0.731,F09,F09,research_simulation
20251101,000153,0.939,F09,F09,research_simulation
20251101,000155,0.218,F09,F09,research_simulation
20251101,000156,0.328,F09,F09,research_simulation
20251101,000157,0.439,F09,F09,research_simulation
20251101,000158,0.686,F09,F09,research_simulation
20251101,000159,0.872,F09,F09,research_simulation
20251101,000166,0.111,F09,F09,research_simulation
20251101,000301,0.992,F09,F09,research_simulation
20251101,000333,0.192,F09,F09,research_simulation
20251101,000338,0.126,F09,F09,research_simulation
20251101,000400,0.185,F09,F09,research_simulation
20251101,000401,0.907,F09,F09,research_simulation
20251101,000402,0.661,F09,F09,research_simulation
20251101,000403,0.237,F09,F09,research_simulation
20251101,000404,0.345,F09,F09,research_simulation
20251101,000407,0.543,F09,F09,research_simulation
20251101,000408,0.544,F09,F09,research_simulation
20251101,000409,0.057,F09,F09,research_simulation
20251101,000410,0.042,F09,F09,research_simulation
20251101,000411,0.776,F09,F09,research_simulation
20251101,000415,0.96,F09,F09,research_simulation
20251101,000417,0.891,F09,F09,research_simulation
20251101,000419,0.473,F09,F09,research_simulation
20251101,000420,0.994,F09,F09,research_simulation
20251101,000421,0.006,F09,F09,research_simulation
20251101,000422,0.506,F09,F09,research_simulation
20251101,000423,0.751,F09,F09,research_simulation
20251101,000425,0.423,F09,F09,research_simulation
20251101,000426,0.381,F09,F09,research_simulation
20251101,000428,0.246,F09,F09,research_simulation
20251101,000429,0.715,F09,F09,research_simulation
20251101,000430,0.69,F09,F09,research_simulation
20251101,000488,0.501,F09,F09,research_simulation
20251101,000498,0.937,F09,F09,research_simulation
20251101,000501,0.202,F09,F09,research_simulation
20251101,000503,0.11,F09,F09,research_simulation
20251101,000504,0.263,F09,F09,research_simulation
20251101,000505,0.632,F09,F09,research_simulation
20251101,000506,0.334,F09,F09,research_simulation
20251101,000507,0.127,F09,F09,research_simulation
20251101,000509,0.92,F09,F09,research_simulation
20251101,000510,0.852,F09,F09,research_simulation
20251101,000513,0.959,F09,F09,research_simulation
20251101,000514,0.227,F09,F09,research_simulation
20251101,000516,0.453,F09,F09,research_simulation
20260101,000001,0.067,F09,F09,research_simulation
20260101,000002,0.913,F09,F09,research_simulation
20260101,000004,0.365,F09,F09,research_simulation
20260101,000006,0.299,F09,F09,research_simulation
20260101,000007,0.717,F09,F09,research_simulation
20260101,000008,0.844,F09,F09,research_simulation
20260101,000009,0.452,F09,F09,research_simulation
20260101,000010,0.799,F09,F09,research_simulation
20260101,000011,0.107,F09,F09,research_simulation
20260101,000012,0.904,F09,F09,research_simulation
20260101,000014,0.074,F09,F09,research_simulation
20260101,000016,0.707,F09,F09,research_simulation
20260101,000017,0.733,F09,F09,research_simulation
20260101,000019,0.246,F09,F09,research_simulation
20260101,000020,0.092,F09,F09,research_simulation
20260101,000021,0.075,F09,F09,research_simulation
20260101,000025,0.593,F09,F09,research_simulation
20260101,000026,0.667,F09,F09,research_simulation
20260101,000027,0.806,F09,F09,research_simulation
20260101,000028,0.969,F09,F09,research_simulation
20260101,000029,0.902,F09,F09,research_simulation
20260101,000030,0.242,F09,F09,research_simulation
20260101,000031,0.863,F09,F09,research_simulation
20260101,000032,0.785,F09,F09,research_simulation
20260101,000034,0.814,F09,F09,research_simulation
20260101,000035,0.827,F09,F09,research_simulation
20260101,000036,0.772,F09,F09,research_simulation
20260101,000037,0.091,F09,F09,research_simulation
20260101,000039,0.163,F09,F09,research_simulation
20260101,000042,0.192,F09,F09,research_simulation
20260101,000045,0.153,F09,F09,research_simulation
20260101,000048,0.449,F09,F09,research_simulation
20260101,000049,0.419,F09,F09,research_simulation
20260101,000050,0.576,F09,F09,research_simulation
20260101,000055,0.247,F09,F09,research_simulation
20260101,000056,0.06,F09,F09,research_simulation
20260101,000058,0.491,F09,F09,research_simulation
20260101,000059,0.547,F09,F09,research_simulation
20260101,000060,0.424,F09,F09,research_simulation
20260101,000061,0.387,F09,F09,research_simulation
20260101,000062,0.521,F09,F09,research_simulation
20260101,000063,0.357,F09,F09,research_simulation
20260101,000065,0.862,F09,F09,research_simulation
20260101,000066,0.942,F09,F09,research_simulation
20260101,000068,0.522,F09,F09,research_simulation
20260101,000069,0.567,F09,F09,research_simulation
20260101,000070,0.011,F09,F09,research_simulation
20260101,000078,0.015,F09,F09,research_simulation
20260101,000088,0.977,F09,F09,research_simulation
20260101,000089,0.72,F09,F09,research_simulation
20260101,000090,0.553,F09,F09,research_simulation
20260101,000096,0.386,F09,F09,research_simulation
20260101,000099,0.802,F09,F09,research_simulation
20260101,000100,0.192,F09,F09,research_simulation
20260101,000151,0.733,F09,F09,research_simulation
20260101,000153,0.064,F09,F09,research_simulation
20260101,000155,0.336,F09,F09,research_simulation
20260101,000156,0.854,F09,F09,research_simulation
20260101,000157,0.728,F09,F09,research_simulation
20260101,000158,0.883,F09,F09,research_simulation
20260101,000159,0.084,F09,F09,research_simulation
20260101,000166,0.397,F09,F09,research_simulation
20260101,000301,0.179,F09,F09,research_simulation
20260101,000333,0.666,F09,F09,research_simulation
20260101,000338,0.427,F09,F09,research_simulation
20260101,000400,0.145,F09,F09,research_simulation
20260101,000401,0.495,F09,F09,research_simulation
20260101,000402,0.869,F09,F09,research_simulation
20260101,000403,0.867,F09,F09,research_simulation
20260101,000404,0.911,F09,F09,research_simulation
20260101,000407,0.606,F09,F09,research_simulation
20260101,000408,0.193,F09,F09,research_simulation
20260101,000409,0.346,F09,F09,research_simulation
20260101,000410,0.858,F09,F09,research_simulation
20260101,000411,0.2,F09,F09,research_simulation
20260101,000415,0.258,F09,F09,research_simulation
20260101,000417,0.792,F09,F09,research_simulation
20260101,000419,0.131,F09,F09,research_simulation
20260101,000420,0.681,F09,F09,research_simulation
20260101,000421,0.498,F09,F09,research_simulation
20260101,000422,0.39,F09,F09,research_simulation
20260101,000423,0.044,F09,F09,research_simulation
20260101,000425,0.73,F09,F09,research_simulation
20260101,000426,0.241,F09,F09,research_simulation
20260101,000428,0.066,F09,F09,research_simulation
20260101,000429,0.532,F09,F09,research_simulation
20260101,000430,0.133,F09,F09,research_simulation
20260101,000488,0.082,F09,F09,research_simulation
20260101,000498,0.041,F09,F09,research_simulation
20260101,000501,0.009,F09,F09,research_simulation
20260101,000503,0.184,F09,F09,research_simulation
20260101,000504,0.0,F09,F09,research_simulation
20260101,000505,0.078,F09,F09,research_simulation
20260101,000506,0.835,F09,F09,research_simulation
20260101,000507,0.796,F09,F09,research_simulation
20260101,000509,0.122,F09,F09,research_simulation
20260101,000510,0.861,F09,F09,research_simulation
20260101,000513,0.372,F09,F09,research_simulation
20260101,000514,0.376,F09,F09,research_simulation
20260101,000516,0.887,F09,F09,research_simulation
20260501,000001,0.493,F09,F09,research_simulation
20260501,000002,0.468,F09,F09,research_simulation
20260501,000004,0.763,F09,F09,research_simulation
20260501,000006,0.962,F09,F09,research_simulation
20260501,000007,0.157,F09,F09,research_simulation
20260501,000008,0.056,F09,F09,research_simulation
20260501,000009,0.331,F09,F09,research_simulation
20260501,000010,0.243,F09,F09,research_simulation
20260501,000011,0.546,F09,F09,research_simulation
20260501,000012,0.257,F09,F09,research_simulation
20260501,000014,0.65,F09,F09,research_simulation
20260501,000016,0.118,F09,F09,research_simulation
20260501,000017,0.035,F09,F09,research_simulation
20260501,000019,0.205,F09,F09,research_simulation
20260501,000020,0.15,F09,F09,research_simulation
20260501,000021,0.594,F09,F09,research_simulation
20260501,000025,0.293,F09,F09,research_simulation
20260501,000026,0.196,F09,F09,research_simulation
20260501,000027,0.936,F09,F09,research_simulation
20260501,000028,0.708,F09,F09,research_simulation
20260501,000029,0.375,F09,F09,research_simulation
20260501,000030,0.397,F09,F09,research_simulation
20260501,000031,0.501,F09,F09,research_simulation
20260501,000032,0.846,F09,F09,research_simulation
20260501,000034,0.103,F09,F09,research_simulation
20260501,000035,0.384,F09,F09,research_simulation
20260501,000036,0.363,F09,F09,research_simulation
20260501,000037,0.543,F09,F09,research_simulation
20260501,000039,0.688,F09,F09,research_simulation
20260501,000042,0.302,F09,F09,research_simulation
20260501,000045,0.703,F09,F09,research_simulation
20260501,000048,0.172,F09,F09,research_simulation
20260501,000049,0.548,F09,F09,research_simulation
20260501,000050,0.403,F09,F09,research_simulation
20260501,000055,0.874,F09,F09,research_simulation
20260501,000056,0.395,F09,F09,research_simulation
20260501,000058,0.509,F09,F09,research_simulation
20260501,000059,0.71,F09,F09,research_simulation
20260501,000060,0.071,F09,F09,research_simulation
20260501,000061,0.853,F09,F09,research_simulation
20260501,000062,0.318,F09,F09,research_simulation
20260501,000063,0.47,F09,F09,research_simulation
20260501,000065,0.447,F09,F09,research_simulation
20260501,000066,0.101,F09,F09,research_simulation
20260501,000068,0.729,F09,F09,research_simulation
20260501,000069,0.841,F09,F09,research_simulation
20260501,000070,0.244,F09,F09,research_simulation
20260501,000078,0.898,F09,F09,research_simulation
20260501,000088,0.347,F09,F09,research_simulation
20260501,000089,0.402,F09,F09,research_simulation
20260501,000090,0.052,F09,F09,research_simulation
20260501,000096,0.118,F09,F09,research_simulation
20260501,000099,0.454,F09,F09,research_simulation
20260501,000100,0.793,F09,F09,research_simulation
20260501,000151,0.545,F09,F09,research_simulation
20260501,000153,0.706,F09,F09,research_simulation
20260501,000155,0.447,F09,F09,research_simulation
20260501,000156,0.31,F09,F09,research_simulation
20260501,000157,0.943,F09,F09,research_simulation
20260501,000158,0.296,F09,F09,research_simulation
20260501,000159,0.68,F09,F09,research_simulation
20260501,000166,0.142,F09,F09,research_simulation
20260501,000301,0.283,F09,F09,research_simulation
20260501,000333,0.571,F09,F09,research_simulation
20260501,000338,0.947,F09,F09,research_simulation
20260501,000400,0.187,F09,F09,research_simulation
20260501,000401,0.414,F09,F09,research_simulation
20260501,000402,0.147,F09,F09,research_simulation
20260501,000403,0.234,F09,F09,research_simulation
20260501,000404,0.991,F09,F09,research_simulation
20260501,000407,0.937,F09,F09,research_simulation
20260501,000408,0.145,F09,F09,research_simulation
20260501,000409,0.221,F09,F09,research_simulation
20260501,000410,0.244,F09,F09,research_simulation
20260501,000411,0.645,F09,F09,research_simulation
20260501,000415,0.028,F09,F09,research_simulation
20260501,000417,0.99,F09,F09,research_simulation
20260501,000419,0.253,F09,F09,research_simulation
20260501,000420,0.378,F09,F09,research_simulation
20260501,000421,0.451,F09,F09,research_simulation
20260501,000422,0.82,F09,F09,research_simulation
20260501,000423,0.936,F09,F09,research_simulation
20260501,000425,0.978,F09,F09,research_simulation
20260501,000426,0.446,F09,F09,research_simulation
20260501,000428,0.377,F09,F09,research_simulation
20260501,000429,0.258,F09,F09,research_simulation
20260501,000430,0.364,F09,F09,research_simulation
20260501,000488,0.26,F09,F09,research_simulation
20260501,000498,0.07,F09,F09,research_simulation
20260501,000501,0.031,F09,F09,research_simulation
20260501,000503,0.077,F09,F09,research_simulation
20260501,000504,0.949,F09,F09,research_simulation
20260501,000505,0.096,F09,F09,research_simulation
20260501,000506,0.05,F09,F09,research_simulation
20260501,000507,0.742,F09,F09,research_simulation
20260501,000509,0.99,F09,F09,research_simulation
20260501,000510,0.721,F09,F09,research_simulation
20260501,000513,0.597,F09,F09,research_simulation
20260501,000514,0.799,F09,F09,research_simulation
20260501,000516,0.69,F09,F09,research_simulation
20260601,000001,0.24,F09,F09,research_simulation
20260601,000002,0.073,F09,F09,research_simulation
20260601,000004,0.811,F09,F09,research_simulation
20260601,000006,0.493,F09,F09,research_simulation
20260601,000007,0.645,F09,F09,research_simulation
20260601,000008,0.8,F09,F09,research_simulation
20260601,000009,0.493,F09,F09,research_simulation
20260601,000010,0.286,F09,F09,research_simulation
20260601,000011,0.005,F09,F09,research_simulation
20260601,000012,0.237,F09,F09,research_simulation
20260601,000014,0.184,F09,F09,research_simulation
20260601,000016,0.713,F09,F09,research_simulation
20260601,000017,0.678,F09,F09,research_simulation
20260601,000019,0.234,F09,F09,research_simulation
20260601,000020,0.226,F09,F09,research_simulation
20260601,000021,0.145,F09,F09,research_simulation
20260601,000025,0.422,F09,F09,research_simulation
20260601,000026,0.002,F09,F09,research_simulation
20260601,000027,0.412,F09,F09,research_simulation
20260601,000028,0.768,F09,F09,research_simulation
20260601,000029,0.66,F09,F09,research_simulation
20260601,000030,0.41,F09,F09,research_simulation
20260601,000031,0.505,F09,F09,research_simulation
20260601,000032,0.585,F09,F09,research_simulation
20260601,000034,0.027,F09,F09,research_simulation
20260601,000035,0.676,F09,F09,research_simulation
20260601,000036,0.685,F09,F09,research_simulation
20260601,000037,0.656,F09,F09,research_simulation
20260601,000039,0.015,F09,F09,research_simulation
20260601,000042,0.715,F09,F09,research_simulation
20260601,000045,0.303,F09,F09,research_simulation
20260601,000048,0.261,F09,F09,research_simulation
20260601,000049,0.138,F09,F09,research_simulation
20260601,000050,0.679,F09,F09,research_simulation
20260601,000055,0.94,F09,F09,research_simulation
20260601,000056,0.124,F09,F09,research_simulation
20260601,000058,0.946,F09,F09,research_simulation
20260601,000059,0.789,F09,F09,research_simulation
20260601,000060,0.982,F09,F09,research_simulation
20260601,000061,0.351,F09,F09,research_simulation
20260601,000062,0.981,F09,F09,research_simulation
20260601,000063,0.521,F09,F09,research_simulation
20260601,000065,0.154,F09,F09,research_simulation
20260601,000066,0.028,F09,F09,research_simulation
20260601,000068,0.579,F09,F09,research_simulation
20260601,000069,0.5,F09,F09,research_simulation
20260601,000070,0.411,F09,F09,research_simulation
20260601,000078,0.396,F09,F09,research_simulation
20260601,000088,0.321,F09,F09,research_simulation
20260601,000089,0.69,F09,F09,research_simulation
20260601,000090,0.814,F09,F09,research_simulation
20260601,000096,0.478,F09,F09,research_simulation
20260601,000099,0.538,F09,F09,research_simulation
20260601,000100,0.169,F09,F09,research_simulation
20260601,000151,0.551,F09,F09,research_simulation
20260601,000153,0.065,F09,F09,research_simulation
20260601,000155,0.107,F09,F09,research_simulation
20260601,000156,0.506,F09,F09,research_simulation
20260601,000157,0.094,F09,F09,research_simulation
20260601,000158,0.263,F09,F09,research_simulation
20260601,000159,0.914,F09,F09,research_simulation
20260601,000166,0.143,F09,F09,research_simulation
20260601,000301,0.306,F09,F09,research_simulation
20260601,000333,0.168,F09,F09,research_simulation
20260601,000338,0.673,F09,F09,research_simulation
20260601,000400,0.661,F09,F09,research_simulation
20260601,000401,0.629,F09,F09,research_simulation
20260601,000402,0.75,F09,F09,research_simulation
20260601,000403,0.961,F09,F09,research_simulation
20260601,000404,0.529,F09,F09,research_simulation
20260601,000407,0.586,F09,F09,research_simulation
20260601,000408,0.553,F09,F09,research_simulation
20260601,000409,0.509,F09,F09,research_simulation
20260601,000410,0.557,F09,F09,research_simulation
20260601,000411,0.407,F09,F09,research_simulation
20260601,000415,0.454,F09,F09,research_simulation
20260601,000417,0.077,F09,F09,research_simulation
20260601,000419,0.9,F09,F09,research_simulation
20260601,000420,0.497,F09,F09,research_simulation
20260601,000421,0.703,F09,F09,research_simulation
20260601,000422,0.863,F09,F09,research_simulation
20260601,000423,0.174,F09,F09,research_simulation
20260601,000425,0.837,F09,F09,research_simulation
20260601,000426,0.075,F09,F09,research_simulation
20260601,000428,0.528,F09,F09,research_simulation
20260601,000429,0.582,F09,F09,research_simulation
20260601,000430,0.257,F09,F09,research_simulation
20260601,000488,0.954,F09,F09,research_simulation
20260601,000498,0.179,F09,F09,research_simulation
20260601,000501,0.027,F09,F09,research_simulation
20260601,000503,0.467,F09,F09,research_simulation
20260601,000504,0.753,F09,F09,research_simulation
20260601,000505,0.987,F09,F09,research_simulation
20260601,000506,0.091,F09,F09,research_simulation
20260601,000507,0.438,F09,F09,research_simulation
20260601,000509,0.534,F09,F09,research_simulation
20260601,000510,0.361,F09,F09,research_simulation
20260601,000513,0.522,F09,F09,research_simulation
20260601,000514,0.241,F09,F09,research_simulation
20260601,000516,0.922,F09,F09,research_simulation
