rebalance_date,ticker,factor_value,factor_id,factor_name,source
20210601,000001,0.056,F04,RESIDUAL_MOMENTUM,research_simulation
20210601,000002,0.027,F04,RESIDUAL_MOMENTUM,research_simulation
20210601,000004,0.36,F04,RESIDUAL_MOMENTUM,research_simulation
20210601,000006,0.776,F04,RESIDUAL_MOMENTUM,research_simulation
20210601,000007,0.827,F04,RESIDUAL_MOMENTUM,research_simulation
20210601,000008,0.815,F04,RESIDUAL_MOMENTUM,research_simulation
20210601,000009,0.017,F04,RESIDUAL_MOMENTUM,research_simulation
20210601,000010,0.536,F04,RESIDUAL_MOMENTUM,research_simulation
20210601,000011,0.731,F04,RESIDUAL_MOMENTUM,research_simulation
20210601,000012,0.197,F04,RESIDUAL_MOMENTUM,research_simulation
20210601,000014,0.253,F04,RESIDUAL_MOMENTUM,research_simulation
20210601,000016,0.898,F04,RESIDUAL_MOMENTUM,research_simulation
20210601,000017,0.263,F04,RESIDUAL_MOMENTUM,research_simulation
20210601,000019,0.685,F04,RESIDUAL_MOMENTUM,research_simulation
20210601,000020,0.22,F04,RESIDUAL_MOMENTUM,research_simulation
20210601,000021,0.694,F04,RESIDUAL_MOMENTUM,research_simulation
20210601,000025,0.18,F04,RESIDUAL_MOMENTUM,research_simulation
20210601,000026,0.381,F04,RESIDUAL_MOMENTUM,research_simulation
20210601,000027,0.132,F04,RESIDUAL_MOMENTUM,research_simulation
20210601,000028,0.364,F04,RESIDUAL_MOMENTUM,research_simulation
20210601,000029,0.108,F04,RESIDUAL_MOMENTUM,research_simulation
20210601,000030,0.651,F04,RESIDUAL_MOMENTUM,research_simulation
20210601,000031,0.005,F04,RESIDUAL_MOMENTUM,research_simulation
20210601,000032,0.246,F04,RESIDUAL_MOMENTUM,research_simulation
20210601,000034,0.577,F04,RESIDUAL_MOMENTUM,research_simulation
20210601,000035,0.438,F04,RESIDUAL_MOMENTUM,research_simulation
20210601,000036,0.074,F04,RESIDUAL_MOMENTUM,research_simulation
20210601,000037,0.626,F04,RESIDUAL_MOMENTUM,research_simulation
20210601,000039,0.827,F04,RESIDUAL_MOMENTUM,research_simulation
20210601,000042,0.043,F04,RESIDUAL_MOMENTUM,research_simulation
20210601,000045,0.792,F04,RESIDUAL_MOMENTUM,research_simulation
20210601,000048,0.908,F04,RESIDUAL_MOMENTUM,research_simulation
20210601,000049,0.714,F04,RESIDUAL_MOMENTUM,research_simulation
20210601,000050,0.082,F04,RESIDUAL_MOMENTUM,research_simulation
20210601,000055,0.921,F04,RESIDUAL_MOMENTUM,research_simulation
20210601,000056,0.003,F04,RESIDUAL_MOMENTUM,research_simulation
20210601,000058,0.04,F04,RESIDUAL_MOMENTUM,research_simulation
20210601,000059,0.77,F04,RESIDUAL_MOMENTUM,research_simulation
20210601,000060,0.551,F04,RESIDUAL_MOMENTUM,research_simulation
20210601,000061,0.907,F04,RESIDUAL_MOMENTUM,research_simulation
20210601,000062,0.561,F04,RESIDUAL_MOMENTUM,research_simulation
20210601,000063,0.669,F04,RESIDUAL_MOMENTUM,research_simulation
20210601,000065,0.589,F04,RESIDUAL_MOMENTUM,research_simulation
20210601,000066,0.335,F04,RESIDUAL_MOMENTUM,research_simulation
20210601,000068,0.789,F04,RESIDUAL_MOMENTUM,research_simulation
20210601,000069,0.818,F04,RESIDUAL_MOMENTUM,research_simulation
20210601,000070,0.578,F04,RESIDUAL_MOMENTUM,research_simulation
20210601,000078,0.31,F04,RESIDUAL_MOMENTUM,research_simulation
20210601,000088,0.654,F04,RESIDUAL_MOMENTUM,research_simulation
20210601,000089,0.465,F04,RESIDUAL_MOMENTUM,research_simulation
20210601,000090,0.397,F04,RESIDUAL_MOMENTUM,research_simulation
20210601,000096,0.818,F04,RESIDUAL_MOMENTUM,research_simulation
20210601,000099,0.782,F04,RESIDUAL_MOMENTUM,research_simulation
20210601,000100,0.516,F04,RESIDUAL_MOMENTUM,research_simulation
20210601,000151,0.967,F04,RESIDUAL_MOMENTUM,research_simulation
20210601,000153,0.21,F04,RESIDUAL_MOMENTUM,research_simulation
20210601,000155,0.914,F04,RESIDUAL_MOMENTUM,research_simulation
20210601,000156,0.164,F04,RESIDUAL_MOMENTUM,research_simulation
20210601,000157,0.612,F04,RESIDUAL_MOMENTUM,research_simulation
20210601,000158,0.477,F04,RESIDUAL_MOMENTUM,research_simulation
20210601,000159,0.712,F04,RESIDUAL_MOMENTUM,research_simulation
20210601,000166,0.823,F04,RESIDUAL_MOMENTUM,research_simulation
20210601,000301,0.048,F04,RESIDUAL_MOMENTUM,research_simulation
20210601,000333,0.024,F04,RESIDUAL_MOMENTUM,research_simulation
20210601,000338,0.707,F04,RESIDUAL_MOMENTUM,research_simulation
20210601,000400,0.472,F04,RESIDUAL_MOMENTUM,research_simulation
20210601,000401,0.635,F04,RESIDUAL_MOMENTUM,research_simulation
20210601,000402,0.657,F04,RESIDUAL_MOMENTUM,research_simulation
20210601,000403,0.639,F04,RESIDUAL_MOMENTUM,research_simulation
20210601,000404,0.616,F04,RESIDUAL_MOMENTUM,research_simulation
20210601,000407,0.584,F04,RESIDUAL_MOMENTUM,research_simulation
20210601,000408,0.289,F04,RESIDUAL_MOMENTUM,research_simulation
20210601,000409,0.382,F04,RESIDUAL_MOMENTUM,research_simulation
20210601,000410,0.528,F04,RESIDUAL_MOMENTUM,research_simulation
20210601,000411,0.258,F04,RESIDUAL_MOMENTUM,research_simulation
20210601,000415,0.822,F04,RESIDUAL_MOMENTUM,research_simulation
20210601,000417,0.93,F04,RESIDUAL_MOMENTUM,research_simulation
20210601,000419,0.77,F04,RESIDUAL_MOMENTUM,research_simulation
20210601,000420,0.647,F04,RESIDUAL_MOMENTUM,research_simulation
20210601,000421,0.857,F04,RESIDUAL_MOMENTUM,research_simulation
20210601,000422,0.197,F04,RESIDUAL_MOMENTUM,research_simulation
20210601,000423,0.21,F04,RESIDUAL_MOMENTUM,research_simulation
20210601,000425,0.073,F04,RESIDUAL_MOMENTUM,research_simulation
20210601,000426,0.571,F04,RESIDUAL_MOMENTUM,research_simulation
20210601,000428,0.018,F04,RESIDUAL_MOMENTUM,research_simulation
20210601,000429,0.148,F04,RESIDUAL_MOMENTUM,research_simulation
20210601,000430,0.247,F04,RESIDUAL_MOMENTUM,research_simulation
20210601,000488,0.334,F04,RESIDUAL_MOMENTUM,research_simulation
20210601,000498,0.927,F04,RESIDUAL_MOMENTUM,research_simulation
20210601,000501,0.561,F04,RESIDUAL_MOMENTUM,research_simulation
20210601,000503,0.513,F04,RESIDUAL_MOMENTUM,research_simulation
20210601,000504,0.456,F04,RESIDUAL_MOMENTUM,research_simulation
20210601,000505,0.717,F04,RESIDUAL_MOMENTUM,research_simulation
20210601,000506,0.146,F04,RESIDUAL_MOMENTUM,research_simulation
20210601,000507,0.859,F04,RESIDUAL_MOMENTUM,research_simulation
20210601,000509,0.178,F04,RESIDUAL_MOMENTUM,research_simulation
20210601,000510,0.721,F04,RESIDUAL_MOMENTUM,research_simulation
20210601,000513,0.886,F04,RESIDUAL_MOMENTUM,research_simulation
20210601,000514,0.123,F04,RESIDUAL_MOMENTUM,research_simulation
20210601,000516,0.287,F04,RESIDUAL_MOMENTUM,research_simulation
20210801,000001,0.829,F04,RESIDUAL_MOMENTUM,research_simulation
20210801,000002,0.142,F04,RESIDUAL_MOMENTUM,research_simulation
20210801,000004,0.556,F04,RESIDUAL_MOMENTUM,research_simulation
20210801,000006,0.209,F04,RESIDUAL_MOMENTUM,research_simulation
20210801,000007,0.998,F04,RESIDUAL_MOMENTUM,research_simulation
20210801,000008,0.968,F04,RESIDUAL_MOMENTUM,research_simulation
20210801,000009,0.862,F04,RESIDUAL_MOMENTUM,research_simulation
20210801,000010,0.93,F04,RESIDUAL_MOMENTUM,research_simulation
20210801,000011,0.795,F04,RESIDUAL_MOMENTUM,research_simulation
20210801,000012,0.72,F04,RESIDUAL_MOMENTUM,research_simulation
20210801,000014,0.569,F04,RESIDUAL_MOMENTUM,research_simulation
20210801,000016,0.79,F04,RESIDUAL_MOMENTUM,research_simulation
20210801,000017,0.094,F04,RESIDUAL_MOMENTUM,research_simulation
20210801,000019,0.45,F04,RESIDUAL_MOMENTUM,research_simulation
20210801,000020,0.862,F04,RESIDUAL_MOMENTUM,research_simulation
20210801,000021,0.079,F04,RESIDUAL_MOMENTUM,research_simulation
20210801,000025,0.817,F04,RESIDUAL_MOMENTUM,research_simulation
20210801,000026,0.604,F04,RESIDUAL_MOMENTUM,research_simulation
20210801,000027,0.623,F04,RESIDUAL_MOMENTUM,research_simulation
20210801,000028,0.846,F04,RESIDUAL_MOMENTUM,research_simulation
20210801,000029,0.038,F04,RESIDUAL_MOMENTUM,research_simulation
20210801,000030,0.522,F04,RESIDUAL_MOMENTUM,research_simulation
20210801,000031,0.902,F04,RESIDUAL_MOMENTUM,research_simulation
20210801,000032,0.741,F04,RESIDUAL_MOMENTUM,research_simulation
20210801,000034,0.275,F04,RESIDUAL_MOMENTUM,research_simulation
20210801,000035,0.679,F04,RESIDUAL_MOMENTUM,research_simulation
20210801,000036,0.284,F04,RESIDUAL_MOMENTUM,research_simulation
20210801,000037,0.138,F04,RESIDUAL_MOMENTUM,research_simulation
20210801,000039,0.388,F04,RESIDUAL_MOMENTUM,research_simulation
20210801,000042,0.749,F04,RESIDUAL_MOMENTUM,research_simulation
20210801,000045,0.984,F04,RESIDUAL_MOMENTUM,research_simulation
20210801,000048,0.524,F04,RESIDUAL_MOMENTUM,research_simulation
20210801,000049,0.589,F04,RESIDUAL_MOMENTUM,research_simulation
20210801,000050,0.67,F04,RESIDUAL_MOMENTUM,research_simulation
20210801,000055,0.87,F04,RESIDUAL_MOMENTUM,research_simulation
20210801,000056,0.231,F04,RESIDUAL_MOMENTUM,research_simulation
20210801,000058,0.436,F04,RESIDUAL_MOMENTUM,research_simulation
20210801,000059,0.236,F04,RESIDUAL_MOMENTUM,research_simulation
20210801,000060,0.142,F04,RESIDUAL_MOMENTUM,research_simulation
20210801,000061,0.56,F04,RESIDUAL_MOMENTUM,research_simulation
20210801,000062,0.055,F04,RESIDUAL_MOMENTUM,research_simulation
20210801,000063,0.099,F04,RESIDUAL_MOMENTUM,research_simulation
20210801,000065,0.215,F04,RESIDUAL_MOMENTUM,research_simulation
20210801,000066,0.576,F04,RESIDUAL_MOMENTUM,research_simulation
20210801,000068,0.304,F04,RESIDUAL_MOMENTUM,research_simulation
20210801,000069,0.816,F04,RESIDUAL_MOMENTUM,research_simulation
20210801,000070,0.022,F04,RESIDUAL_MOMENTUM,research_simulation
20210801,000078,0.301,F04,RESIDUAL_MOMENTUM,research_simulation
20210801,000088,0.503,F04,RESIDUAL_MOMENTUM,research_simulation
20210801,000089,0.296,F04,RESIDUAL_MOMENTUM,research_simulation
20210801,000090,0.46,F04,RESIDUAL_MOMENTUM,research_simulation
20210801,000096,0.708,F04,RESIDUAL_MOMENTUM,research_simulation
20210801,000099,0.212,F04,RESIDUAL_MOMENTUM,research_simulation
20210801,000100,0.024,F04,RESIDUAL_MOMENTUM,research_simulation
20210801,000151,0.851,F04,RESIDUAL_MOMENTUM,research_simulation
20210801,000153,0.589,F04,RESIDUAL_MOMENTUM,research_simulation
20210801,000155,0.639,F04,RESIDUAL_MOMENTUM,research_simulation
20210801,000156,0.042,F04,RESIDUAL_MOMENTUM,research_simulation
20210801,000157,0.271,F04,RESIDUAL_MOMENTUM,research_simulation
20210801,000158,0.53,F04,RESIDUAL_MOMENTUM,research_simulation
20210801,000159,0.995,F04,RESIDUAL_MOMENTUM,research_simulation
20210801,000166,0.357,F04,RESIDUAL_MOMENTUM,research_simulation
20210801,000301,0.971,F04,RESIDUAL_MOMENTUM,research_simulation
20210801,000333,0.422,F04,RESIDUAL_MOMENTUM,research_simulation
20210801,000338,0.019,F04,RESIDUAL_MOMENTUM,research_simulation
20210801,000400,0.127,F04,RESIDUAL_MOMENTUM,research_simulation
20210801,000401,0.98,F04,RESIDUAL_MOMENTUM,research_simulation
20210801,000402,0.612,F04,RESIDUAL_MOMENTUM,research_simulation
20210801,000403,0.355,F04,RESIDUAL_MOMENTUM,research_simulation
20210801,000404,0.658,F04,RESIDUAL_MOMENTUM,research_simulation
20210801,000407,0.813,F04,RESIDUAL_MOMENTUM,research_simulation
20210801,000408,0.135,F04,RESIDUAL_MOMENTUM,research_simulation
20210801,000409,0.132,F04,RESIDUAL_MOMENTUM,research_simulation
20210801,000410,0.158,F04,RESIDUAL_MOMENTUM,research_simulation
20210801,000411,0.609,F04,RESIDUAL_MOMENTUM,research_simulation
20210801,000415,0.834,F04,RESIDUAL_MOMENTUM,research_simulation
20210801,000417,0.758,F04,RESIDUAL_MOMENTUM,research_simulation
20210801,000419,0.427,F04,RESIDUAL_MOMENTUM,research_simulation
20210801,000420,0.306,F04,RESIDUAL_MOMENTUM,research_simulation
20210801,000421,0.171,F04,RESIDUAL_MOMENTUM,research_simulation
20210801,000422,0.809,F04,RESIDUAL_MOMENTUM,research_simulation
20210801,000423,0.076,F04,RESIDUAL_MOMENTUM,research_simulation
20210801,000425,0.742,F04,RESIDUAL_MOMENTUM,research_simulation
20210801,000426,0.171,F04,RESIDUAL_MOMENTUM,research_simulation
20210801,000428,0.636,F04,RESIDUAL_MOMENTUM,research_simulation
20210801,000429,0.205,F04,RESIDUAL_MOMENTUM,research_simulation
20210801,000430,0.678,F04,RESIDUAL_MOMENTUM,research_simulation
20210801,000488,0.848,F04,RESIDUAL_MOMENTUM,research_simulation
20210801,000498,0.289,F04,RESIDUAL_MOMENTUM,research_simulation
20210801,000501,0.276,F04,RESIDUAL_MOMENTUM,research_simulation
20210801,000503,0.497,F04,RESIDUAL_MOMENTUM,research_simulation
20210801,000504,0.231,F04,RESIDUAL_MOMENTUM,research_simulation
20210801,000505,0.925,F04,RESIDUAL_MOMENTUM,research_simulation
20210801,000506,0.243,F04,RESIDUAL_MOMENTUM,research_simulation
20210801,000507,0.049,F04,RESIDUAL_MOMENTUM,research_simulation
20210801,000509,0.66,F04,RESIDUAL_MOMENTUM,research_simulation
20210801,000510,0.856,F04,RESIDUAL_MOMENTUM,research_simulation
20210801,000513,0.349,F04,RESIDUAL_MOMENTUM,research_simulation
20210801,000514,0.276,F04,RESIDUAL_MOMENTUM,research_simulation
20210801,000516,0.71,F04,RESIDUAL_MOMENTUM,research_simulation
20220101,000001,0.768,F04,RESIDUAL_MOMENTUM,research_simulation
20220101,000002,0.376,F04,RESIDUAL_MOMENTUM,research_simulation
20220101,000004,0.697,F04,RESIDUAL_MOMENTUM,research_simulation
20220101,000006,0.431,F04,RESIDUAL_MOMENTUM,research_simulation
20220101,000007,0.977,F04,RESIDUAL_MOMENTUM,research_simulation
20220101,000008,0.147,F04,RESIDUAL_MOMENTUM,research_simulation
20220101,000009,0.785,F04,RESIDUAL_MOMENTUM,research_simulation
20220101,000010,0.427,F04,RESIDUAL_MOMENTUM,research_simulation
20220101,000011,0.543,F04,RESIDUAL_MOMENTUM,research_simulation
20220101,000012,0.87,F04,RESIDUAL_MOMENTUM,research_simulation
20220101,000014,0.191,F04,RESIDUAL_MOMENTUM,research_simulation
20220101,000016,0.905,F04,RESIDUAL_MOMENTUM,research_simulation
20220101,000017,0.271,F04,RESIDUAL_MOMENTUM,research_simulation
20220101,000019,0.898,F04,RESIDUAL_MOMENTUM,research_simulation
20220101,000020,0.035,F04,RESIDUAL_MOMENTUM,research_simulation
20220101,000021,0.205,F04,RESIDUAL_MOMENTUM,research_simulation
20220101,000025,0.158,F04,RESIDUAL_MOMENTUM,research_simulation
20220101,000026,0.928,F04,RESIDUAL_MOMENTUM,research_simulation
20220101,000027,0.016,F04,RESIDUAL_MOMENTUM,research_simulation
20220101,000028,0.296,F04,RESIDUAL_MOMENTUM,research_simulation
20220101,000029,0.601,F04,RESIDUAL_MOMENTUM,research_simulation
20220101,000030,0.18,F04,RESIDUAL_MOMENTUM,research_simulation
20220101,000031,0.588,F04,RESIDUAL_MOMENTUM,research_simulation
20220101,000032,0.288,F04,RESIDUAL_MOMENTUM,research_simulation
20220101,000034,0.221,F04,RESIDUAL_MOMENTUM,research_simulation
20220101,000035,0.785,F04,RESIDUAL_MOMENTUM,research_simulation
20220101,000036,0.213,F04,RESIDUAL_MOMENTUM,research_simulation
20220101,000037,0.762,F04,RESIDUAL_MOMENTUM,research_simulation
20220101,000039,0.078,F04,RESIDUAL_MOMENTUM,research_simulation
20220101,000042,0.423,F04,RESIDUAL_MOMENTUM,research_simulation
20220101,000045,0.636,F04,RESIDUAL_MOMENTUM,research_simulation
20220101,000048,0.176,F04,RESIDUAL_MOMENTUM,research_simulation
20220101,000049,0.186,F04,RESIDUAL_MOMENTUM,research_simulation
20220101,000050,0.337,F04,RESIDUAL_MOMENTUM,research_simulation
20220101,000055,0.054,F04,RESIDUAL_MOMENTUM,research_simulation
20220101,000056,0.484,F04,RESIDUAL_MOMENTUM,research_simulation
20220101,000058,0.926,F04,RESIDUAL_MOMENTUM,research_simulation
20220101,000059,0.953,F04,RESIDUAL_MOMENTUM,research_simulation
20220101,000060,0.588,F04,RESIDUAL_MOMENTUM,research_simulation
20220101,000061,0.193,F04,RESIDUAL_MOMENTUM,research_simulation
20220101,000062,0.182,F04,RESIDUAL_MOMENTUM,research_simulation
20220101,000063,0.369,F04,RESIDUAL_MOMENTUM,research_simulation
20220101,000065,0.934,F04,RESIDUAL_MOMENTUM,research_simulation
20220101,000066,0.419,F04,RESIDUAL_MOMENTUM,research_simulation
20220101,000068,0.985,F04,RESIDUAL_MOMENTUM,research_simulation
20220101,000069,0.251,F04,RESIDUAL_MOMENTUM,research_simulation
20220101,000070,0.502,F04,RESIDUAL_MOMENTUM,research_simulation
20220101,000078,0.192,F04,RESIDUAL_MOMENTUM,research_simulation
20220101,000088,0.385,F04,RESIDUAL_MOMENTUM,research_simulation
20220101,000089,0.376,F04,RESIDUAL_MOMENTUM,research_simulation
20220101,000090,0.386,F04,RESIDUAL_MOMENTUM,research_simulation
20220101,000096,0.889,F04,RESIDUAL_MOMENTUM,research_simulation
20220101,000099,0.955,F04,RESIDUAL_MOMENTUM,research_simulation
20220101,000100,0.309,F04,RESIDUAL_MOMENTUM,research_simulation
20220101,000151,0.705,F04,RESIDUAL_MOMENTUM,research_simulation
20220101,000153,0.181,F04,RESIDUAL_MOMENTUM,research_simulation
20220101,000155,0.957,F04,RESIDUAL_MOMENTUM,research_simulation
20220101,000156,0.173,F04,RESIDUAL_MOMENTUM,research_simulation
20220101,000157,0.793,F04,RESIDUAL_MOMENTUM,research_simulation
20220101,000158,0.382,F04,RESIDUAL_MOMENTUM,research_simulation
20220101,000159,0.362,F04,RESIDUAL_MOMENTUM,research_simulation
20220101,000166,0.412,F04,RESIDUAL_MOMENTUM,research_simulation
20220101,000301,0.315,F04,RESIDUAL_MOMENTUM,research_simulation
20220101,000333,0.242,F04,RESIDUAL_MOMENTUM,research_simulation
20220101,000338,0.838,F04,RESIDUAL_MOMENTUM,research_simulation
20220101,000400,0.343,F04,RESIDUAL_MOMENTUM,research_simulation
20220101,000401,0.353,F04,RESIDUAL_MOMENTUM,research_simulation
20220101,000402,0.412,F04,RESIDUAL_MOMENTUM,research_simulation
20220101,000403,0.564,F04,RESIDUAL_MOMENTUM,research_simulation
20220101,000404,0.19,F04,RESIDUAL_MOMENTUM,research_simulation
20220101,000407,0.617,F04,RESIDUAL_MOMENTUM,research_simulation
20220101,000408,0.234,F04,RESIDUAL_MOMENTUM,research_simulation
20220101,000409,0.171,F04,RESIDUAL_MOMENTUM,research_simulation
20220101,000410,0.77,F04,RESIDUAL_MOMENTUM,research_simulation
20220101,000411,0.237,F04,RESIDUAL_MOMENTUM,research_simulation
20220101,000415,0.06,F04,RESIDUAL_MOMENTUM,research_simulation
20220101,000417,0.353,F04,RESIDUAL_MOMENTUM,research_simulation
20220101,000419,0.78,F04,RESIDUAL_MOMENTUM,research_simulation
20220101,000420,0.041,F04,RESIDUAL_MOMENTUM,research_simulation
20220101,000421,0.863,F04,RESIDUAL_MOMENTUM,research_simulation
20220101,000422,0.34,F04,RESIDUAL_MOMENTUM,research_simulation
20220101,000423,0.873,F04,RESIDUAL_MOMENTUM,research_simulation
20220101,000425,0.238,F04,RESIDUAL_MOMENTUM,research_simulation
20220101,000426,0.183,F04,RESIDUAL_MOMENTUM,research_simulation
20220101,000428,0.815,F04,RESIDUAL_MOMENTUM,research_simulation
20220101,000429,0.065,F04,RESIDUAL_MOMENTUM,research_simulation
20220101,000430,0.911,F04,RESIDUAL_MOMENTUM,research_simulation
20220101,000488,0.927,F04,RESIDUAL_MOMENTUM,research_simulation
20220101,000498,0.187,F04,RESIDUAL_MOMENTUM,research_simulation
20220101,000501,0.16,F04,RESIDUAL_MOMENTUM,research_simulation
20220101,000503,0.009,F04,RESIDUAL_MOMENTUM,research_simulation
20220101,000504,0.517,F04,RESIDUAL_MOMENTUM,research_simulation
20220101,000505,0.602,F04,RESIDUAL_MOMENTUM,research_simulation
20220101,000506,0.098,F04,RESIDUAL_MOMENTUM,research_simulation
20220101,000507,0.059,F04,RESIDUAL_MOMENTUM,research_simulation
20220101,000509,0.825,F04,RESIDUAL_MOMENTUM,research_simulation
20220101,000510,0.329,F04,RESIDUAL_MOMENTUM,research_simulation
20220101,000513,0.942,F04,RESIDUAL_MOMENTUM,research_simulation
20220101,000514,0.95,F04,RESIDUAL_MOMENTUM,research_simulation
20220101,000516,0.712,F04,RESIDUAL_MOMENTUM,research_simulation
20220201,000001,0.837,F04,RESIDUAL_MOMENTUM,research_simulation
20220201,000002,0.239,F04,RESIDUAL_MOMENTUM,research_simulation
20220201,000004,0.062,F04,RESIDUAL_MOMENTUM,research_simulation
20220201,000006,0.735,F04,RESIDUAL_MOMENTUM,research_simulation
20220201,000007,0.638,F04,RESIDUAL_MOMENTUM,research_simulation
20220201,000008,0.478,F04,RESIDUAL_MOMENTUM,research_simulation
20220201,000009,0.243,F04,RESIDUAL_MOMENTUM,research_simulation
20220201,000010,0.561,F04,RESIDUAL_MOMENTUM,research_simulation
20220201,000011,0.481,F04,RESIDUAL_MOMENTUM,research_simulation
20220201,000012,0.412,F04,RESIDUAL_MOMENTUM,research_simulation
20220201,000014,0.279,F04,RESIDUAL_MOMENTUM,research_simulation
20220201,000016,0.858,F04,RESIDUAL_MOMENTUM,research_simulation
20220201,000017,0.601,F04,RESIDUAL_MOMENTUM,research_simulation
20220201,000019,0.47,F04,RESIDUAL_MOMENTUM,research_simulation
20220201,000020,0.422,F04,RESIDUAL_MOMENTUM,research_simulation
20220201,000021,0.162,F04,RESIDUAL_MOMENTUM,research_simulation
20220201,000025,0.368,F04,RESIDUAL_MOMENTUM,research_simulation
20220201,000026,0.634,F04,RESIDUAL_MOMENTUM,research_simulation
20220201,000027,0.459,F04,RESIDUAL_MOMENTUM,research_simulation
20220201,000028,0.518,F04,RESIDUAL_MOMENTUM,research_simulation
20220201,000029,0.157,F04,RESIDUAL_MOMENTUM,research_simulation
20220201,000030,0.694,F04,RESIDUAL_MOMENTUM,research_simulation
20220201,000031,0.161,F04,RESIDUAL_MOMENTUM,research_simulation
20220201,000032,0.062,F04,RESIDUAL_MOMENTUM,research_simulation
20220201,000034,0.633,F04,RESIDUAL_MOMENTUM,research_simulation
20220201,000035,0.606,F04,RESIDUAL_MOMENTUM,research_simulation
20220201,000036,0.942,F04,RESIDUAL_MOMENTUM,research_simulation
20220201,000037,0.189,F04,RESIDUAL_MOMENTUM,research_simulation
20220201,000039,0.78,F04,RESIDUAL_MOMENTUM,research_simulation
20220201,000042,0.247,F04,RESIDUAL_MOMENTUM,research_simulation
20220201,000045,0.765,F04,RESIDUAL_MOMENTUM,research_simulation
20220201,000048,0.66,F04,RESIDUAL_MOMENTUM,research_simulation
20220201,000049,0.022,F04,RESIDUAL_MOMENTUM,research_simulation
20220201,000050,0.106,F04,RESIDUAL_MOMENTUM,research_simulation
20220201,000055,0.058,F04,RESIDUAL_MOMENTUM,research_simulation
20220201,000056,0.009,F04,RESIDUAL_MOMENTUM,research_simulation
20220201,000058,0.582,F04,RESIDUAL_MOMENTUM,research_simulation
20220201,000059,0.071,F04,RESIDUAL_MOMENTUM,research_simulation
20220201,000060,0.798,F04,RESIDUAL_MOMENTUM,research_simulation
20220201,000061,0.815,F04,RESIDUAL_MOMENTUM,research_simulation
20220201,000062,0.762,F04,RESIDUAL_MOMENTUM,research_simulation
20220201,000063,0.978,F04,RESIDUAL_MOMENTUM,research_simulation
20220201,000065,0.809,F04,RESIDUAL_MOMENTUM,research_simulation
20220201,000066,0.165,F04,RESIDUAL_MOMENTUM,research_simulation
20220201,000068,0.414,F04,RESIDUAL_MOMENTUM,research_simulation
20220201,000069,0.854,F04,RESIDUAL_MOMENTUM,research_simulation
20220201,000070,0.214,F04,RESIDUAL_MOMENTUM,research_simulation
20220201,000078,0.095,F04,RESIDUAL_MOMENTUM,research_simulation
20220201,000088,0.196,F04,RESIDUAL_MOMENTUM,research_simulation
20220201,000089,0.331,F04,RESIDUAL_MOMENTUM,research_simulation
20220201,000090,0.688,F04,RESIDUAL_MOMENTUM,research_simulation
20220201,000096,0.617,F04,RESIDUAL_MOMENTUM,research_simulation
20220201,000099,0.599,F04,RESIDUAL_MOMENTUM,research_simulation
20220201,000100,0.877,F04,RESIDUAL_MOMENTUM,research_simulation
20220201,000151,0.476,F04,RESIDUAL_MOMENTUM,research_simulation
20220201,000153,0.971,F04,RESIDUAL_MOMENTUM,research_simulation
20220201,000155,0.949,F04,RESIDUAL_MOMENTUM,research_simulation
20220201,000156,0.506,F04,RESIDUAL_MOMENTUM,research_simulation
20220201,000157,0.293,F04,RESIDUAL_MOMENTUM,research_simulation
20220201,000158,0.546,F04,RESIDUAL_MOMENTUM,research_simulation
20220201,000159,0.25,F04,RESIDUAL_MOMENTUM,research_simulation
20220201,000166,0.269,F04,RESIDUAL_MOMENTUM,research_simulation
20220201,000301,0.496,F04,RESIDUAL_MOMENTUM,research_simulation
20220201,000333,0.953,F04,RESIDUAL_MOMENTUM,research_simulation
20220201,000338,0.678,F04,RESIDUAL_MOMENTUM,research_simulation
20220201,000400,0.639,F04,RESIDUAL_MOMENTUM,research_simulation
20220201,000401,0.019,F04,RESIDUAL_MOMENTUM,research_simulation
20220201,000402,0.629,F04,RESIDUAL_MOMENTUM,research_simulation
20220201,000403,0.797,F04,RESIDUAL_MOMENTUM,research_simulation
20220201,000404,0.276,F04,RESIDUAL_MOMENTUM,research_simulation
20220201,000407,0.804,F04,RESIDUAL_MOMENTUM,research_simulation
20220201,000408,0.109,F04,RESIDUAL_MOMENTUM,research_simulation
20220201,000409,0.888,F04,RESIDUAL_MOMENTUM,research_simulation
20220201,000410,0.329,F04,RESIDUAL_MOMENTUM,research_simulation
20220201,000411,0.406,F04,RESIDUAL_MOMENTUM,research_simulation
20220201,000415,0.718,F04,RESIDUAL_MOMENTUM,research_simulation
20220201,000417,0.475,F04,RESIDUAL_MOMENTUM,research_simulation
20220201,000419,0.151,F04,RESIDUAL_MOMENTUM,research_simulation
20220201,000420,0.051,F04,RESIDUAL_MOMENTUM,research_simulation
20220201,000421,0.897,F04,RESIDUAL_MOMENTUM,research_simulation
20220201,000422,0.602,F04,RESIDUAL_MOMENTUM,research_simulation
20220201,000423,0.046,F04,RESIDUAL_MOMENTUM,research_simulation
20220201,000425,0.025,F04,RESIDUAL_MOMENTUM,research_simulation
20220201,000426,0.134,F04,RESIDUAL_MOMENTUM,research_simulation
20220201,000428,0.853,F04,RESIDUAL_MOMENTUM,research_simulation
20220201,000429,0.53,F04,RESIDUAL_MOMENTUM,research_simulation
20220201,000430,0.06,F04,RESIDUAL_MOMENTUM,research_simulation
20220201,000488,0.724,F04,RESIDUAL_MOMENTUM,research_simulation
20220201,000498,0.377,F04,RESIDUAL_MOMENTUM,research_simulation
20220201,000501,0.12,F04,RESIDUAL_MOMENTUM,research_simulation
20220201,000503,0.076,F04,RESIDUAL_MOMENTUM,research_simulation
20220201,000504,0.054,F04,RESIDUAL_MOMENTUM,research_simulation
20220201,000505,0.874,F04,RESIDUAL_MOMENTUM,research_simulation
20220201,000506,0.77,F04,RESIDUAL_MOMENTUM,research_simulation
20220201,000507,0.099,F04,RESIDUAL_MOMENTUM,research_simulation
20220201,000509,0.208,F04,RESIDUAL_MOMENTUM,research_simulation
20220201,000510,0.161,F04,RESIDUAL_MOMENTUM,research_simulation
20220201,000513,0.932,F04,RESIDUAL_MOMENTUM,research_simulation
20220201,000514,0.381,F04,RESIDUAL_MOMENTUM,research_simulation
20220201,000516,0.407,F04,RESIDUAL_MOMENTUM,research_simulation
20220401,000001,0.035,F04,RESIDUAL_MOMENTUM,research_simulation
20220401,000002,0.875,F04,RESIDUAL_MOMENTUM,research_simulation
20220401,000004,0.304,F04,RESIDUAL_MOMENTUM,research_simulation
20220401,000006,0.976,F04,RESIDUAL_MOMENTUM,research_simulation
20220401,000007,0.582,F04,RESIDUAL_MOMENTUM,research_simulation
20220401,000008,0.18,F04,RESIDUAL_MOMENTUM,research_simulation
20220401,000009,0.362,F04,RESIDUAL_MOMENTUM,research_simulation
20220401,000010,0.043,F04,RESIDUAL_MOMENTUM,research_simulation
20220401,000011,0.296,F04,RESIDUAL_MOMENTUM,research_simulation
20220401,000012,0.694,F04,RESIDUAL_MOMENTUM,research_simulation
20220401,000014,0.415,F04,RESIDUAL_MOMENTUM,research_simulation
20220401,000016,0.031,F04,RESIDUAL_MOMENTUM,research_simulation
20220401,000017,0.654,F04,RESIDUAL_MOMENTUM,research_simulation
20220401,000019,0.445,F04,RESIDUAL_MOMENTUM,research_simulation
20220401,000020,0.116,F04,RESIDUAL_MOMENTUM,research_simulation
20220401,000021,0.33,F04,RESIDUAL_MOMENTUM,research_simulation
20220401,000025,0.504,F04,RESIDUAL_MOMENTUM,research_simulation
20220401,000026,0.737,F04,RESIDUAL_MOMENTUM,research_simulation
20220401,000027,0.976,F04,RESIDUAL_MOMENTUM,research_simulation
20220401,000028,0.482,F04,RESIDUAL_MOMENTUM,research_simulation
20220401,000029,0.298,F04,RESIDUAL_MOMENTUM,research_simulation
20220401,000030,0.488,F04,RESIDUAL_MOMENTUM,research_simulation
20220401,000031,0.122,F04,RESIDUAL_MOMENTUM,research_simulation
20220401,000032,0.851,F04,RESIDUAL_MOMENTUM,research_simulation
20220401,000034,0.962,F04,RESIDUAL_MOMENTUM,research_simulation
20220401,000035,0.851,F04,RESIDUAL_MOMENTUM,research_simulation
20220401,000036,0.064,F04,RESIDUAL_MOMENTUM,research_simulation
20220401,000037,0.691,F04,RESIDUAL_MOMENTUM,research_simulation
20220401,000039,0.295,F04,RESIDUAL_MOMENTUM,research_simulation
20220401,000042,0.87,F04,RESIDUAL_MOMENTUM,research_simulation
20220401,000045,0.38,F04,RESIDUAL_MOMENTUM,research_simulation
20220401,000048,0.699,F04,RESIDUAL_MOMENTUM,research_simulation
20220401,000049,0.028,F04,RESIDUAL_MOMENTUM,research_simulation
20220401,000050,0.418,F04,RESIDUAL_MOMENTUM,research_simulation
20220401,000055,0.509,F04,RESIDUAL_MOMENTUM,research_simulation
20220401,000056,0.601,F04,RESIDUAL_MOMENTUM,research_simulation
20220401,000058,0.848,F04,RESIDUAL_MOMENTUM,research_simulation
20220401,000059,0.855,F04,RESIDUAL_MOMENTUM,research_simulation
20220401,000060,0.654,F04,RESIDUAL_MOMENTUM,research_simulation
20220401,000061,0.822,F04,RESIDUAL_MOMENTUM,research_simulation
20220401,000062,0.832,F04,RESIDUAL_MOMENTUM,research_simulation
20220401,000063,0.434,F04,RESIDUAL_MOMENTUM,research_simulation
20220401,000065,0.428,F04,RESIDUAL_MOMENTUM,research_simulation
20220401,000066,0.57,F04,RESIDUAL_MOMENTUM,research_simulation
20220401,000068,0.478,F04,RESIDUAL_MOMENTUM,research_simulation
20220401,000069,0.002,F04,RESIDUAL_MOMENTUM,research_simulation
20220401,000070,0.843,F04,RESIDUAL_MOMENTUM,research_simulation
20220401,000078,0.482,F04,RESIDUAL_MOMENTUM,research_simulation
20220401,000088,0.148,F04,RESIDUAL_MOMENTUM,research_simulation
20220401,000089,0.981,F04,RESIDUAL_MOMENTUM,research_simulation
20220401,000090,0.759,F04,RESIDUAL_MOMENTUM,research_simulation
20220401,000096,0.106,F04,RESIDUAL_MOMENTUM,research_simulation
20220401,000099,0.255,F04,RESIDUAL_MOMENTUM,research_simulation
20220401,000100,0.847,F04,RESIDUAL_MOMENTUM,research_simulation
20220401,000151,0.681,F04,RESIDUAL_MOMENTUM,research_simulation
20220401,000153,0.818,F04,RESIDUAL_MOMENTUM,research_simulation
20220401,000155,0.442,F04,RESIDUAL_MOMENTUM,research_simulation
20220401,000156,0.149,F04,RESIDUAL_MOMENTUM,research_simulation
20220401,000157,0.998,F04,RESIDUAL_MOMENTUM,research_simulation
20220401,000158,0.903,F04,RESIDUAL_MOMENTUM,research_simulation
20220401,000159,0.672,F04,RESIDUAL_MOMENTUM,research_simulation
20220401,000166,0.957,F04,RESIDUAL_MOMENTUM,research_simulation
20220401,000301,0.541,F04,RESIDUAL_MOMENTUM,research_simulation
20220401,000333,0.965,F04,RESIDUAL_MOMENTUM,research_simulation
20220401,000338,0.03,F04,RESIDUAL_MOMENTUM,research_simulation
20220401,000400,0.134,F04,RESIDUAL_MOMENTUM,research_simulation
20220401,000401,0.481,F04,RESIDUAL_MOMENTUM,research_simulation
20220401,000402,0.32,F04,RESIDUAL_MOMENTUM,research_simulation
20220401,000403,0.833,F04,RESIDUAL_MOMENTUM,research_simulation
20220401,000404,0.284,F04,RESIDUAL_MOMENTUM,research_simulation
20220401,000407,0.03,F04,RESIDUAL_MOMENTUM,research_simulation
20220401,000408,0.269,F04,RESIDUAL_MOMENTUM,research_simulation
20220401,000409,0.576,F04,RESIDUAL_MOMENTUM,research_simulation
20220401,000410,0.032,F04,RESIDUAL_MOMENTUM,research_simulation
20220401,000411,0.806,F04,RESIDUAL_MOMENTUM,research_simulation
20220401,000415,0.154,F04,RESIDUAL_MOMENTUM,research_simulation
20220401,000417,0.092,F04,RESIDUAL_MOMENTUM,research_simulation
20220401,000419,0.764,F04,RESIDUAL_MOMENTUM,research_simulation
20220401,000420,0.012,F04,RESIDUAL_MOMENTUM,research_simulation
20220401,000421,0.437,F04,RESIDUAL_MOMENTUM,research_simulation
20220401,000422,0.926,F04,RESIDUAL_MOMENTUM,research_simulation
20220401,000423,0.218,F04,RESIDUAL_MOMENTUM,research_simulation
20220401,000425,0.466,F04,RESIDUAL_MOMENTUM,research_simulation
20220401,000426,0.582,F04,RESIDUAL_MOMENTUM,research_simulation
20220401,000428,0.147,F04,RESIDUAL_MOMENTUM,research_simulation
20220401,000429,0.424,F04,RESIDUAL_MOMENTUM,research_simulation
20220401,000430,0.961,F04,RESIDUAL_MOMENTUM,research_simulation
20220401,000488,0.21,F04,RESIDUAL_MOMENTUM,research_simulation
20220401,000498,0.623,F04,RESIDUAL_MOMENTUM,research_simulation
20220401,000501,0.274,F04,RESIDUAL_MOMENTUM,research_simulation
20220401,000503,0.141,F04,RESIDUAL_MOMENTUM,research_simulation
20220401,000504,0.221,F04,RESIDUAL_MOMENTUM,research_simulation
20220401,000505,0.16,F04,RESIDUAL_MOMENTUM,research_simulation
20220401,000506,0.438,F04,RESIDUAL_MOMENTUM,research_simulation
20220401,000507,0.317,F04,RESIDUAL_MOMENTUM,research_simulation
20220401,000509,0.678,F04,RESIDUAL_MOMENTUM,research_simulation
20220401,000510,0.972,F04,RESIDUAL_MOMENTUM,research_simulation
20220401,000513,0.968,F04,RESIDUAL_MOMENTUM,research_simulation
20220401,000514,0.968,F04,RESIDUAL_MOMENTUM,research_simulation
20220401,000516,0.661,F04,RESIDUAL_MOMENTUM,research_simulation
20221001,000001,0.944,F04,RESIDUAL_MOMENTUM,research_simulation
20221001,000002,0.193,F04,RESIDUAL_MOMENTUM,research_simulation
20221001,000004,0.304,F04,RESIDUAL_MOMENTUM,research_simulation
20221001,000006,0.426,F04,RESIDUAL_MOMENTUM,research_simulation
20221001,000007,0.493,F04,RESIDUAL_MOMENTUM,research_simulation
20221001,000008,0.262,F04,RESIDUAL_MOMENTUM,research_simulation
20221001,000009,0.159,F04,RESIDUAL_MOMENTUM,research_simulation
20221001,000010,0.73,F04,RESIDUAL_MOMENTUM,research_simulation
20221001,000011,0.901,F04,RESIDUAL_MOMENTUM,research_simulation
20221001,000012,0.715,F04,RESIDUAL_MOMENTUM,research_simulation
20221001,000014,0.843,F04,RESIDUAL_MOMENTUM,research_simulation
20221001,000016,0.887,F04,RESIDUAL_MOMENTUM,research_simulation
20221001,000017,0.297,F04,RESIDUAL_MOMENTUM,research_simulation
20221001,000019,0.122,F04,RESIDUAL_MOMENTUM,research_simulation
20221001,000020,0.03,F04,RESIDUAL_MOMENTUM,research_simulation
20221001,000021,0.422,F04,RESIDUAL_MOMENTUM,research_simulation
20221001,000025,0.268,F04,RESIDUAL_MOMENTUM,research_simulation
20221001,000026,0.26,F04,RESIDUAL_MOMENTUM,research_simulation
20221001,000027,0.578,F04,RESIDUAL_MOMENTUM,research_simulation
20221001,000028,0.882,F04,RESIDUAL_MOMENTUM,research_simulation
20221001,000029,0.142,F04,RESIDUAL_MOMENTUM,research_simulation
20221001,000030,0.312,F04,RESIDUAL_MOMENTUM,research_simulation
20221001,000031,0.397,F04,RESIDUAL_MOMENTUM,research_simulation
20221001,000032,0.985,F04,RESIDUAL_MOMENTUM,research_simulation
20221001,000034,0.785,F04,RESIDUAL_MOMENTUM,research_simulation
20221001,000035,0.007,F04,RESIDUAL_MOMENTUM,research_simulation
20221001,000036,0.653,F04,RESIDUAL_MOMENTUM,research_simulation
20221001,000037,0.409,F04,RESIDUAL_MOMENTUM,research_simulation
20221001,000039,0.742,F04,RESIDUAL_MOMENTUM,research_simulation
20221001,000042,0.72,F04,RESIDUAL_MOMENTUM,research_simulation
20221001,000045,0.026,F04,RESIDUAL_MOMENTUM,research_simulation
20221001,000048,0.691,F04,RESIDUAL_MOMENTUM,research_simulation
20221001,000049,0.768,F04,RESIDUAL_MOMENTUM,research_simulation
20221001,000050,0.982,F04,RESIDUAL_MOMENTUM,research_simulation
20221001,000055,0.029,F04,RESIDUAL_MOMENTUM,research_simulation
20221001,000056,0.199,F04,RESIDUAL_MOMENTUM,research_simulation
20221001,000058,0.934,F04,RESIDUAL_MOMENTUM,research_simulation
20221001,000059,0.978,F04,RESIDUAL_MOMENTUM,research_simulation
20221001,000060,0.767,F04,RESIDUAL_MOMENTUM,research_simulation
20221001,000061,0.159,F04,RESIDUAL_MOMENTUM,research_simulation
20221001,000062,0.169,F04,RESIDUAL_MOMENTUM,research_simulation
20221001,000063,0.662,F04,RESIDUAL_MOMENTUM,research_simulation
20221001,000065,0.714,F04,RESIDUAL_MOMENTUM,research_simulation
20221001,000066,0.738,F04,RESIDUAL_MOMENTUM,research_simulation
20221001,000068,0.326,F04,RESIDUAL_MOMENTUM,research_simulation
20221001,000069,0.59,F04,RESIDUAL_MOMENTUM,research_simulation
20221001,000070,0.975,F04,RESIDUAL_MOMENTUM,research_simulation
20221001,000078,0.846,F04,RESIDUAL_MOMENTUM,research_simulation
20221001,000088,0.943,F04,RESIDUAL_MOMENTUM,research_simulation
20221001,000089,0.291,F04,RESIDUAL_MOMENTUM,research_simulation
20221001,000090,0.358,F04,RESIDUAL_MOMENTUM,research_simulation
20221001,000096,0.727,F04,RESIDUAL_MOMENTUM,research_simulation
20221001,000099,0.21,F04,RESIDUAL_MOMENTUM,research_simulation
20221001,000100,0.905,F04,RESIDUAL_MOMENTUM,research_simulation
20221001,000151,0.772,F04,RESIDUAL_MOMENTUM,research_simulation
20221001,000153,0.478,F04,RESIDUAL_MOMENTUM,research_simulation
20221001,000155,0.475,F04,RESIDUAL_MOMENTUM,research_simulation
20221001,000156,0.42,F04,RESIDUAL_MOMENTUM,research_simulation
20221001,000157,0.446,F04,RESIDUAL_MOMENTUM,research_simulation
20221001,000158,0.435,F04,RESIDUAL_MOMENTUM,research_simulation
20221001,000159,0.029,F04,RESIDUAL_MOMENTUM,research_simulation
20221001,000166,0.317,F04,RESIDUAL_MOMENTUM,research_simulation
20221001,000301,0.024,F04,RESIDUAL_MOMENTUM,research_simulation
20221001,000333,0.722,F04,RESIDUAL_MOMENTUM,research_simulation
20221001,000338,0.629,F04,RESIDUAL_MOMENTUM,research_simulation
20221001,000400,0.523,F04,RESIDUAL_MOMENTUM,research_simulation
20221001,000401,0.909,F04,RESIDUAL_MOMENTUM,research_simulation
20221001,000402,0.104,F04,RESIDUAL_MOMENTUM,research_simulation
20221001,000403,0.232,F04,RESIDUAL_MOMENTUM,research_simulation
20221001,000404,0.992,F04,RESIDUAL_MOMENTUM,research_simulation
20221001,000407,0.135,F04,RESIDUAL_MOMENTUM,research_simulation
20221001,000408,0.428,F04,RESIDUAL_MOMENTUM,research_simulation
20221001,000409,0.97,F04,RESIDUAL_MOMENTUM,research_simulation
20221001,000410,0.208,F04,RESIDUAL_MOMENTUM,research_simulation
20221001,000411,0.065,F04,RESIDUAL_MOMENTUM,research_simulation
20221001,000415,0.398,F04,RESIDUAL_MOMENTUM,research_simulation
20221001,000417,0.511,F04,RESIDUAL_MOMENTUM,research_simulation
20221001,000419,0.182,F04,RESIDUAL_MOMENTUM,research_simulation
20221001,000420,0.148,F04,RESIDUAL_MOMENTUM,research_simulation
20221001,000421,0.808,F04,RESIDUAL_MOMENTUM,research_simulation
20221001,000422,0.682,F04,RESIDUAL_MOMENTUM,research_simulation
20221001,000423,0.849,F04,RESIDUAL_MOMENTUM,research_simulation
20221001,000425,0.479,F04,RESIDUAL_MOMENTUM,research_simulation
20221001,000426,0.484,F04,RESIDUAL_MOMENTUM,research_simulation
20221001,000428,0.39,F04,RESIDUAL_MOMENTUM,research_simulation
20221001,000429,0.464,F04,RESIDUAL_MOMENTUM,research_simulation
20221001,000430,0.903,F04,RESIDUAL_MOMENTUM,research_simulation
20221001,000488,0.218,F04,RESIDUAL_MOMENTUM,research_simulation
20221001,000498,0.761,F04,RESIDUAL_MOMENTUM,research_simulation
20221001,000501,0.354,F04,RESIDUAL_MOMENTUM,research_simulation
20221001,000503,0.854,F04,RESIDUAL_MOMENTUM,research_simulation
20221001,000504,0.398,F04,RESIDUAL_MOMENTUM,research_simulation
20221001,000505,0.172,F04,RESIDUAL_MOMENTUM,research_simulation
20221001,000506,0.024,F04,RESIDUAL_MOMENTUM,research_simulation
20221001,000507,0.389,F04,RESIDUAL_MOMENTUM,research_simulation
20221001,000509,0.206,F04,RESIDUAL_MOMENTUM,research_simulation
20221001,000510,0.108,F04,RESIDUAL_MOMENTUM,research_simulation
20221001,000513,0.746,F04,RESIDUAL_MOMENTUM,research_simulation
20221001,000514,0.651,F04,RESIDUAL_MOMENTUM,research_simulation
20221001,000516,0.868,F04,RESIDUAL_MOMENTUM,research_simulation
20221101,000001,0.787,F04,RESIDUAL_MOMENTUM,research_simulation
20221101,000002,0.99,F04,RESIDUAL_MOMENTUM,research_simulation
20221101,000004,0.436,F04,RESIDUAL_MOMENTUM,research_simulation
20221101,000006,0.381,F04,RESIDUAL_MOMENTUM,research_simulation
20221101,000007,0.519,F04,RESIDUAL_MOMENTUM,research_simulation
20221101,000008,0.046,F04,RESIDUAL_MOMENTUM,research_simulation
20221101,000009,0.62,F04,RESIDUAL_MOMENTUM,research_simulation
20221101,000010,0.142,F04,RESIDUAL_MOMENTUM,research_simulation
20221101,000011,0.523,F04,RESIDUAL_MOMENTUM,research_simulation
20221101,000012,0.602,F04,RESIDUAL_MOMENTUM,research_simulation
20221101,000014,0.056,F04,RESIDUAL_MOMENTUM,research_simulation
20221101,000016,0.117,F04,RESIDUAL_MOMENTUM,research_simulation
20221101,000017,0.683,F04,RESIDUAL_MOMENTUM,research_simulation
20221101,000019,0.924,F04,RESIDUAL_MOMENTUM,research_simulation
20221101,000020,0.792,F04,RESIDUAL_MOMENTUM,research_simulation
20221101,000021,0.818,F04,RESIDUAL_MOMENTUM,research_simulation
20221101,000025,0.418,F04,RESIDUAL_MOMENTUM,research_simulation
20221101,000026,0.251,F04,RESIDUAL_MOMENTUM,research_simulation
20221101,000027,0.183,F04,RESIDUAL_MOMENTUM,research_simulation
20221101,000028,0.331,F04,RESIDUAL_MOMENTUM,research_simulation
20221101,000029,0.796,F04,RESIDUAL_MOMENTUM,research_simulation
20221101,000030,0.333,F04,RESIDUAL_MOMENTUM,research_simulation
20221101,000031,0.961,F04,RESIDUAL_MOMENTUM,research_simulation
20221101,000032,0.574,F04,RESIDUAL_MOMENTUM,research_simulation
20221101,000034,0.129,F04,RESIDUAL_MOMENTUM,research_simulation
20221101,000035,0.541,F04,RESIDUAL_MOMENTUM,research_simulation
20221101,000036,0.828,F04,RESIDUAL_MOMENTUM,research_simulation
20221101,000037,0.095,F04,RESIDUAL_MOMENTUM,research_simulation
20221101,000039,0.513,F04,RESIDUAL_MOMENTUM,research_simulation
20221101,000042,0.079,F04,RESIDUAL_MOMENTUM,research_simulation
20221101,000045,0.76,F04,RESIDUAL_MOMENTUM,research_simulation
20221101,000048,0.454,F04,RESIDUAL_MOMENTUM,research_simulation
20221101,000049,0.73,F04,RESIDUAL_MOMENTUM,research_simulation
20221101,000050,0.519,F04,RESIDUAL_MOMENTUM,research_simulation
20221101,000055,0.221,F04,RESIDUAL_MOMENTUM,research_simulation
20221101,000056,0.16,F04,RESIDUAL_MOMENTUM,research_simulation
20221101,000058,0.525,F04,RESIDUAL_MOMENTUM,research_simulation
20221101,000059,0.305,F04,RESIDUAL_MOMENTUM,research_simulation
20221101,000060,0.617,F04,RESIDUAL_MOMENTUM,research_simulation
20221101,000061,0.407,F04,RESIDUAL_MOMENTUM,research_simulation
20221101,000062,0.057,F04,RESIDUAL_MOMENTUM,research_simulation
20221101,000063,0.107,F04,RESIDUAL_MOMENTUM,research_simulation
20221101,000065,0.031,F04,RESIDUAL_MOMENTUM,research_simulation
20221101,000066,0.734,F04,RESIDUAL_MOMENTUM,research_simulation
20221101,000068,0.542,F04,RESIDUAL_MOMENTUM,research_simulation
20221101,000069,0.276,F04,RESIDUAL_MOMENTUM,research_simulation
20221101,000070,0.16,F04,RESIDUAL_MOMENTUM,research_simulation
20221101,000078,0.077,F04,RESIDUAL_MOMENTUM,research_simulation
20221101,000088,0.753,F04,RESIDUAL_MOMENTUM,research_simulation
20221101,000089,0.214,F04,RESIDUAL_MOMENTUM,research_simulation
20221101,000090,0.937,F04,RESIDUAL_MOMENTUM,research_simulation
20221101,000096,0.614,F04,RESIDUAL_MOMENTUM,research_simulation
20221101,000099,0.234,F04,RESIDUAL_MOMENTUM,research_simulation
20221101,000100,0.723,F04,RESIDUAL_MOMENTUM,research_simulation
20221101,000151,0.016,F04,RESIDUAL_MOMENTUM,research_simulation
20221101,000153,0.912,F04,RESIDUAL_MOMENTUM,research_simulation
20221101,000155,0.445,F04,RESIDUAL_MOMENTUM,research_simulation
20221101,000156,0.05,F04,RESIDUAL_MOMENTUM,research_simulation
20221101,000157,0.816,F04,RESIDUAL_MOMENTUM,research_simulation
20221101,000158,0.118,F04,RESIDUAL_MOMENTUM,research_simulation
20221101,000159,0.148,F04,RESIDUAL_MOMENTUM,research_simulation
20221101,000166,0.155,F04,RESIDUAL_MOMENTUM,research_simulation
20221101,000301,0.273,F04,RESIDUAL_MOMENTUM,research_simulation
20221101,000333,0.691,F04,RESIDUAL_MOMENTUM,research_simulation
20221101,000338,0.828,F04,RESIDUAL_MOMENTUM,research_simulation
20221101,000400,0.685,F04,RESIDUAL_MOMENTUM,research_simulation
20221101,000401,0.406,F04,RESIDUAL_MOMENTUM,research_simulation
20221101,000402,0.468,F04,RESIDUAL_MOMENTUM,research_simulation
20221101,000403,0.101,F04,RESIDUAL_MOMENTUM,research_simulation
20221101,000404,0.923,F04,RESIDUAL_MOMENTUM,research_simulation
20221101,000407,0.858,F04,RESIDUAL_MOMENTUM,research_simulation
20221101,000408,0.313,F04,RESIDUAL_MOMENTUM,research_simulation
20221101,000409,0.99,F04,RESIDUAL_MOMENTUM,research_simulation
20221101,000410,0.093,F04,RESIDUAL_MOMENTUM,research_simulation
20221101,000411,0.321,F04,RESIDUAL_MOMENTUM,research_simulation
20221101,000415,0.209,F04,RESIDUAL_MOMENTUM,research_simulation
20221101,000417,0.492,F04,RESIDUAL_MOMENTUM,research_simulation
20221101,000419,0.755,F04,RESIDUAL_MOMENTUM,research_simulation
20221101,000420,0.758,F04,RESIDUAL_MOMENTUM,research_simulation
20221101,000421,0.583,F04,RESIDUAL_MOMENTUM,research_simulation
20221101,000422,0.275,F04,RESIDUAL_MOMENTUM,research_simulation
20221101,000423,0.102,F04,RESIDUAL_MOMENTUM,research_simulation
20221101,000425,0.807,F04,RESIDUAL_MOMENTUM,research_simulation
20221101,000426,0.525,F04,RESIDUAL_MOMENTUM,research_simulation
20221101,000428,0.895,F04,RESIDUAL_MOMENTUM,research_simulation
20221101,000429,0.767,F04,RESIDUAL_MOMENTUM,research_simulation
20221101,000430,0.691,F04,RESIDUAL_MOMENTUM,research_simulation
20221101,000488,0.91,F04,RESIDUAL_MOMENTUM,research_simulation
20221101,000498,0.834,F04,RESIDUAL_MOMENTUM,research_simulation
20221101,000501,0.56,F04,RESIDUAL_MOMENTUM,research_simulation
20221101,000503,0.918,F04,RESIDUAL_MOMENTUM,research_simulation
20221101,000504,0.894,F04,RESIDUAL_MOMENTUM,research_simulation
20221101,000505,0.012,F04,RESIDUAL_MOMENTUM,research_simulation
20221101,000506,0.577,F04,RESIDUAL_MOMENTUM,research_simulation
20221101,000507,0.093,F04,RESIDUAL_MOMENTUM,research_simulation
20221101,000509,0.438,F04,RESIDUAL_MOMENTUM,research_simulation
20221101,000510,0.886,F04,RESIDUAL_MOMENTUM,research_simulation
20221101,000513,0.34,F04,RESIDUAL_MOMENTUM,research_simulation
20221101,000514,0.376,F04,RESIDUAL_MOMENTUM,research_simulation
20221101,000516,0.453,F04,RESIDUAL_MOMENTUM,research_simulation
20221201,000001,0.451,F04,RESIDUAL_MOMENTUM,research_simulation
20221201,000002,0.016,F04,RESIDUAL_MOMENTUM,research_simulation
20221201,000004,0.378,F04,RESIDUAL_MOMENTUM,research_simulation
20221201,000006,0.574,F04,RESIDUAL_MOMENTUM,research_simulation
20221201,000007,0.161,F04,RESIDUAL_MOMENTUM,research_simulation
20221201,000008,0.932,F04,RESIDUAL_MOMENTUM,research_simulation
20221201,000009,0.419,F04,RESIDUAL_MOMENTUM,research_simulation
20221201,000010,0.021,F04,RESIDUAL_MOMENTUM,research_simulation
20221201,000011,0.782,F04,RESIDUAL_MOMENTUM,research_simulation
20221201,000012,0.226,F04,RESIDUAL_MOMENTUM,research_simulation
20221201,000014,0.399,F04,RESIDUAL_MOMENTUM,research_simulation
20221201,000016,0.798,F04,RESIDUAL_MOMENTUM,research_simulation
20221201,000017,0.387,F04,RESIDUAL_MOMENTUM,research_simulation
20221201,000019,0.744,F04,RESIDUAL_MOMENTUM,research_simulation
20221201,000020,0.148,F04,RESIDUAL_MOMENTUM,research_simulation
20221201,000021,0.443,F04,RESIDUAL_MOMENTUM,research_simulation
20221201,000025,0.122,F04,RESIDUAL_MOMENTUM,research_simulation
20221201,000026,0.864,F04,RESIDUAL_MOMENTUM,research_simulation
20221201,000027,0.41,F04,RESIDUAL_MOMENTUM,research_simulation
20221201,000028,0.803,F04,RESIDUAL_MOMENTUM,research_simulation
20221201,000029,0.029,F04,RESIDUAL_MOMENTUM,research_simulation
20221201,000030,0.581,F04,RESIDUAL_MOMENTUM,research_simulation
20221201,000031,0.344,F04,RESIDUAL_MOMENTUM,research_simulation
20221201,000032,0.275,F04,RESIDUAL_MOMENTUM,research_simulation
20221201,000034,0.086,F04,RESIDUAL_MOMENTUM,research_simulation
20221201,000035,0.532,F04,RESIDUAL_MOMENTUM,research_simulation
20221201,000036,0.444,F04,RESIDUAL_MOMENTUM,research_simulation
20221201,000037,0.958,F04,RESIDUAL_MOMENTUM,research_simulation
20221201,000039,0.362,F04,RESIDUAL_MOMENTUM,research_simulation
20221201,000042,0.742,F04,RESIDUAL_MOMENTUM,research_simulation
20221201,000045,0.557,F04,RESIDUAL_MOMENTUM,research_simulation
20221201,000048,0.151,F04,RESIDUAL_MOMENTUM,research_simulation
20221201,000049,0.174,F04,RESIDUAL_MOMENTUM,research_simulation
20221201,000050,0.264,F04,RESIDUAL_MOMENTUM,research_simulation
20221201,000055,0.6,F04,RESIDUAL_MOMENTUM,research_simulation
20221201,000056,0.065,F04,RESIDUAL_MOMENTUM,research_simulation
20221201,000058,0.108,F04,RESIDUAL_MOMENTUM,research_simulation
20221201,000059,0.303,F04,RESIDUAL_MOMENTUM,research_simulation
20221201,000060,0.47,F04,RESIDUAL_MOMENTUM,research_simulation
20221201,000061,0.711,F04,RESIDUAL_MOMENTUM,research_simulation
20221201,000062,0.692,F04,RESIDUAL_MOMENTUM,research_simulation
20221201,000063,0.938,F04,RESIDUAL_MOMENTUM,research_simulation
20221201,000065,0.093,F04,RESIDUAL_MOMENTUM,research_simulation
20221201,000066,0.728,F04,RESIDUAL_MOMENTUM,research_simulation
20221201,000068,0.327,F04,RESIDUAL_MOMENTUM,research_simulation
20221201,000069,0.489,F04,RESIDUAL_MOMENTUM,research_simulation
20221201,000070,0.719,F04,RESIDUAL_MOMENTUM,research_simulation
20221201,000078,0.906,F04,RESIDUAL_MOMENTUM,research_simulation
20221201,000088,0.387,F04,RESIDUAL_MOMENTUM,research_simulation
20221201,000089,0.152,F04,RESIDUAL_MOMENTUM,research_simulation
20221201,000090,0.429,F04,RESIDUAL_MOMENTUM,research_simulation
20221201,000096,0.326,F04,RESIDUAL_MOMENTUM,research_simulation
20221201,000099,0.443,F04,RESIDUAL_MOMENTUM,research_simulation
20221201,000100,0.178,F04,RESIDUAL_MOMENTUM,research_simulation
20221201,000151,0.572,F04,RESIDUAL_MOMENTUM,research_simulation
20221201,000153,0.579,F04,RESIDUAL_MOMENTUM,research_simulation
20221201,000155,0.603,F04,RESIDUAL_MOMENTUM,research_simulation
20221201,000156,0.374,F04,RESIDUAL_MOMENTUM,research_simulation
20221201,000157,0.344,F04,RESIDUAL_MOMENTUM,research_simulation
20221201,000158,0.47,F04,RESIDUAL_MOMENTUM,research_simulation
20221201,000159,0.515,F04,RESIDUAL_MOMENTUM,research_simulation
20221201,000166,0.136,F04,RESIDUAL_MOMENTUM,research_simulation
20221201,000301,0.411,F04,RESIDUAL_MOMENTUM,research_simulation
20221201,000333,0.554,F04,RESIDUAL_MOMENTUM,research_simulation
20221201,000338,0.546,F04,RESIDUAL_MOMENTUM,research_simulation
20221201,000400,0.286,F04,RESIDUAL_MOMENTUM,research_simulation
20221201,000401,0.002,F04,RESIDUAL_MOMENTUM,research_simulation
20221201,000402,0.257,F04,RESIDUAL_MOMENTUM,research_simulation
20221201,000403,0.994,F04,RESIDUAL_MOMENTUM,research_simulation
20221201,000404,0.528,F04,RESIDUAL_MOMENTUM,research_simulation
20221201,000407,0.432,F04,RESIDUAL_MOMENTUM,research_simulation
20221201,000408,0.648,F04,RESIDUAL_MOMENTUM,research_simulation
20221201,000409,0.962,F04,RESIDUAL_MOMENTUM,research_simulation
20221201,000410,0.496,F04,RESIDUAL_MOMENTUM,research_simulation
20221201,000411,0.234,F04,RESIDUAL_MOMENTUM,research_simulation
20221201,000415,0.33,F04,RESIDUAL_MOMENTUM,research_simulation
20221201,000417,0.754,F04,RESIDUAL_MOMENTUM,research_simulation
20221201,000419,0.052,F04,RESIDUAL_MOMENTUM,research_simulation
20221201,000420,0.87,F04,RESIDUAL_MOMENTUM,research_simulation
20221201,000421,0.805,F04,RESIDUAL_MOMENTUM,research_simulation
20221201,000422,0.216,F04,RESIDUAL_MOMENTUM,research_simulation
20221201,000423,0.638,F04,RESIDUAL_MOMENTUM,research_simulation
20221201,000425,0.936,F04,RESIDUAL_MOMENTUM,research_simulation
20221201,000426,0.289,F04,RESIDUAL_MOMENTUM,research_simulation
20221201,000428,0.791,F04,RESIDUAL_MOMENTUM,research_simulation
20221201,000429,0.609,F04,RESIDUAL_MOMENTUM,research_simulation
20221201,000430,0.666,F04,RESIDUAL_MOMENTUM,research_simulation
20221201,000488,0.649,F04,RESIDUAL_MOMENTUM,research_simulation
20221201,000498,0.578,F04,RESIDUAL_MOMENTUM,research_simulation
20221201,000501,0.018,F04,RESIDUAL_MOMENTUM,research_simulation
20221201,000503,0.255,F04,RESIDUAL_MOMENTUM,research_simulation
20221201,000504,0.508,F04,RESIDUAL_MOMENTUM,research_simulation
20221201,000505,0.887,F04,RESIDUAL_MOMENTUM,research_simulation
20221201,000506,0.161,F04,RESIDUAL_MOMENTUM,research_simulation
20221201,000507,0.63,F04,RESIDUAL_MOMENTUM,research_simulation
20221201,000509,0.343,F04,RESIDUAL_MOMENTUM,research_simulation
20221201,000510,0.925,F04,RESIDUAL_MOMENTUM,research_simulation
20221201,000513,0.698,F04,RESIDUAL_MOMENTUM,research_simulation
20221201,000514,0.57,F04,RESIDUAL_MOMENTUM,research_simulation
20221201,000516,0.17,F04,RESIDUAL_MOMENTUM,research_simulation
20230101,000001,0.438,F04,RESIDUAL_MOMENTUM,research_simulation
20230101,000002,0.285,F04,RESIDUAL_MOMENTUM,research_simulation
20230101,000004,0.108,F04,RESIDUAL_MOMENTUM,research_simulation
20230101,000006,0.786,F04,RESIDUAL_MOMENTUM,research_simulation
20230101,000007,0.982,F04,RESIDUAL_MOMENTUM,research_simulation
20230101,000008,0.428,F04,RESIDUAL_MOMENTUM,research_simulation
20230101,000009,0.508,F04,RESIDUAL_MOMENTUM,research_simulation
20230101,000010,0.958,F04,RESIDUAL_MOMENTUM,research_simulation
20230101,000011,0.72,F04,RESIDUAL_MOMENTUM,research_simulation
20230101,000012,0.418,F04,RESIDUAL_MOMENTUM,research_simulation
20230101,000014,0.506,F04,RESIDUAL_MOMENTUM,research_simulation
20230101,000016,0.035,F04,RESIDUAL_MOMENTUM,research_simulation
20230101,000017,0.916,F04,RESIDUAL_MOMENTUM,research_simulation
20230101,000019,0.908,F04,RESIDUAL_MOMENTUM,research_simulation
20230101,000020,0.072,F04,RESIDUAL_MOMENTUM,research_simulation
20230101,000021,0.505,F04,RESIDUAL_MOMENTUM,research_simulation
20230101,000025,0.2,F04,RESIDUAL_MOMENTUM,research_simulation
20230101,000026,0.373,F04,RESIDUAL_MOMENTUM,research_simulation
20230101,000027,0.836,F04,RESIDUAL_MOMENTUM,research_simulation
20230101,000028,0.407,F04,RESIDUAL_MOMENTUM,research_simulation
20230101,000029,0.907,F04,RESIDUAL_MOMENTUM,research_simulation
20230101,000030,0.854,F04,RESIDUAL_MOMENTUM,research_simulation
20230101,000031,0.464,F04,RESIDUAL_MOMENTUM,research_simulation
20230101,000032,0.294,F04,RESIDUAL_MOMENTUM,research_simulation
20230101,000034,0.623,F04,RESIDUAL_MOMENTUM,research_simulation
20230101,000035,0.26,F04,RESIDUAL_MOMENTUM,research_simulation
20230101,000036,0.842,F04,RESIDUAL_MOMENTUM,research_simulation
20230101,000037,0.897,F04,RESIDUAL_MOMENTUM,research_simulation
20230101,000039,0.371,F04,RESIDUAL_MOMENTUM,research_simulation
20230101,000042,0.033,F04,RESIDUAL_MOMENTUM,research_simulation
20230101,000045,0.764,F04,RESIDUAL_MOMENTUM,research_simulation
20230101,000048,0.828,F04,RESIDUAL_MOMENTUM,research_simulation
20230101,000049,0.086,F04,RESIDUAL_MOMENTUM,research_simulation
20230101,000050,0.267,F04,RESIDUAL_MOMENTUM,research_simulation
20230101,000055,0.279,F04,RESIDUAL_MOMENTUM,research_simulation
20230101,000056,0.613,F04,RESIDUAL_MOMENTUM,research_simulation
20230101,000058,0.592,F04,RESIDUAL_MOMENTUM,research_simulation
20230101,000059,0.474,F04,RESIDUAL_MOMENTUM,research_simulation
20230101,000060,0.404,F04,RESIDUAL_MOMENTUM,research_simulation
20230101,000061,0.528,F04,RESIDUAL_MOMENTUM,research_simulation
20230101,000062,0.34,F04,RESIDUAL_MOMENTUM,research_simulation
20230101,000063,0.01,F04,RESIDUAL_MOMENTUM,research_simulation
20230101,000065,0.954,F04,RESIDUAL_MOMENTUM,research_simulation
20230101,000066,0.408,F04,RESIDUAL_MOMENTUM,research_simulation
20230101,000068,0.014,F04,RESIDUAL_MOMENTUM,research_simulation
20230101,000069,0.656,F04,RESIDUAL_MOMENTUM,research_simulation
20230101,000070,0.059,F04,RESIDUAL_MOMENTUM,research_simulation
20230101,000078,0.328,F04,RESIDUAL_MOMENTUM,research_simulation
20230101,000088,0.583,F04,RESIDUAL_MOMENTUM,research_simulation
20230101,000089,0.49,F04,RESIDUAL_MOMENTUM,research_simulation
20230101,000090,0.026,F04,RESIDUAL_MOMENTUM,research_simulation
20230101,000096,0.79,F04,RESIDUAL_MOMENTUM,research_simulation
20230101,000099,0.746,F04,RESIDUAL_MOMENTUM,research_simulation
20230101,000100,0.182,F04,RESIDUAL_MOMENTUM,research_simulation
20230101,000151,0.389,F04,RESIDUAL_MOMENTUM,research_simulation
20230101,000153,0.901,F04,RESIDUAL_MOMENTUM,research_simulation
20230101,000155,0.818,F04,RESIDUAL_MOMENTUM,research_simulation
20230101,000156,0.565,F04,RESIDUAL_MOMENTUM,research_simulation
20230101,000157,0.679,F04,RESIDUAL_MOMENTUM,research_simulation
20230101,000158,0.69,F04,RESIDUAL_MOMENTUM,research_simulation
20230101,000159,0.475,F04,RESIDUAL_MOMENTUM,research_simulation
20230101,000166,0.252,F04,RESIDUAL_MOMENTUM,research_simulation
20230101,000301,0.318,F04,RESIDUAL_MOMENTUM,research_simulation
20230101,000333,0.849,F04,RESIDUAL_MOMENTUM,research_simulation
20230101,000338,0.882,F04,RESIDUAL_MOMENTUM,research_simulation
20230101,000400,0.496,F04,RESIDUAL_MOMENTUM,research_simulation
20230101,000401,0.773,F04,RESIDUAL_MOMENTUM,research_simulation
20230101,000402,0.745,F04,RESIDUAL_MOMENTUM,research_simulation
20230101,000403,0.565,F04,RESIDUAL_MOMENTUM,research_simulation
20230101,000404,0.63,F04,RESIDUAL_MOMENTUM,research_simulation
20230101,000407,0.824,F04,RESIDUAL_MOMENTUM,research_simulation
20230101,000408,0.328,F04,RESIDUAL_MOMENTUM,research_simulation
20230101,000409,0.571,F04,RESIDUAL_MOMENTUM,research_simulation
20230101,000410,0.777,F04,RESIDUAL_MOMENTUM,research_simulation
20230101,000411,0.305,F04,RESIDUAL_MOMENTUM,research_simulation
20230101,000415,0.144,F04,RESIDUAL_MOMENTUM,research_simulation
20230101,000417,0.419,F04,RESIDUAL_MOMENTUM,research_simulation
20230101,000419,0.656,F04,RESIDUAL_MOMENTUM,research_simulation
20230101,000420,0.556,F04,RESIDUAL_MOMENTUM,research_simulation
20230101,000421,0.282,F04,RESIDUAL_MOMENTUM,research_simulation
20230101,000422,0.912,F04,RESIDUAL_MOMENTUM,research_simulation
20230101,000423,0.602,F04,RESIDUAL_MOMENTUM,research_simulation
20230101,000425,0.031,F04,RESIDUAL_MOMENTUM,research_simulation
20230101,000426,0.045,F04,RESIDUAL_MOMENTUM,research_simulation
20230101,000428,0.793,F04,RESIDUAL_MOMENTUM,research_simulation
20230101,000429,0.179,F04,RESIDUAL_MOMENTUM,research_simulation
20230101,000430,0.863,F04,RESIDUAL_MOMENTUM,research_simulation
20230101,000488,0.889,F04,RESIDUAL_MOMENTUM,research_simulation
20230101,000498,0.872,F04,RESIDUAL_MOMENTUM,research_simulation
20230101,000501,0.983,F04,RESIDUAL_MOMENTUM,research_simulation
20230101,000503,0.73,F04,RESIDUAL_MOMENTUM,research_simulation
20230101,000504,0.492,F04,RESIDUAL_MOMENTUM,research_simulation
20230101,000505,0.499,F04,RESIDUAL_MOMENTUM,research_simulation
20230101,000506,0.648,F04,RESIDUAL_MOMENTUM,research_simulation
20230101,000507,0.075,F04,RESIDUAL_MOMENTUM,research_simulation
20230101,000509,0.864,F04,RESIDUAL_MOMENTUM,research_simulation
20230101,000510,0.15,F04,RESIDUAL_MOMENTUM,research_simulation
20230101,000513,0.799,F04,RESIDUAL_MOMENTUM,research_simulation
20230101,000514,0.54,F04,RESIDUAL_MOMENTUM,research_simulation
20230101,000516,0.524,F04,RESIDUAL_MOMENTUM,research_simulation
20230301,000001,0.037,F04,RESIDUAL_MOMENTUM,research_simulation
20230301,000002,0.129,F04,RESIDUAL_MOMENTUM,research_simulation
20230301,000004,0.548,F04,RESIDUAL_MOMENTUM,research_simulation
20230301,000006,0.788,F04,RESIDUAL_MOMENTUM,research_simulation
20230301,000007,0.57,F04,RESIDUAL_MOMENTUM,research_simulation
20230301,000008,0.264,F04,RESIDUAL_MOMENTUM,research_simulation
20230301,000009,0.564,F04,RESIDUAL_MOMENTUM,research_simulation
20230301,000010,0.106,F04,RESIDUAL_MOMENTUM,research_simulation
20230301,000011,0.148,F04,RESIDUAL_MOMENTUM,research_simulation
20230301,000012,0.566,F04,RESIDUAL_MOMENTUM,research_simulation
20230301,000014,0.629,F04,RESIDUAL_MOMENTUM,research_simulation
20230301,000016,0.895,F04,RESIDUAL_MOMENTUM,research_simulation
20230301,000017,0.457,F04,RESIDUAL_MOMENTUM,research_simulation
20230301,000019,0.427,F04,RESIDUAL_MOMENTUM,research_simulation
20230301,000020,0.215,F04,RESIDUAL_MOMENTUM,research_simulation
20230301,000021,0.574,F04,RESIDUAL_MOMENTUM,research_simulation
20230301,000025,0.959,F04,RESIDUAL_MOMENTUM,research_simulation
20230301,000026,0.598,F04,RESIDUAL_MOMENTUM,research_simulation
20230301,000027,0.947,F04,RESIDUAL_MOMENTUM,research_simulation
20230301,000028,0.605,F04,RESIDUAL_MOMENTUM,research_simulation
20230301,000029,0.081,F04,RESIDUAL_MOMENTUM,research_simulation
20230301,000030,0.642,F04,RESIDUAL_MOMENTUM,research_simulation
20230301,000031,0.665,F04,RESIDUAL_MOMENTUM,research_simulation
20230301,000032,0.398,F04,RESIDUAL_MOMENTUM,research_simulation
20230301,000034,0.976,F04,RESIDUAL_MOMENTUM,research_simulation
20230301,000035,0.436,F04,RESIDUAL_MOMENTUM,research_simulation
20230301,000036,0.48,F04,RESIDUAL_MOMENTUM,research_simulation
20230301,000037,0.773,F04,RESIDUAL_MOMENTUM,research_simulation
20230301,000039,0.435,F04,RESIDUAL_MOMENTUM,research_simulation
20230301,000042,0.153,F04,RESIDUAL_MOMENTUM,research_simulation
20230301,000045,0.78,F04,RESIDUAL_MOMENTUM,research_simulation
20230301,000048,0.78,F04,RESIDUAL_MOMENTUM,research_simulation
20230301,000049,0.549,F04,RESIDUAL_MOMENTUM,research_simulation
20230301,000050,0.876,F04,RESIDUAL_MOMENTUM,research_simulation
20230301,000055,0.534,F04,RESIDUAL_MOMENTUM,research_simulation
20230301,000056,0.978,F04,RESIDUAL_MOMENTUM,research_simulation
20230301,000058,0.612,F04,RESIDUAL_MOMENTUM,research_simulation
20230301,000059,0.621,F04,RESIDUAL_MOMENTUM,research_simulation
20230301,000060,0.792,F04,RESIDUAL_MOMENTUM,research_simulation
20230301,000061,0.984,F04,RESIDUAL_MOMENTUM,research_simulation
20230301,000062,0.931,F04,RESIDUAL_MOMENTUM,research_simulation
20230301,000063,0.513,F04,RESIDUAL_MOMENTUM,research_simulation
20230301,000065,0.247,F04,RESIDUAL_MOMENTUM,research_simulation
20230301,000066,0.751,F04,RESIDUAL_MOMENTUM,research_simulation
20230301,000068,0.173,F04,RESIDUAL_MOMENTUM,research_simulation
20230301,000069,0.937,F04,RESIDUAL_MOMENTUM,research_simulation
20230301,000070,0.593,F04,RESIDUAL_MOMENTUM,research_simulation
20230301,000078,0.829,F04,RESIDUAL_MOMENTUM,research_simulation
20230301,000088,0.673,F04,RESIDUAL_MOMENTUM,research_simulation
20230301,000089,0.173,F04,RESIDUAL_MOMENTUM,research_simulation
20230301,000090,0.147,F04,RESIDUAL_MOMENTUM,research_simulation
20230301,000096,0.882,F04,RESIDUAL_MOMENTUM,research_simulation
20230301,000099,0.345,F04,RESIDUAL_MOMENTUM,research_simulation
20230301,000100,0.228,F04,RESIDUAL_MOMENTUM,research_simulation
20230301,000151,0.91,F04,RESIDUAL_MOMENTUM,research_simulation
20230301,000153,0.908,F04,RESIDUAL_MOMENTUM,research_simulation
20230301,000155,0.156,F04,RESIDUAL_MOMENTUM,research_simulation
20230301,000156,0.246,F04,RESIDUAL_MOMENTUM,research_simulation
20230301,000157,0.443,F04,RESIDUAL_MOMENTUM,research_simulation
20230301,000158,0.801,F04,RESIDUAL_MOMENTUM,research_simulation
20230301,000159,0.773,F04,RESIDUAL_MOMENTUM,research_simulation
20230301,000166,0.383,F04,RESIDUAL_MOMENTUM,research_simulation
20230301,000301,0.012,F04,RESIDUAL_MOMENTUM,research_simulation
20230301,000333,0.503,F04,RESIDUAL_MOMENTUM,research_simulation
20230301,000338,0.566,F04,RESIDUAL_MOMENTUM,research_simulation
20230301,000400,0.851,F04,RESIDUAL_MOMENTUM,research_simulation
20230301,000401,0.672,F04,RESIDUAL_MOMENTUM,research_simulation
20230301,000402,0.786,F04,RESIDUAL_MOMENTUM,research_simulation
20230301,000403,0.613,F04,RESIDUAL_MOMENTUM,research_simulation
20230301,000404,0.909,F04,RESIDUAL_MOMENTUM,research_simulation
20230301,000407,0.115,F04,RESIDUAL_MOMENTUM,research_simulation
20230301,000408,0.912,F04,RESIDUAL_MOMENTUM,research_simulation
20230301,000409,0.28,F04,RESIDUAL_MOMENTUM,research_simulation
20230301,000410,0.933,F04,RESIDUAL_MOMENTUM,research_simulation
20230301,000411,0.879,F04,RESIDUAL_MOMENTUM,research_simulation
20230301,000415,0.849,F04,RESIDUAL_MOMENTUM,research_simulation
20230301,000417,0.176,F04,RESIDUAL_MOMENTUM,research_simulation
20230301,000419,0.092,F04,RESIDUAL_MOMENTUM,research_simulation
20230301,000420,0.242,F04,RESIDUAL_MOMENTUM,research_simulation
20230301,000421,0.502,F04,RESIDUAL_MOMENTUM,research_simulation
20230301,000422,0.77,F04,RESIDUAL_MOMENTUM,research_simulation
20230301,000423,0.278,F04,RESIDUAL_MOMENTUM,research_simulation
20230301,000425,0.677,F04,RESIDUAL_MOMENTUM,research_simulation
20230301,000426,0.422,F04,RESIDUAL_MOMENTUM,research_simulation
20230301,000428,0.199,F04,RESIDUAL_MOMENTUM,research_simulation
20230301,000429,0.586,F04,RESIDUAL_MOMENTUM,research_simulation
20230301,000430,0.589,F04,RESIDUAL_MOMENTUM,research_simulation
20230301,000488,0.234,F04,RESIDUAL_MOMENTUM,research_simulation
20230301,000498,0.822,F04,RESIDUAL_MOMENTUM,research_simulation
20230301,000501,0.331,F04,RESIDUAL_MOMENTUM,research_simulation
20230301,000503,0.704,F04,RESIDUAL_MOMENTUM,research_simulation
20230301,000504,0.374,F04,RESIDUAL_MOMENTUM,research_simulation
20230301,000505,0.493,F04,RESIDUAL_MOMENTUM,research_simulation
20230301,000506,0.463,F04,RESIDUAL_MOMENTUM,research_simulation
20230301,000507,0.944,F04,RESIDUAL_MOMENTUM,research_simulation
20230301,000509,0.905,F04,RESIDUAL_MOMENTUM,research_simulation
20230301,000510,0.828,F04,RESIDUAL_MOMENTUM,research_simulation
20230301,000513,0.086,F04,RESIDUAL_MOMENTUM,research_simulation
20230301,000514,0.66,F04,RESIDUAL_MOMENTUM,research_simulation
20230301,000516,0.213,F04,RESIDUAL_MOMENTUM,research_simulation
20230501,000001,0.203,F04,RESIDUAL_MOMENTUM,research_simulation
20230501,000002,0.196,F04,RESIDUAL_MOMENTUM,research_simulation
20230501,000004,0.007,F04,RESIDUAL_MOMENTUM,research_simulation
20230501,000006,0.448,F04,RESIDUAL_MOMENTUM,research_simulation
20230501,000007,0.03,F04,RESIDUAL_MOMENTUM,research_simulation
20230501,000008,0.881,F04,RESIDUAL_MOMENTUM,research_simulation
20230501,000009,0.112,F04,RESIDUAL_MOMENTUM,research_simulation
20230501,000010,0.613,F04,RESIDUAL_MOMENTUM,research_simulation
20230501,000011,0.066,F04,RESIDUAL_MOMENTUM,research_simulation
20230501,000012,0.508,F04,RESIDUAL_MOMENTUM,research_simulation
20230501,000014,0.931,F04,RESIDUAL_MOMENTUM,research_simulation
20230501,000016,0.443,F04,RESIDUAL_MOMENTUM,research_simulation
20230501,000017,0.654,F04,RESIDUAL_MOMENTUM,research_simulation
20230501,000019,0.56,F04,RESIDUAL_MOMENTUM,research_simulation
20230501,000020,0.239,F04,RESIDUAL_MOMENTUM,research_simulation
20230501,000021,0.014,F04,RESIDUAL_MOMENTUM,research_simulation
20230501,000025,0.11,F04,RESIDUAL_MOMENTUM,research_simulation
20230501,000026,0.266,F04,RESIDUAL_MOMENTUM,research_simulation
20230501,000027,0.996,F04,RESIDUAL_MOMENTUM,research_simulation
20230501,000028,0.822,F04,RESIDUAL_MOMENTUM,research_simulation
20230501,000029,0.689,F04,RESIDUAL_MOMENTUM,research_simulation
20230501,000030,0.131,F04,RESIDUAL_MOMENTUM,research_simulation
20230501,000031,0.047,F04,RESIDUAL_MOMENTUM,research_simulation
20230501,000032,0.315,F04,RESIDUAL_MOMENTUM,research_simulation
20230501,000034,0.277,F04,RESIDUAL_MOMENTUM,research_simulation
20230501,000035,0.361,F04,RESIDUAL_MOMENTUM,research_simulation
20230501,000036,0.185,F04,RESIDUAL_MOMENTUM,research_simulation
20230501,000037,0.656,F04,RESIDUAL_MOMENTUM,research_simulation
20230501,000039,0.523,F04,RESIDUAL_MOMENTUM,research_simulation
20230501,000042,0.632,F04,RESIDUAL_MOMENTUM,research_simulation
20230501,000045,0.914,F04,RESIDUAL_MOMENTUM,research_simulation
20230501,000048,0.884,F04,RESIDUAL_MOMENTUM,research_simulation
20230501,000049,0.546,F04,RESIDUAL_MOMENTUM,research_simulation
20230501,000050,0.802,F04,RESIDUAL_MOMENTUM,research_simulation
20230501,000055,0.111,F04,RESIDUAL_MOMENTUM,research_simulation
20230501,000056,0.628,F04,RESIDUAL_MOMENTUM,research_simulation
20230501,000058,0.636,F04,RESIDUAL_MOMENTUM,research_simulation
20230501,000059,0.08,F04,RESIDUAL_MOMENTUM,research_simulation
20230501,000060,0.906,F04,RESIDUAL_MOMENTUM,research_simulation
20230501,000061,0.076,F04,RESIDUAL_MOMENTUM,research_simulation
20230501,000062,0.788,F04,RESIDUAL_MOMENTUM,research_simulation
20230501,000063,0.756,F04,RESIDUAL_MOMENTUM,research_simulation
20230501,000065,0.031,F04,RESIDUAL_MOMENTUM,research_simulation
20230501,000066,0.249,F04,RESIDUAL_MOMENTUM,research_simulation
20230501,000068,0.447,F04,RESIDUAL_MOMENTUM,research_simulation
20230501,000069,0.383,F04,RESIDUAL_MOMENTUM,research_simulation
20230501,000070,0.104,F04,RESIDUAL_MOMENTUM,research_simulation
20230501,000078,0.502,F04,RESIDUAL_MOMENTUM,research_simulation
20230501,000088,0.357,F04,RESIDUAL_MOMENTUM,research_simulation
20230501,000089,0.004,F04,RESIDUAL_MOMENTUM,research_simulation
20230501,000090,0.647,F04,RESIDUAL_MOMENTUM,research_simulation
20230501,000096,0.1,F04,RESIDUAL_MOMENTUM,research_simulation
20230501,000099,0.524,F04,RESIDUAL_MOMENTUM,research_simulation
20230501,000100,0.745,F04,RESIDUAL_MOMENTUM,research_simulation
20230501,000151,0.389,F04,RESIDUAL_MOMENTUM,research_simulation
20230501,000153,0.559,F04,RESIDUAL_MOMENTUM,research_simulation
20230501,000155,0.762,F04,RESIDUAL_MOMENTUM,research_simulation
20230501,000156,0.18,F04,RESIDUAL_MOMENTUM,research_simulation
20230501,000157,0.756,F04,RESIDUAL_MOMENTUM,research_simulation
20230501,000158,0.421,F04,RESIDUAL_MOMENTUM,research_simulation
20230501,000159,0.735,F04,RESIDUAL_MOMENTUM,research_simulation
20230501,000166,0.643,F04,RESIDUAL_MOMENTUM,research_simulation
20230501,000301,0.6,F04,RESIDUAL_MOMENTUM,research_simulation
20230501,000333,0.101,F04,RESIDUAL_MOMENTUM,research_simulation
20230501,000338,0.116,F04,RESIDUAL_MOMENTUM,research_simulation
20230501,000400,0.939,F04,RESIDUAL_MOMENTUM,research_simulation
20230501,000401,0.619,F04,RESIDUAL_MOMENTUM,research_simulation
20230501,000402,0.145,F04,RESIDUAL_MOMENTUM,research_simulation
20230501,000403,0.791,F04,RESIDUAL_MOMENTUM,research_simulation
20230501,000404,0.152,F04,RESIDUAL_MOMENTUM,research_simulation
20230501,000407,0.889,F04,RESIDUAL_MOMENTUM,research_simulation
20230501,000408,0.47,F04,RESIDUAL_MOMENTUM,research_simulation
20230501,000409,0.964,F04,RESIDUAL_MOMENTUM,research_simulation
20230501,000410,0.703,F04,RESIDUAL_MOMENTUM,research_simulation
20230501,000411,0.063,F04,RESIDUAL_MOMENTUM,research_simulation
20230501,000415,0.76,F04,RESIDUAL_MOMENTUM,research_simulation
20230501,000417,0.113,F04,RESIDUAL_MOMENTUM,research_simulation
20230501,000419,0.346,F04,RESIDUAL_MOMENTUM,research_simulation
20230501,000420,0.034,F04,RESIDUAL_MOMENTUM,research_simulation
20230501,000421,0.123,F04,RESIDUAL_MOMENTUM,research_simulation
20230501,000422,0.271,F04,RESIDUAL_MOMENTUM,research_simulation
20230501,000423,0.121,F04,RESIDUAL_MOMENTUM,research_simulation
20230501,000425,0.174,F04,RESIDUAL_MOMENTUM,research_simulation
20230501,000426,0.58,F04,RESIDUAL_MOMENTUM,research_simulation
20230501,000428,0.15,F04,RESIDUAL_MOMENTUM,research_simulation
20230501,000429,0.719,F04,RESIDUAL_MOMENTUM,research_simulation
20230501,000430,0.856,F04,RESIDUAL_MOMENTUM,research_simulation
20230501,000488,0.383,F04,RESIDUAL_MOMENTUM,research_simulation
20230501,000498,0.283,F04,RESIDUAL_MOMENTUM,research_simulation
20230501,000501,0.412,F04,RESIDUAL_MOMENTUM,research_simulation
20230501,000503,0.417,F04,RESIDUAL_MOMENTUM,research_simulation
20230501,000504,0.094,F04,RESIDUAL_MOMENTUM,research_simulation
20230501,000505,0.342,F04,RESIDUAL_MOMENTUM,research_simulation
20230501,000506,0.483,F04,RESIDUAL_MOMENTUM,research_simulation
20230501,000507,0.374,F04,RESIDUAL_MOMENTUM,research_simulation
20230501,000509,0.197,F04,RESIDUAL_MOMENTUM,research_simulation
20230501,000510,0.874,F04,RESIDUAL_MOMENTUM,research_simulation
20230501,000513,0.1,F04,RESIDUAL_MOMENTUM,research_simulation
20230501,000514,0.886,F04,RESIDUAL_MOMENTUM,research_simulation
20230501,000516,0.596,F04,RESIDUAL_MOMENTUM,research_simulation
20230601,000001,0.637,F04,RESIDUAL_MOMENTUM,research_simulation
20230601,000002,0.028,F04,RESIDUAL_MOMENTUM,research_simulation
20230601,000004,0.971,F04,RESIDUAL_MOMENTUM,research_simulation
20230601,000006,0.52,F04,RESIDUAL_MOMENTUM,research_simulation
20230601,000007,0.621,F04,RESIDUAL_MOMENTUM,research_simulation
20230601,000008,0.211,F04,RESIDUAL_MOMENTUM,research_simulation
20230601,000009,0.908,F04,RESIDUAL_MOMENTUM,research_simulation
20230601,000010,0.959,F04,RESIDUAL_MOMENTUM,research_simulation
20230601,000011,0.504,F04,RESIDUAL_MOMENTUM,research_simulation
20230601,000012,0.54,F04,RESIDUAL_MOMENTUM,research_simulation
20230601,000014,0.442,F04,RESIDUAL_MOMENTUM,research_simulation
20230601,000016,0.594,F04,RESIDUAL_MOMENTUM,research_simulation
20230601,000017,0.75,F04,RESIDUAL_MOMENTUM,research_simulation
20230601,000019,0.126,F04,RESIDUAL_MOMENTUM,research_simulation
20230601,000020,0.51,F04,RESIDUAL_MOMENTUM,research_simulation
20230601,000021,0.197,F04,RESIDUAL_MOMENTUM,research_simulation
20230601,000025,0.963,F04,RESIDUAL_MOMENTUM,research_simulation
20230601,000026,0.332,F04,RESIDUAL_MOMENTUM,research_simulation
20230601,000027,0.96,F04,RESIDUAL_MOMENTUM,research_simulation
20230601,000028,0.23,F04,RESIDUAL_MOMENTUM,research_simulation
20230601,000029,0.115,F04,RESIDUAL_MOMENTUM,research_simulation
20230601,000030,0.098,F04,RESIDUAL_MOMENTUM,research_simulation
20230601,000031,0.421,F04,RESIDUAL_MOMENTUM,research_simulation
20230601,000032,0.337,F04,RESIDUAL_MOMENTUM,research_simulation
20230601,000034,0.405,F04,RESIDUAL_MOMENTUM,research_simulation
20230601,000035,0.323,F04,RESIDUAL_MOMENTUM,research_simulation
20230601,000036,0.246,F04,RESIDUAL_MOMENTUM,research_simulation
20230601,000037,0.261,F04,RESIDUAL_MOMENTUM,research_simulation
20230601,000039,0.03,F04,RESIDUAL_MOMENTUM,research_simulation
20230601,000042,0.167,F04,RESIDUAL_MOMENTUM,research_simulation
20230601,000045,0.201,F04,RESIDUAL_MOMENTUM,research_simulation
20230601,000048,0.01,F04,RESIDUAL_MOMENTUM,research_simulation
20230601,000049,0.526,F04,RESIDUAL_MOMENTUM,research_simulation
20230601,000050,0.599,F04,RESIDUAL_MOMENTUM,research_simulation
20230601,000055,0.662,F04,RESIDUAL_MOMENTUM,research_simulation
20230601,000056,0.314,F04,RESIDUAL_MOMENTUM,research_simulation
20230601,000058,0.848,F04,RESIDUAL_MOMENTUM,research_simulation
20230601,000059,0.852,F04,RESIDUAL_MOMENTUM,research_simulation
20230601,000060,0.541,F04,RESIDUAL_MOMENTUM,research_simulation
20230601,000061,0.244,F04,RESIDUAL_MOMENTUM,research_simulation
20230601,000062,0.863,F04,RESIDUAL_MOMENTUM,research_simulation
20230601,000063,0.749,F04,RESIDUAL_MOMENTUM,research_simulation
20230601,000065,0.751,F04,RESIDUAL_MOMENTUM,research_simulation
20230601,000066,0.317,F04,RESIDUAL_MOMENTUM,research_simulation
20230601,000068,0.223,F04,RESIDUAL_MOMENTUM,research_simulation
20230601,000069,0.222,F04,RESIDUAL_MOMENTUM,research_simulation
20230601,000070,0.953,F04,RESIDUAL_MOMENTUM,research_simulation
20230601,000078,0.135,F04,RESIDUAL_MOMENTUM,research_simulation
20230601,000088,0.351,F04,RESIDUAL_MOMENTUM,research_simulation
20230601,000089,0.635,F04,RESIDUAL_MOMENTUM,research_simulation
20230601,000090,0.904,F04,RESIDUAL_MOMENTUM,research_simulation
20230601,000096,0.088,F04,RESIDUAL_MOMENTUM,research_simulation
20230601,000099,0.343,F04,RESIDUAL_MOMENTUM,research_simulation
20230601,000100,0.022,F04,RESIDUAL_MOMENTUM,research_simulation
20230601,000151,0.766,F04,RESIDUAL_MOMENTUM,research_simulation
20230601,000153,0.658,F04,RESIDUAL_MOMENTUM,research_simulation
20230601,000155,0.819,F04,RESIDUAL_MOMENTUM,research_simulation
20230601,000156,0.863,F04,RESIDUAL_MOMENTUM,research_simulation
20230601,000157,0.15,F04,RESIDUAL_MOMENTUM,research_simulation
20230601,000158,0.408,F04,RESIDUAL_MOMENTUM,research_simulation
20230601,000159,0.583,F04,RESIDUAL_MOMENTUM,research_simulation
20230601,000166,0.816,F04,RESIDUAL_MOMENTUM,research_simulation
20230601,000301,0.13,F04,RESIDUAL_MOMENTUM,research_simulation
20230601,000333,0.904,F04,RESIDUAL_MOMENTUM,research_simulation
20230601,000338,0.849,F04,RESIDUAL_MOMENTUM,research_simulation
20230601,000400,0.589,F04,RESIDUAL_MOMENTUM,research_simulation
20230601,000401,0.186,F04,RESIDUAL_MOMENTUM,research_simulation
20230601,000402,0.003,F04,RESIDUAL_MOMENTUM,research_simulation
20230601,000403,0.102,F04,RESIDUAL_MOMENTUM,research_simulation
20230601,000404,0.227,F04,RESIDUAL_MOMENTUM,research_simulation
20230601,000407,0.375,F04,RESIDUAL_MOMENTUM,research_simulation
20230601,000408,0.349,F04,RESIDUAL_MOMENTUM,research_simulation
20230601,000409,0.459,F04,RESIDUAL_MOMENTUM,research_simulation
20230601,000410,0.364,F04,RESIDUAL_MOMENTUM,research_simulation
20230601,000411,0.271,F04,RESIDUAL_MOMENTUM,research_simulation
20230601,000415,0.205,F04,RESIDUAL_MOMENTUM,research_simulation
20230601,000417,0.222,F04,RESIDUAL_MOMENTUM,research_simulation
20230601,000419,0.566,F04,RESIDUAL_MOMENTUM,research_simulation
20230601,000420,0.839,F04,RESIDUAL_MOMENTUM,research_simulation
20230601,000421,0.277,F04,RESIDUAL_MOMENTUM,research_simulation
20230601,000422,0.873,F04,RESIDUAL_MOMENTUM,research_simulation
20230601,000423,0.236,F04,RESIDUAL_MOMENTUM,research_simulation
20230601,000425,0.162,F04,RESIDUAL_MOMENTUM,research_simulation
20230601,000426,0.112,F04,RESIDUAL_MOMENTUM,research_simulation
20230601,000428,0.714,F04,RESIDUAL_MOMENTUM,research_simulation
20230601,000429,0.671,F04,RESIDUAL_MOMENTUM,research_simulation
20230601,000430,0.634,F04,RESIDUAL_MOMENTUM,research_simulation
20230601,000488,0.653,F04,RESIDUAL_MOMENTUM,research_simulation
20230601,000498,0.518,F04,RESIDUAL_MOMENTUM,research_simulation
20230601,000501,0.173,F04,RESIDUAL_MOMENTUM,research_simulation
20230601,000503,0.139,F04,RESIDUAL_MOMENTUM,research_simulation
20230601,000504,0.001,F04,RESIDUAL_MOMENTUM,research_simulation
20230601,000505,0.636,F04,RESIDUAL_MOMENTUM,research_simulation
20230601,000506,0.556,F04,RESIDUAL_MOMENTUM,research_simulation
20230601,000507,0.732,F04,RESIDUAL_MOMENTUM,research_simulation
20230601,000509,0.563,F04,RESIDUAL_MOMENTUM,research_simulation
20230601,000510,0.182,F04,RESIDUAL_MOMENTUM,research_simulation
20230601,000513,0.134,F04,RESIDUAL_MOMENTUM,research_simulation
20230601,000514,0.543,F04,RESIDUAL_MOMENTUM,research_simulation
20230601,000516,0.793,F04,RESIDUAL_MOMENTUM,research_simulation
20230801,000001,0.647,F04,RESIDUAL_MOMENTUM,research_simulation
20230801,000002,0.382,F04,RESIDUAL_MOMENTUM,research_simulation
20230801,000004,0.588,F04,RESIDUAL_MOMENTUM,research_simulation
20230801,000006,0.463,F04,RESIDUAL_MOMENTUM,research_simulation
20230801,000007,0.76,F04,RESIDUAL_MOMENTUM,research_simulation
20230801,000008,0.272,F04,RESIDUAL_MOMENTUM,research_simulation
20230801,000009,0.742,F04,RESIDUAL_MOMENTUM,research_simulation
20230801,000010,0.177,F04,RESIDUAL_MOMENTUM,research_simulation
20230801,000011,0.368,F04,RESIDUAL_MOMENTUM,research_simulation
20230801,000012,0.806,F04,RESIDUAL_MOMENTUM,research_simulation
20230801,000014,0.409,F04,RESIDUAL_MOMENTUM,research_simulation
20230801,000016,0.836,F04,RESIDUAL_MOMENTUM,research_simulation
20230801,000017,0.602,F04,RESIDUAL_MOMENTUM,research_simulation
20230801,000019,0.417,F04,RESIDUAL_MOMENTUM,research_simulation
20230801,000020,0.787,F04,RESIDUAL_MOMENTUM,research_simulation
20230801,000021,0.241,F04,RESIDUAL_MOMENTUM,research_simulation
20230801,000025,0.105,F04,RESIDUAL_MOMENTUM,research_simulation
20230801,000026,0.936,F04,RESIDUAL_MOMENTUM,research_simulation
20230801,000027,0.125,F04,RESIDUAL_MOMENTUM,research_simulation
20230801,000028,0.616,F04,RESIDUAL_MOMENTUM,research_simulation
20230801,000029,0.347,F04,RESIDUAL_MOMENTUM,research_simulation
20230801,000030,0.295,F04,RESIDUAL_MOMENTUM,research_simulation
20230801,000031,0.598,F04,RESIDUAL_MOMENTUM,research_simulation
20230801,000032,0.947,F04,RESIDUAL_MOMENTUM,research_simulation
20230801,000034,0.68,F04,RESIDUAL_MOMENTUM,research_simulation
20230801,000035,0.948,F04,RESIDUAL_MOMENTUM,research_simulation
20230801,000036,0.081,F04,RESIDUAL_MOMENTUM,research_simulation
20230801,000037,0.987,F04,RESIDUAL_MOMENTUM,research_simulation
20230801,000039,0.911,F04,RESIDUAL_MOMENTUM,research_simulation
20230801,000042,0.922,F04,RESIDUAL_MOMENTUM,research_simulation
20230801,000045,0.304,F04,RESIDUAL_MOMENTUM,research_simulation
20230801,000048,0.974,F04,RESIDUAL_MOMENTUM,research_simulation
20230801,000049,0.511,F04,RESIDUAL_MOMENTUM,research_simulation
20230801,000050,0.619,F04,RESIDUAL_MOMENTUM,research_simulation
20230801,000055,0.368,F04,RESIDUAL_MOMENTUM,research_simulation
20230801,000056,0.84,F04,RESIDUAL_MOMENTUM,research_simulation
20230801,000058,0.172,F04,RESIDUAL_MOMENTUM,research_simulation
20230801,000059,0.598,F04,RESIDUAL_MOMENTUM,research_simulation
20230801,000060,0.049,F04,RESIDUAL_MOMENTUM,research_simulation
20230801,000061,0.906,F04,RESIDUAL_MOMENTUM,research_simulation
20230801,000062,0.999,F04,RESIDUAL_MOMENTUM,research_simulation
20230801,000063,0.288,F04,RESIDUAL_MOMENTUM,research_simulation
20230801,000065,0.109,F04,RESIDUAL_MOMENTUM,research_simulation
20230801,000066,0.215,F04,RESIDUAL_MOMENTUM,research_simulation
20230801,000068,0.124,F04,RESIDUAL_MOMENTUM,research_simulation
20230801,000069,0.195,F04,RESIDUAL_MOMENTUM,research_simulation
20230801,000070,0.611,F04,RESIDUAL_MOMENTUM,research_simulation
20230801,000078,0.293,F04,RESIDUAL_MOMENTUM,research_simulation
20230801,000088,0.62,F04,RESIDUAL_MOMENTUM,research_simulation
20230801,000089,0.243,F04,RESIDUAL_MOMENTUM,research_simulation
20230801,000090,0.575,F04,RESIDUAL_MOMENTUM,research_simulation
20230801,000096,0.291,F04,RESIDUAL_MOMENTUM,research_simulation
20230801,000099,0.752,F04,RESIDUAL_MOMENTUM,research_simulation
20230801,000100,0.892,F04,RESIDUAL_MOMENTUM,research_simulation
20230801,000151,0.727,F04,RESIDUAL_MOMENTUM,research_simulation
20230801,000153,0.742,F04,RESIDUAL_MOMENTUM,research_simulation
20230801,000155,0.137,F04,RESIDUAL_MOMENTUM,research_simulation
20230801,000156,0.285,F04,RESIDUAL_MOMENTUM,research_simulation
20230801,000157,0.768,F04,RESIDUAL_MOMENTUM,research_simulation
20230801,000158,0.738,F04,RESIDUAL_MOMENTUM,research_simulation
20230801,000159,0.158,F04,RESIDUAL_MOMENTUM,research_simulation
20230801,000166,0.644,F04,RESIDUAL_MOMENTUM,research_simulation
20230801,000301,0.777,F04,RESIDUAL_MOMENTUM,research_simulation
20230801,000333,0.937,F04,RESIDUAL_MOMENTUM,research_simulation
20230801,000338,0.337,F04,RESIDUAL_MOMENTUM,research_simulation
20230801,000400,0.704,F04,RESIDUAL_MOMENTUM,research_simulation
20230801,000401,0.604,F04,RESIDUAL_MOMENTUM,research_simulation
20230801,000402,0.894,F04,RESIDUAL_MOMENTUM,research_simulation
20230801,000403,0.7,F04,RESIDUAL_MOMENTUM,research_simulation
20230801,000404,0.168,F04,RESIDUAL_MOMENTUM,research_simulation
20230801,000407,0.875,F04,RESIDUAL_MOMENTUM,research_simulation
20230801,000408,0.297,F04,RESIDUAL_MOMENTUM,research_simulation
20230801,000409,0.936,F04,RESIDUAL_MOMENTUM,research_simulation
20230801,000410,0.527,F04,RESIDUAL_MOMENTUM,research_simulation
20230801,000411,0.564,F04,RESIDUAL_MOMENTUM,research_simulation
20230801,000415,0.211,F04,RESIDUAL_MOMENTUM,research_simulation
20230801,000417,0.333,F04,RESIDUAL_MOMENTUM,research_simulation
20230801,000419,0.654,F04,RESIDUAL_MOMENTUM,research_simulation
20230801,000420,0.475,F04,RESIDUAL_MOMENTUM,research_simulation
20230801,000421,0.323,F04,RESIDUAL_MOMENTUM,research_simulation
20230801,000422,0.922,F04,RESIDUAL_MOMENTUM,research_simulation
20230801,000423,0.971,F04,RESIDUAL_MOMENTUM,research_simulation
20230801,000425,0.1,F04,RESIDUAL_MOMENTUM,research_simulation
20230801,000426,0.138,F04,RESIDUAL_MOMENTUM,research_simulation
20230801,000428,0.1,F04,RESIDUAL_MOMENTUM,research_simulation
20230801,000429,0.658,F04,RESIDUAL_MOMENTUM,research_simulation
20230801,000430,0.513,F04,RESIDUAL_MOMENTUM,research_simulation
20230801,000488,0.252,F04,RESIDUAL_MOMENTUM,research_simulation
20230801,000498,0.019,F04,RESIDUAL_MOMENTUM,research_simulation
20230801,000501,0.473,F04,RESIDUAL_MOMENTUM,research_simulation
20230801,000503,0.089,F04,RESIDUAL_MOMENTUM,research_simulation
20230801,000504,0.486,F04,RESIDUAL_MOMENTUM,research_simulation
20230801,000505,0.592,F04,RESIDUAL_MOMENTUM,research_simulation
20230801,000506,0.449,F04,RESIDUAL_MOMENTUM,research_simulation
20230801,000507,0.777,F04,RESIDUAL_MOMENTUM,research_simulation
20230801,000509,0.445,F04,RESIDUAL_MOMENTUM,research_simulation
20230801,000510,0.636,F04,RESIDUAL_MOMENTUM,research_simulation
20230801,000513,0.903,F04,RESIDUAL_MOMENTUM,research_simulation
20230801,000514,0.554,F04,RESIDUAL_MOMENTUM,research_simulation
20230801,000516,0.22,F04,RESIDUAL_MOMENTUM,research_simulation
20230901,000001,0.658,F04,RESIDUAL_MOMENTUM,research_simulation
20230901,000002,0.506,F04,RESIDUAL_MOMENTUM,research_simulation
20230901,000004,0.648,F04,RESIDUAL_MOMENTUM,research_simulation
20230901,000006,0.284,F04,RESIDUAL_MOMENTUM,research_simulation
20230901,000007,0.059,F04,RESIDUAL_MOMENTUM,research_simulation
20230901,000008,0.987,F04,RESIDUAL_MOMENTUM,research_simulation
20230901,000009,0.847,F04,RESIDUAL_MOMENTUM,research_simulation
20230901,000010,0.036,F04,RESIDUAL_MOMENTUM,research_simulation
20230901,000011,0.526,F04,RESIDUAL_MOMENTUM,research_simulation
20230901,000012,0.498,F04,RESIDUAL_MOMENTUM,research_simulation
20230901,000014,0.085,F04,RESIDUAL_MOMENTUM,research_simulation
20230901,000016,0.025,F04,RESIDUAL_MOMENTUM,research_simulation
20230901,000017,0.224,F04,RESIDUAL_MOMENTUM,research_simulation
20230901,000019,0.921,F04,RESIDUAL_MOMENTUM,research_simulation
20230901,000020,0.624,F04,RESIDUAL_MOMENTUM,research_simulation
20230901,000021,0.746,F04,RESIDUAL_MOMENTUM,research_simulation
20230901,000025,0.393,F04,RESIDUAL_MOMENTUM,research_simulation
20230901,000026,0.45,F04,RESIDUAL_MOMENTUM,research_simulation
20230901,000027,0.188,F04,RESIDUAL_MOMENTUM,research_simulation
20230901,000028,0.598,F04,RESIDUAL_MOMENTUM,research_simulation
20230901,000029,0.121,F04,RESIDUAL_MOMENTUM,research_simulation
20230901,000030,0.483,F04,RESIDUAL_MOMENTUM,research_simulation
20230901,000031,0.654,F04,RESIDUAL_MOMENTUM,research_simulation
20230901,000032,0.994,F04,RESIDUAL_MOMENTUM,research_simulation
20230901,000034,0.138,F04,RESIDUAL_MOMENTUM,research_simulation
20230901,000035,0.005,F04,RESIDUAL_MOMENTUM,research_simulation
20230901,000036,0.374,F04,RESIDUAL_MOMENTUM,research_simulation
20230901,000037,0.886,F04,RESIDUAL_MOMENTUM,research_simulation
20230901,000039,0.594,F04,RESIDUAL_MOMENTUM,research_simulation
20230901,000042,0.869,F04,RESIDUAL_MOMENTUM,research_simulation
20230901,000045,0.982,F04,RESIDUAL_MOMENTUM,research_simulation
20230901,000048,0.822,F04,RESIDUAL_MOMENTUM,research_simulation
20230901,000049,0.712,F04,RESIDUAL_MOMENTUM,research_simulation
20230901,000050,0.347,F04,RESIDUAL_MOMENTUM,research_simulation
20230901,000055,0.724,F04,RESIDUAL_MOMENTUM,research_simulation
20230901,000056,0.534,F04,RESIDUAL_MOMENTUM,research_simulation
20230901,000058,0.767,F04,RESIDUAL_MOMENTUM,research_simulation
20230901,000059,0.573,F04,RESIDUAL_MOMENTUM,research_simulation
20230901,000060,0.244,F04,RESIDUAL_MOMENTUM,research_simulation
20230901,000061,0.424,F04,RESIDUAL_MOMENTUM,research_simulation
20230901,000062,0.049,F04,RESIDUAL_MOMENTUM,research_simulation
20230901,000063,0.454,F04,RESIDUAL_MOMENTUM,research_simulation
20230901,000065,0.501,F04,RESIDUAL_MOMENTUM,research_simulation
20230901,000066,0.04,F04,RESIDUAL_MOMENTUM,research_simulation
20230901,000068,0.882,F04,RESIDUAL_MOMENTUM,research_simulation
20230901,000069,0.447,F04,RESIDUAL_MOMENTUM,research_simulation
20230901,000070,0.398,F04,RESIDUAL_MOMENTUM,research_simulation
20230901,000078,0.813,F04,RESIDUAL_MOMENTUM,research_simulation
20230901,000088,0.944,F04,RESIDUAL_MOMENTUM,research_simulation
20230901,000089,0.832,F04,RESIDUAL_MOMENTUM,research_simulation
20230901,000090,0.266,F04,RESIDUAL_MOMENTUM,research_simulation
20230901,000096,0.57,F04,RESIDUAL_MOMENTUM,research_simulation
20230901,000099,0.471,F04,RESIDUAL_MOMENTUM,research_simulation
20230901,000100,0.194,F04,RESIDUAL_MOMENTUM,research_simulation
20230901,000151,0.648,F04,RESIDUAL_MOMENTUM,research_simulation
20230901,000153,0.092,F04,RESIDUAL_MOMENTUM,research_simulation
20230901,000155,0.952,F04,RESIDUAL_MOMENTUM,research_simulation
20230901,000156,0.442,F04,RESIDUAL_MOMENTUM,research_simulation
20230901,000157,0.02,F04,RESIDUAL_MOMENTUM,research_simulation
20230901,000158,0.0,F04,RESIDUAL_MOMENTUM,research_simulation
20230901,000159,0.176,F04,RESIDUAL_MOMENTUM,research_simulation
20230901,000166,0.606,F04,RESIDUAL_MOMENTUM,research_simulation
20230901,000301,0.476,F04,RESIDUAL_MOMENTUM,research_simulation
20230901,000333,0.685,F04,RESIDUAL_MOMENTUM,research_simulation
20230901,000338,0.547,F04,RESIDUAL_MOMENTUM,research_simulation
20230901,000400,0.383,F04,RESIDUAL_MOMENTUM,research_simulation
20230901,000401,0.88,F04,RESIDUAL_MOMENTUM,research_simulation
20230901,000402,0.779,F04,RESIDUAL_MOMENTUM,research_simulation
20230901,000403,0.678,F04,RESIDUAL_MOMENTUM,research_simulation
20230901,000404,0.731,F04,RESIDUAL_MOMENTUM,research_simulation
20230901,000407,0.006,F04,RESIDUAL_MOMENTUM,research_simulation
20230901,000408,0.659,F04,RESIDUAL_MOMENTUM,research_simulation
20230901,000409,0.494,F04,RESIDUAL_MOMENTUM,research_simulation
20230901,000410,0.12,F04,RESIDUAL_MOMENTUM,research_simulation
20230901,000411,0.711,F04,RESIDUAL_MOMENTUM,research_simulation
20230901,000415,0.465,F04,RESIDUAL_MOMENTUM,research_simulation
20230901,000417,0.722,F04,RESIDUAL_MOMENTUM,research_simulation
20230901,000419,0.744,F04,RESIDUAL_MOMENTUM,research_simulation
20230901,000420,0.576,F04,RESIDUAL_MOMENTUM,research_simulation
20230901,000421,0.354,F04,RESIDUAL_MOMENTUM,research_simulation
20230901,000422,0.486,F04,RESIDUAL_MOMENTUM,research_simulation
20230901,000423,0.073,F04,RESIDUAL_MOMENTUM,research_simulation
20230901,000425,0.686,F04,RESIDUAL_MOMENTUM,research_simulation
20230901,000426,0.431,F04,RESIDUAL_MOMENTUM,research_simulation
20230901,000428,0.158,F04,RESIDUAL_MOMENTUM,research_simulation
20230901,000429,0.928,F04,RESIDUAL_MOMENTUM,research_simulation
20230901,000430,0.145,F04,RESIDUAL_MOMENTUM,research_simulation
20230901,000488,0.377,F04,RESIDUAL_MOMENTUM,research_simulation
20230901,000498,0.455,F04,RESIDUAL_MOMENTUM,research_simulation
20230901,000501,0.43,F04,RESIDUAL_MOMENTUM,research_simulation
20230901,000503,0.605,F04,RESIDUAL_MOMENTUM,research_simulation
20230901,000504,0.88,F04,RESIDUAL_MOMENTUM,research_simulation
20230901,000505,0.949,F04,RESIDUAL_MOMENTUM,research_simulation
20230901,000506,0.035,F04,RESIDUAL_MOMENTUM,research_simulation
20230901,000507,0.486,F04,RESIDUAL_MOMENTUM,research_simulation
20230901,000509,0.921,F04,RESIDUAL_MOMENTUM,research_simulation
20230901,000510,0.248,F04,RESIDUAL_MOMENTUM,research_simulation
20230901,000513,0.461,F04,RESIDUAL_MOMENTUM,research_simulation
20230901,000514,0.796,F04,RESIDUAL_MOMENTUM,research_simulation
20230901,000516,0.624,F04,RESIDUAL_MOMENTUM,research_simulation
20231001,000001,0.095,F04,RESIDUAL_MOMENTUM,research_simulation
20231001,000002,0.815,F04,RESIDUAL_MOMENTUM,research_simulation
20231001,000004,0.577,F04,RESIDUAL_MOMENTUM,research_simulation
20231001,000006,0.496,F04,RESIDUAL_MOMENTUM,research_simulation
20231001,000007,0.055,F04,RESIDUAL_MOMENTUM,research_simulation
20231001,000008,0.746,F04,RESIDUAL_MOMENTUM,research_simulation
20231001,000009,0.611,F04,RESIDUAL_MOMENTUM,research_simulation
20231001,000010,0.992,F04,RESIDUAL_MOMENTUM,research_simulation
20231001,000011,0.246,F04,RESIDUAL_MOMENTUM,research_simulation
20231001,000012,0.077,F04,RESIDUAL_MOMENTUM,research_simulation
20231001,000014,0.256,F04,RESIDUAL_MOMENTUM,research_simulation
20231001,000016,0.823,F04,RESIDUAL_MOMENTUM,research_simulation
20231001,000017,0.162,F04,RESIDUAL_MOMENTUM,research_simulation
20231001,000019,0.599,F04,RESIDUAL_MOMENTUM,research_simulation
20231001,000020,0.141,F04,RESIDUAL_MOMENTUM,research_simulation
20231001,000021,0.737,F04,RESIDUAL_MOMENTUM,research_simulation
20231001,000025,0.772,F04,RESIDUAL_MOMENTUM,research_simulation
20231001,000026,0.714,F04,RESIDUAL_MOMENTUM,research_simulation
20231001,000027,0.542,F04,RESIDUAL_MOMENTUM,research_simulation
20231001,000028,0.204,F04,RESIDUAL_MOMENTUM,research_simulation
20231001,000029,0.131,F04,RESIDUAL_MOMENTUM,research_simulation
20231001,000030,0.499,F04,RESIDUAL_MOMENTUM,research_simulation
20231001,000031,0.535,F04,RESIDUAL_MOMENTUM,research_simulation
20231001,000032,0.235,F04,RESIDUAL_MOMENTUM,research_simulation
20231001,000034,0.527,F04,RESIDUAL_MOMENTUM,research_simulation
20231001,000035,0.608,F04,RESIDUAL_MOMENTUM,research_simulation
20231001,000036,0.883,F04,RESIDUAL_MOMENTUM,research_simulation
20231001,000037,0.418,F04,RESIDUAL_MOMENTUM,research_simulation
20231001,000039,0.853,F04,RESIDUAL_MOMENTUM,research_simulation
20231001,000042,0.288,F04,RESIDUAL_MOMENTUM,research_simulation
20231001,000045,0.546,F04,RESIDUAL_MOMENTUM,research_simulation
20231001,000048,0.843,F04,RESIDUAL_MOMENTUM,research_simulation
20231001,000049,0.628,F04,RESIDUAL_MOMENTUM,research_simulation
20231001,000050,0.791,F04,RESIDUAL_MOMENTUM,research_simulation
20231001,000055,0.919,F04,RESIDUAL_MOMENTUM,research_simulation
20231001,000056,0.949,F04,RESIDUAL_MOMENTUM,research_simulation
20231001,000058,0.264,F04,RESIDUAL_MOMENTUM,research_simulation
20231001,000059,0.424,F04,RESIDUAL_MOMENTUM,research_simulation
20231001,000060,0.465,F04,RESIDUAL_MOMENTUM,research_simulation
20231001,000061,0.406,F04,RESIDUAL_MOMENTUM,research_simulation
20231001,000062,0.844,F04,RESIDUAL_MOMENTUM,research_simulation
20231001,000063,0.26,F04,RESIDUAL_MOMENTUM,research_simulation
20231001,000065,0.722,F04,RESIDUAL_MOMENTUM,research_simulation
20231001,000066,0.652,F04,RESIDUAL_MOMENTUM,research_simulation
20231001,000068,0.945,F04,RESIDUAL_MOMENTUM,research_simulation
20231001,000069,0.574,F04,RESIDUAL_MOMENTUM,research_simulation
20231001,000070,0.311,F04,RESIDUAL_MOMENTUM,research_simulation
20231001,000078,0.339,F04,RESIDUAL_MOMENTUM,research_simulation
20231001,000088,0.655,F04,RESIDUAL_MOMENTUM,research_simulation
20231001,000089,0.045,F04,RESIDUAL_MOMENTUM,research_simulation
20231001,000090,0.8,F04,RESIDUAL_MOMENTUM,research_simulation
20231001,000096,0.39,F04,RESIDUAL_MOMENTUM,research_simulation
20231001,000099,0.063,F04,RESIDUAL_MOMENTUM,research_simulation
20231001,000100,0.355,F04,RESIDUAL_MOMENTUM,research_simulation
20231001,000151,0.814,F04,RESIDUAL_MOMENTUM,research_simulation
20231001,000153,0.747,F04,RESIDUAL_MOMENTUM,research_simulation
20231001,000155,0.887,F04,RESIDUAL_MOMENTUM,research_simulation
20231001,000156,0.506,F04,RESIDUAL_MOMENTUM,research_simulation
20231001,000157,0.056,F04,RESIDUAL_MOMENTUM,research_simulation
20231001,000158,0.201,F04,RESIDUAL_MOMENTUM,research_simulation
20231001,000159,0.635,F04,RESIDUAL_MOMENTUM,research_simulation
20231001,000166,0.254,F04,RESIDUAL_MOMENTUM,research_simulation
20231001,000301,0.539,F04,RESIDUAL_MOMENTUM,research_simulation
20231001,000333,0.502,F04,RESIDUAL_MOMENTUM,research_simulation
20231001,000338,0.799,F04,RESIDUAL_MOMENTUM,research_simulation
20231001,000400,0.61,F04,RESIDUAL_MOMENTUM,research_simulation
20231001,000401,0.156,F04,RESIDUAL_MOMENTUM,research_simulation
20231001,000402,0.547,F04,RESIDUAL_MOMENTUM,research_simulation
20231001,000403,0.333,F04,RESIDUAL_MOMENTUM,research_simulation
20231001,000404,0.317,F04,RESIDUAL_MOMENTUM,research_simulation
20231001,000407,0.59,F04,RESIDUAL_MOMENTUM,research_simulation
20231001,000408,0.771,F04,RESIDUAL_MOMENTUM,research_simulation
20231001,000409,0.972,F04,RESIDUAL_MOMENTUM,research_simulation
20231001,000410,0.833,F04,RESIDUAL_MOMENTUM,research_simulation
20231001,000411,0.517,F04,RESIDUAL_MOMENTUM,research_simulation
20231001,000415,0.038,F04,RESIDUAL_MOMENTUM,research_simulation
20231001,000417,0.051,F04,RESIDUAL_MOMENTUM,research_simulation
20231001,000419,0.754,F04,RESIDUAL_MOMENTUM,research_simulation
20231001,000420,0.656,F04,RESIDUAL_MOMENTUM,research_simulation
20231001,000421,0.571,F04,RESIDUAL_MOMENTUM,research_simulation
20231001,000422,0.928,F04,RESIDUAL_MOMENTUM,research_simulation
20231001,000423,0.277,F04,RESIDUAL_MOMENTUM,research_simulation
20231001,000425,0.644,F04,RESIDUAL_MOMENTUM,research_simulation
20231001,000426,0.041,F04,RESIDUAL_MOMENTUM,research_simulation
20231001,000428,0.987,F04,RESIDUAL_MOMENTUM,research_simulation
20231001,000429,0.376,F04,RESIDUAL_MOMENTUM,research_simulation
20231001,000430,0.774,F04,RESIDUAL_MOMENTUM,research_simulation
20231001,000488,0.679,F04,RESIDUAL_MOMENTUM,research_simulation
20231001,000498,0.547,F04,RESIDUAL_MOMENTUM,research_simulation
20231001,000501,0.819,F04,RESIDUAL_MOMENTUM,research_simulation
20231001,000503,0.853,F04,RESIDUAL_MOMENTUM,research_simulation
20231001,000504,0.909,F04,RESIDUAL_MOMENTUM,research_simulation
20231001,000505,0.419,F04,RESIDUAL_MOMENTUM,research_simulation
20231001,000506,0.203,F04,RESIDUAL_MOMENTUM,research_simulation
20231001,000507,0.176,F04,RESIDUAL_MOMENTUM,research_simulation
20231001,000509,0.469,F04,RESIDUAL_MOMENTUM,research_simulation
20231001,000510,0.183,F04,RESIDUAL_MOMENTUM,research_simulation
20231001,000513,0.728,F04,RESIDUAL_MOMENTUM,research_simulation
20231001,000514,0.339,F04,RESIDUAL_MOMENTUM,research_simulation
20231001,000516,0.123,F04,RESIDUAL_MOMENTUM,research_simulation
20231201,000001,0.917,F04,RESIDUAL_MOMENTUM,research_simulation
20231201,000002,0.472,F04,RESIDUAL_MOMENTUM,research_simulation
20231201,000004,0.686,F04,RESIDUAL_MOMENTUM,research_simulation
20231201,000006,0.836,F04,RESIDUAL_MOMENTUM,research_simulation
20231201,000007,0.955,F04,RESIDUAL_MOMENTUM,research_simulation
20231201,000008,0.189,F04,RESIDUAL_MOMENTUM,research_simulation
20231201,000009,0.785,F04,RESIDUAL_MOMENTUM,research_simulation
20231201,000010,0.485,F04,RESIDUAL_MOMENTUM,research_simulation
20231201,000011,0.567,F04,RESIDUAL_MOMENTUM,research_simulation
20231201,000012,0.194,F04,RESIDUAL_MOMENTUM,research_simulation
20231201,000014,0.009,F04,RESIDUAL_MOMENTUM,research_simulation
20231201,000016,0.716,F04,RESIDUAL_MOMENTUM,research_simulation
20231201,000017,0.435,F04,RESIDUAL_MOMENTUM,research_simulation
20231201,000019,0.178,F04,RESIDUAL_MOMENTUM,research_simulation
20231201,000020,0.5,F04,RESIDUAL_MOMENTUM,research_simulation
20231201,000021,0.108,F04,RESIDUAL_MOMENTUM,research_simulation
20231201,000025,0.01,F04,RESIDUAL_MOMENTUM,research_simulation
20231201,000026,0.556,F04,RESIDUAL_MOMENTUM,research_simulation
20231201,000027,0.618,F04,RESIDUAL_MOMENTUM,research_simulation
20231201,000028,0.87,F04,RESIDUAL_MOMENTUM,research_simulation
20231201,000029,0.591,F04,RESIDUAL_MOMENTUM,research_simulation
20231201,000030,0.321,F04,RESIDUAL_MOMENTUM,research_simulation
20231201,000031,0.335,F04,RESIDUAL_MOMENTUM,research_simulation
20231201,000032,0.681,F04,RESIDUAL_MOMENTUM,research_simulation
20231201,000034,0.605,F04,RESIDUAL_MOMENTUM,research_simulation
20231201,000035,0.779,F04,RESIDUAL_MOMENTUM,research_simulation
20231201,000036,0.754,F04,RESIDUAL_MOMENTUM,research_simulation
20231201,000037,0.753,F04,RESIDUAL_MOMENTUM,research_simulation
20231201,000039,0.743,F04,RESIDUAL_MOMENTUM,research_simulation
20231201,000042,0.598,F04,RESIDUAL_MOMENTUM,research_simulation
20231201,000045,0.101,F04,RESIDUAL_MOMENTUM,research_simulation
20231201,000048,0.904,F04,RESIDUAL_MOMENTUM,research_simulation
20231201,000049,0.602,F04,RESIDUAL_MOMENTUM,research_simulation
20231201,000050,0.415,F04,RESIDUAL_MOMENTUM,research_simulation
20231201,000055,0.941,F04,RESIDUAL_MOMENTUM,research_simulation
20231201,000056,0.802,F04,RESIDUAL_MOMENTUM,research_simulation
20231201,000058,0.446,F04,RESIDUAL_MOMENTUM,research_simulation
20231201,000059,0.205,F04,RESIDUAL_MOMENTUM,research_simulation
20231201,000060,0.566,F04,RESIDUAL_MOMENTUM,research_simulation
20231201,000061,0.93,F04,RESIDUAL_MOMENTUM,research_simulation
20231201,000062,0.947,F04,RESIDUAL_MOMENTUM,research_simulation
20231201,000063,0.066,F04,RESIDUAL_MOMENTUM,research_simulation
20231201,000065,0.805,F04,RESIDUAL_MOMENTUM,research_simulation
20231201,000066,0.745,F04,RESIDUAL_MOMENTUM,research_simulation
20231201,000068,0.728,F04,RESIDUAL_MOMENTUM,research_simulation
20231201,000069,0.765,F04,RESIDUAL_MOMENTUM,research_simulation
20231201,000070,0.281,F04,RESIDUAL_MOMENTUM,research_simulation
20231201,000078,0.178,F04,RESIDUAL_MOMENTUM,research_simulation
20231201,000088,0.276,F04,RESIDUAL_MOMENTUM,research_simulation
20231201,000089,0.312,F04,RESIDUAL_MOMENTUM,research_simulation
20231201,000090,0.368,F04,RESIDUAL_MOMENTUM,research_simulation
20231201,000096,0.645,F04,RESIDUAL_MOMENTUM,research_simulation
20231201,000099,0.66,F04,RESIDUAL_MOMENTUM,research_simulation
20231201,000100,0.683,F04,RESIDUAL_MOMENTUM,research_simulation
20231201,000151,0.446,F04,RESIDUAL_MOMENTUM,research_simulation
20231201,000153,0.123,F04,RESIDUAL_MOMENTUM,research_simulation
20231201,000155,0.895,F04,RESIDUAL_MOMENTUM,research_simulation
20231201,000156,0.115,F04,RESIDUAL_MOMENTUM,research_simulation
20231201,000157,0.593,F04,RESIDUAL_MOMENTUM,research_simulation
20231201,000158,0.379,F04,RESIDUAL_MOMENTUM,research_simulation
20231201,000159,0.515,F04,RESIDUAL_MOMENTUM,research_simulation
20231201,000166,0.901,F04,RESIDUAL_MOMENTUM,research_simulation
20231201,000301,0.782,F04,RESIDUAL_MOMENTUM,research_simulation
20231201,000333,0.477,F04,RESIDUAL_MOMENTUM,research_simulation
20231201,000338,0.25,F04,RESIDUAL_MOMENTUM,research_simulation
20231201,000400,0.766,F04,RESIDUAL_MOMENTUM,research_simulation
20231201,000401,0.557,F04,RESIDUAL_MOMENTUM,research_simulation
20231201,000402,0.786,F04,RESIDUAL_MOMENTUM,research_simulation
20231201,000403,0.051,F04,RESIDUAL_MOMENTUM,research_simulation
20231201,000404,0.958,F04,RESIDUAL_MOMENTUM,research_simulation
20231201,000407,0.412,F04,RESIDUAL_MOMENTUM,research_simulation
20231201,000408,0.856,F04,RESIDUAL_MOMENTUM,research_simulation
20231201,000409,0.793,F04,RESIDUAL_MOMENTUM,research_simulation
20231201,000410,0.97,F04,RESIDUAL_MOMENTUM,research_simulation
20231201,000411,0.97,F04,RESIDUAL_MOMENTUM,research_simulation
20231201,000415,0.129,F04,RESIDUAL_MOMENTUM,research_simulation
20231201,000417,0.797,F04,RESIDUAL_MOMENTUM,research_simulation
20231201,000419,0.108,F04,RESIDUAL_MOMENTUM,research_simulation
20231201,000420,0.238,F04,RESIDUAL_MOMENTUM,research_simulation
20231201,000421,0.908,F04,RESIDUAL_MOMENTUM,research_simulation
20231201,000422,0.439,F04,RESIDUAL_MOMENTUM,research_simulation
20231201,000423,0.522,F04,RESIDUAL_MOMENTUM,research_simulation
20231201,000425,0.354,F04,RESIDUAL_MOMENTUM,research_simulation
20231201,000426,0.483,F04,RESIDUAL_MOMENTUM,research_simulation
20231201,000428,0.174,F04,RESIDUAL_MOMENTUM,research_simulation
20231201,000429,0.139,F04,RESIDUAL_MOMENTUM,research_simulation
20231201,000430,0.492,F04,RESIDUAL_MOMENTUM,research_simulation
20231201,000488,0.464,F04,RESIDUAL_MOMENTUM,research_simulation
20231201,000498,0.659,F04,RESIDUAL_MOMENTUM,research_simulation
20231201,000501,0.552,F04,RESIDUAL_MOMENTUM,research_simulation
20231201,000503,0.99,F04,RESIDUAL_MOMENTUM,research_simulation
20231201,000504,0.879,F04,RESIDUAL_MOMENTUM,research_simulation
20231201,000505,0.879,F04,RESIDUAL_MOMENTUM,research_simulation
20231201,000506,0.827,F04,RESIDUAL_MOMENTUM,research_simulation
20231201,000507,0.625,F04,RESIDUAL_MOMENTUM,research_simulation
20231201,000509,0.86,F04,RESIDUAL_MOMENTUM,research_simulation
20231201,000510,0.019,F04,RESIDUAL_MOMENTUM,research_simulation
20231201,000513,0.636,F04,RESIDUAL_MOMENTUM,research_simulation
20231201,000514,0.809,F04,RESIDUAL_MOMENTUM,research_simulation
20231201,000516,0.136,F04,RESIDUAL_MOMENTUM,research_simulation
20240101,000001,0.871,F04,RESIDUAL_MOMENTUM,research_simulation
20240101,000002,0.342,F04,RESIDUAL_MOMENTUM,research_simulation
20240101,000004,0.786,F04,RESIDUAL_MOMENTUM,research_simulation
20240101,000006,0.351,F04,RESIDUAL_MOMENTUM,research_simulation
20240101,000007,0.104,F04,RESIDUAL_MOMENTUM,research_simulation
20240101,000008,0.42,F04,RESIDUAL_MOMENTUM,research_simulation
20240101,000009,0.022,F04,RESIDUAL_MOMENTUM,research_simulation
20240101,000010,0.723,F04,RESIDUAL_MOMENTUM,research_simulation
20240101,000011,0.182,F04,RESIDUAL_MOMENTUM,research_simulation
20240101,000012,0.831,F04,RESIDUAL_MOMENTUM,research_simulation
20240101,000014,0.608,F04,RESIDUAL_MOMENTUM,research_simulation
20240101,000016,0.122,F04,RESIDUAL_MOMENTUM,research_simulation
20240101,000017,0.992,F04,RESIDUAL_MOMENTUM,research_simulation
20240101,000019,0.456,F04,RESIDUAL_MOMENTUM,research_simulation
20240101,000020,0.074,F04,RESIDUAL_MOMENTUM,research_simulation
20240101,000021,0.082,F04,RESIDUAL_MOMENTUM,research_simulation
20240101,000025,0.61,F04,RESIDUAL_MOMENTUM,research_simulation
20240101,000026,0.643,F04,RESIDUAL_MOMENTUM,research_simulation
20240101,000027,0.182,F04,RESIDUAL_MOMENTUM,research_simulation
20240101,000028,0.623,F04,RESIDUAL_MOMENTUM,research_simulation
20240101,000029,0.623,F04,RESIDUAL_MOMENTUM,research_simulation
20240101,000030,0.838,F04,RESIDUAL_MOMENTUM,research_simulation
20240101,000031,0.1,F04,RESIDUAL_MOMENTUM,research_simulation
20240101,000032,0.848,F04,RESIDUAL_MOMENTUM,research_simulation
20240101,000034,0.485,F04,RESIDUAL_MOMENTUM,research_simulation
20240101,000035,0.772,F04,RESIDUAL_MOMENTUM,research_simulation
20240101,000036,0.285,F04,RESIDUAL_MOMENTUM,research_simulation
20240101,000037,0.8,F04,RESIDUAL_MOMENTUM,research_simulation
20240101,000039,0.688,F04,RESIDUAL_MOMENTUM,research_simulation
20240101,000042,0.649,F04,RESIDUAL_MOMENTUM,research_simulation
20240101,000045,0.7,F04,RESIDUAL_MOMENTUM,research_simulation
20240101,000048,0.624,F04,RESIDUAL_MOMENTUM,research_simulation
20240101,000049,0.23,F04,RESIDUAL_MOMENTUM,research_simulation
20240101,000050,0.608,F04,RESIDUAL_MOMENTUM,research_simulation
20240101,000055,0.156,F04,RESIDUAL_MOMENTUM,research_simulation
20240101,000056,0.151,F04,RESIDUAL_MOMENTUM,research_simulation
20240101,000058,0.517,F04,RESIDUAL_MOMENTUM,research_simulation
20240101,000059,0.278,F04,RESIDUAL_MOMENTUM,research_simulation
20240101,000060,0.921,F04,RESIDUAL_MOMENTUM,research_simulation
20240101,000061,0.701,F04,RESIDUAL_MOMENTUM,research_simulation
20240101,000062,0.408,F04,RESIDUAL_MOMENTUM,research_simulation
20240101,000063,0.863,F04,RESIDUAL_MOMENTUM,research_simulation
20240101,000065,0.86,F04,RESIDUAL_MOMENTUM,research_simulation
20240101,000066,0.784,F04,RESIDUAL_MOMENTUM,research_simulation
20240101,000068,0.427,F04,RESIDUAL_MOMENTUM,research_simulation
20240101,000069,0.133,F04,RESIDUAL_MOMENTUM,research_simulation
20240101,000070,0.256,F04,RESIDUAL_MOMENTUM,research_simulation
20240101,000078,0.886,F04,RESIDUAL_MOMENTUM,research_simulation
20240101,000088,0.301,F04,RESIDUAL_MOMENTUM,research_simulation
20240101,000089,0.491,F04,RESIDUAL_MOMENTUM,research_simulation
20240101,000090,0.737,F04,RESIDUAL_MOMENTUM,research_simulation
20240101,000096,0.019,F04,RESIDUAL_MOMENTUM,research_simulation
20240101,000099,0.021,F04,RESIDUAL_MOMENTUM,research_simulation
20240101,000100,0.122,F04,RESIDUAL_MOMENTUM,research_simulation
20240101,000151,0.91,F04,RESIDUAL_MOMENTUM,research_simulation
20240101,000153,0.797,F04,RESIDUAL_MOMENTUM,research_simulation
20240101,000155,0.938,F04,RESIDUAL_MOMENTUM,research_simulation
20240101,000156,0.372,F04,RESIDUAL_MOMENTUM,research_simulation
20240101,000157,0.012,F04,RESIDUAL_MOMENTUM,research_simulation
20240101,000158,0.489,F04,RESIDUAL_MOMENTUM,research_simulation
20240101,000159,0.247,F04,RESIDUAL_MOMENTUM,research_simulation
20240101,000166,0.221,F04,RESIDUAL_MOMENTUM,research_simulation
20240101,000301,0.34,F04,RESIDUAL_MOMENTUM,research_simulation
20240101,000333,0.483,F04,RESIDUAL_MOMENTUM,research_simulation
20240101,000338,0.401,F04,RESIDUAL_MOMENTUM,research_simulation
20240101,000400,0.838,F04,RESIDUAL_MOMENTUM,research_simulation
20240101,000401,0.041,F04,RESIDUAL_MOMENTUM,research_simulation
20240101,000402,0.4,F04,RESIDUAL_MOMENTUM,research_simulation
20240101,000403,0.004,F04,RESIDUAL_MOMENTUM,research_simulation
20240101,000404,0.052,F04,RESIDUAL_MOMENTUM,research_simulation
20240101,000407,0.875,F04,RESIDUAL_MOMENTUM,research_simulation
20240101,000408,0.479,F04,RESIDUAL_MOMENTUM,research_simulation
20240101,000409,0.132,F04,RESIDUAL_MOMENTUM,research_simulation
20240101,000410,0.837,F04,RESIDUAL_MOMENTUM,research_simulation
20240101,000411,0.701,F04,RESIDUAL_MOMENTUM,research_simulation
20240101,000415,0.402,F04,RESIDUAL_MOMENTUM,research_simulation
20240101,000417,0.908,F04,RESIDUAL_MOMENTUM,research_simulation
20240101,000419,0.799,F04,RESIDUAL_MOMENTUM,research_simulation
20240101,000420,0.053,F04,RESIDUAL_MOMENTUM,research_simulation
20240101,000421,0.616,F04,RESIDUAL_MOMENTUM,research_simulation
20240101,000422,0.561,F04,RESIDUAL_MOMENTUM,research_simulation
20240101,000423,0.355,F04,RESIDUAL_MOMENTUM,research_simulation
20240101,000425,0.482,F04,RESIDUAL_MOMENTUM,research_simulation
20240101,000426,0.427,F04,RESIDUAL_MOMENTUM,research_simulation
20240101,000428,0.09,F04,RESIDUAL_MOMENTUM,research_simulation
20240101,000429,0.028,F04,RESIDUAL_MOMENTUM,research_simulation
20240101,000430,0.319,F04,RESIDUAL_MOMENTUM,research_simulation
20240101,000488,0.242,F04,RESIDUAL_MOMENTUM,research_simulation
20240101,000498,0.705,F04,RESIDUAL_MOMENTUM,research_simulation
20240101,000501,0.568,F04,RESIDUAL_MOMENTUM,research_simulation
20240101,000503,0.026,F04,RESIDUAL_MOMENTUM,research_simulation
20240101,000504,0.835,F04,RESIDUAL_MOMENTUM,research_simulation
20240101,000505,0.258,F04,RESIDUAL_MOMENTUM,research_simulation
20240101,000506,0.171,F04,RESIDUAL_MOMENTUM,research_simulation
20240101,000507,0.486,F04,RESIDUAL_MOMENTUM,research_simulation
20240101,000509,0.746,F04,RESIDUAL_MOMENTUM,research_simulation
20240101,000510,0.523,F04,RESIDUAL_MOMENTUM,research_simulation
20240101,000513,0.903,F04,RESIDUAL_MOMENTUM,research_simulation
20240101,000514,0.226,F04,RESIDUAL_MOMENTUM,research_simulation
20240101,000516,0.209,F04,RESIDUAL_MOMENTUM,research_simulation
20240201,000001,0.036,F04,RESIDUAL_MOMENTUM,research_simulation
20240201,000002,0.837,F04,RESIDUAL_MOMENTUM,research_simulation
20240201,000004,0.744,F04,RESIDUAL_MOMENTUM,research_simulation
20240201,000006,0.298,F04,RESIDUAL_MOMENTUM,research_simulation
20240201,000007,0.802,F04,RESIDUAL_MOMENTUM,research_simulation
20240201,000008,0.851,F04,RESIDUAL_MOMENTUM,research_simulation
20240201,000009,0.424,F04,RESIDUAL_MOMENTUM,research_simulation
20240201,000010,0.046,F04,RESIDUAL_MOMENTUM,research_simulation
20240201,000011,0.848,F04,RESIDUAL_MOMENTUM,research_simulation
20240201,000012,0.02,F04,RESIDUAL_MOMENTUM,research_simulation
20240201,000014,0.037,F04,RESIDUAL_MOMENTUM,research_simulation
20240201,000016,0.852,F04,RESIDUAL_MOMENTUM,research_simulation
20240201,000017,0.019,F04,RESIDUAL_MOMENTUM,research_simulation
20240201,000019,0.409,F04,RESIDUAL_MOMENTUM,research_simulation
20240201,000020,0.34,F04,RESIDUAL_MOMENTUM,research_simulation
20240201,000021,0.515,F04,RESIDUAL_MOMENTUM,research_simulation
20240201,000025,0.236,F04,RESIDUAL_MOMENTUM,research_simulation
20240201,000026,0.075,F04,RESIDUAL_MOMENTUM,research_simulation
20240201,000027,0.601,F04,RESIDUAL_MOMENTUM,research_simulation
20240201,000028,0.447,F04,RESIDUAL_MOMENTUM,research_simulation
20240201,000029,0.986,F04,RESIDUAL_MOMENTUM,research_simulation
20240201,000030,0.438,F04,RESIDUAL_MOMENTUM,research_simulation
20240201,000031,0.338,F04,RESIDUAL_MOMENTUM,research_simulation
20240201,000032,0.773,F04,RESIDUAL_MOMENTUM,research_simulation
20240201,000034,0.951,F04,RESIDUAL_MOMENTUM,research_simulation
20240201,000035,0.094,F04,RESIDUAL_MOMENTUM,research_simulation
20240201,000036,0.373,F04,RESIDUAL_MOMENTUM,research_simulation
20240201,000037,0.137,F04,RESIDUAL_MOMENTUM,research_simulation
20240201,000039,0.205,F04,RESIDUAL_MOMENTUM,research_simulation
20240201,000042,0.215,F04,RESIDUAL_MOMENTUM,research_simulation
20240201,000045,0.632,F04,RESIDUAL_MOMENTUM,research_simulation
20240201,000048,0.871,F04,RESIDUAL_MOMENTUM,research_simulation
20240201,000049,0.737,F04,RESIDUAL_MOMENTUM,research_simulation
20240201,000050,0.92,F04,RESIDUAL_MOMENTUM,research_simulation
20240201,000055,0.758,F04,RESIDUAL_MOMENTUM,research_simulation
20240201,000056,0.631,F04,RESIDUAL_MOMENTUM,research_simulation
20240201,000058,0.647,F04,RESIDUAL_MOMENTUM,research_simulation
20240201,000059,0.294,F04,RESIDUAL_MOMENTUM,research_simulation
20240201,000060,0.186,F04,RESIDUAL_MOMENTUM,research_simulation
20240201,000061,0.278,F04,RESIDUAL_MOMENTUM,research_simulation
20240201,000062,0.425,F04,RESIDUAL_MOMENTUM,research_simulation
20240201,000063,0.056,F04,RESIDUAL_MOMENTUM,research_simulation
20240201,000065,0.979,F04,RESIDUAL_MOMENTUM,research_simulation
20240201,000066,0.799,F04,RESIDUAL_MOMENTUM,research_simulation
20240201,000068,0.842,F04,RESIDUAL_MOMENTUM,research_simulation
20240201,000069,0.085,F04,RESIDUAL_MOMENTUM,research_simulation
20240201,000070,0.054,F04,RESIDUAL_MOMENTUM,research_simulation
20240201,000078,0.625,F04,RESIDUAL_MOMENTUM,research_simulation
20240201,000088,0.078,F04,RESIDUAL_MOMENTUM,research_simulation
20240201,000089,0.031,F04,RESIDUAL_MOMENTUM,research_simulation
20240201,000090,0.311,F04,RESIDUAL_MOMENTUM,research_simulation
20240201,000096,0.874,F04,RESIDUAL_MOMENTUM,research_simulation
20240201,000099,0.626,F04,RESIDUAL_MOMENTUM,research_simulation
20240201,000100,0.093,F04,RESIDUAL_MOMENTUM,research_simulation
20240201,000151,0.884,F04,RESIDUAL_MOMENTUM,research_simulation
20240201,000153,0.854,F04,RESIDUAL_MOMENTUM,research_simulation
20240201,000155,0.212,F04,RESIDUAL_MOMENTUM,research_simulation
20240201,000156,0.644,F04,RESIDUAL_MOMENTUM,research_simulation
20240201,000157,0.461,F04,RESIDUAL_MOMENTUM,research_simulation
20240201,000158,0.291,F04,RESIDUAL_MOMENTUM,research_simulation
20240201,000159,0.941,F04,RESIDUAL_MOMENTUM,research_simulation
20240201,000166,0.657,F04,RESIDUAL_MOMENTUM,research_simulation
20240201,000301,0.778,F04,RESIDUAL_MOMENTUM,research_simulation
20240201,000333,0.446,F04,RESIDUAL_MOMENTUM,research_simulation
20240201,000338,0.841,F04,RESIDUAL_MOMENTUM,research_simulation
20240201,000400,0.215,F04,RESIDUAL_MOMENTUM,research_simulation
20240201,000401,0.028,F04,RESIDUAL_MOMENTUM,research_simulation
20240201,000402,0.541,F04,RESIDUAL_MOMENTUM,research_simulation
20240201,000403,0.27,F04,RESIDUAL_MOMENTUM,research_simulation
20240201,000404,0.462,F04,RESIDUAL_MOMENTUM,research_simulation
20240201,000407,0.867,F04,RESIDUAL_MOMENTUM,research_simulation
20240201,000408,0.209,F04,RESIDUAL_MOMENTUM,research_simulation
20240201,000409,0.697,F04,RESIDUAL_MOMENTUM,research_simulation
20240201,000410,0.609,F04,RESIDUAL_MOMENTUM,research_simulation
20240201,000411,0.091,F04,RESIDUAL_MOMENTUM,research_simulation
20240201,000415,0.726,F04,RESIDUAL_MOMENTUM,research_simulation
20240201,000417,0.943,F04,RESIDUAL_MOMENTUM,research_simulation
20240201,000419,0.093,F04,RESIDUAL_MOMENTUM,research_simulation
20240201,000420,0.493,F04,RESIDUAL_MOMENTUM,research_simulation
20240201,000421,0.568,F04,RESIDUAL_MOMENTUM,research_simulation
20240201,000422,0.364,F04,RESIDUAL_MOMENTUM,research_simulation
20240201,000423,0.487,F04,RESIDUAL_MOMENTUM,research_simulation
20240201,000425,0.212,F04,RESIDUAL_MOMENTUM,research_simulation
20240201,000426,0.918,F04,RESIDUAL_MOMENTUM,research_simulation
20240201,000428,0.485,F04,RESIDUAL_MOMENTUM,research_simulation
20240201,000429,0.049,F04,RESIDUAL_MOMENTUM,research_simulation
20240201,000430,0.349,F04,RESIDUAL_MOMENTUM,research_simulation
20240201,000488,0.049,F04,RESIDUAL_MOMENTUM,research_simulation
20240201,000498,0.282,F04,RESIDUAL_MOMENTUM,research_simulation
20240201,000501,0.821,F04,RESIDUAL_MOMENTUM,research_simulation
20240201,000503,0.072,F04,RESIDUAL_MOMENTUM,research_simulation
20240201,000504,0.564,F04,RESIDUAL_MOMENTUM,research_simulation
20240201,000505,0.595,F04,RESIDUAL_MOMENTUM,research_simulation
20240201,000506,0.677,F04,RESIDUAL_MOMENTUM,research_simulation
20240201,000507,0.725,F04,RESIDUAL_MOMENTUM,research_simulation
20240201,000509,0.051,F04,RESIDUAL_MOMENTUM,research_simulation
20240201,000510,0.914,F04,RESIDUAL_MOMENTUM,research_simulation
20240201,000513,0.599,F04,RESIDUAL_MOMENTUM,research_simulation
20240201,000514,0.896,F04,RESIDUAL_MOMENTUM,research_simulation
20240201,000516,0.33,F04,RESIDUAL_MOMENTUM,research_simulation
20240701,000001,0.156,F04,RESIDUAL_MOMENTUM,research_simulation
20240701,000002,0.444,F04,RESIDUAL_MOMENTUM,research_simulation
20240701,000004,0.625,F04,RESIDUAL_MOMENTUM,research_simulation
20240701,000006,0.82,F04,RESIDUAL_MOMENTUM,research_simulation
20240701,000007,0.884,F04,RESIDUAL_MOMENTUM,research_simulation
20240701,000008,0.029,F04,RESIDUAL_MOMENTUM,research_simulation
20240701,000009,0.244,F04,RESIDUAL_MOMENTUM,research_simulation
20240701,000010,0.345,F04,RESIDUAL_MOMENTUM,research_simulation
20240701,000011,0.23,F04,RESIDUAL_MOMENTUM,research_simulation
20240701,000012,0.009,F04,RESIDUAL_MOMENTUM,research_simulation
20240701,000014,0.363,F04,RESIDUAL_MOMENTUM,research_simulation
20240701,000016,0.775,F04,RESIDUAL_MOMENTUM,research_simulation
20240701,000017,0.189,F04,RESIDUAL_MOMENTUM,research_simulation
20240701,000019,0.102,F04,RESIDUAL_MOMENTUM,research_simulation
20240701,000020,0.789,F04,RESIDUAL_MOMENTUM,research_simulation
20240701,000021,0.016,F04,RESIDUAL_MOMENTUM,research_simulation
20240701,000025,0.657,F04,RESIDUAL_MOMENTUM,research_simulation
20240701,000026,0.877,F04,RESIDUAL_MOMENTUM,research_simulation
20240701,000027,0.864,F04,RESIDUAL_MOMENTUM,research_simulation
20240701,000028,0.665,F04,RESIDUAL_MOMENTUM,research_simulation
20240701,000029,0.599,F04,RESIDUAL_MOMENTUM,research_simulation
20240701,000030,0.034,F04,RESIDUAL_MOMENTUM,research_simulation
20240701,000031,0.116,F04,RESIDUAL_MOMENTUM,research_simulation
20240701,000032,0.222,F04,RESIDUAL_MOMENTUM,research_simulation
20240701,000034,0.724,F04,RESIDUAL_MOMENTUM,research_simulation
20240701,000035,0.701,F04,RESIDUAL_MOMENTUM,research_simulation
20240701,000036,0.277,F04,RESIDUAL_MOMENTUM,research_simulation
20240701,000037,0.627,F04,RESIDUAL_MOMENTUM,research_simulation
20240701,000039,0.951,F04,RESIDUAL_MOMENTUM,research_simulation
20240701,000042,0.975,F04,RESIDUAL_MOMENTUM,research_simulation
20240701,000045,0.062,F04,RESIDUAL_MOMENTUM,research_simulation
20240701,000048,0.656,F04,RESIDUAL_MOMENTUM,research_simulation
20240701,000049,0.317,F04,RESIDUAL_MOMENTUM,research_simulation
20240701,000050,0.998,F04,RESIDUAL_MOMENTUM,research_simulation
20240701,000055,0.681,F04,RESIDUAL_MOMENTUM,research_simulation
20240701,000056,0.709,F04,RESIDUAL_MOMENTUM,research_simulation
20240701,000058,0.787,F04,RESIDUAL_MOMENTUM,research_simulation
20240701,000059,0.494,F04,RESIDUAL_MOMENTUM,research_simulation
20240701,000060,0.178,F04,RESIDUAL_MOMENTUM,research_simulation
20240701,000061,0.696,F04,RESIDUAL_MOMENTUM,research_simulation
20240701,000062,0.862,F04,RESIDUAL_MOMENTUM,research_simulation
20240701,000063,0.702,F04,RESIDUAL_MOMENTUM,research_simulation
20240701,000065,0.061,F04,RESIDUAL_MOMENTUM,research_simulation
20240701,000066,0.51,F04,RESIDUAL_MOMENTUM,research_simulation
20240701,000068,0.865,F04,RESIDUAL_MOMENTUM,research_simulation
20240701,000069,0.811,F04,RESIDUAL_MOMENTUM,research_simulation
20240701,000070,0.679,F04,RESIDUAL_MOMENTUM,research_simulation
20240701,000078,0.221,F04,RESIDUAL_MOMENTUM,research_simulation
20240701,000088,0.837,F04,RESIDUAL_MOMENTUM,research_simulation
20240701,000089,0.993,F04,RESIDUAL_MOMENTUM,research_simulation
20240701,000090,0.264,F04,RESIDUAL_MOMENTUM,research_simulation
20240701,000096,0.589,F04,RESIDUAL_MOMENTUM,research_simulation
20240701,000099,0.484,F04,RESIDUAL_MOMENTUM,research_simulation
20240701,000100,0.317,F04,RESIDUAL_MOMENTUM,research_simulation
20240701,000151,0.955,F04,RESIDUAL_MOMENTUM,research_simulation
20240701,000153,0.616,F04,RESIDUAL_MOMENTUM,research_simulation
20240701,000155,0.171,F04,RESIDUAL_MOMENTUM,research_simulation
20240701,000156,0.559,F04,RESIDUAL_MOMENTUM,research_simulation
20240701,000157,0.329,F04,RESIDUAL_MOMENTUM,research_simulation
20240701,000158,0.764,F04,RESIDUAL_MOMENTUM,research_simulation
20240701,000159,0.702,F04,RESIDUAL_MOMENTUM,research_simulation
20240701,000166,0.683,F04,RESIDUAL_MOMENTUM,research_simulation
20240701,000301,0.384,F04,RESIDUAL_MOMENTUM,research_simulation
20240701,000333,0.591,F04,RESIDUAL_MOMENTUM,research_simulation
20240701,000338,0.548,F04,RESIDUAL_MOMENTUM,research_simulation
20240701,000400,0.587,F04,RESIDUAL_MOMENTUM,research_simulation
20240701,000401,0.244,F04,RESIDUAL_MOMENTUM,research_simulation
20240701,000402,0.287,F04,RESIDUAL_MOMENTUM,research_simulation
20240701,000403,0.614,F04,RESIDUAL_MOMENTUM,research_simulation
20240701,000404,0.642,F04,RESIDUAL_MOMENTUM,research_simulation
20240701,000407,0.692,F04,RESIDUAL_MOMENTUM,research_simulation
20240701,000408,0.452,F04,RESIDUAL_MOMENTUM,research_simulation
20240701,000409,0.288,F04,RESIDUAL_MOMENTUM,research_simulation
20240701,000410,0.843,F04,RESIDUAL_MOMENTUM,research_simulation
20240701,000411,0.079,F04,RESIDUAL_MOMENTUM,research_simulation
20240701,000415,0.651,F04,RESIDUAL_MOMENTUM,research_simulation
20240701,000417,0.922,F04,RESIDUAL_MOMENTUM,research_simulation
20240701,000419,0.968,F04,RESIDUAL_MOMENTUM,research_simulation
20240701,000420,0.139,F04,RESIDUAL_MOMENTUM,research_simulation
20240701,000421,0.056,F04,RESIDUAL_MOMENTUM,research_simulation
20240701,000422,0.21,F04,RESIDUAL_MOMENTUM,research_simulation
20240701,000423,0.698,F04,RESIDUAL_MOMENTUM,research_simulation
20240701,000425,0.662,F04,RESIDUAL_MOMENTUM,research_simulation
20240701,000426,0.048,F04,RESIDUAL_MOMENTUM,research_simulation
20240701,000428,0.531,F04,RESIDUAL_MOMENTUM,research_simulation
20240701,000429,0.615,F04,RESIDUAL_MOMENTUM,research_simulation
20240701,000430,0.745,F04,RESIDUAL_MOMENTUM,research_simulation
20240701,000488,0.526,F04,RESIDUAL_MOMENTUM,research_simulation
20240701,000498,0.649,F04,RESIDUAL_MOMENTUM,research_simulation
20240701,000501,0.053,F04,RESIDUAL_MOMENTUM,research_simulation
20240701,000503,0.111,F04,RESIDUAL_MOMENTUM,research_simulation
20240701,000504,0.94,F04,RESIDUAL_MOMENTUM,research_simulation
20240701,000505,0.905,F04,RESIDUAL_MOMENTUM,research_simulation
20240701,000506,0.835,F04,RESIDUAL_MOMENTUM,research_simulation
20240701,000507,0.648,F04,RESIDUAL_MOMENTUM,research_simulation
20240701,000509,0.021,F04,RESIDUAL_MOMENTUM,research_simulation
20240701,000510,0.65,F04,RESIDUAL_MOMENTUM,research_simulation
20240701,000513,0.919,F04,RESIDUAL_MOMENTUM,research_simulation
20240701,000514,0.9,F04,RESIDUAL_MOMENTUM,research_simulation
20240701,000516,0.779,F04,RESIDUAL_MOMENTUM,research_simulation
20240801,000001,0.24,F04,RESIDUAL_MOMENTUM,research_simulation
20240801,000002,0.539,F04,RESIDUAL_MOMENTUM,research_simulation
20240801,000004,0.669,F04,RESIDUAL_MOMENTUM,research_simulation
20240801,000006,0.299,F04,RESIDUAL_MOMENTUM,research_simulation
20240801,000007,0.357,F04,RESIDUAL_MOMENTUM,research_simulation
20240801,000008,0.196,F04,RESIDUAL_MOMENTUM,research_simulation
20240801,000009,0.087,F04,RESIDUAL_MOMENTUM,research_simulation
20240801,000010,0.219,F04,RESIDUAL_MOMENTUM,research_simulation
20240801,000011,0.955,F04,RESIDUAL_MOMENTUM,research_simulation
20240801,000012,0.299,F04,RESIDUAL_MOMENTUM,research_simulation
20240801,000014,0.38,F04,RESIDUAL_MOMENTUM,research_simulation
20240801,000016,0.206,F04,RESIDUAL_MOMENTUM,research_simulation
20240801,000017,0.23,F04,RESIDUAL_MOMENTUM,research_simulation
20240801,000019,0.566,F04,RESIDUAL_MOMENTUM,research_simulation
20240801,000020,0.355,F04,RESIDUAL_MOMENTUM,research_simulation
20240801,000021,0.787,F04,RESIDUAL_MOMENTUM,research_simulation
20240801,000025,0.765,F04,RESIDUAL_MOMENTUM,research_simulation
20240801,000026,0.233,F04,RESIDUAL_MOMENTUM,research_simulation
20240801,000027,0.692,F04,RESIDUAL_MOMENTUM,research_simulation
20240801,000028,0.039,F04,RESIDUAL_MOMENTUM,research_simulation
20240801,000029,0.629,F04,RESIDUAL_MOMENTUM,research_simulation
20240801,000030,0.397,F04,RESIDUAL_MOMENTUM,research_simulation
20240801,000031,0.02,F04,RESIDUAL_MOMENTUM,research_simulation
20240801,000032,0.127,F04,RESIDUAL_MOMENTUM,research_simulation
20240801,000034,0.527,F04,RESIDUAL_MOMENTUM,research_simulation
20240801,000035,0.588,F04,RESIDUAL_MOMENTUM,research_simulation
20240801,000036,0.112,F04,RESIDUAL_MOMENTUM,research_simulation
20240801,000037,0.631,F04,RESIDUAL_MOMENTUM,research_simulation
20240801,000039,0.19,F04,RESIDUAL_MOMENTUM,research_simulation
20240801,000042,0.401,F04,RESIDUAL_MOMENTUM,research_simulation
20240801,000045,0.315,F04,RESIDUAL_MOMENTUM,research_simulation
20240801,000048,0.14,F04,RESIDUAL_MOMENTUM,research_simulation
20240801,000049,0.084,F04,RESIDUAL_MOMENTUM,research_simulation
20240801,000050,0.64,F04,RESIDUAL_MOMENTUM,research_simulation
20240801,000055,0.268,F04,RESIDUAL_MOMENTUM,research_simulation
20240801,000056,0.586,F04,RESIDUAL_MOMENTUM,research_simulation
20240801,000058,0.977,F04,RESIDUAL_MOMENTUM,research_simulation
20240801,000059,0.481,F04,RESIDUAL_MOMENTUM,research_simulation
20240801,000060,0.34,F04,RESIDUAL_MOMENTUM,research_simulation
20240801,000061,0.954,F04,RESIDUAL_MOMENTUM,research_simulation
20240801,000062,0.055,F04,RESIDUAL_MOMENTUM,research_simulation
20240801,000063,0.874,F04,RESIDUAL_MOMENTUM,research_simulation
20240801,000065,0.669,F04,RESIDUAL_MOMENTUM,research_simulation
20240801,000066,0.474,F04,RESIDUAL_MOMENTUM,research_simulation
20240801,000068,0.242,F04,RESIDUAL_MOMENTUM,research_simulation
20240801,000069,0.798,F04,RESIDUAL_MOMENTUM,research_simulation
20240801,000070,0.14,F04,RESIDUAL_MOMENTUM,research_simulation
20240801,000078,0.122,F04,RESIDUAL_MOMENTUM,research_simulation
20240801,000088,0.05,F04,RESIDUAL_MOMENTUM,research_simulation
20240801,000089,0.757,F04,RESIDUAL_MOMENTUM,research_simulation
20240801,000090,0.466,F04,RESIDUAL_MOMENTUM,research_simulation
20240801,000096,0.093,F04,RESIDUAL_MOMENTUM,research_simulation
20240801,000099,0.367,F04,RESIDUAL_MOMENTUM,research_simulation
20240801,000100,0.427,F04,RESIDUAL_MOMENTUM,research_simulation
20240801,000151,0.584,F04,RESIDUAL_MOMENTUM,research_simulation
20240801,000153,0.484,F04,RESIDUAL_MOMENTUM,research_simulation
20240801,000155,0.923,F04,RESIDUAL_MOMENTUM,research_simulation
20240801,000156,0.578,F04,RESIDUAL_MOMENTUM,research_simulation
20240801,000157,0.662,F04,RESIDUAL_MOMENTUM,research_simulation
20240801,000158,0.84,F04,RESIDUAL_MOMENTUM,research_simulation
20240801,000159,0.534,F04,RESIDUAL_MOMENTUM,research_simulation
20240801,000166,0.034,F04,RESIDUAL_MOMENTUM,research_simulation
20240801,000301,0.709,F04,RESIDUAL_MOMENTUM,research_simulation
20240801,000333,0.914,F04,RESIDUAL_MOMENTUM,research_simulation
20240801,000338,0.443,F04,RESIDUAL_MOMENTUM,research_simulation
20240801,000400,0.681,F04,RESIDUAL_MOMENTUM,research_simulation
20240801,000401,0.842,F04,RESIDUAL_MOMENTUM,research_simulation
20240801,000402,0.207,F04,RESIDUAL_MOMENTUM,research_simulation
20240801,000403,0.258,F04,RESIDUAL_MOMENTUM,research_simulation
20240801,000404,0.059,F04,RESIDUAL_MOMENTUM,research_simulation
20240801,000407,0.15,F04,RESIDUAL_MOMENTUM,research_simulation
20240801,000408,0.525,F04,RESIDUAL_MOMENTUM,research_simulation
20240801,000409,0.848,F04,RESIDUAL_MOMENTUM,research_simulation
20240801,000410,0.911,F04,RESIDUAL_MOMENTUM,research_simulation
20240801,000411,0.066,F04,RESIDUAL_MOMENTUM,research_simulation
20240801,000415,0.03,F04,RESIDUAL_MOMENTUM,research_simulation
20240801,000417,0.406,F04,RESIDUAL_MOMENTUM,research_simulation
20240801,000419,0.84,F04,RESIDUAL_MOMENTUM,research_simulation
20240801,000420,0.637,F04,RESIDUAL_MOMENTUM,research_simulation
20240801,000421,0.627,F04,RESIDUAL_MOMENTUM,research_simulation
20240801,000422,0.425,F04,RESIDUAL_MOMENTUM,research_simulation
20240801,000423,0.634,F04,RESIDUAL_MOMENTUM,research_simulation
20240801,000425,0.843,F04,RESIDUAL_MOMENTUM,research_simulation
20240801,000426,0.856,F04,RESIDUAL_MOMENTUM,research_simulation
20240801,000428,0.306,F04,RESIDUAL_MOMENTUM,research_simulation
20240801,000429,0.591,F04,RESIDUAL_MOMENTUM,research_simulation
20240801,000430,0.579,F04,RESIDUAL_MOMENTUM,research_simulation
20240801,000488,0.503,F04,RESIDUAL_MOMENTUM,research_simulation
20240801,000498,0.181,F04,RESIDUAL_MOMENTUM,research_simulation
20240801,000501,0.862,F04,RESIDUAL_MOMENTUM,research_simulation
20240801,000503,0.991,F04,RESIDUAL_MOMENTUM,research_simulation
20240801,000504,0.473,F04,RESIDUAL_MOMENTUM,research_simulation
20240801,000505,0.362,F04,RESIDUAL_MOMENTUM,research_simulation
20240801,000506,0.661,F04,RESIDUAL_MOMENTUM,research_simulation
20240801,000507,0.991,F04,RESIDUAL_MOMENTUM,research_simulation
20240801,000509,0.279,F04,RESIDUAL_MOMENTUM,research_simulation
20240801,000510,0.814,F04,RESIDUAL_MOMENTUM,research_simulation
20240801,000513,0.393,F04,RESIDUAL_MOMENTUM,research_simulation
20240801,000514,0.869,F04,RESIDUAL_MOMENTUM,research_simulation
20240801,000516,0.076,F04,RESIDUAL_MOMENTUM,research_simulation
20240901,000001,0.386,F04,RESIDUAL_MOMENTUM,research_simulation
20240901,000002,0.782,F04,RESIDUAL_MOMENTUM,research_simulation
20240901,000004,0.591,F04,RESIDUAL_MOMENTUM,research_simulation
20240901,000006,0.225,F04,RESIDUAL_MOMENTUM,research_simulation
20240901,000007,0.873,F04,RESIDUAL_MOMENTUM,research_simulation
20240901,000008,0.898,F04,RESIDUAL_MOMENTUM,research_simulation
20240901,000009,0.262,F04,RESIDUAL_MOMENTUM,research_simulation
20240901,000010,0.795,F04,RESIDUAL_MOMENTUM,research_simulation
20240901,000011,0.493,F04,RESIDUAL_MOMENTUM,research_simulation
20240901,000012,0.486,F04,RESIDUAL_MOMENTUM,research_simulation
20240901,000014,0.53,F04,RESIDUAL_MOMENTUM,research_simulation
20240901,000016,0.483,F04,RESIDUAL_MOMENTUM,research_simulation
20240901,000017,0.647,F04,RESIDUAL_MOMENTUM,research_simulation
20240901,000019,0.27,F04,RESIDUAL_MOMENTUM,research_simulation
20240901,000020,0.181,F04,RESIDUAL_MOMENTUM,research_simulation
20240901,000021,0.852,F04,RESIDUAL_MOMENTUM,research_simulation
20240901,000025,0.161,F04,RESIDUAL_MOMENTUM,research_simulation
20240901,000026,0.13,F04,RESIDUAL_MOMENTUM,research_simulation
20240901,000027,0.436,F04,RESIDUAL_MOMENTUM,research_simulation
20240901,000028,0.485,F04,RESIDUAL_MOMENTUM,research_simulation
20240901,000029,0.825,F04,RESIDUAL_MOMENTUM,research_simulation
20240901,000030,0.759,F04,RESIDUAL_MOMENTUM,research_simulation
20240901,000031,0.735,F04,RESIDUAL_MOMENTUM,research_simulation
20240901,000032,0.487,F04,RESIDUAL_MOMENTUM,research_simulation
20240901,000034,0.215,F04,RESIDUAL_MOMENTUM,research_simulation
20240901,000035,0.991,F04,RESIDUAL_MOMENTUM,research_simulation
20240901,000036,0.071,F04,RESIDUAL_MOMENTUM,research_simulation
20240901,000037,0.547,F04,RESIDUAL_MOMENTUM,research_simulation
20240901,000039,0.712,F04,RESIDUAL_MOMENTUM,research_simulation
20240901,000042,0.425,F04,RESIDUAL_MOMENTUM,research_simulation
20240901,000045,0.499,F04,RESIDUAL_MOMENTUM,research_simulation
20240901,000048,0.305,F04,RESIDUAL_MOMENTUM,research_simulation
20240901,000049,0.1,F04,RESIDUAL_MOMENTUM,research_simulation
20240901,000050,0.68,F04,RESIDUAL_MOMENTUM,research_simulation
20240901,000055,0.442,F04,RESIDUAL_MOMENTUM,research_simulation
20240901,000056,0.412,F04,RESIDUAL_MOMENTUM,research_simulation
20240901,000058,0.421,F04,RESIDUAL_MOMENTUM,research_simulation
20240901,000059,0.705,F04,RESIDUAL_MOMENTUM,research_simulation
20240901,000060,0.242,F04,RESIDUAL_MOMENTUM,research_simulation
20240901,000061,0.986,F04,RESIDUAL_MOMENTUM,research_simulation
20240901,000062,0.233,F04,RESIDUAL_MOMENTUM,research_simulation
20240901,000063,0.637,F04,RESIDUAL_MOMENTUM,research_simulation
20240901,000065,0.278,F04,RESIDUAL_MOMENTUM,research_simulation
20240901,000066,0.82,F04,RESIDUAL_MOMENTUM,research_simulation
20240901,000068,0.099,F04,RESIDUAL_MOMENTUM,research_simulation
20240901,000069,0.941,F04,RESIDUAL_MOMENTUM,research_simulation
20240901,000070,0.6,F04,RESIDUAL_MOMENTUM,research_simulation
20240901,000078,0.443,F04,RESIDUAL_MOMENTUM,research_simulation
20240901,000088,0.634,F04,RESIDUAL_MOMENTUM,research_simulation
20240901,000089,0.903,F04,RESIDUAL_MOMENTUM,research_simulation
20240901,000090,0.585,F04,RESIDUAL_MOMENTUM,research_simulation
20240901,000096,0.31,F04,RESIDUAL_MOMENTUM,research_simulation
20240901,000099,0.738,F04,RESIDUAL_MOMENTUM,research_simulation
20240901,000100,0.816,F04,RESIDUAL_MOMENTUM,research_simulation
20240901,000151,0.356,F04,RESIDUAL_MOMENTUM,research_simulation
20240901,000153,0.212,F04,RESIDUAL_MOMENTUM,research_simulation
20240901,000155,0.13,F04,RESIDUAL_MOMENTUM,research_simulation
20240901,000156,0.25,F04,RESIDUAL_MOMENTUM,research_simulation
20240901,000157,0.567,F04,RESIDUAL_MOMENTUM,research_simulation
20240901,000158,0.509,F04,RESIDUAL_MOMENTUM,research_simulation
20240901,000159,0.321,F04,RESIDUAL_MOMENTUM,research_simulation
20240901,000166,0.624,F04,RESIDUAL_MOMENTUM,research_simulation
20240901,000301,0.783,F04,RESIDUAL_MOMENTUM,research_simulation
20240901,000333,0.045,F04,RESIDUAL_MOMENTUM,research_simulation
20240901,000338,0.804,F04,RESIDUAL_MOMENTUM,research_simulation
20240901,000400,0.934,F04,RESIDUAL_MOMENTUM,research_simulation
20240901,000401,0.971,F04,RESIDUAL_MOMENTUM,research_simulation
20240901,000402,0.913,F04,RESIDUAL_MOMENTUM,research_simulation
20240901,000403,0.626,F04,RESIDUAL_MOMENTUM,research_simulation
20240901,000404,0.835,F04,RESIDUAL_MOMENTUM,research_simulation
20240901,000407,0.891,F04,RESIDUAL_MOMENTUM,research_simulation
20240901,000408,0.163,F04,RESIDUAL_MOMENTUM,research_simulation
20240901,000409,0.325,F04,RESIDUAL_MOMENTUM,research_simulation
20240901,000410,0.443,F04,RESIDUAL_MOMENTUM,research_simulation
20240901,000411,0.325,F04,RESIDUAL_MOMENTUM,research_simulation
20240901,000415,0.972,F04,RESIDUAL_MOMENTUM,research_simulation
20240901,000417,0.806,F04,RESIDUAL_MOMENTUM,research_simulation
20240901,000419,0.129,F04,RESIDUAL_MOMENTUM,research_simulation
20240901,000420,0.689,F04,RESIDUAL_MOMENTUM,research_simulation
20240901,000421,0.299,F04,RESIDUAL_MOMENTUM,research_simulation
20240901,000422,0.661,F04,RESIDUAL_MOMENTUM,research_simulation
20240901,000423,0.065,F04,RESIDUAL_MOMENTUM,research_simulation
20240901,000425,0.117,F04,RESIDUAL_MOMENTUM,research_simulation
20240901,000426,0.083,F04,RESIDUAL_MOMENTUM,research_simulation
20240901,000428,0.511,F04,RESIDUAL_MOMENTUM,research_simulation
20240901,000429,0.452,F04,RESIDUAL_MOMENTUM,research_simulation
20240901,000430,0.972,F04,RESIDUAL_MOMENTUM,research_simulation
20240901,000488,0.73,F04,RESIDUAL_MOMENTUM,research_simulation
20240901,000498,0.696,F04,RESIDUAL_MOMENTUM,research_simulation
20240901,000501,0.05,F04,RESIDUAL_MOMENTUM,research_simulation
20240901,000503,0.198,F04,RESIDUAL_MOMENTUM,research_simulation
20240901,000504,0.673,F04,RESIDUAL_MOMENTUM,research_simulation
20240901,000505,0.091,F04,RESIDUAL_MOMENTUM,research_simulation
20240901,000506,0.736,F04,RESIDUAL_MOMENTUM,research_simulation
20240901,000507,0.674,F04,RESIDUAL_MOMENTUM,research_simulation
20240901,000509,0.187,F04,RESIDUAL_MOMENTUM,research_simulation
20240901,000510,0.282,F04,RESIDUAL_MOMENTUM,research_simulation
20240901,000513,0.818,F04,RESIDUAL_MOMENTUM,research_simulation
20240901,000514,0.873,F04,RESIDUAL_MOMENTUM,research_simulation
20240901,000516,0.631,F04,RESIDUAL_MOMENTUM,research_simulation
20241001,000001,0.816,F04,RESIDUAL_MOMENTUM,research_simulation
20241001,000002,0.996,F04,RESIDUAL_MOMENTUM,research_simulation
20241001,000004,0.475,F04,RESIDUAL_MOMENTUM,research_simulation
20241001,000006,0.843,F04,RESIDUAL_MOMENTUM,research_simulation
20241001,000007,0.711,F04,RESIDUAL_MOMENTUM,research_simulation
20241001,000008,0.171,F04,RESIDUAL_MOMENTUM,research_simulation
20241001,000009,0.834,F04,RESIDUAL_MOMENTUM,research_simulation
20241001,000010,0.304,F04,RESIDUAL_MOMENTUM,research_simulation
20241001,000011,0.115,F04,RESIDUAL_MOMENTUM,research_simulation
20241001,000012,0.701,F04,RESIDUAL_MOMENTUM,research_simulation
20241001,000014,0.039,F04,RESIDUAL_MOMENTUM,research_simulation
20241001,000016,0.701,F04,RESIDUAL_MOMENTUM,research_simulation
20241001,000017,0.827,F04,RESIDUAL_MOMENTUM,research_simulation
20241001,000019,0.376,F04,RESIDUAL_MOMENTUM,research_simulation
20241001,000020,0.539,F04,RESIDUAL_MOMENTUM,research_simulation
20241001,000021,0.081,F04,RESIDUAL_MOMENTUM,research_simulation
20241001,000025,0.236,F04,RESIDUAL_MOMENTUM,research_simulation
20241001,000026,0.587,F04,RESIDUAL_MOMENTUM,research_simulation
20241001,000027,0.73,F04,RESIDUAL_MOMENTUM,research_simulation
20241001,000028,0.39,F04,RESIDUAL_MOMENTUM,research_simulation
20241001,000029,0.782,F04,RESIDUAL_MOMENTUM,research_simulation
20241001,000030,0.546,F04,RESIDUAL_MOMENTUM,research_simulation
20241001,000031,0.642,F04,RESIDUAL_MOMENTUM,research_simulation
20241001,000032,0.25,F04,RESIDUAL_MOMENTUM,research_simulation
20241001,000034,0.465,F04,RESIDUAL_MOMENTUM,research_simulation
20241001,000035,0.812,F04,RESIDUAL_MOMENTUM,research_simulation
20241001,000036,0.845,F04,RESIDUAL_MOMENTUM,research_simulation
20241001,000037,0.571,F04,RESIDUAL_MOMENTUM,research_simulation
20241001,000039,0.998,F04,RESIDUAL_MOMENTUM,research_simulation
20241001,000042,0.805,F04,RESIDUAL_MOMENTUM,research_simulation
20241001,000045,0.523,F04,RESIDUAL_MOMENTUM,research_simulation
20241001,000048,0.631,F04,RESIDUAL_MOMENTUM,research_simulation
20241001,000049,0.095,F04,RESIDUAL_MOMENTUM,research_simulation
20241001,000050,0.18,F04,RESIDUAL_MOMENTUM,research_simulation
20241001,000055,0.52,F04,RESIDUAL_MOMENTUM,research_simulation
20241001,000056,0.635,F04,RESIDUAL_MOMENTUM,research_simulation
20241001,000058,0.25,F04,RESIDUAL_MOMENTUM,research_simulation
20241001,000059,0.366,F04,RESIDUAL_MOMENTUM,research_simulation
20241001,000060,0.784,F04,RESIDUAL_MOMENTUM,research_simulation
20241001,000061,0.35,F04,RESIDUAL_MOMENTUM,research_simulation
20241001,000062,0.261,F04,RESIDUAL_MOMENTUM,research_simulation
20241001,000063,0.332,F04,RESIDUAL_MOMENTUM,research_simulation
20241001,000065,0.589,F04,RESIDUAL_MOMENTUM,research_simulation
20241001,000066,0.115,F04,RESIDUAL_MOMENTUM,research_simulation
20241001,000068,0.102,F04,RESIDUAL_MOMENTUM,research_simulation
20241001,000069,0.429,F04,RESIDUAL_MOMENTUM,research_simulation
20241001,000070,0.932,F04,RESIDUAL_MOMENTUM,research_simulation
20241001,000078,0.693,F04,RESIDUAL_MOMENTUM,research_simulation
20241001,000088,0.619,F04,RESIDUAL_MOMENTUM,research_simulation
20241001,000089,0.339,F04,RESIDUAL_MOMENTUM,research_simulation
20241001,000090,0.301,F04,RESIDUAL_MOMENTUM,research_simulation
20241001,000096,0.473,F04,RESIDUAL_MOMENTUM,research_simulation
20241001,000099,0.261,F04,RESIDUAL_MOMENTUM,research_simulation
20241001,000100,0.075,F04,RESIDUAL_MOMENTUM,research_simulation
20241001,000151,0.028,F04,RESIDUAL_MOMENTUM,research_simulation
20241001,000153,0.199,F04,RESIDUAL_MOMENTUM,research_simulation
20241001,000155,0.451,F04,RESIDUAL_MOMENTUM,research_simulation
20241001,000156,0.302,F04,RESIDUAL_MOMENTUM,research_simulation
20241001,000157,0.882,F04,RESIDUAL_MOMENTUM,research_simulation
20241001,000158,0.061,F04,RESIDUAL_MOMENTUM,research_simulation
20241001,000159,0.864,F04,RESIDUAL_MOMENTUM,research_simulation
20241001,000166,0.636,F04,RESIDUAL_MOMENTUM,research_simulation
20241001,000301,0.491,F04,RESIDUAL_MOMENTUM,research_simulation
20241001,000333,0.087,F04,RESIDUAL_MOMENTUM,research_simulation
20241001,000338,0.298,F04,RESIDUAL_MOMENTUM,research_simulation
20241001,000400,0.83,F04,RESIDUAL_MOMENTUM,research_simulation
20241001,000401,0.617,F04,RESIDUAL_MOMENTUM,research_simulation
20241001,000402,0.766,F04,RESIDUAL_MOMENTUM,research_simulation
20241001,000403,0.716,F04,RESIDUAL_MOMENTUM,research_simulation
20241001,000404,0.49,F04,RESIDUAL_MOMENTUM,research_simulation
20241001,000407,0.835,F04,RESIDUAL_MOMENTUM,research_simulation
20241001,000408,0.816,F04,RESIDUAL_MOMENTUM,research_simulation
20241001,000409,0.742,F04,RESIDUAL_MOMENTUM,research_simulation
20241001,000410,0.86,F04,RESIDUAL_MOMENTUM,research_simulation
20241001,000411,0.899,F04,RESIDUAL_MOMENTUM,research_simulation
20241001,000415,0.393,F04,RESIDUAL_MOMENTUM,research_simulation
20241001,000417,0.939,F04,RESIDUAL_MOMENTUM,research_simulation
20241001,000419,0.85,F04,RESIDUAL_MOMENTUM,research_simulation
20241001,000420,0.417,F04,RESIDUAL_MOMENTUM,research_simulation
20241001,000421,0.015,F04,RESIDUAL_MOMENTUM,research_simulation
20241001,000422,0.797,F04,RESIDUAL_MOMENTUM,research_simulation
20241001,000423,0.119,F04,RESIDUAL_MOMENTUM,research_simulation
20241001,000425,0.355,F04,RESIDUAL_MOMENTUM,research_simulation
20241001,000426,0.415,F04,RESIDUAL_MOMENTUM,research_simulation
20241001,000428,0.309,F04,RESIDUAL_MOMENTUM,research_simulation
20241001,000429,0.048,F04,RESIDUAL_MOMENTUM,research_simulation
20241001,000430,0.019,F04,RESIDUAL_MOMENTUM,research_simulation
20241001,000488,0.833,F04,RESIDUAL_MOMENTUM,research_simulation
20241001,000498,0.12,F04,RESIDUAL_MOMENTUM,research_simulation
20241001,000501,0.651,F04,RESIDUAL_MOMENTUM,research_simulation
20241001,000503,0.377,F04,RESIDUAL_MOMENTUM,research_simulation
20241001,000504,0.397,F04,RESIDUAL_MOMENTUM,research_simulation
20241001,000505,0.917,F04,RESIDUAL_MOMENTUM,research_simulation
20241001,000506,0.719,F04,RESIDUAL_MOMENTUM,research_simulation
20241001,000507,0.593,F04,RESIDUAL_MOMENTUM,research_simulation
20241001,000509,0.793,F04,RESIDUAL_MOMENTUM,research_simulation
20241001,000510,0.358,F04,RESIDUAL_MOMENTUM,research_simulation
20241001,000513,0.594,F04,RESIDUAL_MOMENTUM,research_simulation
20241001,000514,0.46,F04,RESIDUAL_MOMENTUM,research_simulation
20241001,000516,0.79,F04,RESIDUAL_MOMENTUM,research_simulation
20250201,000001,0.764,F04,RESIDUAL_MOMENTUM,research_simulation
20250201,000002,0.285,F04,RESIDUAL_MOMENTUM,research_simulation
20250201,000004,0.982,F04,RESIDUAL_MOMENTUM,research_simulation
20250201,000006,0.469,F04,RESIDUAL_MOMENTUM,research_simulation
20250201,000007,0.364,F04,RESIDUAL_MOMENTUM,research_simulation
20250201,000008,0.562,F04,RESIDUAL_MOMENTUM,research_simulation
20250201,000009,0.995,F04,RESIDUAL_MOMENTUM,research_simulation
20250201,000010,0.201,F04,RESIDUAL_MOMENTUM,research_simulation
20250201,000011,0.037,F04,RESIDUAL_MOMENTUM,research_simulation
20250201,000012,0.12,F04,RESIDUAL_MOMENTUM,research_simulation
20250201,000014,0.811,F04,RESIDUAL_MOMENTUM,research_simulation
20250201,000016,0.434,F04,RESIDUAL_MOMENTUM,research_simulation
20250201,000017,0.966,F04,RESIDUAL_MOMENTUM,research_simulation
20250201,000019,0.865,F04,RESIDUAL_MOMENTUM,research_simulation
20250201,000020,0.686,F04,RESIDUAL_MOMENTUM,research_simulation
20250201,000021,0.371,F04,RESIDUAL_MOMENTUM,research_simulation
20250201,000025,0.646,F04,RESIDUAL_MOMENTUM,research_simulation
20250201,000026,0.586,F04,RESIDUAL_MOMENTUM,research_simulation
20250201,000027,0.837,F04,RESIDUAL_MOMENTUM,research_simulation
20250201,000028,0.105,F04,RESIDUAL_MOMENTUM,research_simulation
20250201,000029,0.6,F04,RESIDUAL_MOMENTUM,research_simulation
20250201,000030,0.752,F04,RESIDUAL_MOMENTUM,research_simulation
20250201,000031,0.936,F04,RESIDUAL_MOMENTUM,research_simulation
20250201,000032,0.563,F04,RESIDUAL_MOMENTUM,research_simulation
20250201,000034,0.594,F04,RESIDUAL_MOMENTUM,research_simulation
20250201,000035,0.975,F04,RESIDUAL_MOMENTUM,research_simulation
20250201,000036,0.038,F04,RESIDUAL_MOMENTUM,research_simulation
20250201,000037,0.814,F04,RESIDUAL_MOMENTUM,research_simulation
20250201,000039,0.229,F04,RESIDUAL_MOMENTUM,research_simulation
20250201,000042,0.709,F04,RESIDUAL_MOMENTUM,research_simulation
20250201,000045,0.494,F04,RESIDUAL_MOMENTUM,research_simulation
20250201,000048,0.448,F04,RESIDUAL_MOMENTUM,research_simulation
20250201,000049,0.647,F04,RESIDUAL_MOMENTUM,research_simulation
20250201,000050,0.507,F04,RESIDUAL_MOMENTUM,research_simulation
20250201,000055,0.928,F04,RESIDUAL_MOMENTUM,research_simulation
20250201,000056,0.527,F04,RESIDUAL_MOMENTUM,research_simulation
20250201,000058,0.291,F04,RESIDUAL_MOMENTUM,research_simulation
20250201,000059,0.153,F04,RESIDUAL_MOMENTUM,research_simulation
20250201,000060,0.508,F04,RESIDUAL_MOMENTUM,research_simulation
20250201,000061,0.505,F04,RESIDUAL_MOMENTUM,research_simulation
20250201,000062,0.611,F04,RESIDUAL_MOMENTUM,research_simulation
20250201,000063,0.088,F04,RESIDUAL_MOMENTUM,research_simulation
20250201,000065,0.102,F04,RESIDUAL_MOMENTUM,research_simulation
20250201,000066,0.017,F04,RESIDUAL_MOMENTUM,research_simulation
20250201,000068,0.812,F04,RESIDUAL_MOMENTUM,research_simulation
20250201,000069,0.354,F04,RESIDUAL_MOMENTUM,research_simulation
20250201,000070,0.497,F04,RESIDUAL_MOMENTUM,research_simulation
20250201,000078,0.083,F04,RESIDUAL_MOMENTUM,research_simulation
20250201,000088,0.97,F04,RESIDUAL_MOMENTUM,research_simulation
20250201,000089,0.942,F04,RESIDUAL_MOMENTUM,research_simulation
20250201,000090,0.48,F04,RESIDUAL_MOMENTUM,research_simulation
20250201,000096,0.446,F04,RESIDUAL_MOMENTUM,research_simulation
20250201,000099,0.966,F04,RESIDUAL_MOMENTUM,research_simulation
20250201,000100,0.671,F04,RESIDUAL_MOMENTUM,research_simulation
20250201,000151,0.291,F04,RESIDUAL_MOMENTUM,research_simulation
20250201,000153,0.906,F04,RESIDUAL_MOMENTUM,research_simulation
20250201,000155,0.354,F04,RESIDUAL_MOMENTUM,research_simulation
20250201,000156,0.068,F04,RESIDUAL_MOMENTUM,research_simulation
20250201,000157,0.278,F04,RESIDUAL_MOMENTUM,research_simulation
20250201,000158,0.706,F04,RESIDUAL_MOMENTUM,research_simulation
20250201,000159,0.718,F04,RESIDUAL_MOMENTUM,research_simulation
20250201,000166,0.366,F04,RESIDUAL_MOMENTUM,research_simulation
20250201,000301,0.884,F04,RESIDUAL_MOMENTUM,research_simulation
20250201,000333,0.92,F04,RESIDUAL_MOMENTUM,research_simulation
20250201,000338,0.575,F04,RESIDUAL_MOMENTUM,research_simulation
20250201,000400,0.11,F04,RESIDUAL_MOMENTUM,research_simulation
20250201,000401,0.025,F04,RESIDUAL_MOMENTUM,research_simulation
20250201,000402,0.038,F04,RESIDUAL_MOMENTUM,research_simulation
20250201,000403,0.497,F04,RESIDUAL_MOMENTUM,research_simulation
20250201,000404,0.009,F04,RESIDUAL_MOMENTUM,research_simulation
20250201,000407,0.535,F04,RESIDUAL_MOMENTUM,research_simulation
20250201,000408,0.703,F04,RESIDUAL_MOMENTUM,research_simulation
20250201,000409,0.926,F04,RESIDUAL_MOMENTUM,research_simulation
20250201,000410,0.643,F04,RESIDUAL_MOMENTUM,research_simulation
20250201,000411,0.597,F04,RESIDUAL_MOMENTUM,research_simulation
20250201,000415,0.481,F04,RESIDUAL_MOMENTUM,research_simulation
20250201,000417,0.495,F04,RESIDUAL_MOMENTUM,research_simulation
20250201,000419,0.55,F04,RESIDUAL_MOMENTUM,research_simulation
20250201,000420,0.298,F04,RESIDUAL_MOMENTUM,research_simulation
20250201,000421,0.162,F04,RESIDUAL_MOMENTUM,research_simulation
20250201,000422,0.848,F04,RESIDUAL_MOMENTUM,research_simulation
20250201,000423,0.609,F04,RESIDUAL_MOMENTUM,research_simulation
20250201,000425,0.064,F04,RESIDUAL_MOMENTUM,research_simulation
20250201,000426,0.622,F04,RESIDUAL_MOMENTUM,research_simulation
20250201,000428,0.741,F04,RESIDUAL_MOMENTUM,research_simulation
20250201,000429,0.596,F04,RESIDUAL_MOMENTUM,research_simulation
20250201,000430,0.34,F04,RESIDUAL_MOMENTUM,research_simulation
20250201,000488,0.471,F04,RESIDUAL_MOMENTUM,research_simulation
20250201,000498,0.392,F04,RESIDUAL_MOMENTUM,research_simulation
20250201,000501,0.032,F04,RESIDUAL_MOMENTUM,research_simulation
20250201,000503,0.288,F04,RESIDUAL_MOMENTUM,research_simulation
20250201,000504,0.041,F04,RESIDUAL_MOMENTUM,research_simulation
20250201,000505,0.898,F04,RESIDUAL_MOMENTUM,research_simulation
20250201,000506,0.144,F04,RESIDUAL_MOMENTUM,research_simulation
20250201,000507,0.383,F04,RESIDUAL_MOMENTUM,research_simulation
20250201,000509,0.773,F04,RESIDUAL_MOMENTUM,research_simulation
20250201,000510,0.558,F04,RESIDUAL_MOMENTUM,research_simulation
20250201,000513,0.556,F04,RESIDUAL_MOMENTUM,research_simulation
20250201,000514,0.387,F04,RESIDUAL_MOMENTUM,research_simulation
20250201,000516,0.567,F04,RESIDUAL_MOMENTUM,research_simulation
20250501,000001,0.855,F04,RESIDUAL_MOMENTUM,research_simulation
20250501,000002,0.31,F04,RESIDUAL_MOMENTUM,research_simulation
20250501,000004,0.708,F04,RESIDUAL_MOMENTUM,research_simulation
20250501,000006,0.936,F04,RESIDUAL_MOMENTUM,research_simulation
20250501,000007,0.312,F04,RESIDUAL_MOMENTUM,research_simulation
20250501,000008,0.822,F04,RESIDUAL_MOMENTUM,research_simulation
20250501,000009,0.271,F04,RESIDUAL_MOMENTUM,research_simulation
20250501,000010,0.307,F04,RESIDUAL_MOMENTUM,research_simulation
20250501,000011,0.152,F04,RESIDUAL_MOMENTUM,research_simulation
20250501,000012,0.894,F04,RESIDUAL_MOMENTUM,research_simulation
20250501,000014,0.019,F04,RESIDUAL_MOMENTUM,research_simulation
20250501,000016,0.524,F04,RESIDUAL_MOMENTUM,research_simulation
20250501,000017,0.849,F04,RESIDUAL_MOMENTUM,research_simulation
20250501,000019,0.62,F04,RESIDUAL_MOMENTUM,research_simulation
20250501,000020,0.256,F04,RESIDUAL_MOMENTUM,research_simulation
20250501,000021,0.171,F04,RESIDUAL_MOMENTUM,research_simulation
20250501,000025,0.216,F04,RESIDUAL_MOMENTUM,research_simulation
20250501,000026,0.224,F04,RESIDUAL_MOMENTUM,research_simulation
20250501,000027,0.466,F04,RESIDUAL_MOMENTUM,research_simulation
20250501,000028,0.918,F04,RESIDUAL_MOMENTUM,research_simulation
20250501,000029,0.823,F04,RESIDUAL_MOMENTUM,research_simulation
20250501,000030,0.91,F04,RESIDUAL_MOMENTUM,research_simulation
20250501,000031,0.668,F04,RESIDUAL_MOMENTUM,research_simulation
20250501,000032,0.533,F04,RESIDUAL_MOMENTUM,research_simulation
20250501,000034,0.362,F04,RESIDUAL_MOMENTUM,research_simulation
20250501,000035,0.154,F04,RESIDUAL_MOMENTUM,research_simulation
20250501,000036,0.112,F04,RESIDUAL_MOMENTUM,research_simulation
20250501,000037,0.954,F04,RESIDUAL_MOMENTUM,research_simulation
20250501,000039,0.836,F04,RESIDUAL_MOMENTUM,research_simulation
20250501,000042,0.925,F04,RESIDUAL_MOMENTUM,research_simulation
20250501,000045,0.553,F04,RESIDUAL_MOMENTUM,research_simulation
20250501,000048,0.207,F04,RESIDUAL_MOMENTUM,research_simulation
20250501,000049,0.972,F04,RESIDUAL_MOMENTUM,research_simulation
20250501,000050,0.566,F04,RESIDUAL_MOMENTUM,research_simulation
20250501,000055,0.414,F04,RESIDUAL_MOMENTUM,research_simulation
20250501,000056,0.9,F04,RESIDUAL_MOMENTUM,research_simulation
20250501,000058,0.611,F04,RESIDUAL_MOMENTUM,research_simulation
20250501,000059,0.77,F04,RESIDUAL_MOMENTUM,research_simulation
20250501,000060,0.008,F04,RESIDUAL_MOMENTUM,research_simulation
20250501,000061,0.043,F04,RESIDUAL_MOMENTUM,research_simulation
20250501,000062,0.593,F04,RESIDUAL_MOMENTUM,research_simulation
20250501,000063,0.598,F04,RESIDUAL_MOMENTUM,research_simulation
20250501,000065,0.173,F04,RESIDUAL_MOMENTUM,research_simulation
20250501,000066,0.314,F04,RESIDUAL_MOMENTUM,research_simulation
20250501,000068,0.047,F04,RESIDUAL_MOMENTUM,research_simulation
20250501,000069,0.496,F04,RESIDUAL_MOMENTUM,research_simulation
20250501,000070,0.91,F04,RESIDUAL_MOMENTUM,research_simulation
20250501,000078,0.163,F04,RESIDUAL_MOMENTUM,research_simulation
20250501,000088,0.028,F04,RESIDUAL_MOMENTUM,research_simulation
20250501,000089,0.124,F04,RESIDUAL_MOMENTUM,research_simulation
20250501,000090,0.646,F04,RESIDUAL_MOMENTUM,research_simulation
20250501,000096,0.311,F04,RESIDUAL_MOMENTUM,research_simulation
20250501,000099,0.272,F04,RESIDUAL_MOMENTUM,research_simulation
20250501,000100,0.689,F04,RESIDUAL_MOMENTUM,research_simulation
20250501,000151,0.356,F04,RESIDUAL_MOMENTUM,research_simulation
20250501,000153,0.039,F04,RESIDUAL_MOMENTUM,research_simulation
20250501,000155,0.597,F04,RESIDUAL_MOMENTUM,research_simulation
20250501,000156,0.543,F04,RESIDUAL_MOMENTUM,research_simulation
20250501,000157,0.384,F04,RESIDUAL_MOMENTUM,research_simulation
20250501,000158,0.073,F04,RESIDUAL_MOMENTUM,research_simulation
20250501,000159,0.823,F04,RESIDUAL_MOMENTUM,research_simulation
20250501,000166,0.068,F04,RESIDUAL_MOMENTUM,research_simulation
20250501,000301,0.772,F04,RESIDUAL_MOMENTUM,research_simulation
20250501,000333,0.499,F04,RESIDUAL_MOMENTUM,research_simulation
20250501,000338,0.887,F04,RESIDUAL_MOMENTUM,research_simulation
20250501,000400,0.012,F04,RESIDUAL_MOMENTUM,research_simulation
20250501,000401,0.043,F04,RESIDUAL_MOMENTUM,research_simulation
20250501,000402,0.21,F04,RESIDUAL_MOMENTUM,research_simulation
20250501,000403,0.063,F04,RESIDUAL_MOMENTUM,research_simulation
20250501,000404,0.13,F04,RESIDUAL_MOMENTUM,research_simulation
20250501,000407,0.735,F04,RESIDUAL_MOMENTUM,research_simulation
20250501,000408,0.989,F04,RESIDUAL_MOMENTUM,research_simulation
20250501,000409,0.678,F04,RESIDUAL_MOMENTUM,research_simulation
20250501,000410,0.331,F04,RESIDUAL_MOMENTUM,research_simulation
20250501,000411,0.554,F04,RESIDUAL_MOMENTUM,research_simulation
20250501,000415,0.833,F04,RESIDUAL_MOMENTUM,research_simulation
20250501,000417,0.843,F04,RESIDUAL_MOMENTUM,research_simulation
20250501,000419,0.225,F04,RESIDUAL_MOMENTUM,research_simulation
20250501,000420,0.162,F04,RESIDUAL_MOMENTUM,research_simulation
20250501,000421,0.294,F04,RESIDUAL_MOMENTUM,research_simulation
20250501,000422,0.027,F04,RESIDUAL_MOMENTUM,research_simulation
20250501,000423,0.295,F04,RESIDUAL_MOMENTUM,research_simulation
20250501,000425,0.516,F04,RESIDUAL_MOMENTUM,research_simulation
20250501,000426,0.56,F04,RESIDUAL_MOMENTUM,research_simulation
20250501,000428,0.469,F04,RESIDUAL_MOMENTUM,research_simulation
20250501,000429,0.94,F04,RESIDUAL_MOMENTUM,research_simulation
20250501,000430,0.616,F04,RESIDUAL_MOMENTUM,research_simulation
20250501,000488,0.238,F04,RESIDUAL_MOMENTUM,research_simulation
20250501,000498,0.924,F04,RESIDUAL_MOMENTUM,research_simulation
20250501,000501,0.171,F04,RESIDUAL_MOMENTUM,research_simulation
20250501,000503,0.22,F04,RESIDUAL_MOMENTUM,research_simulation
20250501,000504,0.781,F04,RESIDUAL_MOMENTUM,research_simulation
20250501,000505,0.035,F04,RESIDUAL_MOMENTUM,research_simulation
20250501,000506,0.216,F04,RESIDUAL_MOMENTUM,research_simulation
20250501,000507,0.799,F04,RESIDUAL_MOMENTUM,research_simulation
20250501,000509,0.772,F04,RESIDUAL_MOMENTUM,research_simulation
20250501,000510,0.434,F04,RESIDUAL_MOMENTUM,research_simulation
20250501,000513,0.953,F04,RESIDUAL_MOMENTUM,research_simulation
20250501,000514,0.639,F04,RESIDUAL_MOMENTUM,research_simulation
20250501,000516,0.806,F04,RESIDUAL_MOMENTUM,research_simulation
20250701,000001,0.426,F04,RESIDUAL_MOMENTUM,research_simulation
20250701,000002,0.807,F04,RESIDUAL_MOMENTUM,research_simulation
20250701,000004,0.865,F04,RESIDUAL_MOMENTUM,research_simulation
20250701,000006,0.61,F04,RESIDUAL_MOMENTUM,research_simulation
20250701,000007,0.392,F04,RESIDUAL_MOMENTUM,research_simulation
20250701,000008,0.075,F04,RESIDUAL_MOMENTUM,research_simulation
20250701,000009,0.933,F04,RESIDUAL_MOMENTUM,research_simulation
20250701,000010,0.948,F04,RESIDUAL_MOMENTUM,research_simulation
20250701,000011,0.849,F04,RESIDUAL_MOMENTUM,research_simulation
20250701,000012,0.355,F04,RESIDUAL_MOMENTUM,research_simulation
20250701,000014,0.408,F04,RESIDUAL_MOMENTUM,research_simulation
20250701,000016,0.75,F04,RESIDUAL_MOMENTUM,research_simulation
20250701,000017,0.65,F04,RESIDUAL_MOMENTUM,research_simulation
20250701,000019,0.441,F04,RESIDUAL_MOMENTUM,research_simulation
20250701,000020,0.379,F04,RESIDUAL_MOMENTUM,research_simulation
20250701,000021,0.646,F04,RESIDUAL_MOMENTUM,research_simulation
20250701,000025,0.054,F04,RESIDUAL_MOMENTUM,research_simulation
20250701,000026,0.44,F04,RESIDUAL_MOMENTUM,research_simulation
20250701,000027,0.904,F04,RESIDUAL_MOMENTUM,research_simulation
20250701,000028,0.332,F04,RESIDUAL_MOMENTUM,research_simulation
20250701,000029,0.537,F04,RESIDUAL_MOMENTUM,research_simulation
20250701,000030,0.431,F04,RESIDUAL_MOMENTUM,research_simulation
20250701,000031,0.415,F04,RESIDUAL_MOMENTUM,research_simulation
20250701,000032,0.427,F04,RESIDUAL_MOMENTUM,research_simulation
20250701,000034,0.926,F04,RESIDUAL_MOMENTUM,research_simulation
20250701,000035,0.861,F04,RESIDUAL_MOMENTUM,research_simulation
20250701,000036,0.654,F04,RESIDUAL_MOMENTUM,research_simulation
20250701,000037,0.092,F04,RESIDUAL_MOMENTUM,research_simulation
20250701,000039,0.506,F04,RESIDUAL_MOMENTUM,research_simulation
20250701,000042,0.013,F04,RESIDUAL_MOMENTUM,research_simulation
20250701,000045,0.142,F04,RESIDUAL_MOMENTUM,research_simulation
20250701,000048,0.495,F04,RESIDUAL_MOMENTUM,research_simulation
20250701,000049,0.123,F04,RESIDUAL_MOMENTUM,research_simulation
20250701,000050,0.995,F04,RESIDUAL_MOMENTUM,research_simulation
20250701,000055,0.872,F04,RESIDUAL_MOMENTUM,research_simulation
20250701,000056,0.977,F04,RESIDUAL_MOMENTUM,research_simulation
20250701,000058,0.586,F04,RESIDUAL_MOMENTUM,research_simulation
20250701,000059,0.349,F04,RESIDUAL_MOMENTUM,research_simulation
20250701,000060,0.908,F04,RESIDUAL_MOMENTUM,research_simulation
20250701,000061,0.485,F04,RESIDUAL_MOMENTUM,research_simulation
20250701,000062,0.13,F04,RESIDUAL_MOMENTUM,research_simulation
20250701,000063,0.199,F04,RESIDUAL_MOMENTUM,research_simulation
20250701,000065,0.598,F04,RESIDUAL_MOMENTUM,research_simulation
20250701,000066,0.945,F04,RESIDUAL_MOMENTUM,research_simulation
20250701,000068,0.202,F04,RESIDUAL_MOMENTUM,research_simulation
20250701,000069,0.915,F04,RESIDUAL_MOMENTUM,research_simulation
20250701,000070,0.785,F04,RESIDUAL_MOMENTUM,research_simulation
20250701,000078,0.586,F04,RESIDUAL_MOMENTUM,research_simulation
20250701,000088,0.278,F04,RESIDUAL_MOMENTUM,research_simulation
20250701,000089,0.768,F04,RESIDUAL_MOMENTUM,research_simulation
20250701,000090,0.4,F04,RESIDUAL_MOMENTUM,research_simulation
20250701,000096,0.412,F04,RESIDUAL_MOMENTUM,research_simulation
20250701,000099,0.065,F04,RESIDUAL_MOMENTUM,research_simulation
20250701,000100,0.166,F04,RESIDUAL_MOMENTUM,research_simulation
20250701,000151,0.045,F04,RESIDUAL_MOMENTUM,research_simulation
20250701,000153,0.491,F04,RESIDUAL_MOMENTUM,research_simulation
20250701,000155,0.651,F04,RESIDUAL_MOMENTUM,research_simulation
20250701,000156,0.361,F04,RESIDUAL_MOMENTUM,research_simulation
20250701,000157,0.833,F04,RESIDUAL_MOMENTUM,research_simulation
20250701,000158,0.781,F04,RESIDUAL_MOMENTUM,research_simulation
20250701,000159,0.626,F04,RESIDUAL_MOMENTUM,research_simulation
20250701,000166,0.589,F04,RESIDUAL_MOMENTUM,research_simulation
20250701,000301,0.088,F04,RESIDUAL_MOMENTUM,research_simulation
20250701,000333,0.738,F04,RESIDUAL_MOMENTUM,research_simulation
20250701,000338,0.081,F04,RESIDUAL_MOMENTUM,research_simulation
20250701,000400,0.813,F04,RESIDUAL_MOMENTUM,research_simulation
20250701,000401,0.046,F04,RESIDUAL_MOMENTUM,research_simulation
20250701,000402,0.469,F04,RESIDUAL_MOMENTUM,research_simulation
20250701,000403,0.522,F04,RESIDUAL_MOMENTUM,research_simulation
20250701,000404,0.559,F04,RESIDUAL_MOMENTUM,research_simulation
20250701,000407,0.661,F04,RESIDUAL_MOMENTUM,research_simulation
20250701,000408,0.399,F04,RESIDUAL_MOMENTUM,research_simulation
20250701,000409,0.029,F04,RESIDUAL_MOMENTUM,research_simulation
20250701,000410,0.791,F04,RESIDUAL_MOMENTUM,research_simulation
20250701,000411,0.402,F04,RESIDUAL_MOMENTUM,research_simulation
20250701,000415,0.877,F04,RESIDUAL_MOMENTUM,research_simulation
20250701,000417,0.337,F04,RESIDUAL_MOMENTUM,research_simulation
20250701,000419,0.907,F04,RESIDUAL_MOMENTUM,research_simulation
20250701,000420,0.871,F04,RESIDUAL_MOMENTUM,research_simulation
20250701,000421,0.698,F04,RESIDUAL_MOMENTUM,research_simulation
20250701,000422,0.634,F04,RESIDUAL_MOMENTUM,research_simulation
20250701,000423,0.061,F04,RESIDUAL_MOMENTUM,research_simulation
20250701,000425,0.578,F04,RESIDUAL_MOMENTUM,research_simulation
20250701,000426,0.663,F04,RESIDUAL_MOMENTUM,research_simulation
20250701,000428,0.821,F04,RESIDUAL_MOMENTUM,research_simulation
20250701,000429,0.001,F04,RESIDUAL_MOMENTUM,research_simulation
20250701,000430,0.33,F04,RESIDUAL_MOMENTUM,research_simulation
20250701,000488,0.287,F04,RESIDUAL_MOMENTUM,research_simulation
20250701,000498,0.36,F04,RESIDUAL_MOMENTUM,research_simulation
20250701,000501,0.832,F04,RESIDUAL_MOMENTUM,research_simulation
20250701,000503,0.627,F04,RESIDUAL_MOMENTUM,research_simulation
20250701,000504,0.734,F04,RESIDUAL_MOMENTUM,research_simulation
20250701,000505,0.489,F04,RESIDUAL_MOMENTUM,research_simulation
20250701,000506,0.084,F04,RESIDUAL_MOMENTUM,research_simulation
20250701,000507,0.932,F04,RESIDUAL_MOMENTUM,research_simulation
20250701,000509,0.718,F04,RESIDUAL_MOMENTUM,research_simulation
20250701,000510,0.6,F04,RESIDUAL_MOMENTUM,research_simulation
20250701,000513,0.493,F04,RESIDUAL_MOMENTUM,research_simulation
20250701,000514,0.026,F04,RESIDUAL_MOMENTUM,research_simulation
20250701,000516,0.248,F04,RESIDUAL_MOMENTUM,research_simulation
20251001,000001,0.67,F04,RESIDUAL_MOMENTUM,research_simulation
20251001,000002,0.228,F04,RESIDUAL_MOMENTUM,research_simulation
20251001,000004,0.289,F04,RESIDUAL_MOMENTUM,research_simulation
20251001,000006,0.588,F04,RESIDUAL_MOMENTUM,research_simulation
20251001,000007,0.124,F04,RESIDUAL_MOMENTUM,research_simulation
20251001,000008,0.166,F04,RESIDUAL_MOMENTUM,research_simulation
20251001,000009,0.158,F04,RESIDUAL_MOMENTUM,research_simulation
20251001,000010,0.737,F04,RESIDUAL_MOMENTUM,research_simulation
20251001,000011,0.441,F04,RESIDUAL_MOMENTUM,research_simulation
20251001,000012,0.406,F04,RESIDUAL_MOMENTUM,research_simulation
20251001,000014,0.774,F04,RESIDUAL_MOMENTUM,research_simulation
20251001,000016,0.836,F04,RESIDUAL_MOMENTUM,research_simulation
20251001,000017,0.095,F04,RESIDUAL_MOMENTUM,research_simulation
20251001,000019,0.373,F04,RESIDUAL_MOMENTUM,research_simulation
20251001,000020,0.717,F04,RESIDUAL_MOMENTUM,research_simulation
20251001,000021,0.864,F04,RESIDUAL_MOMENTUM,research_simulation
20251001,000025,0.86,F04,RESIDUAL_MOMENTUM,research_simulation
20251001,000026,0.921,F04,RESIDUAL_MOMENTUM,research_simulation
20251001,000027,0.634,F04,RESIDUAL_MOMENTUM,research_simulation
20251001,000028,0.483,F04,RESIDUAL_MOMENTUM,research_simulation
20251001,000029,0.953,F04,RESIDUAL_MOMENTUM,research_simulation
20251001,000030,0.289,F04,RESIDUAL_MOMENTUM,research_simulation
20251001,000031,0.964,F04,RESIDUAL_MOMENTUM,research_simulation
20251001,000032,0.369,F04,RESIDUAL_MOMENTUM,research_simulation
20251001,000034,0.888,F04,RESIDUAL_MOMENTUM,research_simulation
20251001,000035,0.982,F04,RESIDUAL_MOMENTUM,research_simulation
20251001,000036,0.67,F04,RESIDUAL_MOMENTUM,research_simulation
20251001,000037,0.83,F04,RESIDUAL_MOMENTUM,research_simulation
20251001,000039,0.306,F04,RESIDUAL_MOMENTUM,research_simulation
20251001,000042,0.368,F04,RESIDUAL_MOMENTUM,research_simulation
20251001,000045,0.551,F04,RESIDUAL_MOMENTUM,research_simulation
20251001,000048,0.778,F04,RESIDUAL_MOMENTUM,research_simulation
20251001,000049,0.517,F04,RESIDUAL_MOMENTUM,research_simulation
20251001,000050,0.343,F04,RESIDUAL_MOMENTUM,research_simulation
20251001,000055,0.41,F04,RESIDUAL_MOMENTUM,research_simulation
20251001,000056,0.571,F04,RESIDUAL_MOMENTUM,research_simulation
20251001,000058,0.952,F04,RESIDUAL_MOMENTUM,research_simulation
20251001,000059,0.528,F04,RESIDUAL_MOMENTUM,research_simulation
20251001,000060,0.629,F04,RESIDUAL_MOMENTUM,research_simulation
20251001,000061,0.477,F04,RESIDUAL_MOMENTUM,research_simulation
20251001,000062,0.916,F04,RESIDUAL_MOMENTUM,research_simulation
20251001,000063,0.338,F04,RESIDUAL_MOMENTUM,research_simulation
20251001,000065,0.684,F04,RESIDUAL_MOMENTUM,research_simulation
20251001,000066,0.181,F04,RESIDUAL_MOMENTUM,research_simulation
20251001,000068,0.676,F04,RESIDUAL_MOMENTUM,research_simulation
20251001,000069,0.048,F04,RESIDUAL_MOMENTUM,research_simulation
20251001,000070,0.699,F04,RESIDUAL_MOMENTUM,research_simulation
20251001,000078,0.649,F04,RESIDUAL_MOMENTUM,research_simulation
20251001,000088,0.738,F04,RESIDUAL_MOMENTUM,research_simulation
20251001,000089,0.108,F04,RESIDUAL_MOMENTUM,research_simulation
20251001,000090,0.995,F04,RESIDUAL_MOMENTUM,research_simulation
20251001,000096,0.882,F04,RESIDUAL_MOMENTUM,research_simulation
20251001,000099,0.742,F04,RESIDUAL_MOMENTUM,research_simulation
20251001,000100,0.364,F04,RESIDUAL_MOMENTUM,research_simulation
20251001,000151,0.94,F04,RESIDUAL_MOMENTUM,research_simulation
20251001,000153,0.489,F04,RESIDUAL_MOMENTUM,research_simulation
20251001,000155,0.703,F04,RESIDUAL_MOMENTUM,research_simulation
20251001,000156,0.964,F04,RESIDUAL_MOMENTUM,research_simulation
20251001,000157,0.986,F04,RESIDUAL_MOMENTUM,research_simulation
20251001,000158,0.65,F04,RESIDUAL_MOMENTUM,research_simulation
20251001,000159,0.044,F04,RESIDUAL_MOMENTUM,research_simulation
20251001,000166,0.57,F04,RESIDUAL_MOMENTUM,research_simulation
20251001,000301,0.298,F04,RESIDUAL_MOMENTUM,research_simulation
20251001,000333,0.162,F04,RESIDUAL_MOMENTUM,research_simulation
20251001,000338,0.013,F04,RESIDUAL_MOMENTUM,research_simulation
20251001,000400,0.087,F04,RESIDUAL_MOMENTUM,research_simulation
20251001,000401,0.722,F04,RESIDUAL_MOMENTUM,research_simulation
20251001,000402,0.251,F04,RESIDUAL_MOMENTUM,research_simulation
20251001,000403,0.362,F04,RESIDUAL_MOMENTUM,research_simulation
20251001,000404,0.631,F04,RESIDUAL_MOMENTUM,research_simulation
20251001,000407,0.105,F04,RESIDUAL_MOMENTUM,research_simulation
20251001,000408,0.36,F04,RESIDUAL_MOMENTUM,research_simulation
20251001,000409,0.932,F04,RESIDUAL_MOMENTUM,research_simulation
20251001,000410,0.18,F04,RESIDUAL_MOMENTUM,research_simulation
20251001,000411,0.295,F04,RESIDUAL_MOMENTUM,research_simulation
20251001,000415,0.77,F04,RESIDUAL_MOMENTUM,research_simulation
20251001,000417,0.565,F04,RESIDUAL_MOMENTUM,research_simulation
20251001,000419,0.045,F04,RESIDUAL_MOMENTUM,research_simulation
20251001,000420,0.741,F04,RESIDUAL_MOMENTUM,research_simulation
20251001,000421,0.206,F04,RESIDUAL_MOMENTUM,research_simulation
20251001,000422,0.189,F04,RESIDUAL_MOMENTUM,research_simulation
20251001,000423,0.516,F04,RESIDUAL_MOMENTUM,research_simulation
20251001,000425,0.565,F04,RESIDUAL_MOMENTUM,research_simulation
20251001,000426,0.046,F04,RESIDUAL_MOMENTUM,research_simulation
20251001,000428,0.769,F04,RESIDUAL_MOMENTUM,research_simulation
20251001,000429,0.451,F04,RESIDUAL_MOMENTUM,research_simulation
20251001,000430,0.461,F04,RESIDUAL_MOMENTUM,research_simulation
20251001,000488,0.878,F04,RESIDUAL_MOMENTUM,research_simulation
20251001,000498,0.558,F04,RESIDUAL_MOMENTUM,research_simulation
20251001,000501,0.274,F04,RESIDUAL_MOMENTUM,research_simulation
20251001,000503,0.969,F04,RESIDUAL_MOMENTUM,research_simulation
20251001,000504,0.293,F04,RESIDUAL_MOMENTUM,research_simulation
20251001,000505,0.309,F04,RESIDUAL_MOMENTUM,research_simulation
20251001,000506,0.502,F04,RESIDUAL_MOMENTUM,research_simulation
20251001,000507,0.492,F04,RESIDUAL_MOMENTUM,research_simulation
20251001,000509,0.272,F04,RESIDUAL_MOMENTUM,research_simulation
20251001,000510,0.282,F04,RESIDUAL_MOMENTUM,research_simulation
20251001,000513,0.931,F04,RESIDUAL_MOMENTUM,research_simulation
20251001,000514,0.807,F04,RESIDUAL_MOMENTUM,research_simulation
20251001,000516,0.137,F04,RESIDUAL_MOMENTUM,research_simulation
20260201,000001,0.12,F04,RESIDUAL_MOMENTUM,research_simulation
20260201,000002,0.54,F04,RESIDUAL_MOMENTUM,research_simulation
20260201,000004,0.098,F04,RESIDUAL_MOMENTUM,research_simulation
20260201,000006,0.812,F04,RESIDUAL_MOMENTUM,research_simulation
20260201,000007,0.197,F04,RESIDUAL_MOMENTUM,research_simulation
20260201,000008,0.756,F04,RESIDUAL_MOMENTUM,research_simulation
20260201,000009,0.249,F04,RESIDUAL_MOMENTUM,research_simulation
20260201,000010,0.931,F04,RESIDUAL_MOMENTUM,research_simulation
20260201,000011,0.512,F04,RESIDUAL_MOMENTUM,research_simulation
20260201,000012,0.081,F04,RESIDUAL_MOMENTUM,research_simulation
20260201,000014,0.72,F04,RESIDUAL_MOMENTUM,research_simulation
20260201,000016,0.016,F04,RESIDUAL_MOMENTUM,research_simulation
20260201,000017,0.145,F04,RESIDUAL_MOMENTUM,research_simulation
20260201,000019,0.542,F04,RESIDUAL_MOMENTUM,research_simulation
20260201,000020,0.571,F04,RESIDUAL_MOMENTUM,research_simulation
20260201,000021,0.776,F04,RESIDUAL_MOMENTUM,research_simulation
20260201,000025,0.507,F04,RESIDUAL_MOMENTUM,research_simulation
20260201,000026,0.669,F04,RESIDUAL_MOMENTUM,research_simulation
20260201,000027,0.343,F04,RESIDUAL_MOMENTUM,research_simulation
20260201,000028,0.814,F04,RESIDUAL_MOMENTUM,research_simulation
20260201,000029,0.392,F04,RESIDUAL_MOMENTUM,research_simulation
20260201,000030,0.881,F04,RESIDUAL_MOMENTUM,research_simulation
20260201,000031,0.002,F04,RESIDUAL_MOMENTUM,research_simulation
20260201,000032,0.263,F04,RESIDUAL_MOMENTUM,research_simulation
20260201,000034,0.511,F04,RESIDUAL_MOMENTUM,research_simulation
20260201,000035,0.356,F04,RESIDUAL_MOMENTUM,research_simulation
20260201,000036,0.673,F04,RESIDUAL_MOMENTUM,research_simulation
20260201,000037,0.692,F04,RESIDUAL_MOMENTUM,research_simulation
20260201,000039,0.755,F04,RESIDUAL_MOMENTUM,research_simulation
20260201,000042,0.839,F04,RESIDUAL_MOMENTUM,research_simulation
20260201,000045,0.878,F04,RESIDUAL_MOMENTUM,research_simulation
20260201,000048,0.205,F04,RESIDUAL_MOMENTUM,research_simulation
20260201,000049,0.559,F04,RESIDUAL_MOMENTUM,research_simulation
20260201,000050,0.902,F04,RESIDUAL_MOMENTUM,research_simulation
20260201,000055,0.27,F04,RESIDUAL_MOMENTUM,research_simulation
20260201,000056,0.007,F04,RESIDUAL_MOMENTUM,research_simulation
20260201,000058,0.876,F04,RESIDUAL_MOMENTUM,research_simulation
20260201,000059,0.924,F04,RESIDUAL_MOMENTUM,research_simulation
20260201,000060,0.225,F04,RESIDUAL_MOMENTUM,research_simulation
20260201,000061,0.345,F04,RESIDUAL_MOMENTUM,research_simulation
20260201,000062,0.598,F04,RESIDUAL_MOMENTUM,research_simulation
20260201,000063,0.205,F04,RESIDUAL_MOMENTUM,research_simulation
20260201,000065,0.458,F04,RESIDUAL_MOMENTUM,research_simulation
20260201,000066,0.226,F04,RESIDUAL_MOMENTUM,research_simulation
20260201,000068,0.161,F04,RESIDUAL_MOMENTUM,research_simulation
20260201,000069,0.383,F04,RESIDUAL_MOMENTUM,research_simulation
20260201,000070,0.466,F04,RESIDUAL_MOMENTUM,research_simulation
20260201,000078,0.796,F04,RESIDUAL_MOMENTUM,research_simulation
20260201,000088,0.426,F04,RESIDUAL_MOMENTUM,research_simulation
20260201,000089,0.39,F04,RESIDUAL_MOMENTUM,research_simulation
20260201,000090,0.995,F04,RESIDUAL_MOMENTUM,research_simulation
20260201,000096,0.587,F04,RESIDUAL_MOMENTUM,research_simulation
20260201,000099,0.701,F04,RESIDUAL_MOMENTUM,research_simulation
20260201,000100,0.718,F04,RESIDUAL_MOMENTUM,research_simulation
20260201,000151,0.275,F04,RESIDUAL_MOMENTUM,research_simulation
20260201,000153,0.005,F04,RESIDUAL_MOMENTUM,research_simulation
20260201,000155,0.421,F04,RESIDUAL_MOMENTUM,research_simulation
20260201,000156,0.926,F04,RESIDUAL_MOMENTUM,research_simulation
20260201,000157,0.215,F04,RESIDUAL_MOMENTUM,research_simulation
20260201,000158,0.851,F04,RESIDUAL_MOMENTUM,research_simulation
20260201,000159,0.163,F04,RESIDUAL_MOMENTUM,research_simulation
20260201,000166,0.628,F04,RESIDUAL_MOMENTUM,research_simulation
20260201,000301,0.489,F04,RESIDUAL_MOMENTUM,research_simulation
20260201,000333,0.195,F04,RESIDUAL_MOMENTUM,research_simulation
20260201,000338,0.077,F04,RESIDUAL_MOMENTUM,research_simulation
20260201,000400,0.277,F04,RESIDUAL_MOMENTUM,research_simulation
20260201,000401,0.564,F04,RESIDUAL_MOMENTUM,research_simulation
20260201,000402,0.731,F04,RESIDUAL_MOMENTUM,research_simulation
20260201,000403,0.385,F04,RESIDUAL_MOMENTUM,research_simulation
20260201,000404,0.941,F04,RESIDUAL_MOMENTUM,research_simulation
20260201,000407,0.32,F04,RESIDUAL_MOMENTUM,research_simulation
20260201,000408,0.69,F04,RESIDUAL_MOMENTUM,research_simulation
20260201,000409,0.266,F04,RESIDUAL_MOMENTUM,research_simulation
20260201,000410,0.036,F04,RESIDUAL_MOMENTUM,research_simulation
20260201,000411,0.346,F04,RESIDUAL_MOMENTUM,research_simulation
20260201,000415,0.458,F04,RESIDUAL_MOMENTUM,research_simulation
20260201,000417,0.231,F04,RESIDUAL_MOMENTUM,research_simulation
20260201,000419,0.777,F04,RESIDUAL_MOMENTUM,research_simulation
20260201,000420,0.038,F04,RESIDUAL_MOMENTUM,research_simulation
20260201,000421,0.278,F04,RESIDUAL_MOMENTUM,research_simulation
20260201,000422,0.275,F04,RESIDUAL_MOMENTUM,research_simulation
20260201,000423,0.17,F04,RESIDUAL_MOMENTUM,research_simulation
20260201,000425,0.959,F04,RESIDUAL_MOMENTUM,research_simulation
20260201,000426,0.6,F04,RESIDUAL_MOMENTUM,research_simulation
20260201,000428,0.439,F04,RESIDUAL_MOMENTUM,research_simulation
20260201,000429,0.597,F04,RESIDUAL_MOMENTUM,research_simulation
20260201,000430,0.037,F04,RESIDUAL_MOMENTUM,research_simulation
20260201,000488,0.891,F04,RESIDUAL_MOMENTUM,research_simulation
20260201,000498,0.097,F04,RESIDUAL_MOMENTUM,research_simulation
20260201,000501,0.494,F04,RESIDUAL_MOMENTUM,research_simulation
20260201,000503,0.483,F04,RESIDUAL_MOMENTUM,research_simulation
20260201,000504,0.401,F04,RESIDUAL_MOMENTUM,research_simulation
20260201,000505,0.304,F04,RESIDUAL_MOMENTUM,research_simulation
20260201,000506,0.198,F04,RESIDUAL_MOMENTUM,research_simulation
20260201,000507,0.947,F04,RESIDUAL_MOMENTUM,research_simulation
20260201,000509,0.854,F04,RESIDUAL_MOMENTUM,research_simulation
20260201,000510,0.723,F04,RESIDUAL_MOMENTUM,research_simulation
20260201,000513,0.247,F04,RESIDUAL_MOMENTUM,research_simulation
20260201,000514,0.697,F04,RESIDUAL_MOMENTUM,research_simulation
20260201,000516,0.163,F04,RESIDUAL_MOMENTUM,research_simulation
20260401,000001,0.237,F04,RESIDUAL_MOMENTUM,research_simulation
20260401,000002,0.548,F04,RESIDUAL_MOMENTUM,research_simulation
20260401,000004,0.143,F04,RESIDUAL_MOMENTUM,research_simulation
20260401,000006,0.243,F04,RESIDUAL_MOMENTUM,research_simulation
20260401,000007,0.773,F04,RESIDUAL_MOMENTUM,research_simulation
20260401,000008,0.999,F04,RESIDUAL_MOMENTUM,research_simulation
20260401,000009,0.453,F04,RESIDUAL_MOMENTUM,research_simulation
20260401,000010,0.478,F04,RESIDUAL_MOMENTUM,research_simulation
20260401,000011,0.738,F04,RESIDUAL_MOMENTUM,research_simulation
20260401,000012,0.314,F04,RESIDUAL_MOMENTUM,research_simulation
20260401,000014,0.242,F04,RESIDUAL_MOMENTUM,research_simulation
20260401,000016,0.541,F04,RESIDUAL_MOMENTUM,research_simulation
20260401,000017,0.162,F04,RESIDUAL_MOMENTUM,research_simulation
20260401,000019,0.859,F04,RESIDUAL_MOMENTUM,research_simulation
20260401,000020,0.324,F04,RESIDUAL_MOMENTUM,research_simulation
20260401,000021,0.515,F04,RESIDUAL_MOMENTUM,research_simulation
20260401,000025,0.974,F04,RESIDUAL_MOMENTUM,research_simulation
20260401,000026,0.443,F04,RESIDUAL_MOMENTUM,research_simulation
20260401,000027,0.245,F04,RESIDUAL_MOMENTUM,research_simulation
20260401,000028,0.794,F04,RESIDUAL_MOMENTUM,research_simulation
20260401,000029,0.751,F04,RESIDUAL_MOMENTUM,research_simulation
20260401,000030,0.267,F04,RESIDUAL_MOMENTUM,research_simulation
20260401,000031,0.28,F04,RESIDUAL_MOMENTUM,research_simulation
20260401,000032,0.905,F04,RESIDUAL_MOMENTUM,research_simulation
20260401,000034,0.511,F04,RESIDUAL_MOMENTUM,research_simulation
20260401,000035,0.755,F04,RESIDUAL_MOMENTUM,research_simulation
20260401,000036,0.32,F04,RESIDUAL_MOMENTUM,research_simulation
20260401,000037,0.109,F04,RESIDUAL_MOMENTUM,research_simulation
20260401,000039,0.582,F04,RESIDUAL_MOMENTUM,research_simulation
20260401,000042,0.091,F04,RESIDUAL_MOMENTUM,research_simulation
20260401,000045,0.597,F04,RESIDUAL_MOMENTUM,research_simulation
20260401,000048,0.249,F04,RESIDUAL_MOMENTUM,research_simulation
20260401,000049,0.191,F04,RESIDUAL_MOMENTUM,research_simulation
20260401,000050,0.293,F04,RESIDUAL_MOMENTUM,research_simulation
20260401,000055,0.605,F04,RESIDUAL_MOMENTUM,research_simulation
20260401,000056,0.9,F04,RESIDUAL_MOMENTUM,research_simulation
20260401,000058,0.846,F04,RESIDUAL_MOMENTUM,research_simulation
20260401,000059,0.284,F04,RESIDUAL_MOMENTUM,research_simulation
20260401,000060,0.906,F04,RESIDUAL_MOMENTUM,research_simulation
20260401,000061,0.545,F04,RESIDUAL_MOMENTUM,research_simulation
20260401,000062,0.358,F04,RESIDUAL_MOMENTUM,research_simulation
20260401,000063,0.171,F04,RESIDUAL_MOMENTUM,research_simulation
20260401,000065,0.968,F04,RESIDUAL_MOMENTUM,research_simulation
20260401,000066,0.257,F04,RESIDUAL_MOMENTUM,research_simulation
20260401,000068,0.176,F04,RESIDUAL_MOMENTUM,research_simulation
20260401,000069,0.707,F04,RESIDUAL_MOMENTUM,research_simulation
20260401,000070,0.841,F04,RESIDUAL_MOMENTUM,research_simulation
20260401,000078,0.016,F04,RESIDUAL_MOMENTUM,research_simulation
20260401,000088,0.608,F04,RESIDUAL_MOMENTUM,research_simulation
20260401,000089,0.762,F04,RESIDUAL_MOMENTUM,research_simulation
20260401,000090,0.678,F04,RESIDUAL_MOMENTUM,research_simulation
20260401,000096,0.317,F04,RESIDUAL_MOMENTUM,research_simulation
20260401,000099,0.659,F04,RESIDUAL_MOMENTUM,research_simulation
20260401,000100,0.002,F04,RESIDUAL_MOMENTUM,research_simulation
20260401,000151,0.1,F04,RESIDUAL_MOMENTUM,research_simulation
20260401,000153,0.083,F04,RESIDUAL_MOMENTUM,research_simulation
20260401,000155,0.421,F04,RESIDUAL_MOMENTUM,research_simulation
20260401,000156,0.299,F04,RESIDUAL_MOMENTUM,research_simulation
20260401,000157,0.884,F04,RESIDUAL_MOMENTUM,research_simulation
20260401,000158,0.057,F04,RESIDUAL_MOMENTUM,research_simulation
20260401,000159,0.982,F04,RESIDUAL_MOMENTUM,research_simulation
20260401,000166,0.455,F04,RESIDUAL_MOMENTUM,research_simulation
20260401,000301,0.951,F04,RESIDUAL_MOMENTUM,research_simulation
20260401,000333,0.327,F04,RESIDUAL_MOMENTUM,research_simulation
20260401,000338,0.899,F04,RESIDUAL_MOMENTUM,research_simulation
20260401,000400,0.189,F04,RESIDUAL_MOMENTUM,research_simulation
20260401,000401,0.81,F04,RESIDUAL_MOMENTUM,research_simulation
20260401,000402,0.59,F04,RESIDUAL_MOMENTUM,research_simulation
20260401,000403,0.104,F04,RESIDUAL_MOMENTUM,research_simulation
20260401,000404,0.344,F04,RESIDUAL_MOMENTUM,research_simulation
20260401,000407,0.738,F04,RESIDUAL_MOMENTUM,research_simulation
20260401,000408,0.774,F04,RESIDUAL_MOMENTUM,research_simulation
20260401,000409,0.703,F04,RESIDUAL_MOMENTUM,research_simulation
20260401,000410,0.362,F04,RESIDUAL_MOMENTUM,research_simulation
20260401,000411,0.695,F04,RESIDUAL_MOMENTUM,research_simulation
20260401,000415,0.653,F04,RESIDUAL_MOMENTUM,research_simulation
20260401,000417,0.338,F04,RESIDUAL_MOMENTUM,research_simulation
20260401,000419,0.687,F04,RESIDUAL_MOMENTUM,research_simulation
20260401,000420,0.869,F04,RESIDUAL_MOMENTUM,research_simulation
20260401,000421,0.592,F04,RESIDUAL_MOMENTUM,research_simulation
20260401,000422,0.968,F04,RESIDUAL_MOMENTUM,research_simulation
20260401,000423,0.337,F04,RESIDUAL_MOMENTUM,research_simulation
20260401,000425,0.603,F04,RESIDUAL_MOMENTUM,research_simulation
20260401,000426,0.804,F04,RESIDUAL_MOMENTUM,research_simulation
20260401,000428,0.573,F04,RESIDUAL_MOMENTUM,research_simulation
20260401,000429,0.206,F04,RESIDUAL_MOMENTUM,research_simulation
20260401,000430,0.597,F04,RESIDUAL_MOMENTUM,research_simulation
20260401,000488,0.565,F04,RESIDUAL_MOMENTUM,research_simulation
20260401,000498,0.04,F04,RESIDUAL_MOMENTUM,research_simulation
20260401,000501,0.364,F04,RESIDUAL_MOMENTUM,research_simulation
20260401,000503,0.312,F04,RESIDUAL_MOMENTUM,research_simulation
20260401,000504,0.221,F04,RESIDUAL_MOMENTUM,research_simulation
20260401,000505,0.792,F04,RESIDUAL_MOMENTUM,research_simulation
20260401,000506,0.833,F04,RESIDUAL_MOMENTUM,research_simulation
20260401,000507,0.602,F04,RESIDUAL_MOMENTUM,research_simulation
20260401,000509,0.222,F04,RESIDUAL_MOMENTUM,research_simulation
20260401,000510,0.823,F04,RESIDUAL_MOMENTUM,research_simulation
20260401,000513,0.069,F04,RESIDUAL_MOMENTUM,research_simulation
20260401,000514,0.535,F04,RESIDUAL_MOMENTUM,research_simulation
20260401,000516,0.717,F04,RESIDUAL_MOMENTUM,research_simulation
20260501,000001,0.626,F04,RESIDUAL_MOMENTUM,research_simulation
20260501,000002,0.595,F04,RESIDUAL_MOMENTUM,research_simulation
20260501,000004,0.424,F04,RESIDUAL_MOMENTUM,research_simulation
20260501,000006,0.671,F04,RESIDUAL_MOMENTUM,research_simulation
20260501,000007,0.662,F04,RESIDUAL_MOMENTUM,research_simulation
20260501,000008,0.602,F04,RESIDUAL_MOMENTUM,research_simulation
20260501,000009,0.052,F04,RESIDUAL_MOMENTUM,research_simulation
20260501,000010,0.717,F04,RESIDUAL_MOMENTUM,research_simulation
20260501,000011,0.635,F04,RESIDUAL_MOMENTUM,research_simulation
20260501,000012,0.074,F04,RESIDUAL_MOMENTUM,research_simulation
20260501,000014,0.818,F04,RESIDUAL_MOMENTUM,research_simulation
20260501,000016,0.902,F04,RESIDUAL_MOMENTUM,research_simulation
20260501,000017,0.712,F04,RESIDUAL_MOMENTUM,research_simulation
20260501,000019,0.667,F04,RESIDUAL_MOMENTUM,research_simulation
20260501,000020,0.051,F04,RESIDUAL_MOMENTUM,research_simulation
20260501,000021,0.948,F04,RESIDUAL_MOMENTUM,research_simulation
20260501,000025,0.663,F04,RESIDUAL_MOMENTUM,research_simulation
20260501,000026,0.731,F04,RESIDUAL_MOMENTUM,research_simulation
20260501,000027,0.669,F04,RESIDUAL_MOMENTUM,research_simulation
20260501,000028,0.232,F04,RESIDUAL_MOMENTUM,research_simulation
20260501,000029,0.348,F04,RESIDUAL_MOMENTUM,research_simulation
20260501,000030,0.477,F04,RESIDUAL_MOMENTUM,research_simulation
20260501,000031,0.778,F04,RESIDUAL_MOMENTUM,research_simulation
20260501,000032,0.267,F04,RESIDUAL_MOMENTUM,research_simulation
20260501,000034,0.584,F04,RESIDUAL_MOMENTUM,research_simulation
20260501,000035,0.533,F04,RESIDUAL_MOMENTUM,research_simulation
20260501,000036,0.32,F04,RESIDUAL_MOMENTUM,research_simulation
20260501,000037,0.307,F04,RESIDUAL_MOMENTUM,research_simulation
20260501,000039,0.002,F04,RESIDUAL_MOMENTUM,research_simulation
20260501,000042,0.347,F04,RESIDUAL_MOMENTUM,research_simulation
20260501,000045,0.285,F04,RESIDUAL_MOMENTUM,research_simulation
20260501,000048,0.672,F04,RESIDUAL_MOMENTUM,research_simulation
20260501,000049,0.236,F04,RESIDUAL_MOMENTUM,research_simulation
20260501,000050,0.101,F04,RESIDUAL_MOMENTUM,research_simulation
20260501,000055,0.981,F04,RESIDUAL_MOMENTUM,research_simulation
20260501,000056,0.028,F04,RESIDUAL_MOMENTUM,research_simulation
20260501,000058,0.016,F04,RESIDUAL_MOMENTUM,research_simulation
20260501,000059,0.393,F04,RESIDUAL_MOMENTUM,research_simulation
20260501,000060,0.532,F04,RESIDUAL_MOMENTUM,research_simulation
20260501,000061,0.206,F04,RESIDUAL_MOMENTUM,research_simulation
20260501,000062,0.014,F04,RESIDUAL_MOMENTUM,research_simulation
20260501,000063,0.077,F04,RESIDUAL_MOMENTUM,research_simulation
20260501,000065,0.792,F04,RESIDUAL_MOMENTUM,research_simulation
20260501,000066,0.432,F04,RESIDUAL_MOMENTUM,research_simulation
20260501,000068,0.985,F04,RESIDUAL_MOMENTUM,research_simulation
20260501,000069,0.851,F04,RESIDUAL_MOMENTUM,research_simulation
20260501,000070,0.184,F04,RESIDUAL_MOMENTUM,research_simulation
20260501,000078,0.164,F04,RESIDUAL_MOMENTUM,research_simulation
20260501,000088,0.287,F04,RESIDUAL_MOMENTUM,research_simulation
20260501,000089,0.277,F04,RESIDUAL_MOMENTUM,research_simulation
20260501,000090,0.434,F04,RESIDUAL_MOMENTUM,research_simulation
20260501,000096,0.967,F04,RESIDUAL_MOMENTUM,research_simulation
20260501,000099,0.925,F04,RESIDUAL_MOMENTUM,research_simulation
20260501,000100,0.954,F04,RESIDUAL_MOMENTUM,research_simulation
20260501,000151,0.089,F04,RESIDUAL_MOMENTUM,research_simulation
20260501,000153,0.225,F04,RESIDUAL_MOMENTUM,research_simulation
20260501,000155,0.26,F04,RESIDUAL_MOMENTUM,research_simulation
20260501,000156,0.066,F04,RESIDUAL_MOMENTUM,research_simulation
20260501,000157,0.899,F04,RESIDUAL_MOMENTUM,research_simulation
20260501,000158,0.368,F04,RESIDUAL_MOMENTUM,research_simulation
20260501,000159,0.493,F04,RESIDUAL_MOMENTUM,research_simulation
20260501,000166,0.481,F04,RESIDUAL_MOMENTUM,research_simulation
20260501,000301,0.34,F04,RESIDUAL_MOMENTUM,research_simulation
20260501,000333,0.754,F04,RESIDUAL_MOMENTUM,research_simulation
20260501,000338,0.051,F04,RESIDUAL_MOMENTUM,research_simulation
20260501,000400,0.905,F04,RESIDUAL_MOMENTUM,research_simulation
20260501,000401,0.796,F04,RESIDUAL_MOMENTUM,research_simulation
20260501,000402,0.879,F04,RESIDUAL_MOMENTUM,research_simulation
20260501,000403,0.009,F04,RESIDUAL_MOMENTUM,research_simulation
20260501,000404,0.851,F04,RESIDUAL_MOMENTUM,research_simulation
20260501,000407,0.069,F04,RESIDUAL_MOMENTUM,research_simulation
20260501,000408,0.315,F04,RESIDUAL_MOMENTUM,research_simulation
20260501,000409,0.798,F04,RESIDUAL_MOMENTUM,research_simulation
20260501,000410,0.006,F04,RESIDUAL_MOMENTUM,research_simulation
20260501,000411,0.254,F04,RESIDUAL_MOMENTUM,research_simulation
20260501,000415,0.193,F04,RESIDUAL_MOMENTUM,research_simulation
20260501,000417,0.659,F04,RESIDUAL_MOMENTUM,research_simulation
20260501,000419,0.348,F04,RESIDUAL_MOMENTUM,research_simulation
20260501,000420,0.753,F04,RESIDUAL_MOMENTUM,research_simulation
20260501,000421,0.249,F04,RESIDUAL_MOMENTUM,research_simulation
20260501,000422,0.889,F04,RESIDUAL_MOMENTUM,research_simulation
20260501,000423,0.642,F04,RESIDUAL_MOMENTUM,research_simulation
20260501,000425,0.286,F04,RESIDUAL_MOMENTUM,research_simulation
20260501,000426,0.341,F04,RESIDUAL_MOMENTUM,research_simulation
20260501,000428,0.554,F04,RESIDUAL_MOMENTUM,research_simulation
20260501,000429,0.834,F04,RESIDUAL_MOMENTUM,research_simulation
20260501,000430,0.827,F04,RESIDUAL_MOMENTUM,research_simulation
20260501,000488,0.437,F04,RESIDUAL_MOMENTUM,research_simulation
20260501,000498,0.527,F04,RESIDUAL_MOMENTUM,research_simulation
20260501,000501,0.776,F04,RESIDUAL_MOMENTUM,research_simulation
20260501,000503,0.272,F04,RESIDUAL_MOMENTUM,research_simulation
20260501,000504,0.087,F04,RESIDUAL_MOMENTUM,research_simulation
20260501,000505,0.968,F04,RESIDUAL_MOMENTUM,research_simulation
20260501,000506,0.136,F04,RESIDUAL_MOMENTUM,research_simulation
20260501,000507,0.635,F04,RESIDUAL_MOMENTUM,research_simulation
20260501,000509,0.028,F04,RESIDUAL_MOMENTUM,research_simulation
20260501,000510,0.267,F04,RESIDUAL_MOMENTUM,research_simulation
20260501,000513,0.27,F04,RESIDUAL_MOMENTUM,research_simulation
20260501,000514,0.229,F04,RESIDUAL_MOMENTUM,research_simulation
20260501,000516,0.904,F04,RESIDUAL_MOMENTUM,research_simulation
20260601,000001,0.513,F04,RESIDUAL_MOMENTUM,research_simulation
20260601,000002,0.538,F04,RESIDUAL_MOMENTUM,research_simulation
20260601,000004,0.282,F04,RESIDUAL_MOMENTUM,research_simulation
20260601,000006,0.913,F04,RESIDUAL_MOMENTUM,research_simulation
20260601,000007,0.097,F04,RESIDUAL_MOMENTUM,research_simulation
20260601,000008,0.111,F04,RESIDUAL_MOMENTUM,research_simulation
20260601,000009,0.807,F04,RESIDUAL_MOMENTUM,research_simulation
20260601,000010,0.988,F04,RESIDUAL_MOMENTUM,research_simulation
20260601,000011,0.943,F04,RESIDUAL_MOMENTUM,research_simulation
20260601,000012,0.531,F04,RESIDUAL_MOMENTUM,research_simulation
20260601,000014,0.357,F04,RESIDUAL_MOMENTUM,research_simulation
20260601,000016,0.57,F04,RESIDUAL_MOMENTUM,research_simulation
20260601,000017,0.434,F04,RESIDUAL_MOMENTUM,research_simulation
20260601,000019,0.972,F04,RESIDUAL_MOMENTUM,research_simulation
20260601,000020,0.094,F04,RESIDUAL_MOMENTUM,research_simulation
20260601,000021,0.221,F04,RESIDUAL_MOMENTUM,research_simulation
20260601,000025,0.787,F04,RESIDUAL_MOMENTUM,research_simulation
20260601,000026,0.742,F04,RESIDUAL_MOMENTUM,research_simulation
20260601,000027,0.242,F04,RESIDUAL_MOMENTUM,research_simulation
20260601,000028,0.995,F04,RESIDUAL_MOMENTUM,research_simulation
20260601,000029,0.097,F04,RESIDUAL_MOMENTUM,research_simulation
20260601,000030,0.747,F04,RESIDUAL_MOMENTUM,research_simulation
20260601,000031,0.555,F04,RESIDUAL_MOMENTUM,research_simulation
20260601,000032,0.762,F04,RESIDUAL_MOMENTUM,research_simulation
20260601,000034,0.857,F04,RESIDUAL_MOMENTUM,research_simulation
20260601,000035,0.477,F04,RESIDUAL_MOMENTUM,research_simulation
20260601,000036,0.672,F04,RESIDUAL_MOMENTUM,research_simulation
20260601,000037,0.823,F04,RESIDUAL_MOMENTUM,research_simulation
20260601,000039,0.975,F04,RESIDUAL_MOMENTUM,research_simulation
20260601,000042,0.096,F04,RESIDUAL_MOMENTUM,research_simulation
20260601,000045,0.574,F04,RESIDUAL_MOMENTUM,research_simulation
20260601,000048,0.129,F04,RESIDUAL_MOMENTUM,research_simulation
20260601,000049,0.481,F04,RESIDUAL_MOMENTUM,research_simulation
20260601,000050,0.165,F04,RESIDUAL_MOMENTUM,research_simulation
20260601,000055,0.959,F04,RESIDUAL_MOMENTUM,research_simulation
20260601,000056,0.276,F04,RESIDUAL_MOMENTUM,research_simulation
20260601,000058,0.361,F04,RESIDUAL_MOMENTUM,research_simulation
20260601,000059,0.63,F04,RESIDUAL_MOMENTUM,research_simulation
20260601,000060,0.319,F04,RESIDUAL_MOMENTUM,research_simulation
20260601,000061,0.491,F04,RESIDUAL_MOMENTUM,research_simulation
20260601,000062,0.514,F04,RESIDUAL_MOMENTUM,research_simulation
20260601,000063,0.419,F04,RESIDUAL_MOMENTUM,research_simulation
20260601,000065,0.089,F04,RESIDUAL_MOMENTUM,research_simulation
20260601,000066,0.439,F04,RESIDUAL_MOMENTUM,research_simulation
20260601,000068,0.969,F04,RESIDUAL_MOMENTUM,research_simulation
20260601,000069,0.663,F04,RESIDUAL_MOMENTUM,research_simulation
20260601,000070,0.121,F04,RESIDUAL_MOMENTUM,research_simulation
20260601,000078,0.704,F04,RESIDUAL_MOMENTUM,research_simulation
20260601,000088,0.415,F04,RESIDUAL_MOMENTUM,research_simulation
20260601,000089,0.649,F04,RESIDUAL_MOMENTUM,research_simulation
20260601,000090,0.344,F04,RESIDUAL_MOMENTUM,research_simulation
20260601,000096,0.297,F04,RESIDUAL_MOMENTUM,research_simulation
20260601,000099,0.302,F04,RESIDUAL_MOMENTUM,research_simulation
20260601,000100,0.457,F04,RESIDUAL_MOMENTUM,research_simulation
20260601,000151,0.862,F04,RESIDUAL_MOMENTUM,research_simulation
20260601,000153,0.833,F04,RESIDUAL_MOMENTUM,research_simulation
20260601,000155,0.294,F04,RESIDUAL_MOMENTUM,research_simulation
20260601,000156,0.082,F04,RESIDUAL_MOMENTUM,research_simulation
20260601,000157,0.429,F04,RESIDUAL_MOMENTUM,research_simulation
20260601,000158,0.843,F04,RESIDUAL_MOMENTUM,research_simulation
20260601,000159,0.627,F04,RESIDUAL_MOMENTUM,research_simulation
20260601,000166,0.939,F04,RESIDUAL_MOMENTUM,research_simulation
20260601,000301,0.48,F04,RESIDUAL_MOMENTUM,research_simulation
20260601,000333,0.902,F04,RESIDUAL_MOMENTUM,research_simulation
20260601,000338,0.031,F04,RESIDUAL_MOMENTUM,research_simulation
20260601,000400,0.943,F04,RESIDUAL_MOMENTUM,research_simulation
20260601,000401,0.724,F04,RESIDUAL_MOMENTUM,research_simulation
20260601,000402,0.204,F04,RESIDUAL_MOMENTUM,research_simulation
20260601,000403,0.818,F04,RESIDUAL_MOMENTUM,research_simulation
20260601,000404,0.229,F04,RESIDUAL_MOMENTUM,research_simulation
20260601,000407,0.54,F04,RESIDUAL_MOMENTUM,research_simulation
20260601,000408,0.482,F04,RESIDUAL_MOMENTUM,research_simulation
20260601,000409,0.903,F04,RESIDUAL_MOMENTUM,research_simulation
20260601,000410,0.55,F04,RESIDUAL_MOMENTUM,research_simulation
20260601,000411,0.506,F04,RESIDUAL_MOMENTUM,research_simulation
20260601,000415,0.169,F04,RESIDUAL_MOMENTUM,research_simulation
20260601,000417,0.692,F04,RESIDUAL_MOMENTUM,research_simulation
20260601,000419,0.721,F04,RESIDUAL_MOMENTUM,research_simulation
20260601,000420,0.472,F04,RESIDUAL_MOMENTUM,research_simulation
20260601,000421,0.183,F04,RESIDUAL_MOMENTUM,research_simulation
20260601,000422,0.679,F04,RESIDUAL_MOMENTUM,research_simulation
20260601,000423,0.411,F04,RESIDUAL_MOMENTUM,research_simulation
20260601,000425,0.517,F04,RESIDUAL_MOMENTUM,research_simulation
20260601,000426,0.194,F04,RESIDUAL_MOMENTUM,research_simulation
20260601,000428,0.382,F04,RESIDUAL_MOMENTUM,research_simulation
20260601,000429,0.861,F04,RESIDUAL_MOMENTUM,research_simulation
20260601,000430,0.198,F04,RESIDUAL_MOMENTUM,research_simulation
20260601,000488,0.608,F04,RESIDUAL_MOMENTUM,research_simulation
20260601,000498,0.612,F04,RESIDUAL_MOMENTUM,research_simulation
20260601,000501,0.196,F04,RESIDUAL_MOMENTUM,research_simulation
20260601,000503,0.094,F04,RESIDUAL_MOMENTUM,research_simulation
20260601,000504,0.437,F04,RESIDUAL_MOMENTUM,research_simulation
20260601,000505,0.156,F04,RESIDUAL_MOMENTUM,research_simulation
20260601,000506,0.148,F04,RESIDUAL_MOMENTUM,research_simulation
20260601,000507,0.89,F04,RESIDUAL_MOMENTUM,research_simulation
20260601,000509,0.006,F04,RESIDUAL_MOMENTUM,research_simulation
20260601,000510,0.861,F04,RESIDUAL_MOMENTUM,research_simulation
20260601,000513,0.633,F04,RESIDUAL_MOMENTUM,research_simulation
20260601,000514,0.517,F04,RESIDUAL_MOMENTUM,research_simulation
20260601,000516,0.419,F04,RESIDUAL_MOMENTUM,research_simulation
