rebalance_date,ticker,factor_value,factor_id,factor_name,source
20210701,000001,0.549,F05,F05,research_simulation
20210701,000002,0.05,F05,F05,research_simulation
20210701,000004,0.848,F05,F05,research_simulation
20210701,000006,0.537,F05,F05,research_simulation
20210701,000007,0.446,F05,F05,research_simulation
20210701,000008,0.447,F05,F05,research_simulation
20210701,000009,0.801,F05,F05,research_simulation
20210701,000010,0.293,F05,F05,research_simulation
20210701,000011,0.207,F05,F05,research_simulation
20210701,000012,0.403,F05,F05,research_simulation
20210701,000014,0.065,F05,F05,research_simulation
20210701,000016,0.417,F05,F05,research_simulation
20210701,000017,0.49,F05,F05,research_simulation
20210701,000019,0.5,F05,F05,research_simulation
20210701,000020,0.346,F05,F05,research_simulation
20210701,000021,0.329,F05,F05,research_simulation
20210701,000025,0.49,F05,F05,research_simulation
20210701,000026,0.918,F05,F05,research_simulation
20210701,000027,0.174,F05,F05,research_simulation
20210701,000028,0.39,F05,F05,research_simulation
20210701,000029,0.446,F05,F05,research_simulation
20210701,000030,0.245,F05,F05,research_simulation
20210701,000031,0.142,F05,F05,research_simulation
20210701,000032,0.559,F05,F05,research_simulation
20210701,000034,0.509,F05,F05,research_simulation
20210701,000035,0.822,F05,F05,research_simulation
20210701,000036,0.046,F05,F05,research_simulation
20210701,000037,0.856,F05,F05,research_simulation
20210701,000039,0.664,F05,F05,research_simulation
20210701,000042,0.11,F05,F05,research_simulation
20210701,000045,0.847,F05,F05,research_simulation
20210701,000048,0.423,F05,F05,research_simulation
20210701,000049,0.091,F05,F05,research_simulation
20210701,000050,0.781,F05,F05,research_simulation
20210701,000055,0.729,F05,F05,research_simulation
20210701,000056,0.316,F05,F05,research_simulation
20210701,000058,0.987,F05,F05,research_simulation
20210701,000059,0.852,F05,F05,research_simulation
20210701,000060,0.111,F05,F05,research_simulation
20210701,000061,0.712,F05,F05,research_simulation
20210701,000062,0.798,F05,F05,research_simulation
20210701,000063,0.25,F05,F05,research_simulation
20210701,000065,0.628,F05,F05,research_simulation
20210701,000066,0.965,F05,F05,research_simulation
20210701,000068,0.788,F05,F05,research_simulation
20210701,000069,0.167,F05,F05,research_simulation
20210701,000070,0.831,F05,F05,research_simulation
20210701,000078,0.304,F05,F05,research_simulation
20210701,000088,0.351,F05,F05,research_simulation
20210701,000089,0.415,F05,F05,research_simulation
20210701,000090,0.936,F05,F05,research_simulation
20210701,000096,0.653,F05,F05,research_simulation
20210701,000099,0.425,F05,F05,research_simulation
20210701,000100,0.959,F05,F05,research_simulation
20210701,000151,0.406,F05,F05,research_simulation
20210701,000153,0.0,F05,F05,research_simulation
20210701,000155,0.197,F05,F05,research_simulation
20210701,000156,0.102,F05,F05,research_simulation
20210701,000157,0.308,F05,F05,research_simulation
20210701,000158,0.801,F05,F05,research_simulation
20210701,000159,0.6,F05,F05,research_simulation
20210701,000166,0.114,F05,F05,research_simulation
20210701,000301,0.794,F05,F05,research_simulation
20210701,000333,0.238,F05,F05,research_simulation
20210701,000338,0.689,F05,F05,research_simulation
20210701,000400,0.674,F05,F05,research_simulation
20210701,000401,0.461,F05,F05,research_simulation
20210701,000402,0.118,F05,F05,research_simulation
20210701,000403,0.74,F05,F05,research_simulation
20210701,000404,0.715,F05,F05,research_simulation
20210701,000407,0.465,F05,F05,research_simulation
20210701,000408,0.766,F05,F05,research_simulation
20210701,000409,0.601,F05,F05,research_simulation
20210701,000410,0.301,F05,F05,research_simulation
20210701,000411,0.752,F05,F05,research_simulation
20210701,000415,0.274,F05,F05,research_simulation
20210701,000417,0.449,F05,F05,research_simulation
20210701,000419,0.872,F05,F05,research_simulation
20210701,000420,0.552,F05,F05,research_simulation
20210701,000421,0.757,F05,F05,research_simulation
20210701,000422,0.351,F05,F05,research_simulation
20210701,000423,0.973,F05,F05,research_simulation
20210701,000425,0.78,F05,F05,research_simulation
20210701,000426,0.815,F05,F05,research_simulation
20210701,000428,0.512,F05,F05,research_simulation
20210701,000429,0.793,F05,F05,research_simulation
20210701,000430,0.362,F05,F05,research_simulation
20210701,000488,0.689,F05,F05,research_simulation
20210701,000498,0.248,F05,F05,research_simulation
20210701,000501,0.415,F05,F05,research_simulation
20210701,000503,0.731,F05,F05,research_simulation
20210701,000504,0.333,F05,F05,research_simulation
20210701,000505,0.441,F05,F05,research_simulation
20210701,000506,0.496,F05,F05,research_simulation
20210701,000507,0.833,F05,F05,research_simulation
20210701,000509,0.007,F05,F05,research_simulation
20210701,000510,0.213,F05,F05,research_simulation
20210701,000513,0.69,F05,F05,research_simulation
20210701,000514,0.273,F05,F05,research_simulation
20210701,000516,0.135,F05,F05,research_simulation
20210801,000001,0.208,F05,F05,research_simulation
20210801,000002,0.652,F05,F05,research_simulation
20210801,000004,0.084,F05,F05,research_simulation
20210801,000006,0.284,F05,F05,research_simulation
20210801,000007,0.135,F05,F05,research_simulation
20210801,000008,0.703,F05,F05,research_simulation
20210801,000009,0.924,F05,F05,research_simulation
20210801,000010,0.788,F05,F05,research_simulation
20210801,000011,0.505,F05,F05,research_simulation
20210801,000012,0.476,F05,F05,research_simulation
20210801,000014,0.102,F05,F05,research_simulation
20210801,000016,0.989,F05,F05,research_simulation
20210801,000017,0.531,F05,F05,research_simulation
20210801,000019,0.06,F05,F05,research_simulation
20210801,000020,0.808,F05,F05,research_simulation
20210801,000021,0.663,F05,F05,research_simulation
20210801,000025,0.075,F05,F05,research_simulation
20210801,000026,0.883,F05,F05,research_simulation
20210801,000027,0.844,F05,F05,research_simulation
20210801,000028,0.206,F05,F05,research_simulation
20210801,000029,0.439,F05,F05,research_simulation
20210801,000030,0.286,F05,F05,research_simulation
20210801,000031,0.968,F05,F05,research_simulation
20210801,000032,0.925,F05,F05,research_simulation
20210801,000034,0.004,F05,F05,research_simulation
20210801,000035,0.028,F05,F05,research_simulation
20210801,000036,0.936,F05,F05,research_simulation
20210801,000037,0.269,F05,F05,research_simulation
20210801,000039,0.796,F05,F05,research_simulation
20210801,000042,0.482,F05,F05,research_simulation
20210801,000045,0.27,F05,F05,research_simulation
20210801,000048,0.207,F05,F05,research_simulation
20210801,000049,0.621,F05,F05,research_simulation
20210801,000050,0.204,F05,F05,research_simulation
20210801,000055,0.212,F05,F05,research_simulation
20210801,000056,0.743,F05,F05,research_simulation
20210801,000058,0.082,F05,F05,research_simulation
20210801,000059,0.461,F05,F05,research_simulation
20210801,000060,0.709,F05,F05,research_simulation
20210801,000061,0.441,F05,F05,research_simulation
20210801,000062,0.732,F05,F05,research_simulation
20210801,000063,0.802,F05,F05,research_simulation
20210801,000065,0.963,F05,F05,research_simulation
20210801,000066,0.888,F05,F05,research_simulation
20210801,000068,0.724,F05,F05,research_simulation
20210801,000069,0.182,F05,F05,research_simulation
20210801,000070,0.701,F05,F05,research_simulation
20210801,000078,0.218,F05,F05,research_simulation
20210801,000088,0.306,F05,F05,research_simulation
20210801,000089,0.907,F05,F05,research_simulation
20210801,000090,0.536,F05,F05,research_simulation
20210801,000096,0.515,F05,F05,research_simulation
20210801,000099,0.447,F05,F05,research_simulation
20210801,000100,0.544,F05,F05,research_simulation
20210801,000151,0.87,F05,F05,research_simulation
20210801,000153,0.135,F05,F05,research_simulation
20210801,000155,0.123,F05,F05,research_simulation
20210801,000156,0.135,F05,F05,research_simulation
20210801,000157,0.056,F05,F05,research_simulation
20210801,000158,0.784,F05,F05,research_simulation
20210801,000159,0.461,F05,F05,research_simulation
20210801,000166,0.036,F05,F05,research_simulation
20210801,000301,0.37,F05,F05,research_simulation
20210801,000333,0.332,F05,F05,research_simulation
20210801,000338,0.618,F05,F05,research_simulation
20210801,000400,0.222,F05,F05,research_simulation
20210801,000401,0.941,F05,F05,research_simulation
20210801,000402,0.623,F05,F05,research_simulation
20210801,000403,0.369,F05,F05,research_simulation
20210801,000404,0.3,F05,F05,research_simulation
20210801,000407,0.312,F05,F05,research_simulation
20210801,000408,0.573,F05,F05,research_simulation
20210801,000409,0.049,F05,F05,research_simulation
20210801,000410,0.299,F05,F05,research_simulation
20210801,000411,0.123,F05,F05,research_simulation
20210801,000415,0.325,F05,F05,research_simulation
20210801,000417,0.58,F05,F05,research_simulation
20210801,000419,0.982,F05,F05,research_simulation
20210801,000420,0.908,F05,F05,research_simulation
20210801,000421,0.296,F05,F05,research_simulation
20210801,000422,0.629,F05,F05,research_simulation
20210801,000423,0.333,F05,F05,research_simulation
20210801,000425,0.692,F05,F05,research_simulation
20210801,000426,0.921,F05,F05,research_simulation
20210801,000428,0.243,F05,F05,research_simulation
20210801,000429,0.638,F05,F05,research_simulation
20210801,000430,0.09,F05,F05,research_simulation
20210801,000488,0.106,F05,F05,research_simulation
20210801,000498,0.769,F05,F05,research_simulation
20210801,000501,0.318,F05,F05,research_simulation
20210801,000503,0.182,F05,F05,research_simulation
20210801,000504,0.67,F05,F05,research_simulation
20210801,000505,0.946,F05,F05,research_simulation
20210801,000506,0.271,F05,F05,research_simulation
20210801,000507,0.496,F05,F05,research_simulation
20210801,000509,0.205,F05,F05,research_simulation
20210801,000510,0.828,F05,F05,research_simulation
20210801,000513,0.353,F05,F05,research_simulation
20210801,000514,0.251,F05,F05,research_simulation
20210801,000516,0.197,F05,F05,research_simulation
20211201,000001,0.662,F05,F05,research_simulation
20211201,000002,0.942,F05,F05,research_simulation
20211201,000004,0.763,F05,F05,research_simulation
20211201,000006,0.869,F05,F05,research_simulation
20211201,000007,0.069,F05,F05,research_simulation
20211201,000008,0.935,F05,F05,research_simulation
20211201,000009,0.977,F05,F05,research_simulation
20211201,000010,0.514,F05,F05,research_simulation
20211201,000011,0.368,F05,F05,research_simulation
20211201,000012,0.03,F05,F05,research_simulation
20211201,000014,0.699,F05,F05,research_simulation
20211201,000016,0.978,F05,F05,research_simulation
20211201,000017,0.902,F05,F05,research_simulation
20211201,000019,0.379,F05,F05,research_simulation
20211201,000020,0.152,F05,F05,research_simulation
20211201,000021,0.893,F05,F05,research_simulation
20211201,000025,0.996,F05,F05,research_simulation
20211201,000026,0.403,F05,F05,research_simulation
20211201,000027,0.678,F05,F05,research_simulation
20211201,000028,0.996,F05,F05,research_simulation
20211201,000029,0.985,F05,F05,research_simulation
20211201,000030,0.734,F05,F05,research_simulation
20211201,000031,0.421,F05,F05,research_simulation
20211201,000032,0.101,F05,F05,research_simulation
20211201,000034,0.111,F05,F05,research_simulation
20211201,000035,0.69,F05,F05,research_simulation
20211201,000036,0.333,F05,F05,research_simulation
20211201,000037,0.758,F05,F05,research_simulation
20211201,000039,0.423,F05,F05,research_simulation
20211201,000042,0.082,F05,F05,research_simulation
20211201,000045,0.142,F05,F05,research_simulation
20211201,000048,0.075,F05,F05,research_simulation
20211201,000049,0.835,F05,F05,research_simulation
20211201,000050,0.516,F05,F05,research_simulation
20211201,000055,0.786,F05,F05,research_simulation
20211201,000056,0.319,F05,F05,research_simulation
20211201,000058,0.871,F05,F05,research_simulation
20211201,000059,0.636,F05,F05,research_simulation
20211201,000060,0.052,F05,F05,research_simulation
20211201,000061,0.195,F05,F05,research_simulation
20211201,000062,0.941,F05,F05,research_simulation
20211201,000063,0.686,F05,F05,research_simulation
20211201,000065,0.367,F05,F05,research_simulation
20211201,000066,0.764,F05,F05,research_simulation
20211201,000068,0.603,F05,F05,research_simulation
20211201,000069,0.957,F05,F05,research_simulation
20211201,000070,0.861,F05,F05,research_simulation
20211201,000078,0.432,F05,F05,research_simulation
20211201,000088,0.681,F05,F05,research_simulation
20211201,000089,0.565,F05,F05,research_simulation
20211201,000090,0.995,F05,F05,research_simulation
20211201,000096,0.82,F05,F05,research_simulation
20211201,000099,0.304,F05,F05,research_simulation
20211201,000100,0.141,F05,F05,research_simulation
20211201,000151,0.999,F05,F05,research_simulation
20211201,000153,0.699,F05,F05,research_simulation
20211201,000155,0.371,F05,F05,research_simulation
20211201,000156,0.18,F05,F05,research_simulation
20211201,000157,0.811,F05,F05,research_simulation
20211201,000158,0.115,F05,F05,research_simulation
20211201,000159,0.715,F05,F05,research_simulation
20211201,000166,0.445,F05,F05,research_simulation
20211201,000301,0.912,F05,F05,research_simulation
20211201,000333,0.119,F05,F05,research_simulation
20211201,000338,0.957,F05,F05,research_simulation
20211201,000400,0.799,F05,F05,research_simulation
20211201,000401,0.841,F05,F05,research_simulation
20211201,000402,0.828,F05,F05,research_simulation
20211201,000403,0.491,F05,F05,research_simulation
20211201,000404,0.821,F05,F05,research_simulation
20211201,000407,0.582,F05,F05,research_simulation
20211201,000408,0.831,F05,F05,research_simulation
20211201,000409,0.377,F05,F05,research_simulation
20211201,000410,0.761,F05,F05,research_simulation
20211201,000411,0.804,F05,F05,research_simulation
20211201,000415,0.881,F05,F05,research_simulation
20211201,000417,0.86,F05,F05,research_simulation
20211201,000419,0.709,F05,F05,research_simulation
20211201,000420,0.268,F05,F05,research_simulation
20211201,000421,0.28,F05,F05,research_simulation
20211201,000422,0.574,F05,F05,research_simulation
20211201,000423,0.875,F05,F05,research_simulation
20211201,000425,0.269,F05,F05,research_simulation
20211201,000426,0.606,F05,F05,research_simulation
20211201,000428,0.211,F05,F05,research_simulation
20211201,000429,0.613,F05,F05,research_simulation
20211201,000430,0.237,F05,F05,research_simulation
20211201,000488,0.241,F05,F05,research_simulation
20211201,000498,0.329,F05,F05,research_simulation
20211201,000501,0.53,F05,F05,research_simulation
20211201,000503,0.063,F05,F05,research_simulation
20211201,000504,0.044,F05,F05,research_simulation
20211201,000505,0.395,F05,F05,research_simulation
20211201,000506,0.784,F05,F05,research_simulation
20211201,000507,0.785,F05,F05,research_simulation
20211201,000509,0.735,F05,F05,research_simulation
20211201,000510,0.271,F05,F05,research_simulation
20211201,000513,0.068,F05,F05,research_simulation
20211201,000514,0.378,F05,F05,research_simulation
20211201,000516,0.495,F05,F05,research_simulation
20220101,000001,0.099,F05,F05,research_simulation
20220101,000002,0.358,F05,F05,research_simulation
20220101,000004,0.724,F05,F05,research_simulation
20220101,000006,0.33,F05,F05,research_simulation
20220101,000007,0.469,F05,F05,research_simulation
20220101,000008,0.321,F05,F05,research_simulation
20220101,000009,0.401,F05,F05,research_simulation
20220101,000010,0.101,F05,F05,research_simulation
20220101,000011,0.998,F05,F05,research_simulation
20220101,000012,0.075,F05,F05,research_simulation
20220101,000014,0.816,F05,F05,research_simulation
20220101,000016,0.077,F05,F05,research_simulation
20220101,000017,0.71,F05,F05,research_simulation
20220101,000019,0.055,F05,F05,research_simulation
20220101,000020,0.981,F05,F05,research_simulation
20220101,000021,0.492,F05,F05,research_simulation
20220101,000025,0.711,F05,F05,research_simulation
20220101,000026,0.989,F05,F05,research_simulation
20220101,000027,0.557,F05,F05,research_simulation
20220101,000028,0.9,F05,F05,research_simulation
20220101,000029,0.812,F05,F05,research_simulation
20220101,000030,0.925,F05,F05,research_simulation
20220101,000031,0.869,F05,F05,research_simulation
20220101,000032,0.419,F05,F05,research_simulation
20220101,000034,0.827,F05,F05,research_simulation
20220101,000035,0.304,F05,F05,research_simulation
20220101,000036,0.134,F05,F05,research_simulation
20220101,000037,0.4,F05,F05,research_simulation
20220101,000039,0.018,F05,F05,research_simulation
20220101,000042,0.878,F05,F05,research_simulation
20220101,000045,0.623,F05,F05,research_simulation
20220101,000048,0.241,F05,F05,research_simulation
20220101,000049,0.388,F05,F05,research_simulation
20220101,000050,0.902,F05,F05,research_simulation
20220101,000055,0.355,F05,F05,research_simulation
20220101,000056,0.404,F05,F05,research_simulation
20220101,000058,0.659,F05,F05,research_simulation
20220101,000059,0.751,F05,F05,research_simulation
20220101,000060,0.764,F05,F05,research_simulation
20220101,000061,0.153,F05,F05,research_simulation
20220101,000062,0.181,F05,F05,research_simulation
20220101,000063,0.271,F05,F05,research_simulation
20220101,000065,0.01,F05,F05,research_simulation
20220101,000066,0.154,F05,F05,research_simulation
20220101,000068,0.258,F05,F05,research_simulation
20220101,000069,0.069,F05,F05,research_simulation
20220101,000070,0.659,F05,F05,research_simulation
20220101,000078,0.997,F05,F05,research_simulation
20220101,000088,0.892,F05,F05,research_simulation
20220101,000089,0.367,F05,F05,research_simulation
20220101,000090,0.497,F05,F05,research_simulation
20220101,000096,0.792,F05,F05,research_simulation
20220101,000099,0.403,F05,F05,research_simulation
20220101,000100,0.391,F05,F05,research_simulation
20220101,000151,0.873,F05,F05,research_simulation
20220101,000153,0.777,F05,F05,research_simulation
20220101,000155,0.536,F05,F05,research_simulation
20220101,000156,0.215,F05,F05,research_simulation
20220101,000157,0.189,F05,F05,research_simulation
20220101,000158,0.193,F05,F05,research_simulation
20220101,000159,0.148,F05,F05,research_simulation
20220101,000166,0.352,F05,F05,research_simulation
20220101,000301,0.119,F05,F05,research_simulation
20220101,000333,0.287,F05,F05,research_simulation
20220101,000338,0.665,F05,F05,research_simulation
20220101,000400,0.182,F05,F05,research_simulation
20220101,000401,0.16,F05,F05,research_simulation
20220101,000402,0.013,F05,F05,research_simulation
20220101,000403,0.216,F05,F05,research_simulation
20220101,000404,0.465,F05,F05,research_simulation
20220101,000407,0.972,F05,F05,research_simulation
20220101,000408,0.796,F05,F05,research_simulation
20220101,000409,0.17,F05,F05,research_simulation
20220101,000410,0.015,F05,F05,research_simulation
20220101,000411,0.232,F05,F05,research_simulation
20220101,000415,0.507,F05,F05,research_simulation
20220101,000417,0.506,F05,F05,research_simulation
20220101,000419,0.607,F05,F05,research_simulation
20220101,000420,0.979,F05,F05,research_simulation
20220101,000421,0.595,F05,F05,research_simulation
20220101,000422,0.165,F05,F05,research_simulation
20220101,000423,0.692,F05,F05,research_simulation
20220101,000425,0.505,F05,F05,research_simulation
20220101,000426,0.651,F05,F05,research_simulation
20220101,000428,0.066,F05,F05,research_simulation
20220101,000429,0.262,F05,F05,research_simulation
20220101,000430,0.472,F05,F05,research_simulation
20220101,000488,0.385,F05,F05,research_simulation
20220101,000498,0.031,F05,F05,research_simulation
20220101,000501,0.054,F05,F05,research_simulation
20220101,000503,0.164,F05,F05,research_simulation
20220101,000504,0.761,F05,F05,research_simulation
20220101,000505,0.766,F05,F05,research_simulation
20220101,000506,0.139,F05,F05,research_simulation
20220101,000507,0.495,F05,F05,research_simulation
20220101,000509,0.793,F05,F05,research_simulation
20220101,000510,0.079,F05,F05,research_simulation
20220101,000513,0.839,F05,F05,research_simulation
20220101,000514,0.313,F05,F05,research_simulation
20220101,000516,0.303,F05,F05,research_simulation
20220201,000001,0.921,F05,F05,research_simulation
20220201,000002,0.325,F05,F05,research_simulation
20220201,000004,0.233,F05,F05,research_simulation
20220201,000006,0.751,F05,F05,research_simulation
20220201,000007,0.816,F05,F05,research_simulation
20220201,000008,0.235,F05,F05,research_simulation
20220201,000009,0.96,F05,F05,research_simulation
20220201,000010,0.644,F05,F05,research_simulation
20220201,000011,0.883,F05,F05,research_simulation
20220201,000012,0.31,F05,F05,research_simulation
20220201,000014,0.298,F05,F05,research_simulation
20220201,000016,0.915,F05,F05,research_simulation
20220201,000017,0.971,F05,F05,research_simulation
20220201,000019,0.158,F05,F05,research_simulation
20220201,000020,0.639,F05,F05,research_simulation
20220201,000021,0.738,F05,F05,research_simulation
20220201,000025,0.316,F05,F05,research_simulation
20220201,000026,0.589,F05,F05,research_simulation
20220201,000027,0.712,F05,F05,research_simulation
20220201,000028,0.033,F05,F05,research_simulation
20220201,000029,0.661,F05,F05,research_simulation
20220201,000030,0.075,F05,F05,research_simulation
20220201,000031,0.224,F05,F05,research_simulation
20220201,000032,0.717,F05,F05,research_simulation
20220201,000034,0.506,F05,F05,research_simulation
20220201,000035,0.65,F05,F05,research_simulation
20220201,000036,0.824,F05,F05,research_simulation
20220201,000037,0.661,F05,F05,research_simulation
20220201,000039,0.135,F05,F05,research_simulation
20220201,000042,0.766,F05,F05,research_simulation
20220201,000045,0.981,F05,F05,research_simulation
20220201,000048,0.209,F05,F05,research_simulation
20220201,000049,0.537,F05,F05,research_simulation
20220201,000050,0.983,F05,F05,research_simulation
20220201,000055,0.049,F05,F05,research_simulation
20220201,000056,0.875,F05,F05,research_simulation
20220201,000058,0.032,F05,F05,research_simulation
20220201,000059,0.17,F05,F05,research_simulation
20220201,000060,0.598,F05,F05,research_simulation
20220201,000061,0.782,F05,F05,research_simulation
20220201,000062,0.302,F05,F05,research_simulation
20220201,000063,0.704,F05,F05,research_simulation
20220201,000065,0.587,F05,F05,research_simulation
20220201,000066,0.768,F05,F05,research_simulation
20220201,000068,0.683,F05,F05,research_simulation
20220201,000069,0.064,F05,F05,research_simulation
20220201,000070,0.935,F05,F05,research_simulation
20220201,000078,0.04,F05,F05,research_simulation
20220201,000088,0.432,F05,F05,research_simulation
20220201,000089,0.184,F05,F05,research_simulation
20220201,000090,0.791,F05,F05,research_simulation
20220201,000096,0.414,F05,F05,research_simulation
20220201,000099,0.624,F05,F05,research_simulation
20220201,000100,0.865,F05,F05,research_simulation
20220201,000151,0.519,F05,F05,research_simulation
20220201,000153,0.116,F05,F05,research_simulation
20220201,000155,0.258,F05,F05,research_simulation
20220201,000156,0.719,F05,F05,research_simulation
20220201,000157,0.607,F05,F05,research_simulation
20220201,000158,0.309,F05,F05,research_simulation
20220201,000159,0.825,F05,F05,research_simulation
20220201,000166,0.877,F05,F05,research_simulation
20220201,000301,0.472,F05,F05,research_simulation
20220201,000333,0.012,F05,F05,research_simulation
20220201,000338,0.713,F05,F05,research_simulation
20220201,000400,0.392,F05,F05,research_simulation
20220201,000401,0.133,F05,F05,research_simulation
20220201,000402,0.28,F05,F05,research_simulation
20220201,000403,0.94,F05,F05,research_simulation
20220201,000404,0.105,F05,F05,research_simulation
20220201,000407,0.841,F05,F05,research_simulation
20220201,000408,0.426,F05,F05,research_simulation
20220201,000409,0.445,F05,F05,research_simulation
20220201,000410,0.703,F05,F05,research_simulation
20220201,000411,0.625,F05,F05,research_simulation
20220201,000415,0.099,F05,F05,research_simulation
20220201,000417,0.77,F05,F05,research_simulation
20220201,000419,0.349,F05,F05,research_simulation
20220201,000420,0.734,F05,F05,research_simulation
20220201,000421,0.043,F05,F05,research_simulation
20220201,000422,0.792,F05,F05,research_simulation
20220201,000423,0.202,F05,F05,research_simulation
20220201,000425,0.424,F05,F05,research_simulation
20220201,000426,0.518,F05,F05,research_simulation
20220201,000428,0.142,F05,F05,research_simulation
20220201,000429,0.683,F05,F05,research_simulation
20220201,000430,0.681,F05,F05,research_simulation
20220201,000488,0.057,F05,F05,research_simulation
20220201,000498,0.79,F05,F05,research_simulation
20220201,000501,0.027,F05,F05,research_simulation
20220201,000503,0.494,F05,F05,research_simulation
20220201,000504,0.895,F05,F05,research_simulation
20220201,000505,0.422,F05,F05,research_simulation
20220201,000506,0.842,F05,F05,research_simulation
20220201,000507,0.442,F05,F05,research_simulation
20220201,000509,0.693,F05,F05,research_simulation
20220201,000510,0.078,F05,F05,research_simulation
20220201,000513,0.697,F05,F05,research_simulation
20220201,000514,0.049,F05,F05,research_simulation
20220201,000516,0.279,F05,F05,research_simulation
20220801,000001,0.419,F05,F05,research_simulation
20220801,000002,0.512,F05,F05,research_simulation
20220801,000004,0.532,F05,F05,research_simulation
20220801,000006,0.31,F05,F05,research_simulation
20220801,000007,0.463,F05,F05,research_simulation
20220801,000008,0.24,F05,F05,research_simulation
20220801,000009,0.659,F05,F05,research_simulation
20220801,000010,0.271,F05,F05,research_simulation
20220801,000011,0.723,F05,F05,research_simulation
20220801,000012,0.044,F05,F05,research_simulation
20220801,000014,0.773,F05,F05,research_simulation
20220801,000016,0.228,F05,F05,research_simulation
20220801,000017,0.026,F05,F05,research_simulation
20220801,000019,0.743,F05,F05,research_simulation
20220801,000020,0.644,F05,F05,research_simulation
20220801,000021,0.186,F05,F05,research_simulation
20220801,000025,0.879,F05,F05,research_simulation
20220801,000026,0.809,F05,F05,research_simulation
20220801,000027,0.666,F05,F05,research_simulation
20220801,000028,0.343,F05,F05,research_simulation
20220801,000029,0.235,F05,F05,research_simulation
20220801,000030,0.992,F05,F05,research_simulation
20220801,000031,0.381,F05,F05,research_simulation
20220801,000032,0.19,F05,F05,research_simulation
20220801,000034,0.125,F05,F05,research_simulation
20220801,000035,0.821,F05,F05,research_simulation
20220801,000036,0.983,F05,F05,research_simulation
20220801,000037,0.009,F05,F05,research_simulation
20220801,000039,0.953,F05,F05,research_simulation
20220801,000042,0.133,F05,F05,research_simulation
20220801,000045,0.443,F05,F05,research_simulation
20220801,000048,0.95,F05,F05,research_simulation
20220801,000049,0.588,F05,F05,research_simulation
20220801,000050,0.637,F05,F05,research_simulation
20220801,000055,0.204,F05,F05,research_simulation
20220801,000056,0.361,F05,F05,research_simulation
20220801,000058,0.161,F05,F05,research_simulation
20220801,000059,0.026,F05,F05,research_simulation
20220801,000060,0.961,F05,F05,research_simulation
20220801,000061,0.319,F05,F05,research_simulation
20220801,000062,0.027,F05,F05,research_simulation
20220801,000063,0.129,F05,F05,research_simulation
20220801,000065,0.442,F05,F05,research_simulation
20220801,000066,0.48,F05,F05,research_simulation
20220801,000068,0.253,F05,F05,research_simulation
20220801,000069,0.068,F05,F05,research_simulation
20220801,000070,0.89,F05,F05,research_simulation
20220801,000078,0.369,F05,F05,research_simulation
20220801,000088,0.785,F05,F05,research_simulation
20220801,000089,0.358,F05,F05,research_simulation
20220801,000090,0.943,F05,F05,research_simulation
20220801,000096,0.09,F05,F05,research_simulation
20220801,000099,0.62,F05,F05,research_simulation
20220801,000100,0.86,F05,F05,research_simulation
20220801,000151,0.483,F05,F05,research_simulation
20220801,000153,0.19,F05,F05,research_simulation
20220801,000155,0.796,F05,F05,research_simulation
20220801,000156,0.64,F05,F05,research_simulation
20220801,000157,0.344,F05,F05,research_simulation
20220801,000158,0.741,F05,F05,research_simulation
20220801,000159,0.636,F05,F05,research_simulation
20220801,000166,0.292,F05,F05,research_simulation
20220801,000301,0.492,F05,F05,research_simulation
20220801,000333,0.471,F05,F05,research_simulation
20220801,000338,0.512,F05,F05,research_simulation
20220801,000400,0.749,F05,F05,research_simulation
20220801,000401,0.433,F05,F05,research_simulation
20220801,000402,0.318,F05,F05,research_simulation
20220801,000403,0.755,F05,F05,research_simulation
20220801,000404,0.027,F05,F05,research_simulation
20220801,000407,0.85,F05,F05,research_simulation
20220801,000408,0.281,F05,F05,research_simulation
20220801,000409,0.999,F05,F05,research_simulation
20220801,000410,0.65,F05,F05,research_simulation
20220801,000411,0.757,F05,F05,research_simulation
20220801,000415,0.426,F05,F05,research_simulation
20220801,000417,0.448,F05,F05,research_simulation
20220801,000419,0.608,F05,F05,research_simulation
20220801,000420,0.986,F05,F05,research_simulation
20220801,000421,0.998,F05,F05,research_simulation
20220801,000422,0.935,F05,F05,research_simulation
20220801,000423,0.829,F05,F05,research_simulation
20220801,000425,0.656,F05,F05,research_simulation
20220801,000426,0.337,F05,F05,research_simulation
20220801,000428,0.783,F05,F05,research_simulation
20220801,000429,0.383,F05,F05,research_simulation
20220801,000430,0.879,F05,F05,research_simulation
20220801,000488,0.448,F05,F05,research_simulation
20220801,000498,0.988,F05,F05,research_simulation
20220801,000501,0.132,F05,F05,research_simulation
20220801,000503,0.988,F05,F05,research_simulation
20220801,000504,0.013,F05,F05,research_simulation
20220801,000505,0.472,F05,F05,research_simulation
20220801,000506,0.383,F05,F05,research_simulation
20220801,000507,0.601,F05,F05,research_simulation
20220801,000509,0.766,F05,F05,research_simulation
20220801,000510,0.57,F05,F05,research_simulation
20220801,000513,0.797,F05,F05,research_simulation
20220801,000514,0.689,F05,F05,research_simulation
20220801,000516,0.449,F05,F05,research_simulation
20221001,000001,0.028,F05,F05,research_simulation
20221001,000002,0.626,F05,F05,research_simulation
20221001,000004,0.39,F05,F05,research_simulation
20221001,000006,0.49,F05,F05,research_simulation
20221001,000007,0.754,F05,F05,research_simulation
20221001,000008,0.412,F05,F05,research_simulation
20221001,000009,0.225,F05,F05,research_simulation
20221001,000010,0.663,F05,F05,research_simulation
20221001,000011,0.156,F05,F05,research_simulation
20221001,000012,0.321,F05,F05,research_simulation
20221001,000014,0.132,F05,F05,research_simulation
20221001,000016,0.323,F05,F05,research_simulation
20221001,000017,0.979,F05,F05,research_simulation
20221001,000019,0.234,F05,F05,research_simulation
20221001,000020,0.401,F05,F05,research_simulation
20221001,000021,0.104,F05,F05,research_simulation
20221001,000025,0.542,F05,F05,research_simulation
20221001,000026,0.047,F05,F05,research_simulation
20221001,000027,0.519,F05,F05,research_simulation
20221001,000028,0.532,F05,F05,research_simulation
20221001,000029,0.873,F05,F05,research_simulation
20221001,000030,0.459,F05,F05,research_simulation
20221001,000031,0.217,F05,F05,research_simulation
20221001,000032,0.128,F05,F05,research_simulation
20221001,000034,0.89,F05,F05,research_simulation
20221001,000035,0.021,F05,F05,research_simulation
20221001,000036,0.754,F05,F05,research_simulation
20221001,000037,0.912,F05,F05,research_simulation
20221001,000039,0.877,F05,F05,research_simulation
20221001,000042,0.5,F05,F05,research_simulation
20221001,000045,0.397,F05,F05,research_simulation
20221001,000048,0.537,F05,F05,research_simulation
20221001,000049,0.714,F05,F05,research_simulation
20221001,000050,0.279,F05,F05,research_simulation
20221001,000055,0.38,F05,F05,research_simulation
20221001,000056,0.21,F05,F05,research_simulation
20221001,000058,0.647,F05,F05,research_simulation
20221001,000059,0.584,F05,F05,research_simulation
20221001,000060,0.856,F05,F05,research_simulation
20221001,000061,0.174,F05,F05,research_simulation
20221001,000062,0.107,F05,F05,research_simulation
20221001,000063,0.719,F05,F05,research_simulation
20221001,000065,0.301,F05,F05,research_simulation
20221001,000066,0.434,F05,F05,research_simulation
20221001,000068,0.512,F05,F05,research_simulation
20221001,000069,0.283,F05,F05,research_simulation
20221001,000070,0.321,F05,F05,research_simulation
20221001,000078,0.109,F05,F05,research_simulation
20221001,000088,0.86,F05,F05,research_simulation
20221001,000089,0.923,F05,F05,research_simulation
20221001,000090,0.766,F05,F05,research_simulation
20221001,000096,0.776,F05,F05,research_simulation
20221001,000099,0.476,F05,F05,research_simulation
20221001,000100,0.662,F05,F05,research_simulation
20221001,000151,0.755,F05,F05,research_simulation
20221001,000153,0.363,F05,F05,research_simulation
20221001,000155,0.857,F05,F05,research_simulation
20221001,000156,0.665,F05,F05,research_simulation
20221001,000157,0.967,F05,F05,research_simulation
20221001,000158,0.014,F05,F05,research_simulation
20221001,000159,0.519,F05,F05,research_simulation
20221001,000166,0.746,F05,F05,research_simulation
20221001,000301,0.613,F05,F05,research_simulation
20221001,000333,0.539,F05,F05,research_simulation
20221001,000338,0.11,F05,F05,research_simulation
20221001,000400,0.74,F05,F05,research_simulation
20221001,000401,0.595,F05,F05,research_simulation
20221001,000402,0.289,F05,F05,research_simulation
20221001,000403,0.705,F05,F05,research_simulation
20221001,000404,0.532,F05,F05,research_simulation
20221001,000407,0.744,F05,F05,research_simulation
20221001,000408,0.323,F05,F05,research_simulation
20221001,000409,0.132,F05,F05,research_simulation
20221001,000410,0.747,F05,F05,research_simulation
20221001,000411,0.315,F05,F05,research_simulation
20221001,000415,0.02,F05,F05,research_simulation
20221001,000417,0.765,F05,F05,research_simulation
20221001,000419,0.131,F05,F05,research_simulation
20221001,000420,0.161,F05,F05,research_simulation
20221001,000421,0.461,F05,F05,research_simulation
20221001,000422,0.818,F05,F05,research_simulation
20221001,000423,0.928,F05,F05,research_simulation
20221001,000425,0.271,F05,F05,research_simulation
20221001,000426,0.9,F05,F05,research_simulation
20221001,000428,0.226,F05,F05,research_simulation
20221001,000429,0.357,F05,F05,research_simulation
20221001,000430,0.89,F05,F05,research_simulation
20221001,000488,0.672,F05,F05,research_simulation
20221001,000498,0.526,F05,F05,research_simulation
20221001,000501,0.181,F05,F05,research_simulation
20221001,000503,0.589,F05,F05,research_simulation
20221001,000504,0.443,F05,F05,research_simulation
20221001,000505,0.613,F05,F05,research_simulation
20221001,000506,0.064,F05,F05,research_simulation
20221001,000507,0.738,F05,F05,research_simulation
20221001,000509,0.141,F05,F05,research_simulation
20221001,000510,0.348,F05,F05,research_simulation
20221001,000513,0.204,F05,F05,research_simulation
20221001,000514,0.608,F05,F05,research_simulation
20221001,000516,0.314,F05,F05,research_simulation
20221201,000001,0.244,F05,F05,research_simulation
20221201,000002,0.532,F05,F05,research_simulation
20221201,000004,0.698,F05,F05,research_simulation
20221201,000006,0.1,F05,F05,research_simulation
20221201,000007,0.487,F05,F05,research_simulation
20221201,000008,0.694,F05,F05,research_simulation
20221201,000009,0.863,F05,F05,research_simulation
20221201,000010,0.09,F05,F05,research_simulation
20221201,000011,0.474,F05,F05,research_simulation
20221201,000012,0.916,F05,F05,research_simulation
20221201,000014,0.013,F05,F05,research_simulation
20221201,000016,0.924,F05,F05,research_simulation
20221201,000017,0.182,F05,F05,research_simulation
20221201,000019,0.113,F05,F05,research_simulation
20221201,000020,0.021,F05,F05,research_simulation
20221201,000021,0.59,F05,F05,research_simulation
20221201,000025,0.948,F05,F05,research_simulation
20221201,000026,0.119,F05,F05,research_simulation
20221201,000027,0.778,F05,F05,research_simulation
20221201,000028,0.781,F05,F05,research_simulation
20221201,000029,0.656,F05,F05,research_simulation
20221201,000030,0.618,F05,F05,research_simulation
20221201,000031,0.066,F05,F05,research_simulation
20221201,000032,0.062,F05,F05,research_simulation
20221201,000034,0.556,F05,F05,research_simulation
20221201,000035,0.774,F05,F05,research_simulation
20221201,000036,0.49,F05,F05,research_simulation
20221201,000037,0.593,F05,F05,research_simulation
20221201,000039,0.029,F05,F05,research_simulation
20221201,000042,0.645,F05,F05,research_simulation
20221201,000045,0.001,F05,F05,research_simulation
20221201,000048,0.452,F05,F05,research_simulation
20221201,000049,0.911,F05,F05,research_simulation
20221201,000050,0.22,F05,F05,research_simulation
20221201,000055,0.953,F05,F05,research_simulation
20221201,000056,0.826,F05,F05,research_simulation
20221201,000058,0.284,F05,F05,research_simulation
20221201,000059,0.468,F05,F05,research_simulation
20221201,000060,0.357,F05,F05,research_simulation
20221201,000061,0.46,F05,F05,research_simulation
20221201,000062,0.398,F05,F05,research_simulation
20221201,000063,0.862,F05,F05,research_simulation
20221201,000065,0.642,F05,F05,research_simulation
20221201,000066,0.729,F05,F05,research_simulation
20221201,000068,0.969,F05,F05,research_simulation
20221201,000069,0.451,F05,F05,research_simulation
20221201,000070,0.608,F05,F05,research_simulation
20221201,000078,0.29,F05,F05,research_simulation
20221201,000088,0.717,F05,F05,research_simulation
20221201,000089,0.216,F05,F05,research_simulation
20221201,000090,0.266,F05,F05,research_simulation
20221201,000096,0.239,F05,F05,research_simulation
20221201,000099,0.415,F05,F05,research_simulation
20221201,000100,0.066,F05,F05,research_simulation
20221201,000151,0.249,F05,F05,research_simulation
20221201,000153,0.636,F05,F05,research_simulation
20221201,000155,0.804,F05,F05,research_simulation
20221201,000156,0.013,F05,F05,research_simulation
20221201,000157,0.87,F05,F05,research_simulation
20221201,000158,0.705,F05,F05,research_simulation
20221201,000159,0.417,F05,F05,research_simulation
20221201,000166,0.602,F05,F05,research_simulation
20221201,000301,0.871,F05,F05,research_simulation
20221201,000333,0.09,F05,F05,research_simulation
20221201,000338,0.444,F05,F05,research_simulation
20221201,000400,0.426,F05,F05,research_simulation
20221201,000401,0.476,F05,F05,research_simulation
20221201,000402,0.447,F05,F05,research_simulation
20221201,000403,0.122,F05,F05,research_simulation
20221201,000404,0.704,F05,F05,research_simulation
20221201,000407,0.79,F05,F05,research_simulation
20221201,000408,0.305,F05,F05,research_simulation
20221201,000409,0.964,F05,F05,research_simulation
20221201,000410,0.615,F05,F05,research_simulation
20221201,000411,0.513,F05,F05,research_simulation
20221201,000415,0.35,F05,F05,research_simulation
20221201,000417,0.314,F05,F05,research_simulation
20221201,000419,0.609,F05,F05,research_simulation
20221201,000420,0.232,F05,F05,research_simulation
20221201,000421,0.466,F05,F05,research_simulation
20221201,000422,0.835,F05,F05,research_simulation
20221201,000423,0.95,F05,F05,research_simulation
20221201,000425,0.166,F05,F05,research_simulation
20221201,000426,0.773,F05,F05,research_simulation
20221201,000428,0.328,F05,F05,research_simulation
20221201,000429,0.027,F05,F05,research_simulation
20221201,000430,0.077,F05,F05,research_simulation
20221201,000488,0.274,F05,F05,research_simulation
20221201,000498,0.213,F05,F05,research_simulation
20221201,000501,0.22,F05,F05,research_simulation
20221201,000503,0.427,F05,F05,research_simulation
20221201,000504,0.469,F05,F05,research_simulation
20221201,000505,0.709,F05,F05,research_simulation
20221201,000506,0.421,F05,F05,research_simulation
20221201,000507,0.967,F05,F05,research_simulation
20221201,000509,0.046,F05,F05,research_simulation
20221201,000510,0.448,F05,F05,research_simulation
20221201,000513,0.536,F05,F05,research_simulation
20221201,000514,0.228,F05,F05,research_simulation
20221201,000516,0.531,F05,F05,research_simulation
20230101,000001,0.929,F05,F05,research_simulation
20230101,000002,0.014,F05,F05,research_simulation
20230101,000004,0.427,F05,F05,research_simulation
20230101,000006,0.618,F05,F05,research_simulation
20230101,000007,0.942,F05,F05,research_simulation
20230101,000008,0.849,F05,F05,research_simulation
20230101,000009,0.438,F05,F05,research_simulation
20230101,000010,0.219,F05,F05,research_simulation
20230101,000011,0.539,F05,F05,research_simulation
20230101,000012,0.38,F05,F05,research_simulation
20230101,000014,0.122,F05,F05,research_simulation
20230101,000016,0.996,F05,F05,research_simulation
20230101,000017,0.251,F05,F05,research_simulation
20230101,000019,0.914,F05,F05,research_simulation
20230101,000020,0.1,F05,F05,research_simulation
20230101,000021,0.761,F05,F05,research_simulation
20230101,000025,0.949,F05,F05,research_simulation
20230101,000026,0.718,F05,F05,research_simulation
20230101,000027,0.299,F05,F05,research_simulation
20230101,000028,0.166,F05,F05,research_simulation
20230101,000029,0.317,F05,F05,research_simulation
20230101,000030,0.264,F05,F05,research_simulation
20230101,000031,0.023,F05,F05,research_simulation
20230101,000032,0.283,F05,F05,research_simulation
20230101,000034,0.0,F05,F05,research_simulation
20230101,000035,0.141,F05,F05,research_simulation
20230101,000036,0.691,F05,F05,research_simulation
20230101,000037,0.142,F05,F05,research_simulation
20230101,000039,0.551,F05,F05,research_simulation
20230101,000042,0.818,F05,F05,research_simulation
20230101,000045,0.513,F05,F05,research_simulation
20230101,000048,0.975,F05,F05,research_simulation
20230101,000049,0.266,F05,F05,research_simulation
20230101,000050,0.497,F05,F05,research_simulation
20230101,000055,0.342,F05,F05,research_simulation
20230101,000056,0.399,F05,F05,research_simulation
20230101,000058,0.812,F05,F05,research_simulation
20230101,000059,0.197,F05,F05,research_simulation
20230101,000060,0.462,F05,F05,research_simulation
20230101,000061,0.92,F05,F05,research_simulation
20230101,000062,0.673,F05,F05,research_simulation
20230101,000063,0.798,F05,F05,research_simulation
20230101,000065,0.246,F05,F05,research_simulation
20230101,000066,0.832,F05,F05,research_simulation
20230101,000068,0.732,F05,F05,research_simulation
20230101,000069,0.12,F05,F05,research_simulation
20230101,000070,0.382,F05,F05,research_simulation
20230101,000078,0.825,F05,F05,research_simulation
20230101,000088,0.184,F05,F05,research_simulation
20230101,000089,0.425,F05,F05,research_simulation
20230101,000090,0.421,F05,F05,research_simulation
20230101,000096,0.644,F05,F05,research_simulation
20230101,000099,0.677,F05,F05,research_simulation
20230101,000100,0.724,F05,F05,research_simulation
20230101,000151,0.868,F05,F05,research_simulation
20230101,000153,0.116,F05,F05,research_simulation
20230101,000155,0.627,F05,F05,research_simulation
20230101,000156,0.596,F05,F05,research_simulation
20230101,000157,0.018,F05,F05,research_simulation
20230101,000158,0.288,F05,F05,research_simulation
20230101,000159,0.634,F05,F05,research_simulation
20230101,000166,0.227,F05,F05,research_simulation
20230101,000301,0.175,F05,F05,research_simulation
20230101,000333,0.631,F05,F05,research_simulation
20230101,000338,0.561,F05,F05,research_simulation
20230101,000400,0.419,F05,F05,research_simulation
20230101,000401,0.054,F05,F05,research_simulation
20230101,000402,0.285,F05,F05,research_simulation
20230101,000403,0.108,F05,F05,research_simulation
20230101,000404,0.268,F05,F05,research_simulation
20230101,000407,0.123,F05,F05,research_simulation
20230101,000408,0.382,F05,F05,research_simulation
20230101,000409,0.707,F05,F05,research_simulation
20230101,000410,0.937,F05,F05,research_simulation
20230101,000411,0.234,F05,F05,research_simulation
20230101,000415,0.273,F05,F05,research_simulation
20230101,000417,0.231,F05,F05,research_simulation
20230101,000419,0.554,F05,F05,research_simulation
20230101,000420,0.804,F05,F05,research_simulation
20230101,000421,0.776,F05,F05,research_simulation
20230101,000422,0.804,F05,F05,research_simulation
20230101,000423,0.89,F05,F05,research_simulation
20230101,000425,0.245,F05,F05,research_simulation
20230101,000426,0.773,F05,F05,research_simulation
20230101,000428,0.916,F05,F05,research_simulation
20230101,000429,0.886,F05,F05,research_simulation
20230101,000430,0.353,F05,F05,research_simulation
20230101,000488,0.832,F05,F05,research_simulation
20230101,000498,0.811,F05,F05,research_simulation
20230101,000501,0.377,F05,F05,research_simulation
20230101,000503,0.761,F05,F05,research_simulation
20230101,000504,0.295,F05,F05,research_simulation
20230101,000505,0.616,F05,F05,research_simulation
20230101,000506,0.174,F05,F05,research_simulation
20230101,000507,0.699,F05,F05,research_simulation
20230101,000509,0.47,F05,F05,research_simulation
20230101,000510,0.488,F05,F05,research_simulation
20230101,000513,0.041,F05,F05,research_simulation
20230101,000514,0.22,F05,F05,research_simulation
20230101,000516,0.218,F05,F05,research_simulation
20230401,000001,0.353,F05,F05,research_simulation
20230401,000002,0.424,F05,F05,research_simulation
20230401,000004,0.205,F05,F05,research_simulation
20230401,000006,0.782,F05,F05,research_simulation
20230401,000007,0.112,F05,F05,research_simulation
20230401,000008,0.668,F05,F05,research_simulation
20230401,000009,0.37,F05,F05,research_simulation
20230401,000010,0.195,F05,F05,research_simulation
20230401,000011,0.394,F05,F05,research_simulation
20230401,000012,0.336,F05,F05,research_simulation
20230401,000014,0.171,F05,F05,research_simulation
20230401,000016,0.089,F05,F05,research_simulation
20230401,000017,0.535,F05,F05,research_simulation
20230401,000019,0.312,F05,F05,research_simulation
20230401,000020,0.622,F05,F05,research_simulation
20230401,000021,0.654,F05,F05,research_simulation
20230401,000025,0.916,F05,F05,research_simulation
20230401,000026,0.346,F05,F05,research_simulation
20230401,000027,0.719,F05,F05,research_simulation
20230401,000028,0.911,F05,F05,research_simulation
20230401,000029,0.671,F05,F05,research_simulation
20230401,000030,0.472,F05,F05,research_simulation
20230401,000031,0.049,F05,F05,research_simulation
20230401,000032,0.905,F05,F05,research_simulation
20230401,000034,0.434,F05,F05,research_simulation
20230401,000035,0.366,F05,F05,research_simulation
20230401,000036,0.653,F05,F05,research_simulation
20230401,000037,0.084,F05,F05,research_simulation
20230401,000039,0.456,F05,F05,research_simulation
20230401,000042,0.954,F05,F05,research_simulation
20230401,000045,0.497,F05,F05,research_simulation
20230401,000048,0.925,F05,F05,research_simulation
20230401,000049,0.54,F05,F05,research_simulation
20230401,000050,0.995,F05,F05,research_simulation
20230401,000055,0.941,F05,F05,research_simulation
20230401,000056,0.642,F05,F05,research_simulation
20230401,000058,0.118,F05,F05,research_simulation
20230401,000059,0.413,F05,F05,research_simulation
20230401,000060,0.114,F05,F05,research_simulation
20230401,000061,0.707,F05,F05,research_simulation
20230401,000062,0.851,F05,F05,research_simulation
20230401,000063,0.649,F05,F05,research_simulation
20230401,000065,0.318,F05,F05,research_simulation
20230401,000066,0.89,F05,F05,research_simulation
20230401,000068,0.769,F05,F05,research_simulation
20230401,000069,0.385,F05,F05,research_simulation
20230401,000070,0.29,F05,F05,research_simulation
20230401,000078,0.463,F05,F05,research_simulation
20230401,000088,0.272,F05,F05,research_simulation
20230401,000089,0.839,F05,F05,research_simulation
20230401,000090,0.826,F05,F05,research_simulation
20230401,000096,0.83,F05,F05,research_simulation
20230401,000099,0.632,F05,F05,research_simulation
20230401,000100,0.557,F05,F05,research_simulation
20230401,000151,0.883,F05,F05,research_simulation
20230401,000153,0.899,F05,F05,research_simulation
20230401,000155,0.298,F05,F05,research_simulation
20230401,000156,0.129,F05,F05,research_simulation
20230401,000157,0.715,F05,F05,research_simulation
20230401,000158,0.596,F05,F05,research_simulation
20230401,000159,0.65,F05,F05,research_simulation
20230401,000166,0.208,F05,F05,research_simulation
20230401,000301,0.843,F05,F05,research_simulation
20230401,000333,0.736,F05,F05,research_simulation
20230401,000338,0.851,F05,F05,research_simulation
20230401,000400,0.151,F05,F05,research_simulation
20230401,000401,0.557,F05,F05,research_simulation
20230401,000402,0.537,F05,F05,research_simulation
20230401,000403,0.236,F05,F05,research_simulation
20230401,000404,0.095,F05,F05,research_simulation
20230401,000407,0.845,F05,F05,research_simulation
20230401,000408,0.101,F05,F05,research_simulation
20230401,000409,0.245,F05,F05,research_simulation
20230401,000410,0.174,F05,F05,research_simulation
20230401,000411,0.832,F05,F05,research_simulation
20230401,000415,0.738,F05,F05,research_simulation
20230401,000417,0.981,F05,F05,research_simulation
20230401,000419,0.821,F05,F05,research_simulation
20230401,000420,0.468,F05,F05,research_simulation
20230401,000421,0.355,F05,F05,research_simulation
20230401,000422,0.727,F05,F05,research_simulation
20230401,000423,0.255,F05,F05,research_simulation
20230401,000425,0.891,F05,F05,research_simulation
20230401,000426,0.934,F05,F05,research_simulation
20230401,000428,0.293,F05,F05,research_simulation
20230401,000429,0.897,F05,F05,research_simulation
20230401,000430,0.512,F05,F05,research_simulation
20230401,000488,0.693,F05,F05,research_simulation
20230401,000498,0.027,F05,F05,research_simulation
20230401,000501,0.873,F05,F05,research_simulation
20230401,000503,0.453,F05,F05,research_simulation
20230401,000504,0.354,F05,F05,research_simulation
20230401,000505,0.154,F05,F05,research_simulation
20230401,000506,0.806,F05,F05,research_simulation
20230401,000507,0.855,F05,F05,research_simulation
20230401,000509,0.864,F05,F05,research_simulation
20230401,000510,0.83,F05,F05,research_simulation
20230401,000513,0.106,F05,F05,research_simulation
20230401,000514,0.893,F05,F05,research_simulation
20230401,000516,0.479,F05,F05,research_simulation
20230701,000001,0.832,F05,F05,research_simulation
20230701,000002,0.382,F05,F05,research_simulation
20230701,000004,0.294,F05,F05,research_simulation
20230701,000006,0.403,F05,F05,research_simulation
20230701,000007,0.479,F05,F05,research_simulation
20230701,000008,0.343,F05,F05,research_simulation
20230701,000009,0.184,F05,F05,research_simulation
20230701,000010,0.864,F05,F05,research_simulation
20230701,000011,0.627,F05,F05,research_simulation
20230701,000012,0.7,F05,F05,research_simulation
20230701,000014,0.493,F05,F05,research_simulation
20230701,000016,0.984,F05,F05,research_simulation
20230701,000017,0.705,F05,F05,research_simulation
20230701,000019,0.64,F05,F05,research_simulation
20230701,000020,0.708,F05,F05,research_simulation
20230701,000021,0.224,F05,F05,research_simulation
20230701,000025,0.016,F05,F05,research_simulation
20230701,000026,0.961,F05,F05,research_simulation
20230701,000027,0.449,F05,F05,research_simulation
20230701,000028,0.217,F05,F05,research_simulation
20230701,000029,0.111,F05,F05,research_simulation
20230701,000030,0.596,F05,F05,research_simulation
20230701,000031,0.65,F05,F05,research_simulation
20230701,000032,0.443,F05,F05,research_simulation
20230701,000034,0.65,F05,F05,research_simulation
20230701,000035,0.376,F05,F05,research_simulation
20230701,000036,0.198,F05,F05,research_simulation
20230701,000037,0.046,F05,F05,research_simulation
20230701,000039,0.14,F05,F05,research_simulation
20230701,000042,0.658,F05,F05,research_simulation
20230701,000045,0.215,F05,F05,research_simulation
20230701,000048,0.332,F05,F05,research_simulation
20230701,000049,0.85,F05,F05,research_simulation
20230701,000050,0.47,F05,F05,research_simulation
20230701,000055,0.797,F05,F05,research_simulation
20230701,000056,0.421,F05,F05,research_simulation
20230701,000058,0.202,F05,F05,research_simulation
20230701,000059,0.236,F05,F05,research_simulation
20230701,000060,0.56,F05,F05,research_simulation
20230701,000061,0.417,F05,F05,research_simulation
20230701,000062,0.998,F05,F05,research_simulation
20230701,000063,0.446,F05,F05,research_simulation
20230701,000065,0.639,F05,F05,research_simulation
20230701,000066,0.05,F05,F05,research_simulation
20230701,000068,0.499,F05,F05,research_simulation
20230701,000069,0.387,F05,F05,research_simulation
20230701,000070,0.773,F05,F05,research_simulation
20230701,000078,0.582,F05,F05,research_simulation
20230701,000088,0.615,F05,F05,research_simulation
20230701,000089,0.776,F05,F05,research_simulation
20230701,000090,0.413,F05,F05,research_simulation
20230701,000096,0.622,F05,F05,research_simulation
20230701,000099,0.358,F05,F05,research_simulation
20230701,000100,0.823,F05,F05,research_simulation
20230701,000151,0.0,F05,F05,research_simulation
20230701,000153,0.599,F05,F05,research_simulation
20230701,000155,0.889,F05,F05,research_simulation
20230701,000156,0.963,F05,F05,research_simulation
20230701,000157,0.681,F05,F05,research_simulation
20230701,000158,0.433,F05,F05,research_simulation
20230701,000159,0.556,F05,F05,research_simulation
20230701,000166,0.226,F05,F05,research_simulation
20230701,000301,0.291,F05,F05,research_simulation
20230701,000333,0.846,F05,F05,research_simulation
20230701,000338,0.424,F05,F05,research_simulation
20230701,000400,0.283,F05,F05,research_simulation
20230701,000401,0.64,F05,F05,research_simulation
20230701,000402,0.192,F05,F05,research_simulation
20230701,000403,0.831,F05,F05,research_simulation
20230701,000404,0.611,F05,F05,research_simulation
20230701,000407,0.096,F05,F05,research_simulation
20230701,000408,0.384,F05,F05,research_simulation
20230701,000409,0.227,F05,F05,research_simulation
20230701,000410,0.799,F05,F05,research_simulation
20230701,000411,0.567,F05,F05,research_simulation
20230701,000415,0.675,F05,F05,research_simulation
20230701,000417,0.396,F05,F05,research_simulation
20230701,000419,0.061,F05,F05,research_simulation
20230701,000420,0.566,F05,F05,research_simulation
20230701,000421,0.036,F05,F05,research_simulation
20230701,000422,0.593,F05,F05,research_simulation
20230701,000423,0.774,F05,F05,research_simulation
20230701,000425,0.887,F05,F05,research_simulation
20230701,000426,0.178,F05,F05,research_simulation
20230701,000428,0.781,F05,F05,research_simulation
20230701,000429,0.68,F05,F05,research_simulation
20230701,000430,0.654,F05,F05,research_simulation
20230701,000488,0.041,F05,F05,research_simulation
20230701,000498,0.23,F05,F05,research_simulation
20230701,000501,0.933,F05,F05,research_simulation
20230701,000503,0.626,F05,F05,research_simulation
20230701,000504,0.125,F05,F05,research_simulation
20230701,000505,0.981,F05,F05,research_simulation
20230701,000506,0.008,F05,F05,research_simulation
20230701,000507,0.729,F05,F05,research_simulation
20230701,000509,0.088,F05,F05,research_simulation
20230701,000510,0.529,F05,F05,research_simulation
20230701,000513,0.134,F05,F05,research_simulation
20230701,000514,0.062,F05,F05,research_simulation
20230701,000516,0.389,F05,F05,research_simulation
20230801,000001,0.111,F05,F05,research_simulation
20230801,000002,0.062,F05,F05,research_simulation
20230801,000004,0.145,F05,F05,research_simulation
20230801,000006,0.866,F05,F05,research_simulation
20230801,000007,0.107,F05,F05,research_simulation
20230801,000008,0.788,F05,F05,research_simulation
20230801,000009,0.779,F05,F05,research_simulation
20230801,000010,0.937,F05,F05,research_simulation
20230801,000011,0.586,F05,F05,research_simulation
20230801,000012,0.619,F05,F05,research_simulation
20230801,000014,0.78,F05,F05,research_simulation
20230801,000016,0.847,F05,F05,research_simulation
20230801,000017,0.845,F05,F05,research_simulation
20230801,000019,0.523,F05,F05,research_simulation
20230801,000020,0.188,F05,F05,research_simulation
20230801,000021,0.102,F05,F05,research_simulation
20230801,000025,0.065,F05,F05,research_simulation
20230801,000026,0.906,F05,F05,research_simulation
20230801,000027,0.401,F05,F05,research_simulation
20230801,000028,0.255,F05,F05,research_simulation
20230801,000029,0.565,F05,F05,research_simulation
20230801,000030,0.059,F05,F05,research_simulation
20230801,000031,0.336,F05,F05,research_simulation
20230801,000032,0.709,F05,F05,research_simulation
20230801,000034,0.866,F05,F05,research_simulation
20230801,000035,0.206,F05,F05,research_simulation
20230801,000036,0.915,F05,F05,research_simulation
20230801,000037,0.756,F05,F05,research_simulation
20230801,000039,0.413,F05,F05,research_simulation
20230801,000042,0.006,F05,F05,research_simulation
20230801,000045,0.112,F05,F05,research_simulation
20230801,000048,0.506,F05,F05,research_simulation
20230801,000049,0.783,F05,F05,research_simulation
20230801,000050,0.007,F05,F05,research_simulation
20230801,000055,0.537,F05,F05,research_simulation
20230801,000056,0.242,F05,F05,research_simulation
20230801,000058,0.434,F05,F05,research_simulation
20230801,000059,0.024,F05,F05,research_simulation
20230801,000060,0.142,F05,F05,research_simulation
20230801,000061,0.755,F05,F05,research_simulation
20230801,000062,0.046,F05,F05,research_simulation
20230801,000063,0.624,F05,F05,research_simulation
20230801,000065,0.342,F05,F05,research_simulation
20230801,000066,0.998,F05,F05,research_simulation
20230801,000068,0.438,F05,F05,research_simulation
20230801,000069,0.703,F05,F05,research_simulation
20230801,000070,0.758,F05,F05,research_simulation
20230801,000078,0.183,F05,F05,research_simulation
20230801,000088,0.3,F05,F05,research_simulation
20230801,000089,0.758,F05,F05,research_simulation
20230801,000090,0.112,F05,F05,research_simulation
20230801,000096,0.855,F05,F05,research_simulation
20230801,000099,0.062,F05,F05,research_simulation
20230801,000100,0.142,F05,F05,research_simulation
20230801,000151,0.72,F05,F05,research_simulation
20230801,000153,0.028,F05,F05,research_simulation
20230801,000155,0.744,F05,F05,research_simulation
20230801,000156,0.389,F05,F05,research_simulation
20230801,000157,0.111,F05,F05,research_simulation
20230801,000158,0.788,F05,F05,research_simulation
20230801,000159,0.614,F05,F05,research_simulation
20230801,000166,0.496,F05,F05,research_simulation
20230801,000301,0.275,F05,F05,research_simulation
20230801,000333,0.114,F05,F05,research_simulation
20230801,000338,0.888,F05,F05,research_simulation
20230801,000400,0.887,F05,F05,research_simulation
20230801,000401,0.095,F05,F05,research_simulation
20230801,000402,0.533,F05,F05,research_simulation
20230801,000403,0.304,F05,F05,research_simulation
20230801,000404,0.66,F05,F05,research_simulation
20230801,000407,0.404,F05,F05,research_simulation
20230801,000408,0.425,F05,F05,research_simulation
20230801,000409,0.35,F05,F05,research_simulation
20230801,000410,0.337,F05,F05,research_simulation
20230801,000411,0.747,F05,F05,research_simulation
20230801,000415,0.683,F05,F05,research_simulation
20230801,000417,0.998,F05,F05,research_simulation
20230801,000419,0.657,F05,F05,research_simulation
20230801,000420,0.834,F05,F05,research_simulation
20230801,000421,0.257,F05,F05,research_simulation
20230801,000422,0.626,F05,F05,research_simulation
20230801,000423,0.084,F05,F05,research_simulation
20230801,000425,0.146,F05,F05,research_simulation
20230801,000426,0.864,F05,F05,research_simulation
20230801,000428,0.746,F05,F05,research_simulation
20230801,000429,0.657,F05,F05,research_simulation
20230801,000430,0.709,F05,F05,research_simulation
20230801,000488,0.457,F05,F05,research_simulation
20230801,000498,0.342,F05,F05,research_simulation
20230801,000501,0.847,F05,F05,research_simulation
20230801,000503,0.412,F05,F05,research_simulation
20230801,000504,0.867,F05,F05,research_simulation
20230801,000505,0.535,F05,F05,research_simulation
20230801,000506,0.063,F05,F05,research_simulation
20230801,000507,0.812,F05,F05,research_simulation
20230801,000509,0.009,F05,F05,research_simulation
20230801,000510,0.022,F05,F05,research_simulation
20230801,000513,0.309,F05,F05,research_simulation
20230801,000514,0.167,F05,F05,research_simulation
20230801,000516,0.685,F05,F05,research_simulation
20230901,000001,0.614,F05,F05,research_simulation
20230901,000002,0.097,F05,F05,research_simulation
20230901,000004,0.139,F05,F05,research_simulation
20230901,000006,0.251,F05,F05,research_simulation
20230901,000007,0.93,F05,F05,research_simulation
20230901,000008,0.504,F05,F05,research_simulation
20230901,000009,0.473,F05,F05,research_simulation
20230901,000010,0.932,F05,F05,research_simulation
20230901,000011,0.067,F05,F05,research_simulation
20230901,000012,0.635,F05,F05,research_simulation
20230901,000014,0.218,F05,F05,research_simulation
20230901,000016,0.216,F05,F05,research_simulation
20230901,000017,0.99,F05,F05,research_simulation
20230901,000019,0.964,F05,F05,research_simulation
20230901,000020,0.432,F05,F05,research_simulation
20230901,000021,0.071,F05,F05,research_simulation
20230901,000025,0.78,F05,F05,research_simulation
20230901,000026,0.093,F05,F05,research_simulation
20230901,000027,0.646,F05,F05,research_simulation
20230901,000028,0.944,F05,F05,research_simulation
20230901,000029,0.291,F05,F05,research_simulation
20230901,000030,0.647,F05,F05,research_simulation
20230901,000031,0.165,F05,F05,research_simulation
20230901,000032,0.384,F05,F05,research_simulation
20230901,000034,0.836,F05,F05,research_simulation
20230901,000035,0.428,F05,F05,research_simulation
20230901,000036,0.416,F05,F05,research_simulation
20230901,000037,0.893,F05,F05,research_simulation
20230901,000039,0.84,F05,F05,research_simulation
20230901,000042,0.84,F05,F05,research_simulation
20230901,000045,0.354,F05,F05,research_simulation
20230901,000048,0.91,F05,F05,research_simulation
20230901,000049,0.235,F05,F05,research_simulation
20230901,000050,0.356,F05,F05,research_simulation
20230901,000055,0.048,F05,F05,research_simulation
20230901,000056,0.756,F05,F05,research_simulation
20230901,000058,0.184,F05,F05,research_simulation
20230901,000059,0.155,F05,F05,research_simulation
20230901,000060,0.287,F05,F05,research_simulation
20230901,000061,0.367,F05,F05,research_simulation
20230901,000062,0.622,F05,F05,research_simulation
20230901,000063,0.57,F05,F05,research_simulation
20230901,000065,0.107,F05,F05,research_simulation
20230901,000066,0.3,F05,F05,research_simulation
20230901,000068,0.965,F05,F05,research_simulation
20230901,000069,0.538,F05,F05,research_simulation
20230901,000070,0.834,F05,F05,research_simulation
20230901,000078,0.899,F05,F05,research_simulation
20230901,000088,0.504,F05,F05,research_simulation
20230901,000089,0.149,F05,F05,research_simulation
20230901,000090,0.699,F05,F05,research_simulation
20230901,000096,0.42,F05,F05,research_simulation
20230901,000099,0.577,F05,F05,research_simulation
20230901,000100,0.692,F05,F05,research_simulation
20230901,000151,0.032,F05,F05,research_simulation
20230901,000153,0.819,F05,F05,research_simulation
20230901,000155,0.29,F05,F05,research_simulation
20230901,000156,0.249,F05,F05,research_simulation
20230901,000157,0.952,F05,F05,research_simulation
20230901,000158,0.132,F05,F05,research_simulation
20230901,000159,0.798,F05,F05,research_simulation
20230901,000166,0.443,F05,F05,research_simulation
20230901,000301,0.251,F05,F05,research_simulation
20230901,000333,0.012,F05,F05,research_simulation
20230901,000338,0.541,F05,F05,research_simulation
20230901,000400,0.658,F05,F05,research_simulation
20230901,000401,0.528,F05,F05,research_simulation
20230901,000402,0.021,F05,F05,research_simulation
20230901,000403,0.705,F05,F05,research_simulation
20230901,000404,0.103,F05,F05,research_simulation
20230901,000407,0.278,F05,F05,research_simulation
20230901,000408,0.295,F05,F05,research_simulation
20230901,000409,0.384,F05,F05,research_simulation
20230901,000410,0.215,F05,F05,research_simulation
20230901,000411,0.357,F05,F05,research_simulation
20230901,000415,0.904,F05,F05,research_simulation
20230901,000417,0.306,F05,F05,research_simulation
20230901,000419,0.083,F05,F05,research_simulation
20230901,000420,0.226,F05,F05,research_simulation
20230901,000421,0.711,F05,F05,research_simulation
20230901,000422,0.66,F05,F05,research_simulation
20230901,000423,0.419,F05,F05,research_simulation
20230901,000425,0.76,F05,F05,research_simulation
20230901,000426,0.729,F05,F05,research_simulation
20230901,000428,0.676,F05,F05,research_simulation
20230901,000429,0.301,F05,F05,research_simulation
20230901,000430,0.033,F05,F05,research_simulation
20230901,000488,0.736,F05,F05,research_simulation
20230901,000498,0.044,F05,F05,research_simulation
20230901,000501,0.429,F05,F05,research_simulation
20230901,000503,0.835,F05,F05,research_simulation
20230901,000504,0.148,F05,F05,research_simulation
20230901,000505,0.974,F05,F05,research_simulation
20230901,000506,0.701,F05,F05,research_simulation
20230901,000507,0.357,F05,F05,research_simulation
20230901,000509,0.506,F05,F05,research_simulation
20230901,000510,0.484,F05,F05,research_simulation
20230901,000513,0.519,F05,F05,research_simulation
20230901,000514,0.354,F05,F05,research_simulation
20230901,000516,0.712,F05,F05,research_simulation
20231101,000001,0.306,F05,F05,research_simulation
20231101,000002,0.665,F05,F05,research_simulation
20231101,000004,0.372,F05,F05,research_simulation
20231101,000006,0.068,F05,F05,research_simulation
20231101,000007,0.45,F05,F05,research_simulation
20231101,000008,0.088,F05,F05,research_simulation
20231101,000009,0.61,F05,F05,research_simulation
20231101,000010,0.102,F05,F05,research_simulation
20231101,000011,0.081,F05,F05,research_simulation
20231101,000012,0.673,F05,F05,research_simulation
20231101,000014,0.473,F05,F05,research_simulation
20231101,000016,0.48,F05,F05,research_simulation
20231101,000017,0.833,F05,F05,research_simulation
20231101,000019,0.046,F05,F05,research_simulation
20231101,000020,0.18,F05,F05,research_simulation
20231101,000021,0.855,F05,F05,research_simulation
20231101,000025,0.765,F05,F05,research_simulation
20231101,000026,0.533,F05,F05,research_simulation
20231101,000027,0.898,F05,F05,research_simulation
20231101,000028,0.382,F05,F05,research_simulation
20231101,000029,0.182,F05,F05,research_simulation
20231101,000030,0.534,F05,F05,research_simulation
20231101,000031,0.964,F05,F05,research_simulation
20231101,000032,0.336,F05,F05,research_simulation
20231101,000034,0.649,F05,F05,research_simulation
20231101,000035,0.458,F05,F05,research_simulation
20231101,000036,0.202,F05,F05,research_simulation
20231101,000037,0.808,F05,F05,research_simulation
20231101,000039,0.287,F05,F05,research_simulation
20231101,000042,0.315,F05,F05,research_simulation
20231101,000045,0.621,F05,F05,research_simulation
20231101,000048,0.311,F05,F05,research_simulation
20231101,000049,0.363,F05,F05,research_simulation
20231101,000050,0.215,F05,F05,research_simulation
20231101,000055,0.652,F05,F05,research_simulation
20231101,000056,0.064,F05,F05,research_simulation
20231101,000058,0.585,F05,F05,research_simulation
20231101,000059,0.16,F05,F05,research_simulation
20231101,000060,0.977,F05,F05,research_simulation
20231101,000061,0.93,F05,F05,research_simulation
20231101,000062,0.509,F05,F05,research_simulation
20231101,000063,0.931,F05,F05,research_simulation
20231101,000065,0.033,F05,F05,research_simulation
20231101,000066,0.426,F05,F05,research_simulation
20231101,000068,0.484,F05,F05,research_simulation
20231101,000069,0.681,F05,F05,research_simulation
20231101,000070,0.475,F05,F05,research_simulation
20231101,000078,0.583,F05,F05,research_simulation
20231101,000088,0.807,F05,F05,research_simulation
20231101,000089,0.625,F05,F05,research_simulation
20231101,000090,0.697,F05,F05,research_simulation
20231101,000096,0.242,F05,F05,research_simulation
20231101,000099,0.09,F05,F05,research_simulation
20231101,000100,0.724,F05,F05,research_simulation
20231101,000151,0.569,F05,F05,research_simulation
20231101,000153,0.332,F05,F05,research_simulation
20231101,000155,0.397,F05,F05,research_simulation
20231101,000156,0.227,F05,F05,research_simulation
20231101,000157,0.992,F05,F05,research_simulation
20231101,000158,0.749,F05,F05,research_simulation
20231101,000159,0.797,F05,F05,research_simulation
20231101,000166,0.093,F05,F05,research_simulation
20231101,000301,0.605,F05,F05,research_simulation
20231101,000333,0.381,F05,F05,research_simulation
20231101,000338,0.923,F05,F05,research_simulation
20231101,000400,0.584,F05,F05,research_simulation
20231101,000401,0.396,F05,F05,research_simulation
20231101,000402,0.767,F05,F05,research_simulation
20231101,000403,0.687,F05,F05,research_simulation
20231101,000404,0.189,F05,F05,research_simulation
20231101,000407,0.284,F05,F05,research_simulation
20231101,000408,0.847,F05,F05,research_simulation
20231101,000409,0.026,F05,F05,research_simulation
20231101,000410,0.496,F05,F05,research_simulation
20231101,000411,0.742,F05,F05,research_simulation
20231101,000415,0.666,F05,F05,research_simulation
20231101,000417,0.713,F05,F05,research_simulation
20231101,000419,0.131,F05,F05,research_simulation
20231101,000420,0.671,F05,F05,research_simulation
20231101,000421,0.252,F05,F05,research_simulation
20231101,000422,0.907,F05,F05,research_simulation
20231101,000423,0.394,F05,F05,research_simulation
20231101,000425,0.01,F05,F05,research_simulation
20231101,000426,0.027,F05,F05,research_simulation
20231101,000428,0.619,F05,F05,research_simulation
20231101,000429,0.355,F05,F05,research_simulation
20231101,000430,0.303,F05,F05,research_simulation
20231101,000488,0.918,F05,F05,research_simulation
20231101,000498,0.367,F05,F05,research_simulation
20231101,000501,0.463,F05,F05,research_simulation
20231101,000503,0.966,F05,F05,research_simulation
20231101,000504,0.545,F05,F05,research_simulation
20231101,000505,0.523,F05,F05,research_simulation
20231101,000506,0.915,F05,F05,research_simulation
20231101,000507,0.313,F05,F05,research_simulation
20231101,000509,0.38,F05,F05,research_simulation
20231101,000510,0.507,F05,F05,research_simulation
20231101,000513,0.737,F05,F05,research_simulation
20231101,000514,0.865,F05,F05,research_simulation
20231101,000516,0.15,F05,F05,research_simulation
20240101,000001,0.057,F05,F05,research_simulation
20240101,000002,0.905,F05,F05,research_simulation
20240101,000004,0.636,F05,F05,research_simulation
20240101,000006,0.844,F05,F05,research_simulation
20240101,000007,0.239,F05,F05,research_simulation
20240101,000008,0.495,F05,F05,research_simulation
20240101,000009,0.761,F05,F05,research_simulation
20240101,000010,0.467,F05,F05,research_simulation
20240101,000011,0.137,F05,F05,research_simulation
20240101,000012,0.09,F05,F05,research_simulation
20240101,000014,0.141,F05,F05,research_simulation
20240101,000016,0.883,F05,F05,research_simulation
20240101,000017,0.539,F05,F05,research_simulation
20240101,000019,0.623,F05,F05,research_simulation
20240101,000020,0.498,F05,F05,research_simulation
20240101,000021,0.788,F05,F05,research_simulation
20240101,000025,0.924,F05,F05,research_simulation
20240101,000026,0.989,F05,F05,research_simulation
20240101,000027,0.187,F05,F05,research_simulation
20240101,000028,0.64,F05,F05,research_simulation
20240101,000029,0.299,F05,F05,research_simulation
20240101,000030,0.623,F05,F05,research_simulation
20240101,000031,0.323,F05,F05,research_simulation
20240101,000032,0.378,F05,F05,research_simulation
20240101,000034,0.774,F05,F05,research_simulation
20240101,000035,0.266,F05,F05,research_simulation
20240101,000036,0.799,F05,F05,research_simulation
20240101,000037,0.783,F05,F05,research_simulation
20240101,000039,0.577,F05,F05,research_simulation
20240101,000042,0.05,F05,F05,research_simulation
20240101,000045,0.478,F05,F05,research_simulation
20240101,000048,0.479,F05,F05,research_simulation
20240101,000049,0.142,F05,F05,research_simulation
20240101,000050,0.816,F05,F05,research_simulation
20240101,000055,0.176,F05,F05,research_simulation
20240101,000056,0.887,F05,F05,research_simulation
20240101,000058,0.466,F05,F05,research_simulation
20240101,000059,0.949,F05,F05,research_simulation
20240101,000060,0.271,F05,F05,research_simulation
20240101,000061,0.921,F05,F05,research_simulation
20240101,000062,0.936,F05,F05,research_simulation
20240101,000063,0.032,F05,F05,research_simulation
20240101,000065,0.585,F05,F05,research_simulation
20240101,000066,0.479,F05,F05,research_simulation
20240101,000068,0.371,F05,F05,research_simulation
20240101,000069,0.165,F05,F05,research_simulation
20240101,000070,0.675,F05,F05,research_simulation
20240101,000078,0.444,F05,F05,research_simulation
20240101,000088,0.017,F05,F05,research_simulation
20240101,000089,0.305,F05,F05,research_simulation
20240101,000090,0.664,F05,F05,research_simulation
20240101,000096,0.236,F05,F05,research_simulation
20240101,000099,0.209,F05,F05,research_simulation
20240101,000100,0.871,F05,F05,research_simulation
20240101,000151,0.364,F05,F05,research_simulation
20240101,000153,0.7,F05,F05,research_simulation
20240101,000155,0.204,F05,F05,research_simulation
20240101,000156,0.632,F05,F05,research_simulation
20240101,000157,0.188,F05,F05,research_simulation
20240101,000158,0.413,F05,F05,research_simulation
20240101,000159,0.046,F05,F05,research_simulation
20240101,000166,0.151,F05,F05,research_simulation
20240101,000301,0.935,F05,F05,research_simulation
20240101,000333,0.261,F05,F05,research_simulation
20240101,000338,0.398,F05,F05,research_simulation
20240101,000400,0.583,F05,F05,research_simulation
20240101,000401,0.37,F05,F05,research_simulation
20240101,000402,0.557,F05,F05,research_simulation
20240101,000403,0.11,F05,F05,research_simulation
20240101,000404,0.098,F05,F05,research_simulation
20240101,000407,0.424,F05,F05,research_simulation
20240101,000408,0.111,F05,F05,research_simulation
20240101,000409,0.503,F05,F05,research_simulation
20240101,000410,0.131,F05,F05,research_simulation
20240101,000411,0.026,F05,F05,research_simulation
20240101,000415,0.415,F05,F05,research_simulation
20240101,000417,0.577,F05,F05,research_simulation
20240101,000419,0.275,F05,F05,research_simulation
20240101,000420,0.36,F05,F05,research_simulation
20240101,000421,0.361,F05,F05,research_simulation
20240101,000422,0.598,F05,F05,research_simulation
20240101,000423,0.366,F05,F05,research_simulation
20240101,000425,0.359,F05,F05,research_simulation
20240101,000426,0.854,F05,F05,research_simulation
20240101,000428,0.076,F05,F05,research_simulation
20240101,000429,0.973,F05,F05,research_simulation
20240101,000430,0.26,F05,F05,research_simulation
20240101,000488,0.514,F05,F05,research_simulation
20240101,000498,0.226,F05,F05,research_simulation
20240101,000501,0.539,F05,F05,research_simulation
20240101,000503,0.779,F05,F05,research_simulation
20240101,000504,0.692,F05,F05,research_simulation
20240101,000505,0.572,F05,F05,research_simulation
20240101,000506,0.297,F05,F05,research_simulation
20240101,000507,0.418,F05,F05,research_simulation
20240101,000509,0.188,F05,F05,research_simulation
20240101,000510,0.199,F05,F05,research_simulation
20240101,000513,0.98,F05,F05,research_simulation
20240101,000514,0.791,F05,F05,research_simulation
20240101,000516,0.386,F05,F05,research_simulation
20240201,000001,0.541,F05,F05,research_simulation
20240201,000002,0.277,F05,F05,research_simulation
20240201,000004,0.538,F05,F05,research_simulation
20240201,000006,0.384,F05,F05,research_simulation
20240201,000007,0.186,F05,F05,research_simulation
20240201,000008,0.043,F05,F05,research_simulation
20240201,000009,0.97,F05,F05,research_simulation
20240201,000010,0.736,F05,F05,research_simulation
20240201,000011,0.671,F05,F05,research_simulation
20240201,000012,0.67,F05,F05,research_simulation
20240201,000014,0.331,F05,F05,research_simulation
20240201,000016,0.262,F05,F05,research_simulation
20240201,000017,0.92,F05,F05,research_simulation
20240201,000019,0.112,F05,F05,research_simulation
20240201,000020,0.275,F05,F05,research_simulation
20240201,000021,0.832,F05,F05,research_simulation
20240201,000025,0.594,F05,F05,research_simulation
20240201,000026,0.779,F05,F05,research_simulation
20240201,000027,0.179,F05,F05,research_simulation
20240201,000028,0.73,F05,F05,research_simulation
20240201,000029,0.241,F05,F05,research_simulation
20240201,000030,0.715,F05,F05,research_simulation
20240201,000031,0.504,F05,F05,research_simulation
20240201,000032,0.241,F05,F05,research_simulation
20240201,000034,0.699,F05,F05,research_simulation
20240201,000035,0.052,F05,F05,research_simulation
20240201,000036,0.509,F05,F05,research_simulation
20240201,000037,0.054,F05,F05,research_simulation
20240201,000039,0.966,F05,F05,research_simulation
20240201,000042,0.058,F05,F05,research_simulation
20240201,000045,0.123,F05,F05,research_simulation
20240201,000048,0.832,F05,F05,research_simulation
20240201,000049,0.955,F05,F05,research_simulation
20240201,000050,0.551,F05,F05,research_simulation
20240201,000055,0.76,F05,F05,research_simulation
20240201,000056,0.007,F05,F05,research_simulation
20240201,000058,0.074,F05,F05,research_simulation
20240201,000059,0.117,F05,F05,research_simulation
20240201,000060,0.194,F05,F05,research_simulation
20240201,000061,0.71,F05,F05,research_simulation
20240201,000062,0.358,F05,F05,research_simulation
20240201,000063,0.304,F05,F05,research_simulation
20240201,000065,0.972,F05,F05,research_simulation
20240201,000066,0.638,F05,F05,research_simulation
20240201,000068,0.416,F05,F05,research_simulation
20240201,000069,0.855,F05,F05,research_simulation
20240201,000070,0.167,F05,F05,research_simulation
20240201,000078,0.907,F05,F05,research_simulation
20240201,000088,0.975,F05,F05,research_simulation
20240201,000089,0.257,F05,F05,research_simulation
20240201,000090,0.472,F05,F05,research_simulation
20240201,000096,0.304,F05,F05,research_simulation
20240201,000099,0.068,F05,F05,research_simulation
20240201,000100,0.801,F05,F05,research_simulation
20240201,000151,0.27,F05,F05,research_simulation
20240201,000153,0.318,F05,F05,research_simulation
20240201,000155,0.188,F05,F05,research_simulation
20240201,000156,0.547,F05,F05,research_simulation
20240201,000157,0.846,F05,F05,research_simulation
20240201,000158,0.19,F05,F05,research_simulation
20240201,000159,0.747,F05,F05,research_simulation
20240201,000166,0.815,F05,F05,research_simulation
20240201,000301,0.268,F05,F05,research_simulation
20240201,000333,0.575,F05,F05,research_simulation
20240201,000338,0.12,F05,F05,research_simulation
20240201,000400,0.423,F05,F05,research_simulation
20240201,000401,0.842,F05,F05,research_simulation
20240201,000402,0.448,F05,F05,research_simulation
20240201,000403,0.137,F05,F05,research_simulation
20240201,000404,0.104,F05,F05,research_simulation
20240201,000407,0.515,F05,F05,research_simulation
20240201,000408,0.148,F05,F05,research_simulation
20240201,000409,0.837,F05,F05,research_simulation
20240201,000410,0.37,F05,F05,research_simulation
20240201,000411,0.045,F05,F05,research_simulation
20240201,000415,0.54,F05,F05,research_simulation
20240201,000417,0.082,F05,F05,research_simulation
20240201,000419,0.461,F05,F05,research_simulation
20240201,000420,0.305,F05,F05,research_simulation
20240201,000421,0.154,F05,F05,research_simulation
20240201,000422,0.487,F05,F05,research_simulation
20240201,000423,0.048,F05,F05,research_simulation
20240201,000425,0.778,F05,F05,research_simulation
20240201,000426,0.123,F05,F05,research_simulation
20240201,000428,0.87,F05,F05,research_simulation
20240201,000429,0.238,F05,F05,research_simulation
20240201,000430,0.648,F05,F05,research_simulation
20240201,000488,0.699,F05,F05,research_simulation
20240201,000498,0.643,F05,F05,research_simulation
20240201,000501,0.444,F05,F05,research_simulation
20240201,000503,0.34,F05,F05,research_simulation
20240201,000504,0.551,F05,F05,research_simulation
20240201,000505,0.357,F05,F05,research_simulation
20240201,000506,0.204,F05,F05,research_simulation
20240201,000507,0.327,F05,F05,research_simulation
20240201,000509,0.151,F05,F05,research_simulation
20240201,000510,0.124,F05,F05,research_simulation
20240201,000513,0.863,F05,F05,research_simulation
20240201,000514,0.887,F05,F05,research_simulation
20240201,000516,0.514,F05,F05,research_simulation
20240501,000001,0.63,F05,F05,research_simulation
20240501,000002,0.372,F05,F05,research_simulation
20240501,000004,0.759,F05,F05,research_simulation
20240501,000006,0.374,F05,F05,research_simulation
20240501,000007,0.206,F05,F05,research_simulation
20240501,000008,0.379,F05,F05,research_simulation
20240501,000009,0.327,F05,F05,research_simulation
20240501,000010,0.42,F05,F05,research_simulation
20240501,000011,0.994,F05,F05,research_simulation
20240501,000012,0.663,F05,F05,research_simulation
20240501,000014,0.466,F05,F05,research_simulation
20240501,000016,0.143,F05,F05,research_simulation
20240501,000017,0.872,F05,F05,research_simulation
20240501,000019,0.215,F05,F05,research_simulation
20240501,000020,0.929,F05,F05,research_simulation
20240501,000021,0.796,F05,F05,research_simulation
20240501,000025,0.295,F05,F05,research_simulation
20240501,000026,0.835,F05,F05,research_simulation
20240501,000027,0.641,F05,F05,research_simulation
20240501,000028,0.932,F05,F05,research_simulation
20240501,000029,0.063,F05,F05,research_simulation
20240501,000030,0.249,F05,F05,research_simulation
20240501,000031,0.46,F05,F05,research_simulation
20240501,000032,0.313,F05,F05,research_simulation
20240501,000034,0.382,F05,F05,research_simulation
20240501,000035,0.362,F05,F05,research_simulation
20240501,000036,0.399,F05,F05,research_simulation
20240501,000037,0.305,F05,F05,research_simulation
20240501,000039,0.901,F05,F05,research_simulation
20240501,000042,0.029,F05,F05,research_simulation
20240501,000045,0.486,F05,F05,research_simulation
20240501,000048,0.606,F05,F05,research_simulation
20240501,000049,0.835,F05,F05,research_simulation
20240501,000050,0.796,F05,F05,research_simulation
20240501,000055,0.472,F05,F05,research_simulation
20240501,000056,0.501,F05,F05,research_simulation
20240501,000058,0.26,F05,F05,research_simulation
20240501,000059,0.394,F05,F05,research_simulation
20240501,000060,0.791,F05,F05,research_simulation
20240501,000061,0.395,F05,F05,research_simulation
20240501,000062,0.206,F05,F05,research_simulation
20240501,000063,0.327,F05,F05,research_simulation
20240501,000065,0.575,F05,F05,research_simulation
20240501,000066,0.419,F05,F05,research_simulation
20240501,000068,0.754,F05,F05,research_simulation
20240501,000069,0.88,F05,F05,research_simulation
20240501,000070,0.442,F05,F05,research_simulation
20240501,000078,0.444,F05,F05,research_simulation
20240501,000088,0.869,F05,F05,research_simulation
20240501,000089,0.44,F05,F05,research_simulation
20240501,000090,0.613,F05,F05,research_simulation
20240501,000096,0.842,F05,F05,research_simulation
20240501,000099,0.335,F05,F05,research_simulation
20240501,000100,0.52,F05,F05,research_simulation
20240501,000151,0.202,F05,F05,research_simulation
20240501,000153,0.248,F05,F05,research_simulation
20240501,000155,0.797,F05,F05,research_simulation
20240501,000156,0.57,F05,F05,research_simulation
20240501,000157,0.466,F05,F05,research_simulation
20240501,000158,0.482,F05,F05,research_simulation
20240501,000159,0.707,F05,F05,research_simulation
20240501,000166,0.707,F05,F05,research_simulation
20240501,000301,0.869,F05,F05,research_simulation
20240501,000333,0.454,F05,F05,research_simulation
20240501,000338,0.173,F05,F05,research_simulation
20240501,000400,0.041,F05,F05,research_simulation
20240501,000401,0.519,F05,F05,research_simulation
20240501,000402,0.539,F05,F05,research_simulation
20240501,000403,0.935,F05,F05,research_simulation
20240501,000404,0.06,F05,F05,research_simulation
20240501,000407,0.799,F05,F05,research_simulation
20240501,000408,0.686,F05,F05,research_simulation
20240501,000409,0.853,F05,F05,research_simulation
20240501,000410,0.387,F05,F05,research_simulation
20240501,000411,0.756,F05,F05,research_simulation
20240501,000415,0.847,F05,F05,research_simulation
20240501,000417,0.702,F05,F05,research_simulation
20240501,000419,0.765,F05,F05,research_simulation
20240501,000420,0.076,F05,F05,research_simulation
20240501,000421,0.981,F05,F05,research_simulation
20240501,000422,0.075,F05,F05,research_simulation
20240501,000423,0.143,F05,F05,research_simulation
20240501,000425,0.45,F05,F05,research_simulation
20240501,000426,0.786,F05,F05,research_simulation
20240501,000428,0.484,F05,F05,research_simulation
20240501,000429,0.953,F05,F05,research_simulation
20240501,000430,0.575,F05,F05,research_simulation
20240501,000488,0.994,F05,F05,research_simulation
20240501,000498,0.528,F05,F05,research_simulation
20240501,000501,0.73,F05,F05,research_simulation
20240501,000503,0.009,F05,F05,research_simulation
20240501,000504,0.286,F05,F05,research_simulation
20240501,000505,0.934,F05,F05,research_simulation
20240501,000506,0.942,F05,F05,research_simulation
20240501,000507,0.222,F05,F05,research_simulation
20240501,000509,0.825,F05,F05,research_simulation
20240501,000510,0.325,F05,F05,research_simulation
20240501,000513,0.446,F05,F05,research_simulation
20240501,000514,0.471,F05,F05,research_simulation
20240501,000516,0.973,F05,F05,research_simulation
20240601,000001,0.924,F05,F05,research_simulation
20240601,000002,0.842,F05,F05,research_simulation
20240601,000004,0.238,F05,F05,research_simulation
20240601,000006,0.206,F05,F05,research_simulation
20240601,000007,0.119,F05,F05,research_simulation
20240601,000008,0.81,F05,F05,research_simulation
20240601,000009,0.1,F05,F05,research_simulation
20240601,000010,0.159,F05,F05,research_simulation
20240601,000011,0.078,F05,F05,research_simulation
20240601,000012,0.22,F05,F05,research_simulation
20240601,000014,0.025,F05,F05,research_simulation
20240601,000016,0.004,F05,F05,research_simulation
20240601,000017,0.586,F05,F05,research_simulation
20240601,000019,0.52,F05,F05,research_simulation
20240601,000020,0.475,F05,F05,research_simulation
20240601,000021,0.707,F05,F05,research_simulation
20240601,000025,0.476,F05,F05,research_simulation
20240601,000026,0.819,F05,F05,research_simulation
20240601,000027,0.836,F05,F05,research_simulation
20240601,000028,0.736,F05,F05,research_simulation
20240601,000029,0.269,F05,F05,research_simulation
20240601,000030,0.704,F05,F05,research_simulation
20240601,000031,0.133,F05,F05,research_simulation
20240601,000032,0.152,F05,F05,research_simulation
20240601,000034,0.328,F05,F05,research_simulation
20240601,000035,0.955,F05,F05,research_simulation
20240601,000036,0.148,F05,F05,research_simulation
20240601,000037,0.621,F05,F05,research_simulation
20240601,000039,0.993,F05,F05,research_simulation
20240601,000042,0.436,F05,F05,research_simulation
20240601,000045,0.711,F05,F05,research_simulation
20240601,000048,0.202,F05,F05,research_simulation
20240601,000049,0.096,F05,F05,research_simulation
20240601,000050,0.034,F05,F05,research_simulation
20240601,000055,0.74,F05,F05,research_simulation
20240601,000056,0.824,F05,F05,research_simulation
20240601,000058,0.41,F05,F05,research_simulation
20240601,000059,0.927,F05,F05,research_simulation
20240601,000060,0.329,F05,F05,research_simulation
20240601,000061,0.375,F05,F05,research_simulation
20240601,000062,0.356,F05,F05,research_simulation
20240601,000063,0.661,F05,F05,research_simulation
20240601,000065,0.109,F05,F05,research_simulation
20240601,000066,0.775,F05,F05,research_simulation
20240601,000068,0.745,F05,F05,research_simulation
20240601,000069,0.104,F05,F05,research_simulation
20240601,000070,0.375,F05,F05,research_simulation
20240601,000078,0.708,F05,F05,research_simulation
20240601,000088,0.088,F05,F05,research_simulation
20240601,000089,0.181,F05,F05,research_simulation
20240601,000090,0.624,F05,F05,research_simulation
20240601,000096,0.223,F05,F05,research_simulation
20240601,000099,0.243,F05,F05,research_simulation
20240601,000100,0.058,F05,F05,research_simulation
20240601,000151,0.491,F05,F05,research_simulation
20240601,000153,0.508,F05,F05,research_simulation
20240601,000155,0.648,F05,F05,research_simulation
20240601,000156,0.206,F05,F05,research_simulation
20240601,000157,0.766,F05,F05,research_simulation
20240601,000158,0.241,F05,F05,research_simulation
20240601,000159,0.299,F05,F05,research_simulation
20240601,000166,0.104,F05,F05,research_simulation
20240601,000301,0.798,F05,F05,research_simulation
20240601,000333,0.935,F05,F05,research_simulation
20240601,000338,0.824,F05,F05,research_simulation
20240601,000400,0.981,F05,F05,research_simulation
20240601,000401,0.166,F05,F05,research_simulation
20240601,000402,0.987,F05,F05,research_simulation
20240601,000403,0.986,F05,F05,research_simulation
20240601,000404,0.897,F05,F05,research_simulation
20240601,000407,0.587,F05,F05,research_simulation
20240601,000408,0.363,F05,F05,research_simulation
20240601,000409,0.334,F05,F05,research_simulation
20240601,000410,0.454,F05,F05,research_simulation
20240601,000411,0.094,F05,F05,research_simulation
20240601,000415,0.179,F05,F05,research_simulation
20240601,000417,0.518,F05,F05,research_simulation
20240601,000419,0.015,F05,F05,research_simulation
20240601,000420,0.735,F05,F05,research_simulation
20240601,000421,0.834,F05,F05,research_simulation
20240601,000422,0.043,F05,F05,research_simulation
20240601,000423,0.325,F05,F05,research_simulation
20240601,000425,0.774,F05,F05,research_simulation
20240601,000426,0.378,F05,F05,research_simulation
20240601,000428,0.414,F05,F05,research_simulation
20240601,000429,0.571,F05,F05,research_simulation
20240601,000430,0.547,F05,F05,research_simulation
20240601,000488,0.851,F05,F05,research_simulation
20240601,000498,0.831,F05,F05,research_simulation
20240601,000501,0.819,F05,F05,research_simulation
20240601,000503,0.992,F05,F05,research_simulation
20240601,000504,0.979,F05,F05,research_simulation
20240601,000505,0.111,F05,F05,research_simulation
20240601,000506,0.051,F05,F05,research_simulation
20240601,000507,0.64,F05,F05,research_simulation
20240601,000509,0.874,F05,F05,research_simulation
20240601,000510,0.529,F05,F05,research_simulation
20240601,000513,0.518,F05,F05,research_simulation
20240601,000514,0.489,F05,F05,research_simulation
20240601,000516,0.701,F05,F05,research_simulation
20240801,000001,0.512,F05,F05,research_simulation
20240801,000002,0.935,F05,F05,research_simulation
20240801,000004,0.902,F05,F05,research_simulation
20240801,000006,0.967,F05,F05,research_simulation
20240801,000007,0.422,F05,F05,research_simulation
20240801,000008,0.35,F05,F05,research_simulation
20240801,000009,0.744,F05,F05,research_simulation
20240801,000010,0.435,F05,F05,research_simulation
20240801,000011,0.71,F05,F05,research_simulation
20240801,000012,0.058,F05,F05,research_simulation
20240801,000014,0.183,F05,F05,research_simulation
20240801,000016,0.321,F05,F05,research_simulation
20240801,000017,0.696,F05,F05,research_simulation
20240801,000019,0.6,F05,F05,research_simulation
20240801,000020,0.907,F05,F05,research_simulation
20240801,000021,0.44,F05,F05,research_simulation
20240801,000025,0.552,F05,F05,research_simulation
20240801,000026,0.878,F05,F05,research_simulation
20240801,000027,0.029,F05,F05,research_simulation
20240801,000028,0.218,F05,F05,research_simulation
20240801,000029,0.998,F05,F05,research_simulation
20240801,000030,0.803,F05,F05,research_simulation
20240801,000031,0.045,F05,F05,research_simulation
20240801,000032,0.435,F05,F05,research_simulation
20240801,000034,0.221,F05,F05,research_simulation
20240801,000035,0.461,F05,F05,research_simulation
20240801,000036,0.405,F05,F05,research_simulation
20240801,000037,0.017,F05,F05,research_simulation
20240801,000039,0.695,F05,F05,research_simulation
20240801,000042,0.944,F05,F05,research_simulation
20240801,000045,0.851,F05,F05,research_simulation
20240801,000048,0.445,F05,F05,research_simulation
20240801,000049,0.848,F05,F05,research_simulation
20240801,000050,0.233,F05,F05,research_simulation
20240801,000055,0.99,F05,F05,research_simulation
20240801,000056,0.636,F05,F05,research_simulation
20240801,000058,0.479,F05,F05,research_simulation
20240801,000059,0.916,F05,F05,research_simulation
20240801,000060,0.747,F05,F05,research_simulation
20240801,000061,0.634,F05,F05,research_simulation
20240801,000062,0.781,F05,F05,research_simulation
20240801,000063,0.592,F05,F05,research_simulation
20240801,000065,0.117,F05,F05,research_simulation
20240801,000066,0.269,F05,F05,research_simulation
20240801,000068,0.329,F05,F05,research_simulation
20240801,000069,0.203,F05,F05,research_simulation
20240801,000070,0.435,F05,F05,research_simulation
20240801,000078,0.049,F05,F05,research_simulation
20240801,000088,0.039,F05,F05,research_simulation
20240801,000089,0.374,F05,F05,research_simulation
20240801,000090,0.384,F05,F05,research_simulation
20240801,000096,0.613,F05,F05,research_simulation
20240801,000099,0.514,F05,F05,research_simulation
20240801,000100,0.388,F05,F05,research_simulation
20240801,000151,0.796,F05,F05,research_simulation
20240801,000153,0.298,F05,F05,research_simulation
20240801,000155,0.868,F05,F05,research_simulation
20240801,000156,0.666,F05,F05,research_simulation
20240801,000157,0.251,F05,F05,research_simulation
20240801,000158,0.526,F05,F05,research_simulation
20240801,000159,0.602,F05,F05,research_simulation
20240801,000166,0.146,F05,F05,research_simulation
20240801,000301,0.551,F05,F05,research_simulation
20240801,000333,0.713,F05,F05,research_simulation
20240801,000338,0.293,F05,F05,research_simulation
20240801,000400,0.272,F05,F05,research_simulation
20240801,000401,0.968,F05,F05,research_simulation
20240801,000402,0.618,F05,F05,research_simulation
20240801,000403,0.43,F05,F05,research_simulation
20240801,000404,0.978,F05,F05,research_simulation
20240801,000407,0.187,F05,F05,research_simulation
20240801,000408,0.444,F05,F05,research_simulation
20240801,000409,0.465,F05,F05,research_simulation
20240801,000410,0.397,F05,F05,research_simulation
20240801,000411,0.983,F05,F05,research_simulation
20240801,000415,0.345,F05,F05,research_simulation
20240801,000417,0.292,F05,F05,research_simulation
20240801,000419,0.092,F05,F05,research_simulation
20240801,000420,0.668,F05,F05,research_simulation
20240801,000421,0.801,F05,F05,research_simulation
20240801,000422,0.49,F05,F05,research_simulation
20240801,000423,0.442,F05,F05,research_simulation
20240801,000425,0.115,F05,F05,research_simulation
20240801,000426,0.703,F05,F05,research_simulation
20240801,000428,0.88,F05,F05,research_simulation
20240801,000429,0.85,F05,F05,research_simulation
20240801,000430,0.998,F05,F05,research_simulation
20240801,000488,0.525,F05,F05,research_simulation
20240801,000498,0.181,F05,F05,research_simulation
20240801,000501,0.792,F05,F05,research_simulation
20240801,000503,0.898,F05,F05,research_simulation
20240801,000504,0.706,F05,F05,research_simulation
20240801,000505,0.309,F05,F05,research_simulation
20240801,000506,0.559,F05,F05,research_simulation
20240801,000507,0.136,F05,F05,research_simulation
20240801,000509,0.095,F05,F05,research_simulation
20240801,000510,0.42,F05,F05,research_simulation
20240801,000513,0.811,F05,F05,research_simulation
20240801,000514,0.413,F05,F05,research_simulation
20240801,000516,0.349,F05,F05,research_simulation
20240901,000001,0.148,F05,F05,research_simulation
20240901,000002,0.581,F05,F05,research_simulation
20240901,000004,0.503,F05,F05,research_simulation
20240901,000006,0.133,F05,F05,research_simulation
20240901,000007,0.996,F05,F05,research_simulation
20240901,000008,0.279,F05,F05,research_simulation
20240901,000009,0.658,F05,F05,research_simulation
20240901,000010,0.493,F05,F05,research_simulation
20240901,000011,0.88,F05,F05,research_simulation
20240901,000012,0.982,F05,F05,research_simulation
20240901,000014,0.474,F05,F05,research_simulation
20240901,000016,0.51,F05,F05,research_simulation
20240901,000017,0.853,F05,F05,research_simulation
20240901,000019,0.544,F05,F05,research_simulation
20240901,000020,0.099,F05,F05,research_simulation
20240901,000021,0.673,F05,F05,research_simulation
20240901,000025,0.029,F05,F05,research_simulation
20240901,000026,0.869,F05,F05,research_simulation
20240901,000027,0.57,F05,F05,research_simulation
20240901,000028,0.858,F05,F05,research_simulation
20240901,000029,0.599,F05,F05,research_simulation
20240901,000030,0.579,F05,F05,research_simulation
20240901,000031,0.271,F05,F05,research_simulation
20240901,000032,0.928,F05,F05,research_simulation
20240901,000034,0.871,F05,F05,research_simulation
20240901,000035,0.004,F05,F05,research_simulation
20240901,000036,0.815,F05,F05,research_simulation
20240901,000037,0.136,F05,F05,research_simulation
20240901,000039,0.186,F05,F05,research_simulation
20240901,000042,0.223,F05,F05,research_simulation
20240901,000045,0.464,F05,F05,research_simulation
20240901,000048,0.434,F05,F05,research_simulation
20240901,000049,0.776,F05,F05,research_simulation
20240901,000050,0.742,F05,F05,research_simulation
20240901,000055,0.597,F05,F05,research_simulation
20240901,000056,0.453,F05,F05,research_simulation
20240901,000058,0.77,F05,F05,research_simulation
20240901,000059,0.714,F05,F05,research_simulation
20240901,000060,0.33,F05,F05,research_simulation
20240901,000061,0.355,F05,F05,research_simulation
20240901,000062,0.255,F05,F05,research_simulation
20240901,000063,0.973,F05,F05,research_simulation
20240901,000065,0.462,F05,F05,research_simulation
20240901,000066,0.297,F05,F05,research_simulation
20240901,000068,0.18,F05,F05,research_simulation
20240901,000069,0.011,F05,F05,research_simulation
20240901,000070,0.19,F05,F05,research_simulation
20240901,000078,0.697,F05,F05,research_simulation
20240901,000088,0.03,F05,F05,research_simulation
20240901,000089,0.117,F05,F05,research_simulation
20240901,000090,0.695,F05,F05,research_simulation
20240901,000096,0.217,F05,F05,research_simulation
20240901,000099,0.042,F05,F05,research_simulation
20240901,000100,0.678,F05,F05,research_simulation
20240901,000151,0.482,F05,F05,research_simulation
20240901,000153,0.587,F05,F05,research_simulation
20240901,000155,0.729,F05,F05,research_simulation
20240901,000156,0.695,F05,F05,research_simulation
20240901,000157,0.013,F05,F05,research_simulation
20240901,000158,0.22,F05,F05,research_simulation
20240901,000159,0.811,F05,F05,research_simulation
20240901,000166,0.193,F05,F05,research_simulation
20240901,000301,0.996,F05,F05,research_simulation
20240901,000333,0.744,F05,F05,research_simulation
20240901,000338,0.639,F05,F05,research_simulation
20240901,000400,0.919,F05,F05,research_simulation
20240901,000401,0.47,F05,F05,research_simulation
20240901,000402,0.789,F05,F05,research_simulation
20240901,000403,0.721,F05,F05,research_simulation
20240901,000404,0.758,F05,F05,research_simulation
20240901,000407,0.806,F05,F05,research_simulation
20240901,000408,0.148,F05,F05,research_simulation
20240901,000409,0.396,F05,F05,research_simulation
20240901,000410,0.938,F05,F05,research_simulation
20240901,000411,0.652,F05,F05,research_simulation
20240901,000415,0.567,F05,F05,research_simulation
20240901,000417,0.274,F05,F05,research_simulation
20240901,000419,0.459,F05,F05,research_simulation
20240901,000420,0.275,F05,F05,research_simulation
20240901,000421,0.291,F05,F05,research_simulation
20240901,000422,0.044,F05,F05,research_simulation
20240901,000423,0.345,F05,F05,research_simulation
20240901,000425,0.87,F05,F05,research_simulation
20240901,000426,0.489,F05,F05,research_simulation
20240901,000428,0.97,F05,F05,research_simulation
20240901,000429,0.89,F05,F05,research_simulation
20240901,000430,0.711,F05,F05,research_simulation
20240901,000488,0.377,F05,F05,research_simulation
20240901,000498,0.149,F05,F05,research_simulation
20240901,000501,0.239,F05,F05,research_simulation
20240901,000503,0.406,F05,F05,research_simulation
20240901,000504,0.204,F05,F05,research_simulation
20240901,000505,0.385,F05,F05,research_simulation
20240901,000506,0.418,F05,F05,research_simulation
20240901,000507,0.954,F05,F05,research_simulation
20240901,000509,0.451,F05,F05,research_simulation
20240901,000510,0.708,F05,F05,research_simulation
20240901,000513,0.541,F05,F05,research_simulation
20240901,000514,0.323,F05,F05,research_simulation
20240901,000516,0.672,F05,F05,research_simulation
20241101,000001,0.425,F05,F05,research_simulation
20241101,000002,0.301,F05,F05,research_simulation
20241101,000004,0.426,F05,F05,research_simulation
20241101,000006,0.538,F05,F05,research_simulation
20241101,000007,0.106,F05,F05,research_simulation
20241101,000008,0.633,F05,F05,research_simulation
20241101,000009,0.622,F05,F05,research_simulation
20241101,000010,0.771,F05,F05,research_simulation
20241101,000011,0.883,F05,F05,research_simulation
20241101,000012,0.296,F05,F05,research_simulation
20241101,000014,0.662,F05,F05,research_simulation
20241101,000016,0.323,F05,F05,research_simulation
20241101,000017,0.761,F05,F05,research_simulation
20241101,000019,0.788,F05,F05,research_simulation
20241101,000020,0.847,F05,F05,research_simulation
20241101,000021,0.161,F05,F05,research_simulation
20241101,000025,0.5,F05,F05,research_simulation
20241101,000026,0.771,F05,F05,research_simulation
20241101,000027,0.508,F05,F05,research_simulation
20241101,000028,0.509,F05,F05,research_simulation
20241101,000029,0.863,F05,F05,research_simulation
20241101,000030,0.72,F05,F05,research_simulation
20241101,000031,0.41,F05,F05,research_simulation
20241101,000032,0.749,F05,F05,research_simulation
20241101,000034,0.294,F05,F05,research_simulation
20241101,000035,0.954,F05,F05,research_simulation
20241101,000036,0.288,F05,F05,research_simulation
20241101,000037,0.432,F05,F05,research_simulation
20241101,000039,0.186,F05,F05,research_simulation
20241101,000042,0.011,F05,F05,research_simulation
20241101,000045,0.146,F05,F05,research_simulation
20241101,000048,0.866,F05,F05,research_simulation
20241101,000049,0.888,F05,F05,research_simulation
20241101,000050,0.658,F05,F05,research_simulation
20241101,000055,0.148,F05,F05,research_simulation
20241101,000056,0.904,F05,F05,research_simulation
20241101,000058,0.802,F05,F05,research_simulation
20241101,000059,0.476,F05,F05,research_simulation
20241101,000060,0.045,F05,F05,research_simulation
20241101,000061,0.853,F05,F05,research_simulation
20241101,000062,0.551,F05,F05,research_simulation
20241101,000063,0.657,F05,F05,research_simulation
20241101,000065,0.885,F05,F05,research_simulation
20241101,000066,0.016,F05,F05,research_simulation
20241101,000068,0.126,F05,F05,research_simulation
20241101,000069,0.296,F05,F05,research_simulation
20241101,000070,0.979,F05,F05,research_simulation
20241101,000078,0.989,F05,F05,research_simulation
20241101,000088,0.432,F05,F05,research_simulation
20241101,000089,0.68,F05,F05,research_simulation
20241101,000090,0.861,F05,F05,research_simulation
20241101,000096,0.884,F05,F05,research_simulation
20241101,000099,0.992,F05,F05,research_simulation
20241101,000100,0.556,F05,F05,research_simulation
20241101,000151,0.375,F05,F05,research_simulation
20241101,000153,0.053,F05,F05,research_simulation
20241101,000155,0.112,F05,F05,research_simulation
20241101,000156,0.74,F05,F05,research_simulation
20241101,000157,0.19,F05,F05,research_simulation
20241101,000158,0.78,F05,F05,research_simulation
20241101,000159,0.74,F05,F05,research_simulation
20241101,000166,0.662,F05,F05,research_simulation
20241101,000301,0.488,F05,F05,research_simulation
20241101,000333,0.798,F05,F05,research_simulation
20241101,000338,0.11,F05,F05,research_simulation
20241101,000400,0.859,F05,F05,research_simulation
20241101,000401,0.725,F05,F05,research_simulation
20241101,000402,0.838,F05,F05,research_simulation
20241101,000403,0.055,F05,F05,research_simulation
20241101,000404,0.874,F05,F05,research_simulation
20241101,000407,0.771,F05,F05,research_simulation
20241101,000408,0.581,F05,F05,research_simulation
20241101,000409,0.931,F05,F05,research_simulation
20241101,000410,0.187,F05,F05,research_simulation
20241101,000411,0.402,F05,F05,research_simulation
20241101,000415,0.94,F05,F05,research_simulation
20241101,000417,0.818,F05,F05,research_simulation
20241101,000419,0.689,F05,F05,research_simulation
20241101,000420,0.98,F05,F05,research_simulation
20241101,000421,0.291,F05,F05,research_simulation
20241101,000422,0.753,F05,F05,research_simulation
20241101,000423,0.268,F05,F05,research_simulation
20241101,000425,0.96,F05,F05,research_simulation
20241101,000426,0.402,F05,F05,research_simulation
20241101,000428,0.371,F05,F05,research_simulation
20241101,000429,0.736,F05,F05,research_simulation
20241101,000430,0.66,F05,F05,research_simulation
20241101,000488,0.123,F05,F05,research_simulation
20241101,000498,0.269,F05,F05,research_simulation
20241101,000501,0.317,F05,F05,research_simulation
20241101,000503,0.411,F05,F05,research_simulation
20241101,000504,0.663,F05,F05,research_simulation
20241101,000505,0.141,F05,F05,research_simulation
20241101,000506,0.135,F05,F05,research_simulation
20241101,000507,0.406,F05,F05,research_simulation
20241101,000509,0.934,F05,F05,research_simulation
20241101,000510,0.848,F05,F05,research_simulation
20241101,000513,0.796,F05,F05,research_simulation
20241101,000514,0.71,F05,F05,research_simulation
20241101,000516,0.967,F05,F05,research_simulation
20241201,000001,0.787,F05,F05,research_simulation
20241201,000002,0.462,F05,F05,research_simulation
20241201,000004,0.527,F05,F05,research_simulation
20241201,000006,0.132,F05,F05,research_simulation
20241201,000007,0.861,F05,F05,research_simulation
20241201,000008,0.468,F05,F05,research_simulation
20241201,000009,0.38,F05,F05,research_simulation
20241201,000010,0.216,F05,F05,research_simulation
20241201,000011,0.271,F05,F05,research_simulation
20241201,000012,0.189,F05,F05,research_simulation
20241201,000014,0.677,F05,F05,research_simulation
20241201,000016,0.896,F05,F05,research_simulation
20241201,000017,0.43,F05,F05,research_simulation
20241201,000019,0.668,F05,F05,research_simulation
20241201,000020,0.327,F05,F05,research_simulation
20241201,000021,0.507,F05,F05,research_simulation
20241201,000025,0.701,F05,F05,research_simulation
20241201,000026,0.524,F05,F05,research_simulation
20241201,000027,0.317,F05,F05,research_simulation
20241201,000028,0.021,F05,F05,research_simulation
20241201,000029,0.288,F05,F05,research_simulation
20241201,000030,0.839,F05,F05,research_simulation
20241201,000031,0.899,F05,F05,research_simulation
20241201,000032,0.35,F05,F05,research_simulation
20241201,000034,0.52,F05,F05,research_simulation
20241201,000035,0.042,F05,F05,research_simulation
20241201,000036,0.183,F05,F05,research_simulation
20241201,000037,0.6,F05,F05,research_simulation
20241201,000039,0.38,F05,F05,research_simulation
20241201,000042,0.21,F05,F05,research_simulation
20241201,000045,0.619,F05,F05,research_simulation
20241201,000048,0.413,F05,F05,research_simulation
20241201,000049,0.556,F05,F05,research_simulation
20241201,000050,0.508,F05,F05,research_simulation
20241201,000055,0.416,F05,F05,research_simulation
20241201,000056,0.652,F05,F05,research_simulation
20241201,000058,0.198,F05,F05,research_simulation
20241201,000059,0.015,F05,F05,research_simulation
20241201,000060,0.63,F05,F05,research_simulation
20241201,000061,0.704,F05,F05,research_simulation
20241201,000062,0.128,F05,F05,research_simulation
20241201,000063,0.878,F05,F05,research_simulation
20241201,000065,0.252,F05,F05,research_simulation
20241201,000066,0.823,F05,F05,research_simulation
20241201,000068,0.002,F05,F05,research_simulation
20241201,000069,0.236,F05,F05,research_simulation
20241201,000070,0.814,F05,F05,research_simulation
20241201,000078,0.732,F05,F05,research_simulation
20241201,000088,0.736,F05,F05,research_simulation
20241201,000089,0.775,F05,F05,research_simulation
20241201,000090,0.006,F05,F05,research_simulation
20241201,000096,0.194,F05,F05,research_simulation
20241201,000099,0.288,F05,F05,research_simulation
20241201,000100,0.695,F05,F05,research_simulation
20241201,000151,0.887,F05,F05,research_simulation
20241201,000153,0.726,F05,F05,research_simulation
20241201,000155,0.322,F05,F05,research_simulation
20241201,000156,0.801,F05,F05,research_simulation
20241201,000157,0.131,F05,F05,research_simulation
20241201,000158,0.419,F05,F05,research_simulation
20241201,000159,0.971,F05,F05,research_simulation
20241201,000166,0.611,F05,F05,research_simulation
20241201,000301,0.902,F05,F05,research_simulation
20241201,000333,0.358,F05,F05,research_simulation
20241201,000338,0.583,F05,F05,research_simulation
20241201,000400,0.93,F05,F05,research_simulation
20241201,000401,0.387,F05,F05,research_simulation
20241201,000402,0.423,F05,F05,research_simulation
20241201,000403,0.98,F05,F05,research_simulation
20241201,000404,0.615,F05,F05,research_simulation
20241201,000407,0.262,F05,F05,research_simulation
20241201,000408,0.875,F05,F05,research_simulation
20241201,000409,0.395,F05,F05,research_simulation
20241201,000410,0.742,F05,F05,research_simulation
20241201,000411,0.181,F05,F05,research_simulation
20241201,000415,0.66,F05,F05,research_simulation
20241201,000417,0.461,F05,F05,research_simulation
20241201,000419,0.509,F05,F05,research_simulation
20241201,000420,0.935,F05,F05,research_simulation
20241201,000421,0.113,F05,F05,research_simulation
20241201,000422,0.533,F05,F05,research_simulation
20241201,000423,0.031,F05,F05,research_simulation
20241201,000425,0.575,F05,F05,research_simulation
20241201,000426,0.839,F05,F05,research_simulation
20241201,000428,0.134,F05,F05,research_simulation
20241201,000429,0.665,F05,F05,research_simulation
20241201,000430,0.826,F05,F05,research_simulation
20241201,000488,0.723,F05,F05,research_simulation
20241201,000498,0.232,F05,F05,research_simulation
20241201,000501,0.601,F05,F05,research_simulation
20241201,000503,0.288,F05,F05,research_simulation
20241201,000504,0.397,F05,F05,research_simulation
20241201,000505,0.973,F05,F05,research_simulation
20241201,000506,0.272,F05,F05,research_simulation
20241201,000507,0.098,F05,F05,research_simulation
20241201,000509,0.151,F05,F05,research_simulation
20241201,000510,0.023,F05,F05,research_simulation
20241201,000513,0.739,F05,F05,research_simulation
20241201,000514,0.396,F05,F05,research_simulation
20241201,000516,0.737,F05,F05,research_simulation
20250501,000001,0.577,F05,F05,research_simulation
20250501,000002,0.164,F05,F05,research_simulation
20250501,000004,0.859,F05,F05,research_simulation
20250501,000006,0.625,F05,F05,research_simulation
20250501,000007,0.36,F05,F05,research_simulation
20250501,000008,0.803,F05,F05,research_simulation
20250501,000009,0.41,F05,F05,research_simulation
20250501,000010,0.297,F05,F05,research_simulation
20250501,000011,0.065,F05,F05,research_simulation
20250501,000012,0.18,F05,F05,research_simulation
20250501,000014,0.617,F05,F05,research_simulation
20250501,000016,0.563,F05,F05,research_simulation
20250501,000017,0.407,F05,F05,research_simulation
20250501,000019,0.357,F05,F05,research_simulation
20250501,000020,0.293,F05,F05,research_simulation
20250501,000021,0.794,F05,F05,research_simulation
20250501,000025,0.894,F05,F05,research_simulation
20250501,000026,0.969,F05,F05,research_simulation
20250501,000027,0.278,F05,F05,research_simulation
20250501,000028,0.506,F05,F05,research_simulation
20250501,000029,0.031,F05,F05,research_simulation
20250501,000030,0.785,F05,F05,research_simulation
20250501,000031,0.419,F05,F05,research_simulation
20250501,000032,0.912,F05,F05,research_simulation
20250501,000034,0.615,F05,F05,research_simulation
20250501,000035,0.686,F05,F05,research_simulation
20250501,000036,0.742,F05,F05,research_simulation
20250501,000037,0.355,F05,F05,research_simulation
20250501,000039,0.759,F05,F05,research_simulation
20250501,000042,0.107,F05,F05,research_simulation
20250501,000045,0.71,F05,F05,research_simulation
20250501,000048,0.391,F05,F05,research_simulation
20250501,000049,0.261,F05,F05,research_simulation
20250501,000050,0.52,F05,F05,research_simulation
20250501,000055,0.017,F05,F05,research_simulation
20250501,000056,0.066,F05,F05,research_simulation
20250501,000058,0.919,F05,F05,research_simulation
20250501,000059,0.083,F05,F05,research_simulation
20250501,000060,0.669,F05,F05,research_simulation
20250501,000061,0.066,F05,F05,research_simulation
20250501,000062,0.67,F05,F05,research_simulation
20250501,000063,0.939,F05,F05,research_simulation
20250501,000065,0.698,F05,F05,research_simulation
20250501,000066,0.212,F05,F05,research_simulation
20250501,000068,0.02,F05,F05,research_simulation
20250501,000069,0.921,F05,F05,research_simulation
20250501,000070,0.395,F05,F05,research_simulation
20250501,000078,0.157,F05,F05,research_simulation
20250501,000088,0.18,F05,F05,research_simulation
20250501,000089,0.765,F05,F05,research_simulation
20250501,000090,0.601,F05,F05,research_simulation
20250501,000096,0.005,F05,F05,research_simulation
20250501,000099,0.884,F05,F05,research_simulation
20250501,000100,0.11,F05,F05,research_simulation
20250501,000151,0.625,F05,F05,research_simulation
20250501,000153,0.175,F05,F05,research_simulation
20250501,000155,0.445,F05,F05,research_simulation
20250501,000156,0.591,F05,F05,research_simulation
20250501,000157,0.017,F05,F05,research_simulation
20250501,000158,0.762,F05,F05,research_simulation
20250501,000159,0.864,F05,F05,research_simulation
20250501,000166,0.401,F05,F05,research_simulation
20250501,000301,0.007,F05,F05,research_simulation
20250501,000333,0.491,F05,F05,research_simulation
20250501,000338,0.281,F05,F05,research_simulation
20250501,000400,0.298,F05,F05,research_simulation
20250501,000401,0.5,F05,F05,research_simulation
20250501,000402,0.947,F05,F05,research_simulation
20250501,000403,0.929,F05,F05,research_simulation
20250501,000404,0.945,F05,F05,research_simulation
20250501,000407,0.114,F05,F05,research_simulation
20250501,000408,0.763,F05,F05,research_simulation
20250501,000409,0.516,F05,F05,research_simulation
20250501,000410,0.909,F05,F05,research_simulation
20250501,000411,0.527,F05,F05,research_simulation
20250501,000415,0.852,F05,F05,research_simulation
20250501,000417,0.38,F05,F05,research_simulation
20250501,000419,0.009,F05,F05,research_simulation
20250501,000420,0.249,F05,F05,research_simulation
20250501,000421,0.581,F05,F05,research_simulation
20250501,000422,0.539,F05,F05,research_simulation
20250501,000423,0.723,F05,F05,research_simulation
20250501,000425,0.557,F05,F05,research_simulation
20250501,000426,0.342,F05,F05,research_simulation
20250501,000428,0.21,F05,F05,research_simulation
20250501,000429,0.549,F05,F05,research_simulation
20250501,000430,0.535,F05,F05,research_simulation
20250501,000488,0.163,F05,F05,research_simulation
20250501,000498,0.212,F05,F05,research_simulation
20250501,000501,0.173,F05,F05,research_simulation
20250501,000503,0.095,F05,F05,research_simulation
20250501,000504,0.164,F05,F05,research_simulation
20250501,000505,0.706,F05,F05,research_simulation
20250501,000506,0.12,F05,F05,research_simulation
20250501,000507,0.133,F05,F05,research_simulation
20250501,000509,0.519,F05,F05,research_simulation
20250501,000510,0.228,F05,F05,research_simulation
20250501,000513,0.7,F05,F05,research_simulation
20250501,000514,0.02,F05,F05,research_simulation
20250501,000516,0.576,F05,F05,research_simulation
20250701,000001,0.927,F05,F05,research_simulation
20250701,000002,0.384,F05,F05,research_simulation
20250701,000004,0.57,F05,F05,research_simulation
20250701,000006,0.444,F05,F05,research_simulation
20250701,000007,0.916,F05,F05,research_simulation
20250701,000008,0.33,F05,F05,research_simulation
20250701,000009,0.622,F05,F05,research_simulation
20250701,000010,0.554,F05,F05,research_simulation
20250701,000011,0.796,F05,F05,research_simulation
20250701,000012,0.863,F05,F05,research_simulation
20250701,000014,0.127,F05,F05,research_simulation
20250701,000016,0.393,F05,F05,research_simulation
20250701,000017,0.251,F05,F05,research_simulation
20250701,000019,0.924,F05,F05,research_simulation
20250701,000020,0.202,F05,F05,research_simulation
20250701,000021,0.176,F05,F05,research_simulation
20250701,000025,0.379,F05,F05,research_simulation
20250701,000026,0.775,F05,F05,research_simulation
20250701,000027,0.206,F05,F05,research_simulation
20250701,000028,0.843,F05,F05,research_simulation
20250701,000029,0.236,F05,F05,research_simulation
20250701,000030,0.617,F05,F05,research_simulation
20250701,000031,0.713,F05,F05,research_simulation
20250701,000032,0.163,F05,F05,research_simulation
20250701,000034,0.966,F05,F05,research_simulation
20250701,000035,0.834,F05,F05,research_simulation
20250701,000036,0.771,F05,F05,research_simulation
20250701,000037,0.819,F05,F05,research_simulation
20250701,000039,0.448,F05,F05,research_simulation
20250701,000042,0.379,F05,F05,research_simulation
20250701,000045,0.957,F05,F05,research_simulation
20250701,000048,0.826,F05,F05,research_simulation
20250701,000049,0.078,F05,F05,research_simulation
20250701,000050,0.771,F05,F05,research_simulation
20250701,000055,0.994,F05,F05,research_simulation
20250701,000056,0.983,F05,F05,research_simulation
20250701,000058,0.479,F05,F05,research_simulation
20250701,000059,0.979,F05,F05,research_simulation
20250701,000060,0.934,F05,F05,research_simulation
20250701,000061,0.541,F05,F05,research_simulation
20250701,000062,0.981,F05,F05,research_simulation
20250701,000063,0.361,F05,F05,research_simulation
20250701,000065,0.924,F05,F05,research_simulation
20250701,000066,0.729,F05,F05,research_simulation
20250701,000068,0.967,F05,F05,research_simulation
20250701,000069,0.773,F05,F05,research_simulation
20250701,000070,0.783,F05,F05,research_simulation
20250701,000078,0.399,F05,F05,research_simulation
20250701,000088,0.674,F05,F05,research_simulation
20250701,000089,0.938,F05,F05,research_simulation
20250701,000090,0.586,F05,F05,research_simulation
20250701,000096,0.83,F05,F05,research_simulation
20250701,000099,0.412,F05,F05,research_simulation
20250701,000100,0.122,F05,F05,research_simulation
20250701,000151,0.176,F05,F05,research_simulation
20250701,000153,0.265,F05,F05,research_simulation
20250701,000155,0.187,F05,F05,research_simulation
20250701,000156,0.857,F05,F05,research_simulation
20250701,000157,0.084,F05,F05,research_simulation
20250701,000158,0.879,F05,F05,research_simulation
20250701,000159,0.541,F05,F05,research_simulation
20250701,000166,0.937,F05,F05,research_simulation
20250701,000301,0.308,F05,F05,research_simulation
20250701,000333,0.322,F05,F05,research_simulation
20250701,000338,0.85,F05,F05,research_simulation
20250701,000400,0.741,F05,F05,research_simulation
20250701,000401,0.03,F05,F05,research_simulation
20250701,000402,0.967,F05,F05,research_simulation
20250701,000403,0.971,F05,F05,research_simulation
20250701,000404,0.212,F05,F05,research_simulation
20250701,000407,0.881,F05,F05,research_simulation
20250701,000408,0.487,F05,F05,research_simulation
20250701,000409,0.93,F05,F05,research_simulation
20250701,000410,0.21,F05,F05,research_simulation
20250701,000411,0.454,F05,F05,research_simulation
20250701,000415,0.51,F05,F05,research_simulation
20250701,000417,0.687,F05,F05,research_simulation
20250701,000419,0.183,F05,F05,research_simulation
20250701,000420,0.302,F05,F05,research_simulation
20250701,000421,0.76,F05,F05,research_simulation
20250701,000422,0.719,F05,F05,research_simulation
20250701,000423,0.834,F05,F05,research_simulation
20250701,000425,0.059,F05,F05,research_simulation
20250701,000426,0.86,F05,F05,research_simulation
20250701,000428,0.244,F05,F05,research_simulation
20250701,000429,0.756,F05,F05,research_simulation
20250701,000430,0.275,F05,F05,research_simulation
20250701,000488,0.799,F05,F05,research_simulation
20250701,000498,0.148,F05,F05,research_simulation
20250701,000501,0.759,F05,F05,research_simulation
20250701,000503,0.833,F05,F05,research_simulation
20250701,000504,0.365,F05,F05,research_simulation
20250701,000505,0.514,F05,F05,research_simulation
20250701,000506,0.459,F05,F05,research_simulation
20250701,000507,0.03,F05,F05,research_simulation
20250701,000509,0.294,F05,F05,research_simulation
20250701,000510,0.375,F05,F05,research_simulation
20250701,000513,0.382,F05,F05,research_simulation
20250701,000514,0.054,F05,F05,research_simulation
20250701,000516,0.362,F05,F05,research_simulation
20250801,000001,0.428,F05,F05,research_simulation
20250801,000002,0.31,F05,F05,research_simulation
20250801,000004,0.817,F05,F05,research_simulation
20250801,000006,0.834,F05,F05,research_simulation
20250801,000007,0.565,F05,F05,research_simulation
20250801,000008,0.047,F05,F05,research_simulation
20250801,000009,0.963,F05,F05,research_simulation
20250801,000010,0.392,F05,F05,research_simulation
20250801,000011,0.47,F05,F05,research_simulation
20250801,000012,0.108,F05,F05,research_simulation
20250801,000014,0.898,F05,F05,research_simulation
20250801,000016,0.528,F05,F05,research_simulation
20250801,000017,0.569,F05,F05,research_simulation
20250801,000019,0.741,F05,F05,research_simulation
20250801,000020,0.153,F05,F05,research_simulation
20250801,000021,0.183,F05,F05,research_simulation
20250801,000025,0.971,F05,F05,research_simulation
20250801,000026,0.25,F05,F05,research_simulation
20250801,000027,0.74,F05,F05,research_simulation
20250801,000028,0.161,F05,F05,research_simulation
20250801,000029,0.509,F05,F05,research_simulation
20250801,000030,0.543,F05,F05,research_simulation
20250801,000031,0.212,F05,F05,research_simulation
20250801,000032,0.511,F05,F05,research_simulation
20250801,000034,0.429,F05,F05,research_simulation
20250801,000035,0.708,F05,F05,research_simulation
20250801,000036,0.361,F05,F05,research_simulation
20250801,000037,0.464,F05,F05,research_simulation
20250801,000039,0.11,F05,F05,research_simulation
20250801,000042,0.433,F05,F05,research_simulation
20250801,000045,0.98,F05,F05,research_simulation
20250801,000048,0.99,F05,F05,research_simulation
20250801,000049,0.067,F05,F05,research_simulation
20250801,000050,0.774,F05,F05,research_simulation
20250801,000055,0.001,F05,F05,research_simulation
20250801,000056,0.006,F05,F05,research_simulation
20250801,000058,0.345,F05,F05,research_simulation
20250801,000059,0.776,F05,F05,research_simulation
20250801,000060,0.934,F05,F05,research_simulation
20250801,000061,0.545,F05,F05,research_simulation
20250801,000062,0.768,F05,F05,research_simulation
20250801,000063,0.46,F05,F05,research_simulation
20250801,000065,0.932,F05,F05,research_simulation
20250801,000066,0.056,F05,F05,research_simulation
20250801,000068,0.745,F05,F05,research_simulation
20250801,000069,0.935,F05,F05,research_simulation
20250801,000070,0.978,F05,F05,research_simulation
20250801,000078,0.317,F05,F05,research_simulation
20250801,000088,0.303,F05,F05,research_simulation
20250801,000089,0.422,F05,F05,research_simulation
20250801,000090,0.159,F05,F05,research_simulation
20250801,000096,0.226,F05,F05,research_simulation
20250801,000099,0.069,F05,F05,research_simulation
20250801,000100,0.583,F05,F05,research_simulation
20250801,000151,0.518,F05,F05,research_simulation
20250801,000153,0.406,F05,F05,research_simulation
20250801,000155,0.318,F05,F05,research_simulation
20250801,000156,0.455,F05,F05,research_simulation
20250801,000157,0.539,F05,F05,research_simulation
20250801,000158,0.752,F05,F05,research_simulation
20250801,000159,0.355,F05,F05,research_simulation
20250801,000166,0.056,F05,F05,research_simulation
20250801,000301,0.259,F05,F05,research_simulation
20250801,000333,0.291,F05,F05,research_simulation
20250801,000338,0.066,F05,F05,research_simulation
20250801,000400,0.781,F05,F05,research_simulation
20250801,000401,0.944,F05,F05,research_simulation
20250801,000402,0.8,F05,F05,research_simulation
20250801,000403,0.946,F05,F05,research_simulation
20250801,000404,0.098,F05,F05,research_simulation
20250801,000407,0.481,F05,F05,research_simulation
20250801,000408,0.356,F05,F05,research_simulation
20250801,000409,0.678,F05,F05,research_simulation
20250801,000410,0.965,F05,F05,research_simulation
20250801,000411,0.924,F05,F05,research_simulation
20250801,000415,0.445,F05,F05,research_simulation
20250801,000417,0.999,F05,F05,research_simulation
20250801,000419,0.217,F05,F05,research_simulation
20250801,000420,0.961,F05,F05,research_simulation
20250801,000421,0.142,F05,F05,research_simulation
20250801,000422,0.99,F05,F05,research_simulation
20250801,000423,0.596,F05,F05,research_simulation
20250801,000425,0.8,F05,F05,research_simulation
20250801,000426,0.098,F05,F05,research_simulation
20250801,000428,0.449,F05,F05,research_simulation
20250801,000429,0.743,F05,F05,research_simulation
20250801,000430,0.204,F05,F05,research_simulation
20250801,000488,0.926,F05,F05,research_simulation
20250801,000498,0.348,F05,F05,research_simulation
20250801,000501,0.77,F05,F05,research_simulation
20250801,000503,0.219,F05,F05,research_simulation
20250801,000504,0.124,F05,F05,research_simulation
20250801,000505,0.45,F05,F05,research_simulation
20250801,000506,0.313,F05,F05,research_simulation
20250801,000507,0.575,F05,F05,research_simulation
20250801,000509,0.46,F05,F05,research_simulation
20250801,000510,0.79,F05,F05,research_simulation
20250801,000513,0.228,F05,F05,research_simulation
20250801,000514,0.59,F05,F05,research_simulation
20250801,000516,0.741,F05,F05,research_simulation
20250901,000001,0.009,F05,F05,research_simulation
20250901,000002,0.487,F05,F05,research_simulation
20250901,000004,0.122,F05,F05,research_simulation
20250901,000006,0.179,F05,F05,research_simulation
20250901,000007,0.078,F05,F05,research_simulation
20250901,000008,0.923,F05,F05,research_simulation
20250901,000009,0.245,F05,F05,research_simulation
20250901,000010,0.484,F05,F05,research_simulation
20250901,000011,0.245,F05,F05,research_simulation
20250901,000012,0.208,F05,F05,research_simulation
20250901,000014,0.054,F05,F05,research_simulation
20250901,000016,0.567,F05,F05,research_simulation
20250901,000017,0.952,F05,F05,research_simulation
20250901,000019,0.582,F05,F05,research_simulation
20250901,000020,0.106,F05,F05,research_simulation
20250901,000021,0.046,F05,F05,research_simulation
20250901,000025,0.931,F05,F05,research_simulation
20250901,000026,0.303,F05,F05,research_simulation
20250901,000027,0.675,F05,F05,research_simulation
20250901,000028,0.824,F05,F05,research_simulation
20250901,000029,0.263,F05,F05,research_simulation
20250901,000030,0.061,F05,F05,research_simulation
20250901,000031,0.003,F05,F05,research_simulation
20250901,000032,0.759,F05,F05,research_simulation
20250901,000034,0.024,F05,F05,research_simulation
20250901,000035,0.999,F05,F05,research_simulation
20250901,000036,0.368,F05,F05,research_simulation
20250901,000037,0.549,F05,F05,research_simulation
20250901,000039,0.092,F05,F05,research_simulation
20250901,000042,0.299,F05,F05,research_simulation
20250901,000045,0.661,F05,F05,research_simulation
20250901,000048,0.683,F05,F05,research_simulation
20250901,000049,0.856,F05,F05,research_simulation
20250901,000050,0.445,F05,F05,research_simulation
20250901,000055,0.585,F05,F05,research_simulation
20250901,000056,0.888,F05,F05,research_simulation
20250901,000058,0.784,F05,F05,research_simulation
20250901,000059,0.807,F05,F05,research_simulation
20250901,000060,0.91,F05,F05,research_simulation
20250901,000061,0.762,F05,F05,research_simulation
20250901,000062,0.305,F05,F05,research_simulation
20250901,000063,0.018,F05,F05,research_simulation
20250901,000065,0.318,F05,F05,research_simulation
20250901,000066,0.399,F05,F05,research_simulation
20250901,000068,0.302,F05,F05,research_simulation
20250901,000069,0.924,F05,F05,research_simulation
20250901,000070,0.975,F05,F05,research_simulation
20250901,000078,0.306,F05,F05,research_simulation
20250901,000088,0.338,F05,F05,research_simulation
20250901,000089,0.481,F05,F05,research_simulation
20250901,000090,0.921,F05,F05,research_simulation
20250901,000096,0.839,F05,F05,research_simulation
20250901,000099,0.24,F05,F05,research_simulation
20250901,000100,0.199,F05,F05,research_simulation
20250901,000151,0.461,F05,F05,research_simulation
20250901,000153,0.304,F05,F05,research_simulation
20250901,000155,0.648,F05,F05,research_simulation
20250901,000156,0.632,F05,F05,research_simulation
20250901,000157,0.513,F05,F05,research_simulation
20250901,000158,0.521,F05,F05,research_simulation
20250901,000159,0.936,F05,F05,research_simulation
20250901,000166,0.876,F05,F05,research_simulation
20250901,000301,0.965,F05,F05,research_simulation
20250901,000333,0.065,F05,F05,research_simulation
20250901,000338,0.364,F05,F05,research_simulation
20250901,000400,0.838,F05,F05,research_simulation
20250901,000401,0.777,F05,F05,research_simulation
20250901,000402,0.338,F05,F05,research_simulation
20250901,000403,0.053,F05,F05,research_simulation
20250901,000404,0.297,F05,F05,research_simulation
20250901,000407,0.779,F05,F05,research_simulation
20250901,000408,0.694,F05,F05,research_simulation
20250901,000409,0.74,F05,F05,research_simulation
20250901,000410,0.08,F05,F05,research_simulation
20250901,000411,0.083,F05,F05,research_simulation
20250901,000415,0.108,F05,F05,research_simulation
20250901,000417,0.187,F05,F05,research_simulation
20250901,000419,0.51,F05,F05,research_simulation
20250901,000420,0.721,F05,F05,research_simulation
20250901,000421,0.364,F05,F05,research_simulation
20250901,000422,0.018,F05,F05,research_simulation
20250901,000423,0.722,F05,F05,research_simulation
20250901,000425,0.719,F05,F05,research_simulation
20250901,000426,0.614,F05,F05,research_simulation
20250901,000428,0.223,F05,F05,research_simulation
20250901,000429,0.639,F05,F05,research_simulation
20250901,000430,0.008,F05,F05,research_simulation
20250901,000488,0.061,F05,F05,research_simulation
20250901,000498,0.794,F05,F05,research_simulation
20250901,000501,0.151,F05,F05,research_simulation
20250901,000503,0.411,F05,F05,research_simulation
20250901,000504,0.676,F05,F05,research_simulation
20250901,000505,0.309,F05,F05,research_simulation
20250901,000506,0.796,F05,F05,research_simulation
20250901,000507,0.289,F05,F05,research_simulation
20250901,000509,0.754,F05,F05,research_simulation
20250901,000510,0.019,F05,F05,research_simulation
20250901,000513,0.029,F05,F05,research_simulation
20250901,000514,0.989,F05,F05,research_simulation
20250901,000516,0.11,F05,F05,research_simulation
20251201,000001,0.141,F05,F05,research_simulation
20251201,000002,0.879,F05,F05,research_simulation
20251201,000004,0.771,F05,F05,research_simulation
20251201,000006,0.419,F05,F05,research_simulation
20251201,000007,0.935,F05,F05,research_simulation
20251201,000008,0.496,F05,F05,research_simulation
20251201,000009,0.122,F05,F05,research_simulation
20251201,000010,0.569,F05,F05,research_simulation
20251201,000011,0.457,F05,F05,research_simulation
20251201,000012,0.81,F05,F05,research_simulation
20251201,000014,0.787,F05,F05,research_simulation
20251201,000016,0.468,F05,F05,research_simulation
20251201,000017,0.562,F05,F05,research_simulation
20251201,000019,0.187,F05,F05,research_simulation
20251201,000020,0.534,F05,F05,research_simulation
20251201,000021,0.962,F05,F05,research_simulation
20251201,000025,0.854,F05,F05,research_simulation
20251201,000026,0.182,F05,F05,research_simulation
20251201,000027,0.962,F05,F05,research_simulation
20251201,000028,0.449,F05,F05,research_simulation
20251201,000029,0.262,F05,F05,research_simulation
20251201,000030,0.731,F05,F05,research_simulation
20251201,000031,0.946,F05,F05,research_simulation
20251201,000032,0.573,F05,F05,research_simulation
20251201,000034,0.224,F05,F05,research_simulation
20251201,000035,0.737,F05,F05,research_simulation
20251201,000036,0.471,F05,F05,research_simulation
20251201,000037,0.707,F05,F05,research_simulation
20251201,000039,0.204,F05,F05,research_simulation
20251201,000042,0.333,F05,F05,research_simulation
20251201,000045,0.182,F05,F05,research_simulation
20251201,000048,0.032,F05,F05,research_simulation
20251201,000049,0.898,F05,F05,research_simulation
20251201,000050,0.869,F05,F05,research_simulation
20251201,000055,0.066,F05,F05,research_simulation
20251201,000056,0.123,F05,F05,research_simulation
20251201,000058,0.496,F05,F05,research_simulation
20251201,000059,0.926,F05,F05,research_simulation
20251201,000060,0.366,F05,F05,research_simulation
20251201,000061,0.659,F05,F05,research_simulation
20251201,000062,0.872,F05,F05,research_simulation
20251201,000063,0.812,F05,F05,research_simulation
20251201,000065,0.336,F05,F05,research_simulation
20251201,000066,0.91,F05,F05,research_simulation
20251201,000068,0.822,F05,F05,research_simulation
20251201,000069,0.627,F05,F05,research_simulation
20251201,000070,0.616,F05,F05,research_simulation
20251201,000078,0.211,F05,F05,research_simulation
20251201,000088,0.193,F05,F05,research_simulation
20251201,000089,0.7,F05,F05,research_simulation
20251201,000090,0.102,F05,F05,research_simulation
20251201,000096,0.641,F05,F05,research_simulation
20251201,000099,0.62,F05,F05,research_simulation
20251201,000100,0.706,F05,F05,research_simulation
20251201,000151,0.931,F05,F05,research_simulation
20251201,000153,0.494,F05,F05,research_simulation
20251201,000155,0.799,F05,F05,research_simulation
20251201,000156,0.984,F05,F05,research_simulation
20251201,000157,0.304,F05,F05,research_simulation
20251201,000158,0.916,F05,F05,research_simulation
20251201,000159,0.132,F05,F05,research_simulation
20251201,000166,0.196,F05,F05,research_simulation
20251201,000301,0.732,F05,F05,research_simulation
20251201,000333,0.613,F05,F05,research_simulation
20251201,000338,0.6,F05,F05,research_simulation
20251201,000400,0.001,F05,F05,research_simulation
20251201,000401,0.631,F05,F05,research_simulation
20251201,000402,0.462,F05,F05,research_simulation
20251201,000403,0.996,F05,F05,research_simulation
20251201,000404,0.498,F05,F05,research_simulation
20251201,000407,0.145,F05,F05,research_simulation
20251201,000408,0.301,F05,F05,research_simulation
20251201,000409,0.044,F05,F05,research_simulation
20251201,000410,0.765,F05,F05,research_simulation
20251201,000411,0.808,F05,F05,research_simulation
20251201,000415,0.417,F05,F05,research_simulation
20251201,000417,0.882,F05,F05,research_simulation
20251201,000419,0.471,F05,F05,research_simulation
20251201,000420,0.764,F05,F05,research_simulation
20251201,000421,0.358,F05,F05,research_simulation
20251201,000422,0.992,F05,F05,research_simulation
20251201,000423,0.389,F05,F05,research_simulation
20251201,000425,0.807,F05,F05,research_simulation
20251201,000426,0.543,F05,F05,research_simulation
20251201,000428,0.58,F05,F05,research_simulation
20251201,000429,0.986,F05,F05,research_simulation
20251201,000430,0.788,F05,F05,research_simulation
20251201,000488,0.624,F05,F05,research_simulation
20251201,000498,0.575,F05,F05,research_simulation
20251201,000501,0.801,F05,F05,research_simulation
20251201,000503,0.815,F05,F05,research_simulation
20251201,000504,0.871,F05,F05,research_simulation
20251201,000505,0.966,F05,F05,research_simulation
20251201,000506,0.94,F05,F05,research_simulation
20251201,000507,0.382,F05,F05,research_simulation
20251201,000509,0.533,F05,F05,research_simulation
20251201,000510,0.988,F05,F05,research_simulation
20251201,000513,0.554,F05,F05,research_simulation
20251201,000514,0.891,F05,F05,research_simulation
20251201,000516,0.199,F05,F05,research_simulation
20260101,000001,0.011,F05,F05,research_simulation
20260101,000002,0.338,F05,F05,research_simulation
20260101,000004,0.765,F05,F05,research_simulation
20260101,000006,0.68,F05,F05,research_simulation
20260101,000007,0.921,F05,F05,research_simulation
20260101,000008,0.611,F05,F05,research_simulation
20260101,000009,0.999,F05,F05,research_simulation
20260101,000010,0.144,F05,F05,research_simulation
20260101,000011,0.049,F05,F05,research_simulation
20260101,000012,0.641,F05,F05,research_simulation
20260101,000014,0.498,F05,F05,research_simulation
20260101,000016,0.674,F05,F05,research_simulation
20260101,000017,0.821,F05,F05,research_simulation
20260101,000019,0.913,F05,F05,research_simulation
20260101,000020,0.21,F05,F05,research_simulation
20260101,000021,0.899,F05,F05,research_simulation
20260101,000025,0.443,F05,F05,research_simulation
20260101,000026,0.189,F05,F05,research_simulation
20260101,000027,0.89,F05,F05,research_simulation
20260101,000028,0.801,F05,F05,research_simulation
20260101,000029,0.661,F05,F05,research_simulation
20260101,000030,0.512,F05,F05,research_simulation
20260101,000031,0.557,F05,F05,research_simulation
20260101,000032,0.342,F05,F05,research_simulation
20260101,000034,0.177,F05,F05,research_simulation
20260101,000035,0.235,F05,F05,research_simulation
20260101,000036,0.28,F05,F05,research_simulation
20260101,000037,0.036,F05,F05,research_simulation
20260101,000039,0.724,F05,F05,research_simulation
20260101,000042,0.469,F05,F05,research_simulation
20260101,000045,0.447,F05,F05,research_simulation
20260101,000048,0.122,F05,F05,research_simulation
20260101,000049,0.366,F05,F05,research_simulation
20260101,000050,0.14,F05,F05,research_simulation
20260101,000055,0.25,F05,F05,research_simulation
20260101,000056,0.417,F05,F05,research_simulation
20260101,000058,0.165,F05,F05,research_simulation
20260101,000059,0.054,F05,F05,research_simulation
20260101,000060,0.831,F05,F05,research_simulation
20260101,000061,0.983,F05,F05,research_simulation
20260101,000062,0.105,F05,F05,research_simulation
20260101,000063,0.04,F05,F05,research_simulation
20260101,000065,0.325,F05,F05,research_simulation
20260101,000066,0.827,F05,F05,research_simulation
20260101,000068,0.743,F05,F05,research_simulation
20260101,000069,0.619,F05,F05,research_simulation
20260101,000070,0.364,F05,F05,research_simulation
20260101,000078,0.422,F05,F05,research_simulation
20260101,000088,0.521,F05,F05,research_simulation
20260101,000089,0.839,F05,F05,research_simulation
20260101,000090,0.08,F05,F05,research_simulation
20260101,000096,0.672,F05,F05,research_simulation
20260101,000099,0.377,F05,F05,research_simulation
20260101,000100,0.866,F05,F05,research_simulation
20260101,000151,0.129,F05,F05,research_simulation
20260101,000153,0.619,F05,F05,research_simulation
20260101,000155,0.155,F05,F05,research_simulation
20260101,000156,0.101,F05,F05,research_simulation
20260101,000157,0.28,F05,F05,research_simulation
20260101,000158,0.05,F05,F05,research_simulation
20260101,000159,0.76,F05,F05,research_simulation
20260101,000166,0.971,F05,F05,research_simulation
20260101,000301,0.578,F05,F05,research_simulation
20260101,000333,0.019,F05,F05,research_simulation
20260101,000338,0.527,F05,F05,research_simulation
20260101,000400,0.772,F05,F05,research_simulation
20260101,000401,0.136,F05,F05,research_simulation
20260101,000402,0.216,F05,F05,research_simulation
20260101,000403,0.904,F05,F05,research_simulation
20260101,000404,0.747,F05,F05,research_simulation
20260101,000407,0.62,F05,F05,research_simulation
20260101,000408,0.791,F05,F05,research_simulation
20260101,000409,0.237,F05,F05,research_simulation
20260101,000410,0.242,F05,F05,research_simulation
20260101,000411,0.51,F05,F05,research_simulation
20260101,000415,0.036,F05,F05,research_simulation
20260101,000417,0.32,F05,F05,research_simulation
20260101,000419,0.207,F05,F05,research_simulation
20260101,000420,0.812,F05,F05,research_simulation
20260101,000421,0.492,F05,F05,research_simulation
20260101,000422,0.699,F05,F05,research_simulation
20260101,000423,0.075,F05,F05,research_simulation
20260101,000425,0.154,F05,F05,research_simulation
20260101,000426,0.411,F05,F05,research_simulation
20260101,000428,0.464,F05,F05,research_simulation
20260101,000429,0.4,F05,F05,research_simulation
20260101,000430,0.567,F05,F05,research_simulation
20260101,000488,0.745,F05,F05,research_simulation
20260101,000498,0.578,F05,F05,research_simulation
20260101,000501,0.699,F05,F05,research_simulation
20260101,000503,0.647,F05,F05,research_simulation
20260101,000504,0.794,F05,F05,research_simulation
20260101,000505,0.985,F05,F05,research_simulation
20260101,000506,0.316,F05,F05,research_simulation
20260101,000507,0.865,F05,F05,research_simulation
20260101,000509,0.346,F05,F05,research_simulation
20260101,000510,0.382,F05,F05,research_simulation
20260101,000513,0.404,F05,F05,research_simulation
20260101,000514,0.838,F05,F05,research_simulation
20260101,000516,0.161,F05,F05,research_simulation
20260401,000001,0.249,F05,F05,research_simulation
20260401,000002,0.525,F05,F05,research_simulation
20260401,000004,0.492,F05,F05,research_simulation
20260401,000006,0.39,F05,F05,research_simulation
20260401,000007,0.982,F05,F05,research_simulation
20260401,000008,0.216,F05,F05,research_simulation
20260401,000009,0.99,F05,F05,research_simulation
20260401,000010,0.708,F05,F05,research_simulation
20260401,000011,0.639,F05,F05,research_simulation
20260401,000012,0.619,F05,F05,research_simulation
20260401,000014,0.101,F05,F05,research_simulation
20260401,000016,0.145,F05,F05,research_simulation
20260401,000017,0.922,F05,F05,research_simulation
20260401,000019,0.586,F05,F05,research_simulation
20260401,000020,0.881,F05,F05,research_simulation
20260401,000021,0.704,F05,F05,research_simulation
20260401,000025,0.106,F05,F05,research_simulation
20260401,000026,0.968,F05,F05,research_simulation
20260401,000027,0.457,F05,F05,research_simulation
20260401,000028,0.599,F05,F05,research_simulation
20260401,000029,0.739,F05,F05,research_simulation
20260401,000030,0.394,F05,F05,research_simulation
20260401,000031,0.814,F05,F05,research_simulation
20260401,000032,0.393,F05,F05,research_simulation
20260401,000034,0.359,F05,F05,research_simulation
20260401,000035,0.247,F05,F05,research_simulation
20260401,000036,0.028,F05,F05,research_simulation
20260401,000037,0.478,F05,F05,research_simulation
20260401,000039,0.999,F05,F05,research_simulation
20260401,000042,0.074,F05,F05,research_simulation
20260401,000045,0.096,F05,F05,research_simulation
20260401,000048,0.833,F05,F05,research_simulation
20260401,000049,0.655,F05,F05,research_simulation
20260401,000050,0.838,F05,F05,research_simulation
20260401,000055,0.278,F05,F05,research_simulation
20260401,000056,0.968,F05,F05,research_simulation
20260401,000058,0.857,F05,F05,research_simulation
20260401,000059,0.906,F05,F05,research_simulation
20260401,000060,0.106,F05,F05,research_simulation
20260401,000061,0.71,F05,F05,research_simulation
20260401,000062,0.856,F05,F05,research_simulation
20260401,000063,0.924,F05,F05,research_simulation
20260401,000065,0.762,F05,F05,research_simulation
20260401,000066,0.047,F05,F05,research_simulation
20260401,000068,0.899,F05,F05,research_simulation
20260401,000069,0.331,F05,F05,research_simulation
20260401,000070,0.087,F05,F05,research_simulation
20260401,000078,0.219,F05,F05,research_simulation
20260401,000088,0.761,F05,F05,research_simulation
20260401,000089,0.884,F05,F05,research_simulation
20260401,000090,0.549,F05,F05,research_simulation
20260401,000096,0.422,F05,F05,research_simulation
20260401,000099,0.232,F05,F05,research_simulation
20260401,000100,0.937,F05,F05,research_simulation
20260401,000151,0.849,F05,F05,research_simulation
20260401,000153,0.115,F05,F05,research_simulation
20260401,000155,0.375,F05,F05,research_simulation
20260401,000156,0.986,F05,F05,research_simulation
20260401,000157,0.186,F05,F05,research_simulation
20260401,000158,0.213,F05,F05,research_simulation
20260401,000159,0.277,F05,F05,research_simulation
20260401,000166,0.071,F05,F05,research_simulation
20260401,000301,0.826,F05,F05,research_simulation
20260401,000333,0.459,F05,F05,research_simulation
20260401,000338,0.966,F05,F05,research_simulation
20260401,000400,0.48,F05,F05,research_simulation
20260401,000401,0.817,F05,F05,research_simulation
20260401,000402,0.114,F05,F05,research_simulation
20260401,000403,0.849,F05,F05,research_simulation
20260401,000404,0.838,F05,F05,research_simulation
20260401,000407,0.589,F05,F05,research_simulation
20260401,000408,0.931,F05,F05,research_simulation
20260401,000409,0.367,F05,F05,research_simulation
20260401,000410,0.068,F05,F05,research_simulation
20260401,000411,0.357,F05,F05,research_simulation
20260401,000415,0.121,F05,F05,research_simulation
20260401,000417,0.946,F05,F05,research_simulation
20260401,000419,0.02,F05,F05,research_simulation
20260401,000420,0.855,F05,F05,research_simulation
20260401,000421,0.467,F05,F05,research_simulation
20260401,000422,0.394,F05,F05,research_simulation
20260401,000423,0.536,F05,F05,research_simulation
20260401,000425,0.089,F05,F05,research_simulation
20260401,000426,0.45,F05,F05,research_simulation
20260401,000428,0.469,F05,F05,research_simulation
20260401,000429,0.791,F05,F05,research_simulation
20260401,000430,0.032,F05,F05,research_simulation
20260401,000488,0.699,F05,F05,research_simulation
20260401,000498,0.239,F05,F05,research_simulation
20260401,000501,0.037,F05,F05,research_simulation
20260401,000503,0.366,F05,F05,research_simulation
20260401,000504,0.972,F05,F05,research_simulation
20260401,000505,0.147,F05,F05,research_simulation
20260401,000506,0.744,F05,F05,research_simulation
20260401,000507,0.501,F05,F05,research_simulation
20260401,000509,0.066,F05,F05,research_simulation
20260401,000510,0.119,F05,F05,research_simulation
20260401,000513,0.482,F05,F05,research_simulation
20260401,000514,0.283,F05,F05,research_simulation
20260401,000516,0.931,F05,F05,research_simulation
20260601,000001,0.954,F05,F05,research_simulation
20260601,000002,0.486,F05,F05,research_simulation
20260601,000004,0.75,F05,F05,research_simulation
20260601,000006,0.896,F05,F05,research_simulation
20260601,000007,0.324,F05,F05,research_simulation
20260601,000008,0.21,F05,F05,research_simulation
20260601,000009,0.983,F05,F05,research_simulation
20260601,000010,0.082,F05,F05,research_simulation
20260601,000011,0.958,F05,F05,research_simulation
20260601,000012,0.679,F05,F05,research_simulation
20260601,000014,0.879,F05,F05,research_simulation
20260601,000016,0.935,F05,F05,research_simulation
20260601,000017,0.961,F05,F05,research_simulation
20260601,000019,0.482,F05,F05,research_simulation
20260601,000020,0.102,F05,F05,research_simulation
20260601,000021,0.208,F05,F05,research_simulation
20260601,000025,0.995,F05,F05,research_simulation
20260601,000026,0.687,F05,F05,research_simulation
20260601,000027,0.476,F05,F05,research_simulation
20260601,000028,0.971,F05,F05,research_simulation
20260601,000029,0.386,F05,F05,research_simulation
20260601,000030,0.991,F05,F05,research_simulation
20260601,000031,0.514,F05,F05,research_simulation
20260601,000032,0.658,F05,F05,research_simulation
20260601,000034,0.278,F05,F05,research_simulation
20260601,000035,0.505,F05,F05,research_simulation
20260601,000036,0.966,F05,F05,research_simulation
20260601,000037,0.628,F05,F05,research_simulation
20260601,000039,0.233,F05,F05,research_simulation
20260601,000042,0.578,F05,F05,research_simulation
20260601,000045,0.56,F05,F05,research_simulation
20260601,000048,0.844,F05,F05,research_simulation
20260601,000049,0.064,F05,F05,research_simulation
20260601,000050,0.298,F05,F05,research_simulation
20260601,000055,0.937,F05,F05,research_simulation
20260601,000056,0.734,F05,F05,research_simulation
20260601,000058,0.484,F05,F05,research_simulation
20260601,000059,0.102,F05,F05,research_simulation
20260601,000060,0.909,F05,F05,research_simulation
20260601,000061,0.417,F05,F05,research_simulation
20260601,000062,0.336,F05,F05,research_simulation
20260601,000063,0.449,F05,F05,research_simulation
20260601,000065,0.88,F05,F05,research_simulation
20260601,000066,0.962,F05,F05,research_simulation
20260601,000068,0.412,F05,F05,research_simulation
20260601,000069,0.663,F05,F05,research_simulation
20260601,000070,0.293,F05,F05,research_simulation
20260601,000078,0.767,F05,F05,research_simulation
20260601,000088,0.043,F05,F05,research_simulation
20260601,000089,0.647,F05,F05,research_simulation
20260601,000090,0.716,F05,F05,research_simulation
20260601,000096,0.937,F05,F05,research_simulation
20260601,000099,0.01,F05,F05,research_simulation
20260601,000100,0.218,F05,F05,research_simulation
20260601,000151,0.299,F05,F05,research_simulation
20260601,000153,0.05,F05,F05,research_simulation
20260601,000155,0.351,F05,F05,research_simulation
20260601,000156,0.981,F05,F05,research_simulation
20260601,000157,0.367,F05,F05,research_simulation
20260601,000158,0.659,F05,F05,research_simulation
20260601,000159,0.868,F05,F05,research_simulation
20260601,000166,0.118,F05,F05,research_simulation
20260601,000301,0.299,F05,F05,research_simulation
20260601,000333,0.997,F05,F05,research_simulation
20260601,000338,0.99,F05,F05,research_simulation
20260601,000400,0.391,F05,F05,research_simulation
20260601,000401,0.552,F05,F05,research_simulation
20260601,000402,0.856,F05,F05,research_simulation
20260601,000403,0.466,F05,F05,research_simulation
20260601,000404,0.52,F05,F05,research_simulation
20260601,000407,0.661,F05,F05,research_simulation
20260601,000408,0.789,F05,F05,research_simulation
20260601,000409,0.971,F05,F05,research_simulation
20260601,000410,0.951,F05,F05,research_simulation
20260601,000411,0.603,F05,F05,research_simulation
20260601,000415,0.585,F05,F05,research_simulation
20260601,000417,0.957,F05,F05,research_simulation
20260601,000419,0.482,F05,F05,research_simulation
20260601,000420,0.238,F05,F05,research_simulation
20260601,000421,0.826,F05,F05,research_simulation
20260601,000422,0.853,F05,F05,research_simulation
20260601,000423,0.678,F05,F05,research_simulation
20260601,000425,0.807,F05,F05,research_simulation
20260601,000426,0.686,F05,F05,research_simulation
20260601,000428,0.235,F05,F05,research_simulation
20260601,000429,0.553,F05,F05,research_simulation
20260601,000430,0.999,F05,F05,research_simulation
20260601,000488,0.291,F05,F05,research_simulation
20260601,000498,0.192,F05,F05,research_simulation
20260601,000501,0.941,F05,F05,research_simulation
20260601,000503,0.422,F05,F05,research_simulation
20260601,000504,0.141,F05,F05,research_simulation
20260601,000505,0.297,F05,F05,research_simulation
20260601,000506,0.202,F05,F05,research_simulation
20260601,000507,0.334,F05,F05,research_simulation
20260601,000509,0.319,F05,F05,research_simulation
20260601,000510,0.791,F05,F05,research_simulation
20260601,000513,0.708,F05,F05,research_simulation
20260601,000514,0.522,F05,F05,research_simulation
20260601,000516,0.78,F05,F05,research_simulation
