ticker,trade_date,open,high,low,close,volume,amount,source_name,source_type,source_file,source_hash,as_of_date,adjusted
002050,20240102,29.4,29.4,28.36,28.36,203744.24,584633.038,tushare,LOCAL_USER_PROVIDED,data/research_db/market_data/processed/core12_daily_price_bar.csv,a0c457d1b0664de1033d0da4a6ba782578ab068f4307a0ac5c84c4fe927cfefd,2026-06-01,true
002050,20240103,28.34,28.34,26.5,26.62,554781.76,1495936.589,tushare,LOCAL_USER_PROVIDED,data/research_db/market_data/processed/core12_daily_price_bar.csv,a0c457d1b0664de1033d0da4a6ba782578ab068f4307a0ac5c84c4fe927cfefd,2026-06-01,true
002050,20240104,26.85,27.31,26.62,27.05,266865.46,720222.943,tushare,LOCAL_USER_PROVIDED,data/research_db/market_data/processed/core12_daily_price_bar.csv,a0c457d1b0664de1033d0da4a6ba782578ab068f4307a0ac5c84c4fe927cfefd,2026-06-01,true
002050,20240105,27.14,27.88,26.82,27.0,284874.38,777596.283,tushare,LOCAL_USER_PROVIDED,data/research_db/market_data/processed/core12_daily_price_bar.csv,a0c457d1b0664de1033d0da4a6ba782578ab068f4307a0ac5c84c4fe927cfefd,2026-06-01,true
002050,20240108,26.91,26.91,25.78,26.07,338839.05,883536.868,tushare,LOCAL_USER_PROVIDED,data/research_db/market_data/processed/core12_daily_price_bar.csv,a0c457d1b0664de1033d0da4a6ba782578ab068f4307a0ac5c84c4fe927cfefd,2026-06-01,true
002050,20240109,26.15,26.81,25.91,26.28,176525.58,465613.69,tushare,LOCAL_USER_PROVIDED,data/research_db/market_data/processed/core12_daily_price_bar.csv,a0c457d1b0664de1033d0da4a6ba782578ab068f4307a0ac5c84c4fe927cfefd,2026-06-01,true
002050,20240110,26.11,26.33,25.85,25.92,189723.22,493245.779,tushare,LOCAL_USER_PROVIDED,data/research_db/market_data/processed/core12_daily_price_bar.csv,a0c457d1b0664de1033d0da4a6ba782578ab068f4307a0ac5c84c4fe927cfefd,2026-06-01,true
002050,20240111,25.9,25.92,24.83,25.81,334703.32,854703.351,tushare,LOCAL_USER_PROVIDED,data/research_db/market_data/processed/core12_daily_price_bar.csv,a0c457d1b0664de1033d0da4a6ba782578ab068f4307a0ac5c84c4fe927cfefd,2026-06-01,true
002050,20240112,25.7,26.09,25.47,25.53,266255.92,684405.257,tushare,LOCAL_USER_PROVIDED,data/research_db/market_data/processed/core12_daily_price_bar.csv,a0c457d1b0664de1033d0da4a6ba782578ab068f4307a0ac5c84c4fe927cfefd,2026-06-01,true
002050,20240115,25.5,25.61,24.95,25.57,242978.11,614317.988,tushare,LOCAL_USER_PROVIDED,data/research_db/market_data/processed/core12_daily_price_bar.csv,a0c457d1b0664de1033d0da4a6ba782578ab068f4307a0ac5c84c4fe927cfefd,2026-06-01,true
002050,20240116,25.54,26.05,25.1,25.47,254348.35,650077.096,tushare,LOCAL_USER_PROVIDED,data/research_db/market_data/processed/core12_daily_price_bar.csv,a0c457d1b0664de1033d0da4a6ba782578ab068f4307a0ac5c84c4fe927cfefd,2026-06-01,true
002050,20240117,25.35,25.35,24.2,24.2,389846.48,957845.783,tushare,LOCAL_USER_PROVIDED,data/research_db/market_data/processed/core12_daily_price_bar.csv,a0c457d1b0664de1033d0da4a6ba782578ab068f4307a0ac5c84c4fe927cfefd,2026-06-01,true
002050,20240118,24.0,24.52,23.59,24.47,388594.34,933093.027,tushare,LOCAL_USER_PROVIDED,data/research_db/market_data/processed/core12_daily_price_bar.csv,a0c457d1b0664de1033d0da4a6ba782578ab068f4307a0ac5c84c4fe927cfefd,2026-06-01,true
002050,20240119,24.48,24.75,23.88,24.11,217004.65,523753.299,tushare,LOCAL_USER_PROVIDED,data/research_db/market_data/processed/core12_daily_price_bar.csv,a0c457d1b0664de1033d0da4a6ba782578ab068f4307a0ac5c84c4fe927cfefd,2026-06-01,true
002050,20240122,24.03,24.11,22.88,23.11,331374.25,780578.548,tushare,LOCAL_USER_PROVIDED,data/research_db/market_data/processed/core12_daily_price_bar.csv,a0c457d1b0664de1033d0da4a6ba782578ab068f4307a0ac5c84c4fe927cfefd,2026-06-01,true
002050,20240123,23.06,23.56,22.82,23.26,249595.98,579276.512,tushare,LOCAL_USER_PROVIDED,data/research_db/market_data/processed/core12_daily_price_bar.csv,a0c457d1b0664de1033d0da4a6ba782578ab068f4307a0ac5c84c4fe927cfefd,2026-06-01,true
002050,20240124,23.28,23.46,22.23,23.15,410135.11,932173.886,tushare,LOCAL_USER_PROVIDED,data/research_db/market_data/processed/core12_daily_price_bar.csv,a0c457d1b0664de1033d0da4a6ba782578ab068f4307a0ac5c84c4fe927cfefd,2026-06-01,true
002050,20240125,23.0,23.0,21.38,22.23,727887.26,1611158.864,tushare,LOCAL_USER_PROVIDED,data/research_db/market_data/processed/core12_daily_price_bar.csv,a0c457d1b0664de1033d0da4a6ba782578ab068f4307a0ac5c84c4fe927cfefd,2026-06-01,true
002050,20240126,21.79,21.79,20.97,21.32,563782.5,1209451.468,tushare,LOCAL_USER_PROVIDED,data/research_db/market_data/processed/core12_daily_price_bar.csv,a0c457d1b0664de1033d0da4a6ba782578ab068f4307a0ac5c84c4fe927cfefd,2026-06-01,true
002050,20240129,21.25,21.28,20.67,20.81,352625.67,738485.472,tushare,LOCAL_USER_PROVIDED,data/research_db/market_data/processed/core12_daily_price_bar.csv,a0c457d1b0664de1033d0da4a6ba782578ab068f4307a0ac5c84c4fe927cfefd,2026-06-01,true
002050,20240130,20.96,21.81,20.61,20.61,411671.71,869065.928,tushare,LOCAL_USER_PROVIDED,data/research_db/market_data/processed/core12_daily_price_bar.csv,a0c457d1b0664de1033d0da4a6ba782578ab068f4307a0ac5c84c4fe927cfefd,2026-06-01,true
002050,20240131,20.61,21.7,20.6,21.0,563122.88,1187802.497,tushare,LOCAL_USER_PROVIDED,data/research_db/market_data/processed/core12_daily_price_bar.csv,a0c457d1b0664de1033d0da4a6ba782578ab068f4307a0ac5c84c4fe927cfefd,2026-06-01,true
002050,20240201,20.93,22.0,20.72,21.6,421145.52,908147.947,tushare,LOCAL_USER_PROVIDED,data/research_db/market_data/processed/core12_daily_price_bar.csv,a0c457d1b0664de1033d0da4a6ba782578ab068f4307a0ac5c84c4fe927cfefd,2026-06-01,true
002050,20240202,21.6,21.69,20.48,21.1,432001.01,912094.132,tushare,LOCAL_USER_PROVIDED,data/research_db/market_data/processed/core12_daily_price_bar.csv,a0c457d1b0664de1033d0da4a6ba782578ab068f4307a0ac5c84c4fe927cfefd,2026-06-01,true
002050,20240205,20.67,20.99,19.77,20.3,573136.76,1169453.21,tushare,LOCAL_USER_PROVIDED,data/research_db/market_data/processed/core12_daily_price_bar.csv,a0c457d1b0664de1033d0da4a6ba782578ab068f4307a0ac5c84c4fe927cfefd,2026-06-01,true
002050,20240206,20.29,22.08,20.09,21.95,473437.6,1012896.757,tushare,LOCAL_USER_PROVIDED,data/research_db/market_data/processed/core12_daily_price_bar.csv,a0c457d1b0664de1033d0da4a6ba782578ab068f4307a0ac5c84c4fe927cfefd,2026-06-01,true
002050,20240207,22.0,22.92,21.61,22.69,587268.3,1321001.867,tushare,LOCAL_USER_PROVIDED,data/research_db/market_data/processed/core12_daily_price_bar.csv,a0c457d1b0664de1033d0da4a6ba782578ab068f4307a0ac5c84c4fe927cfefd,2026-06-01,true
002050,20240208,22.6,23.42,22.39,23.4,447850.51,1034798.707,tushare,LOCAL_USER_PROVIDED,data/research_db/market_data/processed/core12_daily_price_bar.csv,a0c457d1b0664de1033d0da4a6ba782578ab068f4307a0ac5c84c4fe927cfefd,2026-06-01,true
002050,20240219,23.45,23.5,21.58,22.1,616491.4,1374938.487,tushare,LOCAL_USER_PROVIDED,data/research_db/market_data/processed/core12_daily_price_bar.csv,a0c457d1b0664de1033d0da4a6ba782578ab068f4307a0ac5c84c4fe927cfefd,2026-06-01,true
002050,20240220,21.78,22.39,20.15,22.35,1052073.08,2213634.17,tushare,LOCAL_USER_PROVIDED,data/research_db/market_data/processed/core12_daily_price_bar.csv,a0c457d1b0664de1033d0da4a6ba782578ab068f4307a0ac5c84c4fe927cfefd,2026-06-01,true
002050,20240221,21.85,24.14,21.71,23.33,1128234.84,2625657.385,tushare,LOCAL_USER_PROVIDED,data/research_db/market_data/processed/core12_daily_price_bar.csv,a0c457d1b0664de1033d0da4a6ba782578ab068f4307a0ac5c84c4fe927cfefd,2026-06-01,true
002050,20240222,22.99,23.4,22.75,23.4,482059.54,1113567.415,tushare,LOCAL_USER_PROVIDED,data/research_db/market_data/processed/core12_daily_price_bar.csv,a0c457d1b0664de1033d0da4a6ba782578ab068f4307a0ac5c84c4fe927cfefd,2026-06-01,true
002050,20240223,23.4,25.2,23.37,24.95,773445.23,1887344.149,tushare,LOCAL_USER_PROVIDED,data/research_db/market_data/processed/core12_daily_price_bar.csv,a0c457d1b0664de1033d0da4a6ba782578ab068f4307a0ac5c84c4fe927cfefd,2026-06-01,true
002050,20240226,25.89,26.17,24.9,25.15,816165.98,2077553.825,tushare,LOCAL_USER_PROVIDED,data/research_db/market_data/processed/core12_daily_price_bar.csv,a0c457d1b0664de1033d0da4a6ba782578ab068f4307a0ac5c84c4fe927cfefd,2026-06-01,true
002050,20240227,25.0,25.82,24.52,25.6,535009.12,1346064.667,tushare,LOCAL_USER_PROVIDED,data/research_db/market_data/processed/core12_daily_price_bar.csv,a0c457d1b0664de1033d0da4a6ba782578ab068f4307a0ac5c84c4fe927cfefd,2026-06-01,true
002050,20240228,25.58,25.63,24.25,24.25,543095.37,1353376.727,tushare,LOCAL_USER_PROVIDED,data/research_db/market_data/processed/core12_daily_price_bar.csv,a0c457d1b0664de1033d0da4a6ba782578ab068f4307a0ac5c84c4fe927cfefd,2026-06-01,true
002050,20240229,23.98,24.96,23.88,24.92,362221.03,895324.226,tushare,LOCAL_USER_PROVIDED,data/research_db/market_data/processed/core12_daily_price_bar.csv,a0c457d1b0664de1033d0da4a6ba782578ab068f4307a0ac5c84c4fe927cfefd,2026-06-01,true
002050,20240301,24.87,25.38,24.47,25.24,377650.49,945018.592,tushare,LOCAL_USER_PROVIDED,data/research_db/market_data/processed/core12_daily_price_bar.csv,a0c457d1b0664de1033d0da4a6ba782578ab068f4307a0ac5c84c4fe927cfefd,2026-06-01,true
002050,20240304,25.02,26.0,24.78,26.0,452618.02,1145432.976,tushare,LOCAL_USER_PROVIDED,data/research_db/market_data/processed/core12_daily_price_bar.csv,a0c457d1b0664de1033d0da4a6ba782578ab068f4307a0ac5c84c4fe927cfefd,2026-06-01,true
002050,20240305,25.5,25.6,24.42,24.96,514253.96,1284533.002,tushare,LOCAL_USER_PROVIDED,data/research_db/market_data/processed/core12_daily_price_bar.csv,a0c457d1b0664de1033d0da4a6ba782578ab068f4307a0ac5c84c4fe927cfefd,2026-06-01,true
002050,20240306,24.67,25.35,24.52,24.93,310771.04,775282.362,tushare,LOCAL_USER_PROVIDED,data/research_db/market_data/processed/core12_daily_price_bar.csv,a0c457d1b0664de1033d0da4a6ba782578ab068f4307a0ac5c84c4fe927cfefd,2026-06-01,true
002050,20240307,25.38,25.48,24.18,24.26,349844.58,865614.366,tushare,LOCAL_USER_PROVIDED,data/research_db/market_data/processed/core12_daily_price_bar.csv,a0c457d1b0664de1033d0da4a6ba782578ab068f4307a0ac5c84c4fe927cfefd,2026-06-01,true
002050,20240308,24.2,24.74,23.92,24.71,261019.05,637138.191,tushare,LOCAL_USER_PROVIDED,data/research_db/market_data/processed/core12_daily_price_bar.csv,a0c457d1b0664de1033d0da4a6ba782578ab068f4307a0ac5c84c4fe927cfefd,2026-06-01,true
002050,20240311,24.71,25.28,24.4,25.25,427726.4,1064694.178,tushare,LOCAL_USER_PROVIDED,data/research_db/market_data/processed/core12_daily_price_bar.csv,a0c457d1b0664de1033d0da4a6ba782578ab068f4307a0ac5c84c4fe927cfefd,2026-06-01,true
002050,20240312,25.25,26.07,25.08,25.51,524383.69,1344897.185,tushare,LOCAL_USER_PROVIDED,data/research_db/market_data/processed/core12_daily_price_bar.csv,a0c457d1b0664de1033d0da4a6ba782578ab068f4307a0ac5c84c4fe927cfefd,2026-06-01,true
002050,20240313,25.42,25.8,25.17,25.52,350053.49,891200.681,tushare,LOCAL_USER_PROVIDED,data/research_db/market_data/processed/core12_daily_price_bar.csv,a0c457d1b0664de1033d0da4a6ba782578ab068f4307a0ac5c84c4fe927cfefd,2026-06-01,true
002050,20240314,25.85,26.34,24.86,25.23,526131.86,1345200.936,tushare,LOCAL_USER_PROVIDED,data/research_db/market_data/processed/core12_daily_price_bar.csv,a0c457d1b0664de1033d0da4a6ba782578ab068f4307a0ac5c84c4fe927cfefd,2026-06-01,true
002050,20240315,25.26,25.6,25.0,25.59,286308.49,724883.197,tushare,LOCAL_USER_PROVIDED,data/research_db/market_data/processed/core12_daily_price_bar.csv,a0c457d1b0664de1033d0da4a6ba782578ab068f4307a0ac5c84c4fe927cfefd,2026-06-01,true
002050,20240318,25.6,25.72,25.21,25.63,361384.23,921231.099,tushare,LOCAL_USER_PROVIDED,data/research_db/market_data/processed/core12_daily_price_bar.csv,a0c457d1b0664de1033d0da4a6ba782578ab068f4307a0ac5c84c4fe927cfefd,2026-06-01,true
002050,20240319,25.62,25.75,25.18,25.21,289093.85,734154.035,tushare,LOCAL_USER_PROVIDED,data/research_db/market_data/processed/core12_daily_price_bar.csv,a0c457d1b0664de1033d0da4a6ba782578ab068f4307a0ac5c84c4fe927cfefd,2026-06-01,true
002050,20240320,25.21,25.29,24.4,24.72,378470.8,936265.399,tushare,LOCAL_USER_PROVIDED,data/research_db/market_data/processed/core12_daily_price_bar.csv,a0c457d1b0664de1033d0da4a6ba782578ab068f4307a0ac5c84c4fe927cfefd,2026-06-01,true
002050,20240321,24.7,24.71,24.28,24.53,254090.87,622432.788,tushare,LOCAL_USER_PROVIDED,data/research_db/market_data/processed/core12_daily_price_bar.csv,a0c457d1b0664de1033d0da4a6ba782578ab068f4307a0ac5c84c4fe927cfefd,2026-06-01,true
002050,20240322,24.34,24.67,24.01,24.54,381473.96,928813.088,tushare,LOCAL_USER_PROVIDED,data/research_db/market_data/processed/core12_daily_price_bar.csv,a0c457d1b0664de1033d0da4a6ba782578ab068f4307a0ac5c84c4fe927cfefd,2026-06-01,true
002050,20240325,24.4,25.32,24.21,24.42,481814.79,1194499.9,tushare,LOCAL_USER_PROVIDED,data/research_db/market_data/processed/core12_daily_price_bar.csv,a0c457d1b0664de1033d0da4a6ba782578ab068f4307a0ac5c84c4fe927cfefd,2026-06-01,true
002050,20240326,24.42,24.52,23.7,24.11,389465.1,936500.232,tushare,LOCAL_USER_PROVIDED,data/research_db/market_data/processed/core12_daily_price_bar.csv,a0c457d1b0664de1033d0da4a6ba782578ab068f4307a0ac5c84c4fe927cfefd,2026-06-01,true
002050,20240327,24.13,24.17,23.16,23.16,287079.03,678182.787,tushare,LOCAL_USER_PROVIDED,data/research_db/market_data/processed/core12_daily_price_bar.csv,a0c457d1b0664de1033d0da4a6ba782578ab068f4307a0ac5c84c4fe927cfefd,2026-06-01,true
002050,20240328,23.13,24.35,23.1,24.01,379312.71,908617.329,tushare,LOCAL_USER_PROVIDED,data/research_db/market_data/processed/core12_daily_price_bar.csv,a0c457d1b0664de1033d0da4a6ba782578ab068f4307a0ac5c84c4fe927cfefd,2026-06-01,true
002050,20240329,24.08,24.16,23.3,23.73,217328.32,514522.978,tushare,LOCAL_USER_PROVIDED,data/research_db/market_data/processed/core12_daily_price_bar.csv,a0c457d1b0664de1033d0da4a6ba782578ab068f4307a0ac5c84c4fe927cfefd,2026-06-01,true
002050,20240401,23.8,24.5,23.6,24.19,218842.99,528640.997,tushare,LOCAL_USER_PROVIDED,data/research_db/market_data/processed/core12_daily_price_bar.csv,a0c457d1b0664de1033d0da4a6ba782578ab068f4307a0ac5c84c4fe927cfefd,2026-06-01,true
002050,20240402,24.09,24.19,23.17,23.4,364005.43,853551.311,tushare,LOCAL_USER_PROVIDED,data/research_db/market_data/processed/core12_daily_price_bar.csv,a0c457d1b0664de1033d0da4a6ba782578ab068f4307a0ac5c84c4fe927cfefd,2026-06-01,true
002050,20240403,23.25,23.25,22.08,22.31,681151.02,1525425.346,tushare,LOCAL_USER_PROVIDED,data/research_db/market_data/processed/core12_daily_price_bar.csv,a0c457d1b0664de1033d0da4a6ba782578ab068f4307a0ac5c84c4fe927cfefd,2026-06-01,true
002050,20240408,22.26,22.43,21.7,21.75,364170.75,801954.572,tushare,LOCAL_USER_PROVIDED,data/research_db/market_data/processed/core12_daily_price_bar.csv,a0c457d1b0664de1033d0da4a6ba782578ab068f4307a0ac5c84c4fe927cfefd,2026-06-01,true
002050,20240409,21.75,22.08,21.45,21.88,344709.43,750842.544,tushare,LOCAL_USER_PROVIDED,data/research_db/market_data/processed/core12_daily_price_bar.csv,a0c457d1b0664de1033d0da4a6ba782578ab068f4307a0ac5c84c4fe927cfefd,2026-06-01,true
002050,20240410,21.89,21.98,21.32,21.44,369480.74,797442.525,tushare,LOCAL_USER_PROVIDED,data/research_db/market_data/processed/core12_daily_price_bar.csv,a0c457d1b0664de1033d0da4a6ba782578ab068f4307a0ac5c84c4fe927cfefd,2026-06-01,true
002050,20240411,21.34,21.67,21.03,21.21,349299.37,743993.681,tushare,LOCAL_USER_PROVIDED,data/research_db/market_data/processed/core12_daily_price_bar.csv,a0c457d1b0664de1033d0da4a6ba782578ab068f4307a0ac5c84c4fe927cfefd,2026-06-01,true
002050,20240412,21.21,21.4,20.81,20.87,323744.66,681635.037,tushare,LOCAL_USER_PROVIDED,data/research_db/market_data/processed/core12_daily_price_bar.csv,a0c457d1b0664de1033d0da4a6ba782578ab068f4307a0ac5c84c4fe927cfefd,2026-06-01,true
002050,20240415,20.75,21.68,20.71,21.5,475031.23,1010917.214,tushare,LOCAL_USER_PROVIDED,data/research_db/market_data/processed/core12_daily_price_bar.csv,a0c457d1b0664de1033d0da4a6ba782578ab068f4307a0ac5c84c4fe927cfefd,2026-06-01,true
002050,20240416,21.56,21.56,20.74,20.78,430469.51,905233.599,tushare,LOCAL_USER_PROVIDED,data/research_db/market_data/processed/core12_daily_price_bar.csv,a0c457d1b0664de1033d0da4a6ba782578ab068f4307a0ac5c84c4fe927cfefd,2026-06-01,true
002050,20240417,20.86,21.46,20.6,20.9,727586.64,1522068.722,tushare,LOCAL_USER_PROVIDED,data/research_db/market_data/processed/core12_daily_price_bar.csv,a0c457d1b0664de1033d0da4a6ba782578ab068f4307a0ac5c84c4fe927cfefd,2026-06-01,true
002050,20240418,20.85,22.05,20.35,21.65,868452.41,1860076.342,tushare,LOCAL_USER_PROVIDED,data/research_db/market_data/processed/core12_daily_price_bar.csv,a0c457d1b0664de1033d0da4a6ba782578ab068f4307a0ac5c84c4fe927cfefd,2026-06-01,true
002050,20240419,21.43,21.45,20.69,20.82,502664.12,1056405.868,tushare,LOCAL_USER_PROVIDED,data/research_db/market_data/processed/core12_daily_price_bar.csv,a0c457d1b0664de1033d0da4a6ba782578ab068f4307a0ac5c84c4fe927cfefd,2026-06-01,true
002050,20240422,20.53,20.88,20.21,20.39,511875.73,1051411.497,tushare,LOCAL_USER_PROVIDED,data/research_db/market_data/processed/core12_daily_price_bar.csv,a0c457d1b0664de1033d0da4a6ba782578ab068f4307a0ac5c84c4fe927cfefd,2026-06-01,true
002050,20240423,20.01,21.27,20.01,21.06,567797.16,1181612.601,tushare,LOCAL_USER_PROVIDED,data/research_db/market_data/processed/core12_daily_price_bar.csv,a0c457d1b0664de1033d0da4a6ba782578ab068f4307a0ac5c84c4fe927cfefd,2026-06-01,true
002050,20240424,21.8,22.47,21.75,21.94,857477.5,1895862.813,tushare,LOCAL_USER_PROVIDED,data/research_db/market_data/processed/core12_daily_price_bar.csv,a0c457d1b0664de1033d0da4a6ba782578ab068f4307a0ac5c84c4fe927cfefd,2026-06-01,true
002050,20240425,21.84,22.1,21.5,21.84,358078.0,782844.94,tushare,LOCAL_USER_PROVIDED,data/research_db/market_data/processed/core12_daily_price_bar.csv,a0c457d1b0664de1033d0da4a6ba782578ab068f4307a0ac5c84c4fe927cfefd,2026-06-01,true
002050,20240426,21.75,22.28,21.7,22.16,433707.26,958182.752,tushare,LOCAL_USER_PROVIDED,data/research_db/market_data/processed/core12_daily_price_bar.csv,a0c457d1b0664de1033d0da4a6ba782578ab068f4307a0ac5c84c4fe927cfefd,2026-06-01,true
002050,20240429,22.66,23.04,22.08,22.67,749869.36,1695541.033,tushare,LOCAL_USER_PROVIDED,data/research_db/market_data/processed/core12_daily_price_bar.csv,a0c457d1b0664de1033d0da4a6ba782578ab068f4307a0ac5c84c4fe927cfefd,2026-06-01,true
002050,20240430,22.22,22.79,21.61,21.91,713062.7,1580659.4,tushare,LOCAL_USER_PROVIDED,data/research_db/market_data/processed/core12_daily_price_bar.csv,a0c457d1b0664de1033d0da4a6ba782578ab068f4307a0ac5c84c4fe927cfefd,2026-06-01,true
002050,20240506,22.35,22.86,22.29,22.58,666867.55,1506112.399,tushare,LOCAL_USER_PROVIDED,data/research_db/market_data/processed/core12_daily_price_bar.csv,a0c457d1b0664de1033d0da4a6ba782578ab068f4307a0ac5c84c4fe927cfefd,2026-06-01,true
002050,20240507,22.6,22.67,22.26,22.41,381567.68,855451.536,tushare,LOCAL_USER_PROVIDED,data/research_db/market_data/processed/core12_daily_price_bar.csv,a0c457d1b0664de1033d0da4a6ba782578ab068f4307a0ac5c84c4fe927cfefd,2026-06-01,true
002050,20240508,22.41,22.43,21.87,21.87,293278.0,646421.547,tushare,LOCAL_USER_PROVIDED,data/research_db/market_data/processed/core12_daily_price_bar.csv,a0c457d1b0664de1033d0da4a6ba782578ab068f4307a0ac5c84c4fe927cfefd,2026-06-01,true
002050,20240509,21.8,22.33,21.75,22.13,300153.49,662579.07,tushare,LOCAL_USER_PROVIDED,data/research_db/market_data/processed/core12_daily_price_bar.csv,a0c457d1b0664de1033d0da4a6ba782578ab068f4307a0ac5c84c4fe927cfefd,2026-06-01,true
002050,20240510,22.15,22.19,21.48,21.57,423474.91,916721.337,tushare,LOCAL_USER_PROVIDED,data/research_db/market_data/processed/core12_daily_price_bar.csv,a0c457d1b0664de1033d0da4a6ba782578ab068f4307a0ac5c84c4fe927cfefd,2026-06-01,true
002050,20240513,21.38,21.57,20.94,21.15,391893.99,833803.841,tushare,LOCAL_USER_PROVIDED,data/research_db/market_data/processed/core12_daily_price_bar.csv,a0c457d1b0664de1033d0da4a6ba782578ab068f4307a0ac5c84c4fe927cfefd,2026-06-01,true
002050,20240514,21.35,21.62,21.25,21.43,304926.4,653402.696,tushare,LOCAL_USER_PROVIDED,data/research_db/market_data/processed/core12_daily_price_bar.csv,a0c457d1b0664de1033d0da4a6ba782578ab068f4307a0ac5c84c4fe927cfefd,2026-06-01,true
002050,20240515,21.35,22.13,21.12,21.8,398622.84,869767.312,tushare,LOCAL_USER_PROVIDED,data/research_db/market_data/processed/core12_daily_price_bar.csv,a0c457d1b0664de1033d0da4a6ba782578ab068f4307a0ac5c84c4fe927cfefd,2026-06-01,true
002050,20240516,21.85,22.01,21.41,21.69,350926.67,760686.528,tushare,LOCAL_USER_PROVIDED,data/research_db/market_data/processed/core12_daily_price_bar.csv,a0c457d1b0664de1033d0da4a6ba782578ab068f4307a0ac5c84c4fe927cfefd,2026-06-01,true
002050,20240517,21.67,22.74,21.52,22.68,695187.94,1547380.44,tushare,LOCAL_USER_PROVIDED,data/research_db/market_data/processed/core12_daily_price_bar.csv,a0c457d1b0664de1033d0da4a6ba782578ab068f4307a0ac5c84c4fe927cfefd,2026-06-01,true
002050,20240520,22.59,22.9,22.18,22.4,447384.5,1003580.371,tushare,LOCAL_USER_PROVIDED,data/research_db/market_data/processed/core12_daily_price_bar.csv,a0c457d1b0664de1033d0da4a6ba782578ab068f4307a0ac5c84c4fe927cfefd,2026-06-01,true
002050,20240521,22.3,22.3,21.75,21.89,374516.24,820165.407,tushare,LOCAL_USER_PROVIDED,data/research_db/market_data/processed/core12_daily_price_bar.csv,a0c457d1b0664de1033d0da4a6ba782578ab068f4307a0ac5c84c4fe927cfefd,2026-06-01,true
002050,20240522,21.85,22.68,21.85,22.43,487701.96,1095229.038,tushare,LOCAL_USER_PROVIDED,data/research_db/market_data/processed/core12_daily_price_bar.csv,a0c457d1b0664de1033d0da4a6ba782578ab068f4307a0ac5c84c4fe927cfefd,2026-06-01,true
002050,20240523,22.35,22.74,22.18,22.22,305161.66,682434.349,tushare,LOCAL_USER_PROVIDED,data/research_db/market_data/processed/core12_daily_price_bar.csv,a0c457d1b0664de1033d0da4a6ba782578ab068f4307a0ac5c84c4fe927cfefd,2026-06-01,true
002050,20240524,22.04,22.1,21.31,21.33,434931.23,939679.774,tushare,LOCAL_USER_PROVIDED,data/research_db/market_data/processed/core12_daily_price_bar.csv,a0c457d1b0664de1033d0da4a6ba782578ab068f4307a0ac5c84c4fe927cfefd,2026-06-01,true
002050,20240527,21.44,21.6,21.0,21.57,273343.73,580454.792,tushare,LOCAL_USER_PROVIDED,data/research_db/market_data/processed/core12_daily_price_bar.csv,a0c457d1b0664de1033d0da4a6ba782578ab068f4307a0ac5c84c4fe927cfefd,2026-06-01,true
002050,20240528,21.45,21.89,21.24,21.64,242307.38,523503.37,tushare,LOCAL_USER_PROVIDED,data/research_db/market_data/processed/core12_daily_price_bar.csv,a0c457d1b0664de1033d0da4a6ba782578ab068f4307a0ac5c84c4fe927cfefd,2026-06-01,true
002050,20240529,21.54,21.88,21.34,21.59,271365.19,585847.024,tushare,LOCAL_USER_PROVIDED,data/research_db/market_data/processed/core12_daily_price_bar.csv,a0c457d1b0664de1033d0da4a6ba782578ab068f4307a0ac5c84c4fe927cfefd,2026-06-01,true
002050,20240530,21.51,22.05,21.31,21.9,362318.47,790477.401,tushare,LOCAL_USER_PROVIDED,data/research_db/market_data/processed/core12_daily_price_bar.csv,a0c457d1b0664de1033d0da4a6ba782578ab068f4307a0ac5c84c4fe927cfefd,2026-06-01,true
002050,20240531,22.08,23.7,22.0,23.02,938372.32,2158292.074,tushare,LOCAL_USER_PROVIDED,data/research_db/market_data/processed/core12_daily_price_bar.csv,a0c457d1b0664de1033d0da4a6ba782578ab068f4307a0ac5c84c4fe927cfefd,2026-06-01,true
002050,20240603,23.4,23.82,23.16,23.44,717818.1,1690540.199,tushare,LOCAL_USER_PROVIDED,data/research_db/market_data/processed/core12_daily_price_bar.csv,a0c457d1b0664de1033d0da4a6ba782578ab068f4307a0ac5c84c4fe927cfefd,2026-06-01,true
002050,20240604,23.5,23.89,23.26,23.71,541041.15,1275719.222,tushare,LOCAL_USER_PROVIDED,data/research_db/market_data/processed/core12_daily_price_bar.csv,a0c457d1b0664de1033d0da4a6ba782578ab068f4307a0ac5c84c4fe927cfefd,2026-06-01,true
002050,20240605,23.9,24.72,23.87,24.42,648124.88,1582244.081,tushare,LOCAL_USER_PROVIDED,data/research_db/market_data/processed/core12_daily_price_bar.csv,a0c457d1b0664de1033d0da4a6ba782578ab068f4307a0ac5c84c4fe927cfefd,2026-06-01,true
002050,20240606,24.36,24.5,23.7,23.91,568086.57,1367719.293,tushare,LOCAL_USER_PROVIDED,data/research_db/market_data/processed/core12_daily_price_bar.csv,a0c457d1b0664de1033d0da4a6ba782578ab068f4307a0ac5c84c4fe927cfefd,2026-06-01,true
002050,20240607,23.92,24.1,23.32,23.51,404620.64,956293.236,tushare,LOCAL_USER_PROVIDED,data/research_db/market_data/processed/core12_daily_price_bar.csv,a0c457d1b0664de1033d0da4a6ba782578ab068f4307a0ac5c84c4fe927cfefd,2026-06-01,true
002050,20240611,23.18,23.56,23.05,23.37,291856.88,678812.803,tushare,LOCAL_USER_PROVIDED,data/research_db/market_data/processed/core12_daily_price_bar.csv,a0c457d1b0664de1033d0da4a6ba782578ab068f4307a0ac5c84c4fe927cfefd,2026-06-01,true
002050,20240612,23.19,24.18,23.07,23.8,464288.54,1105082.53,tushare,LOCAL_USER_PROVIDED,data/research_db/market_data/processed/core12_daily_price_bar.csv,a0c457d1b0664de1033d0da4a6ba782578ab068f4307a0ac5c84c4fe927cfefd,2026-06-01,true
002050,20240613,23.6,24.7,23.31,24.54,682692.15,1656588.96,tushare,LOCAL_USER_PROVIDED,data/research_db/market_data/processed/core12_daily_price_bar.csv,a0c457d1b0664de1033d0da4a6ba782578ab068f4307a0ac5c84c4fe927cfefd,2026-06-01,true
002050,20240614,23.95,23.95,22.79,22.97,813941.59,1882434.142,tushare,LOCAL_USER_PROVIDED,data/research_db/market_data/processed/core12_daily_price_bar.csv,a0c457d1b0664de1033d0da4a6ba782578ab068f4307a0ac5c84c4fe927cfefd,2026-06-01,true
002050,20240617,22.79,23.12,22.6,23.02,462318.9,1055891.724,tushare,LOCAL_USER_PROVIDED,data/research_db/market_data/processed/core12_daily_price_bar.csv,a0c457d1b0664de1033d0da4a6ba782578ab068f4307a0ac5c84c4fe927cfefd,2026-06-01,true
002050,20240618,23.1,23.65,23.09,23.37,399076.12,932776.389,tushare,LOCAL_USER_PROVIDED,data/research_db/market_data/processed/core12_daily_price_bar.csv,a0c457d1b0664de1033d0da4a6ba782578ab068f4307a0ac5c84c4fe927cfefd,2026-06-01,true
002050,20240619,23.4,23.4,22.4,22.51,422462.68,961438.162,tushare,LOCAL_USER_PROVIDED,data/research_db/market_data/processed/core12_daily_price_bar.csv,a0c457d1b0664de1033d0da4a6ba782578ab068f4307a0ac5c84c4fe927cfefd,2026-06-01,true
002050,20240620,22.31,22.4,21.71,21.8,375449.61,824369.485,tushare,LOCAL_USER_PROVIDED,data/research_db/market_data/processed/core12_daily_price_bar.csv,a0c457d1b0664de1033d0da4a6ba782578ab068f4307a0ac5c84c4fe927cfefd,2026-06-01,true
002050,20240621,21.67,21.84,21.17,21.7,577790.48,1239148.017,tushare,LOCAL_USER_PROVIDED,data/research_db/market_data/processed/core12_daily_price_bar.csv,a0c457d1b0664de1033d0da4a6ba782578ab068f4307a0ac5c84c4fe927cfefd,2026-06-01,true
002050,20240624,21.5,21.62,20.82,20.89,439112.3,929943.974,tushare,LOCAL_USER_PROVIDED,data/research_db/market_data/processed/core12_daily_price_bar.csv,a0c457d1b0664de1033d0da4a6ba782578ab068f4307a0ac5c84c4fe927cfefd,2026-06-01,true
002050,20240625,20.89,21.08,20.3,20.47,440980.76,908966.229,tushare,LOCAL_USER_PROVIDED,data/research_db/market_data/processed/core12_daily_price_bar.csv,a0c457d1b0664de1033d0da4a6ba782578ab068f4307a0ac5c84c4fe927cfefd,2026-06-01,true
002050,20240626,20.4,20.67,20.05,20.6,442645.12,901543.768,tushare,LOCAL_USER_PROVIDED,data/research_db/market_data/processed/core12_daily_price_bar.csv,a0c457d1b0664de1033d0da4a6ba782578ab068f4307a0ac5c84c4fe927cfefd,2026-06-01,true
002050,20240627,20.48,20.48,19.56,19.56,644863.45,1278165.183,tushare,LOCAL_USER_PROVIDED,data/research_db/market_data/processed/core12_daily_price_bar.csv,a0c457d1b0664de1033d0da4a6ba782578ab068f4307a0ac5c84c4fe927cfefd,2026-06-01,true
002050,20240628,19.18,19.58,18.94,19.08,554725.44,1068134.507,tushare,LOCAL_USER_PROVIDED,data/research_db/market_data/processed/core12_daily_price_bar.csv,a0c457d1b0664de1033d0da4a6ba782578ab068f4307a0ac5c84c4fe927cfefd,2026-06-01,true
002371,20240102,245.73,245.91,239.35,240.3,41067.4,993607.281,tushare,LOCAL_USER_PROVIDED,data/research_db/market_data/processed/core12_daily_price_bar.csv,a0c457d1b0664de1033d0da4a6ba782578ab068f4307a0ac5c84c4fe927cfefd,2026-06-01,true
002371,20240103,239.51,246.6,238.42,240.48,43118.0,1045059.22,tushare,LOCAL_USER_PROVIDED,data/research_db/market_data/processed/core12_daily_price_bar.csv,a0c457d1b0664de1033d0da4a6ba782578ab068f4307a0ac5c84c4fe927cfefd,2026-06-01,true
002371,20240104,238.95,243.47,235.13,236.25,35031.2,832252.917,tushare,LOCAL_USER_PROVIDED,data/research_db/market_data/processed/core12_daily_price_bar.csv,a0c457d1b0664de1033d0da4a6ba782578ab068f4307a0ac5c84c4fe927cfefd,2026-06-01,true
002371,20240105,236.0,239.95,231.97,234.13,33082.89,779153.664,tushare,LOCAL_USER_PROVIDED,data/research_db/market_data/processed/core12_daily_price_bar.csv,a0c457d1b0664de1033d0da4a6ba782578ab068f4307a0ac5c84c4fe927cfefd,2026-06-01,true
002371,20240108,233.5,235.0,226.05,226.18,37631.06,858997.865,tushare,LOCAL_USER_PROVIDED,data/research_db/market_data/processed/core12_daily_price_bar.csv,a0c457d1b0664de1033d0da4a6ba782578ab068f4307a0ac5c84c4fe927cfefd,2026-06-01,true
002371,20240109,227.56,229.35,222.66,228.08,45533.69,1031117.166,tushare,LOCAL_USER_PROVIDED,data/research_db/market_data/processed/core12_daily_price_bar.csv,a0c457d1b0664de1033d0da4a6ba782578ab068f4307a0ac5c84c4fe927cfefd,2026-06-01,true
002371,20240110,227.0,231.94,223.38,226.8,36461.36,832571.088,tushare,LOCAL_USER_PROVIDED,data/research_db/market_data/processed/core12_daily_price_bar.csv,a0c457d1b0664de1033d0da4a6ba782578ab068f4307a0ac5c84c4fe927cfefd,2026-06-01,true
002371,20240111,226.79,234.89,226.06,232.6,45260.37,1050580.483,tushare,LOCAL_USER_PROVIDED,data/research_db/market_data/processed/core12_daily_price_bar.csv,a0c457d1b0664de1033d0da4a6ba782578ab068f4307a0ac5c84c4fe927cfefd,2026-06-01,true
002371,20240112,231.96,233.64,229.69,232.0,26775.46,621535.806,tushare,LOCAL_USER_PROVIDED,data/research_db/market_data/processed/core12_daily_price_bar.csv,a0c457d1b0664de1033d0da4a6ba782578ab068f4307a0ac5c84c4fe927cfefd,2026-06-01,true
002371,20240115,231.5,237.6,228.6,231.99,37738.13,881692.709,tushare,LOCAL_USER_PROVIDED,data/research_db/market_data/processed/core12_daily_price_bar.csv,a0c457d1b0664de1033d0da4a6ba782578ab068f4307a0ac5c84c4fe927cfefd,2026-06-01,true
002371,20240116,240.0,245.0,238.0,244.01,97286.06,2350083.478,tushare,LOCAL_USER_PROVIDED,data/research_db/market_data/processed/core12_daily_price_bar.csv,a0c457d1b0664de1033d0da4a6ba782578ab068f4307a0ac5c84c4fe927cfefd,2026-06-01,true
002371,20240117,243.76,245.71,240.7,242.3,60984.07,1484563.972,tushare,LOCAL_USER_PROVIDED,data/research_db/market_data/processed/core12_daily_price_bar.csv,a0c457d1b0664de1033d0da4a6ba782578ab068f4307a0ac5c84c4fe927cfefd,2026-06-01,true
002371,20240118,240.88,256.78,240.02,255.77,125063.72,3116486.084,tushare,LOCAL_USER_PROVIDED,data/research_db/market_data/processed/core12_daily_price_bar.csv,a0c457d1b0664de1033d0da4a6ba782578ab068f4307a0ac5c84c4fe927cfefd,2026-06-01,true
002371,20240119,254.1,256.65,249.38,250.7,64637.46,1635933.627,tushare,LOCAL_USER_PROVIDED,data/research_db/market_data/processed/core12_daily_price_bar.csv,a0c457d1b0664de1033d0da4a6ba782578ab068f4307a0ac5c84c4fe927cfefd,2026-06-01,true
002371,20240122,250.7,256.17,247.8,250.2,84688.81,2140852.104,tushare,LOCAL_USER_PROVIDED,data/research_db/market_data/processed/core12_daily_price_bar.csv,a0c457d1b0664de1033d0da4a6ba782578ab068f4307a0ac5c84c4fe927cfefd,2026-06-01,true
002371,20240123,247.81,254.43,245.58,249.99,65123.36,1626894.133,tushare,LOCAL_USER_PROVIDED,data/research_db/market_data/processed/core12_daily_price_bar.csv,a0c457d1b0664de1033d0da4a6ba782578ab068f4307a0ac5c84c4fe927cfefd,2026-06-01,true
002371,20240124,250.0,253.16,241.23,252.12,77207.69,1902076.443,tushare,LOCAL_USER_PROVIDED,data/research_db/market_data/processed/core12_daily_price_bar.csv,a0c457d1b0664de1033d0da4a6ba782578ab068f4307a0ac5c84c4fe927cfefd,2026-06-01,true
002371,20240125,250.0,256.0,248.46,254.21,61266.16,1546163.516,tushare,LOCAL_USER_PROVIDED,data/research_db/market_data/processed/core12_daily_price_bar.csv,a0c457d1b0664de1033d0da4a6ba782578ab068f4307a0ac5c84c4fe927cfefd,2026-06-01,true
002371,20240126,251.92,254.48,247.0,247.5,53477.58,1338173.285,tushare,LOCAL_USER_PROVIDED,data/research_db/market_data/processed/core12_daily_price_bar.csv,a0c457d1b0664de1033d0da4a6ba782578ab068f4307a0ac5c84c4fe927cfefd,2026-06-01,true
002371,20240129,247.4,250.64,240.1,241.7,50234.45,1226684.602,tushare,LOCAL_USER_PROVIDED,data/research_db/market_data/processed/core12_daily_price_bar.csv,a0c457d1b0664de1033d0da4a6ba782578ab068f4307a0ac5c84c4fe927cfefd,2026-06-01,true
002371,20240130,240.86,240.86,228.58,229.35,56786.07,1326821.932,tushare,LOCAL_USER_PROVIDED,data/research_db/market_data/processed/core12_daily_price_bar.csv,a0c457d1b0664de1033d0da4a6ba782578ab068f4307a0ac5c84c4fe927cfefd,2026-06-01,true
002371,20240131,227.02,231.8,224.09,227.76,55449.33,1265026.512,tushare,LOCAL_USER_PROVIDED,data/research_db/market_data/processed/core12_daily_price_bar.csv,a0c457d1b0664de1033d0da4a6ba782578ab068f4307a0ac5c84c4fe927cfefd,2026-06-01,true
002371,20240201,227.53,240.14,227.3,235.6,64775.88,1523177.146,tushare,LOCAL_USER_PROVIDED,data/research_db/market_data/processed/core12_daily_price_bar.csv,a0c457d1b0664de1033d0da4a6ba782578ab068f4307a0ac5c84c4fe927cfefd,2026-06-01,true
002371,20240202,234.8,237.5,225.03,231.4,58419.72,1356527.574,tushare,LOCAL_USER_PROVIDED,data/research_db/market_data/processed/core12_daily_price_bar.csv,a0c457d1b0664de1033d0da4a6ba782578ab068f4307a0ac5c84c4fe927cfefd,2026-06-01,true
002371,20240205,228.16,245.0,227.71,240.95,84535.93,2002276.046,tushare,LOCAL_USER_PROVIDED,data/research_db/market_data/processed/core12_daily_price_bar.csv,a0c457d1b0664de1033d0da4a6ba782578ab068f4307a0ac5c84c4fe927cfefd,2026-06-01,true
002371,20240206,238.2,251.48,238.12,251.0,77505.39,1910678.945,tushare,LOCAL_USER_PROVIDED,data/research_db/market_data/processed/core12_daily_price_bar.csv,a0c457d1b0664de1033d0da4a6ba782578ab068f4307a0ac5c84c4fe927cfefd,2026-06-01,true
002371,20240207,250.26,252.82,246.66,249.11,59206.84,1474042.207,tushare,LOCAL_USER_PROVIDED,data/research_db/market_data/processed/core12_daily_price_bar.csv,a0c457d1b0664de1033d0da4a6ba782578ab068f4307a0ac5c84c4fe927cfefd,2026-06-01,true
002371,20240208,253.0,258.8,248.6,250.3,75072.19,1904998.968,tushare,LOCAL_USER_PROVIDED,data/research_db/market_data/processed/core12_daily_price_bar.csv,a0c457d1b0664de1033d0da4a6ba782578ab068f4307a0ac5c84c4fe927cfefd,2026-06-01,true
002371,20240219,258.0,259.88,254.01,258.5,68273.19,1758671.59,tushare,LOCAL_USER_PROVIDED,data/research_db/market_data/processed/core12_daily_price_bar.csv,a0c457d1b0664de1033d0da4a6ba782578ab068f4307a0ac5c84c4fe927cfefd,2026-06-01,true
002371,20240220,257.5,259.2,252.46,255.1,44070.44,1126082.494,tushare,LOCAL_USER_PROVIDED,data/research_db/market_data/processed/core12_daily_price_bar.csv,a0c457d1b0664de1033d0da4a6ba782578ab068f4307a0ac5c84c4fe927cfefd,2026-06-01,true
002371,20240221,253.65,264.4,252.0,260.5,70528.13,1828974.176,tushare,LOCAL_USER_PROVIDED,data/research_db/market_data/processed/core12_daily_price_bar.csv,a0c457d1b0664de1033d0da4a6ba782578ab068f4307a0ac5c84c4fe927cfefd,2026-06-01,true
002371,20240222,261.0,264.58,260.01,263.05,43100.64,1131171.136,tushare,LOCAL_USER_PROVIDED,data/research_db/market_data/processed/core12_daily_price_bar.csv,a0c457d1b0664de1033d0da4a6ba782578ab068f4307a0ac5c84c4fe927cfefd,2026-06-01,true
002371,20240223,263.08,265.5,259.57,261.66,46816.18,1227248.291,tushare,LOCAL_USER_PROVIDED,data/research_db/market_data/processed/core12_daily_price_bar.csv,a0c457d1b0664de1033d0da4a6ba782578ab068f4307a0ac5c84c4fe927cfefd,2026-06-01,true
002371,20240226,262.3,263.72,257.79,258.53,43462.55,1128388.108,tushare,LOCAL_USER_PROVIDED,data/research_db/market_data/processed/core12_daily_price_bar.csv,a0c457d1b0664de1033d0da4a6ba782578ab068f4307a0ac5c84c4fe927cfefd,2026-06-01,true
002371,20240227,257.11,268.47,256.6,268.2,56727.91,1493853.308,tushare,LOCAL_USER_PROVIDED,data/research_db/market_data/processed/core12_daily_price_bar.csv,a0c457d1b0664de1033d0da4a6ba782578ab068f4307a0ac5c84c4fe927cfefd,2026-06-01,true
002371,20240228,268.95,271.68,261.2,261.43,52357.91,1394788.149,tushare,LOCAL_USER_PROVIDED,data/research_db/market_data/processed/core12_daily_price_bar.csv,a0c457d1b0664de1033d0da4a6ba782578ab068f4307a0ac5c84c4fe927cfefd,2026-06-01,true
002371,20240229,266.0,286.9,265.64,284.06,116847.01,3263039.372,tushare,LOCAL_USER_PROVIDED,data/research_db/market_data/processed/core12_daily_price_bar.csv,a0c457d1b0664de1033d0da4a6ba782578ab068f4307a0ac5c84c4fe927cfefd,2026-06-01,true
002371,20240301,286.0,294.8,284.23,292.15,94921.11,2754205.713,tushare,LOCAL_USER_PROVIDED,data/research_db/market_data/processed/core12_daily_price_bar.csv,a0c457d1b0664de1033d0da4a6ba782578ab068f4307a0ac5c84c4fe927cfefd,2026-06-01,true
002371,20240304,292.59,297.58,288.0,292.17,68093.63,1990189.54,tushare,LOCAL_USER_PROVIDED,data/research_db/market_data/processed/core12_daily_price_bar.csv,a0c457d1b0664de1033d0da4a6ba782578ab068f4307a0ac5c84c4fe927cfefd,2026-06-01,true
002371,20240305,290.98,293.83,286.01,291.12,54258.24,1576465.991,tushare,LOCAL_USER_PROVIDED,data/research_db/market_data/processed/core12_daily_price_bar.csv,a0c457d1b0664de1033d0da4a6ba782578ab068f4307a0ac5c84c4fe927cfefd,2026-06-01,true
002371,20240306,291.1,293.55,288.0,291.0,39895.91,1161072.735,tushare,LOCAL_USER_PROVIDED,data/research_db/market_data/processed/core12_daily_price_bar.csv,a0c457d1b0664de1033d0da4a6ba782578ab068f4307a0ac5c84c4fe927cfefd,2026-06-01,true
002371,20240307,293.77,301.58,289.89,291.27,65039.83,1923390.218,tushare,LOCAL_USER_PROVIDED,data/research_db/market_data/processed/core12_daily_price_bar.csv,a0c457d1b0664de1033d0da4a6ba782578ab068f4307a0ac5c84c4fe927cfefd,2026-06-01,true
002371,20240308,293.99,302.65,293.1,301.87,81387.63,2438931.465,tushare,LOCAL_USER_PROVIDED,data/research_db/market_data/processed/core12_daily_price_bar.csv,a0c457d1b0664de1033d0da4a6ba782578ab068f4307a0ac5c84c4fe927cfefd,2026-06-01,true
002371,20240311,299.04,307.4,298.51,303.69,57287.71,1731904.607,tushare,LOCAL_USER_PROVIDED,data/research_db/market_data/processed/core12_daily_price_bar.csv,a0c457d1b0664de1033d0da4a6ba782578ab068f4307a0ac5c84c4fe927cfefd,2026-06-01,true
002371,20240312,301.0,306.99,297.2,298.41,74172.64,2230138.541,tushare,LOCAL_USER_PROVIDED,data/research_db/market_data/processed/core12_daily_price_bar.csv,a0c457d1b0664de1033d0da4a6ba782578ab068f4307a0ac5c84c4fe927cfefd,2026-06-01,true
002371,20240313,300.0,301.7,290.64,292.5,68006.58,2008385.064,tushare,LOCAL_USER_PROVIDED,data/research_db/market_data/processed/core12_daily_price_bar.csv,a0c457d1b0664de1033d0da4a6ba782578ab068f4307a0ac5c84c4fe927cfefd,2026-06-01,true
002371,20240314,291.99,293.79,288.06,289.78,55764.57,1619889.258,tushare,LOCAL_USER_PROVIDED,data/research_db/market_data/processed/core12_daily_price_bar.csv,a0c457d1b0664de1033d0da4a6ba782578ab068f4307a0ac5c84c4fe927cfefd,2026-06-01,true
002371,20240315,289.78,290.2,282.8,289.03,57262.72,1638065.517,tushare,LOCAL_USER_PROVIDED,data/research_db/market_data/processed/core12_daily_price_bar.csv,a0c457d1b0664de1033d0da4a6ba782578ab068f4307a0ac5c84c4fe927cfefd,2026-06-01,true
002371,20240318,288.05,298.77,288.0,298.06,66207.91,1948456.849,tushare,LOCAL_USER_PROVIDED,data/research_db/market_data/processed/core12_daily_price_bar.csv,a0c457d1b0664de1033d0da4a6ba782578ab068f4307a0ac5c84c4fe927cfefd,2026-06-01,true
002371,20240319,297.0,300.8,294.93,295.08,44175.36,1314865.428,tushare,LOCAL_USER_PROVIDED,data/research_db/market_data/processed/core12_daily_price_bar.csv,a0c457d1b0664de1033d0da4a6ba782578ab068f4307a0ac5c84c4fe927cfefd,2026-06-01,true
002371,20240320,294.9,297.57,291.75,296.2,31432.12,927047.419,tushare,LOCAL_USER_PROVIDED,data/research_db/market_data/processed/core12_daily_price_bar.csv,a0c457d1b0664de1033d0da4a6ba782578ab068f4307a0ac5c84c4fe927cfefd,2026-06-01,true
002371,20240321,300.7,306.68,299.0,301.1,56772.59,1717937.664,tushare,LOCAL_USER_PROVIDED,data/research_db/market_data/processed/core12_daily_price_bar.csv,a0c457d1b0664de1033d0da4a6ba782578ab068f4307a0ac5c84c4fe927cfefd,2026-06-01,true
002371,20240322,301.1,316.99,300.33,312.51,89614.74,2798131.258,tushare,LOCAL_USER_PROVIDED,data/research_db/market_data/processed/core12_daily_price_bar.csv,a0c457d1b0664de1033d0da4a6ba782578ab068f4307a0ac5c84c4fe927cfefd,2026-06-01,true
002371,20240325,311.86,326.5,307.91,316.8,74158.1,2362021.298,tushare,LOCAL_USER_PROVIDED,data/research_db/market_data/processed/core12_daily_price_bar.csv,a0c457d1b0664de1033d0da4a6ba782578ab068f4307a0ac5c84c4fe927cfefd,2026-06-01,true
002371,20240326,317.5,323.0,308.69,310.88,63143.54,1980924.848,tushare,LOCAL_USER_PROVIDED,data/research_db/market_data/processed/core12_daily_price_bar.csv,a0c457d1b0664de1033d0da4a6ba782578ab068f4307a0ac5c84c4fe927cfefd,2026-06-01,true
002371,20240327,312.43,313.5,304.58,308.55,51304.41,1584531.041,tushare,LOCAL_USER_PROVIDED,data/research_db/market_data/processed/core12_daily_price_bar.csv,a0c457d1b0664de1033d0da4a6ba782578ab068f4307a0ac5c84c4fe927cfefd,2026-06-01,true
002371,20240328,308.53,309.66,302.5,306.69,49717.06,1523019.806,tushare,LOCAL_USER_PROVIDED,data/research_db/market_data/processed/core12_daily_price_bar.csv,a0c457d1b0664de1033d0da4a6ba782578ab068f4307a0ac5c84c4fe927cfefd,2026-06-01,true
002371,20240329,306.1,311.5,298.93,305.6,48206.57,1473955.196,tushare,LOCAL_USER_PROVIDED,data/research_db/market_data/processed/core12_daily_price_bar.csv,a0c457d1b0664de1033d0da4a6ba782578ab068f4307a0ac5c84c4fe927cfefd,2026-06-01,true
002371,20240401,308.0,315.56,306.5,308.0,49911.94,1547194.708,tushare,LOCAL_USER_PROVIDED,data/research_db/market_data/processed/core12_daily_price_bar.csv,a0c457d1b0664de1033d0da4a6ba782578ab068f4307a0ac5c84c4fe927cfefd,2026-06-01,true
002371,20240402,307.0,308.98,296.0,298.6,66600.94,2004791.424,tushare,LOCAL_USER_PROVIDED,data/research_db/market_data/processed/core12_daily_price_bar.csv,a0c457d1b0664de1033d0da4a6ba782578ab068f4307a0ac5c84c4fe927cfefd,2026-06-01,true
002371,20240403,298.54,302.0,293.01,297.68,43491.43,1293896.224,tushare,LOCAL_USER_PROVIDED,data/research_db/market_data/processed/core12_daily_price_bar.csv,a0c457d1b0664de1033d0da4a6ba782578ab068f4307a0ac5c84c4fe927cfefd,2026-06-01,true
002371,20240408,302.0,306.55,299.1,300.18,46332.72,1402569.188,tushare,LOCAL_USER_PROVIDED,data/research_db/market_data/processed/core12_daily_price_bar.csv,a0c457d1b0664de1033d0da4a6ba782578ab068f4307a0ac5c84c4fe927cfefd,2026-06-01,true
002371,20240409,298.5,301.2,294.02,299.07,28814.81,857590.321,tushare,LOCAL_USER_PROVIDED,data/research_db/market_data/processed/core12_daily_price_bar.csv,a0c457d1b0664de1033d0da4a6ba782578ab068f4307a0ac5c84c4fe927cfefd,2026-06-01,true
002371,20240410,298.16,300.0,288.97,291.28,40755.15,1189437.818,tushare,LOCAL_USER_PROVIDED,data/research_db/market_data/processed/core12_daily_price_bar.csv,a0c457d1b0664de1033d0da4a6ba782578ab068f4307a0ac5c84c4fe927cfefd,2026-06-01,true
002371,20240411,289.11,293.99,288.88,290.77,32276.74,940893.038,tushare,LOCAL_USER_PROVIDED,data/research_db/market_data/processed/core12_daily_price_bar.csv,a0c457d1b0664de1033d0da4a6ba782578ab068f4307a0ac5c84c4fe927cfefd,2026-06-01,true
002371,20240412,289.98,292.8,287.2,290.0,35493.99,1031652.818,tushare,LOCAL_USER_PROVIDED,data/research_db/market_data/processed/core12_daily_price_bar.csv,a0c457d1b0664de1033d0da4a6ba782578ab068f4307a0ac5c84c4fe927cfefd,2026-06-01,true
002371,20240415,302.0,315.0,301.18,313.02,90577.9,2797517.354,tushare,LOCAL_USER_PROVIDED,data/research_db/market_data/processed/core12_daily_price_bar.csv,a0c457d1b0664de1033d0da4a6ba782578ab068f4307a0ac5c84c4fe927cfefd,2026-06-01,true
002371,20240416,310.01,314.0,307.3,309.03,51383.19,1592624.526,tushare,LOCAL_USER_PROVIDED,data/research_db/market_data/processed/core12_daily_price_bar.csv,a0c457d1b0664de1033d0da4a6ba782578ab068f4307a0ac5c84c4fe927cfefd,2026-06-01,true
002371,20240417,309.31,311.47,306.0,310.75,55556.84,1716497.982,tushare,LOCAL_USER_PROVIDED,data/research_db/market_data/processed/core12_daily_price_bar.csv,a0c457d1b0664de1033d0da4a6ba782578ab068f4307a0ac5c84c4fe927cfefd,2026-06-01,true
002371,20240418,308.0,313.8,305.08,305.22,53932.54,1665047.039,tushare,LOCAL_USER_PROVIDED,data/research_db/market_data/processed/core12_daily_price_bar.csv,a0c457d1b0664de1033d0da4a6ba782578ab068f4307a0ac5c84c4fe927cfefd,2026-06-01,true
002371,20240419,304.0,305.52,295.5,298.48,46631.45,1395796.304,tushare,LOCAL_USER_PROVIDED,data/research_db/market_data/processed/core12_daily_price_bar.csv,a0c457d1b0664de1033d0da4a6ba782578ab068f4307a0ac5c84c4fe927cfefd,2026-06-01,true
002371,20240422,293.99,300.26,291.12,297.92,39521.15,1173790.885,tushare,LOCAL_USER_PROVIDED,data/research_db/market_data/processed/core12_daily_price_bar.csv,a0c457d1b0664de1033d0da4a6ba782578ab068f4307a0ac5c84c4fe927cfefd,2026-06-01,true
002371,20240423,298.0,304.5,297.45,302.86,40785.95,1228076.332,tushare,LOCAL_USER_PROVIDED,data/research_db/market_data/processed/core12_daily_price_bar.csv,a0c457d1b0664de1033d0da4a6ba782578ab068f4307a0ac5c84c4fe927cfefd,2026-06-01,true
002371,20240424,304.0,308.8,302.47,305.0,33388.09,1018665.691,tushare,LOCAL_USER_PROVIDED,data/research_db/market_data/processed/core12_daily_price_bar.csv,a0c457d1b0664de1033d0da4a6ba782578ab068f4307a0ac5c84c4fe927cfefd,2026-06-01,true
002371,20240425,303.37,307.48,300.2,306.34,30038.78,915417.174,tushare,LOCAL_USER_PROVIDED,data/research_db/market_data/processed/core12_daily_price_bar.csv,a0c457d1b0664de1033d0da4a6ba782578ab068f4307a0ac5c84c4fe927cfefd,2026-06-01,true
002371,20240426,305.1,314.9,305.1,313.66,50200.29,1562677.808,tushare,LOCAL_USER_PROVIDED,data/research_db/market_data/processed/core12_daily_price_bar.csv,a0c457d1b0664de1033d0da4a6ba782578ab068f4307a0ac5c84c4fe927cfefd,2026-06-01,true
002371,20240429,313.2,324.58,312.18,323.0,61907.77,1981199.647,tushare,LOCAL_USER_PROVIDED,data/research_db/market_data/processed/core12_daily_price_bar.csv,a0c457d1b0664de1033d0da4a6ba782578ab068f4307a0ac5c84c4fe927cfefd,2026-06-01,true
002371,20240430,323.32,323.98,314.11,319.0,60379.05,1920876.248,tushare,LOCAL_USER_PROVIDED,data/research_db/market_data/processed/core12_daily_price_bar.csv,a0c457d1b0664de1033d0da4a6ba782578ab068f4307a0ac5c84c4fe927cfefd,2026-06-01,true
002371,20240506,323.1,325.8,317.6,318.79,41344.89,1325480.34,tushare,LOCAL_USER_PROVIDED,data/research_db/market_data/processed/core12_daily_price_bar.csv,a0c457d1b0664de1033d0da4a6ba782578ab068f4307a0ac5c84c4fe927cfefd,2026-06-01,true
002371,20240507,317.9,320.48,313.0,317.1,38103.06,1206014.844,tushare,LOCAL_USER_PROVIDED,data/research_db/market_data/processed/core12_daily_price_bar.csv,a0c457d1b0664de1033d0da4a6ba782578ab068f4307a0ac5c84c4fe927cfefd,2026-06-01,true
002371,20240508,316.0,318.5,311.45,312.81,30404.18,955497.984,tushare,LOCAL_USER_PROVIDED,data/research_db/market_data/processed/core12_daily_price_bar.csv,a0c457d1b0664de1033d0da4a6ba782578ab068f4307a0ac5c84c4fe927cfefd,2026-06-01,true
002371,20240509,312.8,314.56,310.01,314.03,48471.43,1512970.069,tushare,LOCAL_USER_PROVIDED,data/research_db/market_data/processed/core12_daily_price_bar.csv,a0c457d1b0664de1033d0da4a6ba782578ab068f4307a0ac5c84c4fe927cfefd,2026-06-01,true
002371,20240510,314.19,314.48,286.0,297.95,148179.44,4402967.42,tushare,LOCAL_USER_PROVIDED,data/research_db/market_data/processed/core12_daily_price_bar.csv,a0c457d1b0664de1033d0da4a6ba782578ab068f4307a0ac5c84c4fe927cfefd,2026-06-01,true
002371,20240513,294.0,299.6,289.96,291.6,81472.49,2403062.439,tushare,LOCAL_USER_PROVIDED,data/research_db/market_data/processed/core12_daily_price_bar.csv,a0c457d1b0664de1033d0da4a6ba782578ab068f4307a0ac5c84c4fe927cfefd,2026-06-01,true
002371,20240514,293.9,295.65,283.83,291.3,67540.04,1949274.673,tushare,LOCAL_USER_PROVIDED,data/research_db/market_data/processed/core12_daily_price_bar.csv,a0c457d1b0664de1033d0da4a6ba782578ab068f4307a0ac5c84c4fe927cfefd,2026-06-01,true
002371,20240515,288.0,295.5,287.0,290.05,33199.0,968807.647,tushare,LOCAL_USER_PROVIDED,data/research_db/market_data/processed/core12_daily_price_bar.csv,a0c457d1b0664de1033d0da4a6ba782578ab068f4307a0ac5c84c4fe927cfefd,2026-06-01,true
002371,20240516,292.0,295.0,288.99,291.82,40547.47,1183656.814,tushare,LOCAL_USER_PROVIDED,data/research_db/market_data/processed/core12_daily_price_bar.csv,a0c457d1b0664de1033d0da4a6ba782578ab068f4307a0ac5c84c4fe927cfefd,2026-06-01,true
002371,20240517,291.0,292.44,288.19,291.0,30713.12,891295.343,tushare,LOCAL_USER_PROVIDED,data/research_db/market_data/processed/core12_daily_price_bar.csv,a0c457d1b0664de1033d0da4a6ba782578ab068f4307a0ac5c84c4fe927cfefd,2026-06-01,true
002371,20240520,289.73,293.28,288.44,290.8,34190.02,995289.402,tushare,LOCAL_USER_PROVIDED,data/research_db/market_data/processed/core12_daily_price_bar.csv,a0c457d1b0664de1033d0da4a6ba782578ab068f4307a0ac5c84c4fe927cfefd,2026-06-01,true
002371,20240521,289.85,298.38,289.73,295.8,49898.08,1470767.563,tushare,LOCAL_USER_PROVIDED,data/research_db/market_data/processed/core12_daily_price_bar.csv,a0c457d1b0664de1033d0da4a6ba782578ab068f4307a0ac5c84c4fe927cfefd,2026-06-01,true
002371,20240522,295.96,296.48,290.4,293.16,33352.52,974642.22,tushare,LOCAL_USER_PROVIDED,data/research_db/market_data/processed/core12_daily_price_bar.csv,a0c457d1b0664de1033d0da4a6ba782578ab068f4307a0ac5c84c4fe927cfefd,2026-06-01,true
002371,20240523,293.19,298.68,291.5,293.16,37705.72,1111440.865,tushare,LOCAL_USER_PROVIDED,data/research_db/market_data/processed/core12_daily_price_bar.csv,a0c457d1b0664de1033d0da4a6ba782578ab068f4307a0ac5c84c4fe927cfefd,2026-06-01,true
002371,20240524,291.76,293.45,287.0,287.0,32777.6,949146.394,tushare,LOCAL_USER_PROVIDED,data/research_db/market_data/processed/core12_daily_price_bar.csv,a0c457d1b0664de1033d0da4a6ba782578ab068f4307a0ac5c84c4fe927cfefd,2026-06-01,true
002371,20240527,286.97,304.06,285.58,304.0,77705.7,2307324.823,tushare,LOCAL_USER_PROVIDED,data/research_db/market_data/processed/core12_daily_price_bar.csv,a0c457d1b0664de1033d0da4a6ba782578ab068f4307a0ac5c84c4fe927cfefd,2026-06-01,true
002371,20240528,306.8,313.0,303.52,304.98,71350.05,2199078.297,tushare,LOCAL_USER_PROVIDED,data/research_db/market_data/processed/core12_daily_price_bar.csv,a0c457d1b0664de1033d0da4a6ba782578ab068f4307a0ac5c84c4fe927cfefd,2026-06-01,true
002371,20240529,303.6,305.36,296.43,298.7,41311.53,1238209.693,tushare,LOCAL_USER_PROVIDED,data/research_db/market_data/processed/core12_daily_price_bar.csv,a0c457d1b0664de1033d0da4a6ba782578ab068f4307a0ac5c84c4fe927cfefd,2026-06-01,true
002371,20240530,297.0,302.6,296.01,299.9,35291.3,1058852.829,tushare,LOCAL_USER_PROVIDED,data/research_db/market_data/processed/core12_daily_price_bar.csv,a0c457d1b0664de1033d0da4a6ba782578ab068f4307a0ac5c84c4fe927cfefd,2026-06-01,true
002371,20240531,299.72,299.8,293.35,293.35,42368.22,1252139.962,tushare,LOCAL_USER_PROVIDED,data/research_db/market_data/processed/core12_daily_price_bar.csv,a0c457d1b0664de1033d0da4a6ba782578ab068f4307a0ac5c84c4fe927cfefd,2026-06-01,true
002371,20240603,294.02,312.99,294.0,308.88,83607.31,2563223.049,tushare,LOCAL_USER_PROVIDED,data/research_db/market_data/processed/core12_daily_price_bar.csv,a0c457d1b0664de1033d0da4a6ba782578ab068f4307a0ac5c84c4fe927cfefd,2026-06-01,true
002371,20240604,308.88,314.9,307.0,313.11,45441.0,1414067.159,tushare,LOCAL_USER_PROVIDED,data/research_db/market_data/processed/core12_daily_price_bar.csv,a0c457d1b0664de1033d0da4a6ba782578ab068f4307a0ac5c84c4fe927cfefd,2026-06-01,true
002371,20240605,314.0,318.63,313.11,314.98,44404.16,1404666.907,tushare,LOCAL_USER_PROVIDED,data/research_db/market_data/processed/core12_daily_price_bar.csv,a0c457d1b0664de1033d0da4a6ba782578ab068f4307a0ac5c84c4fe927cfefd,2026-06-01,true
002371,20240606,317.03,326.0,316.5,320.04,80246.02,2581310.656,tushare,LOCAL_USER_PROVIDED,data/research_db/market_data/processed/core12_daily_price_bar.csv,a0c457d1b0664de1033d0da4a6ba782578ab068f4307a0ac5c84c4fe927cfefd,2026-06-01,true
002371,20240607,320.04,327.84,314.07,318.39,68728.65,2195282.488,tushare,LOCAL_USER_PROVIDED,data/research_db/market_data/processed/core12_daily_price_bar.csv,a0c457d1b0664de1033d0da4a6ba782578ab068f4307a0ac5c84c4fe927cfefd,2026-06-01,true
002371,20240611,322.0,330.0,322.0,326.81,77010.44,2517237.819,tushare,LOCAL_USER_PROVIDED,data/research_db/market_data/processed/core12_daily_price_bar.csv,a0c457d1b0664de1033d0da4a6ba782578ab068f4307a0ac5c84c4fe927cfefd,2026-06-01,true
002371,20240612,332.3,332.8,323.0,325.04,58004.41,1893694.218,tushare,LOCAL_USER_PROVIDED,data/research_db/market_data/processed/core12_daily_price_bar.csv,a0c457d1b0664de1033d0da4a6ba782578ab068f4307a0ac5c84c4fe927cfefd,2026-06-01,true
002371,20240613,330.0,335.7,326.18,328.2,64778.51,2140254.37,tushare,LOCAL_USER_PROVIDED,data/research_db/market_data/processed/core12_daily_price_bar.csv,a0c457d1b0664de1033d0da4a6ba782578ab068f4307a0ac5c84c4fe927cfefd,2026-06-01,true
002371,20240614,326.99,332.88,321.02,322.8,82600.65,2691870.542,tushare,LOCAL_USER_PROVIDED,data/research_db/market_data/processed/core12_daily_price_bar.csv,a0c457d1b0664de1033d0da4a6ba782578ab068f4307a0ac5c84c4fe927cfefd,2026-06-01,true
002371,20240617,323.03,337.78,323.03,333.34,72139.85,2398499.682,tushare,LOCAL_USER_PROVIDED,data/research_db/market_data/processed/core12_daily_price_bar.csv,a0c457d1b0664de1033d0da4a6ba782578ab068f4307a0ac5c84c4fe927cfefd,2026-06-01,true
002371,20240618,333.0,337.25,330.46,333.8,40775.09,1359687.716,tushare,LOCAL_USER_PROVIDED,data/research_db/market_data/processed/core12_daily_price_bar.csv,a0c457d1b0664de1033d0da4a6ba782578ab068f4307a0ac5c84c4fe927cfefd,2026-06-01,true
002371,20240619,334.51,336.8,326.0,328.85,50043.05,1647802.72,tushare,LOCAL_USER_PROVIDED,data/research_db/market_data/processed/core12_daily_price_bar.csv,a0c457d1b0664de1033d0da4a6ba782578ab068f4307a0ac5c84c4fe927cfefd,2026-06-01,true
002371,20240620,328.0,337.7,327.23,330.55,55916.4,1864329.586,tushare,LOCAL_USER_PROVIDED,data/research_db/market_data/processed/core12_daily_price_bar.csv,a0c457d1b0664de1033d0da4a6ba782578ab068f4307a0ac5c84c4fe927cfefd,2026-06-01,true
002371,20240621,326.1,331.9,324.75,330.11,39903.4,1309665.881,tushare,LOCAL_USER_PROVIDED,data/research_db/market_data/processed/core12_daily_price_bar.csv,a0c457d1b0664de1033d0da4a6ba782578ab068f4307a0ac5c84c4fe927cfefd,2026-06-01,true
002371,20240624,330.09,334.6,324.5,325.7,37809.03,1241390.307,tushare,LOCAL_USER_PROVIDED,data/research_db/market_data/processed/core12_daily_price_bar.csv,a0c457d1b0664de1033d0da4a6ba782578ab068f4307a0ac5c84c4fe927cfefd,2026-06-01,true
002371,20240625,324.0,325.5,312.6,314.64,54895.59,1741830.927,tushare,LOCAL_USER_PROVIDED,data/research_db/market_data/processed/core12_daily_price_bar.csv,a0c457d1b0664de1033d0da4a6ba782578ab068f4307a0ac5c84c4fe927cfefd,2026-06-01,true
002371,20240626,315.62,322.83,311.33,319.55,47819.05,1511432.259,tushare,LOCAL_USER_PROVIDED,data/research_db/market_data/processed/core12_daily_price_bar.csv,a0c457d1b0664de1033d0da4a6ba782578ab068f4307a0ac5c84c4fe927cfefd,2026-06-01,true
002371,20240627,318.01,323.9,314.43,319.66,46775.58,1496054.21,tushare,LOCAL_USER_PROVIDED,data/research_db/market_data/processed/core12_daily_price_bar.csv,a0c457d1b0664de1033d0da4a6ba782578ab068f4307a0ac5c84c4fe927cfefd,2026-06-01,true
002371,20240628,317.0,322.0,315.61,319.89,39200.17,1252482.767,tushare,LOCAL_USER_PROVIDED,data/research_db/market_data/processed/core12_daily_price_bar.csv,a0c457d1b0664de1033d0da4a6ba782578ab068f4307a0ac5c84c4fe927cfefd,2026-06-01,true
002594,20240102,199.61,199.62,192.37,192.6,113928.32,2212162.4,tushare,LOCAL_USER_PROVIDED,data/research_db/market_data/processed/core12_daily_price_bar.csv,a0c457d1b0664de1033d0da4a6ba782578ab068f4307a0ac5c84c4fe927cfefd,2026-06-01,true
002594,20240103,192.5,193.87,190.7,193.17,84485.96,1624093.056,tushare,LOCAL_USER_PROVIDED,data/research_db/market_data/processed/core12_daily_price_bar.csv,a0c457d1b0664de1033d0da4a6ba782578ab068f4307a0ac5c84c4fe927cfefd,2026-06-01,true
002594,20240104,194.34,194.65,191.1,193.02,89870.36,1731882.12,tushare,LOCAL_USER_PROVIDED,data/research_db/market_data/processed/core12_daily_price_bar.csv,a0c457d1b0664de1033d0da4a6ba782578ab068f4307a0ac5c84c4fe927cfefd,2026-06-01,true
002594,20240105,192.47,197.5,191.13,192.68,112401.88,2187835.615,tushare,LOCAL_USER_PROVIDED,data/research_db/market_data/processed/core12_daily_price_bar.csv,a0c457d1b0664de1033d0da4a6ba782578ab068f4307a0ac5c84c4fe927cfefd,2026-06-01,true
002594,20240108,192.8,193.66,189.15,189.4,81078.39,1543893.919,tushare,LOCAL_USER_PROVIDED,data/research_db/market_data/processed/core12_daily_price_bar.csv,a0c457d1b0664de1033d0da4a6ba782578ab068f4307a0ac5c84c4fe927cfefd,2026-06-01,true
002594,20240109,191.0,196.0,190.2,192.86,112186.51,2167747.852,tushare,LOCAL_USER_PROVIDED,data/research_db/market_data/processed/core12_daily_price_bar.csv,a0c457d1b0664de1033d0da4a6ba782578ab068f4307a0ac5c84c4fe927cfefd,2026-06-01,true
002594,20240110,191.7,193.3,189.6,190.29,71416.23,1364589.162,tushare,LOCAL_USER_PROVIDED,data/research_db/market_data/processed/core12_daily_price_bar.csv,a0c457d1b0664de1033d0da4a6ba782578ab068f4307a0ac5c84c4fe927cfefd,2026-06-01,true
002594,20240111,190.2,198.7,188.81,196.78,159861.74,3120354.836,tushare,LOCAL_USER_PROVIDED,data/research_db/market_data/processed/core12_daily_price_bar.csv,a0c457d1b0664de1033d0da4a6ba782578ab068f4307a0ac5c84c4fe927cfefd,2026-06-01,true
002594,20240112,196.78,198.25,195.29,195.87,87022.64,1711086.656,tushare,LOCAL_USER_PROVIDED,data/research_db/market_data/processed/core12_daily_price_bar.csv,a0c457d1b0664de1033d0da4a6ba782578ab068f4307a0ac5c84c4fe927cfefd,2026-06-01,true
002594,20240115,194.72,197.0,192.42,194.61,70219.93,1364639.692,tushare,LOCAL_USER_PROVIDED,data/research_db/market_data/processed/core12_daily_price_bar.csv,a0c457d1b0664de1033d0da4a6ba782578ab068f4307a0ac5c84c4fe927cfefd,2026-06-01,true
002594,20240116,193.9,196.55,193.07,195.3,83808.6,1633959.523,tushare,LOCAL_USER_PROVIDED,data/research_db/market_data/processed/core12_daily_price_bar.csv,a0c457d1b0664de1033d0da4a6ba782578ab068f4307a0ac5c84c4fe927cfefd,2026-06-01,true
002594,20240117,194.2,194.55,186.8,186.8,160794.71,3050944.39,tushare,LOCAL_USER_PROVIDED,data/research_db/market_data/processed/core12_daily_price_bar.csv,a0c457d1b0664de1033d0da4a6ba782578ab068f4307a0ac5c84c4fe927cfefd,2026-06-01,true
002594,20240118,185.65,191.0,184.91,190.48,114591.65,2150839.668,tushare,LOCAL_USER_PROVIDED,data/research_db/market_data/processed/core12_daily_price_bar.csv,a0c457d1b0664de1033d0da4a6ba782578ab068f4307a0ac5c84c4fe927cfefd,2026-06-01,true
002594,20240119,189.49,192.96,188.7,189.34,80905.16,1540978.199,tushare,LOCAL_USER_PROVIDED,data/research_db/market_data/processed/core12_daily_price_bar.csv,a0c457d1b0664de1033d0da4a6ba782578ab068f4307a0ac5c84c4fe927cfefd,2026-06-01,true
002594,20240122,188.87,191.3,184.56,185.34,132239.73,2487370.789,tushare,LOCAL_USER_PROVIDED,data/research_db/market_data/processed/core12_daily_price_bar.csv,a0c457d1b0664de1033d0da4a6ba782578ab068f4307a0ac5c84c4fe927cfefd,2026-06-01,true
002594,20240123,185.0,188.96,184.3,187.85,110725.62,2072060.504,tushare,LOCAL_USER_PROVIDED,data/research_db/market_data/processed/core12_daily_price_bar.csv,a0c457d1b0664de1033d0da4a6ba782578ab068f4307a0ac5c84c4fe927cfefd,2026-06-01,true
002594,20240124,189.28,189.85,184.08,188.7,96641.21,1805379.382,tushare,LOCAL_USER_PROVIDED,data/research_db/market_data/processed/core12_daily_price_bar.csv,a0c457d1b0664de1033d0da4a6ba782578ab068f4307a0ac5c84c4fe927cfefd,2026-06-01,true
002594,20240125,188.88,190.9,185.66,189.9,130769.08,2470818.453,tushare,LOCAL_USER_PROVIDED,data/research_db/market_data/processed/core12_daily_price_bar.csv,a0c457d1b0664de1033d0da4a6ba782578ab068f4307a0ac5c84c4fe927cfefd,2026-06-01,true
002594,20240126,189.0,189.0,185.5,185.86,115854.64,2160578.276,tushare,LOCAL_USER_PROVIDED,data/research_db/market_data/processed/core12_daily_price_bar.csv,a0c457d1b0664de1033d0da4a6ba782578ab068f4307a0ac5c84c4fe927cfefd,2026-06-01,true
002594,20240129,185.9,186.0,178.31,178.44,146042.52,2647388.166,tushare,LOCAL_USER_PROVIDED,data/research_db/market_data/processed/core12_daily_price_bar.csv,a0c457d1b0664de1033d0da4a6ba782578ab068f4307a0ac5c84c4fe927cfefd,2026-06-01,true
002594,20240130,173.08,175.48,170.3,171.97,190761.18,3296016.841,tushare,LOCAL_USER_PROVIDED,data/research_db/market_data/processed/core12_daily_price_bar.csv,a0c457d1b0664de1033d0da4a6ba782578ab068f4307a0ac5c84c4fe927cfefd,2026-06-01,true
002594,20240131,171.09,175.28,170.32,170.73,125368.41,2155163.736,tushare,LOCAL_USER_PROVIDED,data/research_db/market_data/processed/core12_daily_price_bar.csv,a0c457d1b0664de1033d0da4a6ba782578ab068f4307a0ac5c84c4fe927cfefd,2026-06-01,true
002594,20240201,170.0,173.0,168.36,170.89,116650.74,1996429.637,tushare,LOCAL_USER_PROVIDED,data/research_db/market_data/processed/core12_daily_price_bar.csv,a0c457d1b0664de1033d0da4a6ba782578ab068f4307a0ac5c84c4fe927cfefd,2026-06-01,true
002594,20240202,170.96,171.88,163.01,167.0,147991.71,2485326.236,tushare,LOCAL_USER_PROVIDED,data/research_db/market_data/processed/core12_daily_price_bar.csv,a0c457d1b0664de1033d0da4a6ba782578ab068f4307a0ac5c84c4fe927cfefd,2026-06-01,true
002594,20240205,165.0,171.78,162.77,168.0,186216.2,3122618.403,tushare,LOCAL_USER_PROVIDED,data/research_db/market_data/processed/core12_daily_price_bar.csv,a0c457d1b0664de1033d0da4a6ba782578ab068f4307a0ac5c84c4fe927cfefd,2026-06-01,true
002594,20240206,166.0,176.11,165.5,175.87,176189.75,3054635.573,tushare,LOCAL_USER_PROVIDED,data/research_db/market_data/processed/core12_daily_price_bar.csv,a0c457d1b0664de1033d0da4a6ba782578ab068f4307a0ac5c84c4fe927cfefd,2026-06-01,true
002594,20240207,177.25,183.0,176.1,179.56,160093.7,2880398.922,tushare,LOCAL_USER_PROVIDED,data/research_db/market_data/processed/core12_daily_price_bar.csv,a0c457d1b0664de1033d0da4a6ba782578ab068f4307a0ac5c84c4fe927cfefd,2026-06-01,true
002594,20240208,181.49,183.35,180.7,181.17,119245.66,2168509.15,tushare,LOCAL_USER_PROVIDED,data/research_db/market_data/processed/core12_daily_price_bar.csv,a0c457d1b0664de1033d0da4a6ba782578ab068f4307a0ac5c84c4fe927cfefd,2026-06-01,true
002594,20240219,183.88,185.35,181.84,183.5,119687.07,2192419.553,tushare,LOCAL_USER_PROVIDED,data/research_db/market_data/processed/core12_daily_price_bar.csv,a0c457d1b0664de1033d0da4a6ba782578ab068f4307a0ac5c84c4fe927cfefd,2026-06-01,true
002594,20240220,183.5,183.68,177.0,179.02,113357.36,2023820.072,tushare,LOCAL_USER_PROVIDED,data/research_db/market_data/processed/core12_daily_price_bar.csv,a0c457d1b0664de1033d0da4a6ba782578ab068f4307a0ac5c84c4fe927cfefd,2026-06-01,true
002594,20240221,177.1,185.6,176.66,183.0,147692.98,2700340.931,tushare,LOCAL_USER_PROVIDED,data/research_db/market_data/processed/core12_daily_price_bar.csv,a0c457d1b0664de1033d0da4a6ba782578ab068f4307a0ac5c84c4fe927cfefd,2026-06-01,true
002594,20240222,182.9,183.64,181.26,182.99,80906.13,1476863.326,tushare,LOCAL_USER_PROVIDED,data/research_db/market_data/processed/core12_daily_price_bar.csv,a0c457d1b0664de1033d0da4a6ba782578ab068f4307a0ac5c84c4fe927cfefd,2026-06-01,true
002594,20240223,182.99,183.99,180.83,182.68,91174.9,1660682.308,tushare,LOCAL_USER_PROVIDED,data/research_db/market_data/processed/core12_daily_price_bar.csv,a0c457d1b0664de1033d0da4a6ba782578ab068f4307a0ac5c84c4fe927cfefd,2026-06-01,true
002594,20240226,186.0,190.13,185.55,186.0,155460.76,2912982.36,tushare,LOCAL_USER_PROVIDED,data/research_db/market_data/processed/core12_daily_price_bar.csv,a0c457d1b0664de1033d0da4a6ba782578ab068f4307a0ac5c84c4fe927cfefd,2026-06-01,true
002594,20240227,187.45,193.93,187.2,193.7,206342.65,3958101.887,tushare,LOCAL_USER_PROVIDED,data/research_db/market_data/processed/core12_daily_price_bar.csv,a0c457d1b0664de1033d0da4a6ba782578ab068f4307a0ac5c84c4fe927cfefd,2026-06-01,true
002594,20240228,196.0,196.52,188.0,188.0,168291.53,3223632.043,tushare,LOCAL_USER_PROVIDED,data/research_db/market_data/processed/core12_daily_price_bar.csv,a0c457d1b0664de1033d0da4a6ba782578ab068f4307a0ac5c84c4fe927cfefd,2026-06-01,true
002594,20240229,187.01,191.61,186.19,191.2,122362.89,2323915.657,tushare,LOCAL_USER_PROVIDED,data/research_db/market_data/processed/core12_daily_price_bar.csv,a0c457d1b0664de1033d0da4a6ba782578ab068f4307a0ac5c84c4fe927cfefd,2026-06-01,true
002594,20240301,190.9,192.98,188.77,192.18,122158.28,2336111.334,tushare,LOCAL_USER_PROVIDED,data/research_db/market_data/processed/core12_daily_price_bar.csv,a0c457d1b0664de1033d0da4a6ba782578ab068f4307a0ac5c84c4fe927cfefd,2026-06-01,true
002594,20240304,190.0,191.7,188.1,189.27,126865.1,2401200.046,tushare,LOCAL_USER_PROVIDED,data/research_db/market_data/processed/core12_daily_price_bar.csv,a0c457d1b0664de1033d0da4a6ba782578ab068f4307a0ac5c84c4fe927cfefd,2026-06-01,true
002594,20240305,187.5,191.65,185.5,190.82,149624.43,2826124.074,tushare,LOCAL_USER_PROVIDED,data/research_db/market_data/processed/core12_daily_price_bar.csv,a0c457d1b0664de1033d0da4a6ba782578ab068f4307a0ac5c84c4fe927cfefd,2026-06-01,true
002594,20240306,190.0,192.98,189.0,191.65,100100.4,1914828.109,tushare,LOCAL_USER_PROVIDED,data/research_db/market_data/processed/core12_daily_price_bar.csv,a0c457d1b0664de1033d0da4a6ba782578ab068f4307a0ac5c84c4fe927cfefd,2026-06-01,true
002594,20240307,192.06,193.96,188.8,188.89,101326.88,1935953.172,tushare,LOCAL_USER_PROVIDED,data/research_db/market_data/processed/core12_daily_price_bar.csv,a0c457d1b0664de1033d0da4a6ba782578ab068f4307a0ac5c84c4fe927cfefd,2026-06-01,true
002594,20240308,188.3,190.15,187.25,188.09,67149.68,1263993.368,tushare,LOCAL_USER_PROVIDED,data/research_db/market_data/processed/core12_daily_price_bar.csv,a0c457d1b0664de1033d0da4a6ba782578ab068f4307a0ac5c84c4fe927cfefd,2026-06-01,true
002594,20240311,188.0,199.9,188.0,198.74,278080.46,5440726.383,tushare,LOCAL_USER_PROVIDED,data/research_db/market_data/processed/core12_daily_price_bar.csv,a0c457d1b0664de1033d0da4a6ba782578ab068f4307a0ac5c84c4fe927cfefd,2026-06-01,true
002594,20240312,201.0,206.66,197.77,205.1,245028.92,4958824.423,tushare,LOCAL_USER_PROVIDED,data/research_db/market_data/processed/core12_daily_price_bar.csv,a0c457d1b0664de1033d0da4a6ba782578ab068f4307a0ac5c84c4fe927cfefd,2026-06-01,true
002594,20240313,206.92,210.4,205.83,206.36,177812.91,3691839.469,tushare,LOCAL_USER_PROVIDED,data/research_db/market_data/processed/core12_daily_price_bar.csv,a0c457d1b0664de1033d0da4a6ba782578ab068f4307a0ac5c84c4fe927cfefd,2026-06-01,true
002594,20240314,208.42,215.36,208.42,212.08,211352.19,4497086.17,tushare,LOCAL_USER_PROVIDED,data/research_db/market_data/processed/core12_daily_price_bar.csv,a0c457d1b0664de1033d0da4a6ba782578ab068f4307a0ac5c84c4fe927cfefd,2026-06-01,true
002594,20240315,210.0,211.38,206.18,209.47,146628.02,3057950.744,tushare,LOCAL_USER_PROVIDED,data/research_db/market_data/processed/core12_daily_price_bar.csv,a0c457d1b0664de1033d0da4a6ba782578ab068f4307a0ac5c84c4fe927cfefd,2026-06-01,true
002594,20240318,211.85,218.25,211.61,218.03,196981.82,4250885.884,tushare,LOCAL_USER_PROVIDED,data/research_db/market_data/processed/core12_daily_price_bar.csv,a0c457d1b0664de1033d0da4a6ba782578ab068f4307a0ac5c84c4fe927cfefd,2026-06-01,true
002594,20240319,218.03,219.85,214.39,216.8,146972.68,3194716.173,tushare,LOCAL_USER_PROVIDED,data/research_db/market_data/processed/core12_daily_price_bar.csv,a0c457d1b0664de1033d0da4a6ba782578ab068f4307a0ac5c84c4fe927cfefd,2026-06-01,true
002594,20240320,217.01,220.78,217.01,218.48,96805.23,2118610.339,tushare,LOCAL_USER_PROVIDED,data/research_db/market_data/processed/core12_daily_price_bar.csv,a0c457d1b0664de1033d0da4a6ba782578ab068f4307a0ac5c84c4fe927cfefd,2026-06-01,true
002594,20240321,218.92,219.8,217.0,218.95,88667.09,1938901.108,tushare,LOCAL_USER_PROVIDED,data/research_db/market_data/processed/core12_daily_price_bar.csv,a0c457d1b0664de1033d0da4a6ba782578ab068f4307a0ac5c84c4fe927cfefd,2026-06-01,true
002594,20240322,218.95,218.97,215.2,216.95,104671.61,2266796.544,tushare,LOCAL_USER_PROVIDED,data/research_db/market_data/processed/core12_daily_price_bar.csv,a0c457d1b0664de1033d0da4a6ba782578ab068f4307a0ac5c84c4fe927cfefd,2026-06-01,true
002594,20240325,216.37,217.79,212.85,214.2,99109.4,2133902.462,tushare,LOCAL_USER_PROVIDED,data/research_db/market_data/processed/core12_daily_price_bar.csv,a0c457d1b0664de1033d0da4a6ba782578ab068f4307a0ac5c84c4fe927cfefd,2026-06-01,true
002594,20240326,216.0,219.99,215.27,219.6,131346.27,2864082.717,tushare,LOCAL_USER_PROVIDED,data/research_db/market_data/processed/core12_daily_price_bar.csv,a0c457d1b0664de1033d0da4a6ba782578ab068f4307a0ac5c84c4fe927cfefd,2026-06-01,true
002594,20240327,219.61,219.7,210.01,211.98,188848.98,4058093.22,tushare,LOCAL_USER_PROVIDED,data/research_db/market_data/processed/core12_daily_price_bar.csv,a0c457d1b0664de1033d0da4a6ba782578ab068f4307a0ac5c84c4fe927cfefd,2026-06-01,true
002594,20240328,209.85,211.84,206.01,208.38,159435.31,3327175.192,tushare,LOCAL_USER_PROVIDED,data/research_db/market_data/processed/core12_daily_price_bar.csv,a0c457d1b0664de1033d0da4a6ba782578ab068f4307a0ac5c84c4fe927cfefd,2026-06-01,true
002594,20240329,208.43,208.52,201.17,203.06,141381.08,2873380.486,tushare,LOCAL_USER_PROVIDED,data/research_db/market_data/processed/core12_daily_price_bar.csv,a0c457d1b0664de1033d0da4a6ba782578ab068f4307a0ac5c84c4fe927cfefd,2026-06-01,true
002594,20240401,203.06,212.98,203.06,212.01,142909.27,2995671.851,tushare,LOCAL_USER_PROVIDED,data/research_db/market_data/processed/core12_daily_price_bar.csv,a0c457d1b0664de1033d0da4a6ba782578ab068f4307a0ac5c84c4fe927cfefd,2026-06-01,true
002594,20240402,212.01,217.3,211.8,212.34,107584.79,2301699.126,tushare,LOCAL_USER_PROVIDED,data/research_db/market_data/processed/core12_daily_price_bar.csv,a0c457d1b0664de1033d0da4a6ba782578ab068f4307a0ac5c84c4fe927cfefd,2026-06-01,true
002594,20240403,210.5,211.11,207.55,208.16,83633.79,1747159.207,tushare,LOCAL_USER_PROVIDED,data/research_db/market_data/processed/core12_daily_price_bar.csv,a0c457d1b0664de1033d0da4a6ba782578ab068f4307a0ac5c84c4fe927cfefd,2026-06-01,true
002594,20240408,207.0,215.0,206.39,212.0,128227.18,2722271.578,tushare,LOCAL_USER_PROVIDED,data/research_db/market_data/processed/core12_daily_price_bar.csv,a0c457d1b0664de1033d0da4a6ba782578ab068f4307a0ac5c84c4fe927cfefd,2026-06-01,true
002594,20240409,211.75,214.99,211.35,212.08,84208.46,1791256.313,tushare,LOCAL_USER_PROVIDED,data/research_db/market_data/processed/core12_daily_price_bar.csv,a0c457d1b0664de1033d0da4a6ba782578ab068f4307a0ac5c84c4fe927cfefd,2026-06-01,true
002594,20240410,214.3,214.5,210.0,211.84,72410.85,1537375.543,tushare,LOCAL_USER_PROVIDED,data/research_db/market_data/processed/core12_daily_price_bar.csv,a0c457d1b0664de1033d0da4a6ba782578ab068f4307a0ac5c84c4fe927cfefd,2026-06-01,true
002594,20240411,209.0,215.44,207.8,212.98,100853.95,2130444.828,tushare,LOCAL_USER_PROVIDED,data/research_db/market_data/processed/core12_daily_price_bar.csv,a0c457d1b0664de1033d0da4a6ba782578ab068f4307a0ac5c84c4fe927cfefd,2026-06-01,true
002594,20240412,212.0,217.19,209.54,210.6,114917.89,2453371.047,tushare,LOCAL_USER_PROVIDED,data/research_db/market_data/processed/core12_daily_price_bar.csv,a0c457d1b0664de1033d0da4a6ba782578ab068f4307a0ac5c84c4fe927cfefd,2026-06-01,true
002594,20240415,210.0,215.5,209.09,213.62,113331.92,2418635.357,tushare,LOCAL_USER_PROVIDED,data/research_db/market_data/processed/core12_daily_price_bar.csv,a0c457d1b0664de1033d0da4a6ba782578ab068f4307a0ac5c84c4fe927cfefd,2026-06-01,true
002594,20240416,212.4,215.35,210.71,211.63,98323.04,2090984.65,tushare,LOCAL_USER_PROVIDED,data/research_db/market_data/processed/core12_daily_price_bar.csv,a0c457d1b0664de1033d0da4a6ba782578ab068f4307a0ac5c84c4fe927cfefd,2026-06-01,true
002594,20240417,211.0,213.18,209.6,213.0,96921.62,2046775.945,tushare,LOCAL_USER_PROVIDED,data/research_db/market_data/processed/core12_daily_price_bar.csv,a0c457d1b0664de1033d0da4a6ba782578ab068f4307a0ac5c84c4fe927cfefd,2026-06-01,true
002594,20240418,212.0,216.5,209.4,213.6,133997.56,2863779.538,tushare,LOCAL_USER_PROVIDED,data/research_db/market_data/processed/core12_daily_price_bar.csv,a0c457d1b0664de1033d0da4a6ba782578ab068f4307a0ac5c84c4fe927cfefd,2026-06-01,true
002594,20240419,212.19,212.87,207.06,210.13,111770.43,2342512.356,tushare,LOCAL_USER_PROVIDED,data/research_db/market_data/processed/core12_daily_price_bar.csv,a0c457d1b0664de1033d0da4a6ba782578ab068f4307a0ac5c84c4fe927cfefd,2026-06-01,true
002594,20240422,210.0,211.53,208.1,208.56,64694.78,1353615.963,tushare,LOCAL_USER_PROVIDED,data/research_db/market_data/processed/core12_daily_price_bar.csv,a0c457d1b0664de1033d0da4a6ba782578ab068f4307a0ac5c84c4fe927cfefd,2026-06-01,true
002594,20240423,208.55,208.56,203.99,205.04,87299.94,1793533.843,tushare,LOCAL_USER_PROVIDED,data/research_db/market_data/processed/core12_daily_price_bar.csv,a0c457d1b0664de1033d0da4a6ba782578ab068f4307a0ac5c84c4fe927cfefd,2026-06-01,true
002594,20240424,206.89,208.8,204.5,207.42,74978.92,1546983.916,tushare,LOCAL_USER_PROVIDED,data/research_db/market_data/processed/core12_daily_price_bar.csv,a0c457d1b0664de1033d0da4a6ba782578ab068f4307a0ac5c84c4fe927cfefd,2026-06-01,true
002594,20240425,207.4,211.51,206.62,208.94,94683.84,1980120.669,tushare,LOCAL_USER_PROVIDED,data/research_db/market_data/processed/core12_daily_price_bar.csv,a0c457d1b0664de1033d0da4a6ba782578ab068f4307a0ac5c84c4fe927cfefd,2026-06-01,true
002594,20240426,210.0,219.76,210.0,219.37,253453.78,5502292.294,tushare,LOCAL_USER_PROVIDED,data/research_db/market_data/processed/core12_daily_price_bar.csv,a0c457d1b0664de1033d0da4a6ba782578ab068f4307a0ac5c84c4fe927cfefd,2026-06-01,true
002594,20240429,221.08,225.4,218.73,221.38,191675.93,4256800.048,tushare,LOCAL_USER_PROVIDED,data/research_db/market_data/processed/core12_daily_price_bar.csv,a0c457d1b0664de1033d0da4a6ba782578ab068f4307a0ac5c84c4fe927cfefd,2026-06-01,true
002594,20240430,223.5,224.38,218.5,218.5,115559.66,2542063.035,tushare,LOCAL_USER_PROVIDED,data/research_db/market_data/processed/core12_daily_price_bar.csv,a0c457d1b0664de1033d0da4a6ba782578ab068f4307a0ac5c84c4fe927cfefd,2026-06-01,true
002594,20240506,225.0,228.39,223.5,226.3,186778.87,4226418.539,tushare,LOCAL_USER_PROVIDED,data/research_db/market_data/processed/core12_daily_price_bar.csv,a0c457d1b0664de1033d0da4a6ba782578ab068f4307a0ac5c84c4fe927cfefd,2026-06-01,true
002594,20240507,226.3,231.99,224.04,229.88,144190.48,3301364.34,tushare,LOCAL_USER_PROVIDED,data/research_db/market_data/processed/core12_daily_price_bar.csv,a0c457d1b0664de1033d0da4a6ba782578ab068f4307a0ac5c84c4fe927cfefd,2026-06-01,true
002594,20240508,228.54,228.88,226.0,226.23,91131.78,2070673.827,tushare,LOCAL_USER_PROVIDED,data/research_db/market_data/processed/core12_daily_price_bar.csv,a0c457d1b0664de1033d0da4a6ba782578ab068f4307a0ac5c84c4fe927cfefd,2026-06-01,true
002594,20240509,226.3,228.4,226.15,228.15,79007.35,1796491.173,tushare,LOCAL_USER_PROVIDED,data/research_db/market_data/processed/core12_daily_price_bar.csv,a0c457d1b0664de1033d0da4a6ba782578ab068f4307a0ac5c84c4fe927cfefd,2026-06-01,true
002594,20240510,227.0,229.52,226.0,227.8,80613.3,1833828.036,tushare,LOCAL_USER_PROVIDED,data/research_db/market_data/processed/core12_daily_price_bar.csv,a0c457d1b0664de1033d0da4a6ba782578ab068f4307a0ac5c84c4fe927cfefd,2026-06-01,true
002594,20240513,225.2,227.36,222.58,225.7,82481.16,1857506.899,tushare,LOCAL_USER_PROVIDED,data/research_db/market_data/processed/core12_daily_price_bar.csv,a0c457d1b0664de1033d0da4a6ba782578ab068f4307a0ac5c84c4fe927cfefd,2026-06-01,true
002594,20240514,225.71,227.57,224.11,224.91,62618.53,1414943.425,tushare,LOCAL_USER_PROVIDED,data/research_db/market_data/processed/core12_daily_price_bar.csv,a0c457d1b0664de1033d0da4a6ba782578ab068f4307a0ac5c84c4fe927cfefd,2026-06-01,true
002594,20240515,224.5,226.0,218.3,219.14,99733.51,2204936.673,tushare,LOCAL_USER_PROVIDED,data/research_db/market_data/processed/core12_daily_price_bar.csv,a0c457d1b0664de1033d0da4a6ba782578ab068f4307a0ac5c84c4fe927cfefd,2026-06-01,true
002594,20240516,219.15,219.96,216.61,218.31,87157.22,1901165.662,tushare,LOCAL_USER_PROVIDED,data/research_db/market_data/processed/core12_daily_price_bar.csv,a0c457d1b0664de1033d0da4a6ba782578ab068f4307a0ac5c84c4fe927cfefd,2026-06-01,true
002594,20240517,219.39,220.33,217.66,219.59,71486.66,1564639.158,tushare,LOCAL_USER_PROVIDED,data/research_db/market_data/processed/core12_daily_price_bar.csv,a0c457d1b0664de1033d0da4a6ba782578ab068f4307a0ac5c84c4fe927cfefd,2026-06-01,true
002594,20240520,218.48,224.0,218.48,222.87,75958.57,1688534.368,tushare,LOCAL_USER_PROVIDED,data/research_db/market_data/processed/core12_daily_price_bar.csv,a0c457d1b0664de1033d0da4a6ba782578ab068f4307a0ac5c84c4fe927cfefd,2026-06-01,true
002594,20240521,221.98,221.99,217.42,218.78,84080.43,1838619.341,tushare,LOCAL_USER_PROVIDED,data/research_db/market_data/processed/core12_daily_price_bar.csv,a0c457d1b0664de1033d0da4a6ba782578ab068f4307a0ac5c84c4fe927cfefd,2026-06-01,true
002594,20240522,218.19,219.5,215.16,216.92,88398.17,1916325.81,tushare,LOCAL_USER_PROVIDED,data/research_db/market_data/processed/core12_daily_price_bar.csv,a0c457d1b0664de1033d0da4a6ba782578ab068f4307a0ac5c84c4fe927cfefd,2026-06-01,true
002594,20240523,215.85,215.85,213.51,214.95,62287.23,1336506.237,tushare,LOCAL_USER_PROVIDED,data/research_db/market_data/processed/core12_daily_price_bar.csv,a0c457d1b0664de1033d0da4a6ba782578ab068f4307a0ac5c84c4fe927cfefd,2026-06-01,true
002594,20240524,213.98,214.0,208.8,209.3,102875.52,2166851.356,tushare,LOCAL_USER_PROVIDED,data/research_db/market_data/processed/core12_daily_price_bar.csv,a0c457d1b0664de1033d0da4a6ba782578ab068f4307a0ac5c84c4fe927cfefd,2026-06-01,true
002594,20240527,210.0,210.8,206.6,208.35,76045.51,1580461.907,tushare,LOCAL_USER_PROVIDED,data/research_db/market_data/processed/core12_daily_price_bar.csv,a0c457d1b0664de1033d0da4a6ba782578ab068f4307a0ac5c84c4fe927cfefd,2026-06-01,true
002594,20240528,208.8,208.91,206.58,207.38,60946.46,1265112.511,tushare,LOCAL_USER_PROVIDED,data/research_db/market_data/processed/core12_daily_price_bar.csv,a0c457d1b0664de1033d0da4a6ba782578ab068f4307a0ac5c84c4fe927cfefd,2026-06-01,true
002594,20240529,211.0,226.0,210.99,224.7,302647.77,6633165.251,tushare,LOCAL_USER_PROVIDED,data/research_db/market_data/processed/core12_daily_price_bar.csv,a0c457d1b0664de1033d0da4a6ba782578ab068f4307a0ac5c84c4fe927cfefd,2026-06-01,true
002594,20240530,224.42,229.38,223.9,227.86,223791.81,5070762.671,tushare,LOCAL_USER_PROVIDED,data/research_db/market_data/processed/core12_daily_price_bar.csv,a0c457d1b0664de1033d0da4a6ba782578ab068f4307a0ac5c84c4fe927cfefd,2026-06-01,true
002594,20240531,228.8,231.6,226.99,229.02,185429.84,4264400.522,tushare,LOCAL_USER_PROVIDED,data/research_db/market_data/processed/core12_daily_price_bar.csv,a0c457d1b0664de1033d0da4a6ba782578ab068f4307a0ac5c84c4fe927cfefd,2026-06-01,true
002594,20240603,229.01,240.48,225.99,237.1,270145.89,6370453.739,tushare,LOCAL_USER_PROVIDED,data/research_db/market_data/processed/core12_daily_price_bar.csv,a0c457d1b0664de1033d0da4a6ba782578ab068f4307a0ac5c84c4fe927cfefd,2026-06-01,true
002594,20240604,236.9,239.8,235.95,238.15,157429.16,3744672.01,tushare,LOCAL_USER_PROVIDED,data/research_db/market_data/processed/core12_daily_price_bar.csv,a0c457d1b0664de1033d0da4a6ba782578ab068f4307a0ac5c84c4fe927cfefd,2026-06-01,true
002594,20240605,238.48,246.3,238.48,240.79,194433.95,4732184.009,tushare,LOCAL_USER_PROVIDED,data/research_db/market_data/processed/core12_daily_price_bar.csv,a0c457d1b0664de1033d0da4a6ba782578ab068f4307a0ac5c84c4fe927cfefd,2026-06-01,true
002594,20240606,241.2,243.8,237.5,238.5,175865.42,4227834.836,tushare,LOCAL_USER_PROVIDED,data/research_db/market_data/processed/core12_daily_price_bar.csv,a0c457d1b0664de1033d0da4a6ba782578ab068f4307a0ac5c84c4fe927cfefd,2026-06-01,true
002594,20240607,239.03,241.39,232.13,235.5,182593.98,4304211.409,tushare,LOCAL_USER_PROVIDED,data/research_db/market_data/processed/core12_daily_price_bar.csv,a0c457d1b0664de1033d0da4a6ba782578ab068f4307a0ac5c84c4fe927cfefd,2026-06-01,true
002594,20240611,234.63,246.0,234.33,244.63,221596.93,5386278.076,tushare,LOCAL_USER_PROVIDED,data/research_db/market_data/processed/core12_daily_price_bar.csv,a0c457d1b0664de1033d0da4a6ba782578ab068f4307a0ac5c84c4fe927cfefd,2026-06-01,true
002594,20240612,241.63,247.55,241.63,242.9,187331.97,4573251.957,tushare,LOCAL_USER_PROVIDED,data/research_db/market_data/processed/core12_daily_price_bar.csv,a0c457d1b0664de1033d0da4a6ba782578ab068f4307a0ac5c84c4fe927cfefd,2026-06-01,true
002594,20240613,248.8,258.28,248.11,252.99,292519.28,7423395.27,tushare,LOCAL_USER_PROVIDED,data/research_db/market_data/processed/core12_daily_price_bar.csv,a0c457d1b0664de1033d0da4a6ba782578ab068f4307a0ac5c84c4fe927cfefd,2026-06-01,true
002594,20240614,251.48,253.93,246.53,253.05,202609.76,5066109.117,tushare,LOCAL_USER_PROVIDED,data/research_db/market_data/processed/core12_daily_price_bar.csv,a0c457d1b0664de1033d0da4a6ba782578ab068f4307a0ac5c84c4fe927cfefd,2026-06-01,true
002594,20240617,252.0,259.87,250.87,257.21,208648.8,5371512.6,tushare,LOCAL_USER_PROVIDED,data/research_db/market_data/processed/core12_daily_price_bar.csv,a0c457d1b0664de1033d0da4a6ba782578ab068f4307a0ac5c84c4fe927cfefd,2026-06-01,true
002594,20240618,255.6,257.3,253.0,255.64,128789.11,3282495.367,tushare,LOCAL_USER_PROVIDED,data/research_db/market_data/processed/core12_daily_price_bar.csv,a0c457d1b0664de1033d0da4a6ba782578ab068f4307a0ac5c84c4fe927cfefd,2026-06-01,true
002594,20240619,256.0,258.0,253.41,254.0,99108.11,2529117.364,tushare,LOCAL_USER_PROVIDED,data/research_db/market_data/processed/core12_daily_price_bar.csv,a0c457d1b0664de1033d0da4a6ba782578ab068f4307a0ac5c84c4fe927cfefd,2026-06-01,true
002594,20240620,252.88,253.77,249.3,251.5,116199.94,2921098.948,tushare,LOCAL_USER_PROVIDED,data/research_db/market_data/processed/core12_daily_price_bar.csv,a0c457d1b0664de1033d0da4a6ba782578ab068f4307a0ac5c84c4fe927cfefd,2026-06-01,true
002594,20240621,251.99,254.37,247.81,250.67,116330.12,2916085.594,tushare,LOCAL_USER_PROVIDED,data/research_db/market_data/processed/core12_daily_price_bar.csv,a0c457d1b0664de1033d0da4a6ba782578ab068f4307a0ac5c84c4fe927cfefd,2026-06-01,true
002594,20240624,250.0,253.98,247.78,249.94,108423.02,2719528.81,tushare,LOCAL_USER_PROVIDED,data/research_db/market_data/processed/core12_daily_price_bar.csv,a0c457d1b0664de1033d0da4a6ba782578ab068f4307a0ac5c84c4fe927cfefd,2026-06-01,true
002594,20240625,252.0,258.74,250.36,254.01,195746.43,4998561.939,tushare,LOCAL_USER_PROVIDED,data/research_db/market_data/processed/core12_daily_price_bar.csv,a0c457d1b0664de1033d0da4a6ba782578ab068f4307a0ac5c84c4fe927cfefd,2026-06-01,true
002594,20240626,252.0,254.3,249.38,252.72,111916.76,2814435.214,tushare,LOCAL_USER_PROVIDED,data/research_db/market_data/processed/core12_daily_price_bar.csv,a0c457d1b0664de1033d0da4a6ba782578ab068f4307a0ac5c84c4fe927cfefd,2026-06-01,true
002594,20240627,251.02,252.36,248.42,249.5,82910.84,2074271.452,tushare,LOCAL_USER_PROVIDED,data/research_db/market_data/processed/core12_daily_price_bar.csv,a0c457d1b0664de1033d0da4a6ba782578ab068f4307a0ac5c84c4fe927cfefd,2026-06-01,true
002594,20240628,248.0,252.13,246.88,250.25,92982.07,2324520.984,tushare,LOCAL_USER_PROVIDED,data/research_db/market_data/processed/core12_daily_price_bar.csv,a0c457d1b0664de1033d0da4a6ba782578ab068f4307a0ac5c84c4fe927cfefd,2026-06-01,true
300124,20240102,63.01,64.13,62.14,62.25,82213.55,519111.768,tushare,LOCAL_USER_PROVIDED,data/research_db/market_data/processed/core12_daily_price_bar.csv,a0c457d1b0664de1033d0da4a6ba782578ab068f4307a0ac5c84c4fe927cfefd,2026-06-01,true
300124,20240103,62.13,62.38,60.52,61.05,66236.92,404938.898,tushare,LOCAL_USER_PROVIDED,data/research_db/market_data/processed/core12_daily_price_bar.csv,a0c457d1b0664de1033d0da4a6ba782578ab068f4307a0ac5c84c4fe927cfefd,2026-06-01,true
300124,20240104,60.88,61.05,60.15,60.45,70426.84,426438.545,tushare,LOCAL_USER_PROVIDED,data/research_db/market_data/processed/core12_daily_price_bar.csv,a0c457d1b0664de1033d0da4a6ba782578ab068f4307a0ac5c84c4fe927cfefd,2026-06-01,true
300124,20240105,60.0,60.9,59.59,60.0,78643.73,472482.179,tushare,LOCAL_USER_PROVIDED,data/research_db/market_data/processed/core12_daily_price_bar.csv,a0c457d1b0664de1033d0da4a6ba782578ab068f4307a0ac5c84c4fe927cfefd,2026-06-01,true
300124,20240108,59.66,60.18,58.7,58.8,70843.6,419238.662,tushare,LOCAL_USER_PROVIDED,data/research_db/market_data/processed/core12_daily_price_bar.csv,a0c457d1b0664de1033d0da4a6ba782578ab068f4307a0ac5c84c4fe927cfefd,2026-06-01,true
300124,20240109,58.89,60.28,58.53,59.79,64289.5,383257.072,tushare,LOCAL_USER_PROVIDED,data/research_db/market_data/processed/core12_daily_price_bar.csv,a0c457d1b0664de1033d0da4a6ba782578ab068f4307a0ac5c84c4fe927cfefd,2026-06-01,true
300124,20240110,59.53,59.95,57.27,57.27,101650.22,594251.749,tushare,LOCAL_USER_PROVIDED,data/research_db/market_data/processed/core12_daily_price_bar.csv,a0c457d1b0664de1033d0da4a6ba782578ab068f4307a0ac5c84c4fe927cfefd,2026-06-01,true
300124,20240111,57.27,57.69,56.47,56.68,118364.7,675046.735,tushare,LOCAL_USER_PROVIDED,data/research_db/market_data/processed/core12_daily_price_bar.csv,a0c457d1b0664de1033d0da4a6ba782578ab068f4307a0ac5c84c4fe927cfefd,2026-06-01,true
300124,20240112,56.58,56.77,54.65,55.85,210533.41,1171921.778,tushare,LOCAL_USER_PROVIDED,data/research_db/market_data/processed/core12_daily_price_bar.csv,a0c457d1b0664de1033d0da4a6ba782578ab068f4307a0ac5c84c4fe927cfefd,2026-06-01,true
300124,20240115,55.7,55.7,54.58,55.05,91254.27,503501.362,tushare,LOCAL_USER_PROVIDED,data/research_db/market_data/processed/core12_daily_price_bar.csv,a0c457d1b0664de1033d0da4a6ba782578ab068f4307a0ac5c84c4fe927cfefd,2026-06-01,true
300124,20240116,55.11,55.36,53.78,54.74,151950.91,827596.644,tushare,LOCAL_USER_PROVIDED,data/research_db/market_data/processed/core12_daily_price_bar.csv,a0c457d1b0664de1033d0da4a6ba782578ab068f4307a0ac5c84c4fe927cfefd,2026-06-01,true
300124,20240117,54.7,55.0,53.18,53.28,145154.84,786668.553,tushare,LOCAL_USER_PROVIDED,data/research_db/market_data/processed/core12_daily_price_bar.csv,a0c457d1b0664de1033d0da4a6ba782578ab068f4307a0ac5c84c4fe927cfefd,2026-06-01,true
300124,20240118,53.0,54.11,52.22,53.85,196985.69,1045489.423,tushare,LOCAL_USER_PROVIDED,data/research_db/market_data/processed/core12_daily_price_bar.csv,a0c457d1b0664de1033d0da4a6ba782578ab068f4307a0ac5c84c4fe927cfefd,2026-06-01,true
300124,20240119,53.85,53.96,53.07,53.74,123834.7,663305.774,tushare,LOCAL_USER_PROVIDED,data/research_db/market_data/processed/core12_daily_price_bar.csv,a0c457d1b0664de1033d0da4a6ba782578ab068f4307a0ac5c84c4fe927cfefd,2026-06-01,true
300124,20240122,54.01,54.62,53.17,53.46,184974.61,1002093.272,tushare,LOCAL_USER_PROVIDED,data/research_db/market_data/processed/core12_daily_price_bar.csv,a0c457d1b0664de1033d0da4a6ba782578ab068f4307a0ac5c84c4fe927cfefd,2026-06-01,true
300124,20240123,53.05,54.92,52.62,54.48,152368.04,823685.534,tushare,LOCAL_USER_PROVIDED,data/research_db/market_data/processed/core12_daily_price_bar.csv,a0c457d1b0664de1033d0da4a6ba782578ab068f4307a0ac5c84c4fe927cfefd,2026-06-01,true
300124,20240124,54.35,55.68,53.92,55.5,140035.67,767851.766,tushare,LOCAL_USER_PROVIDED,data/research_db/market_data/processed/core12_daily_price_bar.csv,a0c457d1b0664de1033d0da4a6ba782578ab068f4307a0ac5c84c4fe927cfefd,2026-06-01,true
300124,20240125,55.31,56.54,54.73,55.74,109776.6,611544.278,tushare,LOCAL_USER_PROVIDED,data/research_db/market_data/processed/core12_daily_price_bar.csv,a0c457d1b0664de1033d0da4a6ba782578ab068f4307a0ac5c84c4fe927cfefd,2026-06-01,true
300124,20240126,54.87,57.66,54.56,56.87,148976.63,835663.917,tushare,LOCAL_USER_PROVIDED,data/research_db/market_data/processed/core12_daily_price_bar.csv,a0c457d1b0664de1033d0da4a6ba782578ab068f4307a0ac5c84c4fe927cfefd,2026-06-01,true
300124,20240129,56.6,57.35,55.68,55.72,108895.89,615104.859,tushare,LOCAL_USER_PROVIDED,data/research_db/market_data/processed/core12_daily_price_bar.csv,a0c457d1b0664de1033d0da4a6ba782578ab068f4307a0ac5c84c4fe927cfefd,2026-06-01,true
300124,20240130,55.11,55.85,54.39,54.44,100661.09,553585.96,tushare,LOCAL_USER_PROVIDED,data/research_db/market_data/processed/core12_daily_price_bar.csv,a0c457d1b0664de1033d0da4a6ba782578ab068f4307a0ac5c84c4fe927cfefd,2026-06-01,true
300124,20240131,55.0,56.88,54.01,55.96,142179.89,788441.342,tushare,LOCAL_USER_PROVIDED,data/research_db/market_data/processed/core12_daily_price_bar.csv,a0c457d1b0664de1033d0da4a6ba782578ab068f4307a0ac5c84c4fe927cfefd,2026-06-01,true
300124,20240201,55.9,57.6,55.51,56.5,127949.28,723741.767,tushare,LOCAL_USER_PROVIDED,data/research_db/market_data/processed/core12_daily_price_bar.csv,a0c457d1b0664de1033d0da4a6ba782578ab068f4307a0ac5c84c4fe927cfefd,2026-06-01,true
300124,20240202,56.02,58.8,55.91,57.24,128121.1,731133.024,tushare,LOCAL_USER_PROVIDED,data/research_db/market_data/processed/core12_daily_price_bar.csv,a0c457d1b0664de1033d0da4a6ba782578ab068f4307a0ac5c84c4fe927cfefd,2026-06-01,true
300124,20240205,57.0,60.45,56.2,59.35,233288.78,1371706.985,tushare,LOCAL_USER_PROVIDED,data/research_db/market_data/processed/core12_daily_price_bar.csv,a0c457d1b0664de1033d0da4a6ba782578ab068f4307a0ac5c84c4fe927cfefd,2026-06-01,true
300124,20240206,58.35,60.5,58.07,60.1,194757.91,1157569.085,tushare,LOCAL_USER_PROVIDED,data/research_db/market_data/processed/core12_daily_price_bar.csv,a0c457d1b0664de1033d0da4a6ba782578ab068f4307a0ac5c84c4fe927cfefd,2026-06-01,true
300124,20240207,59.6,62.55,59.2,62.0,206203.12,1263868.947,tushare,LOCAL_USER_PROVIDED,data/research_db/market_data/processed/core12_daily_price_bar.csv,a0c457d1b0664de1033d0da4a6ba782578ab068f4307a0ac5c84c4fe927cfefd,2026-06-01,true
300124,20240208,62.0,64.98,61.71,62.05,209777.98,1330444.031,tushare,LOCAL_USER_PROVIDED,data/research_db/market_data/processed/core12_daily_price_bar.csv,a0c457d1b0664de1033d0da4a6ba782578ab068f4307a0ac5c84c4fe927cfefd,2026-06-01,true
300124,20240219,62.2,64.45,62.0,62.37,142655.61,893962.83,tushare,LOCAL_USER_PROVIDED,data/research_db/market_data/processed/core12_daily_price_bar.csv,a0c457d1b0664de1033d0da4a6ba782578ab068f4307a0ac5c84c4fe927cfefd,2026-06-01,true
300124,20240220,62.0,63.58,61.7,63.0,103357.54,647858.833,tushare,LOCAL_USER_PROVIDED,data/research_db/market_data/processed/core12_daily_price_bar.csv,a0c457d1b0664de1033d0da4a6ba782578ab068f4307a0ac5c84c4fe927cfefd,2026-06-01,true
300124,20240221,62.7,63.26,60.19,61.8,181133.03,1119242.773,tushare,LOCAL_USER_PROVIDED,data/research_db/market_data/processed/core12_daily_price_bar.csv,a0c457d1b0664de1033d0da4a6ba782578ab068f4307a0ac5c84c4fe927cfefd,2026-06-01,true
300124,20240222,61.47,62.55,61.01,61.61,100065.68,616720.445,tushare,LOCAL_USER_PROVIDED,data/research_db/market_data/processed/core12_daily_price_bar.csv,a0c457d1b0664de1033d0da4a6ba782578ab068f4307a0ac5c84c4fe927cfefd,2026-06-01,true
300124,20240223,61.12,61.78,59.65,60.7,148874.67,897936.222,tushare,LOCAL_USER_PROVIDED,data/research_db/market_data/processed/core12_daily_price_bar.csv,a0c457d1b0664de1033d0da4a6ba782578ab068f4307a0ac5c84c4fe927cfefd,2026-06-01,true
300124,20240226,62.5,62.88,60.3,60.8,190228.89,1164558.549,tushare,LOCAL_USER_PROVIDED,data/research_db/market_data/processed/core12_daily_price_bar.csv,a0c457d1b0664de1033d0da4a6ba782578ab068f4307a0ac5c84c4fe927cfefd,2026-06-01,true
300124,20240227,60.48,62.27,60.21,62.01,160403.89,985365.717,tushare,LOCAL_USER_PROVIDED,data/research_db/market_data/processed/core12_daily_price_bar.csv,a0c457d1b0664de1033d0da4a6ba782578ab068f4307a0ac5c84c4fe927cfefd,2026-06-01,true
300124,20240228,62.28,62.43,61.49,61.5,156418.13,969300.045,tushare,LOCAL_USER_PROVIDED,data/research_db/market_data/processed/core12_daily_price_bar.csv,a0c457d1b0664de1033d0da4a6ba782578ab068f4307a0ac5c84c4fe927cfefd,2026-06-01,true
300124,20240229,61.1,63.45,61.1,63.21,148687.02,932303.431,tushare,LOCAL_USER_PROVIDED,data/research_db/market_data/processed/core12_daily_price_bar.csv,a0c457d1b0664de1033d0da4a6ba782578ab068f4307a0ac5c84c4fe927cfefd,2026-06-01,true
300124,20240301,63.21,64.08,62.83,63.85,140041.14,891089.159,tushare,LOCAL_USER_PROVIDED,data/research_db/market_data/processed/core12_daily_price_bar.csv,a0c457d1b0664de1033d0da4a6ba782578ab068f4307a0ac5c84c4fe927cfefd,2026-06-01,true
300124,20240304,63.63,65.45,63.55,64.85,144539.63,934205.912,tushare,LOCAL_USER_PROVIDED,data/research_db/market_data/processed/core12_daily_price_bar.csv,a0c457d1b0664de1033d0da4a6ba782578ab068f4307a0ac5c84c4fe927cfefd,2026-06-01,true
300124,20240305,64.83,66.9,64.5,66.75,202696.79,1343107.52,tushare,LOCAL_USER_PROVIDED,data/research_db/market_data/processed/core12_daily_price_bar.csv,a0c457d1b0664de1033d0da4a6ba782578ab068f4307a0ac5c84c4fe927cfefd,2026-06-01,true
300124,20240306,66.21,66.99,65.97,66.5,116093.85,771860.678,tushare,LOCAL_USER_PROVIDED,data/research_db/market_data/processed/core12_daily_price_bar.csv,a0c457d1b0664de1033d0da4a6ba782578ab068f4307a0ac5c84c4fe927cfefd,2026-06-01,true
300124,20240307,66.8,68.2,66.41,66.87,116280.23,780848.697,tushare,LOCAL_USER_PROVIDED,data/research_db/market_data/processed/core12_daily_price_bar.csv,a0c457d1b0664de1033d0da4a6ba782578ab068f4307a0ac5c84c4fe927cfefd,2026-06-01,true
300124,20240308,66.85,67.2,66.29,66.95,75812.31,505469.806,tushare,LOCAL_USER_PROVIDED,data/research_db/market_data/processed/core12_daily_price_bar.csv,a0c457d1b0664de1033d0da4a6ba782578ab068f4307a0ac5c84c4fe927cfefd,2026-06-01,true
300124,20240311,66.89,67.12,65.11,66.1,148328.54,974731.536,tushare,LOCAL_USER_PROVIDED,data/research_db/market_data/processed/core12_daily_price_bar.csv,a0c457d1b0664de1033d0da4a6ba782578ab068f4307a0ac5c84c4fe927cfefd,2026-06-01,true
300124,20240312,65.97,66.39,65.15,65.7,106142.34,697666.705,tushare,LOCAL_USER_PROVIDED,data/research_db/market_data/processed/core12_daily_price_bar.csv,a0c457d1b0664de1033d0da4a6ba782578ab068f4307a0ac5c84c4fe927cfefd,2026-06-01,true
300124,20240313,65.58,65.78,65.01,65.33,101919.54,665585.405,tushare,LOCAL_USER_PROVIDED,data/research_db/market_data/processed/core12_daily_price_bar.csv,a0c457d1b0664de1033d0da4a6ba782578ab068f4307a0ac5c84c4fe927cfefd,2026-06-01,true
300124,20240314,65.49,65.8,63.63,64.08,152144.02,981053.889,tushare,LOCAL_USER_PROVIDED,data/research_db/market_data/processed/core12_daily_price_bar.csv,a0c457d1b0664de1033d0da4a6ba782578ab068f4307a0ac5c84c4fe927cfefd,2026-06-01,true
300124,20240315,64.01,64.19,62.83,63.98,124224.15,788665.218,tushare,LOCAL_USER_PROVIDED,data/research_db/market_data/processed/core12_daily_price_bar.csv,a0c457d1b0664de1033d0da4a6ba782578ab068f4307a0ac5c84c4fe927cfefd,2026-06-01,true
300124,20240318,64.08,64.48,63.06,64.34,116390.86,744023.03,tushare,LOCAL_USER_PROVIDED,data/research_db/market_data/processed/core12_daily_price_bar.csv,a0c457d1b0664de1033d0da4a6ba782578ab068f4307a0ac5c84c4fe927cfefd,2026-06-01,true
300124,20240319,64.34,64.34,62.76,62.94,119182.99,754890.025,tushare,LOCAL_USER_PROVIDED,data/research_db/market_data/processed/core12_daily_price_bar.csv,a0c457d1b0664de1033d0da4a6ba782578ab068f4307a0ac5c84c4fe927cfefd,2026-06-01,true
300124,20240320,62.63,63.29,62.38,62.89,76146.65,478056.01,tushare,LOCAL_USER_PROVIDED,data/research_db/market_data/processed/core12_daily_price_bar.csv,a0c457d1b0664de1033d0da4a6ba782578ab068f4307a0ac5c84c4fe927cfefd,2026-06-01,true
300124,20240321,62.73,63.2,61.27,61.29,138538.67,856579.5,tushare,LOCAL_USER_PROVIDED,data/research_db/market_data/processed/core12_daily_price_bar.csv,a0c457d1b0664de1033d0da4a6ba782578ab068f4307a0ac5c84c4fe927cfefd,2026-06-01,true
300124,20240322,61.3,61.98,61.0,61.39,129228.57,794262.323,tushare,LOCAL_USER_PROVIDED,data/research_db/market_data/processed/core12_daily_price_bar.csv,a0c457d1b0664de1033d0da4a6ba782578ab068f4307a0ac5c84c4fe927cfefd,2026-06-01,true
300124,20240325,61.4,62.0,60.68,60.7,104693.42,640443.033,tushare,LOCAL_USER_PROVIDED,data/research_db/market_data/processed/core12_daily_price_bar.csv,a0c457d1b0664de1033d0da4a6ba782578ab068f4307a0ac5c84c4fe927cfefd,2026-06-01,true
300124,20240326,60.72,61.08,60.02,60.47,107155.57,648802.986,tushare,LOCAL_USER_PROVIDED,data/research_db/market_data/processed/core12_daily_price_bar.csv,a0c457d1b0664de1033d0da4a6ba782578ab068f4307a0ac5c84c4fe927cfefd,2026-06-01,true
300124,20240327,60.42,60.99,59.48,59.55,95863.69,575860.671,tushare,LOCAL_USER_PROVIDED,data/research_db/market_data/processed/core12_daily_price_bar.csv,a0c457d1b0664de1033d0da4a6ba782578ab068f4307a0ac5c84c4fe927cfefd,2026-06-01,true
300124,20240328,59.98,60.78,58.71,60.23,129376.35,775741.108,tushare,LOCAL_USER_PROVIDED,data/research_db/market_data/processed/core12_daily_price_bar.csv,a0c457d1b0664de1033d0da4a6ba782578ab068f4307a0ac5c84c4fe927cfefd,2026-06-01,true
300124,20240329,61.88,62.38,60.87,61.22,139933.27,860932.319,tushare,LOCAL_USER_PROVIDED,data/research_db/market_data/processed/core12_daily_price_bar.csv,a0c457d1b0664de1033d0da4a6ba782578ab068f4307a0ac5c84c4fe927cfefd,2026-06-01,true
300124,20240401,62.4,62.42,61.13,61.47,125158.83,771890.767,tushare,LOCAL_USER_PROVIDED,data/research_db/market_data/processed/core12_daily_price_bar.csv,a0c457d1b0664de1033d0da4a6ba782578ab068f4307a0ac5c84c4fe927cfefd,2026-06-01,true
300124,20240402,61.55,61.55,60.4,61.1,141820.5,864953.599,tushare,LOCAL_USER_PROVIDED,data/research_db/market_data/processed/core12_daily_price_bar.csv,a0c457d1b0664de1033d0da4a6ba782578ab068f4307a0ac5c84c4fe927cfefd,2026-06-01,true
300124,20240403,60.69,61.99,60.65,61.48,126423.76,775724.003,tushare,LOCAL_USER_PROVIDED,data/research_db/market_data/processed/core12_daily_price_bar.csv,a0c457d1b0664de1033d0da4a6ba782578ab068f4307a0ac5c84c4fe927cfefd,2026-06-01,true
300124,20240408,62.4,62.4,59.38,59.55,187287.52,1133950.564,tushare,LOCAL_USER_PROVIDED,data/research_db/market_data/processed/core12_daily_price_bar.csv,a0c457d1b0664de1033d0da4a6ba782578ab068f4307a0ac5c84c4fe927cfefd,2026-06-01,true
300124,20240409,59.56,60.0,58.08,58.28,166835.46,977226.76,tushare,LOCAL_USER_PROVIDED,data/research_db/market_data/processed/core12_daily_price_bar.csv,a0c457d1b0664de1033d0da4a6ba782578ab068f4307a0ac5c84c4fe927cfefd,2026-06-01,true
300124,20240410,58.11,58.66,57.47,58.02,118086.67,685074.481,tushare,LOCAL_USER_PROVIDED,data/research_db/market_data/processed/core12_daily_price_bar.csv,a0c457d1b0664de1033d0da4a6ba782578ab068f4307a0ac5c84c4fe927cfefd,2026-06-01,true
300124,20240411,57.5,59.15,57.38,58.65,96926.36,566950.445,tushare,LOCAL_USER_PROVIDED,data/research_db/market_data/processed/core12_daily_price_bar.csv,a0c457d1b0664de1033d0da4a6ba782578ab068f4307a0ac5c84c4fe927cfefd,2026-06-01,true
300124,20240412,58.44,60.04,58.42,58.63,111799.03,662036.3,tushare,LOCAL_USER_PROVIDED,data/research_db/market_data/processed/core12_daily_price_bar.csv,a0c457d1b0664de1033d0da4a6ba782578ab068f4307a0ac5c84c4fe927cfefd,2026-06-01,true
300124,20240415,58.65,60.28,57.72,60.2,134853.51,802753.092,tushare,LOCAL_USER_PROVIDED,data/research_db/market_data/processed/core12_daily_price_bar.csv,a0c457d1b0664de1033d0da4a6ba782578ab068f4307a0ac5c84c4fe927cfefd,2026-06-01,true
300124,20240416,60.1,61.88,59.95,60.82,167337.96,1025130.941,tushare,LOCAL_USER_PROVIDED,data/research_db/market_data/processed/core12_daily_price_bar.csv,a0c457d1b0664de1033d0da4a6ba782578ab068f4307a0ac5c84c4fe927cfefd,2026-06-01,true
300124,20240417,60.83,61.87,60.37,61.79,109892.59,673188.361,tushare,LOCAL_USER_PROVIDED,data/research_db/market_data/processed/core12_daily_price_bar.csv,a0c457d1b0664de1033d0da4a6ba782578ab068f4307a0ac5c84c4fe927cfefd,2026-06-01,true
300124,20240418,61.35,61.96,61.1,61.26,97265.12,599437.64,tushare,LOCAL_USER_PROVIDED,data/research_db/market_data/processed/core12_daily_price_bar.csv,a0c457d1b0664de1033d0da4a6ba782578ab068f4307a0ac5c84c4fe927cfefd,2026-06-01,true
300124,20240419,61.03,61.5,60.78,61.0,74165.07,452885.301,tushare,LOCAL_USER_PROVIDED,data/research_db/market_data/processed/core12_daily_price_bar.csv,a0c457d1b0664de1033d0da4a6ba782578ab068f4307a0ac5c84c4fe927cfefd,2026-06-01,true
300124,20240422,60.68,61.69,60.59,61.28,75828.12,465253.76,tushare,LOCAL_USER_PROVIDED,data/research_db/market_data/processed/core12_daily_price_bar.csv,a0c457d1b0664de1033d0da4a6ba782578ab068f4307a0ac5c84c4fe927cfefd,2026-06-01,true
300124,20240423,61.04,61.31,59.18,59.95,132337.24,795246.733,tushare,LOCAL_USER_PROVIDED,data/research_db/market_data/processed/core12_daily_price_bar.csv,a0c457d1b0664de1033d0da4a6ba782578ab068f4307a0ac5c84c4fe927cfefd,2026-06-01,true
300124,20240424,59.39,60.79,59.1,59.18,117352.11,698411.724,tushare,LOCAL_USER_PROVIDED,data/research_db/market_data/processed/core12_daily_price_bar.csv,a0c457d1b0664de1033d0da4a6ba782578ab068f4307a0ac5c84c4fe927cfefd,2026-06-01,true
300124,20240425,58.51,58.6,57.28,57.43,122231.24,706791.153,tushare,LOCAL_USER_PROVIDED,data/research_db/market_data/processed/core12_daily_price_bar.csv,a0c457d1b0664de1033d0da4a6ba782578ab068f4307a0ac5c84c4fe927cfefd,2026-06-01,true
300124,20240426,57.14,59.4,57.1,59.29,126772.64,743927.316,tushare,LOCAL_USER_PROVIDED,data/research_db/market_data/processed/core12_daily_price_bar.csv,a0c457d1b0664de1033d0da4a6ba782578ab068f4307a0ac5c84c4fe927cfefd,2026-06-01,true
300124,20240429,59.16,60.49,58.6,59.98,155295.23,927301.018,tushare,LOCAL_USER_PROVIDED,data/research_db/market_data/processed/core12_daily_price_bar.csv,a0c457d1b0664de1033d0da4a6ba782578ab068f4307a0ac5c84c4fe927cfefd,2026-06-01,true
300124,20240430,59.7,60.22,59.36,59.5,100077.75,597934.113,tushare,LOCAL_USER_PROVIDED,data/research_db/market_data/processed/core12_daily_price_bar.csv,a0c457d1b0664de1033d0da4a6ba782578ab068f4307a0ac5c84c4fe927cfefd,2026-06-01,true
300124,20240506,59.55,63.16,59.55,62.95,278388.17,1726291.946,tushare,LOCAL_USER_PROVIDED,data/research_db/market_data/processed/core12_daily_price_bar.csv,a0c457d1b0664de1033d0da4a6ba782578ab068f4307a0ac5c84c4fe927cfefd,2026-06-01,true
300124,20240507,63.0,64.15,62.68,63.77,170425.16,1084383.774,tushare,LOCAL_USER_PROVIDED,data/research_db/market_data/processed/core12_daily_price_bar.csv,a0c457d1b0664de1033d0da4a6ba782578ab068f4307a0ac5c84c4fe927cfefd,2026-06-01,true
300124,20240508,63.88,65.2,63.63,63.77,154864.3,996184.616,tushare,LOCAL_USER_PROVIDED,data/research_db/market_data/processed/core12_daily_price_bar.csv,a0c457d1b0664de1033d0da4a6ba782578ab068f4307a0ac5c84c4fe927cfefd,2026-06-01,true
300124,20240509,63.77,64.05,62.91,63.68,103728.53,660125.948,tushare,LOCAL_USER_PROVIDED,data/research_db/market_data/processed/core12_daily_price_bar.csv,a0c457d1b0664de1033d0da4a6ba782578ab068f4307a0ac5c84c4fe927cfefd,2026-06-01,true
300124,20240510,63.88,64.38,63.0,63.2,70673.03,448303.48,tushare,LOCAL_USER_PROVIDED,data/research_db/market_data/processed/core12_daily_price_bar.csv,a0c457d1b0664de1033d0da4a6ba782578ab068f4307a0ac5c84c4fe927cfefd,2026-06-01,true
300124,20240513,62.22,63.47,61.59,61.72,115593.22,718761.142,tushare,LOCAL_USER_PROVIDED,data/research_db/market_data/processed/core12_daily_price_bar.csv,a0c457d1b0664de1033d0da4a6ba782578ab068f4307a0ac5c84c4fe927cfefd,2026-06-01,true
300124,20240514,61.72,62.42,61.05,61.45,71756.26,441670.583,tushare,LOCAL_USER_PROVIDED,data/research_db/market_data/processed/core12_daily_price_bar.csv,a0c457d1b0664de1033d0da4a6ba782578ab068f4307a0ac5c84c4fe927cfefd,2026-06-01,true
300124,20240515,61.39,61.77,61.0,61.01,48967.83,300030.633,tushare,LOCAL_USER_PROVIDED,data/research_db/market_data/processed/core12_daily_price_bar.csv,a0c457d1b0664de1033d0da4a6ba782578ab068f4307a0ac5c84c4fe927cfefd,2026-06-01,true
300124,20240516,60.86,61.19,59.7,59.81,100031.99,602104.965,tushare,LOCAL_USER_PROVIDED,data/research_db/market_data/processed/core12_daily_price_bar.csv,a0c457d1b0664de1033d0da4a6ba782578ab068f4307a0ac5c84c4fe927cfefd,2026-06-01,true
300124,20240517,60.71,61.17,59.85,60.92,89979.33,544441.715,tushare,LOCAL_USER_PROVIDED,data/research_db/market_data/processed/core12_daily_price_bar.csv,a0c457d1b0664de1033d0da4a6ba782578ab068f4307a0ac5c84c4fe927cfefd,2026-06-01,true
300124,20240520,61.0,61.87,60.8,61.05,96738.15,593171.885,tushare,LOCAL_USER_PROVIDED,data/research_db/market_data/processed/core12_daily_price_bar.csv,a0c457d1b0664de1033d0da4a6ba782578ab068f4307a0ac5c84c4fe927cfefd,2026-06-01,true
300124,20240521,61.0,61.05,59.81,60.15,60901.71,366350.847,tushare,LOCAL_USER_PROVIDED,data/research_db/market_data/processed/core12_daily_price_bar.csv,a0c457d1b0664de1033d0da4a6ba782578ab068f4307a0ac5c84c4fe927cfefd,2026-06-01,true
300124,20240522,60.0,60.33,59.55,59.97,87875.74,526695.631,tushare,LOCAL_USER_PROVIDED,data/research_db/market_data/processed/core12_daily_price_bar.csv,a0c457d1b0664de1033d0da4a6ba782578ab068f4307a0ac5c84c4fe927cfefd,2026-06-01,true
300124,20240523,59.55,60.25,59.51,60.09,58057.4,348094.205,tushare,LOCAL_USER_PROVIDED,data/research_db/market_data/processed/core12_daily_price_bar.csv,a0c457d1b0664de1033d0da4a6ba782578ab068f4307a0ac5c84c4fe927cfefd,2026-06-01,true
300124,20240524,59.71,60.1,58.92,59.3,75015.01,446754.896,tushare,LOCAL_USER_PROVIDED,data/research_db/market_data/processed/core12_daily_price_bar.csv,a0c457d1b0664de1033d0da4a6ba782578ab068f4307a0ac5c84c4fe927cfefd,2026-06-01,true
300124,20240527,59.5,60.06,59.15,59.71,47299.11,281624.881,tushare,LOCAL_USER_PROVIDED,data/research_db/market_data/processed/core12_daily_price_bar.csv,a0c457d1b0664de1033d0da4a6ba782578ab068f4307a0ac5c84c4fe927cfefd,2026-06-01,true
300124,20240528,59.71,59.81,58.5,58.61,80982.73,476470.749,tushare,LOCAL_USER_PROVIDED,data/research_db/market_data/processed/core12_daily_price_bar.csv,a0c457d1b0664de1033d0da4a6ba782578ab068f4307a0ac5c84c4fe927cfefd,2026-06-01,true
300124,20240529,58.51,59.12,58.12,58.41,65984.38,385969.01,tushare,LOCAL_USER_PROVIDED,data/research_db/market_data/processed/core12_daily_price_bar.csv,a0c457d1b0664de1033d0da4a6ba782578ab068f4307a0ac5c84c4fe927cfefd,2026-06-01,true
300124,20240530,58.4,59.09,57.92,58.17,68646.27,400177.204,tushare,LOCAL_USER_PROVIDED,data/research_db/market_data/processed/core12_daily_price_bar.csv,a0c457d1b0664de1033d0da4a6ba782578ab068f4307a0ac5c84c4fe927cfefd,2026-06-01,true
300124,20240531,58.2,58.78,57.91,57.94,73040.09,425656.563,tushare,LOCAL_USER_PROVIDED,data/research_db/market_data/processed/core12_daily_price_bar.csv,a0c457d1b0664de1033d0da4a6ba782578ab068f4307a0ac5c84c4fe927cfefd,2026-06-01,true
300124,20240603,56.79,57.65,55.44,55.88,199637.02,1122083.892,tushare,LOCAL_USER_PROVIDED,data/research_db/market_data/processed/core12_daily_price_bar.csv,a0c457d1b0664de1033d0da4a6ba782578ab068f4307a0ac5c84c4fe927cfefd,2026-06-01,true
300124,20240604,55.89,55.98,54.69,55.48,198807.5,1095784.141,tushare,LOCAL_USER_PROVIDED,data/research_db/market_data/processed/core12_daily_price_bar.csv,a0c457d1b0664de1033d0da4a6ba782578ab068f4307a0ac5c84c4fe927cfefd,2026-06-01,true
300124,20240605,55.49,56.45,55.3,55.43,105253.83,586747.668,tushare,LOCAL_USER_PROVIDED,data/research_db/market_data/processed/core12_daily_price_bar.csv,a0c457d1b0664de1033d0da4a6ba782578ab068f4307a0ac5c84c4fe927cfefd,2026-06-01,true
300124,20240606,55.19,55.74,54.71,55.53,127443.47,703959.551,tushare,LOCAL_USER_PROVIDED,data/research_db/market_data/processed/core12_daily_price_bar.csv,a0c457d1b0664de1033d0da4a6ba782578ab068f4307a0ac5c84c4fe927cfefd,2026-06-01,true
300124,20240607,55.32,55.83,54.21,54.37,121904.77,667511.808,tushare,LOCAL_USER_PROVIDED,data/research_db/market_data/processed/core12_daily_price_bar.csv,a0c457d1b0664de1033d0da4a6ba782578ab068f4307a0ac5c84c4fe927cfefd,2026-06-01,true
300124,20240611,53.7,55.06,53.6,54.77,115232.33,626276.271,tushare,LOCAL_USER_PROVIDED,data/research_db/market_data/processed/core12_daily_price_bar.csv,a0c457d1b0664de1033d0da4a6ba782578ab068f4307a0ac5c84c4fe927cfefd,2026-06-01,true
300124,20240612,54.5,54.92,53.28,53.55,178652.03,961593.871,tushare,LOCAL_USER_PROVIDED,data/research_db/market_data/processed/core12_daily_price_bar.csv,a0c457d1b0664de1033d0da4a6ba782578ab068f4307a0ac5c84c4fe927cfefd,2026-06-01,true
300124,20240613,54.14,54.68,53.39,54.25,170130.25,920234.047,tushare,LOCAL_USER_PROVIDED,data/research_db/market_data/processed/core12_daily_price_bar.csv,a0c457d1b0664de1033d0da4a6ba782578ab068f4307a0ac5c84c4fe927cfefd,2026-06-01,true
300124,20240614,54.5,55.82,53.61,55.26,275350.28,1512276.533,tushare,LOCAL_USER_PROVIDED,data/research_db/market_data/processed/core12_daily_price_bar.csv,a0c457d1b0664de1033d0da4a6ba782578ab068f4307a0ac5c84c4fe927cfefd,2026-06-01,true
300124,20240617,55.01,56.28,54.82,55.77,160148.39,891713.635,tushare,LOCAL_USER_PROVIDED,data/research_db/market_data/processed/core12_daily_price_bar.csv,a0c457d1b0664de1033d0da4a6ba782578ab068f4307a0ac5c84c4fe927cfefd,2026-06-01,true
300124,20240618,55.54,56.29,55.43,55.66,113053.22,630433.611,tushare,LOCAL_USER_PROVIDED,data/research_db/market_data/processed/core12_daily_price_bar.csv,a0c457d1b0664de1033d0da4a6ba782578ab068f4307a0ac5c84c4fe927cfefd,2026-06-01,true
300124,20240619,55.71,56.0,53.76,53.8,146348.14,799932.496,tushare,LOCAL_USER_PROVIDED,data/research_db/market_data/processed/core12_daily_price_bar.csv,a0c457d1b0664de1033d0da4a6ba782578ab068f4307a0ac5c84c4fe927cfefd,2026-06-01,true
300124,20240620,53.48,53.92,51.51,51.69,208139.6,1085534.656,tushare,LOCAL_USER_PROVIDED,data/research_db/market_data/processed/core12_daily_price_bar.csv,a0c457d1b0664de1033d0da4a6ba782578ab068f4307a0ac5c84c4fe927cfefd,2026-06-01,true
300124,20240621,51.93,52.25,51.33,51.72,107610.31,556862.653,tushare,LOCAL_USER_PROVIDED,data/research_db/market_data/processed/core12_daily_price_bar.csv,a0c457d1b0664de1033d0da4a6ba782578ab068f4307a0ac5c84c4fe927cfefd,2026-06-01,true
300124,20240624,52.15,52.15,50.85,50.98,129096.01,661342.983,tushare,LOCAL_USER_PROVIDED,data/research_db/market_data/processed/core12_daily_price_bar.csv,a0c457d1b0664de1033d0da4a6ba782578ab068f4307a0ac5c84c4fe927cfefd,2026-06-01,true
300124,20240625,51.2,52.14,50.98,51.7,120369.0,622224.49,tushare,LOCAL_USER_PROVIDED,data/research_db/market_data/processed/core12_daily_price_bar.csv,a0c457d1b0664de1033d0da4a6ba782578ab068f4307a0ac5c84c4fe927cfefd,2026-06-01,true
300124,20240626,51.55,52.08,50.68,51.89,113740.53,585765.972,tushare,LOCAL_USER_PROVIDED,data/research_db/market_data/processed/core12_daily_price_bar.csv,a0c457d1b0664de1033d0da4a6ba782578ab068f4307a0ac5c84c4fe927cfefd,2026-06-01,true
300124,20240627,51.88,52.06,51.18,51.3,94757.95,488331.654,tushare,LOCAL_USER_PROVIDED,data/research_db/market_data/processed/core12_daily_price_bar.csv,a0c457d1b0664de1033d0da4a6ba782578ab068f4307a0ac5c84c4fe927cfefd,2026-06-01,true
300124,20240628,50.7,52.37,50.7,51.3,141559.53,731292.098,tushare,LOCAL_USER_PROVIDED,data/research_db/market_data/processed/core12_daily_price_bar.csv,a0c457d1b0664de1033d0da4a6ba782578ab068f4307a0ac5c84c4fe927cfefd,2026-06-01,true
300274,20240102,87.5,87.6,85.23,85.4,134018.07,1153503.411,tushare,LOCAL_USER_PROVIDED,data/research_db/market_data/processed/core12_daily_price_bar.csv,a0c457d1b0664de1033d0da4a6ba782578ab068f4307a0ac5c84c4fe927cfefd,2026-06-01,true
300274,20240103,85.37,85.88,83.86,85.17,131059.09,1110349.836,tushare,LOCAL_USER_PROVIDED,data/research_db/market_data/processed/core12_daily_price_bar.csv,a0c457d1b0664de1033d0da4a6ba782578ab068f4307a0ac5c84c4fe927cfefd,2026-06-01,true
300274,20240104,84.47,84.95,82.47,82.66,137404.82,1142886.899,tushare,LOCAL_USER_PROVIDED,data/research_db/market_data/processed/core12_daily_price_bar.csv,a0c457d1b0664de1033d0da4a6ba782578ab068f4307a0ac5c84c4fe927cfefd,2026-06-01,true
300274,20240105,82.1,84.04,79.5,80.15,186945.22,1523001.07,tushare,LOCAL_USER_PROVIDED,data/research_db/market_data/processed/core12_daily_price_bar.csv,a0c457d1b0664de1033d0da4a6ba782578ab068f4307a0ac5c84c4fe927cfefd,2026-06-01,true
300274,20240108,79.6,81.97,79.43,80.35,126510.77,1022225.633,tushare,LOCAL_USER_PROVIDED,data/research_db/market_data/processed/core12_daily_price_bar.csv,a0c457d1b0664de1033d0da4a6ba782578ab068f4307a0ac5c84c4fe927cfefd,2026-06-01,true
300274,20240109,80.11,84.0,78.4,82.01,206453.39,1689457.766,tushare,LOCAL_USER_PROVIDED,data/research_db/market_data/processed/core12_daily_price_bar.csv,a0c457d1b0664de1033d0da4a6ba782578ab068f4307a0ac5c84c4fe927cfefd,2026-06-01,true
300274,20240110,81.27,86.94,81.2,85.44,272689.68,2317448.46,tushare,LOCAL_USER_PROVIDED,data/research_db/market_data/processed/core12_daily_price_bar.csv,a0c457d1b0664de1033d0da4a6ba782578ab068f4307a0ac5c84c4fe927cfefd,2026-06-01,true
300274,20240111,85.55,87.87,85.1,86.9,222873.58,1938140.645,tushare,LOCAL_USER_PROVIDED,data/research_db/market_data/processed/core12_daily_price_bar.csv,a0c457d1b0664de1033d0da4a6ba782578ab068f4307a0ac5c84c4fe927cfefd,2026-06-01,true
300274,20240112,86.95,90.8,85.91,87.89,263540.86,2341019.048,tushare,LOCAL_USER_PROVIDED,data/research_db/market_data/processed/core12_daily_price_bar.csv,a0c457d1b0664de1033d0da4a6ba782578ab068f4307a0ac5c84c4fe927cfefd,2026-06-01,true
300274,20240115,87.39,88.88,86.66,87.14,131653.21,1154125.946,tushare,LOCAL_USER_PROVIDED,data/research_db/market_data/processed/core12_daily_price_bar.csv,a0c457d1b0664de1033d0da4a6ba782578ab068f4307a0ac5c84c4fe927cfefd,2026-06-01,true
300274,20240116,86.91,89.43,86.03,88.88,173170.22,1531901.695,tushare,LOCAL_USER_PROVIDED,data/research_db/market_data/processed/core12_daily_price_bar.csv,a0c457d1b0664de1033d0da4a6ba782578ab068f4307a0ac5c84c4fe927cfefd,2026-06-01,true
300274,20240117,88.35,88.86,86.48,86.5,119993.74,1051963.935,tushare,LOCAL_USER_PROVIDED,data/research_db/market_data/processed/core12_daily_price_bar.csv,a0c457d1b0664de1033d0da4a6ba782578ab068f4307a0ac5c84c4fe927cfefd,2026-06-01,true
300274,20240118,85.8,90.94,85.8,90.41,240485.29,2129169.053,tushare,LOCAL_USER_PROVIDED,data/research_db/market_data/processed/core12_daily_price_bar.csv,a0c457d1b0664de1033d0da4a6ba782578ab068f4307a0ac5c84c4fe927cfefd,2026-06-01,true
300274,20240119,91.0,93.16,88.84,88.99,235698.78,2136610.825,tushare,LOCAL_USER_PROVIDED,data/research_db/market_data/processed/core12_daily_price_bar.csv,a0c457d1b0664de1033d0da4a6ba782578ab068f4307a0ac5c84c4fe927cfefd,2026-06-01,true
300274,20240122,88.03,90.15,86.27,87.5,196616.6,1736523.235,tushare,LOCAL_USER_PROVIDED,data/research_db/market_data/processed/core12_daily_price_bar.csv,a0c457d1b0664de1033d0da4a6ba782578ab068f4307a0ac5c84c4fe927cfefd,2026-06-01,true
300274,20240123,89.9,94.5,88.19,91.43,290129.43,2659628.76,tushare,LOCAL_USER_PROVIDED,data/research_db/market_data/processed/core12_daily_price_bar.csv,a0c457d1b0664de1033d0da4a6ba782578ab068f4307a0ac5c84c4fe927cfefd,2026-06-01,true
300274,20240124,91.7,92.39,87.1,89.2,229510.23,2047039.902,tushare,LOCAL_USER_PROVIDED,data/research_db/market_data/processed/core12_daily_price_bar.csv,a0c457d1b0664de1033d0da4a6ba782578ab068f4307a0ac5c84c4fe927cfefd,2026-06-01,true
300274,20240125,88.02,90.0,85.25,90.0,249043.86,2174322.652,tushare,LOCAL_USER_PROVIDED,data/research_db/market_data/processed/core12_daily_price_bar.csv,a0c457d1b0664de1033d0da4a6ba782578ab068f4307a0ac5c84c4fe927cfefd,2026-06-01,true
300274,20240126,88.19,89.19,86.69,86.77,170090.89,1491634.044,tushare,LOCAL_USER_PROVIDED,data/research_db/market_data/processed/core12_daily_price_bar.csv,a0c457d1b0664de1033d0da4a6ba782578ab068f4307a0ac5c84c4fe927cfefd,2026-06-01,true
300274,20240129,85.2,85.8,80.3,80.48,276766.65,2269742.923,tushare,LOCAL_USER_PROVIDED,data/research_db/market_data/processed/core12_daily_price_bar.csv,a0c457d1b0664de1033d0da4a6ba782578ab068f4307a0ac5c84c4fe927cfefd,2026-06-01,true
300274,20240130,80.0,82.7,79.53,79.99,166510.56,1344543.264,tushare,LOCAL_USER_PROVIDED,data/research_db/market_data/processed/core12_daily_price_bar.csv,a0c457d1b0664de1033d0da4a6ba782578ab068f4307a0ac5c84c4fe927cfefd,2026-06-01,true
300274,20240131,79.03,80.67,77.72,78.39,184506.75,1457726.329,tushare,LOCAL_USER_PROVIDED,data/research_db/market_data/processed/core12_daily_price_bar.csv,a0c457d1b0664de1033d0da4a6ba782578ab068f4307a0ac5c84c4fe927cfefd,2026-06-01,true
300274,20240201,78.07,82.8,78.01,80.56,209350.97,1693305.458,tushare,LOCAL_USER_PROVIDED,data/research_db/market_data/processed/core12_daily_price_bar.csv,a0c457d1b0664de1033d0da4a6ba782578ab068f4307a0ac5c84c4fe927cfefd,2026-06-01,true
300274,20240202,80.0,80.96,77.1,79.3,190452.86,1501355.521,tushare,LOCAL_USER_PROVIDED,data/research_db/market_data/processed/core12_daily_price_bar.csv,a0c457d1b0664de1033d0da4a6ba782578ab068f4307a0ac5c84c4fe927cfefd,2026-06-01,true
300274,20240205,78.0,82.0,75.0,79.99,231366.63,1817846.738,tushare,LOCAL_USER_PROVIDED,data/research_db/market_data/processed/core12_daily_price_bar.csv,a0c457d1b0664de1033d0da4a6ba782578ab068f4307a0ac5c84c4fe927cfefd,2026-06-01,true
300274,20240206,78.6,84.72,78.4,84.2,218325.54,1803753.162,tushare,LOCAL_USER_PROVIDED,data/research_db/market_data/processed/core12_daily_price_bar.csv,a0c457d1b0664de1033d0da4a6ba782578ab068f4307a0ac5c84c4fe927cfefd,2026-06-01,true
300274,20240207,85.44,86.73,84.28,85.23,217607.06,1866021.955,tushare,LOCAL_USER_PROVIDED,data/research_db/market_data/processed/core12_daily_price_bar.csv,a0c457d1b0664de1033d0da4a6ba782578ab068f4307a0ac5c84c4fe927cfefd,2026-06-01,true
300274,20240208,85.9,87.7,85.0,85.53,182368.49,1572616.519,tushare,LOCAL_USER_PROVIDED,data/research_db/market_data/processed/core12_daily_price_bar.csv,a0c457d1b0664de1033d0da4a6ba782578ab068f4307a0ac5c84c4fe927cfefd,2026-06-01,true
300274,20240219,86.0,86.3,83.94,85.39,156151.86,1327995.946,tushare,LOCAL_USER_PROVIDED,data/research_db/market_data/processed/core12_daily_price_bar.csv,a0c457d1b0664de1033d0da4a6ba782578ab068f4307a0ac5c84c4fe927cfefd,2026-06-01,true
300274,20240220,84.89,84.9,81.36,82.88,189784.34,1567841.472,tushare,LOCAL_USER_PROVIDED,data/research_db/market_data/processed/core12_daily_price_bar.csv,a0c457d1b0664de1033d0da4a6ba782578ab068f4307a0ac5c84c4fe927cfefd,2026-06-01,true
300274,20240221,82.0,85.66,81.5,83.7,200455.0,1679705.836,tushare,LOCAL_USER_PROVIDED,data/research_db/market_data/processed/core12_daily_price_bar.csv,a0c457d1b0664de1033d0da4a6ba782578ab068f4307a0ac5c84c4fe927cfefd,2026-06-01,true
300274,20240222,83.0,86.5,82.95,84.1,179816.97,1517546.236,tushare,LOCAL_USER_PROVIDED,data/research_db/market_data/processed/core12_daily_price_bar.csv,a0c457d1b0664de1033d0da4a6ba782578ab068f4307a0ac5c84c4fe927cfefd,2026-06-01,true
300274,20240223,84.09,86.93,84.0,85.3,215252.45,1840115.04,tushare,LOCAL_USER_PROVIDED,data/research_db/market_data/processed/core12_daily_price_bar.csv,a0c457d1b0664de1033d0da4a6ba782578ab068f4307a0ac5c84c4fe927cfefd,2026-06-01,true
300274,20240226,85.03,85.19,83.04,83.68,180898.92,1517171.574,tushare,LOCAL_USER_PROVIDED,data/research_db/market_data/processed/core12_daily_price_bar.csv,a0c457d1b0664de1033d0da4a6ba782578ab068f4307a0ac5c84c4fe927cfefd,2026-06-01,true
300274,20240227,83.49,84.07,82.35,84.07,201407.2,1675049.749,tushare,LOCAL_USER_PROVIDED,data/research_db/market_data/processed/core12_daily_price_bar.csv,a0c457d1b0664de1033d0da4a6ba782578ab068f4307a0ac5c84c4fe927cfefd,2026-06-01,true
300274,20240228,85.08,89.11,84.77,84.88,344035.31,2980441.502,tushare,LOCAL_USER_PROVIDED,data/research_db/market_data/processed/core12_daily_price_bar.csv,a0c457d1b0664de1033d0da4a6ba782578ab068f4307a0ac5c84c4fe927cfefd,2026-06-01,true
300274,20240229,84.5,87.3,83.71,87.21,272744.65,2340342.767,tushare,LOCAL_USER_PROVIDED,data/research_db/market_data/processed/core12_daily_price_bar.csv,a0c457d1b0664de1033d0da4a6ba782578ab068f4307a0ac5c84c4fe927cfefd,2026-06-01,true
300274,20240301,87.22,88.4,85.3,87.57,231584.63,2013652.229,tushare,LOCAL_USER_PROVIDED,data/research_db/market_data/processed/core12_daily_price_bar.csv,a0c457d1b0664de1033d0da4a6ba782578ab068f4307a0ac5c84c4fe927cfefd,2026-06-01,true
300274,20240304,86.99,90.5,86.88,89.48,261980.51,2333416.165,tushare,LOCAL_USER_PROVIDED,data/research_db/market_data/processed/core12_daily_price_bar.csv,a0c457d1b0664de1033d0da4a6ba782578ab068f4307a0ac5c84c4fe927cfefd,2026-06-01,true
300274,20240305,88.01,91.22,87.59,90.57,272942.88,2447710.004,tushare,LOCAL_USER_PROVIDED,data/research_db/market_data/processed/core12_daily_price_bar.csv,a0c457d1b0664de1033d0da4a6ba782578ab068f4307a0ac5c84c4fe927cfefd,2026-06-01,true
300274,20240306,89.96,97.28,89.5,94.28,355220.99,3319617.013,tushare,LOCAL_USER_PROVIDED,data/research_db/market_data/processed/core12_daily_price_bar.csv,a0c457d1b0664de1033d0da4a6ba782578ab068f4307a0ac5c84c4fe927cfefd,2026-06-01,true
300274,20240307,93.02,94.58,91.3,91.45,197577.51,1833276.126,tushare,LOCAL_USER_PROVIDED,data/research_db/market_data/processed/core12_daily_price_bar.csv,a0c457d1b0664de1033d0da4a6ba782578ab068f4307a0ac5c84c4fe927cfefd,2026-06-01,true
300274,20240308,93.28,99.88,93.28,99.4,379838.92,3683336.411,tushare,LOCAL_USER_PROVIDED,data/research_db/market_data/processed/core12_daily_price_bar.csv,a0c457d1b0664de1033d0da4a6ba782578ab068f4307a0ac5c84c4fe927cfefd,2026-06-01,true
300274,20240311,102.9,110.88,101.49,109.17,470503.24,4957155.582,tushare,LOCAL_USER_PROVIDED,data/research_db/market_data/processed/core12_daily_price_bar.csv,a0c457d1b0664de1033d0da4a6ba782578ab068f4307a0ac5c84c4fe927cfefd,2026-06-01,true
300274,20240312,107.9,112.77,106.86,108.74,346012.23,3784294.477,tushare,LOCAL_USER_PROVIDED,data/research_db/market_data/processed/core12_daily_price_bar.csv,a0c457d1b0664de1033d0da4a6ba782578ab068f4307a0ac5c84c4fe927cfefd,2026-06-01,true
300274,20240313,108.0,109.58,106.5,106.94,242983.41,2613790.557,tushare,LOCAL_USER_PROVIDED,data/research_db/market_data/processed/core12_daily_price_bar.csv,a0c457d1b0664de1033d0da4a6ba782578ab068f4307a0ac5c84c4fe927cfefd,2026-06-01,true
300274,20240314,106.2,108.5,105.53,106.78,183752.69,1964353.25,tushare,LOCAL_USER_PROVIDED,data/research_db/market_data/processed/core12_daily_price_bar.csv,a0c457d1b0664de1033d0da4a6ba782578ab068f4307a0ac5c84c4fe927cfefd,2026-06-01,true
300274,20240315,106.0,106.08,101.2,103.72,289918.14,2988116.504,tushare,LOCAL_USER_PROVIDED,data/research_db/market_data/processed/core12_daily_price_bar.csv,a0c457d1b0664de1033d0da4a6ba782578ab068f4307a0ac5c84c4fe927cfefd,2026-06-01,true
300274,20240318,104.77,108.18,103.77,107.08,249178.71,2645271.004,tushare,LOCAL_USER_PROVIDED,data/research_db/market_data/processed/core12_daily_price_bar.csv,a0c457d1b0664de1033d0da4a6ba782578ab068f4307a0ac5c84c4fe927cfefd,2026-06-01,true
300274,20240319,107.7,110.88,105.55,105.55,188771.86,2032451.473,tushare,LOCAL_USER_PROVIDED,data/research_db/market_data/processed/core12_daily_price_bar.csv,a0c457d1b0664de1033d0da4a6ba782578ab068f4307a0ac5c84c4fe927cfefd,2026-06-01,true
300274,20240320,104.77,107.06,103.95,104.97,131271.73,1379987.513,tushare,LOCAL_USER_PROVIDED,data/research_db/market_data/processed/core12_daily_price_bar.csv,a0c457d1b0664de1033d0da4a6ba782578ab068f4307a0ac5c84c4fe927cfefd,2026-06-01,true
300274,20240321,104.52,105.35,102.78,103.9,153688.29,1598667.168,tushare,LOCAL_USER_PROVIDED,data/research_db/market_data/processed/core12_daily_price_bar.csv,a0c457d1b0664de1033d0da4a6ba782578ab068f4307a0ac5c84c4fe927cfefd,2026-06-01,true
300274,20240322,103.52,104.5,102.2,102.97,95601.41,986754.864,tushare,LOCAL_USER_PROVIDED,data/research_db/market_data/processed/core12_daily_price_bar.csv,a0c457d1b0664de1033d0da4a6ba782578ab068f4307a0ac5c84c4fe927cfefd,2026-06-01,true
300274,20240325,102.38,104.59,102.16,102.6,113315.87,1169444.573,tushare,LOCAL_USER_PROVIDED,data/research_db/market_data/processed/core12_daily_price_bar.csv,a0c457d1b0664de1033d0da4a6ba782578ab068f4307a0ac5c84c4fe927cfefd,2026-06-01,true
300274,20240326,102.2,104.45,101.63,103.45,168123.08,1734311.77,tushare,LOCAL_USER_PROVIDED,data/research_db/market_data/processed/core12_daily_price_bar.csv,a0c457d1b0664de1033d0da4a6ba782578ab068f4307a0ac5c84c4fe927cfefd,2026-06-01,true
300274,20240327,103.97,105.2,102.0,102.08,164052.69,1704023.724,tushare,LOCAL_USER_PROVIDED,data/research_db/market_data/processed/core12_daily_price_bar.csv,a0c457d1b0664de1033d0da4a6ba782578ab068f4307a0ac5c84c4fe927cfefd,2026-06-01,true
300274,20240328,102.6,104.7,101.2,103.2,148120.17,1526643.86,tushare,LOCAL_USER_PROVIDED,data/research_db/market_data/processed/core12_daily_price_bar.csv,a0c457d1b0664de1033d0da4a6ba782578ab068f4307a0ac5c84c4fe927cfefd,2026-06-01,true
300274,20240329,102.71,105.35,102.31,103.8,123867.65,1287002.443,tushare,LOCAL_USER_PROVIDED,data/research_db/market_data/processed/core12_daily_price_bar.csv,a0c457d1b0664de1033d0da4a6ba782578ab068f4307a0ac5c84c4fe927cfefd,2026-06-01,true
300274,20240401,104.0,110.0,103.1,109.04,242477.35,2617539.791,tushare,LOCAL_USER_PROVIDED,data/research_db/market_data/processed/core12_daily_price_bar.csv,a0c457d1b0664de1033d0da4a6ba782578ab068f4307a0ac5c84c4fe927cfefd,2026-06-01,true
300274,20240402,108.0,109.82,106.6,107.1,158653.76,1714887.434,tushare,LOCAL_USER_PROVIDED,data/research_db/market_data/processed/core12_daily_price_bar.csv,a0c457d1b0664de1033d0da4a6ba782578ab068f4307a0ac5c84c4fe927cfefd,2026-06-01,true
300274,20240403,107.09,108.49,104.28,104.88,127798.01,1345005.99,tushare,LOCAL_USER_PROVIDED,data/research_db/market_data/processed/core12_daily_price_bar.csv,a0c457d1b0664de1033d0da4a6ba782578ab068f4307a0ac5c84c4fe927cfefd,2026-06-01,true
300274,20240408,104.3,106.11,103.13,103.43,131817.79,1377641.973,tushare,LOCAL_USER_PROVIDED,data/research_db/market_data/processed/core12_daily_price_bar.csv,a0c457d1b0664de1033d0da4a6ba782578ab068f4307a0ac5c84c4fe927cfefd,2026-06-01,true
300274,20240409,104.5,105.48,101.48,102.18,137474.37,1413068.514,tushare,LOCAL_USER_PROVIDED,data/research_db/market_data/processed/core12_daily_price_bar.csv,a0c457d1b0664de1033d0da4a6ba782578ab068f4307a0ac5c84c4fe927cfefd,2026-06-01,true
300274,20240410,102.0,103.17,98.59,99.57,189403.83,1895724.324,tushare,LOCAL_USER_PROVIDED,data/research_db/market_data/processed/core12_daily_price_bar.csv,a0c457d1b0664de1033d0da4a6ba782578ab068f4307a0ac5c84c4fe927cfefd,2026-06-01,true
300274,20240411,98.55,100.66,98.31,98.79,120312.96,1191995.76,tushare,LOCAL_USER_PROVIDED,data/research_db/market_data/processed/core12_daily_price_bar.csv,a0c457d1b0664de1033d0da4a6ba782578ab068f4307a0ac5c84c4fe927cfefd,2026-06-01,true
300274,20240412,98.93,99.17,95.89,96.28,146065.61,1420853.851,tushare,LOCAL_USER_PROVIDED,data/research_db/market_data/processed/core12_daily_price_bar.csv,a0c457d1b0664de1033d0da4a6ba782578ab068f4307a0ac5c84c4fe927cfefd,2026-06-01,true
300274,20240415,96.1,101.5,96.1,99.73,190066.87,1899401.994,tushare,LOCAL_USER_PROVIDED,data/research_db/market_data/processed/core12_daily_price_bar.csv,a0c457d1b0664de1033d0da4a6ba782578ab068f4307a0ac5c84c4fe927cfefd,2026-06-01,true
300274,20240416,98.8,100.63,98.1,99.1,118150.34,1173546.884,tushare,LOCAL_USER_PROVIDED,data/research_db/market_data/processed/core12_daily_price_bar.csv,a0c457d1b0664de1033d0da4a6ba782578ab068f4307a0ac5c84c4fe927cfefd,2026-06-01,true
300274,20240417,98.6,99.76,97.41,99.06,169040.61,1663436.043,tushare,LOCAL_USER_PROVIDED,data/research_db/market_data/processed/core12_daily_price_bar.csv,a0c457d1b0664de1033d0da4a6ba782578ab068f4307a0ac5c84c4fe927cfefd,2026-06-01,true
300274,20240418,99.0,99.0,96.47,97.12,156063.51,1524217.012,tushare,LOCAL_USER_PROVIDED,data/research_db/market_data/processed/core12_daily_price_bar.csv,a0c457d1b0664de1033d0da4a6ba782578ab068f4307a0ac5c84c4fe927cfefd,2026-06-01,true
300274,20240419,95.65,96.15,92.68,95.16,268883.11,2523504.192,tushare,LOCAL_USER_PROVIDED,data/research_db/market_data/processed/core12_daily_price_bar.csv,a0c457d1b0664de1033d0da4a6ba782578ab068f4307a0ac5c84c4fe927cfefd,2026-06-01,true
300274,20240422,94.0,96.49,92.99,93.99,155180.87,1469152.165,tushare,LOCAL_USER_PROVIDED,data/research_db/market_data/processed/core12_daily_price_bar.csv,a0c457d1b0664de1033d0da4a6ba782578ab068f4307a0ac5c84c4fe927cfefd,2026-06-01,true
300274,20240423,97.96,99.88,96.0,96.98,263354.79,2572693.932,tushare,LOCAL_USER_PROVIDED,data/research_db/market_data/processed/core12_daily_price_bar.csv,a0c457d1b0664de1033d0da4a6ba782578ab068f4307a0ac5c84c4fe927cfefd,2026-06-01,true
300274,20240424,97.54,97.58,94.3,95.2,159596.63,1523605.988,tushare,LOCAL_USER_PROVIDED,data/research_db/market_data/processed/core12_daily_price_bar.csv,a0c457d1b0664de1033d0da4a6ba782578ab068f4307a0ac5c84c4fe927cfefd,2026-06-01,true
300274,20240425,95.35,98.0,94.1,96.89,164156.09,1584369.416,tushare,LOCAL_USER_PROVIDED,data/research_db/market_data/processed/core12_daily_price_bar.csv,a0c457d1b0664de1033d0da4a6ba782578ab068f4307a0ac5c84c4fe927cfefd,2026-06-01,true
300274,20240426,96.85,99.8,96.36,99.27,216127.45,2127172.133,tushare,LOCAL_USER_PROVIDED,data/research_db/market_data/processed/core12_daily_price_bar.csv,a0c457d1b0664de1033d0da4a6ba782578ab068f4307a0ac5c84c4fe927cfefd,2026-06-01,true
300274,20240429,99.99,108.3,99.4,106.32,306455.72,3205496.336,tushare,LOCAL_USER_PROVIDED,data/research_db/market_data/processed/core12_daily_price_bar.csv,a0c457d1b0664de1033d0da4a6ba782578ab068f4307a0ac5c84c4fe927cfefd,2026-06-01,true
300274,20240430,105.98,106.25,103.15,103.35,154961.83,1621046.346,tushare,LOCAL_USER_PROVIDED,data/research_db/market_data/processed/core12_daily_price_bar.csv,a0c457d1b0664de1033d0da4a6ba782578ab068f4307a0ac5c84c4fe927cfefd,2026-06-01,true
300274,20240506,106.9,107.7,105.0,105.68,161012.46,1709130.061,tushare,LOCAL_USER_PROVIDED,data/research_db/market_data/processed/core12_daily_price_bar.csv,a0c457d1b0664de1033d0da4a6ba782578ab068f4307a0ac5c84c4fe927cfefd,2026-06-01,true
300274,20240507,105.23,108.45,104.1,106.9,140407.96,1503505.113,tushare,LOCAL_USER_PROVIDED,data/research_db/market_data/processed/core12_daily_price_bar.csv,a0c457d1b0664de1033d0da4a6ba782578ab068f4307a0ac5c84c4fe927cfefd,2026-06-01,true
300274,20240508,106.02,106.83,104.27,104.46,85843.15,902353.347,tushare,LOCAL_USER_PROVIDED,data/research_db/market_data/processed/core12_daily_price_bar.csv,a0c457d1b0664de1033d0da4a6ba782578ab068f4307a0ac5c84c4fe927cfefd,2026-06-01,true
300274,20240509,104.95,107.82,104.6,106.59,122432.25,1305100.269,tushare,LOCAL_USER_PROVIDED,data/research_db/market_data/processed/core12_daily_price_bar.csv,a0c457d1b0664de1033d0da4a6ba782578ab068f4307a0ac5c84c4fe927cfefd,2026-06-01,true
300274,20240510,106.1,107.19,104.6,106.7,115407.7,1224120.266,tushare,LOCAL_USER_PROVIDED,data/research_db/market_data/processed/core12_daily_price_bar.csv,a0c457d1b0664de1033d0da4a6ba782578ab068f4307a0ac5c84c4fe927cfefd,2026-06-01,true
300274,20240513,104.9,107.55,103.45,105.0,172782.15,1823653.649,tushare,LOCAL_USER_PROVIDED,data/research_db/market_data/processed/core12_daily_price_bar.csv,a0c457d1b0664de1033d0da4a6ba782578ab068f4307a0ac5c84c4fe927cfefd,2026-06-01,true
300274,20240514,106.5,106.97,102.21,102.69,135538.61,1402859.689,tushare,LOCAL_USER_PROVIDED,data/research_db/market_data/processed/core12_daily_price_bar.csv,a0c457d1b0664de1033d0da4a6ba782578ab068f4307a0ac5c84c4fe927cfefd,2026-06-01,true
300274,20240515,108.89,110.0,104.85,105.16,227255.48,2436240.169,tushare,LOCAL_USER_PROVIDED,data/research_db/market_data/processed/core12_daily_price_bar.csv,a0c457d1b0664de1033d0da4a6ba782578ab068f4307a0ac5c84c4fe927cfefd,2026-06-01,true
300274,20240516,105.16,107.88,103.88,105.9,136151.71,1443613.467,tushare,LOCAL_USER_PROVIDED,data/research_db/market_data/processed/core12_daily_price_bar.csv,a0c457d1b0664de1033d0da4a6ba782578ab068f4307a0ac5c84c4fe927cfefd,2026-06-01,true
300274,20240517,104.3,104.49,98.51,101.44,280076.24,2819849.696,tushare,LOCAL_USER_PROVIDED,data/research_db/market_data/processed/core12_daily_price_bar.csv,a0c457d1b0664de1033d0da4a6ba782578ab068f4307a0ac5c84c4fe927cfefd,2026-06-01,true
300274,20240520,99.97,102.15,99.95,101.45,99334.78,1005709.413,tushare,LOCAL_USER_PROVIDED,data/research_db/market_data/processed/core12_daily_price_bar.csv,a0c457d1b0664de1033d0da4a6ba782578ab068f4307a0ac5c84c4fe927cfefd,2026-06-01,true
300274,20240521,100.8,101.33,99.0,100.0,87202.84,869491.72,tushare,LOCAL_USER_PROVIDED,data/research_db/market_data/processed/core12_daily_price_bar.csv,a0c457d1b0664de1033d0da4a6ba782578ab068f4307a0ac5c84c4fe927cfefd,2026-06-01,true
300274,20240522,100.59,105.65,100.24,104.88,235851.31,2428105.003,tushare,LOCAL_USER_PROVIDED,data/research_db/market_data/processed/core12_daily_price_bar.csv,a0c457d1b0664de1033d0da4a6ba782578ab068f4307a0ac5c84c4fe927cfefd,2026-06-01,true
300274,20240523,104.43,104.9,102.0,102.49,123354.46,1274201.855,tushare,LOCAL_USER_PROVIDED,data/research_db/market_data/processed/core12_daily_price_bar.csv,a0c457d1b0664de1033d0da4a6ba782578ab068f4307a0ac5c84c4fe927cfefd,2026-06-01,true
300274,20240524,102.16,103.76,101.01,101.15,76136.17,776719.131,tushare,LOCAL_USER_PROVIDED,data/research_db/market_data/processed/core12_daily_price_bar.csv,a0c457d1b0664de1033d0da4a6ba782578ab068f4307a0ac5c84c4fe927cfefd,2026-06-01,true
300274,20240527,101.59,101.8,99.43,101.17,84895.68,850594.738,tushare,LOCAL_USER_PROVIDED,data/research_db/market_data/processed/core12_daily_price_bar.csv,a0c457d1b0664de1033d0da4a6ba782578ab068f4307a0ac5c84c4fe927cfefd,2026-06-01,true
300274,20240528,100.63,102.42,99.7,99.79,71853.95,721312.848,tushare,LOCAL_USER_PROVIDED,data/research_db/market_data/processed/core12_daily_price_bar.csv,a0c457d1b0664de1033d0da4a6ba782578ab068f4307a0ac5c84c4fe927cfefd,2026-06-01,true
300274,20240529,100.18,103.72,100.0,100.86,143050.94,1459240.393,tushare,LOCAL_USER_PROVIDED,data/research_db/market_data/processed/core12_daily_price_bar.csv,a0c457d1b0664de1033d0da4a6ba782578ab068f4307a0ac5c84c4fe927cfefd,2026-06-01,true
300274,20240530,102.86,103.33,100.43,100.7,102072.33,1037662.155,tushare,LOCAL_USER_PROVIDED,data/research_db/market_data/processed/core12_daily_price_bar.csv,a0c457d1b0664de1033d0da4a6ba782578ab068f4307a0ac5c84c4fe927cfefd,2026-06-01,true
300274,20240531,100.08,101.0,98.5,98.69,111148.71,1104499.788,tushare,LOCAL_USER_PROVIDED,data/research_db/market_data/processed/core12_daily_price_bar.csv,a0c457d1b0664de1033d0da4a6ba782578ab068f4307a0ac5c84c4fe927cfefd,2026-06-01,true
300274,20240603,98.2,99.68,97.02,98.81,113014.69,1110177.37,tushare,LOCAL_USER_PROVIDED,data/research_db/market_data/processed/core12_daily_price_bar.csv,a0c457d1b0664de1033d0da4a6ba782578ab068f4307a0ac5c84c4fe927cfefd,2026-06-01,true
300274,20240604,99.25,103.7,98.08,103.14,183029.34,1853100.021,tushare,LOCAL_USER_PROVIDED,data/research_db/market_data/processed/core12_daily_price_bar.csv,a0c457d1b0664de1033d0da4a6ba782578ab068f4307a0ac5c84c4fe927cfefd,2026-06-01,true
300274,20240605,103.22,104.5,102.5,102.6,106698.91,1102381.163,tushare,LOCAL_USER_PROVIDED,data/research_db/market_data/processed/core12_daily_price_bar.csv,a0c457d1b0664de1033d0da4a6ba782578ab068f4307a0ac5c84c4fe927cfefd,2026-06-01,true
300274,20240606,103.22,103.47,99.0,99.9,133761.95,1344825.807,tushare,LOCAL_USER_PROVIDED,data/research_db/market_data/processed/core12_daily_price_bar.csv,a0c457d1b0664de1033d0da4a6ba782578ab068f4307a0ac5c84c4fe927cfefd,2026-06-01,true
300274,20240607,100.3,100.85,96.58,97.62,145427.88,1423543.141,tushare,LOCAL_USER_PROVIDED,data/research_db/market_data/processed/core12_daily_price_bar.csv,a0c457d1b0664de1033d0da4a6ba782578ab068f4307a0ac5c84c4fe927cfefd,2026-06-01,true
300274,20240611,96.88,98.66,96.65,98.15,87301.73,851722.981,tushare,LOCAL_USER_PROVIDED,data/research_db/market_data/processed/core12_daily_price_bar.csv,a0c457d1b0664de1033d0da4a6ba782578ab068f4307a0ac5c84c4fe927cfefd,2026-06-01,true
300274,20240612,97.5,98.0,96.0,96.82,107445.19,1039972.093,tushare,LOCAL_USER_PROVIDED,data/research_db/market_data/processed/core12_daily_price_bar.csv,a0c457d1b0664de1033d0da4a6ba782578ab068f4307a0ac5c84c4fe927cfefd,2026-06-01,true
300274,20240613,68.8,70.0,67.62,68.84,148056.21,1024629.98,tushare,LOCAL_USER_PROVIDED,data/research_db/market_data/processed/core12_daily_price_bar.csv,a0c457d1b0664de1033d0da4a6ba782578ab068f4307a0ac5c84c4fe927cfefd,2026-06-01,true
300274,20240614,68.35,68.79,65.75,66.59,378289.86,2524187.561,tushare,LOCAL_USER_PROVIDED,data/research_db/market_data/processed/core12_daily_price_bar.csv,a0c457d1b0664de1033d0da4a6ba782578ab068f4307a0ac5c84c4fe927cfefd,2026-06-01,true
300274,20240617,66.39,68.08,65.11,67.94,215229.61,1442075.112,tushare,LOCAL_USER_PROVIDED,data/research_db/market_data/processed/core12_daily_price_bar.csv,a0c457d1b0664de1033d0da4a6ba782578ab068f4307a0ac5c84c4fe927cfefd,2026-06-01,true
300274,20240618,67.8,70.4,67.68,69.55,205608.25,1430908.344,tushare,LOCAL_USER_PROVIDED,data/research_db/market_data/processed/core12_daily_price_bar.csv,a0c457d1b0664de1033d0da4a6ba782578ab068f4307a0ac5c84c4fe927cfefd,2026-06-01,true
300274,20240619,70.1,70.1,68.2,68.39,113740.63,780818.791,tushare,LOCAL_USER_PROVIDED,data/research_db/market_data/processed/core12_daily_price_bar.csv,a0c457d1b0664de1033d0da4a6ba782578ab068f4307a0ac5c84c4fe927cfefd,2026-06-01,true
300274,20240620,68.65,69.12,67.59,67.91,115432.71,787373.03,tushare,LOCAL_USER_PROVIDED,data/research_db/market_data/processed/core12_daily_price_bar.csv,a0c457d1b0664de1033d0da4a6ba782578ab068f4307a0ac5c84c4fe927cfefd,2026-06-01,true
300274,20240621,67.93,69.28,66.77,67.5,138267.77,938072.591,tushare,LOCAL_USER_PROVIDED,data/research_db/market_data/processed/core12_daily_price_bar.csv,a0c457d1b0664de1033d0da4a6ba782578ab068f4307a0ac5c84c4fe927cfefd,2026-06-01,true
300274,20240624,66.8,68.23,66.55,67.65,134808.29,912270.127,tushare,LOCAL_USER_PROVIDED,data/research_db/market_data/processed/core12_daily_price_bar.csv,a0c457d1b0664de1033d0da4a6ba782578ab068f4307a0ac5c84c4fe927cfefd,2026-06-01,true
300274,20240625,67.08,67.63,63.58,64.06,248648.03,1613206.861,tushare,LOCAL_USER_PROVIDED,data/research_db/market_data/processed/core12_daily_price_bar.csv,a0c457d1b0664de1033d0da4a6ba782578ab068f4307a0ac5c84c4fe927cfefd,2026-06-01,true
300274,20240626,63.69,65.32,63.25,64.18,153980.57,984589.149,tushare,LOCAL_USER_PROVIDED,data/research_db/market_data/processed/core12_daily_price_bar.csv,a0c457d1b0664de1033d0da4a6ba782578ab068f4307a0ac5c84c4fe927cfefd,2026-06-01,true
300274,20240627,63.43,63.85,62.5,63.38,130298.31,823791.593,tushare,LOCAL_USER_PROVIDED,data/research_db/market_data/processed/core12_daily_price_bar.csv,a0c457d1b0664de1033d0da4a6ba782578ab068f4307a0ac5c84c4fe927cfefd,2026-06-01,true
300274,20240628,63.33,63.85,61.62,62.03,183102.08,1146526.869,tushare,LOCAL_USER_PROVIDED,data/research_db/market_data/processed/core12_daily_price_bar.csv,a0c457d1b0664de1033d0da4a6ba782578ab068f4307a0ac5c84c4fe927cfefd,2026-06-01,true
300750,20240102,162.22,162.53,156.62,156.83,214032.68,3390080.35,tushare,LOCAL_USER_PROVIDED,data/research_db/market_data/processed/core12_daily_price_bar.csv,a0c457d1b0664de1033d0da4a6ba782578ab068f4307a0ac5c84c4fe927cfefd,2026-06-01,true
300750,20240103,156.1,157.28,154.4,155.8,197575.81,3070016.674,tushare,LOCAL_USER_PROVIDED,data/research_db/market_data/processed/core12_daily_price_bar.csv,a0c457d1b0664de1033d0da4a6ba782578ab068f4307a0ac5c84c4fe927cfefd,2026-06-01,true
300750,20240104,155.5,155.72,149.77,151.2,272417.62,4114835.335,tushare,LOCAL_USER_PROVIDED,data/research_db/market_data/processed/core12_daily_price_bar.csv,a0c457d1b0664de1033d0da4a6ba782578ab068f4307a0ac5c84c4fe927cfefd,2026-06-01,true
300750,20240105,150.99,154.73,149.49,150.9,210353.18,3195235.677,tushare,LOCAL_USER_PROVIDED,data/research_db/market_data/processed/core12_daily_price_bar.csv,a0c457d1b0664de1033d0da4a6ba782578ab068f4307a0ac5c84c4fe927cfefd,2026-06-01,true
300750,20240108,150.2,153.39,149.08,150.0,193854.05,2926528.362,tushare,LOCAL_USER_PROVIDED,data/research_db/market_data/processed/core12_daily_price_bar.csv,a0c457d1b0664de1033d0da4a6ba782578ab068f4307a0ac5c84c4fe927cfefd,2026-06-01,true
300750,20240109,149.96,151.37,145.75,148.7,233916.25,3473507.46,tushare,LOCAL_USER_PROVIDED,data/research_db/market_data/processed/core12_daily_price_bar.csv,a0c457d1b0664de1033d0da4a6ba782578ab068f4307a0ac5c84c4fe927cfefd,2026-06-01,true
300750,20240110,146.94,153.11,146.55,150.66,232119.6,3500326.62,tushare,LOCAL_USER_PROVIDED,data/research_db/market_data/processed/core12_daily_price_bar.csv,a0c457d1b0664de1033d0da4a6ba782578ab068f4307a0ac5c84c4fe927cfefd,2026-06-01,true
300750,20240111,150.66,157.77,148.51,154.82,328018.02,5037065.544,tushare,LOCAL_USER_PROVIDED,data/research_db/market_data/processed/core12_daily_price_bar.csv,a0c457d1b0664de1033d0da4a6ba782578ab068f4307a0ac5c84c4fe927cfefd,2026-06-01,true
300750,20240112,154.0,157.33,152.2,154.63,254622.28,3943737.151,tushare,LOCAL_USER_PROVIDED,data/research_db/market_data/processed/core12_daily_price_bar.csv,a0c457d1b0664de1033d0da4a6ba782578ab068f4307a0ac5c84c4fe927cfefd,2026-06-01,true
300750,20240115,153.5,153.7,149.35,151.7,172721.93,2618158.008,tushare,LOCAL_USER_PROVIDED,data/research_db/market_data/processed/core12_daily_price_bar.csv,a0c457d1b0664de1033d0da4a6ba782578ab068f4307a0ac5c84c4fe927cfefd,2026-06-01,true
300750,20240116,151.66,157.25,150.56,156.95,284692.7,4421625.829,tushare,LOCAL_USER_PROVIDED,data/research_db/market_data/processed/core12_daily_price_bar.csv,a0c457d1b0664de1033d0da4a6ba782578ab068f4307a0ac5c84c4fe927cfefd,2026-06-01,true
300750,20240117,156.86,156.86,151.75,152.24,217615.25,3343384.132,tushare,LOCAL_USER_PROVIDED,data/research_db/market_data/processed/core12_daily_price_bar.csv,a0c457d1b0664de1033d0da4a6ba782578ab068f4307a0ac5c84c4fe927cfefd,2026-06-01,true
300750,20240118,150.1,155.2,150.01,154.61,307787.79,4688436.698,tushare,LOCAL_USER_PROVIDED,data/research_db/market_data/processed/core12_daily_price_bar.csv,a0c457d1b0664de1033d0da4a6ba782578ab068f4307a0ac5c84c4fe927cfefd,2026-06-01,true
300750,20240119,153.8,157.89,153.4,154.9,265949.08,4136034.233,tushare,LOCAL_USER_PROVIDED,data/research_db/market_data/processed/core12_daily_price_bar.csv,a0c457d1b0664de1033d0da4a6ba782578ab068f4307a0ac5c84c4fe927cfefd,2026-06-01,true
300750,20240122,153.5,159.95,150.65,155.66,404888.1,6323471.153,tushare,LOCAL_USER_PROVIDED,data/research_db/market_data/processed/core12_daily_price_bar.csv,a0c457d1b0664de1033d0da4a6ba782578ab068f4307a0ac5c84c4fe927cfefd,2026-06-01,true
300750,20240123,155.0,158.8,153.19,153.91,323058.95,5033058.276,tushare,LOCAL_USER_PROVIDED,data/research_db/market_data/processed/core12_daily_price_bar.csv,a0c457d1b0664de1033d0da4a6ba782578ab068f4307a0ac5c84c4fe927cfefd,2026-06-01,true
300750,20240124,154.5,154.99,149.51,153.48,248709.83,3776131.708,tushare,LOCAL_USER_PROVIDED,data/research_db/market_data/processed/core12_daily_price_bar.csv,a0c457d1b0664de1033d0da4a6ba782578ab068f4307a0ac5c84c4fe927cfefd,2026-06-01,true
300750,20240125,152.0,155.1,149.71,155.0,294796.09,4503492.568,tushare,LOCAL_USER_PROVIDED,data/research_db/market_data/processed/core12_daily_price_bar.csv,a0c457d1b0664de1033d0da4a6ba782578ab068f4307a0ac5c84c4fe927cfefd,2026-06-01,true
300750,20240126,152.5,154.48,150.0,150.0,271812.7,4118576.148,tushare,LOCAL_USER_PROVIDED,data/research_db/market_data/processed/core12_daily_price_bar.csv,a0c457d1b0664de1033d0da4a6ba782578ab068f4307a0ac5c84c4fe927cfefd,2026-06-01,true
300750,20240129,149.44,150.78,147.02,147.02,217675.0,3235910.043,tushare,LOCAL_USER_PROVIDED,data/research_db/market_data/processed/core12_daily_price_bar.csv,a0c457d1b0664de1033d0da4a6ba782578ab068f4307a0ac5c84c4fe927cfefd,2026-06-01,true
300750,20240130,145.5,147.44,140.4,140.75,327274.25,4680164.654,tushare,LOCAL_USER_PROVIDED,data/research_db/market_data/processed/core12_daily_price_bar.csv,a0c457d1b0664de1033d0da4a6ba782578ab068f4307a0ac5c84c4fe927cfefd,2026-06-01,true
300750,20240131,145.0,152.96,144.0,151.59,595221.08,8943013.793,tushare,LOCAL_USER_PROVIDED,data/research_db/market_data/processed/core12_daily_price_bar.csv,a0c457d1b0664de1033d0da4a6ba782578ab068f4307a0ac5c84c4fe927cfefd,2026-06-01,true
300750,20240201,151.58,152.52,148.58,149.02,279688.44,4197978.843,tushare,LOCAL_USER_PROVIDED,data/research_db/market_data/processed/core12_daily_price_bar.csv,a0c457d1b0664de1033d0da4a6ba782578ab068f4307a0ac5c84c4fe927cfefd,2026-06-01,true
300750,20240202,148.0,149.0,143.37,146.0,307060.37,4494266.568,tushare,LOCAL_USER_PROVIDED,data/research_db/market_data/processed/core12_daily_price_bar.csv,a0c457d1b0664de1033d0da4a6ba782578ab068f4307a0ac5c84c4fe927cfefd,2026-06-01,true
300750,20240205,142.61,154.5,142.3,151.94,471326.13,7035622.773,tushare,LOCAL_USER_PROVIDED,data/research_db/market_data/processed/core12_daily_price_bar.csv,a0c457d1b0664de1033d0da4a6ba782578ab068f4307a0ac5c84c4fe927cfefd,2026-06-01,true
300750,20240206,151.19,159.26,150.82,158.33,437459.26,6828296.924,tushare,LOCAL_USER_PROVIDED,data/research_db/market_data/processed/core12_daily_price_bar.csv,a0c457d1b0664de1033d0da4a6ba782578ab068f4307a0ac5c84c4fe927cfefd,2026-06-01,true
300750,20240207,158.0,159.79,156.0,159.6,366070.4,5800699.416,tushare,LOCAL_USER_PROVIDED,data/research_db/market_data/processed/core12_daily_price_bar.csv,a0c457d1b0664de1033d0da4a6ba782578ab068f4307a0ac5c84c4fe927cfefd,2026-06-01,true
300750,20240208,159.5,165.0,158.88,162.84,309011.56,5016344.779,tushare,LOCAL_USER_PROVIDED,data/research_db/market_data/processed/core12_daily_price_bar.csv,a0c457d1b0664de1033d0da4a6ba782578ab068f4307a0ac5c84c4fe927cfefd,2026-06-01,true
300750,20240219,164.96,164.96,159.09,160.09,270924.76,4355156.563,tushare,LOCAL_USER_PROVIDED,data/research_db/market_data/processed/core12_daily_price_bar.csv,a0c457d1b0664de1033d0da4a6ba782578ab068f4307a0ac5c84c4fe927cfefd,2026-06-01,true
300750,20240220,161.88,161.88,156.07,158.33,221947.91,3506366.283,tushare,LOCAL_USER_PROVIDED,data/research_db/market_data/processed/core12_daily_price_bar.csv,a0c457d1b0664de1033d0da4a6ba782578ab068f4307a0ac5c84c4fe927cfefd,2026-06-01,true
300750,20240221,157.38,163.3,156.34,161.2,257826.63,4135575.624,tushare,LOCAL_USER_PROVIDED,data/research_db/market_data/processed/core12_daily_price_bar.csv,a0c457d1b0664de1033d0da4a6ba782578ab068f4307a0ac5c84c4fe927cfefd,2026-06-01,true
300750,20240222,161.33,161.33,158.88,160.35,209559.47,3349275.887,tushare,LOCAL_USER_PROVIDED,data/research_db/market_data/processed/core12_daily_price_bar.csv,a0c457d1b0664de1033d0da4a6ba782578ab068f4307a0ac5c84c4fe927cfefd,2026-06-01,true
300750,20240223,161.97,162.0,159.06,160.5,210176.39,3368773.226,tushare,LOCAL_USER_PROVIDED,data/research_db/market_data/processed/core12_daily_price_bar.csv,a0c457d1b0664de1033d0da4a6ba782578ab068f4307a0ac5c84c4fe927cfefd,2026-06-01,true
300750,20240226,159.23,159.99,154.7,156.0,360664.25,5638931.754,tushare,LOCAL_USER_PROVIDED,data/research_db/market_data/processed/core12_daily_price_bar.csv,a0c457d1b0664de1033d0da4a6ba782578ab068f4307a0ac5c84c4fe927cfefd,2026-06-01,true
300750,20240227,155.08,157.85,154.54,157.83,290400.75,4531078.101,tushare,LOCAL_USER_PROVIDED,data/research_db/market_data/processed/core12_daily_price_bar.csv,a0c457d1b0664de1033d0da4a6ba782578ab068f4307a0ac5c84c4fe927cfefd,2026-06-01,true
300750,20240228,158.18,163.3,157.01,157.01,400917.11,6423464.926,tushare,LOCAL_USER_PROVIDED,data/research_db/market_data/processed/core12_daily_price_bar.csv,a0c457d1b0664de1033d0da4a6ba782578ab068f4307a0ac5c84c4fe927cfefd,2026-06-01,true
300750,20240229,156.1,163.77,155.66,163.51,391675.04,6315294.345,tushare,LOCAL_USER_PROVIDED,data/research_db/market_data/processed/core12_daily_price_bar.csv,a0c457d1b0664de1033d0da4a6ba782578ab068f4307a0ac5c84c4fe927cfefd,2026-06-01,true
300750,20240301,163.53,165.56,162.4,164.55,281013.36,4610970.231,tushare,LOCAL_USER_PROVIDED,data/research_db/market_data/processed/core12_daily_price_bar.csv,a0c457d1b0664de1033d0da4a6ba782578ab068f4307a0ac5c84c4fe927cfefd,2026-06-01,true
300750,20240304,165.0,167.86,162.77,163.9,268085.77,4424835.39,tushare,LOCAL_USER_PROVIDED,data/research_db/market_data/processed/core12_daily_price_bar.csv,a0c457d1b0664de1033d0da4a6ba782578ab068f4307a0ac5c84c4fe927cfefd,2026-06-01,true
300750,20240305,162.1,165.2,160.0,164.65,275495.99,4478109.344,tushare,LOCAL_USER_PROVIDED,data/research_db/market_data/processed/core12_daily_price_bar.csv,a0c457d1b0664de1033d0da4a6ba782578ab068f4307a0ac5c84c4fe927cfefd,2026-06-01,true
300750,20240306,162.58,166.9,161.7,163.64,187180.09,3067856.205,tushare,LOCAL_USER_PROVIDED,data/research_db/market_data/processed/core12_daily_price_bar.csv,a0c457d1b0664de1033d0da4a6ba782578ab068f4307a0ac5c84c4fe927cfefd,2026-06-01,true
300750,20240307,163.0,164.17,159.48,160.15,221450.21,3568786.297,tushare,LOCAL_USER_PROVIDED,data/research_db/market_data/processed/core12_daily_price_bar.csv,a0c457d1b0664de1033d0da4a6ba782578ab068f4307a0ac5c84c4fe927cfefd,2026-06-01,true
300750,20240308,159.13,160.8,156.65,158.0,202170.23,3194520.067,tushare,LOCAL_USER_PROVIDED,data/research_db/market_data/processed/core12_daily_price_bar.csv,a0c457d1b0664de1033d0da4a6ba782578ab068f4307a0ac5c84c4fe927cfefd,2026-06-01,true
300750,20240311,165.0,181.65,164.1,180.85,763350.47,13248182.793,tushare,LOCAL_USER_PROVIDED,data/research_db/market_data/processed/core12_daily_price_bar.csv,a0c457d1b0664de1033d0da4a6ba782578ab068f4307a0ac5c84c4fe927cfefd,2026-06-01,true
300750,20240312,183.34,186.43,180.0,185.84,621649.0,11428112.945,tushare,LOCAL_USER_PROVIDED,data/research_db/market_data/processed/core12_daily_price_bar.csv,a0c457d1b0664de1033d0da4a6ba782578ab068f4307a0ac5c84c4fe927cfefd,2026-06-01,true
300750,20240313,187.0,187.69,183.3,185.18,347957.98,6444102.062,tushare,LOCAL_USER_PROVIDED,data/research_db/market_data/processed/core12_daily_price_bar.csv,a0c457d1b0664de1033d0da4a6ba782578ab068f4307a0ac5c84c4fe927cfefd,2026-06-01,true
300750,20240314,184.89,187.96,182.96,183.81,305356.46,5642924.971,tushare,LOCAL_USER_PROVIDED,data/research_db/market_data/processed/core12_daily_price_bar.csv,a0c457d1b0664de1033d0da4a6ba782578ab068f4307a0ac5c84c4fe927cfefd,2026-06-01,true
300750,20240315,183.63,183.9,176.85,181.0,354836.44,6371462.215,tushare,LOCAL_USER_PROVIDED,data/research_db/market_data/processed/core12_daily_price_bar.csv,a0c457d1b0664de1033d0da4a6ba782578ab068f4307a0ac5c84c4fe927cfefd,2026-06-01,true
300750,20240318,190.04,193.76,188.95,190.96,483051.73,9229188.79,tushare,LOCAL_USER_PROVIDED,data/research_db/market_data/processed/core12_daily_price_bar.csv,a0c457d1b0664de1033d0da4a6ba782578ab068f4307a0ac5c84c4fe927cfefd,2026-06-01,true
300750,20240319,190.49,192.3,186.6,187.25,269575.76,5099068.939,tushare,LOCAL_USER_PROVIDED,data/research_db/market_data/processed/core12_daily_price_bar.csv,a0c457d1b0664de1033d0da4a6ba782578ab068f4307a0ac5c84c4fe927cfefd,2026-06-01,true
300750,20240320,185.51,191.24,185.51,189.48,210315.84,3987105.282,tushare,LOCAL_USER_PROVIDED,data/research_db/market_data/processed/core12_daily_price_bar.csv,a0c457d1b0664de1033d0da4a6ba782578ab068f4307a0ac5c84c4fe927cfefd,2026-06-01,true
300750,20240321,189.51,191.88,189.08,189.08,187567.2,3571619.014,tushare,LOCAL_USER_PROVIDED,data/research_db/market_data/processed/core12_daily_price_bar.csv,a0c457d1b0664de1033d0da4a6ba782578ab068f4307a0ac5c84c4fe927cfefd,2026-06-01,true
300750,20240322,189.09,189.91,184.99,186.51,191033.67,3563063.417,tushare,LOCAL_USER_PROVIDED,data/research_db/market_data/processed/core12_daily_price_bar.csv,a0c457d1b0664de1033d0da4a6ba782578ab068f4307a0ac5c84c4fe927cfefd,2026-06-01,true
300750,20240325,185.57,188.2,184.48,184.8,164133.65,3046334.226,tushare,LOCAL_USER_PROVIDED,data/research_db/market_data/processed/core12_daily_price_bar.csv,a0c457d1b0664de1033d0da4a6ba782578ab068f4307a0ac5c84c4fe927cfefd,2026-06-01,true
300750,20240326,185.7,193.13,185.69,191.8,302473.08,5746016.496,tushare,LOCAL_USER_PROVIDED,data/research_db/market_data/processed/core12_daily_price_bar.csv,a0c457d1b0664de1033d0da4a6ba782578ab068f4307a0ac5c84c4fe927cfefd,2026-06-01,true
300750,20240327,191.74,191.75,188.0,188.0,206457.04,3910050.276,tushare,LOCAL_USER_PROVIDED,data/research_db/market_data/processed/core12_daily_price_bar.csv,a0c457d1b0664de1033d0da4a6ba782578ab068f4307a0ac5c84c4fe927cfefd,2026-06-01,true
300750,20240328,188.07,191.7,186.6,188.78,200367.25,3792149.245,tushare,LOCAL_USER_PROVIDED,data/research_db/market_data/processed/core12_daily_price_bar.csv,a0c457d1b0664de1033d0da4a6ba782578ab068f4307a0ac5c84c4fe927cfefd,2026-06-01,true
300750,20240329,190.3,195.0,189.38,190.16,164648.06,3154024.729,tushare,LOCAL_USER_PROVIDED,data/research_db/market_data/processed/core12_daily_price_bar.csv,a0c457d1b0664de1033d0da4a6ba782578ab068f4307a0ac5c84c4fe927cfefd,2026-06-01,true
300750,20240401,194.0,199.83,193.4,197.84,275131.87,5438688.735,tushare,LOCAL_USER_PROVIDED,data/research_db/market_data/processed/core12_daily_price_bar.csv,a0c457d1b0664de1033d0da4a6ba782578ab068f4307a0ac5c84c4fe927cfefd,2026-06-01,true
300750,20240402,198.1,201.57,196.5,199.7,240381.1,4793028.387,tushare,LOCAL_USER_PROVIDED,data/research_db/market_data/processed/core12_daily_price_bar.csv,a0c457d1b0664de1033d0da4a6ba782578ab068f4307a0ac5c84c4fe927cfefd,2026-06-01,true
300750,20240403,198.94,198.95,194.6,197.65,234890.41,4635543.376,tushare,LOCAL_USER_PROVIDED,data/research_db/market_data/processed/core12_daily_price_bar.csv,a0c457d1b0664de1033d0da4a6ba782578ab068f4307a0ac5c84c4fe927cfefd,2026-06-01,true
300750,20240408,197.65,199.9,194.6,194.6,189575.56,3729974.587,tushare,LOCAL_USER_PROVIDED,data/research_db/market_data/processed/core12_daily_price_bar.csv,a0c457d1b0664de1033d0da4a6ba782578ab068f4307a0ac5c84c4fe927cfefd,2026-06-01,true
300750,20240409,194.0,196.5,193.71,196.0,145700.01,2845224.467,tushare,LOCAL_USER_PROVIDED,data/research_db/market_data/processed/core12_daily_price_bar.csv,a0c457d1b0664de1033d0da4a6ba782578ab068f4307a0ac5c84c4fe927cfefd,2026-06-01,true
300750,20240410,194.11,195.0,191.53,192.74,179614.95,3459617.611,tushare,LOCAL_USER_PROVIDED,data/research_db/market_data/processed/core12_daily_price_bar.csv,a0c457d1b0664de1033d0da4a6ba782578ab068f4307a0ac5c84c4fe927cfefd,2026-06-01,true
300750,20240411,190.81,194.3,187.0,192.6,192954.44,3681659.228,tushare,LOCAL_USER_PROVIDED,data/research_db/market_data/processed/core12_daily_price_bar.csv,a0c457d1b0664de1033d0da4a6ba782578ab068f4307a0ac5c84c4fe927cfefd,2026-06-01,true
300750,20240412,191.0,191.98,188.01,188.39,166256.45,3153751.599,tushare,LOCAL_USER_PROVIDED,data/research_db/market_data/processed/core12_daily_price_bar.csv,a0c457d1b0664de1033d0da4a6ba782578ab068f4307a0ac5c84c4fe927cfefd,2026-06-01,true
300750,20240415,193.85,197.14,191.86,197.14,305482.5,5978911.501,tushare,LOCAL_USER_PROVIDED,data/research_db/market_data/processed/core12_daily_price_bar.csv,a0c457d1b0664de1033d0da4a6ba782578ab068f4307a0ac5c84c4fe927cfefd,2026-06-01,true
300750,20240416,199.0,199.3,194.92,197.15,276231.2,5450235.801,tushare,LOCAL_USER_PROVIDED,data/research_db/market_data/processed/core12_daily_price_bar.csv,a0c457d1b0664de1033d0da4a6ba782578ab068f4307a0ac5c84c4fe927cfefd,2026-06-01,true
300750,20240417,195.35,196.93,193.02,195.99,216191.64,4211033.978,tushare,LOCAL_USER_PROVIDED,data/research_db/market_data/processed/core12_daily_price_bar.csv,a0c457d1b0664de1033d0da4a6ba782578ab068f4307a0ac5c84c4fe927cfefd,2026-06-01,true
300750,20240418,193.97,197.45,191.39,195.56,195395.76,3808772.287,tushare,LOCAL_USER_PROVIDED,data/research_db/market_data/processed/core12_daily_price_bar.csv,a0c457d1b0664de1033d0da4a6ba782578ab068f4307a0ac5c84c4fe927cfefd,2026-06-01,true
300750,20240419,193.06,194.46,189.51,190.8,184914.72,3533488.436,tushare,LOCAL_USER_PROVIDED,data/research_db/market_data/processed/core12_daily_price_bar.csv,a0c457d1b0664de1033d0da4a6ba782578ab068f4307a0ac5c84c4fe927cfefd,2026-06-01,true
300750,20240422,192.8,194.89,190.57,190.6,150987.43,2903026.006,tushare,LOCAL_USER_PROVIDED,data/research_db/market_data/processed/core12_daily_price_bar.csv,a0c457d1b0664de1033d0da4a6ba782578ab068f4307a0ac5c84c4fe927cfefd,2026-06-01,true
300750,20240423,191.13,192.5,187.88,189.93,111137.96,2113386.95,tushare,LOCAL_USER_PROVIDED,data/research_db/market_data/processed/core12_daily_price_bar.csv,a0c457d1b0664de1033d0da4a6ba782578ab068f4307a0ac5c84c4fe927cfefd,2026-06-01,true
300750,20240424,192.0,192.4,186.4,189.6,151542.79,2865374.635,tushare,LOCAL_USER_PROVIDED,data/research_db/market_data/processed/core12_daily_price_bar.csv,a0c457d1b0664de1033d0da4a6ba782578ab068f4307a0ac5c84c4fe927cfefd,2026-06-01,true
300750,20240425,188.57,194.35,187.89,193.2,164183.23,3150746.112,tushare,LOCAL_USER_PROVIDED,data/research_db/market_data/processed/core12_daily_price_bar.csv,a0c457d1b0664de1033d0da4a6ba782578ab068f4307a0ac5c84c4fe927cfefd,2026-06-01,true
300750,20240426,192.01,198.88,192.01,198.48,224880.71,4413524.313,tushare,LOCAL_USER_PROVIDED,data/research_db/market_data/processed/core12_daily_price_bar.csv,a0c457d1b0664de1033d0da4a6ba782578ab068f4307a0ac5c84c4fe927cfefd,2026-06-01,true
300750,20240429,200.57,213.5,200.0,209.63,438630.35,9119637.969,tushare,LOCAL_USER_PROVIDED,data/research_db/market_data/processed/core12_daily_price_bar.csv,a0c457d1b0664de1033d0da4a6ba782578ab068f4307a0ac5c84c4fe927cfefd,2026-06-01,true
300750,20240430,205.76,205.76,202.0,202.6,214330.24,4377316.692,tushare,LOCAL_USER_PROVIDED,data/research_db/market_data/processed/core12_daily_price_bar.csv,a0c457d1b0664de1033d0da4a6ba782578ab068f4307a0ac5c84c4fe927cfefd,2026-06-01,true
300750,20240506,211.0,211.7,206.03,206.98,270998.99,5634660.01,tushare,LOCAL_USER_PROVIDED,data/research_db/market_data/processed/core12_daily_price_bar.csv,a0c457d1b0664de1033d0da4a6ba782578ab068f4307a0ac5c84c4fe927cfefd,2026-06-01,true
300750,20240507,206.18,207.88,205.15,206.88,131799.02,2722386.148,tushare,LOCAL_USER_PROVIDED,data/research_db/market_data/processed/core12_daily_price_bar.csv,a0c457d1b0664de1033d0da4a6ba782578ab068f4307a0ac5c84c4fe927cfefd,2026-06-01,true
300750,20240508,207.0,207.8,203.11,203.23,124329.97,2544539.626,tushare,LOCAL_USER_PROVIDED,data/research_db/market_data/processed/core12_daily_price_bar.csv,a0c457d1b0664de1033d0da4a6ba782578ab068f4307a0ac5c84c4fe927cfefd,2026-06-01,true
300750,20240509,206.27,210.51,206.2,209.4,219216.28,4575999.96,tushare,LOCAL_USER_PROVIDED,data/research_db/market_data/processed/core12_daily_price_bar.csv,a0c457d1b0664de1033d0da4a6ba782578ab068f4307a0ac5c84c4fe927cfefd,2026-06-01,true
300750,20240510,209.4,209.4,203.0,203.5,228011.32,4675581.9,tushare,LOCAL_USER_PROVIDED,data/research_db/market_data/processed/core12_daily_price_bar.csv,a0c457d1b0664de1033d0da4a6ba782578ab068f4307a0ac5c84c4fe927cfefd,2026-06-01,true
300750,20240513,196.3,201.77,195.51,199.35,221967.23,4425713.328,tushare,LOCAL_USER_PROVIDED,data/research_db/market_data/processed/core12_daily_price_bar.csv,a0c457d1b0664de1033d0da4a6ba782578ab068f4307a0ac5c84c4fe927cfefd,2026-06-01,true
300750,20240514,200.6,201.2,198.12,199.01,106947.12,2131826.964,tushare,LOCAL_USER_PROVIDED,data/research_db/market_data/processed/core12_daily_price_bar.csv,a0c457d1b0664de1033d0da4a6ba782578ab068f4307a0ac5c84c4fe927cfefd,2026-06-01,true
300750,20240515,199.01,203.33,197.5,197.89,130741.16,2607766.832,tushare,LOCAL_USER_PROVIDED,data/research_db/market_data/processed/core12_daily_price_bar.csv,a0c457d1b0664de1033d0da4a6ba782578ab068f4307a0ac5c84c4fe927cfefd,2026-06-01,true
300750,20240516,198.8,201.64,196.98,199.67,153782.04,3065019.509,tushare,LOCAL_USER_PROVIDED,data/research_db/market_data/processed/core12_daily_price_bar.csv,a0c457d1b0664de1033d0da4a6ba782578ab068f4307a0ac5c84c4fe927cfefd,2026-06-01,true
300750,20240517,199.7,203.0,198.58,203.0,184962.01,3727316.446,tushare,LOCAL_USER_PROVIDED,data/research_db/market_data/processed/core12_daily_price_bar.csv,a0c457d1b0664de1033d0da4a6ba782578ab068f4307a0ac5c84c4fe927cfefd,2026-06-01,true
300750,20240520,207.2,207.88,203.01,203.45,199171.71,4083626.153,tushare,LOCAL_USER_PROVIDED,data/research_db/market_data/processed/core12_daily_price_bar.csv,a0c457d1b0664de1033d0da4a6ba782578ab068f4307a0ac5c84c4fe927cfefd,2026-06-01,true
300750,20240521,203.67,204.58,200.56,201.56,122963.58,2480343.31,tushare,LOCAL_USER_PROVIDED,data/research_db/market_data/processed/core12_daily_price_bar.csv,a0c457d1b0664de1033d0da4a6ba782578ab068f4307a0ac5c84c4fe927cfefd,2026-06-01,true
300750,20240522,202.5,207.0,201.6,204.89,252365.61,5153120.079,tushare,LOCAL_USER_PROVIDED,data/research_db/market_data/processed/core12_daily_price_bar.csv,a0c457d1b0664de1033d0da4a6ba782578ab068f4307a0ac5c84c4fe927cfefd,2026-06-01,true
300750,20240523,204.2,205.65,203.13,204.34,176548.2,3602986.569,tushare,LOCAL_USER_PROVIDED,data/research_db/market_data/processed/core12_daily_price_bar.csv,a0c457d1b0664de1033d0da4a6ba782578ab068f4307a0ac5c84c4fe927cfefd,2026-06-01,true
300750,20240524,202.8,204.86,200.79,200.98,155106.93,3136303.497,tushare,LOCAL_USER_PROVIDED,data/research_db/market_data/processed/core12_daily_price_bar.csv,a0c457d1b0664de1033d0da4a6ba782578ab068f4307a0ac5c84c4fe927cfefd,2026-06-01,true
300750,20240527,201.8,201.8,198.5,200.01,163617.85,3261446.783,tushare,LOCAL_USER_PROVIDED,data/research_db/market_data/processed/core12_daily_price_bar.csv,a0c457d1b0664de1033d0da4a6ba782578ab068f4307a0ac5c84c4fe927cfefd,2026-06-01,true
300750,20240528,199.46,200.58,197.6,197.8,126899.94,2517505.166,tushare,LOCAL_USER_PROVIDED,data/research_db/market_data/processed/core12_daily_price_bar.csv,a0c457d1b0664de1033d0da4a6ba782578ab068f4307a0ac5c84c4fe927cfefd,2026-06-01,true
300750,20240529,198.01,202.5,197.8,198.79,133387.55,2663801.635,tushare,LOCAL_USER_PROVIDED,data/research_db/market_data/processed/core12_daily_price_bar.csv,a0c457d1b0664de1033d0da4a6ba782578ab068f4307a0ac5c84c4fe927cfefd,2026-06-01,true
300750,20240530,199.05,200.88,197.66,199.35,127840.04,2548445.865,tushare,LOCAL_USER_PROVIDED,data/research_db/market_data/processed/core12_daily_price_bar.csv,a0c457d1b0664de1033d0da4a6ba782578ab068f4307a0ac5c84c4fe927cfefd,2026-06-01,true
300750,20240531,199.35,202.25,197.76,197.76,138086.27,2760668.471,tushare,LOCAL_USER_PROVIDED,data/research_db/market_data/processed/core12_daily_price_bar.csv,a0c457d1b0664de1033d0da4a6ba782578ab068f4307a0ac5c84c4fe927cfefd,2026-06-01,true
300750,20240603,197.76,203.6,195.8,202.5,187180.68,3757638.84,tushare,LOCAL_USER_PROVIDED,data/research_db/market_data/processed/core12_daily_price_bar.csv,a0c457d1b0664de1033d0da4a6ba782578ab068f4307a0ac5c84c4fe927cfefd,2026-06-01,true
300750,20240604,201.99,207.24,201.0,205.97,177149.39,3639805.938,tushare,LOCAL_USER_PROVIDED,data/research_db/market_data/processed/core12_daily_price_bar.csv,a0c457d1b0664de1033d0da4a6ba782578ab068f4307a0ac5c84c4fe927cfefd,2026-06-01,true
300750,20240605,205.7,207.85,204.01,204.12,117773.9,2420867.502,tushare,LOCAL_USER_PROVIDED,data/research_db/market_data/processed/core12_daily_price_bar.csv,a0c457d1b0664de1033d0da4a6ba782578ab068f4307a0ac5c84c4fe927cfefd,2026-06-01,true
300750,20240606,203.98,206.88,202.2,204.79,124125.7,2544442.658,tushare,LOCAL_USER_PROVIDED,data/research_db/market_data/processed/core12_daily_price_bar.csv,a0c457d1b0664de1033d0da4a6ba782578ab068f4307a0ac5c84c4fe927cfefd,2026-06-01,true
300750,20240607,198.86,202.45,187.59,193.2,516867.6,10008885.041,tushare,LOCAL_USER_PROVIDED,data/research_db/market_data/processed/core12_daily_price_bar.csv,a0c457d1b0664de1033d0da4a6ba782578ab068f4307a0ac5c84c4fe927cfefd,2026-06-01,true
300750,20240611,189.0,192.0,184.61,188.77,420723.63,7876263.876,tushare,LOCAL_USER_PROVIDED,data/research_db/market_data/processed/core12_daily_price_bar.csv,a0c457d1b0664de1033d0da4a6ba782578ab068f4307a0ac5c84c4fe927cfefd,2026-06-01,true
300750,20240612,186.0,189.76,185.48,185.6,203103.92,3788449.182,tushare,LOCAL_USER_PROVIDED,data/research_db/market_data/processed/core12_daily_price_bar.csv,a0c457d1b0664de1033d0da4a6ba782578ab068f4307a0ac5c84c4fe927cfefd,2026-06-01,true
300750,20240613,187.0,190.01,185.12,185.18,221176.37,4134985.666,tushare,LOCAL_USER_PROVIDED,data/research_db/market_data/processed/core12_daily_price_bar.csv,a0c457d1b0664de1033d0da4a6ba782578ab068f4307a0ac5c84c4fe927cfefd,2026-06-01,true
300750,20240614,186.1,186.58,178.58,184.89,371849.49,6764196.086,tushare,LOCAL_USER_PROVIDED,data/research_db/market_data/processed/core12_daily_price_bar.csv,a0c457d1b0664de1033d0da4a6ba782578ab068f4307a0ac5c84c4fe927cfefd,2026-06-01,true
300750,20240617,182.55,190.5,182.31,188.2,269293.18,5044213.365,tushare,LOCAL_USER_PROVIDED,data/research_db/market_data/processed/core12_daily_price_bar.csv,a0c457d1b0664de1033d0da4a6ba782578ab068f4307a0ac5c84c4fe927cfefd,2026-06-01,true
300750,20240618,188.15,190.47,187.02,190.33,156529.09,2959271.843,tushare,LOCAL_USER_PROVIDED,data/research_db/market_data/processed/core12_daily_price_bar.csv,a0c457d1b0664de1033d0da4a6ba782578ab068f4307a0ac5c84c4fe927cfefd,2026-06-01,true
300750,20240619,190.6,190.7,187.68,189.01,107539.75,2030697.6,tushare,LOCAL_USER_PROVIDED,data/research_db/market_data/processed/core12_daily_price_bar.csv,a0c457d1b0664de1033d0da4a6ba782578ab068f4307a0ac5c84c4fe927cfefd,2026-06-01,true
300750,20240620,189.99,190.11,187.1,187.99,115623.7,2172637.229,tushare,LOCAL_USER_PROVIDED,data/research_db/market_data/processed/core12_daily_price_bar.csv,a0c457d1b0664de1033d0da4a6ba782578ab068f4307a0ac5c84c4fe927cfefd,2026-06-01,true
300750,20240621,188.31,188.96,182.37,185.16,184677.17,3416688.22,tushare,LOCAL_USER_PROVIDED,data/research_db/market_data/processed/core12_daily_price_bar.csv,a0c457d1b0664de1033d0da4a6ba782578ab068f4307a0ac5c84c4fe927cfefd,2026-06-01,true
300750,20240624,183.0,187.99,183.0,186.98,180354.9,3363422.626,tushare,LOCAL_USER_PROVIDED,data/research_db/market_data/processed/core12_daily_price_bar.csv,a0c457d1b0664de1033d0da4a6ba782578ab068f4307a0ac5c84c4fe927cfefd,2026-06-01,true
300750,20240625,187.0,189.2,185.6,186.32,144144.12,2696969.882,tushare,LOCAL_USER_PROVIDED,data/research_db/market_data/processed/core12_daily_price_bar.csv,a0c457d1b0664de1033d0da4a6ba782578ab068f4307a0ac5c84c4fe927cfefd,2026-06-01,true
300750,20240626,185.12,186.63,183.2,185.51,104813.98,1940490.559,tushare,LOCAL_USER_PROVIDED,data/research_db/market_data/processed/core12_daily_price_bar.csv,a0c457d1b0664de1033d0da4a6ba782578ab068f4307a0ac5c84c4fe927cfefd,2026-06-01,true
300750,20240627,185.51,185.88,183.01,185.0,126535.77,2330478.211,tushare,LOCAL_USER_PROVIDED,data/research_db/market_data/processed/core12_daily_price_bar.csv,a0c457d1b0664de1033d0da4a6ba782578ab068f4307a0ac5c84c4fe927cfefd,2026-06-01,true
300750,20240628,183.8,185.48,179.84,180.03,194205.06,3539244.333,tushare,LOCAL_USER_PROVIDED,data/research_db/market_data/processed/core12_daily_price_bar.csv,a0c457d1b0664de1033d0da4a6ba782578ab068f4307a0ac5c84c4fe927cfefd,2026-06-01,true
300763,20240102,69.7,69.9,68.3,68.42,70056.6,482798.745,tushare,LOCAL_USER_PROVIDED,data/research_db/market_data/processed/core12_daily_price_bar.csv,a0c457d1b0664de1033d0da4a6ba782578ab068f4307a0ac5c84c4fe927cfefd,2026-06-01,true
300763,20240103,68.28,69.57,67.43,68.15,68495.36,467420.577,tushare,LOCAL_USER_PROVIDED,data/research_db/market_data/processed/core12_daily_price_bar.csv,a0c457d1b0664de1033d0da4a6ba782578ab068f4307a0ac5c84c4fe927cfefd,2026-06-01,true
300763,20240104,67.9,67.96,65.99,66.65,66910.39,447066.749,tushare,LOCAL_USER_PROVIDED,data/research_db/market_data/processed/core12_daily_price_bar.csv,a0c457d1b0664de1033d0da4a6ba782578ab068f4307a0ac5c84c4fe927cfefd,2026-06-01,true
300763,20240105,66.15,67.99,64.5,65.09,71029.61,470238.601,tushare,LOCAL_USER_PROVIDED,data/research_db/market_data/processed/core12_daily_price_bar.csv,a0c457d1b0664de1033d0da4a6ba782578ab068f4307a0ac5c84c4fe927cfefd,2026-06-01,true
300763,20240108,64.63,66.26,64.13,64.46,59009.83,384122.574,tushare,LOCAL_USER_PROVIDED,data/research_db/market_data/processed/core12_daily_price_bar.csv,a0c457d1b0664de1033d0da4a6ba782578ab068f4307a0ac5c84c4fe927cfefd,2026-06-01,true
300763,20240109,65.1,75.16,64.83,72.27,254804.61,1790977.759,tushare,LOCAL_USER_PROVIDED,data/research_db/market_data/processed/core12_daily_price_bar.csv,a0c457d1b0664de1033d0da4a6ba782578ab068f4307a0ac5c84c4fe927cfefd,2026-06-01,true
300763,20240110,71.01,78.8,71.01,76.53,259645.78,1961344.966,tushare,LOCAL_USER_PROVIDED,data/research_db/market_data/processed/core12_daily_price_bar.csv,a0c457d1b0664de1033d0da4a6ba782578ab068f4307a0ac5c84c4fe927cfefd,2026-06-01,true
300763,20240111,76.67,79.59,76.6,77.83,193162.97,1503315.538,tushare,LOCAL_USER_PROVIDED,data/research_db/market_data/processed/core12_daily_price_bar.csv,a0c457d1b0664de1033d0da4a6ba782578ab068f4307a0ac5c84c4fe927cfefd,2026-06-01,true
300763,20240112,77.72,78.59,76.45,76.7,127865.43,989953.41,tushare,LOCAL_USER_PROVIDED,data/research_db/market_data/processed/core12_daily_price_bar.csv,a0c457d1b0664de1033d0da4a6ba782578ab068f4307a0ac5c84c4fe927cfefd,2026-06-01,true
300763,20240115,75.93,77.1,74.35,75.36,85333.36,645139.799,tushare,LOCAL_USER_PROVIDED,data/research_db/market_data/processed/core12_daily_price_bar.csv,a0c457d1b0664de1033d0da4a6ba782578ab068f4307a0ac5c84c4fe927cfefd,2026-06-01,true
300763,20240116,75.36,76.84,74.0,75.24,98118.24,738166.242,tushare,LOCAL_USER_PROVIDED,data/research_db/market_data/processed/core12_daily_price_bar.csv,a0c457d1b0664de1033d0da4a6ba782578ab068f4307a0ac5c84c4fe927cfefd,2026-06-01,true
300763,20240117,74.94,76.79,73.23,75.02,121437.44,912453.925,tushare,LOCAL_USER_PROVIDED,data/research_db/market_data/processed/core12_daily_price_bar.csv,a0c457d1b0664de1033d0da4a6ba782578ab068f4307a0ac5c84c4fe927cfefd,2026-06-01,true
300763,20240118,74.0,79.79,74.0,79.76,190886.12,1479993.415,tushare,LOCAL_USER_PROVIDED,data/research_db/market_data/processed/core12_daily_price_bar.csv,a0c457d1b0664de1033d0da4a6ba782578ab068f4307a0ac5c84c4fe927cfefd,2026-06-01,true
300763,20240119,78.17,78.92,71.41,71.51,203235.94,1520529.658,tushare,LOCAL_USER_PROVIDED,data/research_db/market_data/processed/core12_daily_price_bar.csv,a0c457d1b0664de1033d0da4a6ba782578ab068f4307a0ac5c84c4fe927cfefd,2026-06-01,true
300763,20240122,72.21,74.25,70.19,71.68,135842.58,984835.109,tushare,LOCAL_USER_PROVIDED,data/research_db/market_data/processed/core12_daily_price_bar.csv,a0c457d1b0664de1033d0da4a6ba782578ab068f4307a0ac5c84c4fe927cfefd,2026-06-01,true
300763,20240123,71.41,75.39,68.97,72.63,126064.32,917298.925,tushare,LOCAL_USER_PROVIDED,data/research_db/market_data/processed/core12_daily_price_bar.csv,a0c457d1b0664de1033d0da4a6ba782578ab068f4307a0ac5c84c4fe927cfefd,2026-06-01,true
300763,20240124,73.64,73.8,69.1,71.6,104168.97,739648.644,tushare,LOCAL_USER_PROVIDED,data/research_db/market_data/processed/core12_daily_price_bar.csv,a0c457d1b0664de1033d0da4a6ba782578ab068f4307a0ac5c84c4fe927cfefd,2026-06-01,true
300763,20240125,70.95,71.0,67.34,70.64,125161.12,868936.054,tushare,LOCAL_USER_PROVIDED,data/research_db/market_data/processed/core12_daily_price_bar.csv,a0c457d1b0664de1033d0da4a6ba782578ab068f4307a0ac5c84c4fe927cfefd,2026-06-01,true
300763,20240126,69.99,73.28,69.66,70.09,99156.93,708680.583,tushare,LOCAL_USER_PROVIDED,data/research_db/market_data/processed/core12_daily_price_bar.csv,a0c457d1b0664de1033d0da4a6ba782578ab068f4307a0ac5c84c4fe927cfefd,2026-06-01,true
300763,20240129,70.0,70.09,61.88,61.91,149842.72,960785.759,tushare,LOCAL_USER_PROVIDED,data/research_db/market_data/processed/core12_daily_price_bar.csv,a0c457d1b0664de1033d0da4a6ba782578ab068f4307a0ac5c84c4fe927cfefd,2026-06-01,true
300763,20240130,61.01,63.49,60.4,60.49,88495.67,546693.21,tushare,LOCAL_USER_PROVIDED,data/research_db/market_data/processed/core12_daily_price_bar.csv,a0c457d1b0664de1033d0da4a6ba782578ab068f4307a0ac5c84c4fe927cfefd,2026-06-01,true
300763,20240131,59.87,61.77,59.03,59.7,93596.44,564627.245,tushare,LOCAL_USER_PROVIDED,data/research_db/market_data/processed/core12_daily_price_bar.csv,a0c457d1b0664de1033d0da4a6ba782578ab068f4307a0ac5c84c4fe927cfefd,2026-06-01,true
300763,20240201,59.06,63.49,59.0,60.98,115160.06,707000.936,tushare,LOCAL_USER_PROVIDED,data/research_db/market_data/processed/core12_daily_price_bar.csv,a0c457d1b0664de1033d0da4a6ba782578ab068f4307a0ac5c84c4fe927cfefd,2026-06-01,true
300763,20240202,60.5,60.92,54.97,57.26,111851.13,649278.604,tushare,LOCAL_USER_PROVIDED,data/research_db/market_data/processed/core12_daily_price_bar.csv,a0c457d1b0664de1033d0da4a6ba782578ab068f4307a0ac5c84c4fe927cfefd,2026-06-01,true
300763,20240205,56.52,56.99,51.11,53.57,100279.24,542567.234,tushare,LOCAL_USER_PROVIDED,data/research_db/market_data/processed/core12_daily_price_bar.csv,a0c457d1b0664de1033d0da4a6ba782578ab068f4307a0ac5c84c4fe927cfefd,2026-06-01,true
300763,20240206,53.57,58.5,52.9,57.81,95928.48,537964.031,tushare,LOCAL_USER_PROVIDED,data/research_db/market_data/processed/core12_daily_price_bar.csv,a0c457d1b0664de1033d0da4a6ba782578ab068f4307a0ac5c84c4fe927cfefd,2026-06-01,true
300763,20240207,58.63,61.22,58.54,59.57,103647.09,622550.46,tushare,LOCAL_USER_PROVIDED,data/research_db/market_data/processed/core12_daily_price_bar.csv,a0c457d1b0664de1033d0da4a6ba782578ab068f4307a0ac5c84c4fe927cfefd,2026-06-01,true
300763,20240208,60.35,60.6,57.23,60.11,111752.01,664076.381,tushare,LOCAL_USER_PROVIDED,data/research_db/market_data/processed/core12_daily_price_bar.csv,a0c457d1b0664de1033d0da4a6ba782578ab068f4307a0ac5c84c4fe927cfefd,2026-06-01,true
300763,20240219,59.9,60.8,58.5,60.5,73030.36,438097.387,tushare,LOCAL_USER_PROVIDED,data/research_db/market_data/processed/core12_daily_price_bar.csv,a0c457d1b0664de1033d0da4a6ba782578ab068f4307a0ac5c84c4fe927cfefd,2026-06-01,true
300763,20240220,60.0,60.26,57.81,59.27,82173.12,484145.868,tushare,LOCAL_USER_PROVIDED,data/research_db/market_data/processed/core12_daily_price_bar.csv,a0c457d1b0664de1033d0da4a6ba782578ab068f4307a0ac5c84c4fe927cfefd,2026-06-01,true
300763,20240221,58.61,63.05,58.39,60.99,117188.2,718391.724,tushare,LOCAL_USER_PROVIDED,data/research_db/market_data/processed/core12_daily_price_bar.csv,a0c457d1b0664de1033d0da4a6ba782578ab068f4307a0ac5c84c4fe927cfefd,2026-06-01,true
300763,20240222,60.47,63.5,60.17,61.41,84964.58,520842.934,tushare,LOCAL_USER_PROVIDED,data/research_db/market_data/processed/core12_daily_price_bar.csv,a0c457d1b0664de1033d0da4a6ba782578ab068f4307a0ac5c84c4fe927cfefd,2026-06-01,true
300763,20240223,61.78,63.98,61.43,62.4,89186.79,557268.573,tushare,LOCAL_USER_PROVIDED,data/research_db/market_data/processed/core12_daily_price_bar.csv,a0c457d1b0664de1033d0da4a6ba782578ab068f4307a0ac5c84c4fe927cfefd,2026-06-01,true
300763,20240226,62.0,63.3,60.76,62.85,98109.35,608743.078,tushare,LOCAL_USER_PROVIDED,data/research_db/market_data/processed/core12_daily_price_bar.csv,a0c457d1b0664de1033d0da4a6ba782578ab068f4307a0ac5c84c4fe927cfefd,2026-06-01,true
300763,20240227,62.2,65.3,61.8,65.05,101399.16,643978.073,tushare,LOCAL_USER_PROVIDED,data/research_db/market_data/processed/core12_daily_price_bar.csv,a0c457d1b0664de1033d0da4a6ba782578ab068f4307a0ac5c84c4fe927cfefd,2026-06-01,true
300763,20240228,66.02,69.52,62.88,63.23,146151.4,972057.411,tushare,LOCAL_USER_PROVIDED,data/research_db/market_data/processed/core12_daily_price_bar.csv,a0c457d1b0664de1033d0da4a6ba782578ab068f4307a0ac5c84c4fe927cfefd,2026-06-01,true
300763,20240229,63.2,65.28,62.17,65.13,100893.09,646238.472,tushare,LOCAL_USER_PROVIDED,data/research_db/market_data/processed/core12_daily_price_bar.csv,a0c457d1b0664de1033d0da4a6ba782578ab068f4307a0ac5c84c4fe927cfefd,2026-06-01,true
300763,20240301,65.14,66.47,64.04,66.15,93933.92,614572.656,tushare,LOCAL_USER_PROVIDED,data/research_db/market_data/processed/core12_daily_price_bar.csv,a0c457d1b0664de1033d0da4a6ba782578ab068f4307a0ac5c84c4fe927cfefd,2026-06-01,true
300763,20240304,65.6,67.57,65.44,65.7,76913.81,509367.518,tushare,LOCAL_USER_PROVIDED,data/research_db/market_data/processed/core12_daily_price_bar.csv,a0c457d1b0664de1033d0da4a6ba782578ab068f4307a0ac5c84c4fe927cfefd,2026-06-01,true
300763,20240305,65.1,65.11,62.7,63.12,93596.06,594241.128,tushare,LOCAL_USER_PROVIDED,data/research_db/market_data/processed/core12_daily_price_bar.csv,a0c457d1b0664de1033d0da4a6ba782578ab068f4307a0ac5c84c4fe927cfefd,2026-06-01,true
300763,20240306,62.81,67.67,62.38,65.79,109923.06,717151.686,tushare,LOCAL_USER_PROVIDED,data/research_db/market_data/processed/core12_daily_price_bar.csv,a0c457d1b0664de1033d0da4a6ba782578ab068f4307a0ac5c84c4fe927cfefd,2026-06-01,true
300763,20240307,65.04,65.79,62.75,62.81,74275.97,476764.113,tushare,LOCAL_USER_PROVIDED,data/research_db/market_data/processed/core12_daily_price_bar.csv,a0c457d1b0664de1033d0da4a6ba782578ab068f4307a0ac5c84c4fe927cfefd,2026-06-01,true
300763,20240308,63.5,66.79,63.3,66.56,115065.76,754404.166,tushare,LOCAL_USER_PROVIDED,data/research_db/market_data/processed/core12_daily_price_bar.csv,a0c457d1b0664de1033d0da4a6ba782578ab068f4307a0ac5c84c4fe927cfefd,2026-06-01,true
300763,20240311,68.34,72.46,67.13,70.84,170898.38,1188384.299,tushare,LOCAL_USER_PROVIDED,data/research_db/market_data/processed/core12_daily_price_bar.csv,a0c457d1b0664de1033d0da4a6ba782578ab068f4307a0ac5c84c4fe927cfefd,2026-06-01,true
300763,20240312,71.1,71.4,69.31,69.57,106322.23,743361.606,tushare,LOCAL_USER_PROVIDED,data/research_db/market_data/processed/core12_daily_price_bar.csv,a0c457d1b0664de1033d0da4a6ba782578ab068f4307a0ac5c84c4fe927cfefd,2026-06-01,true
300763,20240313,69.26,71.26,68.46,69.74,83528.24,583213.717,tushare,LOCAL_USER_PROVIDED,data/research_db/market_data/processed/core12_daily_price_bar.csv,a0c457d1b0664de1033d0da4a6ba782578ab068f4307a0ac5c84c4fe927cfefd,2026-06-01,true
300763,20240314,69.0,70.1,67.64,68.14,70633.76,484824.177,tushare,LOCAL_USER_PROVIDED,data/research_db/market_data/processed/core12_daily_price_bar.csv,a0c457d1b0664de1033d0da4a6ba782578ab068f4307a0ac5c84c4fe927cfefd,2026-06-01,true
300763,20240315,68.14,68.44,65.69,66.66,78629.84,523449.621,tushare,LOCAL_USER_PROVIDED,data/research_db/market_data/processed/core12_daily_price_bar.csv,a0c457d1b0664de1033d0da4a6ba782578ab068f4307a0ac5c84c4fe927cfefd,2026-06-01,true
300763,20240318,67.1,68.6,66.17,68.27,70804.02,478290.419,tushare,LOCAL_USER_PROVIDED,data/research_db/market_data/processed/core12_daily_price_bar.csv,a0c457d1b0664de1033d0da4a6ba782578ab068f4307a0ac5c84c4fe927cfefd,2026-06-01,true
300763,20240319,68.27,69.7,66.51,66.57,66860.28,453116.83,tushare,LOCAL_USER_PROVIDED,data/research_db/market_data/processed/core12_daily_price_bar.csv,a0c457d1b0664de1033d0da4a6ba782578ab068f4307a0ac5c84c4fe927cfefd,2026-06-01,true
300763,20240320,66.0,68.36,65.99,66.97,48324.39,323364.852,tushare,LOCAL_USER_PROVIDED,data/research_db/market_data/processed/core12_daily_price_bar.csv,a0c457d1b0664de1033d0da4a6ba782578ab068f4307a0ac5c84c4fe927cfefd,2026-06-01,true
300763,20240321,66.8,67.2,64.48,64.78,79805.09,522099.224,tushare,LOCAL_USER_PROVIDED,data/research_db/market_data/processed/core12_daily_price_bar.csv,a0c457d1b0664de1033d0da4a6ba782578ab068f4307a0ac5c84c4fe927cfefd,2026-06-01,true
300763,20240322,64.5,64.78,60.2,60.22,129849.9,802859.507,tushare,LOCAL_USER_PROVIDED,data/research_db/market_data/processed/core12_daily_price_bar.csv,a0c457d1b0664de1033d0da4a6ba782578ab068f4307a0ac5c84c4fe927cfefd,2026-06-01,true
300763,20240325,60.0,60.9,58.7,58.84,76354.28,454486.424,tushare,LOCAL_USER_PROVIDED,data/research_db/market_data/processed/core12_daily_price_bar.csv,a0c457d1b0664de1033d0da4a6ba782578ab068f4307a0ac5c84c4fe927cfefd,2026-06-01,true
300763,20240326,58.98,61.55,58.7,60.97,94731.03,567481.763,tushare,LOCAL_USER_PROVIDED,data/research_db/market_data/processed/core12_daily_price_bar.csv,a0c457d1b0664de1033d0da4a6ba782578ab068f4307a0ac5c84c4fe927cfefd,2026-06-01,true
300763,20240327,60.59,60.8,57.3,57.3,72132.68,425011.469,tushare,LOCAL_USER_PROVIDED,data/research_db/market_data/processed/core12_daily_price_bar.csv,a0c457d1b0664de1033d0da4a6ba782578ab068f4307a0ac5c84c4fe927cfefd,2026-06-01,true
300763,20240328,57.79,60.16,57.77,59.29,80381.97,474553.52,tushare,LOCAL_USER_PROVIDED,data/research_db/market_data/processed/core12_daily_price_bar.csv,a0c457d1b0664de1033d0da4a6ba782578ab068f4307a0ac5c84c4fe927cfefd,2026-06-01,true
300763,20240329,59.0,60.06,58.66,59.56,46567.46,276411.324,tushare,LOCAL_USER_PROVIDED,data/research_db/market_data/processed/core12_daily_price_bar.csv,a0c457d1b0664de1033d0da4a6ba782578ab068f4307a0ac5c84c4fe927cfefd,2026-06-01,true
300763,20240401,60.15,63.63,59.65,63.59,118374.11,735795.002,tushare,LOCAL_USER_PROVIDED,data/research_db/market_data/processed/core12_daily_price_bar.csv,a0c457d1b0664de1033d0da4a6ba782578ab068f4307a0ac5c84c4fe927cfefd,2026-06-01,true
300763,20240402,62.83,65.02,62.4,64.06,98669.01,627393.1,tushare,LOCAL_USER_PROVIDED,data/research_db/market_data/processed/core12_daily_price_bar.csv,a0c457d1b0664de1033d0da4a6ba782578ab068f4307a0ac5c84c4fe927cfefd,2026-06-01,true
300763,20240403,63.41,64.2,62.02,62.07,60032.92,377406.851,tushare,LOCAL_USER_PROVIDED,data/research_db/market_data/processed/core12_daily_price_bar.csv,a0c457d1b0664de1033d0da4a6ba782578ab068f4307a0ac5c84c4fe927cfefd,2026-06-01,true
300763,20240408,61.5,61.96,59.3,59.4,61107.69,368429.843,tushare,LOCAL_USER_PROVIDED,data/research_db/market_data/processed/core12_daily_price_bar.csv,a0c457d1b0664de1033d0da4a6ba782578ab068f4307a0ac5c84c4fe927cfefd,2026-06-01,true
300763,20240409,59.75,61.2,59.67,60.12,44600.0,268750.968,tushare,LOCAL_USER_PROVIDED,data/research_db/market_data/processed/core12_daily_price_bar.csv,a0c457d1b0664de1033d0da4a6ba782578ab068f4307a0ac5c84c4fe927cfefd,2026-06-01,true
300763,20240410,60.18,62.36,58.39,61.79,81203.58,490327.06,tushare,LOCAL_USER_PROVIDED,data/research_db/market_data/processed/core12_daily_price_bar.csv,a0c457d1b0664de1033d0da4a6ba782578ab068f4307a0ac5c84c4fe927cfefd,2026-06-01,true
300763,20240411,61.18,62.05,60.0,61.0,47912.03,292570.932,tushare,LOCAL_USER_PROVIDED,data/research_db/market_data/processed/core12_daily_price_bar.csv,a0c457d1b0664de1033d0da4a6ba782578ab068f4307a0ac5c84c4fe927cfefd,2026-06-01,true
300763,20240412,60.61,61.1,57.79,58.01,68613.35,404916.743,tushare,LOCAL_USER_PROVIDED,data/research_db/market_data/processed/core12_daily_price_bar.csv,a0c457d1b0664de1033d0da4a6ba782578ab068f4307a0ac5c84c4fe927cfefd,2026-06-01,true
300763,20240415,58.01,59.74,56.34,57.35,69178.64,401127.128,tushare,LOCAL_USER_PROVIDED,data/research_db/market_data/processed/core12_daily_price_bar.csv,a0c457d1b0664de1033d0da4a6ba782578ab068f4307a0ac5c84c4fe927cfefd,2026-06-01,true
300763,20240416,57.0,57.08,54.9,55.33,58638.19,326801.433,tushare,LOCAL_USER_PROVIDED,data/research_db/market_data/processed/core12_daily_price_bar.csv,a0c457d1b0664de1033d0da4a6ba782578ab068f4307a0ac5c84c4fe927cfefd,2026-06-01,true
300763,20240417,55.78,56.8,55.71,56.49,47783.33,268801.944,tushare,LOCAL_USER_PROVIDED,data/research_db/market_data/processed/core12_daily_price_bar.csv,a0c457d1b0664de1033d0da4a6ba782578ab068f4307a0ac5c84c4fe927cfefd,2026-06-01,true
300763,20240418,55.95,57.75,55.08,56.79,56365.25,319602.516,tushare,LOCAL_USER_PROVIDED,data/research_db/market_data/processed/core12_daily_price_bar.csv,a0c457d1b0664de1033d0da4a6ba782578ab068f4307a0ac5c84c4fe927cfefd,2026-06-01,true
300763,20240419,56.16,56.38,53.67,53.8,55980.07,306201.985,tushare,LOCAL_USER_PROVIDED,data/research_db/market_data/processed/core12_daily_price_bar.csv,a0c457d1b0664de1033d0da4a6ba782578ab068f4307a0ac5c84c4fe927cfefd,2026-06-01,true
300763,20240422,53.86,56.47,53.68,54.34,43078.63,236991.039,tushare,LOCAL_USER_PROVIDED,data/research_db/market_data/processed/core12_daily_price_bar.csv,a0c457d1b0664de1033d0da4a6ba782578ab068f4307a0ac5c84c4fe927cfefd,2026-06-01,true
300763,20240423,54.79,57.25,54.71,55.02,53395.89,298231.452,tushare,LOCAL_USER_PROVIDED,data/research_db/market_data/processed/core12_daily_price_bar.csv,a0c457d1b0664de1033d0da4a6ba782578ab068f4307a0ac5c84c4fe927cfefd,2026-06-01,true
300763,20240424,54.61,54.95,52.63,53.51,60130.71,320815.696,tushare,LOCAL_USER_PROVIDED,data/research_db/market_data/processed/core12_daily_price_bar.csv,a0c457d1b0664de1033d0da4a6ba782578ab068f4307a0ac5c84c4fe927cfefd,2026-06-01,true
300763,20240425,52.61,54.32,52.26,53.13,43030.65,230539.048,tushare,LOCAL_USER_PROVIDED,data/research_db/market_data/processed/core12_daily_price_bar.csv,a0c457d1b0664de1033d0da4a6ba782578ab068f4307a0ac5c84c4fe927cfefd,2026-06-01,true
300763,20240426,52.35,54.35,52.0,54.1,67900.84,363713.024,tushare,LOCAL_USER_PROVIDED,data/research_db/market_data/processed/core12_daily_price_bar.csv,a0c457d1b0664de1033d0da4a6ba782578ab068f4307a0ac5c84c4fe927cfefd,2026-06-01,true
300763,20240429,52.5,56.64,52.5,55.78,101647.2,559388.158,tushare,LOCAL_USER_PROVIDED,data/research_db/market_data/processed/core12_daily_price_bar.csv,a0c457d1b0664de1033d0da4a6ba782578ab068f4307a0ac5c84c4fe927cfefd,2026-06-01,true
300763,20240430,55.78,56.3,53.0,53.55,86985.3,470820.719,tushare,LOCAL_USER_PROVIDED,data/research_db/market_data/processed/core12_daily_price_bar.csv,a0c457d1b0664de1033d0da4a6ba782578ab068f4307a0ac5c84c4fe927cfefd,2026-06-01,true
300763,20240506,54.37,56.28,54.37,55.73,80124.31,443844.984,tushare,LOCAL_USER_PROVIDED,data/research_db/market_data/processed/core12_daily_price_bar.csv,a0c457d1b0664de1033d0da4a6ba782578ab068f4307a0ac5c84c4fe927cfefd,2026-06-01,true
300763,20240507,56.0,57.34,55.44,56.49,72424.77,408916.38,tushare,LOCAL_USER_PROVIDED,data/research_db/market_data/processed/core12_daily_price_bar.csv,a0c457d1b0664de1033d0da4a6ba782578ab068f4307a0ac5c84c4fe927cfefd,2026-06-01,true
300763,20240508,56.97,57.98,56.07,56.1,82652.1,471567.983,tushare,LOCAL_USER_PROVIDED,data/research_db/market_data/processed/core12_daily_price_bar.csv,a0c457d1b0664de1033d0da4a6ba782578ab068f4307a0ac5c84c4fe927cfefd,2026-06-01,true
300763,20240509,56.07,59.63,56.07,58.39,110096.45,643605.047,tushare,LOCAL_USER_PROVIDED,data/research_db/market_data/processed/core12_daily_price_bar.csv,a0c457d1b0664de1033d0da4a6ba782578ab068f4307a0ac5c84c4fe927cfefd,2026-06-01,true
300763,20240510,58.43,58.76,56.71,58.1,67500.29,389491.728,tushare,LOCAL_USER_PROVIDED,data/research_db/market_data/processed/core12_daily_price_bar.csv,a0c457d1b0664de1033d0da4a6ba782578ab068f4307a0ac5c84c4fe927cfefd,2026-06-01,true
300763,20240513,57.5,62.96,57.5,61.22,163695.82,1005275.01,tushare,LOCAL_USER_PROVIDED,data/research_db/market_data/processed/core12_daily_price_bar.csv,a0c457d1b0664de1033d0da4a6ba782578ab068f4307a0ac5c84c4fe927cfefd,2026-06-01,true
300763,20240514,61.5,61.98,59.23,59.98,100216.13,602954.6,tushare,LOCAL_USER_PROVIDED,data/research_db/market_data/processed/core12_daily_price_bar.csv,a0c457d1b0664de1033d0da4a6ba782578ab068f4307a0ac5c84c4fe927cfefd,2026-06-01,true
300763,20240515,62.49,63.09,59.49,60.24,92226.94,563537.291,tushare,LOCAL_USER_PROVIDED,data/research_db/market_data/processed/core12_daily_price_bar.csv,a0c457d1b0664de1033d0da4a6ba782578ab068f4307a0ac5c84c4fe927cfefd,2026-06-01,true
300763,20240516,59.21,60.46,58.5,58.71,74679.78,441873.852,tushare,LOCAL_USER_PROVIDED,data/research_db/market_data/processed/core12_daily_price_bar.csv,a0c457d1b0664de1033d0da4a6ba782578ab068f4307a0ac5c84c4fe927cfefd,2026-06-01,true
300763,20240517,57.51,60.36,56.8,60.19,84631.1,496859.427,tushare,LOCAL_USER_PROVIDED,data/research_db/market_data/processed/core12_daily_price_bar.csv,a0c457d1b0664de1033d0da4a6ba782578ab068f4307a0ac5c84c4fe927cfefd,2026-06-01,true
300763,20240520,59.75,60.28,59.01,59.6,44110.6,262882.06,tushare,LOCAL_USER_PROVIDED,data/research_db/market_data/processed/core12_daily_price_bar.csv,a0c457d1b0664de1033d0da4a6ba782578ab068f4307a0ac5c84c4fe927cfefd,2026-06-01,true
300763,20240521,59.42,59.86,58.0,58.13,36363.5,213111.995,tushare,LOCAL_USER_PROVIDED,data/research_db/market_data/processed/core12_daily_price_bar.csv,a0c457d1b0664de1033d0da4a6ba782578ab068f4307a0ac5c84c4fe927cfefd,2026-06-01,true
300763,20240522,58.85,62.65,58.64,62.48,134955.89,820101.613,tushare,LOCAL_USER_PROVIDED,data/research_db/market_data/processed/core12_daily_price_bar.csv,a0c457d1b0664de1033d0da4a6ba782578ab068f4307a0ac5c84c4fe927cfefd,2026-06-01,true
300763,20240523,61.3,62.15,59.9,60.16,74661.06,454283.357,tushare,LOCAL_USER_PROVIDED,data/research_db/market_data/processed/core12_daily_price_bar.csv,a0c457d1b0664de1033d0da4a6ba782578ab068f4307a0ac5c84c4fe927cfefd,2026-06-01,true
300763,20240524,60.11,61.08,58.33,58.4,51867.07,308003.154,tushare,LOCAL_USER_PROVIDED,data/research_db/market_data/processed/core12_daily_price_bar.csv,a0c457d1b0664de1033d0da4a6ba782578ab068f4307a0ac5c84c4fe927cfefd,2026-06-01,true
300763,20240527,58.7,58.96,56.68,57.6,45547.55,261105.802,tushare,LOCAL_USER_PROVIDED,data/research_db/market_data/processed/core12_daily_price_bar.csv,a0c457d1b0664de1033d0da4a6ba782578ab068f4307a0ac5c84c4fe927cfefd,2026-06-01,true
300763,20240528,56.79,59.25,56.79,57.75,44207.47,256797.88,tushare,LOCAL_USER_PROVIDED,data/research_db/market_data/processed/core12_daily_price_bar.csv,a0c457d1b0664de1033d0da4a6ba782578ab068f4307a0ac5c84c4fe927cfefd,2026-06-01,true
300763,20240529,57.27,61.1,57.27,58.63,78900.14,470747.512,tushare,LOCAL_USER_PROVIDED,data/research_db/market_data/processed/core12_daily_price_bar.csv,a0c457d1b0664de1033d0da4a6ba782578ab068f4307a0ac5c84c4fe927cfefd,2026-06-01,true
300763,20240530,59.3,59.99,57.31,57.85,49342.0,287026.924,tushare,LOCAL_USER_PROVIDED,data/research_db/market_data/processed/core12_daily_price_bar.csv,a0c457d1b0664de1033d0da4a6ba782578ab068f4307a0ac5c84c4fe927cfefd,2026-06-01,true
300763,20240531,57.84,58.32,57.18,57.4,38733.61,223116.502,tushare,LOCAL_USER_PROVIDED,data/research_db/market_data/processed/core12_daily_price_bar.csv,a0c457d1b0664de1033d0da4a6ba782578ab068f4307a0ac5c84c4fe927cfefd,2026-06-01,true
300763,20240603,57.14,57.16,56.1,56.65,36703.34,207576.283,tushare,LOCAL_USER_PROVIDED,data/research_db/market_data/processed/core12_daily_price_bar.csv,a0c457d1b0664de1033d0da4a6ba782578ab068f4307a0ac5c84c4fe927cfefd,2026-06-01,true
300763,20240604,56.5,57.2,55.66,57.02,42981.6,242247.305,tushare,LOCAL_USER_PROVIDED,data/research_db/market_data/processed/core12_daily_price_bar.csv,a0c457d1b0664de1033d0da4a6ba782578ab068f4307a0ac5c84c4fe927cfefd,2026-06-01,true
300763,20240605,56.9,57.3,56.01,56.01,33563.7,190011.726,tushare,LOCAL_USER_PROVIDED,data/research_db/market_data/processed/core12_daily_price_bar.csv,a0c457d1b0664de1033d0da4a6ba782578ab068f4307a0ac5c84c4fe927cfefd,2026-06-01,true
300763,20240606,56.2,56.44,53.2,53.24,61749.25,335389.273,tushare,LOCAL_USER_PROVIDED,data/research_db/market_data/processed/core12_daily_price_bar.csv,a0c457d1b0664de1033d0da4a6ba782578ab068f4307a0ac5c84c4fe927cfefd,2026-06-01,true
300763,20240607,53.6,53.88,51.82,52.3,46897.12,246069.855,tushare,LOCAL_USER_PROVIDED,data/research_db/market_data/processed/core12_daily_price_bar.csv,a0c457d1b0664de1033d0da4a6ba782578ab068f4307a0ac5c84c4fe927cfefd,2026-06-01,true
300763,20240611,52.05,52.48,51.3,52.22,32891.78,170927.034,tushare,LOCAL_USER_PROVIDED,data/research_db/market_data/processed/core12_daily_price_bar.csv,a0c457d1b0664de1033d0da4a6ba782578ab068f4307a0ac5c84c4fe927cfefd,2026-06-01,true
300763,20240612,52.6,52.6,51.0,51.48,51594.61,265498.612,tushare,LOCAL_USER_PROVIDED,data/research_db/market_data/processed/core12_daily_price_bar.csv,a0c457d1b0664de1033d0da4a6ba782578ab068f4307a0ac5c84c4fe927cfefd,2026-06-01,true
300763,20240613,51.59,52.6,51.25,51.43,66644.89,346640.059,tushare,LOCAL_USER_PROVIDED,data/research_db/market_data/processed/core12_daily_price_bar.csv,a0c457d1b0664de1033d0da4a6ba782578ab068f4307a0ac5c84c4fe927cfefd,2026-06-01,true
300763,20240614,51.21,51.5,49.5,50.87,120850.35,604597.038,tushare,LOCAL_USER_PROVIDED,data/research_db/market_data/processed/core12_daily_price_bar.csv,a0c457d1b0664de1033d0da4a6ba782578ab068f4307a0ac5c84c4fe927cfefd,2026-06-01,true
300763,20240617,50.87,52.49,50.3,51.02,83166.94,426735.06,tushare,LOCAL_USER_PROVIDED,data/research_db/market_data/processed/core12_daily_price_bar.csv,a0c457d1b0664de1033d0da4a6ba782578ab068f4307a0ac5c84c4fe927cfefd,2026-06-01,true
300763,20240618,51.0,52.05,50.72,51.1,55581.43,284873.97,tushare,LOCAL_USER_PROVIDED,data/research_db/market_data/processed/core12_daily_price_bar.csv,a0c457d1b0664de1033d0da4a6ba782578ab068f4307a0ac5c84c4fe927cfefd,2026-06-01,true
300763,20240619,51.1,51.24,49.02,49.25,72727.89,360811.207,tushare,LOCAL_USER_PROVIDED,data/research_db/market_data/processed/core12_daily_price_bar.csv,a0c457d1b0664de1033d0da4a6ba782578ab068f4307a0ac5c84c4fe927cfefd,2026-06-01,true
300763,20240620,48.78,49.21,46.8,46.8,80228.06,382075.6,tushare,LOCAL_USER_PROVIDED,data/research_db/market_data/processed/core12_daily_price_bar.csv,a0c457d1b0664de1033d0da4a6ba782578ab068f4307a0ac5c84c4fe927cfefd,2026-06-01,true
300763,20240621,47.07,47.48,46.12,46.43,49673.04,231871.602,tushare,LOCAL_USER_PROVIDED,data/research_db/market_data/processed/core12_daily_price_bar.csv,a0c457d1b0664de1033d0da4a6ba782578ab068f4307a0ac5c84c4fe927cfefd,2026-06-01,true
300763,20240624,45.99,46.0,44.76,44.83,63078.11,285031.435,tushare,LOCAL_USER_PROVIDED,data/research_db/market_data/processed/core12_daily_price_bar.csv,a0c457d1b0664de1033d0da4a6ba782578ab068f4307a0ac5c84c4fe927cfefd,2026-06-01,true
300763,20240625,45.0,45.31,43.23,43.75,54381.05,239126.437,tushare,LOCAL_USER_PROVIDED,data/research_db/market_data/processed/core12_daily_price_bar.csv,a0c457d1b0664de1033d0da4a6ba782578ab068f4307a0ac5c84c4fe927cfefd,2026-06-01,true
300763,20240626,43.91,44.72,42.8,44.52,57472.78,252277.735,tushare,LOCAL_USER_PROVIDED,data/research_db/market_data/processed/core12_daily_price_bar.csv,a0c457d1b0664de1033d0da4a6ba782578ab068f4307a0ac5c84c4fe927cfefd,2026-06-01,true
300763,20240627,44.07,44.19,43.08,43.08,37621.18,164134.546,tushare,LOCAL_USER_PROVIDED,data/research_db/market_data/processed/core12_daily_price_bar.csv,a0c457d1b0664de1033d0da4a6ba782578ab068f4307a0ac5c84c4fe927cfefd,2026-06-01,true
300763,20240628,43.08,43.48,41.58,41.64,75754.57,321859.395,tushare,LOCAL_USER_PROVIDED,data/research_db/market_data/processed/core12_daily_price_bar.csv,a0c457d1b0664de1033d0da4a6ba782578ab068f4307a0ac5c84c4fe927cfefd,2026-06-01,true
600030,20240102,20.38,20.4,20.06,20.07,587765.14,1183083.968,tushare,LOCAL_USER_PROVIDED,data/research_db/market_data/processed/core12_daily_price_bar.csv,a0c457d1b0664de1033d0da4a6ba782578ab068f4307a0ac5c84c4fe927cfefd,2026-06-01,true
600030,20240103,20.0,20.25,19.98,20.18,547513.55,1101533.87,tushare,LOCAL_USER_PROVIDED,data/research_db/market_data/processed/core12_daily_price_bar.csv,a0c457d1b0664de1033d0da4a6ba782578ab068f4307a0ac5c84c4fe927cfefd,2026-06-01,true
600030,20240104,20.12,20.16,19.84,20.0,503918.05,1006917.54,tushare,LOCAL_USER_PROVIDED,data/research_db/market_data/processed/core12_daily_price_bar.csv,a0c457d1b0664de1033d0da4a6ba782578ab068f4307a0ac5c84c4fe927cfefd,2026-06-01,true
600030,20240105,19.95,20.18,19.66,19.79,696147.77,1387740.195,tushare,LOCAL_USER_PROVIDED,data/research_db/market_data/processed/core12_daily_price_bar.csv,a0c457d1b0664de1033d0da4a6ba782578ab068f4307a0ac5c84c4fe927cfefd,2026-06-01,true
600030,20240108,19.72,19.86,19.4,19.42,625670.92,1222235.532,tushare,LOCAL_USER_PROVIDED,data/research_db/market_data/processed/core12_daily_price_bar.csv,a0c457d1b0664de1033d0da4a6ba782578ab068f4307a0ac5c84c4fe927cfefd,2026-06-01,true
600030,20240109,19.42,19.56,19.33,19.46,458458.33,892306.22,tushare,LOCAL_USER_PROVIDED,data/research_db/market_data/processed/core12_daily_price_bar.csv,a0c457d1b0664de1033d0da4a6ba782578ab068f4307a0ac5c84c4fe927cfefd,2026-06-01,true
600030,20240110,19.45,19.63,19.26,19.46,525960.63,1024533.12,tushare,LOCAL_USER_PROVIDED,data/research_db/market_data/processed/core12_daily_price_bar.csv,a0c457d1b0664de1033d0da4a6ba782578ab068f4307a0ac5c84c4fe927cfefd,2026-06-01,true
600030,20240111,19.48,19.66,19.34,19.6,447933.13,874928.732,tushare,LOCAL_USER_PROVIDED,data/research_db/market_data/processed/core12_daily_price_bar.csv,a0c457d1b0664de1033d0da4a6ba782578ab068f4307a0ac5c84c4fe927cfefd,2026-06-01,true
600030,20240112,19.5,19.73,19.45,19.52,397471.1,778895.688,tushare,LOCAL_USER_PROVIDED,data/research_db/market_data/processed/core12_daily_price_bar.csv,a0c457d1b0664de1033d0da4a6ba782578ab068f4307a0ac5c84c4fe927cfefd,2026-06-01,true
600030,20240115,19.36,19.69,19.33,19.48,338557.97,659832.78,tushare,LOCAL_USER_PROVIDED,data/research_db/market_data/processed/core12_daily_price_bar.csv,a0c457d1b0664de1033d0da4a6ba782578ab068f4307a0ac5c84c4fe927cfefd,2026-06-01,true
600030,20240116,19.45,19.62,19.22,19.58,580083.93,1127694.935,tushare,LOCAL_USER_PROVIDED,data/research_db/market_data/processed/core12_daily_price_bar.csv,a0c457d1b0664de1033d0da4a6ba782578ab068f4307a0ac5c84c4fe927cfefd,2026-06-01,true
600030,20240117,19.5,19.53,19.22,19.22,561490.64,1088333.238,tushare,LOCAL_USER_PROVIDED,data/research_db/market_data/processed/core12_daily_price_bar.csv,a0c457d1b0664de1033d0da4a6ba782578ab068f4307a0ac5c84c4fe927cfefd,2026-06-01,true
600030,20240118,19.07,19.54,18.78,19.49,1121366.44,2140221.938,tushare,LOCAL_USER_PROVIDED,data/research_db/market_data/processed/core12_daily_price_bar.csv,a0c457d1b0664de1033d0da4a6ba782578ab068f4307a0ac5c84c4fe927cfefd,2026-06-01,true
600030,20240119,19.3,19.58,19.25,19.47,691141.36,1343840.467,tushare,LOCAL_USER_PROVIDED,data/research_db/market_data/processed/core12_daily_price_bar.csv,a0c457d1b0664de1033d0da4a6ba782578ab068f4307a0ac5c84c4fe927cfefd,2026-06-01,true
600030,20240122,19.4,19.57,18.92,19.13,984470.57,1907709.426,tushare,LOCAL_USER_PROVIDED,data/research_db/market_data/processed/core12_daily_price_bar.csv,a0c457d1b0664de1033d0da4a6ba782578ab068f4307a0ac5c84c4fe927cfefd,2026-06-01,true
600030,20240123,19.05,19.95,18.94,19.78,1152869.6,2254756.633,tushare,LOCAL_USER_PROVIDED,data/research_db/market_data/processed/core12_daily_price_bar.csv,a0c457d1b0664de1033d0da4a6ba782578ab068f4307a0ac5c84c4fe927cfefd,2026-06-01,true
600030,20240124,19.88,20.62,19.61,20.52,1453992.72,2920645.095,tushare,LOCAL_USER_PROVIDED,data/research_db/market_data/processed/core12_daily_price_bar.csv,a0c457d1b0664de1033d0da4a6ba782578ab068f4307a0ac5c84c4fe927cfefd,2026-06-01,true
600030,20240125,20.34,20.7,20.13,20.56,1542793.9,3154344.626,tushare,LOCAL_USER_PROVIDED,data/research_db/market_data/processed/core12_daily_price_bar.csv,a0c457d1b0664de1033d0da4a6ba782578ab068f4307a0ac5c84c4fe927cfefd,2026-06-01,true
600030,20240126,20.4,21.08,20.31,20.83,1482556.77,3064826.716,tushare,LOCAL_USER_PROVIDED,data/research_db/market_data/processed/core12_daily_price_bar.csv,a0c457d1b0664de1033d0da4a6ba782578ab068f4307a0ac5c84c4fe927cfefd,2026-06-01,true
600030,20240129,20.72,20.89,20.53,20.58,893544.35,1849438.738,tushare,LOCAL_USER_PROVIDED,data/research_db/market_data/processed/core12_daily_price_bar.csv,a0c457d1b0664de1033d0da4a6ba782578ab068f4307a0ac5c84c4fe927cfefd,2026-06-01,true
600030,20240130,20.45,20.8,20.28,20.44,900566.71,1848202.28,tushare,LOCAL_USER_PROVIDED,data/research_db/market_data/processed/core12_daily_price_bar.csv,a0c457d1b0664de1033d0da4a6ba782578ab068f4307a0ac5c84c4fe927cfefd,2026-06-01,true
600030,20240131,20.35,20.72,20.25,20.5,793197.7,1627214.289,tushare,LOCAL_USER_PROVIDED,data/research_db/market_data/processed/core12_daily_price_bar.csv,a0c457d1b0664de1033d0da4a6ba782578ab068f4307a0ac5c84c4fe927cfefd,2026-06-01,true
600030,20240201,20.3,20.78,20.28,20.44,765050.57,1572022.998,tushare,LOCAL_USER_PROVIDED,data/research_db/market_data/processed/core12_daily_price_bar.csv,a0c457d1b0664de1033d0da4a6ba782578ab068f4307a0ac5c84c4fe927cfefd,2026-06-01,true
600030,20240202,20.44,20.52,19.67,20.18,1022181.52,2061606.711,tushare,LOCAL_USER_PROVIDED,data/research_db/market_data/processed/core12_daily_price_bar.csv,a0c457d1b0664de1033d0da4a6ba782578ab068f4307a0ac5c84c4fe927cfefd,2026-06-01,true
600030,20240205,20.08,20.52,19.76,20.18,996990.61,2008152.346,tushare,LOCAL_USER_PROVIDED,data/research_db/market_data/processed/core12_daily_price_bar.csv,a0c457d1b0664de1033d0da4a6ba782578ab068f4307a0ac5c84c4fe927cfefd,2026-06-01,true
600030,20240206,20.16,21.22,20.0,21.14,1210245.53,2509414.266,tushare,LOCAL_USER_PROVIDED,data/research_db/market_data/processed/core12_daily_price_bar.csv,a0c457d1b0664de1033d0da4a6ba782578ab068f4307a0ac5c84c4fe927cfefd,2026-06-01,true
600030,20240207,21.02,21.28,20.9,21.18,1121725.68,2367112.733,tushare,LOCAL_USER_PROVIDED,data/research_db/market_data/processed/core12_daily_price_bar.csv,a0c457d1b0664de1033d0da4a6ba782578ab068f4307a0ac5c84c4fe927cfefd,2026-06-01,true
600030,20240208,21.3,21.53,21.08,21.25,1009395.81,2149633.923,tushare,LOCAL_USER_PROVIDED,data/research_db/market_data/processed/core12_daily_price_bar.csv,a0c457d1b0664de1033d0da4a6ba782578ab068f4307a0ac5c84c4fe927cfefd,2026-06-01,true
600030,20240219,21.12,21.12,20.55,20.85,952239.3,1979888.09,tushare,LOCAL_USER_PROVIDED,data/research_db/market_data/processed/core12_daily_price_bar.csv,a0c457d1b0664de1033d0da4a6ba782578ab068f4307a0ac5c84c4fe927cfefd,2026-06-01,true
600030,20240220,20.73,21.17,20.68,20.99,888628.66,1858586.985,tushare,LOCAL_USER_PROVIDED,data/research_db/market_data/processed/core12_daily_price_bar.csv,a0c457d1b0664de1033d0da4a6ba782578ab068f4307a0ac5c84c4fe927cfefd,2026-06-01,true
600030,20240221,20.9,21.71,20.81,21.38,1287129.79,2749494.326,tushare,LOCAL_USER_PROVIDED,data/research_db/market_data/processed/core12_daily_price_bar.csv,a0c457d1b0664de1033d0da4a6ba782578ab068f4307a0ac5c84c4fe927cfefd,2026-06-01,true
600030,20240222,21.27,21.8,21.23,21.73,1094040.58,2365138.039,tushare,LOCAL_USER_PROVIDED,data/research_db/market_data/processed/core12_daily_price_bar.csv,a0c457d1b0664de1033d0da4a6ba782578ab068f4307a0ac5c84c4fe927cfefd,2026-06-01,true
600030,20240223,21.74,21.78,21.46,21.52,777535.85,1679100.35,tushare,LOCAL_USER_PROVIDED,data/research_db/market_data/processed/core12_daily_price_bar.csv,a0c457d1b0664de1033d0da4a6ba782578ab068f4307a0ac5c84c4fe927cfefd,2026-06-01,true
600030,20240226,21.54,21.63,21.31,21.34,646413.53,1386960.298,tushare,LOCAL_USER_PROVIDED,data/research_db/market_data/processed/core12_daily_price_bar.csv,a0c457d1b0664de1033d0da4a6ba782578ab068f4307a0ac5c84c4fe927cfefd,2026-06-01,true
600030,20240227,21.32,21.47,21.23,21.46,810284.01,1728538.412,tushare,LOCAL_USER_PROVIDED,data/research_db/market_data/processed/core12_daily_price_bar.csv,a0c457d1b0664de1033d0da4a6ba782578ab068f4307a0ac5c84c4fe927cfefd,2026-06-01,true
600030,20240228,21.52,21.74,21.0,21.0,1172924.56,2512179.783,tushare,LOCAL_USER_PROVIDED,data/research_db/market_data/processed/core12_daily_price_bar.csv,a0c457d1b0664de1033d0da4a6ba782578ab068f4307a0ac5c84c4fe927cfefd,2026-06-01,true
600030,20240229,21.0,21.35,20.95,21.3,963922.97,2037055.653,tushare,LOCAL_USER_PROVIDED,data/research_db/market_data/processed/core12_daily_price_bar.csv,a0c457d1b0664de1033d0da4a6ba782578ab068f4307a0ac5c84c4fe927cfefd,2026-06-01,true
600030,20240301,21.3,21.44,21.1,21.32,723936.08,1537955.15,tushare,LOCAL_USER_PROVIDED,data/research_db/market_data/processed/core12_daily_price_bar.csv,a0c457d1b0664de1033d0da4a6ba782578ab068f4307a0ac5c84c4fe927cfefd,2026-06-01,true
600030,20240304,21.33,21.36,21.06,21.16,590708.56,1250669.911,tushare,LOCAL_USER_PROVIDED,data/research_db/market_data/processed/core12_daily_price_bar.csv,a0c457d1b0664de1033d0da4a6ba782578ab068f4307a0ac5c84c4fe927cfefd,2026-06-01,true
600030,20240305,21.03,21.24,21.02,21.18,790444.86,1672330.722,tushare,LOCAL_USER_PROVIDED,data/research_db/market_data/processed/core12_daily_price_bar.csv,a0c457d1b0664de1033d0da4a6ba782578ab068f4307a0ac5c84c4fe927cfefd,2026-06-01,true
600030,20240306,21.17,21.4,21.03,21.1,654450.62,1385700.082,tushare,LOCAL_USER_PROVIDED,data/research_db/market_data/processed/core12_daily_price_bar.csv,a0c457d1b0664de1033d0da4a6ba782578ab068f4307a0ac5c84c4fe927cfefd,2026-06-01,true
600030,20240307,21.07,21.2,20.71,20.81,892485.71,1868871.438,tushare,LOCAL_USER_PROVIDED,data/research_db/market_data/processed/core12_daily_price_bar.csv,a0c457d1b0664de1033d0da4a6ba782578ab068f4307a0ac5c84c4fe927cfefd,2026-06-01,true
600030,20240308,20.8,20.9,20.71,20.8,465432.89,967921.209,tushare,LOCAL_USER_PROVIDED,data/research_db/market_data/processed/core12_daily_price_bar.csv,a0c457d1b0664de1033d0da4a6ba782578ab068f4307a0ac5c84c4fe927cfefd,2026-06-01,true
600030,20240311,20.89,21.2,20.87,21.19,758368.58,1598127.873,tushare,LOCAL_USER_PROVIDED,data/research_db/market_data/processed/core12_daily_price_bar.csv,a0c457d1b0664de1033d0da4a6ba782578ab068f4307a0ac5c84c4fe927cfefd,2026-06-01,true
600030,20240312,21.3,21.45,21.16,21.4,820888.24,1749861.586,tushare,LOCAL_USER_PROVIDED,data/research_db/market_data/processed/core12_daily_price_bar.csv,a0c457d1b0664de1033d0da4a6ba782578ab068f4307a0ac5c84c4fe927cfefd,2026-06-01,true
600030,20240313,21.4,21.43,21.05,21.07,635468.08,1345066.748,tushare,LOCAL_USER_PROVIDED,data/research_db/market_data/processed/core12_daily_price_bar.csv,a0c457d1b0664de1033d0da4a6ba782578ab068f4307a0ac5c84c4fe927cfefd,2026-06-01,true
600030,20240314,21.01,21.16,20.71,20.8,675060.33,1410848.005,tushare,LOCAL_USER_PROVIDED,data/research_db/market_data/processed/core12_daily_price_bar.csv,a0c457d1b0664de1033d0da4a6ba782578ab068f4307a0ac5c84c4fe927cfefd,2026-06-01,true
600030,20240315,20.71,20.89,20.59,20.87,608803.9,1262584.774,tushare,LOCAL_USER_PROVIDED,data/research_db/market_data/processed/core12_daily_price_bar.csv,a0c457d1b0664de1033d0da4a6ba782578ab068f4307a0ac5c84c4fe927cfefd,2026-06-01,true
600030,20240318,20.89,21.43,20.87,21.26,1026789.63,2177023.126,tushare,LOCAL_USER_PROVIDED,data/research_db/market_data/processed/core12_daily_price_bar.csv,a0c457d1b0664de1033d0da4a6ba782578ab068f4307a0ac5c84c4fe927cfefd,2026-06-01,true
600030,20240319,21.22,21.22,20.81,20.83,724656.89,1522354.516,tushare,LOCAL_USER_PROVIDED,data/research_db/market_data/processed/core12_daily_price_bar.csv,a0c457d1b0664de1033d0da4a6ba782578ab068f4307a0ac5c84c4fe927cfefd,2026-06-01,true
600030,20240320,20.77,20.97,20.74,20.84,479502.21,999311.219,tushare,LOCAL_USER_PROVIDED,data/research_db/market_data/processed/core12_daily_price_bar.csv,a0c457d1b0664de1033d0da4a6ba782578ab068f4307a0ac5c84c4fe927cfefd,2026-06-01,true
600030,20240321,20.87,21.17,20.8,20.83,680561.23,1423455.162,tushare,LOCAL_USER_PROVIDED,data/research_db/market_data/processed/core12_daily_price_bar.csv,a0c457d1b0664de1033d0da4a6ba782578ab068f4307a0ac5c84c4fe927cfefd,2026-06-01,true
600030,20240322,20.83,20.87,20.44,20.5,766249.05,1576797.5,tushare,LOCAL_USER_PROVIDED,data/research_db/market_data/processed/core12_daily_price_bar.csv,a0c457d1b0664de1033d0da4a6ba782578ab068f4307a0ac5c84c4fe927cfefd,2026-06-01,true
600030,20240325,19.8,19.92,19.5,19.5,1799742.02,3533742.867,tushare,LOCAL_USER_PROVIDED,data/research_db/market_data/processed/core12_daily_price_bar.csv,a0c457d1b0664de1033d0da4a6ba782578ab068f4307a0ac5c84c4fe927cfefd,2026-06-01,true
600030,20240326,19.41,19.62,19.41,19.6,763998.35,1490546.285,tushare,LOCAL_USER_PROVIDED,data/research_db/market_data/processed/core12_daily_price_bar.csv,a0c457d1b0664de1033d0da4a6ba782578ab068f4307a0ac5c84c4fe927cfefd,2026-06-01,true
600030,20240327,19.52,19.54,19.32,19.35,687822.49,1335178.798,tushare,LOCAL_USER_PROVIDED,data/research_db/market_data/processed/core12_daily_price_bar.csv,a0c457d1b0664de1033d0da4a6ba782578ab068f4307a0ac5c84c4fe927cfefd,2026-06-01,true
600030,20240328,19.3,19.53,19.23,19.31,1037014.95,2007001.601,tushare,LOCAL_USER_PROVIDED,data/research_db/market_data/processed/core12_daily_price_bar.csv,a0c457d1b0664de1033d0da4a6ba782578ab068f4307a0ac5c84c4fe927cfefd,2026-06-01,true
600030,20240329,19.28,19.28,19.1,19.2,867230.88,1661488.228,tushare,LOCAL_USER_PROVIDED,data/research_db/market_data/processed/core12_daily_price_bar.csv,a0c457d1b0664de1033d0da4a6ba782578ab068f4307a0ac5c84c4fe927cfefd,2026-06-01,true
600030,20240401,19.3,19.44,19.3,19.41,907086.76,1757060.951,tushare,LOCAL_USER_PROVIDED,data/research_db/market_data/processed/core12_daily_price_bar.csv,a0c457d1b0664de1033d0da4a6ba782578ab068f4307a0ac5c84c4fe927cfefd,2026-06-01,true
600030,20240402,19.42,19.47,19.28,19.31,688563.39,1331754.403,tushare,LOCAL_USER_PROVIDED,data/research_db/market_data/processed/core12_daily_price_bar.csv,a0c457d1b0664de1033d0da4a6ba782578ab068f4307a0ac5c84c4fe927cfefd,2026-06-01,true
600030,20240403,19.28,19.29,19.13,19.16,530948.35,1018810.156,tushare,LOCAL_USER_PROVIDED,data/research_db/market_data/processed/core12_daily_price_bar.csv,a0c457d1b0664de1033d0da4a6ba782578ab068f4307a0ac5c84c4fe927cfefd,2026-06-01,true
600030,20240408,19.0,19.07,18.78,18.92,724599.54,1371551.741,tushare,LOCAL_USER_PROVIDED,data/research_db/market_data/processed/core12_daily_price_bar.csv,a0c457d1b0664de1033d0da4a6ba782578ab068f4307a0ac5c84c4fe927cfefd,2026-06-01,true
600030,20240409,18.9,19.05,18.88,18.93,448793.26,850475.059,tushare,LOCAL_USER_PROVIDED,data/research_db/market_data/processed/core12_daily_price_bar.csv,a0c457d1b0664de1033d0da4a6ba782578ab068f4307a0ac5c84c4fe927cfefd,2026-06-01,true
600030,20240410,18.89,18.91,18.35,18.41,975998.33,1813346.733,tushare,LOCAL_USER_PROVIDED,data/research_db/market_data/processed/core12_daily_price_bar.csv,a0c457d1b0664de1033d0da4a6ba782578ab068f4307a0ac5c84c4fe927cfefd,2026-06-01,true
600030,20240411,18.34,18.52,18.29,18.34,612759.15,1126874.595,tushare,LOCAL_USER_PROVIDED,data/research_db/market_data/processed/core12_daily_price_bar.csv,a0c457d1b0664de1033d0da4a6ba782578ab068f4307a0ac5c84c4fe927cfefd,2026-06-01,true
600030,20240412,18.35,18.42,17.9,17.94,1057567.34,1909255.553,tushare,LOCAL_USER_PROVIDED,data/research_db/market_data/processed/core12_daily_price_bar.csv,a0c457d1b0664de1033d0da4a6ba782578ab068f4307a0ac5c84c4fe927cfefd,2026-06-01,true
600030,20240415,17.5,17.92,17.26,17.74,1799116.56,3165646.153,tushare,LOCAL_USER_PROVIDED,data/research_db/market_data/processed/core12_daily_price_bar.csv,a0c457d1b0664de1033d0da4a6ba782578ab068f4307a0ac5c84c4fe927cfefd,2026-06-01,true
600030,20240416,17.51,18.0,17.48,17.63,1249251.93,2217573.728,tushare,LOCAL_USER_PROVIDED,data/research_db/market_data/processed/core12_daily_price_bar.csv,a0c457d1b0664de1033d0da4a6ba782578ab068f4307a0ac5c84c4fe927cfefd,2026-06-01,true
600030,20240417,17.58,18.11,17.45,18.1,1205475.41,2145695.272,tushare,LOCAL_USER_PROVIDED,data/research_db/market_data/processed/core12_daily_price_bar.csv,a0c457d1b0664de1033d0da4a6ba782578ab068f4307a0ac5c84c4fe927cfefd,2026-06-01,true
600030,20240418,18.01,18.53,17.98,18.21,1349376.11,2464131.258,tushare,LOCAL_USER_PROVIDED,data/research_db/market_data/processed/core12_daily_price_bar.csv,a0c457d1b0664de1033d0da4a6ba782578ab068f4307a0ac5c84c4fe927cfefd,2026-06-01,true
600030,20240419,18.1,18.3,18.06,18.13,782309.86,1420736.104,tushare,LOCAL_USER_PROVIDED,data/research_db/market_data/processed/core12_daily_price_bar.csv,a0c457d1b0664de1033d0da4a6ba782578ab068f4307a0ac5c84c4fe927cfefd,2026-06-01,true
600030,20240422,18.13,18.55,18.13,18.28,779616.23,1429239.753,tushare,LOCAL_USER_PROVIDED,data/research_db/market_data/processed/core12_daily_price_bar.csv,a0c457d1b0664de1033d0da4a6ba782578ab068f4307a0ac5c84c4fe927cfefd,2026-06-01,true
600030,20240423,18.32,18.43,18.2,18.27,665688.08,1217707.087,tushare,LOCAL_USER_PROVIDED,data/research_db/market_data/processed/core12_daily_price_bar.csv,a0c457d1b0664de1033d0da4a6ba782578ab068f4307a0ac5c84c4fe927cfefd,2026-06-01,true
600030,20240424,18.25,18.33,18.05,18.27,548569.52,998853.309,tushare,LOCAL_USER_PROVIDED,data/research_db/market_data/processed/core12_daily_price_bar.csv,a0c457d1b0664de1033d0da4a6ba782578ab068f4307a0ac5c84c4fe927cfefd,2026-06-01,true
600030,20240425,18.25,18.32,18.11,18.18,516678.56,940710.872,tushare,LOCAL_USER_PROVIDED,data/research_db/market_data/processed/core12_daily_price_bar.csv,a0c457d1b0664de1033d0da4a6ba782578ab068f4307a0ac5c84c4fe927cfefd,2026-06-01,true
600030,20240426,18.55,19.27,18.37,19.16,2255741.37,4248412.847,tushare,LOCAL_USER_PROVIDED,data/research_db/market_data/processed/core12_daily_price_bar.csv,a0c457d1b0664de1033d0da4a6ba782578ab068f4307a0ac5c84c4fe927cfefd,2026-06-01,true
600030,20240429,19.17,19.52,19.05,19.38,1886652.03,3638439.646,tushare,LOCAL_USER_PROVIDED,data/research_db/market_data/processed/core12_daily_price_bar.csv,a0c457d1b0664de1033d0da4a6ba782578ab068f4307a0ac5c84c4fe927cfefd,2026-06-01,true
600030,20240430,19.25,19.36,18.95,19.01,1022409.96,1955881.347,tushare,LOCAL_USER_PROVIDED,data/research_db/market_data/processed/core12_daily_price_bar.csv,a0c457d1b0664de1033d0da4a6ba782578ab068f4307a0ac5c84c4fe927cfefd,2026-06-01,true
600030,20240506,19.25,19.45,19.12,19.21,1078318.15,2079020.102,tushare,LOCAL_USER_PROVIDED,data/research_db/market_data/processed/core12_daily_price_bar.csv,a0c457d1b0664de1033d0da4a6ba782578ab068f4307a0ac5c84c4fe927cfefd,2026-06-01,true
600030,20240507,19.2,19.25,19.07,19.12,659792.47,1262187.135,tushare,LOCAL_USER_PROVIDED,data/research_db/market_data/processed/core12_daily_price_bar.csv,a0c457d1b0664de1033d0da4a6ba782578ab068f4307a0ac5c84c4fe927cfefd,2026-06-01,true
600030,20240508,19.03,19.1,18.75,18.78,783102.6,1478924.663,tushare,LOCAL_USER_PROVIDED,data/research_db/market_data/processed/core12_daily_price_bar.csv,a0c457d1b0664de1033d0da4a6ba782578ab068f4307a0ac5c84c4fe927cfefd,2026-06-01,true
600030,20240509,18.83,19.02,18.82,18.91,742667.02,1404596.262,tushare,LOCAL_USER_PROVIDED,data/research_db/market_data/processed/core12_daily_price_bar.csv,a0c457d1b0664de1033d0da4a6ba782578ab068f4307a0ac5c84c4fe927cfefd,2026-06-01,true
600030,20240510,18.94,19.14,18.85,19.06,905793.71,1720456.371,tushare,LOCAL_USER_PROVIDED,data/research_db/market_data/processed/core12_daily_price_bar.csv,a0c457d1b0664de1033d0da4a6ba782578ab068f4307a0ac5c84c4fe927cfefd,2026-06-01,true
600030,20240513,19.03,19.13,18.76,18.98,814225.38,1542516.577,tushare,LOCAL_USER_PROVIDED,data/research_db/market_data/processed/core12_daily_price_bar.csv,a0c457d1b0664de1033d0da4a6ba782578ab068f4307a0ac5c84c4fe927cfefd,2026-06-01,true
600030,20240514,19.01,19.03,18.83,19.01,669018.54,1266821.447,tushare,LOCAL_USER_PROVIDED,data/research_db/market_data/processed/core12_daily_price_bar.csv,a0c457d1b0664de1033d0da4a6ba782578ab068f4307a0ac5c84c4fe927cfefd,2026-06-01,true
600030,20240515,19.06,19.09,18.74,18.75,774120.96,1459083.366,tushare,LOCAL_USER_PROVIDED,data/research_db/market_data/processed/core12_daily_price_bar.csv,a0c457d1b0664de1033d0da4a6ba782578ab068f4307a0ac5c84c4fe927cfefd,2026-06-01,true
600030,20240516,18.8,18.98,18.74,18.78,605089.35,1139557.602,tushare,LOCAL_USER_PROVIDED,data/research_db/market_data/processed/core12_daily_price_bar.csv,a0c457d1b0664de1033d0da4a6ba782578ab068f4307a0ac5c84c4fe927cfefd,2026-06-01,true
600030,20240517,18.78,19.22,18.73,19.19,1010141.01,1918998.124,tushare,LOCAL_USER_PROVIDED,data/research_db/market_data/processed/core12_daily_price_bar.csv,a0c457d1b0664de1033d0da4a6ba782578ab068f4307a0ac5c84c4fe927cfefd,2026-06-01,true
600030,20240520,19.19,19.51,19.15,19.29,1325606.46,2568987.458,tushare,LOCAL_USER_PROVIDED,data/research_db/market_data/processed/core12_daily_price_bar.csv,a0c457d1b0664de1033d0da4a6ba782578ab068f4307a0ac5c84c4fe927cfefd,2026-06-01,true
600030,20240521,19.23,19.36,19.15,19.24,565401.33,1088790.431,tushare,LOCAL_USER_PROVIDED,data/research_db/market_data/processed/core12_daily_price_bar.csv,a0c457d1b0664de1033d0da4a6ba782578ab068f4307a0ac5c84c4fe927cfefd,2026-06-01,true
600030,20240522,19.2,19.36,19.15,19.31,644842.19,1243525.648,tushare,LOCAL_USER_PROVIDED,data/research_db/market_data/processed/core12_daily_price_bar.csv,a0c457d1b0664de1033d0da4a6ba782578ab068f4307a0ac5c84c4fe927cfefd,2026-06-01,true
600030,20240523,19.21,19.27,18.84,18.87,863178.22,1640457.685,tushare,LOCAL_USER_PROVIDED,data/research_db/market_data/processed/core12_daily_price_bar.csv,a0c457d1b0664de1033d0da4a6ba782578ab068f4307a0ac5c84c4fe927cfefd,2026-06-01,true
600030,20240524,18.8,18.92,18.52,18.59,726458.8,1360105.854,tushare,LOCAL_USER_PROVIDED,data/research_db/market_data/processed/core12_daily_price_bar.csv,a0c457d1b0664de1033d0da4a6ba782578ab068f4307a0ac5c84c4fe927cfefd,2026-06-01,true
600030,20240527,18.6,18.76,18.54,18.73,583702.93,1087384.826,tushare,LOCAL_USER_PROVIDED,data/research_db/market_data/processed/core12_daily_price_bar.csv,a0c457d1b0664de1033d0da4a6ba782578ab068f4307a0ac5c84c4fe927cfefd,2026-06-01,true
600030,20240528,18.68,18.91,18.6,18.62,470921.7,881360.4,tushare,LOCAL_USER_PROVIDED,data/research_db/market_data/processed/core12_daily_price_bar.csv,a0c457d1b0664de1033d0da4a6ba782578ab068f4307a0ac5c84c4fe927cfefd,2026-06-01,true
600030,20240529,18.56,18.8,18.56,18.65,379777.69,709786.485,tushare,LOCAL_USER_PROVIDED,data/research_db/market_data/processed/core12_daily_price_bar.csv,a0c457d1b0664de1033d0da4a6ba782578ab068f4307a0ac5c84c4fe927cfefd,2026-06-01,true
600030,20240530,18.59,18.68,18.45,18.56,475488.69,882503.726,tushare,LOCAL_USER_PROVIDED,data/research_db/market_data/processed/core12_daily_price_bar.csv,a0c457d1b0664de1033d0da4a6ba782578ab068f4307a0ac5c84c4fe927cfefd,2026-06-01,true
600030,20240531,18.64,18.84,18.58,18.62,519552.19,971574.137,tushare,LOCAL_USER_PROVIDED,data/research_db/market_data/processed/core12_daily_price_bar.csv,a0c457d1b0664de1033d0da4a6ba782578ab068f4307a0ac5c84c4fe927cfefd,2026-06-01,true
600030,20240603,18.55,18.56,18.35,18.43,585957.07,1079851.03,tushare,LOCAL_USER_PROVIDED,data/research_db/market_data/processed/core12_daily_price_bar.csv,a0c457d1b0664de1033d0da4a6ba782578ab068f4307a0ac5c84c4fe927cfefd,2026-06-01,true
600030,20240604,18.43,18.61,18.43,18.56,486497.49,901981.204,tushare,LOCAL_USER_PROVIDED,data/research_db/market_data/processed/core12_daily_price_bar.csv,a0c457d1b0664de1033d0da4a6ba782578ab068f4307a0ac5c84c4fe927cfefd,2026-06-01,true
600030,20240605,18.52,18.67,18.52,18.54,451342.22,838900.165,tushare,LOCAL_USER_PROVIDED,data/research_db/market_data/processed/core12_daily_price_bar.csv,a0c457d1b0664de1033d0da4a6ba782578ab068f4307a0ac5c84c4fe927cfefd,2026-06-01,true
600030,20240606,18.58,18.68,18.43,18.49,592332.68,1098537.259,tushare,LOCAL_USER_PROVIDED,data/research_db/market_data/processed/core12_daily_price_bar.csv,a0c457d1b0664de1033d0da4a6ba782578ab068f4307a0ac5c84c4fe927cfefd,2026-06-01,true
600030,20240607,18.55,18.6,18.2,18.38,571643.46,1052028.679,tushare,LOCAL_USER_PROVIDED,data/research_db/market_data/processed/core12_daily_price_bar.csv,a0c457d1b0664de1033d0da4a6ba782578ab068f4307a0ac5c84c4fe927cfefd,2026-06-01,true
600030,20240611,18.28,18.48,18.28,18.34,452709.74,832296.17,tushare,LOCAL_USER_PROVIDED,data/research_db/market_data/processed/core12_daily_price_bar.csv,a0c457d1b0664de1033d0da4a6ba782578ab068f4307a0ac5c84c4fe927cfefd,2026-06-01,true
600030,20240612,18.31,18.38,18.27,18.28,415911.18,761921.767,tushare,LOCAL_USER_PROVIDED,data/research_db/market_data/processed/core12_daily_price_bar.csv,a0c457d1b0664de1033d0da4a6ba782578ab068f4307a0ac5c84c4fe927cfefd,2026-06-01,true
600030,20240613,18.3,18.36,18.2,18.26,461595.9,842708.376,tushare,LOCAL_USER_PROVIDED,data/research_db/market_data/processed/core12_daily_price_bar.csv,a0c457d1b0664de1033d0da4a6ba782578ab068f4307a0ac5c84c4fe927cfefd,2026-06-01,true
600030,20240614,18.24,18.77,18.2,18.63,1211654.0,2242525.169,tushare,LOCAL_USER_PROVIDED,data/research_db/market_data/processed/core12_daily_price_bar.csv,a0c457d1b0664de1033d0da4a6ba782578ab068f4307a0ac5c84c4fe927cfefd,2026-06-01,true
600030,20240617,18.51,18.67,18.46,18.66,596441.31,1108331.617,tushare,LOCAL_USER_PROVIDED,data/research_db/market_data/processed/core12_daily_price_bar.csv,a0c457d1b0664de1033d0da4a6ba782578ab068f4307a0ac5c84c4fe927cfefd,2026-06-01,true
600030,20240618,18.65,18.89,18.6,18.71,574729.66,1077622.166,tushare,LOCAL_USER_PROVIDED,data/research_db/market_data/processed/core12_daily_price_bar.csv,a0c457d1b0664de1033d0da4a6ba782578ab068f4307a0ac5c84c4fe927cfefd,2026-06-01,true
600030,20240619,18.74,18.74,18.52,18.53,463448.91,861542.371,tushare,LOCAL_USER_PROVIDED,data/research_db/market_data/processed/core12_daily_price_bar.csv,a0c457d1b0664de1033d0da4a6ba782578ab068f4307a0ac5c84c4fe927cfefd,2026-06-01,true
600030,20240620,18.53,18.6,18.36,18.38,423174.17,780553.079,tushare,LOCAL_USER_PROVIDED,data/research_db/market_data/processed/core12_daily_price_bar.csv,a0c457d1b0664de1033d0da4a6ba782578ab068f4307a0ac5c84c4fe927cfefd,2026-06-01,true
600030,20240621,18.4,18.59,18.25,18.44,604170.22,1111691.879,tushare,LOCAL_USER_PROVIDED,data/research_db/market_data/processed/core12_daily_price_bar.csv,a0c457d1b0664de1033d0da4a6ba782578ab068f4307a0ac5c84c4fe927cfefd,2026-06-01,true
600030,20240624,18.41,18.57,18.4,18.42,519766.54,960506.542,tushare,LOCAL_USER_PROVIDED,data/research_db/market_data/processed/core12_daily_price_bar.csv,a0c457d1b0664de1033d0da4a6ba782578ab068f4307a0ac5c84c4fe927cfefd,2026-06-01,true
600030,20240625,18.43,18.46,18.0,18.12,749159.15,1362945.574,tushare,LOCAL_USER_PROVIDED,data/research_db/market_data/processed/core12_daily_price_bar.csv,a0c457d1b0664de1033d0da4a6ba782578ab068f4307a0ac5c84c4fe927cfefd,2026-06-01,true
600030,20240626,18.09,18.45,18.02,18.4,510173.06,933106.619,tushare,LOCAL_USER_PROVIDED,data/research_db/market_data/processed/core12_daily_price_bar.csv,a0c457d1b0664de1033d0da4a6ba782578ab068f4307a0ac5c84c4fe927cfefd,2026-06-01,true
600030,20240627,18.36,18.46,18.25,18.4,541512.68,996013.882,tushare,LOCAL_USER_PROVIDED,data/research_db/market_data/processed/core12_daily_price_bar.csv,a0c457d1b0664de1033d0da4a6ba782578ab068f4307a0ac5c84c4fe927cfefd,2026-06-01,true
600030,20240628,18.36,18.6,18.13,18.23,707386.08,1300681.101,tushare,LOCAL_USER_PROVIDED,data/research_db/market_data/processed/core12_daily_price_bar.csv,a0c457d1b0664de1033d0da4a6ba782578ab068f4307a0ac5c84c4fe927cfefd,2026-06-01,true
600276,20240102,45.24,45.44,44.36,44.47,182607.97,815829.089,tushare,LOCAL_USER_PROVIDED,data/research_db/market_data/processed/core12_daily_price_bar.csv,a0c457d1b0664de1033d0da4a6ba782578ab068f4307a0ac5c84c4fe927cfefd,2026-06-01,true
600276,20240103,44.21,44.88,44.05,44.23,146693.79,651690.508,tushare,LOCAL_USER_PROVIDED,data/research_db/market_data/processed/core12_daily_price_bar.csv,a0c457d1b0664de1033d0da4a6ba782578ab068f4307a0ac5c84c4fe927cfefd,2026-06-01,true
600276,20240104,44.3,44.34,42.88,43.79,339045.43,1468337.357,tushare,LOCAL_USER_PROVIDED,data/research_db/market_data/processed/core12_daily_price_bar.csv,a0c457d1b0664de1033d0da4a6ba782578ab068f4307a0ac5c84c4fe927cfefd,2026-06-01,true
600276,20240105,43.31,43.5,41.28,41.95,495226.87,2085701.637,tushare,LOCAL_USER_PROVIDED,data/research_db/market_data/processed/core12_daily_price_bar.csv,a0c457d1b0664de1033d0da4a6ba782578ab068f4307a0ac5c84c4fe927cfefd,2026-06-01,true
600276,20240108,41.8,41.8,41.0,41.11,300091.12,1238699.559,tushare,LOCAL_USER_PROVIDED,data/research_db/market_data/processed/core12_daily_price_bar.csv,a0c457d1b0664de1033d0da4a6ba782578ab068f4307a0ac5c84c4fe927cfefd,2026-06-01,true
600276,20240109,41.15,41.56,40.88,41.2,211749.33,872816.754,tushare,LOCAL_USER_PROVIDED,data/research_db/market_data/processed/core12_daily_price_bar.csv,a0c457d1b0664de1033d0da4a6ba782578ab068f4307a0ac5c84c4fe927cfefd,2026-06-01,true
600276,20240110,41.2,41.99,40.77,41.5,206745.83,860280.445,tushare,LOCAL_USER_PROVIDED,data/research_db/market_data/processed/core12_daily_price_bar.csv,a0c457d1b0664de1033d0da4a6ba782578ab068f4307a0ac5c84c4fe927cfefd,2026-06-01,true
600276,20240111,41.51,41.85,41.18,41.48,189719.94,788171.079,tushare,LOCAL_USER_PROVIDED,data/research_db/market_data/processed/core12_daily_price_bar.csv,a0c457d1b0664de1033d0da4a6ba782578ab068f4307a0ac5c84c4fe927cfefd,2026-06-01,true
600276,20240112,41.21,41.6,40.92,41.1,132701.35,548157.565,tushare,LOCAL_USER_PROVIDED,data/research_db/market_data/processed/core12_daily_price_bar.csv,a0c457d1b0664de1033d0da4a6ba782578ab068f4307a0ac5c84c4fe927cfefd,2026-06-01,true
600276,20240115,40.7,41.9,40.68,41.51,148934.96,617603.018,tushare,LOCAL_USER_PROVIDED,data/research_db/market_data/processed/core12_daily_price_bar.csv,a0c457d1b0664de1033d0da4a6ba782578ab068f4307a0ac5c84c4fe927cfefd,2026-06-01,true
600276,20240116,41.2,41.65,40.8,41.41,186577.09,768555.374,tushare,LOCAL_USER_PROVIDED,data/research_db/market_data/processed/core12_daily_price_bar.csv,a0c457d1b0664de1033d0da4a6ba782578ab068f4307a0ac5c84c4fe927cfefd,2026-06-01,true
600276,20240117,41.13,41.29,40.11,40.11,240232.17,974124.257,tushare,LOCAL_USER_PROVIDED,data/research_db/market_data/processed/core12_daily_price_bar.csv,a0c457d1b0664de1033d0da4a6ba782578ab068f4307a0ac5c84c4fe927cfefd,2026-06-01,true
600276,20240118,40.0,41.4,39.47,41.29,387164.6,1559153.303,tushare,LOCAL_USER_PROVIDED,data/research_db/market_data/processed/core12_daily_price_bar.csv,a0c457d1b0664de1033d0da4a6ba782578ab068f4307a0ac5c84c4fe927cfefd,2026-06-01,true
600276,20240119,41.09,41.6,40.81,41.41,317394.89,1309874.297,tushare,LOCAL_USER_PROVIDED,data/research_db/market_data/processed/core12_daily_price_bar.csv,a0c457d1b0664de1033d0da4a6ba782578ab068f4307a0ac5c84c4fe927cfefd,2026-06-01,true
600276,20240122,41.4,41.7,40.13,40.78,349377.45,1430463.188,tushare,LOCAL_USER_PROVIDED,data/research_db/market_data/processed/core12_daily_price_bar.csv,a0c457d1b0664de1033d0da4a6ba782578ab068f4307a0ac5c84c4fe927cfefd,2026-06-01,true
600276,20240123,40.68,40.92,40.23,40.3,208862.14,846394.265,tushare,LOCAL_USER_PROVIDED,data/research_db/market_data/processed/core12_daily_price_bar.csv,a0c457d1b0664de1033d0da4a6ba782578ab068f4307a0ac5c84c4fe927cfefd,2026-06-01,true
600276,20240124,40.68,40.73,39.5,40.52,250042.07,1001342.749,tushare,LOCAL_USER_PROVIDED,data/research_db/market_data/processed/core12_daily_price_bar.csv,a0c457d1b0664de1033d0da4a6ba782578ab068f4307a0ac5c84c4fe927cfefd,2026-06-01,true
600276,20240125,40.84,41.2,40.05,41.2,278911.63,1134726.996,tushare,LOCAL_USER_PROVIDED,data/research_db/market_data/processed/core12_daily_price_bar.csv,a0c457d1b0664de1033d0da4a6ba782578ab068f4307a0ac5c84c4fe927cfefd,2026-06-01,true
600276,20240126,40.9,41.22,40.01,40.3,302799.54,1230888.858,tushare,LOCAL_USER_PROVIDED,data/research_db/market_data/processed/core12_daily_price_bar.csv,a0c457d1b0664de1033d0da4a6ba782578ab068f4307a0ac5c84c4fe927cfefd,2026-06-01,true
600276,20240129,40.25,40.55,39.03,39.25,281051.0,1112608.513,tushare,LOCAL_USER_PROVIDED,data/research_db/market_data/processed/core12_daily_price_bar.csv,a0c457d1b0664de1033d0da4a6ba782578ab068f4307a0ac5c84c4fe927cfefd,2026-06-01,true
600276,20240130,39.22,39.44,38.56,38.69,233013.0,905581.935,tushare,LOCAL_USER_PROVIDED,data/research_db/market_data/processed/core12_daily_price_bar.csv,a0c457d1b0664de1033d0da4a6ba782578ab068f4307a0ac5c84c4fe927cfefd,2026-06-01,true
600276,20240131,38.4,38.6,37.22,37.45,380597.05,1433750.351,tushare,LOCAL_USER_PROVIDED,data/research_db/market_data/processed/core12_daily_price_bar.csv,a0c457d1b0664de1033d0da4a6ba782578ab068f4307a0ac5c84c4fe927cfefd,2026-06-01,true
600276,20240201,37.2,38.06,36.88,37.16,300234.6,1122310.504,tushare,LOCAL_USER_PROVIDED,data/research_db/market_data/processed/core12_daily_price_bar.csv,a0c457d1b0664de1033d0da4a6ba782578ab068f4307a0ac5c84c4fe927cfefd,2026-06-01,true
600276,20240202,37.22,37.67,35.51,35.95,360475.09,1317464.771,tushare,LOCAL_USER_PROVIDED,data/research_db/market_data/processed/core12_daily_price_bar.csv,a0c457d1b0664de1033d0da4a6ba782578ab068f4307a0ac5c84c4fe927cfefd,2026-06-01,true
600276,20240205,35.98,37.96,35.79,37.4,497938.6,1835851.264,tushare,LOCAL_USER_PROVIDED,data/research_db/market_data/processed/core12_daily_price_bar.csv,a0c457d1b0664de1033d0da4a6ba782578ab068f4307a0ac5c84c4fe927cfefd,2026-06-01,true
600276,20240206,37.4,41.05,37.2,41.0,568194.66,2272656.933,tushare,LOCAL_USER_PROVIDED,data/research_db/market_data/processed/core12_daily_price_bar.csv,a0c457d1b0664de1033d0da4a6ba782578ab068f4307a0ac5c84c4fe927cfefd,2026-06-01,true
600276,20240207,41.25,41.86,40.51,41.84,522123.78,2164428.888,tushare,LOCAL_USER_PROVIDED,data/research_db/market_data/processed/core12_daily_price_bar.csv,a0c457d1b0664de1033d0da4a6ba782578ab068f4307a0ac5c84c4fe927cfefd,2026-06-01,true
600276,20240208,41.84,42.55,41.18,41.87,379944.04,1579175.793,tushare,LOCAL_USER_PROVIDED,data/research_db/market_data/processed/core12_daily_price_bar.csv,a0c457d1b0664de1033d0da4a6ba782578ab068f4307a0ac5c84c4fe927cfefd,2026-06-01,true
600276,20240219,41.86,42.17,41.05,41.66,253807.9,1055722.627,tushare,LOCAL_USER_PROVIDED,data/research_db/market_data/processed/core12_daily_price_bar.csv,a0c457d1b0664de1033d0da4a6ba782578ab068f4307a0ac5c84c4fe927cfefd,2026-06-01,true
600276,20240220,41.73,42.23,41.51,41.86,212255.0,889338.539,tushare,LOCAL_USER_PROVIDED,data/research_db/market_data/processed/core12_daily_price_bar.csv,a0c457d1b0664de1033d0da4a6ba782578ab068f4307a0ac5c84c4fe927cfefd,2026-06-01,true
600276,20240221,41.88,42.46,41.45,42.22,299014.7,1260180.46,tushare,LOCAL_USER_PROVIDED,data/research_db/market_data/processed/core12_daily_price_bar.csv,a0c457d1b0664de1033d0da4a6ba782578ab068f4307a0ac5c84c4fe927cfefd,2026-06-01,true
600276,20240222,42.0,42.54,41.96,42.43,175300.89,740956.883,tushare,LOCAL_USER_PROVIDED,data/research_db/market_data/processed/core12_daily_price_bar.csv,a0c457d1b0664de1033d0da4a6ba782578ab068f4307a0ac5c84c4fe927cfefd,2026-06-01,true
600276,20240223,42.43,42.86,41.88,42.39,229506.41,971812.476,tushare,LOCAL_USER_PROVIDED,data/research_db/market_data/processed/core12_daily_price_bar.csv,a0c457d1b0664de1033d0da4a6ba782578ab068f4307a0ac5c84c4fe927cfefd,2026-06-01,true
600276,20240226,42.21,42.49,41.8,42.08,188782.34,796444.428,tushare,LOCAL_USER_PROVIDED,data/research_db/market_data/processed/core12_daily_price_bar.csv,a0c457d1b0664de1033d0da4a6ba782578ab068f4307a0ac5c84c4fe927cfefd,2026-06-01,true
600276,20240227,42.1,42.33,41.84,42.27,176161.19,740889.142,tushare,LOCAL_USER_PROVIDED,data/research_db/market_data/processed/core12_daily_price_bar.csv,a0c457d1b0664de1033d0da4a6ba782578ab068f4307a0ac5c84c4fe927cfefd,2026-06-01,true
600276,20240228,42.47,43.59,42.23,42.23,340117.85,1458671.569,tushare,LOCAL_USER_PROVIDED,data/research_db/market_data/processed/core12_daily_price_bar.csv,a0c457d1b0664de1033d0da4a6ba782578ab068f4307a0ac5c84c4fe927cfefd,2026-06-01,true
600276,20240229,42.22,42.85,42.1,42.64,253408.41,1076844.666,tushare,LOCAL_USER_PROVIDED,data/research_db/market_data/processed/core12_daily_price_bar.csv,a0c457d1b0664de1033d0da4a6ba782578ab068f4307a0ac5c84c4fe927cfefd,2026-06-01,true
600276,20240301,42.64,42.92,42.1,42.52,215636.99,916978.866,tushare,LOCAL_USER_PROVIDED,data/research_db/market_data/processed/core12_daily_price_bar.csv,a0c457d1b0664de1033d0da4a6ba782578ab068f4307a0ac5c84c4fe927cfefd,2026-06-01,true
600276,20240304,42.52,43.98,42.46,43.9,376568.12,1640672.142,tushare,LOCAL_USER_PROVIDED,data/research_db/market_data/processed/core12_daily_price_bar.csv,a0c457d1b0664de1033d0da4a6ba782578ab068f4307a0ac5c84c4fe927cfefd,2026-06-01,true
600276,20240305,43.9,44.7,43.62,44.56,371200.36,1643167.915,tushare,LOCAL_USER_PROVIDED,data/research_db/market_data/processed/core12_daily_price_bar.csv,a0c457d1b0664de1033d0da4a6ba782578ab068f4307a0ac5c84c4fe927cfefd,2026-06-01,true
600276,20240306,44.65,44.9,43.7,43.96,216990.75,957081.998,tushare,LOCAL_USER_PROVIDED,data/research_db/market_data/processed/core12_daily_price_bar.csv,a0c457d1b0664de1033d0da4a6ba782578ab068f4307a0ac5c84c4fe927cfefd,2026-06-01,true
600276,20240307,43.9,43.96,41.6,41.95,457432.63,1939466.492,tushare,LOCAL_USER_PROVIDED,data/research_db/market_data/processed/core12_daily_price_bar.csv,a0c457d1b0664de1033d0da4a6ba782578ab068f4307a0ac5c84c4fe927cfefd,2026-06-01,true
600276,20240308,41.94,42.7,41.62,41.89,277417.88,1164468.604,tushare,LOCAL_USER_PROVIDED,data/research_db/market_data/processed/core12_daily_price_bar.csv,a0c457d1b0664de1033d0da4a6ba782578ab068f4307a0ac5c84c4fe927cfefd,2026-06-01,true
600276,20240311,41.9,43.7,41.68,43.6,325467.46,1400965.85,tushare,LOCAL_USER_PROVIDED,data/research_db/market_data/processed/core12_daily_price_bar.csv,a0c457d1b0664de1033d0da4a6ba782578ab068f4307a0ac5c84c4fe927cfefd,2026-06-01,true
600276,20240312,43.71,45.29,43.2,44.93,431409.72,1921884.773,tushare,LOCAL_USER_PROVIDED,data/research_db/market_data/processed/core12_daily_price_bar.csv,a0c457d1b0664de1033d0da4a6ba782578ab068f4307a0ac5c84c4fe927cfefd,2026-06-01,true
600276,20240313,45.0,45.03,44.16,44.68,207494.81,924209.602,tushare,LOCAL_USER_PROVIDED,data/research_db/market_data/processed/core12_daily_price_bar.csv,a0c457d1b0664de1033d0da4a6ba782578ab068f4307a0ac5c84c4fe927cfefd,2026-06-01,true
600276,20240314,49.0,49.15,46.51,47.03,1099244.76,5248912.838,tushare,LOCAL_USER_PROVIDED,data/research_db/market_data/processed/core12_daily_price_bar.csv,a0c457d1b0664de1033d0da4a6ba782578ab068f4307a0ac5c84c4fe927cfefd,2026-06-01,true
600276,20240315,46.98,47.95,46.5,47.13,438579.39,2069250.035,tushare,LOCAL_USER_PROVIDED,data/research_db/market_data/processed/core12_daily_price_bar.csv,a0c457d1b0664de1033d0da4a6ba782578ab068f4307a0ac5c84c4fe927cfefd,2026-06-01,true
600276,20240318,47.0,47.68,46.45,47.28,297914.31,1406103.941,tushare,LOCAL_USER_PROVIDED,data/research_db/market_data/processed/core12_daily_price_bar.csv,a0c457d1b0664de1033d0da4a6ba782578ab068f4307a0ac5c84c4fe927cfefd,2026-06-01,true
600276,20240319,46.91,47.33,45.9,45.97,272047.91,1262475.448,tushare,LOCAL_USER_PROVIDED,data/research_db/market_data/processed/core12_daily_price_bar.csv,a0c457d1b0664de1033d0da4a6ba782578ab068f4307a0ac5c84c4fe927cfefd,2026-06-01,true
600276,20240320,45.66,45.91,45.31,45.63,225014.1,1025230.382,tushare,LOCAL_USER_PROVIDED,data/research_db/market_data/processed/core12_daily_price_bar.csv,a0c457d1b0664de1033d0da4a6ba782578ab068f4307a0ac5c84c4fe927cfefd,2026-06-01,true
600276,20240321,45.85,46.07,45.45,45.63,183357.06,839240.724,tushare,LOCAL_USER_PROVIDED,data/research_db/market_data/processed/core12_daily_price_bar.csv,a0c457d1b0664de1033d0da4a6ba782578ab068f4307a0ac5c84c4fe927cfefd,2026-06-01,true
600276,20240322,45.54,46.0,45.1,45.93,242254.21,1103378.348,tushare,LOCAL_USER_PROVIDED,data/research_db/market_data/processed/core12_daily_price_bar.csv,a0c457d1b0664de1033d0da4a6ba782578ab068f4307a0ac5c84c4fe927cfefd,2026-06-01,true
600276,20240325,45.95,46.82,45.81,46.16,232619.53,1078638.224,tushare,LOCAL_USER_PROVIDED,data/research_db/market_data/processed/core12_daily_price_bar.csv,a0c457d1b0664de1033d0da4a6ba782578ab068f4307a0ac5c84c4fe927cfefd,2026-06-01,true
600276,20240326,46.1,46.59,45.87,46.27,200060.73,925152.065,tushare,LOCAL_USER_PROVIDED,data/research_db/market_data/processed/core12_daily_price_bar.csv,a0c457d1b0664de1033d0da4a6ba782578ab068f4307a0ac5c84c4fe927cfefd,2026-06-01,true
600276,20240327,46.2,46.35,45.7,45.91,155668.13,716342.078,tushare,LOCAL_USER_PROVIDED,data/research_db/market_data/processed/core12_daily_price_bar.csv,a0c457d1b0664de1033d0da4a6ba782578ab068f4307a0ac5c84c4fe927cfefd,2026-06-01,true
600276,20240328,45.91,46.86,45.54,46.21,214019.47,993801.318,tushare,LOCAL_USER_PROVIDED,data/research_db/market_data/processed/core12_daily_price_bar.csv,a0c457d1b0664de1033d0da4a6ba782578ab068f4307a0ac5c84c4fe927cfefd,2026-06-01,true
600276,20240329,46.21,46.37,45.4,45.97,187037.57,857879.351,tushare,LOCAL_USER_PROVIDED,data/research_db/market_data/processed/core12_daily_price_bar.csv,a0c457d1b0664de1033d0da4a6ba782578ab068f4307a0ac5c84c4fe927cfefd,2026-06-01,true
600276,20240401,45.98,46.8,45.98,46.32,202224.35,937070.924,tushare,LOCAL_USER_PROVIDED,data/research_db/market_data/processed/core12_daily_price_bar.csv,a0c457d1b0664de1033d0da4a6ba782578ab068f4307a0ac5c84c4fe927cfefd,2026-06-01,true
600276,20240402,46.2,46.69,45.06,45.46,224903.09,1024255.824,tushare,LOCAL_USER_PROVIDED,data/research_db/market_data/processed/core12_daily_price_bar.csv,a0c457d1b0664de1033d0da4a6ba782578ab068f4307a0ac5c84c4fe927cfefd,2026-06-01,true
600276,20240403,45.1,45.33,44.52,44.76,236904.2,1064081.572,tushare,LOCAL_USER_PROVIDED,data/research_db/market_data/processed/core12_daily_price_bar.csv,a0c457d1b0664de1033d0da4a6ba782578ab068f4307a0ac5c84c4fe927cfefd,2026-06-01,true
600276,20240408,44.8,45.87,44.8,45.4,236267.91,1071343.514,tushare,LOCAL_USER_PROVIDED,data/research_db/market_data/processed/core12_daily_price_bar.csv,a0c457d1b0664de1033d0da4a6ba782578ab068f4307a0ac5c84c4fe927cfefd,2026-06-01,true
600276,20240409,45.4,45.63,44.28,45.54,215272.35,967808.523,tushare,LOCAL_USER_PROVIDED,data/research_db/market_data/processed/core12_daily_price_bar.csv,a0c457d1b0664de1033d0da4a6ba782578ab068f4307a0ac5c84c4fe927cfefd,2026-06-01,true
600276,20240410,45.54,45.98,44.9,45.45,163530.62,744122.727,tushare,LOCAL_USER_PROVIDED,data/research_db/market_data/processed/core12_daily_price_bar.csv,a0c457d1b0664de1033d0da4a6ba782578ab068f4307a0ac5c84c4fe927cfefd,2026-06-01,true
600276,20240411,45.05,45.49,44.63,44.94,186091.52,837102.507,tushare,LOCAL_USER_PROVIDED,data/research_db/market_data/processed/core12_daily_price_bar.csv,a0c457d1b0664de1033d0da4a6ba782578ab068f4307a0ac5c84c4fe927cfefd,2026-06-01,true
600276,20240412,44.8,45.35,43.95,44.09,222119.02,987099.187,tushare,LOCAL_USER_PROVIDED,data/research_db/market_data/processed/core12_daily_price_bar.csv,a0c457d1b0664de1033d0da4a6ba782578ab068f4307a0ac5c84c4fe927cfefd,2026-06-01,true
600276,20240415,44.14,45.15,44.09,44.56,220277.68,984050.772,tushare,LOCAL_USER_PROVIDED,data/research_db/market_data/processed/core12_daily_price_bar.csv,a0c457d1b0664de1033d0da4a6ba782578ab068f4307a0ac5c84c4fe927cfefd,2026-06-01,true
600276,20240416,44.33,44.65,43.79,44.26,233857.21,1033684.47,tushare,LOCAL_USER_PROVIDED,data/research_db/market_data/processed/core12_daily_price_bar.csv,a0c457d1b0664de1033d0da4a6ba782578ab068f4307a0ac5c84c4fe927cfefd,2026-06-01,true
600276,20240417,44.35,44.78,43.84,44.39,232756.0,1032367.344,tushare,LOCAL_USER_PROVIDED,data/research_db/market_data/processed/core12_daily_price_bar.csv,a0c457d1b0664de1033d0da4a6ba782578ab068f4307a0ac5c84c4fe927cfefd,2026-06-01,true
600276,20240418,45.2,45.5,42.2,42.35,590167.74,2541878.651,tushare,LOCAL_USER_PROVIDED,data/research_db/market_data/processed/core12_daily_price_bar.csv,a0c457d1b0664de1033d0da4a6ba782578ab068f4307a0ac5c84c4fe927cfefd,2026-06-01,true
600276,20240419,42.0,42.34,41.22,41.68,384254.6,1601560.704,tushare,LOCAL_USER_PROVIDED,data/research_db/market_data/processed/core12_daily_price_bar.csv,a0c457d1b0664de1033d0da4a6ba782578ab068f4307a0ac5c84c4fe927cfefd,2026-06-01,true
600276,20240422,41.99,42.17,41.46,41.86,278064.45,1163954.983,tushare,LOCAL_USER_PROVIDED,data/research_db/market_data/processed/core12_daily_price_bar.csv,a0c457d1b0664de1033d0da4a6ba782578ab068f4307a0ac5c84c4fe927cfefd,2026-06-01,true
600276,20240423,41.86,44.27,41.8,44.07,493661.1,2134259.117,tushare,LOCAL_USER_PROVIDED,data/research_db/market_data/processed/core12_daily_price_bar.csv,a0c457d1b0664de1033d0da4a6ba782578ab068f4307a0ac5c84c4fe927cfefd,2026-06-01,true
600276,20240424,43.96,44.2,43.4,43.7,216251.98,946244.236,tushare,LOCAL_USER_PROVIDED,data/research_db/market_data/processed/core12_daily_price_bar.csv,a0c457d1b0664de1033d0da4a6ba782578ab068f4307a0ac5c84c4fe927cfefd,2026-06-01,true
600276,20240425,43.7,44.97,43.5,44.3,244691.03,1085861.364,tushare,LOCAL_USER_PROVIDED,data/research_db/market_data/processed/core12_daily_price_bar.csv,a0c457d1b0664de1033d0da4a6ba782578ab068f4307a0ac5c84c4fe927cfefd,2026-06-01,true
600276,20240426,44.2,45.79,44.17,45.61,342782.62,1550025.297,tushare,LOCAL_USER_PROVIDED,data/research_db/market_data/processed/core12_daily_price_bar.csv,a0c457d1b0664de1033d0da4a6ba782578ab068f4307a0ac5c84c4fe927cfefd,2026-06-01,true
600276,20240429,45.6,46.86,45.53,46.18,342795.67,1586424.722,tushare,LOCAL_USER_PROVIDED,data/research_db/market_data/processed/core12_daily_price_bar.csv,a0c457d1b0664de1033d0da4a6ba782578ab068f4307a0ac5c84c4fe927cfefd,2026-06-01,true
600276,20240430,46.39,46.85,45.85,46.16,192502.43,893082.21,tushare,LOCAL_USER_PROVIDED,data/research_db/market_data/processed/core12_daily_price_bar.csv,a0c457d1b0664de1033d0da4a6ba782578ab068f4307a0ac5c84c4fe927cfefd,2026-06-01,true
600276,20240506,46.93,47.87,46.42,47.16,325824.23,1541063.569,tushare,LOCAL_USER_PROVIDED,data/research_db/market_data/processed/core12_daily_price_bar.csv,a0c457d1b0664de1033d0da4a6ba782578ab068f4307a0ac5c84c4fe927cfefd,2026-06-01,true
600276,20240507,47.16,47.5,47.02,47.23,203779.65,964125.27,tushare,LOCAL_USER_PROVIDED,data/research_db/market_data/processed/core12_daily_price_bar.csv,a0c457d1b0664de1033d0da4a6ba782578ab068f4307a0ac5c84c4fe927cfefd,2026-06-01,true
600276,20240508,47.26,47.37,46.25,46.42,261291.51,1217234.952,tushare,LOCAL_USER_PROVIDED,data/research_db/market_data/processed/core12_daily_price_bar.csv,a0c457d1b0664de1033d0da4a6ba782578ab068f4307a0ac5c84c4fe927cfefd,2026-06-01,true
600276,20240509,46.51,47.23,46.31,46.9,175147.23,820722.434,tushare,LOCAL_USER_PROVIDED,data/research_db/market_data/processed/core12_daily_price_bar.csv,a0c457d1b0664de1033d0da4a6ba782578ab068f4307a0ac5c84c4fe927cfefd,2026-06-01,true
600276,20240510,46.79,47.05,46.19,46.48,155772.77,725489.832,tushare,LOCAL_USER_PROVIDED,data/research_db/market_data/processed/core12_daily_price_bar.csv,a0c457d1b0664de1033d0da4a6ba782578ab068f4307a0ac5c84c4fe927cfefd,2026-06-01,true
600276,20240513,46.48,46.78,45.37,45.53,291756.92,1338054.191,tushare,LOCAL_USER_PROVIDED,data/research_db/market_data/processed/core12_daily_price_bar.csv,a0c457d1b0664de1033d0da4a6ba782578ab068f4307a0ac5c84c4fe927cfefd,2026-06-01,true
600276,20240514,45.53,45.78,45.22,45.33,197237.37,897260.526,tushare,LOCAL_USER_PROVIDED,data/research_db/market_data/processed/core12_daily_price_bar.csv,a0c457d1b0664de1033d0da4a6ba782578ab068f4307a0ac5c84c4fe927cfefd,2026-06-01,true
600276,20240515,45.34,45.42,44.53,44.67,159428.98,713465.989,tushare,LOCAL_USER_PROVIDED,data/research_db/market_data/processed/core12_daily_price_bar.csv,a0c457d1b0664de1033d0da4a6ba782578ab068f4307a0ac5c84c4fe927cfefd,2026-06-01,true
600276,20240516,45.0,45.11,44.4,44.69,234377.08,1048106.878,tushare,LOCAL_USER_PROVIDED,data/research_db/market_data/processed/core12_daily_price_bar.csv,a0c457d1b0664de1033d0da4a6ba782578ab068f4307a0ac5c84c4fe927cfefd,2026-06-01,true
600276,20240517,45.5,46.23,44.07,44.75,376855.49,1689843.524,tushare,LOCAL_USER_PROVIDED,data/research_db/market_data/processed/core12_daily_price_bar.csv,a0c457d1b0664de1033d0da4a6ba782578ab068f4307a0ac5c84c4fe927cfefd,2026-06-01,true
600276,20240520,44.28,44.79,43.48,43.81,397022.65,1742797.464,tushare,LOCAL_USER_PROVIDED,data/research_db/market_data/processed/core12_daily_price_bar.csv,a0c457d1b0664de1033d0da4a6ba782578ab068f4307a0ac5c84c4fe927cfefd,2026-06-01,true
600276,20240521,43.72,44.16,43.42,43.8,244383.25,1071157.251,tushare,LOCAL_USER_PROVIDED,data/research_db/market_data/processed/core12_daily_price_bar.csv,a0c457d1b0664de1033d0da4a6ba782578ab068f4307a0ac5c84c4fe927cfefd,2026-06-01,true
600276,20240522,43.9,43.96,43.4,43.54,252388.47,1100081.62,tushare,LOCAL_USER_PROVIDED,data/research_db/market_data/processed/core12_daily_price_bar.csv,a0c457d1b0664de1033d0da4a6ba782578ab068f4307a0ac5c84c4fe927cfefd,2026-06-01,true
600276,20240523,43.54,43.59,42.9,43.05,197024.07,848668.345,tushare,LOCAL_USER_PROVIDED,data/research_db/market_data/processed/core12_daily_price_bar.csv,a0c457d1b0664de1033d0da4a6ba782578ab068f4307a0ac5c84c4fe927cfefd,2026-06-01,true
600276,20240524,43.05,43.18,42.38,42.44,220383.5,939654.301,tushare,LOCAL_USER_PROVIDED,data/research_db/market_data/processed/core12_daily_price_bar.csv,a0c457d1b0664de1033d0da4a6ba782578ab068f4307a0ac5c84c4fe927cfefd,2026-06-01,true
600276,20240527,42.33,42.9,41.82,42.7,306781.96,1300950.779,tushare,LOCAL_USER_PROVIDED,data/research_db/market_data/processed/core12_daily_price_bar.csv,a0c457d1b0664de1033d0da4a6ba782578ab068f4307a0ac5c84c4fe927cfefd,2026-06-01,true
600276,20240528,42.7,43.59,42.36,43.27,374278.81,1616893.172,tushare,LOCAL_USER_PROVIDED,data/research_db/market_data/processed/core12_daily_price_bar.csv,a0c457d1b0664de1033d0da4a6ba782578ab068f4307a0ac5c84c4fe927cfefd,2026-06-01,true
600276,20240529,43.25,43.48,42.95,43.02,166766.75,719612.073,tushare,LOCAL_USER_PROVIDED,data/research_db/market_data/processed/core12_daily_price_bar.csv,a0c457d1b0664de1033d0da4a6ba782578ab068f4307a0ac5c84c4fe927cfefd,2026-06-01,true
600276,20240530,43.05,43.24,42.54,42.88,132477.11,567669.926,tushare,LOCAL_USER_PROVIDED,data/research_db/market_data/processed/core12_daily_price_bar.csv,a0c457d1b0664de1033d0da4a6ba782578ab068f4307a0ac5c84c4fe927cfefd,2026-06-01,true
600276,20240531,43.4,43.59,42.36,42.36,228650.66,980570.414,tushare,LOCAL_USER_PROVIDED,data/research_db/market_data/processed/core12_daily_price_bar.csv,a0c457d1b0664de1033d0da4a6ba782578ab068f4307a0ac5c84c4fe927cfefd,2026-06-01,true
600276,20240603,42.22,42.69,42.07,42.5,187800.93,796785.13,tushare,LOCAL_USER_PROVIDED,data/research_db/market_data/processed/core12_daily_price_bar.csv,a0c457d1b0664de1033d0da4a6ba782578ab068f4307a0ac5c84c4fe927cfefd,2026-06-01,true
600276,20240604,42.45,44.0,42.36,43.83,358138.9,1561008.549,tushare,LOCAL_USER_PROVIDED,data/research_db/market_data/processed/core12_daily_price_bar.csv,a0c457d1b0664de1033d0da4a6ba782578ab068f4307a0ac5c84c4fe927cfefd,2026-06-01,true
600276,20240605,43.83,44.3,43.69,43.92,180675.77,794605.429,tushare,LOCAL_USER_PROVIDED,data/research_db/market_data/processed/core12_daily_price_bar.csv,a0c457d1b0664de1033d0da4a6ba782578ab068f4307a0ac5c84c4fe927cfefd,2026-06-01,true
600276,20240606,43.65,44.1,42.8,42.91,225868.53,978566.367,tushare,LOCAL_USER_PROVIDED,data/research_db/market_data/processed/core12_daily_price_bar.csv,a0c457d1b0664de1033d0da4a6ba782578ab068f4307a0ac5c84c4fe927cfefd,2026-06-01,true
600276,20240607,42.99,43.26,42.15,42.15,238547.35,1013241.225,tushare,LOCAL_USER_PROVIDED,data/research_db/market_data/processed/core12_daily_price_bar.csv,a0c457d1b0664de1033d0da4a6ba782578ab068f4307a0ac5c84c4fe927cfefd,2026-06-01,true
600276,20240611,42.0,42.81,41.7,42.72,251121.41,1062111.846,tushare,LOCAL_USER_PROVIDED,data/research_db/market_data/processed/core12_daily_price_bar.csv,a0c457d1b0664de1033d0da4a6ba782578ab068f4307a0ac5c84c4fe927cfefd,2026-06-01,true
600276,20240612,42.73,42.73,41.91,42.1,218505.45,922178.802,tushare,LOCAL_USER_PROVIDED,data/research_db/market_data/processed/core12_daily_price_bar.csv,a0c457d1b0664de1033d0da4a6ba782578ab068f4307a0ac5c84c4fe927cfefd,2026-06-01,true
600276,20240613,42.1,42.43,41.53,42.06,207298.21,872698.85,tushare,LOCAL_USER_PROVIDED,data/research_db/market_data/processed/core12_daily_price_bar.csv,a0c457d1b0664de1033d0da4a6ba782578ab068f4307a0ac5c84c4fe927cfefd,2026-06-01,true
600276,20240614,41.9,42.1,41.08,41.9,415372.4,1729630.309,tushare,LOCAL_USER_PROVIDED,data/research_db/market_data/processed/core12_daily_price_bar.csv,a0c457d1b0664de1033d0da4a6ba782578ab068f4307a0ac5c84c4fe927cfefd,2026-06-01,true
600276,20240617,41.6,42.7,41.59,42.53,241981.12,1024367.306,tushare,LOCAL_USER_PROVIDED,data/research_db/market_data/processed/core12_daily_price_bar.csv,a0c457d1b0664de1033d0da4a6ba782578ab068f4307a0ac5c84c4fe927cfefd,2026-06-01,true
600276,20240618,42.5,42.71,41.81,41.97,203923.34,860147.2,tushare,LOCAL_USER_PROVIDED,data/research_db/market_data/processed/core12_daily_price_bar.csv,a0c457d1b0664de1033d0da4a6ba782578ab068f4307a0ac5c84c4fe927cfefd,2026-06-01,true
600276,20240619,42.0,42.26,41.21,41.36,201011.28,836081.465,tushare,LOCAL_USER_PROVIDED,data/research_db/market_data/processed/core12_daily_price_bar.csv,a0c457d1b0664de1033d0da4a6ba782578ab068f4307a0ac5c84c4fe927cfefd,2026-06-01,true
600276,20240620,41.34,41.77,40.58,40.6,247827.4,1013799.895,tushare,LOCAL_USER_PROVIDED,data/research_db/market_data/processed/core12_daily_price_bar.csv,a0c457d1b0664de1033d0da4a6ba782578ab068f4307a0ac5c84c4fe927cfefd,2026-06-01,true
600276,20240621,40.7,40.8,39.77,40.04,364553.01,1459102.929,tushare,LOCAL_USER_PROVIDED,data/research_db/market_data/processed/core12_daily_price_bar.csv,a0c457d1b0664de1033d0da4a6ba782578ab068f4307a0ac5c84c4fe927cfefd,2026-06-01,true
600276,20240624,40.0,40.64,39.54,40.29,278930.44,1123508.475,tushare,LOCAL_USER_PROVIDED,data/research_db/market_data/processed/core12_daily_price_bar.csv,a0c457d1b0664de1033d0da4a6ba782578ab068f4307a0ac5c84c4fe927cfefd,2026-06-01,true
600276,20240625,40.51,40.58,39.45,39.7,224589.55,895023.382,tushare,LOCAL_USER_PROVIDED,data/research_db/market_data/processed/core12_daily_price_bar.csv,a0c457d1b0664de1033d0da4a6ba782578ab068f4307a0ac5c84c4fe927cfefd,2026-06-01,true
600276,20240626,39.69,40.04,39.43,39.9,223235.23,887607.506,tushare,LOCAL_USER_PROVIDED,data/research_db/market_data/processed/core12_daily_price_bar.csv,a0c457d1b0664de1033d0da4a6ba782578ab068f4307a0ac5c84c4fe927cfefd,2026-06-01,true
600276,20240627,39.85,39.85,39.0,39.24,271837.73,1064851.488,tushare,LOCAL_USER_PROVIDED,data/research_db/market_data/processed/core12_daily_price_bar.csv,a0c457d1b0664de1033d0da4a6ba782578ab068f4307a0ac5c84c4fe927cfefd,2026-06-01,true
600276,20240628,39.2,39.44,38.33,38.46,309257.98,1199640.451,tushare,LOCAL_USER_PROVIDED,data/research_db/market_data/processed/core12_daily_price_bar.csv,a0c457d1b0664de1033d0da4a6ba782578ab068f4307a0ac5c84c4fe927cfefd,2026-06-01,true
600519,20240102,1715.0,1718.19,1678.1,1685.01,32156.44,5440082.548,tushare,LOCAL_USER_PROVIDED,data/research_db/market_data/processed/core12_daily_price_bar.csv,a0c457d1b0664de1033d0da4a6ba782578ab068f4307a0ac5c84c4fe927cfefd,2026-06-01,true
600519,20240103,1681.11,1695.22,1676.33,1694.0,20229.29,3411400.667,tushare,LOCAL_USER_PROVIDED,data/research_db/market_data/processed/core12_daily_price_bar.csv,a0c457d1b0664de1033d0da4a6ba782578ab068f4307a0ac5c84c4fe927cfefd,2026-06-01,true
600519,20240104,1693.0,1693.0,1662.93,1669.0,21551.07,3603970.147,tushare,LOCAL_USER_PROVIDED,data/research_db/market_data/processed/core12_daily_price_bar.csv,a0c457d1b0664de1033d0da4a6ba782578ab068f4307a0ac5c84c4fe927cfefd,2026-06-01,true
600519,20240105,1661.33,1678.66,1652.11,1663.36,20242.86,3373155.627,tushare,LOCAL_USER_PROVIDED,data/research_db/market_data/processed/core12_daily_price_bar.csv,a0c457d1b0664de1033d0da4a6ba782578ab068f4307a0ac5c84c4fe927cfefd,2026-06-01,true
600519,20240108,1661.0,1662.0,1640.01,1643.99,25586.2,4211918.629,tushare,LOCAL_USER_PROVIDED,data/research_db/market_data/processed/core12_daily_price_bar.csv,a0c457d1b0664de1033d0da4a6ba782578ab068f4307a0ac5c84c4fe927cfefd,2026-06-01,true
600519,20240109,1641.01,1652.32,1635.07,1641.0,24412.04,4009826.496,tushare,LOCAL_USER_PROVIDED,data/research_db/market_data/processed/core12_daily_price_bar.csv,a0c457d1b0664de1033d0da4a6ba782578ab068f4307a0ac5c84c4fe927cfefd,2026-06-01,true
600519,20240110,1641.1,1659.46,1638.0,1641.5,17350.67,2856120.718,tushare,LOCAL_USER_PROVIDED,data/research_db/market_data/processed/core12_daily_price_bar.csv,a0c457d1b0664de1033d0da4a6ba782578ab068f4307a0ac5c84c4fe927cfefd,2026-06-01,true
600519,20240111,1640.1,1657.94,1638.06,1646.57,16440.55,2708764.5,tushare,LOCAL_USER_PROVIDED,data/research_db/market_data/processed/core12_daily_price_bar.csv,a0c457d1b0664de1033d0da4a6ba782578ab068f4307a0ac5c84c4fe927cfefd,2026-06-01,true
600519,20240112,1639.97,1651.26,1639.4,1643.06,11603.24,1908084.612,tushare,LOCAL_USER_PROVIDED,data/research_db/market_data/processed/core12_daily_price_bar.csv,a0c457d1b0664de1033d0da4a6ba782578ab068f4307a0ac5c84c4fe927cfefd,2026-06-01,true
600519,20240115,1635.0,1654.97,1634.45,1640.0,17854.03,2931202.343,tushare,LOCAL_USER_PROVIDED,data/research_db/market_data/processed/core12_daily_price_bar.csv,a0c457d1b0664de1033d0da4a6ba782578ab068f4307a0ac5c84c4fe927cfefd,2026-06-01,true
600519,20240116,1638.5,1647.0,1624.94,1639.43,25903.14,4236042.96,tushare,LOCAL_USER_PROVIDED,data/research_db/market_data/processed/core12_daily_price_bar.csv,a0c457d1b0664de1033d0da4a6ba782578ab068f4307a0ac5c84c4fe927cfefd,2026-06-01,true
600519,20240117,1630.0,1635.48,1577.0,1577.0,51632.76,8251735.591,tushare,LOCAL_USER_PROVIDED,data/research_db/market_data/processed/core12_daily_price_bar.csv,a0c457d1b0664de1033d0da4a6ba782578ab068f4307a0ac5c84c4fe927cfefd,2026-06-01,true
600519,20240118,1574.0,1612.8,1555.55,1610.87,60439.81,9566349.514,tushare,LOCAL_USER_PROVIDED,data/research_db/market_data/processed/core12_daily_price_bar.csv,a0c457d1b0664de1033d0da4a6ba782578ab068f4307a0ac5c84c4fe927cfefd,2026-06-01,true
600519,20240119,1608.87,1638.01,1600.88,1635.0,46378.43,7550144.389,tushare,LOCAL_USER_PROVIDED,data/research_db/market_data/processed/core12_daily_price_bar.csv,a0c457d1b0664de1033d0da4a6ba782578ab068f4307a0ac5c84c4fe927cfefd,2026-06-01,true
600519,20240122,1629.0,1643.0,1618.88,1642.0,46945.89,7678297.836,tushare,LOCAL_USER_PROVIDED,data/research_db/market_data/processed/core12_daily_price_bar.csv,a0c457d1b0664de1033d0da4a6ba782578ab068f4307a0ac5c84c4fe927cfefd,2026-06-01,true
600519,20240123,1632.01,1639.95,1609.0,1619.0,34834.9,5659457.115,tushare,LOCAL_USER_PROVIDED,data/research_db/market_data/processed/core12_daily_price_bar.csv,a0c457d1b0664de1033d0da4a6ba782578ab068f4307a0ac5c84c4fe927cfefd,2026-06-01,true
600519,20240124,1629.0,1633.84,1603.56,1626.0,33216.35,5373603.703,tushare,LOCAL_USER_PROVIDED,data/research_db/market_data/processed/core12_daily_price_bar.csv,a0c457d1b0664de1033d0da4a6ba782578ab068f4307a0ac5c84c4fe927cfefd,2026-06-01,true
600519,20240125,1626.82,1641.0,1622.0,1638.0,31205.8,5094508.165,tushare,LOCAL_USER_PROVIDED,data/research_db/market_data/processed/core12_daily_price_bar.csv,a0c457d1b0664de1033d0da4a6ba782578ab068f4307a0ac5c84c4fe927cfefd,2026-06-01,true
600519,20240126,1630.36,1644.1,1623.0,1637.32,26954.75,4402111.882,tushare,LOCAL_USER_PROVIDED,data/research_db/market_data/processed/core12_daily_price_bar.csv,a0c457d1b0664de1033d0da4a6ba782578ab068f4307a0ac5c84c4fe927cfefd,2026-06-01,true
600519,20240129,1640.3,1660.58,1640.29,1650.0,31420.68,5189014.946,tushare,LOCAL_USER_PROVIDED,data/research_db/market_data/processed/core12_daily_price_bar.csv,a0c457d1b0664de1033d0da4a6ba782578ab068f4307a0ac5c84c4fe927cfefd,2026-06-01,true
600519,20240130,1649.98,1649.98,1610.0,1613.0,30866.33,5010784.454,tushare,LOCAL_USER_PROVIDED,data/research_db/market_data/processed/core12_daily_price_bar.csv,a0c457d1b0664de1033d0da4a6ba782578ab068f4307a0ac5c84c4fe927cfefd,2026-06-01,true
600519,20240131,1613.0,1619.97,1598.13,1604.91,29649.12,4770104.891,tushare,LOCAL_USER_PROVIDED,data/research_db/market_data/processed/core12_daily_price_bar.csv,a0c457d1b0664de1033d0da4a6ba782578ab068f4307a0ac5c84c4fe927cfefd,2026-06-01,true
600519,20240201,1605.5,1623.89,1601.0,1610.03,26485.15,4272298.576,tushare,LOCAL_USER_PROVIDED,data/research_db/market_data/processed/core12_daily_price_bar.csv,a0c457d1b0664de1033d0da4a6ba782578ab068f4307a0ac5c84c4fe927cfefd,2026-06-01,true
600519,20240202,1615.0,1627.78,1581.0,1596.0,39382.02,6336691.194,tushare,LOCAL_USER_PROVIDED,data/research_db/market_data/processed/core12_daily_price_bar.csv,a0c457d1b0664de1033d0da4a6ba782578ab068f4307a0ac5c84c4fe927cfefd,2026-06-01,true
600519,20240205,1596.0,1637.44,1595.25,1630.01,53130.36,8590683.071,tushare,LOCAL_USER_PROVIDED,data/research_db/market_data/processed/core12_daily_price_bar.csv,a0c457d1b0664de1033d0da4a6ba782578ab068f4307a0ac5c84c4fe927cfefd,2026-06-01,true
600519,20240206,1630.01,1685.48,1626.1,1676.0,52472.04,8740646.588,tushare,LOCAL_USER_PROVIDED,data/research_db/market_data/processed/core12_daily_price_bar.csv,a0c457d1b0664de1033d0da4a6ba782578ab068f4307a0ac5c84c4fe927cfefd,2026-06-01,true
600519,20240207,1681.03,1714.59,1661.61,1710.99,52601.07,8899606.867,tushare,LOCAL_USER_PROVIDED,data/research_db/market_data/processed/core12_daily_price_bar.csv,a0c457d1b0664de1033d0da4a6ba782578ab068f4307a0ac5c84c4fe927cfefd,2026-06-01,true
600519,20240208,1720.01,1725.0,1685.0,1706.0,46756.54,7953438.044,tushare,LOCAL_USER_PROVIDED,data/research_db/market_data/processed/core12_daily_price_bar.csv,a0c457d1b0664de1033d0da4a6ba782578ab068f4307a0ac5c84c4fe927cfefd,2026-06-01,true
600519,20240219,1737.87,1737.93,1688.0,1695.43,36977.44,6288277.98,tushare,LOCAL_USER_PROVIDED,data/research_db/market_data/processed/core12_daily_price_bar.csv,a0c457d1b0664de1033d0da4a6ba782578ab068f4307a0ac5c84c4fe927cfefd,2026-06-01,true
600519,20240220,1697.36,1697.36,1656.56,1670.0,34470.07,5755266.893,tushare,LOCAL_USER_PROVIDED,data/research_db/market_data/processed/core12_daily_price_bar.csv,a0c457d1b0664de1033d0da4a6ba782578ab068f4307a0ac5c84c4fe927cfefd,2026-06-01,true
600519,20240221,1666.02,1731.0,1662.0,1717.66,46154.07,7868784.082,tushare,LOCAL_USER_PROVIDED,data/research_db/market_data/processed/core12_daily_price_bar.csv,a0c457d1b0664de1033d0da4a6ba782578ab068f4307a0ac5c84c4fe927cfefd,2026-06-01,true
600519,20240222,1707.5,1723.01,1700.53,1718.38,22793.61,3905984.695,tushare,LOCAL_USER_PROVIDED,data/research_db/market_data/processed/core12_daily_price_bar.csv,a0c457d1b0664de1033d0da4a6ba782578ab068f4307a0ac5c84c4fe927cfefd,2026-06-01,true
600519,20240223,1711.11,1724.38,1700.02,1714.09,27305.89,4670706.95,tushare,LOCAL_USER_PROVIDED,data/research_db/market_data/processed/core12_daily_price_bar.csv,a0c457d1b0664de1033d0da4a6ba782578ab068f4307a0ac5c84c4fe927cfefd,2026-06-01,true
600519,20240226,1708.0,1708.74,1685.02,1694.98,27318.32,4625594.409,tushare,LOCAL_USER_PROVIDED,data/research_db/market_data/processed/core12_daily_price_bar.csv,a0c457d1b0664de1033d0da4a6ba782578ab068f4307a0ac5c84c4fe927cfefd,2026-06-01,true
600519,20240227,1683.0,1692.92,1678.0,1689.5,22079.85,3718478.358,tushare,LOCAL_USER_PROVIDED,data/research_db/market_data/processed/core12_daily_price_bar.csv,a0c457d1b0664de1033d0da4a6ba782578ab068f4307a0ac5c84c4fe927cfefd,2026-06-01,true
600519,20240228,1688.92,1696.57,1674.01,1681.55,31867.31,5371312.847,tushare,LOCAL_USER_PROVIDED,data/research_db/market_data/processed/core12_daily_price_bar.csv,a0c457d1b0664de1033d0da4a6ba782578ab068f4307a0ac5c84c4fe927cfefd,2026-06-01,true
600519,20240229,1681.55,1696.5,1679.2,1695.0,24758.33,4184917.973,tushare,LOCAL_USER_PROVIDED,data/research_db/market_data/processed/core12_daily_price_bar.csv,a0c457d1b0664de1033d0da4a6ba782578ab068f4307a0ac5c84c4fe927cfefd,2026-06-01,true
600519,20240301,1690.0,1694.97,1676.68,1685.06,26867.96,4526845.398,tushare,LOCAL_USER_PROVIDED,data/research_db/market_data/processed/core12_daily_price_bar.csv,a0c457d1b0664de1033d0da4a6ba782578ab068f4307a0ac5c84c4fe927cfefd,2026-06-01,true
600519,20240304,1679.0,1680.99,1670.05,1676.3,26484.77,4434401.015,tushare,LOCAL_USER_PROVIDED,data/research_db/market_data/processed/core12_daily_price_bar.csv,a0c457d1b0664de1033d0da4a6ba782578ab068f4307a0ac5c84c4fe927cfefd,2026-06-01,true
600519,20240305,1670.81,1697.0,1666.68,1695.1,36238.37,6102136.582,tushare,LOCAL_USER_PROVIDED,data/research_db/market_data/processed/core12_daily_price_bar.csv,a0c457d1b0664de1033d0da4a6ba782578ab068f4307a0ac5c84c4fe927cfefd,2026-06-01,true
600519,20240306,1691.0,1695.0,1678.02,1680.55,22142.48,3725582.802,tushare,LOCAL_USER_PROVIDED,data/research_db/market_data/processed/core12_daily_price_bar.csv,a0c457d1b0664de1033d0da4a6ba782578ab068f4307a0ac5c84c4fe927cfefd,2026-06-01,true
600519,20240307,1680.0,1689.8,1678.0,1683.63,21599.12,3633934.774,tushare,LOCAL_USER_PROVIDED,data/research_db/market_data/processed/core12_daily_price_bar.csv,a0c457d1b0664de1033d0da4a6ba782578ab068f4307a0ac5c84c4fe927cfefd,2026-06-01,true
600519,20240308,1680.56,1686.68,1670.05,1671.43,22156.23,3710678.522,tushare,LOCAL_USER_PROVIDED,data/research_db/market_data/processed/core12_daily_price_bar.csv,a0c457d1b0664de1033d0da4a6ba782578ab068f4307a0ac5c84c4fe927cfefd,2026-06-01,true
600519,20240311,1675.0,1698.88,1673.18,1694.49,29895.09,5048394.347,tushare,LOCAL_USER_PROVIDED,data/research_db/market_data/processed/core12_daily_price_bar.csv,a0c457d1b0664de1033d0da4a6ba782578ab068f4307a0ac5c84c4fe927cfefd,2026-06-01,true
600519,20240312,1693.94,1749.1,1690.5,1745.0,54226.54,9393309.052,tushare,LOCAL_USER_PROVIDED,data/research_db/market_data/processed/core12_daily_price_bar.csv,a0c457d1b0664de1033d0da4a6ba782578ab068f4307a0ac5c84c4fe927cfefd,2026-06-01,true
600519,20240313,1739.97,1748.0,1720.1,1727.45,26499.54,4588879.42,tushare,LOCAL_USER_PROVIDED,data/research_db/market_data/processed/core12_daily_price_bar.csv,a0c457d1b0664de1033d0da4a6ba782578ab068f4307a0ac5c84c4fe927cfefd,2026-06-01,true
600519,20240314,1719.0,1734.84,1711.5,1716.63,19404.79,3338768.308,tushare,LOCAL_USER_PROVIDED,data/research_db/market_data/processed/core12_daily_price_bar.csv,a0c457d1b0664de1033d0da4a6ba782578ab068f4307a0ac5c84c4fe927cfefd,2026-06-01,true
600519,20240315,1712.5,1732.4,1712.0,1717.49,17833.58,3066692.399,tushare,LOCAL_USER_PROVIDED,data/research_db/market_data/processed/core12_daily_price_bar.csv,a0c457d1b0664de1033d0da4a6ba782578ab068f4307a0ac5c84c4fe927cfefd,2026-06-01,true
600519,20240318,1715.0,1719.85,1699.0,1708.26,26055.01,4446059.13,tushare,LOCAL_USER_PROVIDED,data/research_db/market_data/processed/core12_daily_price_bar.csv,a0c457d1b0664de1033d0da4a6ba782578ab068f4307a0ac5c84c4fe927cfefd,2026-06-01,true
600519,20240319,1703.0,1719.94,1693.11,1708.02,23947.53,4093701.261,tushare,LOCAL_USER_PROVIDED,data/research_db/market_data/processed/core12_daily_price_bar.csv,a0c457d1b0664de1033d0da4a6ba782578ab068f4307a0ac5c84c4fe927cfefd,2026-06-01,true
600519,20240320,1703.36,1713.68,1700.23,1709.6,15249.25,2604543.856,tushare,LOCAL_USER_PROVIDED,data/research_db/market_data/processed/core12_daily_price_bar.csv,a0c457d1b0664de1033d0da4a6ba782578ab068f4307a0ac5c84c4fe927cfefd,2026-06-01,true
600519,20240321,1708.1,1719.0,1704.5,1709.0,16595.97,2839332.631,tushare,LOCAL_USER_PROVIDED,data/research_db/market_data/processed/core12_daily_price_bar.csv,a0c457d1b0664de1033d0da4a6ba782578ab068f4307a0ac5c84c4fe927cfefd,2026-06-01,true
600519,20240322,1705.03,1708.99,1688.0,1701.35,25456.14,4318592.818,tushare,LOCAL_USER_PROVIDED,data/research_db/market_data/processed/core12_daily_price_bar.csv,a0c457d1b0664de1033d0da4a6ba782578ab068f4307a0ac5c84c4fe927cfefd,2026-06-01,true
600519,20240325,1698.54,1698.77,1680.58,1689.01,24472.85,4131446.237,tushare,LOCAL_USER_PROVIDED,data/research_db/market_data/processed/core12_daily_price_bar.csv,a0c457d1b0664de1033d0da4a6ba782578ab068f4307a0ac5c84c4fe927cfefd,2026-06-01,true
600519,20240326,1687.46,1712.8,1687.46,1709.29,28069.07,4782899.074,tushare,LOCAL_USER_PROVIDED,data/research_db/market_data/processed/core12_daily_price_bar.csv,a0c457d1b0664de1033d0da4a6ba782578ab068f4307a0ac5c84c4fe927cfefd,2026-06-01,true
600519,20240327,1705.0,1712.0,1699.0,1701.0,18112.58,3087792.98,tushare,LOCAL_USER_PROVIDED,data/research_db/market_data/processed/core12_daily_price_bar.csv,a0c457d1b0664de1033d0da4a6ba782578ab068f4307a0ac5c84c4fe927cfefd,2026-06-01,true
600519,20240328,1695.0,1718.0,1693.2,1701.64,24642.18,4201857.059,tushare,LOCAL_USER_PROVIDED,data/research_db/market_data/processed/core12_daily_price_bar.csv,a0c457d1b0664de1033d0da4a6ba782578ab068f4307a0ac5c84c4fe927cfefd,2026-06-01,true
600519,20240329,1701.64,1710.99,1698.1,1702.9,13456.55,2290584.417,tushare,LOCAL_USER_PROVIDED,data/research_db/market_data/processed/core12_daily_price_bar.csv,a0c457d1b0664de1033d0da4a6ba782578ab068f4307a0ac5c84c4fe927cfefd,2026-06-01,true
600519,20240401,1709.99,1734.0,1708.7,1721.33,27131.37,4679371.035,tushare,LOCAL_USER_PROVIDED,data/research_db/market_data/processed/core12_daily_price_bar.csv,a0c457d1b0664de1033d0da4a6ba782578ab068f4307a0ac5c84c4fe927cfefd,2026-06-01,true
600519,20240402,1722.0,1724.99,1705.05,1713.99,25449.25,4360973.684,tushare,LOCAL_USER_PROVIDED,data/research_db/market_data/processed/core12_daily_price_bar.csv,a0c457d1b0664de1033d0da4a6ba782578ab068f4307a0ac5c84c4fe927cfefd,2026-06-01,true
600519,20240403,1734.0,1739.44,1710.02,1715.11,29045.8,5002390.042,tushare,LOCAL_USER_PROVIDED,data/research_db/market_data/processed/core12_daily_price_bar.csv,a0c457d1b0664de1033d0da4a6ba782578ab068f4307a0ac5c84c4fe927cfefd,2026-06-01,true
600519,20240408,1695.0,1696.0,1662.6,1666.66,59166.59,9907355.766,tushare,LOCAL_USER_PROVIDED,data/research_db/market_data/processed/core12_daily_price_bar.csv,a0c457d1b0664de1033d0da4a6ba782578ab068f4307a0ac5c84c4fe927cfefd,2026-06-01,true
600519,20240409,1660.67,1673.0,1658.45,1662.22,25589.82,4256226.333,tushare,LOCAL_USER_PROVIDED,data/research_db/market_data/processed/core12_daily_price_bar.csv,a0c457d1b0664de1033d0da4a6ba782578ab068f4307a0ac5c84c4fe927cfefd,2026-06-01,true
600519,20240410,1662.27,1664.99,1645.0,1647.98,27630.5,4562853.88,tushare,LOCAL_USER_PROVIDED,data/research_db/market_data/processed/core12_daily_price_bar.csv,a0c457d1b0664de1033d0da4a6ba782578ab068f4307a0ac5c84c4fe927cfefd,2026-06-01,true
600519,20240411,1640.11,1650.0,1634.69,1648.0,22766.24,3736417.595,tushare,LOCAL_USER_PROVIDED,data/research_db/market_data/processed/core12_daily_price_bar.csv,a0c457d1b0664de1033d0da4a6ba782578ab068f4307a0ac5c84c4fe927cfefd,2026-06-01,true
600519,20240412,1651.0,1664.0,1634.03,1634.03,26744.33,4403968.129,tushare,LOCAL_USER_PROVIDED,data/research_db/market_data/processed/core12_daily_price_bar.csv,a0c457d1b0664de1033d0da4a6ba782578ab068f4307a0ac5c84c4fe927cfefd,2026-06-01,true
600519,20240415,1635.01,1675.61,1634.98,1672.98,35817.71,5960815.532,tushare,LOCAL_USER_PROVIDED,data/research_db/market_data/processed/core12_daily_price_bar.csv,a0c457d1b0664de1033d0da4a6ba782578ab068f4307a0ac5c84c4fe927cfefd,2026-06-01,true
600519,20240416,1665.49,1679.56,1659.0,1670.0,26266.23,4382796.962,tushare,LOCAL_USER_PROVIDED,data/research_db/market_data/processed/core12_daily_price_bar.csv,a0c457d1b0664de1033d0da4a6ba782578ab068f4307a0ac5c84c4fe927cfefd,2026-06-01,true
600519,20240417,1668.0,1675.2,1658.0,1667.0,24819.11,4130322.018,tushare,LOCAL_USER_PROVIDED,data/research_db/market_data/processed/core12_daily_price_bar.csv,a0c457d1b0664de1033d0da4a6ba782578ab068f4307a0ac5c84c4fe927cfefd,2026-06-01,true
600519,20240418,1659.01,1682.98,1658.18,1670.78,26568.41,4445487.745,tushare,LOCAL_USER_PROVIDED,data/research_db/market_data/processed/core12_daily_price_bar.csv,a0c457d1b0664de1033d0da4a6ba782578ab068f4307a0ac5c84c4fe927cfefd,2026-06-01,true
600519,20240419,1660.78,1668.5,1641.28,1646.64,23499.92,3879233.242,tushare,LOCAL_USER_PROVIDED,data/research_db/market_data/processed/core12_daily_price_bar.csv,a0c457d1b0664de1033d0da4a6ba782578ab068f4307a0ac5c84c4fe927cfefd,2026-06-01,true
600519,20240422,1654.0,1678.88,1645.0,1675.06,29951.39,5001684.635,tushare,LOCAL_USER_PROVIDED,data/research_db/market_data/processed/core12_daily_price_bar.csv,a0c457d1b0664de1033d0da4a6ba782578ab068f4307a0ac5c84c4fe927cfefd,2026-06-01,true
600519,20240423,1675.0,1695.0,1675.0,1692.28,24979.95,4217855.279,tushare,LOCAL_USER_PROVIDED,data/research_db/market_data/processed/core12_daily_price_bar.csv,a0c457d1b0664de1033d0da4a6ba782578ab068f4307a0ac5c84c4fe927cfefd,2026-06-01,true
600519,20240424,1696.98,1699.91,1683.33,1693.6,17086.43,2893555.635,tushare,LOCAL_USER_PROVIDED,data/research_db/market_data/processed/core12_daily_price_bar.csv,a0c457d1b0664de1033d0da4a6ba782578ab068f4307a0ac5c84c4fe927cfefd,2026-06-01,true
600519,20240425,1690.33,1695.6,1682.25,1693.04,14476.48,2447183.879,tushare,LOCAL_USER_PROVIDED,data/research_db/market_data/processed/core12_daily_price_bar.csv,a0c457d1b0664de1033d0da4a6ba782578ab068f4307a0ac5c84c4fe927cfefd,2026-06-01,true
600519,20240426,1694.0,1714.0,1693.98,1709.43,30995.92,5290248.521,tushare,LOCAL_USER_PROVIDED,data/research_db/market_data/processed/core12_daily_price_bar.csv,a0c457d1b0664de1033d0da4a6ba782578ab068f4307a0ac5c84c4fe927cfefd,2026-06-01,true
600519,20240429,1696.95,1728.0,1693.82,1704.0,41332.23,7072096.59,tushare,LOCAL_USER_PROVIDED,data/research_db/market_data/processed/core12_daily_price_bar.csv,a0c457d1b0664de1033d0da4a6ba782578ab068f4307a0ac5c84c4fe927cfefd,2026-06-01,true
600519,20240430,1705.01,1729.88,1705.0,1705.0,30759.89,5273902.374,tushare,LOCAL_USER_PROVIDED,data/research_db/market_data/processed/core12_daily_price_bar.csv,a0c457d1b0664de1033d0da4a6ba782578ab068f4307a0ac5c84c4fe927cfefd,2026-06-01,true
600519,20240506,1733.97,1765.0,1727.0,1760.2,59909.49,10504351.712,tushare,LOCAL_USER_PROVIDED,data/research_db/market_data/processed/core12_daily_price_bar.csv,a0c457d1b0664de1033d0da4a6ba782578ab068f4307a0ac5c84c4fe927cfefd,2026-06-01,true
600519,20240507,1765.79,1777.8,1756.68,1770.0,24924.52,4413196.426,tushare,LOCAL_USER_PROVIDED,data/research_db/market_data/processed/core12_daily_price_bar.csv,a0c457d1b0664de1033d0da4a6ba782578ab068f4307a0ac5c84c4fe927cfefd,2026-06-01,true
600519,20240508,1769.69,1769.97,1755.67,1763.97,14769.09,2603293.863,tushare,LOCAL_USER_PROVIDED,data/research_db/market_data/processed/core12_daily_price_bar.csv,a0c457d1b0664de1033d0da4a6ba782578ab068f4307a0ac5c84c4fe927cfefd,2026-06-01,true
600519,20240509,1758.0,1764.98,1750.0,1756.0,22387.34,3929804.849,tushare,LOCAL_USER_PROVIDED,data/research_db/market_data/processed/core12_daily_price_bar.csv,a0c457d1b0664de1033d0da4a6ba782578ab068f4307a0ac5c84c4fe927cfefd,2026-06-01,true
600519,20240510,1761.1,1767.88,1733.99,1738.98,26206.61,4571398.242,tushare,LOCAL_USER_PROVIDED,data/research_db/market_data/processed/core12_daily_price_bar.csv,a0c457d1b0664de1033d0da4a6ba782578ab068f4307a0ac5c84c4fe927cfefd,2026-06-01,true
600519,20240513,1732.02,1732.66,1701.22,1706.0,37662.12,6435415.674,tushare,LOCAL_USER_PROVIDED,data/research_db/market_data/processed/core12_daily_price_bar.csv,a0c457d1b0664de1033d0da4a6ba782578ab068f4307a0ac5c84c4fe927cfefd,2026-06-01,true
600519,20240514,1705.99,1713.27,1700.01,1701.98,21274.17,3623282.672,tushare,LOCAL_USER_PROVIDED,data/research_db/market_data/processed/core12_daily_price_bar.csv,a0c457d1b0664de1033d0da4a6ba782578ab068f4307a0ac5c84c4fe927cfefd,2026-06-01,true
600519,20240515,1702.58,1708.0,1698.59,1700.0,15738.76,2677203.002,tushare,LOCAL_USER_PROVIDED,data/research_db/market_data/processed/core12_daily_price_bar.csv,a0c457d1b0664de1033d0da4a6ba782578ab068f4307a0ac5c84c4fe927cfefd,2026-06-01,true
600519,20240516,1705.0,1709.88,1690.0,1704.5,29679.54,5048754.769,tushare,LOCAL_USER_PROVIDED,data/research_db/market_data/processed/core12_daily_price_bar.csv,a0c457d1b0664de1033d0da4a6ba782578ab068f4307a0ac5c84c4fe927cfefd,2026-06-01,true
600519,20240517,1700.01,1716.58,1700.0,1715.0,28923.88,4936920.634,tushare,LOCAL_USER_PROVIDED,data/research_db/market_data/processed/core12_daily_price_bar.csv,a0c457d1b0664de1033d0da4a6ba782578ab068f4307a0ac5c84c4fe927cfefd,2026-06-01,true
600519,20240520,1717.99,1732.99,1708.11,1709.0,31425.72,5401389.335,tushare,LOCAL_USER_PROVIDED,data/research_db/market_data/processed/core12_daily_price_bar.csv,a0c457d1b0664de1033d0da4a6ba782578ab068f4307a0ac5c84c4fe927cfefd,2026-06-01,true
600519,20240521,1708.0,1709.73,1698.16,1705.0,16293.39,2776847.499,tushare,LOCAL_USER_PROVIDED,data/research_db/market_data/processed/core12_daily_price_bar.csv,a0c457d1b0664de1033d0da4a6ba782578ab068f4307a0ac5c84c4fe927cfefd,2026-06-01,true
600519,20240522,1703.0,1709.96,1691.0,1697.71,20285.68,3443977.767,tushare,LOCAL_USER_PROVIDED,data/research_db/market_data/processed/core12_daily_price_bar.csv,a0c457d1b0664de1033d0da4a6ba782578ab068f4307a0ac5c84c4fe927cfefd,2026-06-01,true
600519,20240523,1700.0,1706.38,1690.08,1692.01,18884.97,3199923.32,tushare,LOCAL_USER_PROVIDED,data/research_db/market_data/processed/core12_daily_price_bar.csv,a0c457d1b0664de1033d0da4a6ba782578ab068f4307a0ac5c84c4fe927cfefd,2026-06-01,true
600519,20240524,1693.0,1695.0,1677.0,1677.08,20216.63,3401323.915,tushare,LOCAL_USER_PROVIDED,data/research_db/market_data/processed/core12_daily_price_bar.csv,a0c457d1b0664de1033d0da4a6ba782578ab068f4307a0ac5c84c4fe927cfefd,2026-06-01,true
600519,20240527,1678.0,1687.45,1668.01,1670.12,25097.91,4199001.866,tushare,LOCAL_USER_PROVIDED,data/research_db/market_data/processed/core12_daily_price_bar.csv,a0c457d1b0664de1033d0da4a6ba782578ab068f4307a0ac5c84c4fe927cfefd,2026-06-01,true
600519,20240528,1670.4,1675.17,1663.0,1664.64,23520.87,3923020.375,tushare,LOCAL_USER_PROVIDED,data/research_db/market_data/processed/core12_daily_price_bar.csv,a0c457d1b0664de1033d0da4a6ba782578ab068f4307a0ac5c84c4fe927cfefd,2026-06-01,true
600519,20240529,1666.0,1680.0,1665.0,1674.0,19651.28,3289173.345,tushare,LOCAL_USER_PROVIDED,data/research_db/market_data/processed/core12_daily_price_bar.csv,a0c457d1b0664de1033d0da4a6ba782578ab068f4307a0ac5c84c4fe927cfefd,2026-06-01,true
600519,20240530,1675.0,1675.38,1649.0,1649.0,32207.92,5333306.808,tushare,LOCAL_USER_PROVIDED,data/research_db/market_data/processed/core12_daily_price_bar.csv,a0c457d1b0664de1033d0da4a6ba782578ab068f4307a0ac5c84c4fe927cfefd,2026-06-01,true
600519,20240531,1650.5,1663.5,1648.45,1648.45,21856.65,3617654.788,tushare,LOCAL_USER_PROVIDED,data/research_db/market_data/processed/core12_daily_price_bar.csv,a0c457d1b0664de1033d0da4a6ba782578ab068f4307a0ac5c84c4fe927cfefd,2026-06-01,true
600519,20240603,1650.0,1650.92,1635.11,1639.39,30261.05,4966041.477,tushare,LOCAL_USER_PROVIDED,data/research_db/market_data/processed/core12_daily_price_bar.csv,a0c457d1b0664de1033d0da4a6ba782578ab068f4307a0ac5c84c4fe927cfefd,2026-06-01,true
600519,20240604,1640.5,1656.0,1636.55,1653.2,20841.08,3432497.303,tushare,LOCAL_USER_PROVIDED,data/research_db/market_data/processed/core12_daily_price_bar.csv,a0c457d1b0664de1033d0da4a6ba782578ab068f4307a0ac5c84c4fe927cfefd,2026-06-01,true
600519,20240605,1652.0,1658.68,1643.03,1644.0,19055.57,3140824.328,tushare,LOCAL_USER_PROVIDED,data/research_db/market_data/processed/core12_daily_price_bar.csv,a0c457d1b0664de1033d0da4a6ba782578ab068f4307a0ac5c84c4fe927cfefd,2026-06-01,true
600519,20240606,1643.66,1651.99,1635.91,1639.81,25610.05,4205700.983,tushare,LOCAL_USER_PROVIDED,data/research_db/market_data/processed/core12_daily_price_bar.csv,a0c457d1b0664de1033d0da4a6ba782578ab068f4307a0ac5c84c4fe927cfefd,2026-06-01,true
600519,20240607,1646.13,1646.18,1619.01,1619.18,33524.55,5453120.695,tushare,LOCAL_USER_PROVIDED,data/research_db/market_data/processed/core12_daily_price_bar.csv,a0c457d1b0664de1033d0da4a6ba782578ab068f4307a0ac5c84c4fe927cfefd,2026-06-01,true
600519,20240611,1602.99,1605.0,1567.0,1569.0,70246.76,11090577.61,tushare,LOCAL_USER_PROVIDED,data/research_db/market_data/processed/core12_daily_price_bar.csv,a0c457d1b0664de1033d0da4a6ba782578ab068f4307a0ac5c84c4fe927cfefd,2026-06-01,true
600519,20240612,1570.0,1590.0,1570.0,1571.68,33170.5,5230086.503,tushare,LOCAL_USER_PROVIDED,data/research_db/market_data/processed/core12_daily_price_bar.csv,a0c457d1b0664de1033d0da4a6ba782578ab068f4307a0ac5c84c4fe927cfefd,2026-06-01,true
600519,20240613,1576.77,1576.89,1553.15,1555.01,36185.97,5654938.942,tushare,LOCAL_USER_PROVIDED,data/research_db/market_data/processed/core12_daily_price_bar.csv,a0c457d1b0664de1033d0da4a6ba782578ab068f4307a0ac5c84c4fe927cfefd,2026-06-01,true
600519,20240614,1555.0,1563.96,1520.46,1555.0,59514.16,9177637.168,tushare,LOCAL_USER_PROVIDED,data/research_db/market_data/processed/core12_daily_price_bar.csv,a0c457d1b0664de1033d0da4a6ba782578ab068f4307a0ac5c84c4fe927cfefd,2026-06-01,true
600519,20240617,1532.29,1548.77,1511.01,1541.5,48318.16,7400883.243,tushare,LOCAL_USER_PROVIDED,data/research_db/market_data/processed/core12_daily_price_bar.csv,a0c457d1b0664de1033d0da4a6ba782578ab068f4307a0ac5c84c4fe927cfefd,2026-06-01,true
600519,20240618,1530.89,1554.54,1516.68,1521.5,41258.25,6317590.943,tushare,LOCAL_USER_PROVIDED,data/research_db/market_data/processed/core12_daily_price_bar.csv,a0c457d1b0664de1033d0da4a6ba782578ab068f4307a0ac5c84c4fe927cfefd,2026-06-01,true
600519,20240619,1497.99,1504.0,1482.1,1501.0,41261.53,6167728.416,tushare,LOCAL_USER_PROVIDED,data/research_db/market_data/processed/core12_daily_price_bar.csv,a0c457d1b0664de1033d0da4a6ba782578ab068f4307a0ac5c84c4fe927cfefd,2026-06-01,true
600519,20240620,1500.0,1516.01,1498.0,1500.1,24710.68,3715924.984,tushare,LOCAL_USER_PROVIDED,data/research_db/market_data/processed/core12_daily_price_bar.csv,a0c457d1b0664de1033d0da4a6ba782578ab068f4307a0ac5c84c4fe927cfefd,2026-06-01,true
600519,20240621,1500.5,1504.98,1470.22,1471.0,43319.97,6418543.742,tushare,LOCAL_USER_PROVIDED,data/research_db/market_data/processed/core12_daily_price_bar.csv,a0c457d1b0664de1033d0da4a6ba782578ab068f4307a0ac5c84c4fe927cfefd,2026-06-01,true
600519,20240624,1423.0,1488.99,1414.01,1476.55,63839.93,9319362.39,tushare,LOCAL_USER_PROVIDED,data/research_db/market_data/processed/core12_daily_price_bar.csv,a0c457d1b0664de1033d0da4a6ba782578ab068f4307a0ac5c84c4fe927cfefd,2026-06-01,true
600519,20240625,1477.0,1502.99,1477.0,1486.65,42097.95,6273919.386,tushare,LOCAL_USER_PROVIDED,data/research_db/market_data/processed/core12_daily_price_bar.csv,a0c457d1b0664de1033d0da4a6ba782578ab068f4307a0ac5c84c4fe927cfefd,2026-06-01,true
600519,20240626,1480.0,1501.07,1477.8,1489.22,29569.77,4414601.922,tushare,LOCAL_USER_PROVIDED,data/research_db/market_data/processed/core12_daily_price_bar.csv,a0c457d1b0664de1033d0da4a6ba782578ab068f4307a0ac5c84c4fe927cfefd,2026-06-01,true
600519,20240627,1492.0,1493.97,1468.0,1490.49,32821.78,4857959.457,tushare,LOCAL_USER_PROVIDED,data/research_db/market_data/processed/core12_daily_price_bar.csv,a0c457d1b0664de1033d0da4a6ba782578ab068f4307a0ac5c84c4fe927cfefd,2026-06-01,true
600519,20240628,1480.0,1494.49,1464.0,1467.39,38582.02,5699649.047,tushare,LOCAL_USER_PROVIDED,data/research_db/market_data/processed/core12_daily_price_bar.csv,a0c457d1b0664de1033d0da4a6ba782578ab068f4307a0ac5c84c4fe927cfefd,2026-06-01,true
601899,20240102,12.41,12.66,12.39,12.49,1133169.38,1418264.969,tushare,LOCAL_USER_PROVIDED,data/research_db/market_data/processed/core12_daily_price_bar.csv,a0c457d1b0664de1033d0da4a6ba782578ab068f4307a0ac5c84c4fe927cfefd,2026-06-01,true
601899,20240103,12.43,12.59,12.39,12.53,760491.48,951970.406,tushare,LOCAL_USER_PROVIDED,data/research_db/market_data/processed/core12_daily_price_bar.csv,a0c457d1b0664de1033d0da4a6ba782578ab068f4307a0ac5c84c4fe927cfefd,2026-06-01,true
601899,20240104,12.43,12.52,12.39,12.51,998225.17,1242764.335,tushare,LOCAL_USER_PROVIDED,data/research_db/market_data/processed/core12_daily_price_bar.csv,a0c457d1b0664de1033d0da4a6ba782578ab068f4307a0ac5c84c4fe927cfefd,2026-06-01,true
601899,20240105,12.46,12.68,12.37,12.47,1097526.52,1377692.738,tushare,LOCAL_USER_PROVIDED,data/research_db/market_data/processed/core12_daily_price_bar.csv,a0c457d1b0664de1033d0da4a6ba782578ab068f4307a0ac5c84c4fe927cfefd,2026-06-01,true
601899,20240108,12.46,12.53,12.27,12.3,915815.62,1131732.817,tushare,LOCAL_USER_PROVIDED,data/research_db/market_data/processed/core12_daily_price_bar.csv,a0c457d1b0664de1033d0da4a6ba782578ab068f4307a0ac5c84c4fe927cfefd,2026-06-01,true
601899,20240109,12.31,12.45,12.28,12.43,941797.82,1166609.534,tushare,LOCAL_USER_PROVIDED,data/research_db/market_data/processed/core12_daily_price_bar.csv,a0c457d1b0664de1033d0da4a6ba782578ab068f4307a0ac5c84c4fe927cfefd,2026-06-01,true
601899,20240110,12.33,12.44,12.28,12.28,632627.95,780721.482,tushare,LOCAL_USER_PROVIDED,data/research_db/market_data/processed/core12_daily_price_bar.csv,a0c457d1b0664de1033d0da4a6ba782578ab068f4307a0ac5c84c4fe927cfefd,2026-06-01,true
601899,20240111,12.31,12.32,12.09,12.14,967801.56,1179075.752,tushare,LOCAL_USER_PROVIDED,data/research_db/market_data/processed/core12_daily_price_bar.csv,a0c457d1b0664de1033d0da4a6ba782578ab068f4307a0ac5c84c4fe927cfefd,2026-06-01,true
601899,20240112,12.07,12.26,12.05,12.2,764338.77,930414.485,tushare,LOCAL_USER_PROVIDED,data/research_db/market_data/processed/core12_daily_price_bar.csv,a0c457d1b0664de1033d0da4a6ba782578ab068f4307a0ac5c84c4fe927cfefd,2026-06-01,true
601899,20240115,12.17,12.26,12.05,12.12,496325.51,603042.874,tushare,LOCAL_USER_PROVIDED,data/research_db/market_data/processed/core12_daily_price_bar.csv,a0c457d1b0664de1033d0da4a6ba782578ab068f4307a0ac5c84c4fe927cfefd,2026-06-01,true
601899,20240116,12.06,12.27,12.06,12.19,804364.59,978561.026,tushare,LOCAL_USER_PROVIDED,data/research_db/market_data/processed/core12_daily_price_bar.csv,a0c457d1b0664de1033d0da4a6ba782578ab068f4307a0ac5c84c4fe927cfefd,2026-06-01,true
601899,20240117,12.09,12.13,11.7,11.7,1407350.55,1671092.719,tushare,LOCAL_USER_PROVIDED,data/research_db/market_data/processed/core12_daily_price_bar.csv,a0c457d1b0664de1033d0da4a6ba782578ab068f4307a0ac5c84c4fe927cfefd,2026-06-01,true
601899,20240118,11.66,11.94,11.4,11.84,1663791.21,1935251.85,tushare,LOCAL_USER_PROVIDED,data/research_db/market_data/processed/core12_daily_price_bar.csv,a0c457d1b0664de1033d0da4a6ba782578ab068f4307a0ac5c84c4fe927cfefd,2026-06-01,true
601899,20240119,11.78,11.97,11.65,11.92,1237950.36,1468955.722,tushare,LOCAL_USER_PROVIDED,data/research_db/market_data/processed/core12_daily_price_bar.csv,a0c457d1b0664de1033d0da4a6ba782578ab068f4307a0ac5c84c4fe927cfefd,2026-06-01,true
601899,20240122,11.88,11.94,11.55,11.68,1453549.76,1710510.98,tushare,LOCAL_USER_PROVIDED,data/research_db/market_data/processed/core12_daily_price_bar.csv,a0c457d1b0664de1033d0da4a6ba782578ab068f4307a0ac5c84c4fe927cfefd,2026-06-01,true
601899,20240123,11.61,11.68,11.21,11.54,1694917.44,1940940.579,tushare,LOCAL_USER_PROVIDED,data/research_db/market_data/processed/core12_daily_price_bar.csv,a0c457d1b0664de1033d0da4a6ba782578ab068f4307a0ac5c84c4fe927cfefd,2026-06-01,true
601899,20240124,11.62,11.75,11.43,11.72,1059407.54,1229718.058,tushare,LOCAL_USER_PROVIDED,data/research_db/market_data/processed/core12_daily_price_bar.csv,a0c457d1b0664de1033d0da4a6ba782578ab068f4307a0ac5c84c4fe927cfefd,2026-06-01,true
601899,20240125,11.82,12.05,11.79,12.05,1274822.89,1522375.802,tushare,LOCAL_USER_PROVIDED,data/research_db/market_data/processed/core12_daily_price_bar.csv,a0c457d1b0664de1033d0da4a6ba782578ab068f4307a0ac5c84c4fe927cfefd,2026-06-01,true
601899,20240126,12.1,12.28,11.98,12.22,1245210.21,1516091.358,tushare,LOCAL_USER_PROVIDED,data/research_db/market_data/processed/core12_daily_price_bar.csv,a0c457d1b0664de1033d0da4a6ba782578ab068f4307a0ac5c84c4fe927cfefd,2026-06-01,true
601899,20240129,12.23,12.35,12.2,12.24,847536.28,1040554.942,tushare,LOCAL_USER_PROVIDED,data/research_db/market_data/processed/core12_daily_price_bar.csv,a0c457d1b0664de1033d0da4a6ba782578ab068f4307a0ac5c84c4fe927cfefd,2026-06-01,true
601899,20240130,12.18,12.3,12.06,12.18,1063556.76,1296846.927,tushare,LOCAL_USER_PROVIDED,data/research_db/market_data/processed/core12_daily_price_bar.csv,a0c457d1b0664de1033d0da4a6ba782578ab068f4307a0ac5c84c4fe927cfefd,2026-06-01,true
601899,20240131,12.12,12.23,12.03,12.04,1098979.2,1333498.982,tushare,LOCAL_USER_PROVIDED,data/research_db/market_data/processed/core12_daily_price_bar.csv,a0c457d1b0664de1033d0da4a6ba782578ab068f4307a0ac5c84c4fe927cfefd,2026-06-01,true
601899,20240201,12.0,12.27,11.9,12.13,1084095.21,1313469.936,tushare,LOCAL_USER_PROVIDED,data/research_db/market_data/processed/core12_daily_price_bar.csv,a0c457d1b0664de1033d0da4a6ba782578ab068f4307a0ac5c84c4fe927cfefd,2026-06-01,true
601899,20240202,12.2,12.34,11.88,12.03,1390102.79,1693724.843,tushare,LOCAL_USER_PROVIDED,data/research_db/market_data/processed/core12_daily_price_bar.csv,a0c457d1b0664de1033d0da4a6ba782578ab068f4307a0ac5c84c4fe927cfefd,2026-06-01,true
601899,20240205,12.07,12.28,11.96,12.16,1710759.63,2074493.835,tushare,LOCAL_USER_PROVIDED,data/research_db/market_data/processed/core12_daily_price_bar.csv,a0c457d1b0664de1033d0da4a6ba782578ab068f4307a0ac5c84c4fe927cfefd,2026-06-01,true
601899,20240206,12.13,12.38,12.04,12.19,2020937.71,2464896.61,tushare,LOCAL_USER_PROVIDED,data/research_db/market_data/processed/core12_daily_price_bar.csv,a0c457d1b0664de1033d0da4a6ba782578ab068f4307a0ac5c84c4fe927cfefd,2026-06-01,true
601899,20240207,12.19,12.3,12.04,12.25,2158069.89,2628884.527,tushare,LOCAL_USER_PROVIDED,data/research_db/market_data/processed/core12_daily_price_bar.csv,a0c457d1b0664de1033d0da4a6ba782578ab068f4307a0ac5c84c4fe927cfefd,2026-06-01,true
601899,20240208,12.24,12.52,12.22,12.5,1911092.71,2365281.337,tushare,LOCAL_USER_PROVIDED,data/research_db/market_data/processed/core12_daily_price_bar.csv,a0c457d1b0664de1033d0da4a6ba782578ab068f4307a0ac5c84c4fe927cfefd,2026-06-01,true
601899,20240219,12.51,12.86,12.4,12.85,1886546.42,2393625.732,tushare,LOCAL_USER_PROVIDED,data/research_db/market_data/processed/core12_daily_price_bar.csv,a0c457d1b0664de1033d0da4a6ba782578ab068f4307a0ac5c84c4fe927cfefd,2026-06-01,true
601899,20240220,12.8,13.18,12.72,13.1,1370783.28,1790347.206,tushare,LOCAL_USER_PROVIDED,data/research_db/market_data/processed/core12_daily_price_bar.csv,a0c457d1b0664de1033d0da4a6ba782578ab068f4307a0ac5c84c4fe927cfefd,2026-06-01,true
601899,20240221,13.06,13.29,13.01,13.05,1539870.34,2029310.533,tushare,LOCAL_USER_PROVIDED,data/research_db/market_data/processed/core12_daily_price_bar.csv,a0c457d1b0664de1033d0da4a6ba782578ab068f4307a0ac5c84c4fe927cfefd,2026-06-01,true
601899,20240222,13.09,13.28,13.02,13.26,1127399.91,1484391.737,tushare,LOCAL_USER_PROVIDED,data/research_db/market_data/processed/core12_daily_price_bar.csv,a0c457d1b0664de1033d0da4a6ba782578ab068f4307a0ac5c84c4fe927cfefd,2026-06-01,true
601899,20240223,13.25,13.68,13.2,13.5,1377260.96,1857150.077,tushare,LOCAL_USER_PROVIDED,data/research_db/market_data/processed/core12_daily_price_bar.csv,a0c457d1b0664de1033d0da4a6ba782578ab068f4307a0ac5c84c4fe927cfefd,2026-06-01,true
601899,20240226,13.51,13.61,13.09,13.15,1460045.15,1940973.998,tushare,LOCAL_USER_PROVIDED,data/research_db/market_data/processed/core12_daily_price_bar.csv,a0c457d1b0664de1033d0da4a6ba782578ab068f4307a0ac5c84c4fe927cfefd,2026-06-01,true
601899,20240227,13.06,13.27,13.0,13.16,1364913.93,1791457.395,tushare,LOCAL_USER_PROVIDED,data/research_db/market_data/processed/core12_daily_price_bar.csv,a0c457d1b0664de1033d0da4a6ba782578ab068f4307a0ac5c84c4fe927cfefd,2026-06-01,true
601899,20240228,13.16,13.17,12.97,13.01,1093358.06,1429626.558,tushare,LOCAL_USER_PROVIDED,data/research_db/market_data/processed/core12_daily_price_bar.csv,a0c457d1b0664de1033d0da4a6ba782578ab068f4307a0ac5c84c4fe927cfefd,2026-06-01,true
601899,20240229,13.02,13.2,12.96,13.11,1081241.01,1410959.457,tushare,LOCAL_USER_PROVIDED,data/research_db/market_data/processed/core12_daily_price_bar.csv,a0c457d1b0664de1033d0da4a6ba782578ab068f4307a0ac5c84c4fe927cfefd,2026-06-01,true
601899,20240301,13.06,13.36,13.0,13.25,1178466.65,1552005.622,tushare,LOCAL_USER_PROVIDED,data/research_db/market_data/processed/core12_daily_price_bar.csv,a0c457d1b0664de1033d0da4a6ba782578ab068f4307a0ac5c84c4fe927cfefd,2026-06-01,true
601899,20240304,13.46,13.62,13.36,13.46,1314001.1,1769842.794,tushare,LOCAL_USER_PROVIDED,data/research_db/market_data/processed/core12_daily_price_bar.csv,a0c457d1b0664de1033d0da4a6ba782578ab068f4307a0ac5c84c4fe927cfefd,2026-06-01,true
601899,20240305,13.6,13.97,13.59,13.85,1960876.5,2710355.633,tushare,LOCAL_USER_PROVIDED,data/research_db/market_data/processed/core12_daily_price_bar.csv,a0c457d1b0664de1033d0da4a6ba782578ab068f4307a0ac5c84c4fe927cfefd,2026-06-01,true
601899,20240306,13.85,14.36,13.84,14.2,2017876.89,2854602.325,tushare,LOCAL_USER_PROVIDED,data/research_db/market_data/processed/core12_daily_price_bar.csv,a0c457d1b0664de1033d0da4a6ba782578ab068f4307a0ac5c84c4fe927cfefd,2026-06-01,true
601899,20240307,14.38,14.96,14.27,14.73,2374935.63,3490560.849,tushare,LOCAL_USER_PROVIDED,data/research_db/market_data/processed/core12_daily_price_bar.csv,a0c457d1b0664de1033d0da4a6ba782578ab068f4307a0ac5c84c4fe927cfefd,2026-06-01,true
601899,20240308,14.9,14.93,14.53,14.89,1692349.65,2495033.636,tushare,LOCAL_USER_PROVIDED,data/research_db/market_data/processed/core12_daily_price_bar.csv,a0c457d1b0664de1033d0da4a6ba782578ab068f4307a0ac5c84c4fe927cfefd,2026-06-01,true
601899,20240311,15.0,15.05,14.62,14.86,1536663.34,2272630.522,tushare,LOCAL_USER_PROVIDED,data/research_db/market_data/processed/core12_daily_price_bar.csv,a0c457d1b0664de1033d0da4a6ba782578ab068f4307a0ac5c84c4fe927cfefd,2026-06-01,true
601899,20240312,14.75,14.82,14.28,14.36,2042754.42,2953248.652,tushare,LOCAL_USER_PROVIDED,data/research_db/market_data/processed/core12_daily_price_bar.csv,a0c457d1b0664de1033d0da4a6ba782578ab068f4307a0ac5c84c4fe927cfefd,2026-06-01,true
601899,20240313,14.25,14.76,14.18,14.69,1454519.86,2110554.047,tushare,LOCAL_USER_PROVIDED,data/research_db/market_data/processed/core12_daily_price_bar.csv,a0c457d1b0664de1033d0da4a6ba782578ab068f4307a0ac5c84c4fe927cfefd,2026-06-01,true
601899,20240314,15.25,15.78,15.25,15.39,2719174.72,4216534.925,tushare,LOCAL_USER_PROVIDED,data/research_db/market_data/processed/core12_daily_price_bar.csv,a0c457d1b0664de1033d0da4a6ba782578ab068f4307a0ac5c84c4fe927cfefd,2026-06-01,true
601899,20240315,15.32,16.12,15.3,15.96,2233163.08,3509902.917,tushare,LOCAL_USER_PROVIDED,data/research_db/market_data/processed/core12_daily_price_bar.csv,a0c457d1b0664de1033d0da4a6ba782578ab068f4307a0ac5c84c4fe927cfefd,2026-06-01,true
601899,20240318,15.97,16.16,15.58,15.78,2303296.95,3633999.462,tushare,LOCAL_USER_PROVIDED,data/research_db/market_data/processed/core12_daily_price_bar.csv,a0c457d1b0664de1033d0da4a6ba782578ab068f4307a0ac5c84c4fe927cfefd,2026-06-01,true
601899,20240319,15.7,15.93,15.5,15.53,1618999.47,2543787.075,tushare,LOCAL_USER_PROVIDED,data/research_db/market_data/processed/core12_daily_price_bar.csv,a0c457d1b0664de1033d0da4a6ba782578ab068f4307a0ac5c84c4fe927cfefd,2026-06-01,true
601899,20240320,15.35,15.61,15.2,15.51,1771100.5,2723258.799,tushare,LOCAL_USER_PROVIDED,data/research_db/market_data/processed/core12_daily_price_bar.csv,a0c457d1b0664de1033d0da4a6ba782578ab068f4307a0ac5c84c4fe927cfefd,2026-06-01,true
601899,20240321,15.91,16.13,15.6,15.62,1996237.01,3151230.65,tushare,LOCAL_USER_PROVIDED,data/research_db/market_data/processed/core12_daily_price_bar.csv,a0c457d1b0664de1033d0da4a6ba782578ab068f4307a0ac5c84c4fe927cfefd,2026-06-01,true
601899,20240322,15.39,15.52,15.17,15.39,1771121.21,2717488.083,tushare,LOCAL_USER_PROVIDED,data/research_db/market_data/processed/core12_daily_price_bar.csv,a0c457d1b0664de1033d0da4a6ba782578ab068f4307a0ac5c84c4fe927cfefd,2026-06-01,true
601899,20240325,15.38,15.86,15.31,15.74,1645275.64,2580594.446,tushare,LOCAL_USER_PROVIDED,data/research_db/market_data/processed/core12_daily_price_bar.csv,a0c457d1b0664de1033d0da4a6ba782578ab068f4307a0ac5c84c4fe927cfefd,2026-06-01,true
601899,20240326,15.77,15.82,15.33,15.53,1327978.74,2057986.264,tushare,LOCAL_USER_PROVIDED,data/research_db/market_data/processed/core12_daily_price_bar.csv,a0c457d1b0664de1033d0da4a6ba782578ab068f4307a0ac5c84c4fe927cfefd,2026-06-01,true
601899,20240327,15.46,15.89,15.44,15.72,1561421.61,2459520.729,tushare,LOCAL_USER_PROVIDED,data/research_db/market_data/processed/core12_daily_price_bar.csv,a0c457d1b0664de1033d0da4a6ba782578ab068f4307a0ac5c84c4fe927cfefd,2026-06-01,true
601899,20240328,15.65,16.18,15.53,16.1,1888688.82,3013540.981,tushare,LOCAL_USER_PROVIDED,data/research_db/market_data/processed/core12_daily_price_bar.csv,a0c457d1b0664de1033d0da4a6ba782578ab068f4307a0ac5c84c4fe927cfefd,2026-06-01,true
601899,20240329,16.4,16.87,16.3,16.82,2095644.74,3491214.365,tushare,LOCAL_USER_PROVIDED,data/research_db/market_data/processed/core12_daily_price_bar.csv,a0c457d1b0664de1033d0da4a6ba782578ab068f4307a0ac5c84c4fe927cfefd,2026-06-01,true
601899,20240401,17.24,17.39,16.69,16.87,2076140.91,3527137.25,tushare,LOCAL_USER_PROVIDED,data/research_db/market_data/processed/core12_daily_price_bar.csv,a0c457d1b0664de1033d0da4a6ba782578ab068f4307a0ac5c84c4fe927cfefd,2026-06-01,true
601899,20240402,16.95,17.15,16.76,16.95,1337638.81,2265617.998,tushare,LOCAL_USER_PROVIDED,data/research_db/market_data/processed/core12_daily_price_bar.csv,a0c457d1b0664de1033d0da4a6ba782578ab068f4307a0ac5c84c4fe927cfefd,2026-06-01,true
601899,20240403,17.19,17.65,16.98,17.51,2380869.48,4121388.638,tushare,LOCAL_USER_PROVIDED,data/research_db/market_data/processed/core12_daily_price_bar.csv,a0c457d1b0664de1033d0da4a6ba782578ab068f4307a0ac5c84c4fe927cfefd,2026-06-01,true
601899,20240408,17.65,18.17,17.23,17.3,3127119.08,5555680.584,tushare,LOCAL_USER_PROVIDED,data/research_db/market_data/processed/core12_daily_price_bar.csv,a0c457d1b0664de1033d0da4a6ba782578ab068f4307a0ac5c84c4fe927cfefd,2026-06-01,true
601899,20240409,17.22,17.4,16.93,17.01,2015836.11,3447848.187,tushare,LOCAL_USER_PROVIDED,data/research_db/market_data/processed/core12_daily_price_bar.csv,a0c457d1b0664de1033d0da4a6ba782578ab068f4307a0ac5c84c4fe927cfefd,2026-06-01,true
601899,20240410,17.14,18.15,17.14,17.99,2642698.6,4685400.744,tushare,LOCAL_USER_PROVIDED,data/research_db/market_data/processed/core12_daily_price_bar.csv,a0c457d1b0664de1033d0da4a6ba782578ab068f4307a0ac5c84c4fe927cfefd,2026-06-01,true
601899,20240411,17.52,18.52,17.49,17.99,2565765.82,4620626.247,tushare,LOCAL_USER_PROVIDED,data/research_db/market_data/processed/core12_daily_price_bar.csv,a0c457d1b0664de1033d0da4a6ba782578ab068f4307a0ac5c84c4fe927cfefd,2026-06-01,true
601899,20240412,18.48,18.58,17.98,18.39,2337819.29,4289461.428,tushare,LOCAL_USER_PROVIDED,data/research_db/market_data/processed/core12_daily_price_bar.csv,a0c457d1b0664de1033d0da4a6ba782578ab068f4307a0ac5c84c4fe927cfefd,2026-06-01,true
601899,20240415,17.8,18.56,17.78,18.46,2385956.23,4327726.049,tushare,LOCAL_USER_PROVIDED,data/research_db/market_data/processed/core12_daily_price_bar.csv,a0c457d1b0664de1033d0da4a6ba782578ab068f4307a0ac5c84c4fe927cfefd,2026-06-01,true
601899,20240416,18.46,18.63,17.89,17.94,2082205.27,3791491.593,tushare,LOCAL_USER_PROVIDED,data/research_db/market_data/processed/core12_daily_price_bar.csv,a0c457d1b0664de1033d0da4a6ba782578ab068f4307a0ac5c84c4fe927cfefd,2026-06-01,true
601899,20240417,17.91,18.15,17.58,18.08,2154279.58,3853775.926,tushare,LOCAL_USER_PROVIDED,data/research_db/market_data/processed/core12_daily_price_bar.csv,a0c457d1b0664de1033d0da4a6ba782578ab068f4307a0ac5c84c4fe927cfefd,2026-06-01,true
601899,20240418,17.91,18.54,17.86,18.47,2005973.7,3665579.379,tushare,LOCAL_USER_PROVIDED,data/research_db/market_data/processed/core12_daily_price_bar.csv,a0c457d1b0664de1033d0da4a6ba782578ab068f4307a0ac5c84c4fe927cfefd,2026-06-01,true
601899,20240419,18.56,19.33,18.4,18.63,2653118.52,4990039.164,tushare,LOCAL_USER_PROVIDED,data/research_db/market_data/processed/core12_daily_price_bar.csv,a0c457d1b0664de1033d0da4a6ba782578ab068f4307a0ac5c84c4fe927cfefd,2026-06-01,true
601899,20240422,18.87,19.0,17.75,17.8,2677303.71,4889599.625,tushare,LOCAL_USER_PROVIDED,data/research_db/market_data/processed/core12_daily_price_bar.csv,a0c457d1b0664de1033d0da4a6ba782578ab068f4307a0ac5c84c4fe927cfefd,2026-06-01,true
601899,20240423,17.41,17.65,17.0,17.04,3201000.41,5522404.56,tushare,LOCAL_USER_PROVIDED,data/research_db/market_data/processed/core12_daily_price_bar.csv,a0c457d1b0664de1033d0da4a6ba782578ab068f4307a0ac5c84c4fe927cfefd,2026-06-01,true
601899,20240424,17.04,17.59,17.04,17.54,2113742.81,3671334.96,tushare,LOCAL_USER_PROVIDED,data/research_db/market_data/processed/core12_daily_price_bar.csv,a0c457d1b0664de1033d0da4a6ba782578ab068f4307a0ac5c84c4fe927cfefd,2026-06-01,true
601899,20240425,17.33,17.56,17.09,17.4,1429509.69,2475547.327,tushare,LOCAL_USER_PROVIDED,data/research_db/market_data/processed/core12_daily_price_bar.csv,a0c457d1b0664de1033d0da4a6ba782578ab068f4307a0ac5c84c4fe927cfefd,2026-06-01,true
601899,20240426,17.58,18.37,17.41,18.27,2661284.45,4799432.002,tushare,LOCAL_USER_PROVIDED,data/research_db/market_data/processed/core12_daily_price_bar.csv,a0c457d1b0664de1033d0da4a6ba782578ab068f4307a0ac5c84c4fe927cfefd,2026-06-01,true
601899,20240429,18.13,18.13,17.39,17.66,2252987.35,4005052.725,tushare,LOCAL_USER_PROVIDED,data/research_db/market_data/processed/core12_daily_price_bar.csv,a0c457d1b0664de1033d0da4a6ba782578ab068f4307a0ac5c84c4fe927cfefd,2026-06-01,true
601899,20240430,17.92,18.06,17.55,17.61,1694667.08,3018725.384,tushare,LOCAL_USER_PROVIDED,data/research_db/market_data/processed/core12_daily_price_bar.csv,a0c457d1b0664de1033d0da4a6ba782578ab068f4307a0ac5c84c4fe927cfefd,2026-06-01,true
601899,20240506,17.32,17.56,16.82,17.52,2606348.02,4487638.406,tushare,LOCAL_USER_PROVIDED,data/research_db/market_data/processed/core12_daily_price_bar.csv,a0c457d1b0664de1033d0da4a6ba782578ab068f4307a0ac5c84c4fe927cfefd,2026-06-01,true
601899,20240507,17.62,17.9,17.39,17.45,1523940.77,2684017.066,tushare,LOCAL_USER_PROVIDED,data/research_db/market_data/processed/core12_daily_price_bar.csv,a0c457d1b0664de1033d0da4a6ba782578ab068f4307a0ac5c84c4fe927cfefd,2026-06-01,true
601899,20240508,17.3,17.68,17.01,17.45,1324039.84,2300504.674,tushare,LOCAL_USER_PROVIDED,data/research_db/market_data/processed/core12_daily_price_bar.csv,a0c457d1b0664de1033d0da4a6ba782578ab068f4307a0ac5c84c4fe927cfefd,2026-06-01,true
601899,20240509,17.28,17.91,17.28,17.71,1465867.63,2587027.544,tushare,LOCAL_USER_PROVIDED,data/research_db/market_data/processed/core12_daily_price_bar.csv,a0c457d1b0664de1033d0da4a6ba782578ab068f4307a0ac5c84c4fe927cfefd,2026-06-01,true
601899,20240510,18.1,18.28,17.78,18.24,2061408.07,3722450.388,tushare,LOCAL_USER_PROVIDED,data/research_db/market_data/processed/core12_daily_price_bar.csv,a0c457d1b0664de1033d0da4a6ba782578ab068f4307a0ac5c84c4fe927cfefd,2026-06-01,true
601899,20240513,18.0,18.34,17.83,18.18,1408589.71,2546450.263,tushare,LOCAL_USER_PROVIDED,data/research_db/market_data/processed/core12_daily_price_bar.csv,a0c457d1b0664de1033d0da4a6ba782578ab068f4307a0ac5c84c4fe927cfefd,2026-06-01,true
601899,20240514,18.35,18.72,18.25,18.49,1474298.01,2726855.288,tushare,LOCAL_USER_PROVIDED,data/research_db/market_data/processed/core12_daily_price_bar.csv,a0c457d1b0664de1033d0da4a6ba782578ab068f4307a0ac5c84c4fe927cfefd,2026-06-01,true
601899,20240515,18.54,18.85,18.26,18.3,1386875.53,2566910.429,tushare,LOCAL_USER_PROVIDED,data/research_db/market_data/processed/core12_daily_price_bar.csv,a0c457d1b0664de1033d0da4a6ba782578ab068f4307a0ac5c84c4fe927cfefd,2026-06-01,true
601899,20240516,18.63,18.89,18.21,18.27,1939111.49,3594190.888,tushare,LOCAL_USER_PROVIDED,data/research_db/market_data/processed/core12_daily_price_bar.csv,a0c457d1b0664de1033d0da4a6ba782578ab068f4307a0ac5c84c4fe927cfefd,2026-06-01,true
601899,20240517,18.37,18.78,18.0,18.78,1830950.9,3375111.655,tushare,LOCAL_USER_PROVIDED,data/research_db/market_data/processed/core12_daily_price_bar.csv,a0c457d1b0664de1033d0da4a6ba782578ab068f4307a0ac5c84c4fe927cfefd,2026-06-01,true
601899,20240520,19.43,19.79,19.09,19.47,2652361.9,5155591.278,tushare,LOCAL_USER_PROVIDED,data/research_db/market_data/processed/core12_daily_price_bar.csv,a0c457d1b0664de1033d0da4a6ba782578ab068f4307a0ac5c84c4fe927cfefd,2026-06-01,true
601899,20240521,19.41,19.58,18.56,18.65,2283748.46,4309331.269,tushare,LOCAL_USER_PROVIDED,data/research_db/market_data/processed/core12_daily_price_bar.csv,a0c457d1b0664de1033d0da4a6ba782578ab068f4307a0ac5c84c4fe927cfefd,2026-06-01,true
601899,20240522,18.65,18.78,18.33,18.43,1424754.52,2637331.817,tushare,LOCAL_USER_PROVIDED,data/research_db/market_data/processed/core12_daily_price_bar.csv,a0c457d1b0664de1033d0da4a6ba782578ab068f4307a0ac5c84c4fe927cfefd,2026-06-01,true
601899,20240523,17.56,18.01,17.36,17.84,2082536.03,3694875.283,tushare,LOCAL_USER_PROVIDED,data/research_db/market_data/processed/core12_daily_price_bar.csv,a0c457d1b0664de1033d0da4a6ba782578ab068f4307a0ac5c84c4fe927cfefd,2026-06-01,true
601899,20240524,17.6,18.03,17.59,17.82,1257127.78,2245716.303,tushare,LOCAL_USER_PROVIDED,data/research_db/market_data/processed/core12_daily_price_bar.csv,a0c457d1b0664de1033d0da4a6ba782578ab068f4307a0ac5c84c4fe927cfefd,2026-06-01,true
601899,20240527,17.77,18.36,17.76,18.2,1467113.97,2662784.806,tushare,LOCAL_USER_PROVIDED,data/research_db/market_data/processed/core12_daily_price_bar.csv,a0c457d1b0664de1033d0da4a6ba782578ab068f4307a0ac5c84c4fe927cfefd,2026-06-01,true
601899,20240528,18.38,18.48,18.01,18.05,1328072.55,2420542.086,tushare,LOCAL_USER_PROVIDED,data/research_db/market_data/processed/core12_daily_price_bar.csv,a0c457d1b0664de1033d0da4a6ba782578ab068f4307a0ac5c84c4fe927cfefd,2026-06-01,true
601899,20240529,18.08,18.58,17.97,18.45,1584145.98,2914016.096,tushare,LOCAL_USER_PROVIDED,data/research_db/market_data/processed/core12_daily_price_bar.csv,a0c457d1b0664de1033d0da4a6ba782578ab068f4307a0ac5c84c4fe927cfefd,2026-06-01,true
601899,20240530,18.3,18.37,17.55,17.64,2092498.86,3729795.969,tushare,LOCAL_USER_PROVIDED,data/research_db/market_data/processed/core12_daily_price_bar.csv,a0c457d1b0664de1033d0da4a6ba782578ab068f4307a0ac5c84c4fe927cfefd,2026-06-01,true
601899,20240531,17.63,17.72,17.2,17.41,1970347.47,3434982.967,tushare,LOCAL_USER_PROVIDED,data/research_db/market_data/processed/core12_daily_price_bar.csv,a0c457d1b0664de1033d0da4a6ba782578ab068f4307a0ac5c84c4fe927cfefd,2026-06-01,true
601899,20240603,17.29,17.63,17.17,17.33,1348331.99,2343666.557,tushare,LOCAL_USER_PROVIDED,data/research_db/market_data/processed/core12_daily_price_bar.csv,a0c457d1b0664de1033d0da4a6ba782578ab068f4307a0ac5c84c4fe927cfefd,2026-06-01,true
601899,20240604,17.45,17.7,17.18,17.42,1520604.94,2652422.196,tushare,LOCAL_USER_PROVIDED,data/research_db/market_data/processed/core12_daily_price_bar.csv,a0c457d1b0664de1033d0da4a6ba782578ab068f4307a0ac5c84c4fe927cfefd,2026-06-01,true
601899,20240605,17.0,17.2,16.75,17.05,1854607.19,3155725.051,tushare,LOCAL_USER_PROVIDED,data/research_db/market_data/processed/core12_daily_price_bar.csv,a0c457d1b0664de1033d0da4a6ba782578ab068f4307a0ac5c84c4fe927cfefd,2026-06-01,true
601899,20240606,17.35,17.79,17.33,17.59,1864393.19,3276766.583,tushare,LOCAL_USER_PROVIDED,data/research_db/market_data/processed/core12_daily_price_bar.csv,a0c457d1b0664de1033d0da4a6ba782578ab068f4307a0ac5c84c4fe927cfefd,2026-06-01,true
601899,20240607,17.82,17.88,17.31,17.76,1737726.56,3063217.623,tushare,LOCAL_USER_PROVIDED,data/research_db/market_data/processed/core12_daily_price_bar.csv,a0c457d1b0664de1033d0da4a6ba782578ab068f4307a0ac5c84c4fe927cfefd,2026-06-01,true
601899,20240611,17.11,17.22,16.78,17.0,1727394.32,2932617.275,tushare,LOCAL_USER_PROVIDED,data/research_db/market_data/processed/core12_daily_price_bar.csv,a0c457d1b0664de1033d0da4a6ba782578ab068f4307a0ac5c84c4fe927cfefd,2026-06-01,true
601899,20240612,16.89,17.27,16.86,17.21,1319006.25,2255787.02,tushare,LOCAL_USER_PROVIDED,data/research_db/market_data/processed/core12_daily_price_bar.csv,a0c457d1b0664de1033d0da4a6ba782578ab068f4307a0ac5c84c4fe927cfefd,2026-06-01,true
601899,20240613,17.14,17.22,16.51,16.81,1749091.51,2935447.404,tushare,LOCAL_USER_PROVIDED,data/research_db/market_data/processed/core12_daily_price_bar.csv,a0c457d1b0664de1033d0da4a6ba782578ab068f4307a0ac5c84c4fe927cfefd,2026-06-01,true
601899,20240614,16.6,17.17,16.55,17.09,1630139.37,2764928.686,tushare,LOCAL_USER_PROVIDED,data/research_db/market_data/processed/core12_daily_price_bar.csv,a0c457d1b0664de1033d0da4a6ba782578ab068f4307a0ac5c84c4fe927cfefd,2026-06-01,true
601899,20240617,16.99,17.17,16.76,17.04,1063816.8,1811063.472,tushare,LOCAL_USER_PROVIDED,data/research_db/market_data/processed/core12_daily_price_bar.csv,a0c457d1b0664de1033d0da4a6ba782578ab068f4307a0ac5c84c4fe927cfefd,2026-06-01,true
601899,20240618,16.61,17.08,16.38,16.92,2398533.61,4016852.351,tushare,LOCAL_USER_PROVIDED,data/research_db/market_data/processed/core12_daily_price_bar.csv,a0c457d1b0664de1033d0da4a6ba782578ab068f4307a0ac5c84c4fe927cfefd,2026-06-01,true
601899,20240619,16.92,17.5,16.88,17.32,1720495.21,2971053.455,tushare,LOCAL_USER_PROVIDED,data/research_db/market_data/processed/core12_daily_price_bar.csv,a0c457d1b0664de1033d0da4a6ba782578ab068f4307a0ac5c84c4fe927cfefd,2026-06-01,true
601899,20240620,17.41,17.86,17.37,17.56,1288207.1,2269494.994,tushare,LOCAL_USER_PROVIDED,data/research_db/market_data/processed/core12_daily_price_bar.csv,a0c457d1b0664de1033d0da4a6ba782578ab068f4307a0ac5c84c4fe927cfefd,2026-06-01,true
601899,20240621,17.78,17.87,17.24,17.32,1452327.53,2537688.937,tushare,LOCAL_USER_PROVIDED,data/research_db/market_data/processed/core12_daily_price_bar.csv,a0c457d1b0664de1033d0da4a6ba782578ab068f4307a0ac5c84c4fe927cfefd,2026-06-01,true
601899,20240624,17.0,17.58,16.93,17.47,1320341.35,2291742.45,tushare,LOCAL_USER_PROVIDED,data/research_db/market_data/processed/core12_daily_price_bar.csv,a0c457d1b0664de1033d0da4a6ba782578ab068f4307a0ac5c84c4fe927cfefd,2026-06-01,true
601899,20240625,17.45,17.52,17.2,17.35,955705.39,1658445.654,tushare,LOCAL_USER_PROVIDED,data/research_db/market_data/processed/core12_daily_price_bar.csv,a0c457d1b0664de1033d0da4a6ba782578ab068f4307a0ac5c84c4fe927cfefd,2026-06-01,true
601899,20240626,17.22,17.34,16.97,17.26,1079234.22,1849478.444,tushare,LOCAL_USER_PROVIDED,data/research_db/market_data/processed/core12_daily_price_bar.csv,a0c457d1b0664de1033d0da4a6ba782578ab068f4307a0ac5c84c4fe927cfefd,2026-06-01,true
601899,20240627,17.14,17.17,16.89,16.9,1007141.32,1710178.992,tushare,LOCAL_USER_PROVIDED,data/research_db/market_data/processed/core12_daily_price_bar.csv,a0c457d1b0664de1033d0da4a6ba782578ab068f4307a0ac5c84c4fe927cfefd,2026-06-01,true
601899,20240628,16.98,17.63,16.82,17.57,1295243.71,2248803.981,tushare,LOCAL_USER_PROVIDED,data/research_db/market_data/processed/core12_daily_price_bar.csv,a0c457d1b0664de1033d0da4a6ba782578ab068f4307a0ac5c84c4fe927cfefd,2026-06-01,true
688981,20240102,53.02,53.27,52.72,52.96,134591.47,713792.764,tushare,LOCAL_USER_PROVIDED,data/research_db/market_data/processed/core12_daily_price_bar.csv,a0c457d1b0664de1033d0da4a6ba782578ab068f4307a0ac5c84c4fe927cfefd,2026-06-01,true
688981,20240103,52.85,53.18,52.16,52.48,128475.42,675958.355,tushare,LOCAL_USER_PROVIDED,data/research_db/market_data/processed/core12_daily_price_bar.csv,a0c457d1b0664de1033d0da4a6ba782578ab068f4307a0ac5c84c4fe927cfefd,2026-06-01,true
688981,20240104,52.5,52.7,51.42,51.88,148885.03,773314.889,tushare,LOCAL_USER_PROVIDED,data/research_db/market_data/processed/core12_daily_price_bar.csv,a0c457d1b0664de1033d0da4a6ba782578ab068f4307a0ac5c84c4fe927cfefd,2026-06-01,true
688981,20240105,51.75,52.48,50.19,50.58,194368.93,998406.765,tushare,LOCAL_USER_PROVIDED,data/research_db/market_data/processed/core12_daily_price_bar.csv,a0c457d1b0664de1033d0da4a6ba782578ab068f4307a0ac5c84c4fe927cfefd,2026-06-01,true
688981,20240108,50.59,50.81,48.6,49.5,224987.64,1110310.363,tushare,LOCAL_USER_PROVIDED,data/research_db/market_data/processed/core12_daily_price_bar.csv,a0c457d1b0664de1033d0da4a6ba782578ab068f4307a0ac5c84c4fe927cfefd,2026-06-01,true
688981,20240109,49.48,49.67,47.9,48.45,204945.92,997731.837,tushare,LOCAL_USER_PROVIDED,data/research_db/market_data/processed/core12_daily_price_bar.csv,a0c457d1b0664de1033d0da4a6ba782578ab068f4307a0ac5c84c4fe927cfefd,2026-06-01,true
688981,20240110,48.25,48.55,47.41,47.47,149635.33,714549.962,tushare,LOCAL_USER_PROVIDED,data/research_db/market_data/processed/core12_daily_price_bar.csv,a0c457d1b0664de1033d0da4a6ba782578ab068f4307a0ac5c84c4fe927cfefd,2026-06-01,true
688981,20240111,47.28,48.22,47.15,47.6,178597.17,849780.614,tushare,LOCAL_USER_PROVIDED,data/research_db/market_data/processed/core12_daily_price_bar.csv,a0c457d1b0664de1033d0da4a6ba782578ab068f4307a0ac5c84c4fe927cfefd,2026-06-01,true
688981,20240112,47.5,47.55,45.79,45.83,229001.35,1064018.744,tushare,LOCAL_USER_PROVIDED,data/research_db/market_data/processed/core12_daily_price_bar.csv,a0c457d1b0664de1033d0da4a6ba782578ab068f4307a0ac5c84c4fe927cfefd,2026-06-01,true
688981,20240115,45.8,46.56,45.24,45.67,159438.22,732805.094,tushare,LOCAL_USER_PROVIDED,data/research_db/market_data/processed/core12_daily_price_bar.csv,a0c457d1b0664de1033d0da4a6ba782578ab068f4307a0ac5c84c4fe927cfefd,2026-06-01,true
688981,20240116,45.59,46.08,44.9,45.99,173025.75,787262.836,tushare,LOCAL_USER_PROVIDED,data/research_db/market_data/processed/core12_daily_price_bar.csv,a0c457d1b0664de1033d0da4a6ba782578ab068f4307a0ac5c84c4fe927cfefd,2026-06-01,true
688981,20240117,45.95,45.95,44.69,44.69,132214.18,597545.961,tushare,LOCAL_USER_PROVIDED,data/research_db/market_data/processed/core12_daily_price_bar.csv,a0c457d1b0664de1033d0da4a6ba782578ab068f4307a0ac5c84c4fe927cfefd,2026-06-01,true
688981,20240118,44.69,45.68,43.38,45.64,276795.78,1227658.372,tushare,LOCAL_USER_PROVIDED,data/research_db/market_data/processed/core12_daily_price_bar.csv,a0c457d1b0664de1033d0da4a6ba782578ab068f4307a0ac5c84c4fe927cfefd,2026-06-01,true
688981,20240119,45.5,46.38,45.2,45.86,196674.25,901687.807,tushare,LOCAL_USER_PROVIDED,data/research_db/market_data/processed/core12_daily_price_bar.csv,a0c457d1b0664de1033d0da4a6ba782578ab068f4307a0ac5c84c4fe927cfefd,2026-06-01,true
688981,20240122,45.67,46.23,44.5,44.83,260600.03,1187192.765,tushare,LOCAL_USER_PROVIDED,data/research_db/market_data/processed/core12_daily_price_bar.csv,a0c457d1b0664de1033d0da4a6ba782578ab068f4307a0ac5c84c4fe927cfefd,2026-06-01,true
688981,20240123,44.83,45.69,44.53,44.72,203391.56,915329.858,tushare,LOCAL_USER_PROVIDED,data/research_db/market_data/processed/core12_daily_price_bar.csv,a0c457d1b0664de1033d0da4a6ba782578ab068f4307a0ac5c84c4fe927cfefd,2026-06-01,true
688981,20240124,44.94,45.58,43.73,45.37,208729.35,930621.54,tushare,LOCAL_USER_PROVIDED,data/research_db/market_data/processed/core12_daily_price_bar.csv,a0c457d1b0664de1033d0da4a6ba782578ab068f4307a0ac5c84c4fe927cfefd,2026-06-01,true
688981,20240125,45.45,47.41,45.07,47.26,255771.49,1187793.509,tushare,LOCAL_USER_PROVIDED,data/research_db/market_data/processed/core12_daily_price_bar.csv,a0c457d1b0664de1033d0da4a6ba782578ab068f4307a0ac5c84c4fe927cfefd,2026-06-01,true
688981,20240126,46.9,47.18,46.23,46.5,180095.79,842394.635,tushare,LOCAL_USER_PROVIDED,data/research_db/market_data/processed/core12_daily_price_bar.csv,a0c457d1b0664de1033d0da4a6ba782578ab068f4307a0ac5c84c4fe927cfefd,2026-06-01,true
688981,20240129,46.5,47.18,44.97,45.35,168194.54,769790.276,tushare,LOCAL_USER_PROVIDED,data/research_db/market_data/processed/core12_daily_price_bar.csv,a0c457d1b0664de1033d0da4a6ba782578ab068f4307a0ac5c84c4fe927cfefd,2026-06-01,true
688981,20240130,44.99,45.25,43.03,43.08,236310.83,1036409.5,tushare,LOCAL_USER_PROVIDED,data/research_db/market_data/processed/core12_daily_price_bar.csv,a0c457d1b0664de1033d0da4a6ba782578ab068f4307a0ac5c84c4fe927cfefd,2026-06-01,true
688981,20240131,43.0,44.19,41.85,43.29,264880.8,1138964.849,tushare,LOCAL_USER_PROVIDED,data/research_db/market_data/processed/core12_daily_price_bar.csv,a0c457d1b0664de1033d0da4a6ba782578ab068f4307a0ac5c84c4fe927cfefd,2026-06-01,true
688981,20240201,42.8,44.1,41.77,42.68,219480.19,944854.159,tushare,LOCAL_USER_PROVIDED,data/research_db/market_data/processed/core12_daily_price_bar.csv,a0c457d1b0664de1033d0da4a6ba782578ab068f4307a0ac5c84c4fe927cfefd,2026-06-01,true
688981,20240202,42.78,43.25,40.68,42.13,252096.49,1061214.849,tushare,LOCAL_USER_PROVIDED,data/research_db/market_data/processed/core12_daily_price_bar.csv,a0c457d1b0664de1033d0da4a6ba782578ab068f4307a0ac5c84c4fe927cfefd,2026-06-01,true
688981,20240205,42.26,43.55,40.32,42.97,285353.49,1202298.077,tushare,LOCAL_USER_PROVIDED,data/research_db/market_data/processed/core12_daily_price_bar.csv,a0c457d1b0664de1033d0da4a6ba782578ab068f4307a0ac5c84c4fe927cfefd,2026-06-01,true
688981,20240206,42.71,45.0,42.06,44.97,292766.67,1286311.624,tushare,LOCAL_USER_PROVIDED,data/research_db/market_data/processed/core12_daily_price_bar.csv,a0c457d1b0664de1033d0da4a6ba782578ab068f4307a0ac5c84c4fe927cfefd,2026-06-01,true
688981,20240207,44.66,44.67,42.75,42.9,442121.73,1925685.26,tushare,LOCAL_USER_PROVIDED,data/research_db/market_data/processed/core12_daily_price_bar.csv,a0c457d1b0664de1033d0da4a6ba782578ab068f4307a0ac5c84c4fe927cfefd,2026-06-01,true
688981,20240208,43.11,44.3,43.03,44.0,309154.6,1353733.987,tushare,LOCAL_USER_PROVIDED,data/research_db/market_data/processed/core12_daily_price_bar.csv,a0c457d1b0664de1033d0da4a6ba782578ab068f4307a0ac5c84c4fe927cfefd,2026-06-01,true
688981,20240219,44.6,45.07,44.11,44.82,285691.19,1274866.151,tushare,LOCAL_USER_PROVIDED,data/research_db/market_data/processed/core12_daily_price_bar.csv,a0c457d1b0664de1033d0da4a6ba782578ab068f4307a0ac5c84c4fe927cfefd,2026-06-01,true
688981,20240220,44.55,45.03,43.9,44.45,186966.25,830698.817,tushare,LOCAL_USER_PROVIDED,data/research_db/market_data/processed/core12_daily_price_bar.csv,a0c457d1b0664de1033d0da4a6ba782578ab068f4307a0ac5c84c4fe927cfefd,2026-06-01,true
688981,20240221,44.26,45.8,44.15,44.99,249731.79,1125352.27,tushare,LOCAL_USER_PROVIDED,data/research_db/market_data/processed/core12_daily_price_bar.csv,a0c457d1b0664de1033d0da4a6ba782578ab068f4307a0ac5c84c4fe927cfefd,2026-06-01,true
688981,20240222,44.95,45.71,44.61,45.14,244719.27,1102980.264,tushare,LOCAL_USER_PROVIDED,data/research_db/market_data/processed/core12_daily_price_bar.csv,a0c457d1b0664de1033d0da4a6ba782578ab068f4307a0ac5c84c4fe927cfefd,2026-06-01,true
688981,20240223,45.26,45.44,44.6,44.98,229296.3,1030559.983,tushare,LOCAL_USER_PROVIDED,data/research_db/market_data/processed/core12_daily_price_bar.csv,a0c457d1b0664de1033d0da4a6ba782578ab068f4307a0ac5c84c4fe927cfefd,2026-06-01,true
688981,20240226,44.65,45.55,44.34,44.92,271582.47,1219389.458,tushare,LOCAL_USER_PROVIDED,data/research_db/market_data/processed/core12_daily_price_bar.csv,a0c457d1b0664de1033d0da4a6ba782578ab068f4307a0ac5c84c4fe927cfefd,2026-06-01,true
688981,20240227,44.82,47.58,44.55,47.32,505759.34,2341707.696,tushare,LOCAL_USER_PROVIDED,data/research_db/market_data/processed/core12_daily_price_bar.csv,a0c457d1b0664de1033d0da4a6ba782578ab068f4307a0ac5c84c4fe927cfefd,2026-06-01,true
688981,20240228,47.0,47.92,45.5,45.56,451760.27,2119465.291,tushare,LOCAL_USER_PROVIDED,data/research_db/market_data/processed/core12_daily_price_bar.csv,a0c457d1b0664de1033d0da4a6ba782578ab068f4307a0ac5c84c4fe927cfefd,2026-06-01,true
688981,20240229,45.4,49.11,45.3,48.35,569612.22,2720709.758,tushare,LOCAL_USER_PROVIDED,data/research_db/market_data/processed/core12_daily_price_bar.csv,a0c457d1b0664de1033d0da4a6ba782578ab068f4307a0ac5c84c4fe927cfefd,2026-06-01,true
688981,20240301,48.05,48.75,47.7,48.51,395754.68,1909634.953,tushare,LOCAL_USER_PROVIDED,data/research_db/market_data/processed/core12_daily_price_bar.csv,a0c457d1b0664de1033d0da4a6ba782578ab068f4307a0ac5c84c4fe927cfefd,2026-06-01,true
688981,20240304,48.5,48.7,47.67,48.0,270261.07,1301182.39,tushare,LOCAL_USER_PROVIDED,data/research_db/market_data/processed/core12_daily_price_bar.csv,a0c457d1b0664de1033d0da4a6ba782578ab068f4307a0ac5c84c4fe927cfefd,2026-06-01,true
688981,20240305,47.76,48.4,47.59,48.0,285279.01,1365886.776,tushare,LOCAL_USER_PROVIDED,data/research_db/market_data/processed/core12_daily_price_bar.csv,a0c457d1b0664de1033d0da4a6ba782578ab068f4307a0ac5c84c4fe927cfefd,2026-06-01,true
688981,20240306,48.0,48.05,47.01,47.59,203828.27,969336.57,tushare,LOCAL_USER_PROVIDED,data/research_db/market_data/processed/core12_daily_price_bar.csv,a0c457d1b0664de1033d0da4a6ba782578ab068f4307a0ac5c84c4fe927cfefd,2026-06-01,true
688981,20240307,47.65,48.45,46.8,47.09,238630.63,1136078.794,tushare,LOCAL_USER_PROVIDED,data/research_db/market_data/processed/core12_daily_price_bar.csv,a0c457d1b0664de1033d0da4a6ba782578ab068f4307a0ac5c84c4fe927cfefd,2026-06-01,true
688981,20240308,47.11,47.76,46.6,47.4,189472.43,895629.931,tushare,LOCAL_USER_PROVIDED,data/research_db/market_data/processed/core12_daily_price_bar.csv,a0c457d1b0664de1033d0da4a6ba782578ab068f4307a0ac5c84c4fe927cfefd,2026-06-01,true
688981,20240311,46.86,48.23,46.5,47.99,267494.25,1266403.682,tushare,LOCAL_USER_PROVIDED,data/research_db/market_data/processed/core12_daily_price_bar.csv,a0c457d1b0664de1033d0da4a6ba782578ab068f4307a0ac5c84c4fe927cfefd,2026-06-01,true
688981,20240312,47.86,48.5,47.68,47.88,210031.83,1008523.237,tushare,LOCAL_USER_PROVIDED,data/research_db/market_data/processed/core12_daily_price_bar.csv,a0c457d1b0664de1033d0da4a6ba782578ab068f4307a0ac5c84c4fe927cfefd,2026-06-01,true
688981,20240313,47.97,48.88,47.6,47.85,243073.82,1172291.362,tushare,LOCAL_USER_PROVIDED,data/research_db/market_data/processed/core12_daily_price_bar.csv,a0c457d1b0664de1033d0da4a6ba782578ab068f4307a0ac5c84c4fe927cfefd,2026-06-01,true
688981,20240314,47.51,47.81,46.62,46.7,204171.64,961432.779,tushare,LOCAL_USER_PROVIDED,data/research_db/market_data/processed/core12_daily_price_bar.csv,a0c457d1b0664de1033d0da4a6ba782578ab068f4307a0ac5c84c4fe927cfefd,2026-06-01,true
688981,20240315,46.6,46.84,46.0,46.67,161959.57,751034.883,tushare,LOCAL_USER_PROVIDED,data/research_db/market_data/processed/core12_daily_price_bar.csv,a0c457d1b0664de1033d0da4a6ba782578ab068f4307a0ac5c84c4fe927cfefd,2026-06-01,true
688981,20240318,46.87,48.44,46.7,47.97,298342.87,1419257.651,tushare,LOCAL_USER_PROVIDED,data/research_db/market_data/processed/core12_daily_price_bar.csv,a0c457d1b0664de1033d0da4a6ba782578ab068f4307a0ac5c84c4fe927cfefd,2026-06-01,true
688981,20240319,47.8,47.99,47.2,47.21,172451.75,820456.004,tushare,LOCAL_USER_PROVIDED,data/research_db/market_data/processed/core12_daily_price_bar.csv,a0c457d1b0664de1033d0da4a6ba782578ab068f4307a0ac5c84c4fe927cfefd,2026-06-01,true
688981,20240320,47.49,48.15,47.25,47.54,153499.73,731912.759,tushare,LOCAL_USER_PROVIDED,data/research_db/market_data/processed/core12_daily_price_bar.csv,a0c457d1b0664de1033d0da4a6ba782578ab068f4307a0ac5c84c4fe927cfefd,2026-06-01,true
688981,20240321,47.54,48.1,47.1,47.55,195076.22,929590.455,tushare,LOCAL_USER_PROVIDED,data/research_db/market_data/processed/core12_daily_price_bar.csv,a0c457d1b0664de1033d0da4a6ba782578ab068f4307a0ac5c84c4fe927cfefd,2026-06-01,true
688981,20240322,47.3,47.51,45.58,45.6,292865.13,1357453.26,tushare,LOCAL_USER_PROVIDED,data/research_db/market_data/processed/core12_daily_price_bar.csv,a0c457d1b0664de1033d0da4a6ba782578ab068f4307a0ac5c84c4fe927cfefd,2026-06-01,true
688981,20240325,45.59,45.66,44.56,44.56,214481.61,965562.414,tushare,LOCAL_USER_PROVIDED,data/research_db/market_data/processed/core12_daily_price_bar.csv,a0c457d1b0664de1033d0da4a6ba782578ab068f4307a0ac5c84c4fe927cfefd,2026-06-01,true
688981,20240326,44.6,45.05,44.2,44.54,154276.67,687234.773,tushare,LOCAL_USER_PROVIDED,data/research_db/market_data/processed/core12_daily_price_bar.csv,a0c457d1b0664de1033d0da4a6ba782578ab068f4307a0ac5c84c4fe927cfefd,2026-06-01,true
688981,20240327,44.82,44.82,43.38,43.41,159330.41,700495.124,tushare,LOCAL_USER_PROVIDED,data/research_db/market_data/processed/core12_daily_price_bar.csv,a0c457d1b0664de1033d0da4a6ba782578ab068f4307a0ac5c84c4fe927cfefd,2026-06-01,true
688981,20240328,43.41,44.46,43.41,44.0,155078.48,682776.444,tushare,LOCAL_USER_PROVIDED,data/research_db/market_data/processed/core12_daily_price_bar.csv,a0c457d1b0664de1033d0da4a6ba782578ab068f4307a0ac5c84c4fe927cfefd,2026-06-01,true
688981,20240329,43.93,43.98,42.9,43.66,165388.37,717917.544,tushare,LOCAL_USER_PROVIDED,data/research_db/market_data/processed/core12_daily_price_bar.csv,a0c457d1b0664de1033d0da4a6ba782578ab068f4307a0ac5c84c4fe927cfefd,2026-06-01,true
688981,20240401,43.66,44.63,43.58,44.3,183511.43,811634.437,tushare,LOCAL_USER_PROVIDED,data/research_db/market_data/processed/core12_daily_price_bar.csv,a0c457d1b0664de1033d0da4a6ba782578ab068f4307a0ac5c84c4fe927cfefd,2026-06-01,true
688981,20240402,44.28,44.3,43.65,43.95,115068.68,504883.931,tushare,LOCAL_USER_PROVIDED,data/research_db/market_data/processed/core12_daily_price_bar.csv,a0c457d1b0664de1033d0da4a6ba782578ab068f4307a0ac5c84c4fe927cfefd,2026-06-01,true
688981,20240403,44.98,45.24,44.08,44.24,223609.53,996010.784,tushare,LOCAL_USER_PROVIDED,data/research_db/market_data/processed/core12_daily_price_bar.csv,a0c457d1b0664de1033d0da4a6ba782578ab068f4307a0ac5c84c4fe927cfefd,2026-06-01,true
688981,20240408,43.7,43.71,42.5,42.51,243290.41,1042392.026,tushare,LOCAL_USER_PROVIDED,data/research_db/market_data/processed/core12_daily_price_bar.csv,a0c457d1b0664de1033d0da4a6ba782578ab068f4307a0ac5c84c4fe927cfefd,2026-06-01,true
688981,20240409,42.37,42.88,42.25,42.7,140938.75,600699.958,tushare,LOCAL_USER_PROVIDED,data/research_db/market_data/processed/core12_daily_price_bar.csv,a0c457d1b0664de1033d0da4a6ba782578ab068f4307a0ac5c84c4fe927cfefd,2026-06-01,true
688981,20240410,42.7,42.98,42.1,42.18,137975.41,585993.073,tushare,LOCAL_USER_PROVIDED,data/research_db/market_data/processed/core12_daily_price_bar.csv,a0c457d1b0664de1033d0da4a6ba782578ab068f4307a0ac5c84c4fe927cfefd,2026-06-01,true
688981,20240411,42.1,42.6,40.5,41.19,224263.24,931943.069,tushare,LOCAL_USER_PROVIDED,data/research_db/market_data/processed/core12_daily_price_bar.csv,a0c457d1b0664de1033d0da4a6ba782578ab068f4307a0ac5c84c4fe927cfefd,2026-06-01,true
688981,20240412,41.02,41.45,40.31,40.33,203770.15,829048.827,tushare,LOCAL_USER_PROVIDED,data/research_db/market_data/processed/core12_daily_price_bar.csv,a0c457d1b0664de1033d0da4a6ba782578ab068f4307a0ac5c84c4fe927cfefd,2026-06-01,true
688981,20240415,40.33,41.55,40.01,41.19,216778.22,886154.84,tushare,LOCAL_USER_PROVIDED,data/research_db/market_data/processed/core12_daily_price_bar.csv,a0c457d1b0664de1033d0da4a6ba782578ab068f4307a0ac5c84c4fe927cfefd,2026-06-01,true
688981,20240416,41.0,41.87,40.78,41.18,185269.91,766353.527,tushare,LOCAL_USER_PROVIDED,data/research_db/market_data/processed/core12_daily_price_bar.csv,a0c457d1b0664de1033d0da4a6ba782578ab068f4307a0ac5c84c4fe927cfefd,2026-06-01,true
688981,20240417,41.2,41.79,40.91,41.75,181266.86,752698.692,tushare,LOCAL_USER_PROVIDED,data/research_db/market_data/processed/core12_daily_price_bar.csv,a0c457d1b0664de1033d0da4a6ba782578ab068f4307a0ac5c84c4fe927cfefd,2026-06-01,true
688981,20240418,41.5,41.88,41.35,41.61,165833.42,690686.483,tushare,LOCAL_USER_PROVIDED,data/research_db/market_data/processed/core12_daily_price_bar.csv,a0c457d1b0664de1033d0da4a6ba782578ab068f4307a0ac5c84c4fe927cfefd,2026-06-01,true
688981,20240419,41.36,41.74,40.85,41.38,137413.17,567558.213,tushare,LOCAL_USER_PROVIDED,data/research_db/market_data/processed/core12_daily_price_bar.csv,a0c457d1b0664de1033d0da4a6ba782578ab068f4307a0ac5c84c4fe927cfefd,2026-06-01,true
688981,20240422,41.31,41.62,40.86,41.31,109905.46,453953.673,tushare,LOCAL_USER_PROVIDED,data/research_db/market_data/processed/core12_daily_price_bar.csv,a0c457d1b0664de1033d0da4a6ba782578ab068f4307a0ac5c84c4fe927cfefd,2026-06-01,true
688981,20240423,41.32,41.68,41.02,41.11,109941.45,454747.881,tushare,LOCAL_USER_PROVIDED,data/research_db/market_data/processed/core12_daily_price_bar.csv,a0c457d1b0664de1033d0da4a6ba782578ab068f4307a0ac5c84c4fe927cfefd,2026-06-01,true
688981,20240424,41.25,41.39,40.8,41.25,151938.78,624334.52,tushare,LOCAL_USER_PROVIDED,data/research_db/market_data/processed/core12_daily_price_bar.csv,a0c457d1b0664de1033d0da4a6ba782578ab068f4307a0ac5c84c4fe927cfefd,2026-06-01,true
688981,20240425,41.25,41.86,40.92,41.34,143844.39,595555.209,tushare,LOCAL_USER_PROVIDED,data/research_db/market_data/processed/core12_daily_price_bar.csv,a0c457d1b0664de1033d0da4a6ba782578ab068f4307a0ac5c84c4fe927cfefd,2026-06-01,true
688981,20240426,41.1,42.12,41.1,42.06,220510.22,922197.643,tushare,LOCAL_USER_PROVIDED,data/research_db/market_data/processed/core12_daily_price_bar.csv,a0c457d1b0664de1033d0da4a6ba782578ab068f4307a0ac5c84c4fe927cfefd,2026-06-01,true
688981,20240429,42.13,43.36,42.13,43.05,237697.02,1020182.748,tushare,LOCAL_USER_PROVIDED,data/research_db/market_data/processed/core12_daily_price_bar.csv,a0c457d1b0664de1033d0da4a6ba782578ab068f4307a0ac5c84c4fe927cfefd,2026-06-01,true
688981,20240430,43.0,43.0,41.76,41.91,233965.49,988025.344,tushare,LOCAL_USER_PROVIDED,data/research_db/market_data/processed/core12_daily_price_bar.csv,a0c457d1b0664de1033d0da4a6ba782578ab068f4307a0ac5c84c4fe927cfefd,2026-06-01,true
688981,20240506,42.49,43.03,42.33,42.56,220428.62,941283.488,tushare,LOCAL_USER_PROVIDED,data/research_db/market_data/processed/core12_daily_price_bar.csv,a0c457d1b0664de1033d0da4a6ba782578ab068f4307a0ac5c84c4fe927cfefd,2026-06-01,true
688981,20240507,42.55,42.73,42.2,42.71,129383.05,550573.775,tushare,LOCAL_USER_PROVIDED,data/research_db/market_data/processed/core12_daily_price_bar.csv,a0c457d1b0664de1033d0da4a6ba782578ab068f4307a0ac5c84c4fe927cfefd,2026-06-01,true
688981,20240508,42.81,42.82,42.08,42.16,111558.61,472673.353,tushare,LOCAL_USER_PROVIDED,data/research_db/market_data/processed/core12_daily_price_bar.csv,a0c457d1b0664de1033d0da4a6ba782578ab068f4307a0ac5c84c4fe927cfefd,2026-06-01,true
688981,20240509,42.18,43.89,42.16,43.72,312166.37,1351312.043,tushare,LOCAL_USER_PROVIDED,data/research_db/market_data/processed/core12_daily_price_bar.csv,a0c457d1b0664de1033d0da4a6ba782578ab068f4307a0ac5c84c4fe927cfefd,2026-06-01,true
688981,20240510,43.7,43.98,42.74,42.99,257787.63,1112390.433,tushare,LOCAL_USER_PROVIDED,data/research_db/market_data/processed/core12_daily_price_bar.csv,a0c457d1b0664de1033d0da4a6ba782578ab068f4307a0ac5c84c4fe927cfefd,2026-06-01,true
688981,20240513,42.7,43.5,42.38,43.06,155253.14,667418.005,tushare,LOCAL_USER_PROVIDED,data/research_db/market_data/processed/core12_daily_price_bar.csv,a0c457d1b0664de1033d0da4a6ba782578ab068f4307a0ac5c84c4fe927cfefd,2026-06-01,true
688981,20240514,43.06,43.45,42.71,42.92,135428.28,581796.402,tushare,LOCAL_USER_PROVIDED,data/research_db/market_data/processed/core12_daily_price_bar.csv,a0c457d1b0664de1033d0da4a6ba782578ab068f4307a0ac5c84c4fe927cfefd,2026-06-01,true
688981,20240515,42.74,42.87,41.62,41.66,211118.66,889591.26,tushare,LOCAL_USER_PROVIDED,data/research_db/market_data/processed/core12_daily_price_bar.csv,a0c457d1b0664de1033d0da4a6ba782578ab068f4307a0ac5c84c4fe927cfefd,2026-06-01,true
688981,20240516,42.0,42.5,41.8,41.82,149030.76,627385.977,tushare,LOCAL_USER_PROVIDED,data/research_db/market_data/processed/core12_daily_price_bar.csv,a0c457d1b0664de1033d0da4a6ba782578ab068f4307a0ac5c84c4fe927cfefd,2026-06-01,true
688981,20240517,41.83,42.32,41.56,42.3,126369.35,531097.295,tushare,LOCAL_USER_PROVIDED,data/research_db/market_data/processed/core12_daily_price_bar.csv,a0c457d1b0664de1033d0da4a6ba782578ab068f4307a0ac5c84c4fe927cfefd,2026-06-01,true
688981,20240520,42.4,42.88,42.2,42.57,148070.69,631055.044,tushare,LOCAL_USER_PROVIDED,data/research_db/market_data/processed/core12_daily_price_bar.csv,a0c457d1b0664de1033d0da4a6ba782578ab068f4307a0ac5c84c4fe927cfefd,2026-06-01,true
688981,20240521,42.62,42.63,42.03,42.11,97813.98,413394.676,tushare,LOCAL_USER_PROVIDED,data/research_db/market_data/processed/core12_daily_price_bar.csv,a0c457d1b0664de1033d0da4a6ba782578ab068f4307a0ac5c84c4fe927cfefd,2026-06-01,true
688981,20240522,42.15,42.45,41.84,42.27,143029.21,601957.235,tushare,LOCAL_USER_PROVIDED,data/research_db/market_data/processed/core12_daily_price_bar.csv,a0c457d1b0664de1033d0da4a6ba782578ab068f4307a0ac5c84c4fe927cfefd,2026-06-01,true
688981,20240523,42.18,42.2,41.08,41.17,173715.15,722285.055,tushare,LOCAL_USER_PROVIDED,data/research_db/market_data/processed/core12_daily_price_bar.csv,a0c457d1b0664de1033d0da4a6ba782578ab068f4307a0ac5c84c4fe927cfefd,2026-06-01,true
688981,20240524,41.13,41.35,41.0,41.03,101365.51,417552.864,tushare,LOCAL_USER_PROVIDED,data/research_db/market_data/processed/core12_daily_price_bar.csv,a0c457d1b0664de1033d0da4a6ba782578ab068f4307a0ac5c84c4fe927cfefd,2026-06-01,true
688981,20240527,41.36,43.17,41.36,43.13,374929.96,1593196.322,tushare,LOCAL_USER_PROVIDED,data/research_db/market_data/processed/core12_daily_price_bar.csv,a0c457d1b0664de1033d0da4a6ba782578ab068f4307a0ac5c84c4fe927cfefd,2026-06-01,true
688981,20240528,43.13,43.99,42.9,43.11,349632.97,1516562.322,tushare,LOCAL_USER_PROVIDED,data/research_db/market_data/processed/core12_daily_price_bar.csv,a0c457d1b0664de1033d0da4a6ba782578ab068f4307a0ac5c84c4fe927cfefd,2026-06-01,true
688981,20240529,42.87,43.4,42.59,42.94,168153.29,722546.139,tushare,LOCAL_USER_PROVIDED,data/research_db/market_data/processed/core12_daily_price_bar.csv,a0c457d1b0664de1033d0da4a6ba782578ab068f4307a0ac5c84c4fe927cfefd,2026-06-01,true
688981,20240530,43.03,45.96,42.8,45.39,688850.04,3094280.19,tushare,LOCAL_USER_PROVIDED,data/research_db/market_data/processed/core12_daily_price_bar.csv,a0c457d1b0664de1033d0da4a6ba782578ab068f4307a0ac5c84c4fe927cfefd,2026-06-01,true
688981,20240531,45.1,45.49,44.69,44.85,314630.49,1414729.533,tushare,LOCAL_USER_PROVIDED,data/research_db/market_data/processed/core12_daily_price_bar.csv,a0c457d1b0664de1033d0da4a6ba782578ab068f4307a0ac5c84c4fe927cfefd,2026-06-01,true
688981,20240603,44.96,46.36,44.8,45.44,393681.71,1796427.446,tushare,LOCAL_USER_PROVIDED,data/research_db/market_data/processed/core12_daily_price_bar.csv,a0c457d1b0664de1033d0da4a6ba782578ab068f4307a0ac5c84c4fe927cfefd,2026-06-01,true
688981,20240604,45.3,45.75,44.72,45.55,240509.59,1087304.81,tushare,LOCAL_USER_PROVIDED,data/research_db/market_data/processed/core12_daily_price_bar.csv,a0c457d1b0664de1033d0da4a6ba782578ab068f4307a0ac5c84c4fe927cfefd,2026-06-01,true
688981,20240605,45.42,47.14,45.3,46.12,395896.73,1841218.738,tushare,LOCAL_USER_PROVIDED,data/research_db/market_data/processed/core12_daily_price_bar.csv,a0c457d1b0664de1033d0da4a6ba782578ab068f4307a0ac5c84c4fe927cfefd,2026-06-01,true
688981,20240606,47.23,47.74,46.51,46.8,530522.61,2503751.094,tushare,LOCAL_USER_PROVIDED,data/research_db/market_data/processed/core12_daily_price_bar.csv,a0c457d1b0664de1033d0da4a6ba782578ab068f4307a0ac5c84c4fe927cfefd,2026-06-01,true
688981,20240607,46.79,47.74,46.42,47.21,361994.09,1706416.314,tushare,LOCAL_USER_PROVIDED,data/research_db/market_data/processed/core12_daily_price_bar.csv,a0c457d1b0664de1033d0da4a6ba782578ab068f4307a0ac5c84c4fe927cfefd,2026-06-01,true
688981,20240611,47.09,49.0,47.05,48.94,543172.33,2638626.377,tushare,LOCAL_USER_PROVIDED,data/research_db/market_data/processed/core12_daily_price_bar.csv,a0c457d1b0664de1033d0da4a6ba782578ab068f4307a0ac5c84c4fe927cfefd,2026-06-01,true
688981,20240612,48.7,48.7,47.59,47.9,415576.27,1995880.529,tushare,LOCAL_USER_PROVIDED,data/research_db/market_data/processed/core12_daily_price_bar.csv,a0c457d1b0664de1033d0da4a6ba782578ab068f4307a0ac5c84c4fe927cfefd,2026-06-01,true
688981,20240613,48.18,48.85,47.11,47.2,451427.45,2167830.387,tushare,LOCAL_USER_PROVIDED,data/research_db/market_data/processed/core12_daily_price_bar.csv,a0c457d1b0664de1033d0da4a6ba782578ab068f4307a0ac5c84c4fe927cfefd,2026-06-01,true
688981,20240614,46.9,47.09,46.08,46.49,430889.38,2003901.881,tushare,LOCAL_USER_PROVIDED,data/research_db/market_data/processed/core12_daily_price_bar.csv,a0c457d1b0664de1033d0da4a6ba782578ab068f4307a0ac5c84c4fe927cfefd,2026-06-01,true
688981,20240617,46.4,47.99,46.3,47.77,371983.88,1763212.921,tushare,LOCAL_USER_PROVIDED,data/research_db/market_data/processed/core12_daily_price_bar.csv,a0c457d1b0664de1033d0da4a6ba782578ab068f4307a0ac5c84c4fe927cfefd,2026-06-01,true
688981,20240618,47.88,48.8,47.76,48.13,346620.24,1672916.508,tushare,LOCAL_USER_PROVIDED,data/research_db/market_data/processed/core12_daily_price_bar.csv,a0c457d1b0664de1033d0da4a6ba782578ab068f4307a0ac5c84c4fe927cfefd,2026-06-01,true
688981,20240619,48.1,48.29,46.88,47.53,312582.36,1486601.587,tushare,LOCAL_USER_PROVIDED,data/research_db/market_data/processed/core12_daily_price_bar.csv,a0c457d1b0664de1033d0da4a6ba782578ab068f4307a0ac5c84c4fe927cfefd,2026-06-01,true
688981,20240620,47.45,49.91,47.37,48.8,591655.7,2896892.544,tushare,LOCAL_USER_PROVIDED,data/research_db/market_data/processed/core12_daily_price_bar.csv,a0c457d1b0664de1033d0da4a6ba782578ab068f4307a0ac5c84c4fe927cfefd,2026-06-01,true
688981,20240621,48.34,48.78,47.47,48.75,306604.83,1476110.93,tushare,LOCAL_USER_PROVIDED,data/research_db/market_data/processed/core12_daily_price_bar.csv,a0c457d1b0664de1033d0da4a6ba782578ab068f4307a0ac5c84c4fe927cfefd,2026-06-01,true
688981,20240624,48.6,49.76,47.18,47.26,410177.58,1980534.764,tushare,LOCAL_USER_PROVIDED,data/research_db/market_data/processed/core12_daily_price_bar.csv,a0c457d1b0664de1033d0da4a6ba782578ab068f4307a0ac5c84c4fe927cfefd,2026-06-01,true
688981,20240625,47.04,47.39,45.26,45.54,431295.36,1991141.725,tushare,LOCAL_USER_PROVIDED,data/research_db/market_data/processed/core12_daily_price_bar.csv,a0c457d1b0664de1033d0da4a6ba782578ab068f4307a0ac5c84c4fe927cfefd,2026-06-01,true
688981,20240626,45.95,46.78,45.42,46.47,254825.4,1173593.026,tushare,LOCAL_USER_PROVIDED,data/research_db/market_data/processed/core12_daily_price_bar.csv,a0c457d1b0664de1033d0da4a6ba782578ab068f4307a0ac5c84c4fe927cfefd,2026-06-01,true
688981,20240627,46.17,46.45,45.58,45.71,187443.35,861865.907,tushare,LOCAL_USER_PROVIDED,data/research_db/market_data/processed/core12_daily_price_bar.csv,a0c457d1b0664de1033d0da4a6ba782578ab068f4307a0ac5c84c4fe927cfefd,2026-06-01,true
688981,20240628,45.52,46.42,45.51,46.1,218019.68,1004720.178,tushare,LOCAL_USER_PROVIDED,data/research_db/market_data/processed/core12_daily_price_bar.csv,a0c457d1b0664de1033d0da4a6ba782578ab068f4307a0ac5c84c4fe927cfefd,2026-06-01,true
