exchange,trade_date,is_open,source_name,source_type,source_file,source_hash,as_of_date
CHINEXT,20240102,false,tushare,LOCAL_USER_PROVIDED,data/research_db/market_data/processed/trading_calendar.csv,6a8fa077e9b7167a9881e46b1f1f2d44aec53828132fc047aa82af373cb306a5,2026-06-01
CHINEXT,20240103,false,tushare,LOCAL_USER_PROVIDED,data/research_db/market_data/processed/trading_calendar.csv,6a8fa077e9b7167a9881e46b1f1f2d44aec53828132fc047aa82af373cb306a5,2026-06-01
CHINEXT,20240104,false,tushare,LOCAL_USER_PROVIDED,data/research_db/market_data/processed/trading_calendar.csv,6a8fa077e9b7167a9881e46b1f1f2d44aec53828132fc047aa82af373cb306a5,2026-06-01
CHINEXT,20240105,false,tushare,LOCAL_USER_PROVIDED,data/research_db/market_data/processed/trading_calendar.csv,6a8fa077e9b7167a9881e46b1f1f2d44aec53828132fc047aa82af373cb306a5,2026-06-01
CHINEXT,20240106,false,tushare,LOCAL_USER_PROVIDED,data/research_db/market_data/processed/trading_calendar.csv,6a8fa077e9b7167a9881e46b1f1f2d44aec53828132fc047aa82af373cb306a5,2026-06-01
CHINEXT,20240107,false,tushare,LOCAL_USER_PROVIDED,data/research_db/market_data/processed/trading_calendar.csv,6a8fa077e9b7167a9881e46b1f1f2d44aec53828132fc047aa82af373cb306a5,2026-06-01
CHINEXT,20240108,false,tushare,LOCAL_USER_PROVIDED,data/research_db/market_data/processed/trading_calendar.csv,6a8fa077e9b7167a9881e46b1f1f2d44aec53828132fc047aa82af373cb306a5,2026-06-01
CHINEXT,20240109,false,tushare,LOCAL_USER_PROVIDED,data/research_db/market_data/processed/trading_calendar.csv,6a8fa077e9b7167a9881e46b1f1f2d44aec53828132fc047aa82af373cb306a5,2026-06-01
CHINEXT,20240110,false,tushare,LOCAL_USER_PROVIDED,data/research_db/market_data/processed/trading_calendar.csv,6a8fa077e9b7167a9881e46b1f1f2d44aec53828132fc047aa82af373cb306a5,2026-06-01
CHINEXT,20240111,false,tushare,LOCAL_USER_PROVIDED,data/research_db/market_data/processed/trading_calendar.csv,6a8fa077e9b7167a9881e46b1f1f2d44aec53828132fc047aa82af373cb306a5,2026-06-01
CHINEXT,20240112,false,tushare,LOCAL_USER_PROVIDED,data/research_db/market_data/processed/trading_calendar.csv,6a8fa077e9b7167a9881e46b1f1f2d44aec53828132fc047aa82af373cb306a5,2026-06-01
CHINEXT,20240113,false,tushare,LOCAL_USER_PROVIDED,data/research_db/market_data/processed/trading_calendar.csv,6a8fa077e9b7167a9881e46b1f1f2d44aec53828132fc047aa82af373cb306a5,2026-06-01
CHINEXT,20240114,false,tushare,LOCAL_USER_PROVIDED,data/research_db/market_data/processed/trading_calendar.csv,6a8fa077e9b7167a9881e46b1f1f2d44aec53828132fc047aa82af373cb306a5,2026-06-01
CHINEXT,20240115,false,tushare,LOCAL_USER_PROVIDED,data/research_db/market_data/processed/trading_calendar.csv,6a8fa077e9b7167a9881e46b1f1f2d44aec53828132fc047aa82af373cb306a5,2026-06-01
CHINEXT,20240116,false,tushare,LOCAL_USER_PROVIDED,data/research_db/market_data/processed/trading_calendar.csv,6a8fa077e9b7167a9881e46b1f1f2d44aec53828132fc047aa82af373cb306a5,2026-06-01
CHINEXT,20240117,false,tushare,LOCAL_USER_PROVIDED,data/research_db/market_data/processed/trading_calendar.csv,6a8fa077e9b7167a9881e46b1f1f2d44aec53828132fc047aa82af373cb306a5,2026-06-01
CHINEXT,20240118,false,tushare,LOCAL_USER_PROVIDED,data/research_db/market_data/processed/trading_calendar.csv,6a8fa077e9b7167a9881e46b1f1f2d44aec53828132fc047aa82af373cb306a5,2026-06-01
CHINEXT,20240119,false,tushare,LOCAL_USER_PROVIDED,data/research_db/market_data/processed/trading_calendar.csv,6a8fa077e9b7167a9881e46b1f1f2d44aec53828132fc047aa82af373cb306a5,2026-06-01
CHINEXT,20240120,false,tushare,LOCAL_USER_PROVIDED,data/research_db/market_data/processed/trading_calendar.csv,6a8fa077e9b7167a9881e46b1f1f2d44aec53828132fc047aa82af373cb306a5,2026-06-01
CHINEXT,20240121,false,tushare,LOCAL_USER_PROVIDED,data/research_db/market_data/processed/trading_calendar.csv,6a8fa077e9b7167a9881e46b1f1f2d44aec53828132fc047aa82af373cb306a5,2026-06-01
CHINEXT,20240122,false,tushare,LOCAL_USER_PROVIDED,data/research_db/market_data/processed/trading_calendar.csv,6a8fa077e9b7167a9881e46b1f1f2d44aec53828132fc047aa82af373cb306a5,2026-06-01
CHINEXT,20240123,false,tushare,LOCAL_USER_PROVIDED,data/research_db/market_data/processed/trading_calendar.csv,6a8fa077e9b7167a9881e46b1f1f2d44aec53828132fc047aa82af373cb306a5,2026-06-01
CHINEXT,20240124,false,tushare,LOCAL_USER_PROVIDED,data/research_db/market_data/processed/trading_calendar.csv,6a8fa077e9b7167a9881e46b1f1f2d44aec53828132fc047aa82af373cb306a5,2026-06-01
CHINEXT,20240125,false,tushare,LOCAL_USER_PROVIDED,data/research_db/market_data/processed/trading_calendar.csv,6a8fa077e9b7167a9881e46b1f1f2d44aec53828132fc047aa82af373cb306a5,2026-06-01
CHINEXT,20240126,false,tushare,LOCAL_USER_PROVIDED,data/research_db/market_data/processed/trading_calendar.csv,6a8fa077e9b7167a9881e46b1f1f2d44aec53828132fc047aa82af373cb306a5,2026-06-01
CHINEXT,20240127,false,tushare,LOCAL_USER_PROVIDED,data/research_db/market_data/processed/trading_calendar.csv,6a8fa077e9b7167a9881e46b1f1f2d44aec53828132fc047aa82af373cb306a5,2026-06-01
CHINEXT,20240128,false,tushare,LOCAL_USER_PROVIDED,data/research_db/market_data/processed/trading_calendar.csv,6a8fa077e9b7167a9881e46b1f1f2d44aec53828132fc047aa82af373cb306a5,2026-06-01
CHINEXT,20240129,false,tushare,LOCAL_USER_PROVIDED,data/research_db/market_data/processed/trading_calendar.csv,6a8fa077e9b7167a9881e46b1f1f2d44aec53828132fc047aa82af373cb306a5,2026-06-01
CHINEXT,20240130,false,tushare,LOCAL_USER_PROVIDED,data/research_db/market_data/processed/trading_calendar.csv,6a8fa077e9b7167a9881e46b1f1f2d44aec53828132fc047aa82af373cb306a5,2026-06-01
CHINEXT,20240131,false,tushare,LOCAL_USER_PROVIDED,data/research_db/market_data/processed/trading_calendar.csv,6a8fa077e9b7167a9881e46b1f1f2d44aec53828132fc047aa82af373cb306a5,2026-06-01
CHINEXT,20240201,false,tushare,LOCAL_USER_PROVIDED,data/research_db/market_data/processed/trading_calendar.csv,6a8fa077e9b7167a9881e46b1f1f2d44aec53828132fc047aa82af373cb306a5,2026-06-01
CHINEXT,20240202,false,tushare,LOCAL_USER_PROVIDED,data/research_db/market_data/processed/trading_calendar.csv,6a8fa077e9b7167a9881e46b1f1f2d44aec53828132fc047aa82af373cb306a5,2026-06-01
CHINEXT,20240203,false,tushare,LOCAL_USER_PROVIDED,data/research_db/market_data/processed/trading_calendar.csv,6a8fa077e9b7167a9881e46b1f1f2d44aec53828132fc047aa82af373cb306a5,2026-06-01
CHINEXT,20240204,false,tushare,LOCAL_USER_PROVIDED,data/research_db/market_data/processed/trading_calendar.csv,6a8fa077e9b7167a9881e46b1f1f2d44aec53828132fc047aa82af373cb306a5,2026-06-01
CHINEXT,20240205,false,tushare,LOCAL_USER_PROVIDED,data/research_db/market_data/processed/trading_calendar.csv,6a8fa077e9b7167a9881e46b1f1f2d44aec53828132fc047aa82af373cb306a5,2026-06-01
CHINEXT,20240206,false,tushare,LOCAL_USER_PROVIDED,data/research_db/market_data/processed/trading_calendar.csv,6a8fa077e9b7167a9881e46b1f1f2d44aec53828132fc047aa82af373cb306a5,2026-06-01
CHINEXT,20240207,false,tushare,LOCAL_USER_PROVIDED,data/research_db/market_data/processed/trading_calendar.csv,6a8fa077e9b7167a9881e46b1f1f2d44aec53828132fc047aa82af373cb306a5,2026-06-01
CHINEXT,20240208,false,tushare,LOCAL_USER_PROVIDED,data/research_db/market_data/processed/trading_calendar.csv,6a8fa077e9b7167a9881e46b1f1f2d44aec53828132fc047aa82af373cb306a5,2026-06-01
CHINEXT,20240209,false,tushare,LOCAL_USER_PROVIDED,data/research_db/market_data/processed/trading_calendar.csv,6a8fa077e9b7167a9881e46b1f1f2d44aec53828132fc047aa82af373cb306a5,2026-06-01
CHINEXT,20240210,false,tushare,LOCAL_USER_PROVIDED,data/research_db/market_data/processed/trading_calendar.csv,6a8fa077e9b7167a9881e46b1f1f2d44aec53828132fc047aa82af373cb306a5,2026-06-01
CHINEXT,20240211,false,tushare,LOCAL_USER_PROVIDED,data/research_db/market_data/processed/trading_calendar.csv,6a8fa077e9b7167a9881e46b1f1f2d44aec53828132fc047aa82af373cb306a5,2026-06-01
CHINEXT,20240212,false,tushare,LOCAL_USER_PROVIDED,data/research_db/market_data/processed/trading_calendar.csv,6a8fa077e9b7167a9881e46b1f1f2d44aec53828132fc047aa82af373cb306a5,2026-06-01
CHINEXT,20240213,false,tushare,LOCAL_USER_PROVIDED,data/research_db/market_data/processed/trading_calendar.csv,6a8fa077e9b7167a9881e46b1f1f2d44aec53828132fc047aa82af373cb306a5,2026-06-01
CHINEXT,20240214,false,tushare,LOCAL_USER_PROVIDED,data/research_db/market_data/processed/trading_calendar.csv,6a8fa077e9b7167a9881e46b1f1f2d44aec53828132fc047aa82af373cb306a5,2026-06-01
CHINEXT,20240215,false,tushare,LOCAL_USER_PROVIDED,data/research_db/market_data/processed/trading_calendar.csv,6a8fa077e9b7167a9881e46b1f1f2d44aec53828132fc047aa82af373cb306a5,2026-06-01
CHINEXT,20240216,false,tushare,LOCAL_USER_PROVIDED,data/research_db/market_data/processed/trading_calendar.csv,6a8fa077e9b7167a9881e46b1f1f2d44aec53828132fc047aa82af373cb306a5,2026-06-01
CHINEXT,20240217,false,tushare,LOCAL_USER_PROVIDED,data/research_db/market_data/processed/trading_calendar.csv,6a8fa077e9b7167a9881e46b1f1f2d44aec53828132fc047aa82af373cb306a5,2026-06-01
CHINEXT,20240218,false,tushare,LOCAL_USER_PROVIDED,data/research_db/market_data/processed/trading_calendar.csv,6a8fa077e9b7167a9881e46b1f1f2d44aec53828132fc047aa82af373cb306a5,2026-06-01
CHINEXT,20240219,false,tushare,LOCAL_USER_PROVIDED,data/research_db/market_data/processed/trading_calendar.csv,6a8fa077e9b7167a9881e46b1f1f2d44aec53828132fc047aa82af373cb306a5,2026-06-01
CHINEXT,20240220,false,tushare,LOCAL_USER_PROVIDED,data/research_db/market_data/processed/trading_calendar.csv,6a8fa077e9b7167a9881e46b1f1f2d44aec53828132fc047aa82af373cb306a5,2026-06-01
CHINEXT,20240221,false,tushare,LOCAL_USER_PROVIDED,data/research_db/market_data/processed/trading_calendar.csv,6a8fa077e9b7167a9881e46b1f1f2d44aec53828132fc047aa82af373cb306a5,2026-06-01
CHINEXT,20240222,false,tushare,LOCAL_USER_PROVIDED,data/research_db/market_data/processed/trading_calendar.csv,6a8fa077e9b7167a9881e46b1f1f2d44aec53828132fc047aa82af373cb306a5,2026-06-01
CHINEXT,20240223,false,tushare,LOCAL_USER_PROVIDED,data/research_db/market_data/processed/trading_calendar.csv,6a8fa077e9b7167a9881e46b1f1f2d44aec53828132fc047aa82af373cb306a5,2026-06-01
CHINEXT,20240224,false,tushare,LOCAL_USER_PROVIDED,data/research_db/market_data/processed/trading_calendar.csv,6a8fa077e9b7167a9881e46b1f1f2d44aec53828132fc047aa82af373cb306a5,2026-06-01
CHINEXT,20240225,false,tushare,LOCAL_USER_PROVIDED,data/research_db/market_data/processed/trading_calendar.csv,6a8fa077e9b7167a9881e46b1f1f2d44aec53828132fc047aa82af373cb306a5,2026-06-01
CHINEXT,20240226,false,tushare,LOCAL_USER_PROVIDED,data/research_db/market_data/processed/trading_calendar.csv,6a8fa077e9b7167a9881e46b1f1f2d44aec53828132fc047aa82af373cb306a5,2026-06-01
CHINEXT,20240227,false,tushare,LOCAL_USER_PROVIDED,data/research_db/market_data/processed/trading_calendar.csv,6a8fa077e9b7167a9881e46b1f1f2d44aec53828132fc047aa82af373cb306a5,2026-06-01
CHINEXT,20240228,false,tushare,LOCAL_USER_PROVIDED,data/research_db/market_data/processed/trading_calendar.csv,6a8fa077e9b7167a9881e46b1f1f2d44aec53828132fc047aa82af373cb306a5,2026-06-01
CHINEXT,20240229,false,tushare,LOCAL_USER_PROVIDED,data/research_db/market_data/processed/trading_calendar.csv,6a8fa077e9b7167a9881e46b1f1f2d44aec53828132fc047aa82af373cb306a5,2026-06-01
CHINEXT,20240301,false,tushare,LOCAL_USER_PROVIDED,data/research_db/market_data/processed/trading_calendar.csv,6a8fa077e9b7167a9881e46b1f1f2d44aec53828132fc047aa82af373cb306a5,2026-06-01
CHINEXT,20240302,false,tushare,LOCAL_USER_PROVIDED,data/research_db/market_data/processed/trading_calendar.csv,6a8fa077e9b7167a9881e46b1f1f2d44aec53828132fc047aa82af373cb306a5,2026-06-01
CHINEXT,20240303,false,tushare,LOCAL_USER_PROVIDED,data/research_db/market_data/processed/trading_calendar.csv,6a8fa077e9b7167a9881e46b1f1f2d44aec53828132fc047aa82af373cb306a5,2026-06-01
CHINEXT,20240304,false,tushare,LOCAL_USER_PROVIDED,data/research_db/market_data/processed/trading_calendar.csv,6a8fa077e9b7167a9881e46b1f1f2d44aec53828132fc047aa82af373cb306a5,2026-06-01
CHINEXT,20240305,false,tushare,LOCAL_USER_PROVIDED,data/research_db/market_data/processed/trading_calendar.csv,6a8fa077e9b7167a9881e46b1f1f2d44aec53828132fc047aa82af373cb306a5,2026-06-01
CHINEXT,20240306,false,tushare,LOCAL_USER_PROVIDED,data/research_db/market_data/processed/trading_calendar.csv,6a8fa077e9b7167a9881e46b1f1f2d44aec53828132fc047aa82af373cb306a5,2026-06-01
CHINEXT,20240307,false,tushare,LOCAL_USER_PROVIDED,data/research_db/market_data/processed/trading_calendar.csv,6a8fa077e9b7167a9881e46b1f1f2d44aec53828132fc047aa82af373cb306a5,2026-06-01
CHINEXT,20240308,false,tushare,LOCAL_USER_PROVIDED,data/research_db/market_data/processed/trading_calendar.csv,6a8fa077e9b7167a9881e46b1f1f2d44aec53828132fc047aa82af373cb306a5,2026-06-01
CHINEXT,20240309,false,tushare,LOCAL_USER_PROVIDED,data/research_db/market_data/processed/trading_calendar.csv,6a8fa077e9b7167a9881e46b1f1f2d44aec53828132fc047aa82af373cb306a5,2026-06-01
CHINEXT,20240310,false,tushare,LOCAL_USER_PROVIDED,data/research_db/market_data/processed/trading_calendar.csv,6a8fa077e9b7167a9881e46b1f1f2d44aec53828132fc047aa82af373cb306a5,2026-06-01
CHINEXT,20240311,false,tushare,LOCAL_USER_PROVIDED,data/research_db/market_data/processed/trading_calendar.csv,6a8fa077e9b7167a9881e46b1f1f2d44aec53828132fc047aa82af373cb306a5,2026-06-01
CHINEXT,20240312,false,tushare,LOCAL_USER_PROVIDED,data/research_db/market_data/processed/trading_calendar.csv,6a8fa077e9b7167a9881e46b1f1f2d44aec53828132fc047aa82af373cb306a5,2026-06-01
CHINEXT,20240313,false,tushare,LOCAL_USER_PROVIDED,data/research_db/market_data/processed/trading_calendar.csv,6a8fa077e9b7167a9881e46b1f1f2d44aec53828132fc047aa82af373cb306a5,2026-06-01
CHINEXT,20240314,false,tushare,LOCAL_USER_PROVIDED,data/research_db/market_data/processed/trading_calendar.csv,6a8fa077e9b7167a9881e46b1f1f2d44aec53828132fc047aa82af373cb306a5,2026-06-01
CHINEXT,20240315,false,tushare,LOCAL_USER_PROVIDED,data/research_db/market_data/processed/trading_calendar.csv,6a8fa077e9b7167a9881e46b1f1f2d44aec53828132fc047aa82af373cb306a5,2026-06-01
CHINEXT,20240316,false,tushare,LOCAL_USER_PROVIDED,data/research_db/market_data/processed/trading_calendar.csv,6a8fa077e9b7167a9881e46b1f1f2d44aec53828132fc047aa82af373cb306a5,2026-06-01
CHINEXT,20240317,false,tushare,LOCAL_USER_PROVIDED,data/research_db/market_data/processed/trading_calendar.csv,6a8fa077e9b7167a9881e46b1f1f2d44aec53828132fc047aa82af373cb306a5,2026-06-01
CHINEXT,20240318,false,tushare,LOCAL_USER_PROVIDED,data/research_db/market_data/processed/trading_calendar.csv,6a8fa077e9b7167a9881e46b1f1f2d44aec53828132fc047aa82af373cb306a5,2026-06-01
CHINEXT,20240319,false,tushare,LOCAL_USER_PROVIDED,data/research_db/market_data/processed/trading_calendar.csv,6a8fa077e9b7167a9881e46b1f1f2d44aec53828132fc047aa82af373cb306a5,2026-06-01
CHINEXT,20240320,false,tushare,LOCAL_USER_PROVIDED,data/research_db/market_data/processed/trading_calendar.csv,6a8fa077e9b7167a9881e46b1f1f2d44aec53828132fc047aa82af373cb306a5,2026-06-01
CHINEXT,20240321,false,tushare,LOCAL_USER_PROVIDED,data/research_db/market_data/processed/trading_calendar.csv,6a8fa077e9b7167a9881e46b1f1f2d44aec53828132fc047aa82af373cb306a5,2026-06-01
CHINEXT,20240322,false,tushare,LOCAL_USER_PROVIDED,data/research_db/market_data/processed/trading_calendar.csv,6a8fa077e9b7167a9881e46b1f1f2d44aec53828132fc047aa82af373cb306a5,2026-06-01
CHINEXT,20240323,false,tushare,LOCAL_USER_PROVIDED,data/research_db/market_data/processed/trading_calendar.csv,6a8fa077e9b7167a9881e46b1f1f2d44aec53828132fc047aa82af373cb306a5,2026-06-01
CHINEXT,20240324,false,tushare,LOCAL_USER_PROVIDED,data/research_db/market_data/processed/trading_calendar.csv,6a8fa077e9b7167a9881e46b1f1f2d44aec53828132fc047aa82af373cb306a5,2026-06-01
CHINEXT,20240325,false,tushare,LOCAL_USER_PROVIDED,data/research_db/market_data/processed/trading_calendar.csv,6a8fa077e9b7167a9881e46b1f1f2d44aec53828132fc047aa82af373cb306a5,2026-06-01
CHINEXT,20240326,false,tushare,LOCAL_USER_PROVIDED,data/research_db/market_data/processed/trading_calendar.csv,6a8fa077e9b7167a9881e46b1f1f2d44aec53828132fc047aa82af373cb306a5,2026-06-01
CHINEXT,20240327,false,tushare,LOCAL_USER_PROVIDED,data/research_db/market_data/processed/trading_calendar.csv,6a8fa077e9b7167a9881e46b1f1f2d44aec53828132fc047aa82af373cb306a5,2026-06-01
CHINEXT,20240328,false,tushare,LOCAL_USER_PROVIDED,data/research_db/market_data/processed/trading_calendar.csv,6a8fa077e9b7167a9881e46b1f1f2d44aec53828132fc047aa82af373cb306a5,2026-06-01
CHINEXT,20240329,false,tushare,LOCAL_USER_PROVIDED,data/research_db/market_data/processed/trading_calendar.csv,6a8fa077e9b7167a9881e46b1f1f2d44aec53828132fc047aa82af373cb306a5,2026-06-01
CHINEXT,20240330,false,tushare,LOCAL_USER_PROVIDED,data/research_db/market_data/processed/trading_calendar.csv,6a8fa077e9b7167a9881e46b1f1f2d44aec53828132fc047aa82af373cb306a5,2026-06-01
CHINEXT,20240331,false,tushare,LOCAL_USER_PROVIDED,data/research_db/market_data/processed/trading_calendar.csv,6a8fa077e9b7167a9881e46b1f1f2d44aec53828132fc047aa82af373cb306a5,2026-06-01
CHINEXT,20240401,false,tushare,LOCAL_USER_PROVIDED,data/research_db/market_data/processed/trading_calendar.csv,6a8fa077e9b7167a9881e46b1f1f2d44aec53828132fc047aa82af373cb306a5,2026-06-01
CHINEXT,20240402,false,tushare,LOCAL_USER_PROVIDED,data/research_db/market_data/processed/trading_calendar.csv,6a8fa077e9b7167a9881e46b1f1f2d44aec53828132fc047aa82af373cb306a5,2026-06-01
CHINEXT,20240403,false,tushare,LOCAL_USER_PROVIDED,data/research_db/market_data/processed/trading_calendar.csv,6a8fa077e9b7167a9881e46b1f1f2d44aec53828132fc047aa82af373cb306a5,2026-06-01
CHINEXT,20240404,false,tushare,LOCAL_USER_PROVIDED,data/research_db/market_data/processed/trading_calendar.csv,6a8fa077e9b7167a9881e46b1f1f2d44aec53828132fc047aa82af373cb306a5,2026-06-01
CHINEXT,20240405,false,tushare,LOCAL_USER_PROVIDED,data/research_db/market_data/processed/trading_calendar.csv,6a8fa077e9b7167a9881e46b1f1f2d44aec53828132fc047aa82af373cb306a5,2026-06-01
CHINEXT,20240406,false,tushare,LOCAL_USER_PROVIDED,data/research_db/market_data/processed/trading_calendar.csv,6a8fa077e9b7167a9881e46b1f1f2d44aec53828132fc047aa82af373cb306a5,2026-06-01
CHINEXT,20240407,false,tushare,LOCAL_USER_PROVIDED,data/research_db/market_data/processed/trading_calendar.csv,6a8fa077e9b7167a9881e46b1f1f2d44aec53828132fc047aa82af373cb306a5,2026-06-01
CHINEXT,20240408,false,tushare,LOCAL_USER_PROVIDED,data/research_db/market_data/processed/trading_calendar.csv,6a8fa077e9b7167a9881e46b1f1f2d44aec53828132fc047aa82af373cb306a5,2026-06-01
CHINEXT,20240409,false,tushare,LOCAL_USER_PROVIDED,data/research_db/market_data/processed/trading_calendar.csv,6a8fa077e9b7167a9881e46b1f1f2d44aec53828132fc047aa82af373cb306a5,2026-06-01
CHINEXT,20240410,false,tushare,LOCAL_USER_PROVIDED,data/research_db/market_data/processed/trading_calendar.csv,6a8fa077e9b7167a9881e46b1f1f2d44aec53828132fc047aa82af373cb306a5,2026-06-01
CHINEXT,20240411,false,tushare,LOCAL_USER_PROVIDED,data/research_db/market_data/processed/trading_calendar.csv,6a8fa077e9b7167a9881e46b1f1f2d44aec53828132fc047aa82af373cb306a5,2026-06-01
CHINEXT,20240412,false,tushare,LOCAL_USER_PROVIDED,data/research_db/market_data/processed/trading_calendar.csv,6a8fa077e9b7167a9881e46b1f1f2d44aec53828132fc047aa82af373cb306a5,2026-06-01
CHINEXT,20240413,false,tushare,LOCAL_USER_PROVIDED,data/research_db/market_data/processed/trading_calendar.csv,6a8fa077e9b7167a9881e46b1f1f2d44aec53828132fc047aa82af373cb306a5,2026-06-01
CHINEXT,20240414,false,tushare,LOCAL_USER_PROVIDED,data/research_db/market_data/processed/trading_calendar.csv,6a8fa077e9b7167a9881e46b1f1f2d44aec53828132fc047aa82af373cb306a5,2026-06-01
CHINEXT,20240415,false,tushare,LOCAL_USER_PROVIDED,data/research_db/market_data/processed/trading_calendar.csv,6a8fa077e9b7167a9881e46b1f1f2d44aec53828132fc047aa82af373cb306a5,2026-06-01
CHINEXT,20240416,false,tushare,LOCAL_USER_PROVIDED,data/research_db/market_data/processed/trading_calendar.csv,6a8fa077e9b7167a9881e46b1f1f2d44aec53828132fc047aa82af373cb306a5,2026-06-01
CHINEXT,20240417,false,tushare,LOCAL_USER_PROVIDED,data/research_db/market_data/processed/trading_calendar.csv,6a8fa077e9b7167a9881e46b1f1f2d44aec53828132fc047aa82af373cb306a5,2026-06-01
CHINEXT,20240418,false,tushare,LOCAL_USER_PROVIDED,data/research_db/market_data/processed/trading_calendar.csv,6a8fa077e9b7167a9881e46b1f1f2d44aec53828132fc047aa82af373cb306a5,2026-06-01
CHINEXT,20240419,false,tushare,LOCAL_USER_PROVIDED,data/research_db/market_data/processed/trading_calendar.csv,6a8fa077e9b7167a9881e46b1f1f2d44aec53828132fc047aa82af373cb306a5,2026-06-01
CHINEXT,20240420,false,tushare,LOCAL_USER_PROVIDED,data/research_db/market_data/processed/trading_calendar.csv,6a8fa077e9b7167a9881e46b1f1f2d44aec53828132fc047aa82af373cb306a5,2026-06-01
CHINEXT,20240421,false,tushare,LOCAL_USER_PROVIDED,data/research_db/market_data/processed/trading_calendar.csv,6a8fa077e9b7167a9881e46b1f1f2d44aec53828132fc047aa82af373cb306a5,2026-06-01
CHINEXT,20240422,false,tushare,LOCAL_USER_PROVIDED,data/research_db/market_data/processed/trading_calendar.csv,6a8fa077e9b7167a9881e46b1f1f2d44aec53828132fc047aa82af373cb306a5,2026-06-01
CHINEXT,20240423,false,tushare,LOCAL_USER_PROVIDED,data/research_db/market_data/processed/trading_calendar.csv,6a8fa077e9b7167a9881e46b1f1f2d44aec53828132fc047aa82af373cb306a5,2026-06-01
CHINEXT,20240424,false,tushare,LOCAL_USER_PROVIDED,data/research_db/market_data/processed/trading_calendar.csv,6a8fa077e9b7167a9881e46b1f1f2d44aec53828132fc047aa82af373cb306a5,2026-06-01
CHINEXT,20240425,false,tushare,LOCAL_USER_PROVIDED,data/research_db/market_data/processed/trading_calendar.csv,6a8fa077e9b7167a9881e46b1f1f2d44aec53828132fc047aa82af373cb306a5,2026-06-01
CHINEXT,20240426,false,tushare,LOCAL_USER_PROVIDED,data/research_db/market_data/processed/trading_calendar.csv,6a8fa077e9b7167a9881e46b1f1f2d44aec53828132fc047aa82af373cb306a5,2026-06-01
CHINEXT,20240427,false,tushare,LOCAL_USER_PROVIDED,data/research_db/market_data/processed/trading_calendar.csv,6a8fa077e9b7167a9881e46b1f1f2d44aec53828132fc047aa82af373cb306a5,2026-06-01
CHINEXT,20240428,false,tushare,LOCAL_USER_PROVIDED,data/research_db/market_data/processed/trading_calendar.csv,6a8fa077e9b7167a9881e46b1f1f2d44aec53828132fc047aa82af373cb306a5,2026-06-01
CHINEXT,20240429,false,tushare,LOCAL_USER_PROVIDED,data/research_db/market_data/processed/trading_calendar.csv,6a8fa077e9b7167a9881e46b1f1f2d44aec53828132fc047aa82af373cb306a5,2026-06-01
CHINEXT,20240430,false,tushare,LOCAL_USER_PROVIDED,data/research_db/market_data/processed/trading_calendar.csv,6a8fa077e9b7167a9881e46b1f1f2d44aec53828132fc047aa82af373cb306a5,2026-06-01
CHINEXT,20240501,false,tushare,LOCAL_USER_PROVIDED,data/research_db/market_data/processed/trading_calendar.csv,6a8fa077e9b7167a9881e46b1f1f2d44aec53828132fc047aa82af373cb306a5,2026-06-01
CHINEXT,20240502,false,tushare,LOCAL_USER_PROVIDED,data/research_db/market_data/processed/trading_calendar.csv,6a8fa077e9b7167a9881e46b1f1f2d44aec53828132fc047aa82af373cb306a5,2026-06-01
CHINEXT,20240503,false,tushare,LOCAL_USER_PROVIDED,data/research_db/market_data/processed/trading_calendar.csv,6a8fa077e9b7167a9881e46b1f1f2d44aec53828132fc047aa82af373cb306a5,2026-06-01
CHINEXT,20240504,false,tushare,LOCAL_USER_PROVIDED,data/research_db/market_data/processed/trading_calendar.csv,6a8fa077e9b7167a9881e46b1f1f2d44aec53828132fc047aa82af373cb306a5,2026-06-01
CHINEXT,20240505,false,tushare,LOCAL_USER_PROVIDED,data/research_db/market_data/processed/trading_calendar.csv,6a8fa077e9b7167a9881e46b1f1f2d44aec53828132fc047aa82af373cb306a5,2026-06-01
CHINEXT,20240506,false,tushare,LOCAL_USER_PROVIDED,data/research_db/market_data/processed/trading_calendar.csv,6a8fa077e9b7167a9881e46b1f1f2d44aec53828132fc047aa82af373cb306a5,2026-06-01
CHINEXT,20240507,false,tushare,LOCAL_USER_PROVIDED,data/research_db/market_data/processed/trading_calendar.csv,6a8fa077e9b7167a9881e46b1f1f2d44aec53828132fc047aa82af373cb306a5,2026-06-01
CHINEXT,20240508,false,tushare,LOCAL_USER_PROVIDED,data/research_db/market_data/processed/trading_calendar.csv,6a8fa077e9b7167a9881e46b1f1f2d44aec53828132fc047aa82af373cb306a5,2026-06-01
CHINEXT,20240509,false,tushare,LOCAL_USER_PROVIDED,data/research_db/market_data/processed/trading_calendar.csv,6a8fa077e9b7167a9881e46b1f1f2d44aec53828132fc047aa82af373cb306a5,2026-06-01
CHINEXT,20240510,false,tushare,LOCAL_USER_PROVIDED,data/research_db/market_data/processed/trading_calendar.csv,6a8fa077e9b7167a9881e46b1f1f2d44aec53828132fc047aa82af373cb306a5,2026-06-01
CHINEXT,20240511,false,tushare,LOCAL_USER_PROVIDED,data/research_db/market_data/processed/trading_calendar.csv,6a8fa077e9b7167a9881e46b1f1f2d44aec53828132fc047aa82af373cb306a5,2026-06-01
CHINEXT,20240512,false,tushare,LOCAL_USER_PROVIDED,data/research_db/market_data/processed/trading_calendar.csv,6a8fa077e9b7167a9881e46b1f1f2d44aec53828132fc047aa82af373cb306a5,2026-06-01
CHINEXT,20240513,false,tushare,LOCAL_USER_PROVIDED,data/research_db/market_data/processed/trading_calendar.csv,6a8fa077e9b7167a9881e46b1f1f2d44aec53828132fc047aa82af373cb306a5,2026-06-01
CHINEXT,20240514,false,tushare,LOCAL_USER_PROVIDED,data/research_db/market_data/processed/trading_calendar.csv,6a8fa077e9b7167a9881e46b1f1f2d44aec53828132fc047aa82af373cb306a5,2026-06-01
CHINEXT,20240515,false,tushare,LOCAL_USER_PROVIDED,data/research_db/market_data/processed/trading_calendar.csv,6a8fa077e9b7167a9881e46b1f1f2d44aec53828132fc047aa82af373cb306a5,2026-06-01
CHINEXT,20240516,false,tushare,LOCAL_USER_PROVIDED,data/research_db/market_data/processed/trading_calendar.csv,6a8fa077e9b7167a9881e46b1f1f2d44aec53828132fc047aa82af373cb306a5,2026-06-01
CHINEXT,20240517,false,tushare,LOCAL_USER_PROVIDED,data/research_db/market_data/processed/trading_calendar.csv,6a8fa077e9b7167a9881e46b1f1f2d44aec53828132fc047aa82af373cb306a5,2026-06-01
CHINEXT,20240518,false,tushare,LOCAL_USER_PROVIDED,data/research_db/market_data/processed/trading_calendar.csv,6a8fa077e9b7167a9881e46b1f1f2d44aec53828132fc047aa82af373cb306a5,2026-06-01
CHINEXT,20240519,false,tushare,LOCAL_USER_PROVIDED,data/research_db/market_data/processed/trading_calendar.csv,6a8fa077e9b7167a9881e46b1f1f2d44aec53828132fc047aa82af373cb306a5,2026-06-01
CHINEXT,20240520,false,tushare,LOCAL_USER_PROVIDED,data/research_db/market_data/processed/trading_calendar.csv,6a8fa077e9b7167a9881e46b1f1f2d44aec53828132fc047aa82af373cb306a5,2026-06-01
CHINEXT,20240521,false,tushare,LOCAL_USER_PROVIDED,data/research_db/market_data/processed/trading_calendar.csv,6a8fa077e9b7167a9881e46b1f1f2d44aec53828132fc047aa82af373cb306a5,2026-06-01
CHINEXT,20240522,false,tushare,LOCAL_USER_PROVIDED,data/research_db/market_data/processed/trading_calendar.csv,6a8fa077e9b7167a9881e46b1f1f2d44aec53828132fc047aa82af373cb306a5,2026-06-01
CHINEXT,20240523,false,tushare,LOCAL_USER_PROVIDED,data/research_db/market_data/processed/trading_calendar.csv,6a8fa077e9b7167a9881e46b1f1f2d44aec53828132fc047aa82af373cb306a5,2026-06-01
CHINEXT,20240524,false,tushare,LOCAL_USER_PROVIDED,data/research_db/market_data/processed/trading_calendar.csv,6a8fa077e9b7167a9881e46b1f1f2d44aec53828132fc047aa82af373cb306a5,2026-06-01
CHINEXT,20240525,false,tushare,LOCAL_USER_PROVIDED,data/research_db/market_data/processed/trading_calendar.csv,6a8fa077e9b7167a9881e46b1f1f2d44aec53828132fc047aa82af373cb306a5,2026-06-01
CHINEXT,20240526,false,tushare,LOCAL_USER_PROVIDED,data/research_db/market_data/processed/trading_calendar.csv,6a8fa077e9b7167a9881e46b1f1f2d44aec53828132fc047aa82af373cb306a5,2026-06-01
CHINEXT,20240527,false,tushare,LOCAL_USER_PROVIDED,data/research_db/market_data/processed/trading_calendar.csv,6a8fa077e9b7167a9881e46b1f1f2d44aec53828132fc047aa82af373cb306a5,2026-06-01
CHINEXT,20240528,false,tushare,LOCAL_USER_PROVIDED,data/research_db/market_data/processed/trading_calendar.csv,6a8fa077e9b7167a9881e46b1f1f2d44aec53828132fc047aa82af373cb306a5,2026-06-01
CHINEXT,20240529,false,tushare,LOCAL_USER_PROVIDED,data/research_db/market_data/processed/trading_calendar.csv,6a8fa077e9b7167a9881e46b1f1f2d44aec53828132fc047aa82af373cb306a5,2026-06-01
CHINEXT,20240530,false,tushare,LOCAL_USER_PROVIDED,data/research_db/market_data/processed/trading_calendar.csv,6a8fa077e9b7167a9881e46b1f1f2d44aec53828132fc047aa82af373cb306a5,2026-06-01
CHINEXT,20240531,false,tushare,LOCAL_USER_PROVIDED,data/research_db/market_data/processed/trading_calendar.csv,6a8fa077e9b7167a9881e46b1f1f2d44aec53828132fc047aa82af373cb306a5,2026-06-01
CHINEXT,20240601,false,tushare,LOCAL_USER_PROVIDED,data/research_db/market_data/processed/trading_calendar.csv,6a8fa077e9b7167a9881e46b1f1f2d44aec53828132fc047aa82af373cb306a5,2026-06-01
CHINEXT,20240602,false,tushare,LOCAL_USER_PROVIDED,data/research_db/market_data/processed/trading_calendar.csv,6a8fa077e9b7167a9881e46b1f1f2d44aec53828132fc047aa82af373cb306a5,2026-06-01
CHINEXT,20240603,false,tushare,LOCAL_USER_PROVIDED,data/research_db/market_data/processed/trading_calendar.csv,6a8fa077e9b7167a9881e46b1f1f2d44aec53828132fc047aa82af373cb306a5,2026-06-01
CHINEXT,20240604,false,tushare,LOCAL_USER_PROVIDED,data/research_db/market_data/processed/trading_calendar.csv,6a8fa077e9b7167a9881e46b1f1f2d44aec53828132fc047aa82af373cb306a5,2026-06-01
CHINEXT,20240605,false,tushare,LOCAL_USER_PROVIDED,data/research_db/market_data/processed/trading_calendar.csv,6a8fa077e9b7167a9881e46b1f1f2d44aec53828132fc047aa82af373cb306a5,2026-06-01
CHINEXT,20240606,false,tushare,LOCAL_USER_PROVIDED,data/research_db/market_data/processed/trading_calendar.csv,6a8fa077e9b7167a9881e46b1f1f2d44aec53828132fc047aa82af373cb306a5,2026-06-01
CHINEXT,20240607,false,tushare,LOCAL_USER_PROVIDED,data/research_db/market_data/processed/trading_calendar.csv,6a8fa077e9b7167a9881e46b1f1f2d44aec53828132fc047aa82af373cb306a5,2026-06-01
CHINEXT,20240608,false,tushare,LOCAL_USER_PROVIDED,data/research_db/market_data/processed/trading_calendar.csv,6a8fa077e9b7167a9881e46b1f1f2d44aec53828132fc047aa82af373cb306a5,2026-06-01
CHINEXT,20240609,false,tushare,LOCAL_USER_PROVIDED,data/research_db/market_data/processed/trading_calendar.csv,6a8fa077e9b7167a9881e46b1f1f2d44aec53828132fc047aa82af373cb306a5,2026-06-01
CHINEXT,20240610,false,tushare,LOCAL_USER_PROVIDED,data/research_db/market_data/processed/trading_calendar.csv,6a8fa077e9b7167a9881e46b1f1f2d44aec53828132fc047aa82af373cb306a5,2026-06-01
CHINEXT,20240611,false,tushare,LOCAL_USER_PROVIDED,data/research_db/market_data/processed/trading_calendar.csv,6a8fa077e9b7167a9881e46b1f1f2d44aec53828132fc047aa82af373cb306a5,2026-06-01
CHINEXT,20240612,false,tushare,LOCAL_USER_PROVIDED,data/research_db/market_data/processed/trading_calendar.csv,6a8fa077e9b7167a9881e46b1f1f2d44aec53828132fc047aa82af373cb306a5,2026-06-01
CHINEXT,20240613,false,tushare,LOCAL_USER_PROVIDED,data/research_db/market_data/processed/trading_calendar.csv,6a8fa077e9b7167a9881e46b1f1f2d44aec53828132fc047aa82af373cb306a5,2026-06-01
CHINEXT,20240614,false,tushare,LOCAL_USER_PROVIDED,data/research_db/market_data/processed/trading_calendar.csv,6a8fa077e9b7167a9881e46b1f1f2d44aec53828132fc047aa82af373cb306a5,2026-06-01
CHINEXT,20240615,false,tushare,LOCAL_USER_PROVIDED,data/research_db/market_data/processed/trading_calendar.csv,6a8fa077e9b7167a9881e46b1f1f2d44aec53828132fc047aa82af373cb306a5,2026-06-01
CHINEXT,20240616,false,tushare,LOCAL_USER_PROVIDED,data/research_db/market_data/processed/trading_calendar.csv,6a8fa077e9b7167a9881e46b1f1f2d44aec53828132fc047aa82af373cb306a5,2026-06-01
CHINEXT,20240617,false,tushare,LOCAL_USER_PROVIDED,data/research_db/market_data/processed/trading_calendar.csv,6a8fa077e9b7167a9881e46b1f1f2d44aec53828132fc047aa82af373cb306a5,2026-06-01
CHINEXT,20240618,false,tushare,LOCAL_USER_PROVIDED,data/research_db/market_data/processed/trading_calendar.csv,6a8fa077e9b7167a9881e46b1f1f2d44aec53828132fc047aa82af373cb306a5,2026-06-01
CHINEXT,20240619,false,tushare,LOCAL_USER_PROVIDED,data/research_db/market_data/processed/trading_calendar.csv,6a8fa077e9b7167a9881e46b1f1f2d44aec53828132fc047aa82af373cb306a5,2026-06-01
CHINEXT,20240620,false,tushare,LOCAL_USER_PROVIDED,data/research_db/market_data/processed/trading_calendar.csv,6a8fa077e9b7167a9881e46b1f1f2d44aec53828132fc047aa82af373cb306a5,2026-06-01
CHINEXT,20240621,false,tushare,LOCAL_USER_PROVIDED,data/research_db/market_data/processed/trading_calendar.csv,6a8fa077e9b7167a9881e46b1f1f2d44aec53828132fc047aa82af373cb306a5,2026-06-01
CHINEXT,20240622,false,tushare,LOCAL_USER_PROVIDED,data/research_db/market_data/processed/trading_calendar.csv,6a8fa077e9b7167a9881e46b1f1f2d44aec53828132fc047aa82af373cb306a5,2026-06-01
CHINEXT,20240623,false,tushare,LOCAL_USER_PROVIDED,data/research_db/market_data/processed/trading_calendar.csv,6a8fa077e9b7167a9881e46b1f1f2d44aec53828132fc047aa82af373cb306a5,2026-06-01
CHINEXT,20240624,false,tushare,LOCAL_USER_PROVIDED,data/research_db/market_data/processed/trading_calendar.csv,6a8fa077e9b7167a9881e46b1f1f2d44aec53828132fc047aa82af373cb306a5,2026-06-01
CHINEXT,20240625,false,tushare,LOCAL_USER_PROVIDED,data/research_db/market_data/processed/trading_calendar.csv,6a8fa077e9b7167a9881e46b1f1f2d44aec53828132fc047aa82af373cb306a5,2026-06-01
CHINEXT,20240626,false,tushare,LOCAL_USER_PROVIDED,data/research_db/market_data/processed/trading_calendar.csv,6a8fa077e9b7167a9881e46b1f1f2d44aec53828132fc047aa82af373cb306a5,2026-06-01
CHINEXT,20240627,false,tushare,LOCAL_USER_PROVIDED,data/research_db/market_data/processed/trading_calendar.csv,6a8fa077e9b7167a9881e46b1f1f2d44aec53828132fc047aa82af373cb306a5,2026-06-01
CHINEXT,20240628,false,tushare,LOCAL_USER_PROVIDED,data/research_db/market_data/processed/trading_calendar.csv,6a8fa077e9b7167a9881e46b1f1f2d44aec53828132fc047aa82af373cb306a5,2026-06-01
SSE,20240102,false,tushare,LOCAL_USER_PROVIDED,data/research_db/market_data/processed/trading_calendar.csv,6a8fa077e9b7167a9881e46b1f1f2d44aec53828132fc047aa82af373cb306a5,2026-06-01
SSE,20240103,false,tushare,LOCAL_USER_PROVIDED,data/research_db/market_data/processed/trading_calendar.csv,6a8fa077e9b7167a9881e46b1f1f2d44aec53828132fc047aa82af373cb306a5,2026-06-01
SSE,20240104,false,tushare,LOCAL_USER_PROVIDED,data/research_db/market_data/processed/trading_calendar.csv,6a8fa077e9b7167a9881e46b1f1f2d44aec53828132fc047aa82af373cb306a5,2026-06-01
SSE,20240105,false,tushare,LOCAL_USER_PROVIDED,data/research_db/market_data/processed/trading_calendar.csv,6a8fa077e9b7167a9881e46b1f1f2d44aec53828132fc047aa82af373cb306a5,2026-06-01
SSE,20240106,false,tushare,LOCAL_USER_PROVIDED,data/research_db/market_data/processed/trading_calendar.csv,6a8fa077e9b7167a9881e46b1f1f2d44aec53828132fc047aa82af373cb306a5,2026-06-01
SSE,20240107,false,tushare,LOCAL_USER_PROVIDED,data/research_db/market_data/processed/trading_calendar.csv,6a8fa077e9b7167a9881e46b1f1f2d44aec53828132fc047aa82af373cb306a5,2026-06-01
SSE,20240108,false,tushare,LOCAL_USER_PROVIDED,data/research_db/market_data/processed/trading_calendar.csv,6a8fa077e9b7167a9881e46b1f1f2d44aec53828132fc047aa82af373cb306a5,2026-06-01
SSE,20240109,false,tushare,LOCAL_USER_PROVIDED,data/research_db/market_data/processed/trading_calendar.csv,6a8fa077e9b7167a9881e46b1f1f2d44aec53828132fc047aa82af373cb306a5,2026-06-01
SSE,20240110,false,tushare,LOCAL_USER_PROVIDED,data/research_db/market_data/processed/trading_calendar.csv,6a8fa077e9b7167a9881e46b1f1f2d44aec53828132fc047aa82af373cb306a5,2026-06-01
SSE,20240111,false,tushare,LOCAL_USER_PROVIDED,data/research_db/market_data/processed/trading_calendar.csv,6a8fa077e9b7167a9881e46b1f1f2d44aec53828132fc047aa82af373cb306a5,2026-06-01
SSE,20240112,false,tushare,LOCAL_USER_PROVIDED,data/research_db/market_data/processed/trading_calendar.csv,6a8fa077e9b7167a9881e46b1f1f2d44aec53828132fc047aa82af373cb306a5,2026-06-01
SSE,20240113,false,tushare,LOCAL_USER_PROVIDED,data/research_db/market_data/processed/trading_calendar.csv,6a8fa077e9b7167a9881e46b1f1f2d44aec53828132fc047aa82af373cb306a5,2026-06-01
SSE,20240114,false,tushare,LOCAL_USER_PROVIDED,data/research_db/market_data/processed/trading_calendar.csv,6a8fa077e9b7167a9881e46b1f1f2d44aec53828132fc047aa82af373cb306a5,2026-06-01
SSE,20240115,false,tushare,LOCAL_USER_PROVIDED,data/research_db/market_data/processed/trading_calendar.csv,6a8fa077e9b7167a9881e46b1f1f2d44aec53828132fc047aa82af373cb306a5,2026-06-01
SSE,20240116,false,tushare,LOCAL_USER_PROVIDED,data/research_db/market_data/processed/trading_calendar.csv,6a8fa077e9b7167a9881e46b1f1f2d44aec53828132fc047aa82af373cb306a5,2026-06-01
SSE,20240117,false,tushare,LOCAL_USER_PROVIDED,data/research_db/market_data/processed/trading_calendar.csv,6a8fa077e9b7167a9881e46b1f1f2d44aec53828132fc047aa82af373cb306a5,2026-06-01
SSE,20240118,false,tushare,LOCAL_USER_PROVIDED,data/research_db/market_data/processed/trading_calendar.csv,6a8fa077e9b7167a9881e46b1f1f2d44aec53828132fc047aa82af373cb306a5,2026-06-01
SSE,20240119,false,tushare,LOCAL_USER_PROVIDED,data/research_db/market_data/processed/trading_calendar.csv,6a8fa077e9b7167a9881e46b1f1f2d44aec53828132fc047aa82af373cb306a5,2026-06-01
SSE,20240120,false,tushare,LOCAL_USER_PROVIDED,data/research_db/market_data/processed/trading_calendar.csv,6a8fa077e9b7167a9881e46b1f1f2d44aec53828132fc047aa82af373cb306a5,2026-06-01
SSE,20240121,false,tushare,LOCAL_USER_PROVIDED,data/research_db/market_data/processed/trading_calendar.csv,6a8fa077e9b7167a9881e46b1f1f2d44aec53828132fc047aa82af373cb306a5,2026-06-01
SSE,20240122,false,tushare,LOCAL_USER_PROVIDED,data/research_db/market_data/processed/trading_calendar.csv,6a8fa077e9b7167a9881e46b1f1f2d44aec53828132fc047aa82af373cb306a5,2026-06-01
SSE,20240123,false,tushare,LOCAL_USER_PROVIDED,data/research_db/market_data/processed/trading_calendar.csv,6a8fa077e9b7167a9881e46b1f1f2d44aec53828132fc047aa82af373cb306a5,2026-06-01
SSE,20240124,false,tushare,LOCAL_USER_PROVIDED,data/research_db/market_data/processed/trading_calendar.csv,6a8fa077e9b7167a9881e46b1f1f2d44aec53828132fc047aa82af373cb306a5,2026-06-01
SSE,20240125,false,tushare,LOCAL_USER_PROVIDED,data/research_db/market_data/processed/trading_calendar.csv,6a8fa077e9b7167a9881e46b1f1f2d44aec53828132fc047aa82af373cb306a5,2026-06-01
SSE,20240126,false,tushare,LOCAL_USER_PROVIDED,data/research_db/market_data/processed/trading_calendar.csv,6a8fa077e9b7167a9881e46b1f1f2d44aec53828132fc047aa82af373cb306a5,2026-06-01
SSE,20240127,false,tushare,LOCAL_USER_PROVIDED,data/research_db/market_data/processed/trading_calendar.csv,6a8fa077e9b7167a9881e46b1f1f2d44aec53828132fc047aa82af373cb306a5,2026-06-01
SSE,20240128,false,tushare,LOCAL_USER_PROVIDED,data/research_db/market_data/processed/trading_calendar.csv,6a8fa077e9b7167a9881e46b1f1f2d44aec53828132fc047aa82af373cb306a5,2026-06-01
SSE,20240129,false,tushare,LOCAL_USER_PROVIDED,data/research_db/market_data/processed/trading_calendar.csv,6a8fa077e9b7167a9881e46b1f1f2d44aec53828132fc047aa82af373cb306a5,2026-06-01
SSE,20240130,false,tushare,LOCAL_USER_PROVIDED,data/research_db/market_data/processed/trading_calendar.csv,6a8fa077e9b7167a9881e46b1f1f2d44aec53828132fc047aa82af373cb306a5,2026-06-01
SSE,20240131,false,tushare,LOCAL_USER_PROVIDED,data/research_db/market_data/processed/trading_calendar.csv,6a8fa077e9b7167a9881e46b1f1f2d44aec53828132fc047aa82af373cb306a5,2026-06-01
SSE,20240201,false,tushare,LOCAL_USER_PROVIDED,data/research_db/market_data/processed/trading_calendar.csv,6a8fa077e9b7167a9881e46b1f1f2d44aec53828132fc047aa82af373cb306a5,2026-06-01
SSE,20240202,false,tushare,LOCAL_USER_PROVIDED,data/research_db/market_data/processed/trading_calendar.csv,6a8fa077e9b7167a9881e46b1f1f2d44aec53828132fc047aa82af373cb306a5,2026-06-01
SSE,20240203,false,tushare,LOCAL_USER_PROVIDED,data/research_db/market_data/processed/trading_calendar.csv,6a8fa077e9b7167a9881e46b1f1f2d44aec53828132fc047aa82af373cb306a5,2026-06-01
SSE,20240204,false,tushare,LOCAL_USER_PROVIDED,data/research_db/market_data/processed/trading_calendar.csv,6a8fa077e9b7167a9881e46b1f1f2d44aec53828132fc047aa82af373cb306a5,2026-06-01
SSE,20240205,false,tushare,LOCAL_USER_PROVIDED,data/research_db/market_data/processed/trading_calendar.csv,6a8fa077e9b7167a9881e46b1f1f2d44aec53828132fc047aa82af373cb306a5,2026-06-01
SSE,20240206,false,tushare,LOCAL_USER_PROVIDED,data/research_db/market_data/processed/trading_calendar.csv,6a8fa077e9b7167a9881e46b1f1f2d44aec53828132fc047aa82af373cb306a5,2026-06-01
SSE,20240207,false,tushare,LOCAL_USER_PROVIDED,data/research_db/market_data/processed/trading_calendar.csv,6a8fa077e9b7167a9881e46b1f1f2d44aec53828132fc047aa82af373cb306a5,2026-06-01
SSE,20240208,false,tushare,LOCAL_USER_PROVIDED,data/research_db/market_data/processed/trading_calendar.csv,6a8fa077e9b7167a9881e46b1f1f2d44aec53828132fc047aa82af373cb306a5,2026-06-01
SSE,20240209,false,tushare,LOCAL_USER_PROVIDED,data/research_db/market_data/processed/trading_calendar.csv,6a8fa077e9b7167a9881e46b1f1f2d44aec53828132fc047aa82af373cb306a5,2026-06-01
SSE,20240210,false,tushare,LOCAL_USER_PROVIDED,data/research_db/market_data/processed/trading_calendar.csv,6a8fa077e9b7167a9881e46b1f1f2d44aec53828132fc047aa82af373cb306a5,2026-06-01
SSE,20240211,false,tushare,LOCAL_USER_PROVIDED,data/research_db/market_data/processed/trading_calendar.csv,6a8fa077e9b7167a9881e46b1f1f2d44aec53828132fc047aa82af373cb306a5,2026-06-01
SSE,20240212,false,tushare,LOCAL_USER_PROVIDED,data/research_db/market_data/processed/trading_calendar.csv,6a8fa077e9b7167a9881e46b1f1f2d44aec53828132fc047aa82af373cb306a5,2026-06-01
SSE,20240213,false,tushare,LOCAL_USER_PROVIDED,data/research_db/market_data/processed/trading_calendar.csv,6a8fa077e9b7167a9881e46b1f1f2d44aec53828132fc047aa82af373cb306a5,2026-06-01
SSE,20240214,false,tushare,LOCAL_USER_PROVIDED,data/research_db/market_data/processed/trading_calendar.csv,6a8fa077e9b7167a9881e46b1f1f2d44aec53828132fc047aa82af373cb306a5,2026-06-01
SSE,20240215,false,tushare,LOCAL_USER_PROVIDED,data/research_db/market_data/processed/trading_calendar.csv,6a8fa077e9b7167a9881e46b1f1f2d44aec53828132fc047aa82af373cb306a5,2026-06-01
SSE,20240216,false,tushare,LOCAL_USER_PROVIDED,data/research_db/market_data/processed/trading_calendar.csv,6a8fa077e9b7167a9881e46b1f1f2d44aec53828132fc047aa82af373cb306a5,2026-06-01
SSE,20240217,false,tushare,LOCAL_USER_PROVIDED,data/research_db/market_data/processed/trading_calendar.csv,6a8fa077e9b7167a9881e46b1f1f2d44aec53828132fc047aa82af373cb306a5,2026-06-01
SSE,20240218,false,tushare,LOCAL_USER_PROVIDED,data/research_db/market_data/processed/trading_calendar.csv,6a8fa077e9b7167a9881e46b1f1f2d44aec53828132fc047aa82af373cb306a5,2026-06-01
SSE,20240219,false,tushare,LOCAL_USER_PROVIDED,data/research_db/market_data/processed/trading_calendar.csv,6a8fa077e9b7167a9881e46b1f1f2d44aec53828132fc047aa82af373cb306a5,2026-06-01
SSE,20240220,false,tushare,LOCAL_USER_PROVIDED,data/research_db/market_data/processed/trading_calendar.csv,6a8fa077e9b7167a9881e46b1f1f2d44aec53828132fc047aa82af373cb306a5,2026-06-01
SSE,20240221,false,tushare,LOCAL_USER_PROVIDED,data/research_db/market_data/processed/trading_calendar.csv,6a8fa077e9b7167a9881e46b1f1f2d44aec53828132fc047aa82af373cb306a5,2026-06-01
SSE,20240222,false,tushare,LOCAL_USER_PROVIDED,data/research_db/market_data/processed/trading_calendar.csv,6a8fa077e9b7167a9881e46b1f1f2d44aec53828132fc047aa82af373cb306a5,2026-06-01
SSE,20240223,false,tushare,LOCAL_USER_PROVIDED,data/research_db/market_data/processed/trading_calendar.csv,6a8fa077e9b7167a9881e46b1f1f2d44aec53828132fc047aa82af373cb306a5,2026-06-01
SSE,20240224,false,tushare,LOCAL_USER_PROVIDED,data/research_db/market_data/processed/trading_calendar.csv,6a8fa077e9b7167a9881e46b1f1f2d44aec53828132fc047aa82af373cb306a5,2026-06-01
SSE,20240225,false,tushare,LOCAL_USER_PROVIDED,data/research_db/market_data/processed/trading_calendar.csv,6a8fa077e9b7167a9881e46b1f1f2d44aec53828132fc047aa82af373cb306a5,2026-06-01
SSE,20240226,false,tushare,LOCAL_USER_PROVIDED,data/research_db/market_data/processed/trading_calendar.csv,6a8fa077e9b7167a9881e46b1f1f2d44aec53828132fc047aa82af373cb306a5,2026-06-01
SSE,20240227,false,tushare,LOCAL_USER_PROVIDED,data/research_db/market_data/processed/trading_calendar.csv,6a8fa077e9b7167a9881e46b1f1f2d44aec53828132fc047aa82af373cb306a5,2026-06-01
SSE,20240228,false,tushare,LOCAL_USER_PROVIDED,data/research_db/market_data/processed/trading_calendar.csv,6a8fa077e9b7167a9881e46b1f1f2d44aec53828132fc047aa82af373cb306a5,2026-06-01
SSE,20240229,false,tushare,LOCAL_USER_PROVIDED,data/research_db/market_data/processed/trading_calendar.csv,6a8fa077e9b7167a9881e46b1f1f2d44aec53828132fc047aa82af373cb306a5,2026-06-01
SSE,20240301,false,tushare,LOCAL_USER_PROVIDED,data/research_db/market_data/processed/trading_calendar.csv,6a8fa077e9b7167a9881e46b1f1f2d44aec53828132fc047aa82af373cb306a5,2026-06-01
SSE,20240302,false,tushare,LOCAL_USER_PROVIDED,data/research_db/market_data/processed/trading_calendar.csv,6a8fa077e9b7167a9881e46b1f1f2d44aec53828132fc047aa82af373cb306a5,2026-06-01
SSE,20240303,false,tushare,LOCAL_USER_PROVIDED,data/research_db/market_data/processed/trading_calendar.csv,6a8fa077e9b7167a9881e46b1f1f2d44aec53828132fc047aa82af373cb306a5,2026-06-01
SSE,20240304,false,tushare,LOCAL_USER_PROVIDED,data/research_db/market_data/processed/trading_calendar.csv,6a8fa077e9b7167a9881e46b1f1f2d44aec53828132fc047aa82af373cb306a5,2026-06-01
SSE,20240305,false,tushare,LOCAL_USER_PROVIDED,data/research_db/market_data/processed/trading_calendar.csv,6a8fa077e9b7167a9881e46b1f1f2d44aec53828132fc047aa82af373cb306a5,2026-06-01
SSE,20240306,false,tushare,LOCAL_USER_PROVIDED,data/research_db/market_data/processed/trading_calendar.csv,6a8fa077e9b7167a9881e46b1f1f2d44aec53828132fc047aa82af373cb306a5,2026-06-01
SSE,20240307,false,tushare,LOCAL_USER_PROVIDED,data/research_db/market_data/processed/trading_calendar.csv,6a8fa077e9b7167a9881e46b1f1f2d44aec53828132fc047aa82af373cb306a5,2026-06-01
SSE,20240308,false,tushare,LOCAL_USER_PROVIDED,data/research_db/market_data/processed/trading_calendar.csv,6a8fa077e9b7167a9881e46b1f1f2d44aec53828132fc047aa82af373cb306a5,2026-06-01
SSE,20240309,false,tushare,LOCAL_USER_PROVIDED,data/research_db/market_data/processed/trading_calendar.csv,6a8fa077e9b7167a9881e46b1f1f2d44aec53828132fc047aa82af373cb306a5,2026-06-01
SSE,20240310,false,tushare,LOCAL_USER_PROVIDED,data/research_db/market_data/processed/trading_calendar.csv,6a8fa077e9b7167a9881e46b1f1f2d44aec53828132fc047aa82af373cb306a5,2026-06-01
SSE,20240311,false,tushare,LOCAL_USER_PROVIDED,data/research_db/market_data/processed/trading_calendar.csv,6a8fa077e9b7167a9881e46b1f1f2d44aec53828132fc047aa82af373cb306a5,2026-06-01
SSE,20240312,false,tushare,LOCAL_USER_PROVIDED,data/research_db/market_data/processed/trading_calendar.csv,6a8fa077e9b7167a9881e46b1f1f2d44aec53828132fc047aa82af373cb306a5,2026-06-01
SSE,20240313,false,tushare,LOCAL_USER_PROVIDED,data/research_db/market_data/processed/trading_calendar.csv,6a8fa077e9b7167a9881e46b1f1f2d44aec53828132fc047aa82af373cb306a5,2026-06-01
SSE,20240314,false,tushare,LOCAL_USER_PROVIDED,data/research_db/market_data/processed/trading_calendar.csv,6a8fa077e9b7167a9881e46b1f1f2d44aec53828132fc047aa82af373cb306a5,2026-06-01
SSE,20240315,false,tushare,LOCAL_USER_PROVIDED,data/research_db/market_data/processed/trading_calendar.csv,6a8fa077e9b7167a9881e46b1f1f2d44aec53828132fc047aa82af373cb306a5,2026-06-01
SSE,20240316,false,tushare,LOCAL_USER_PROVIDED,data/research_db/market_data/processed/trading_calendar.csv,6a8fa077e9b7167a9881e46b1f1f2d44aec53828132fc047aa82af373cb306a5,2026-06-01
SSE,20240317,false,tushare,LOCAL_USER_PROVIDED,data/research_db/market_data/processed/trading_calendar.csv,6a8fa077e9b7167a9881e46b1f1f2d44aec53828132fc047aa82af373cb306a5,2026-06-01
SSE,20240318,false,tushare,LOCAL_USER_PROVIDED,data/research_db/market_data/processed/trading_calendar.csv,6a8fa077e9b7167a9881e46b1f1f2d44aec53828132fc047aa82af373cb306a5,2026-06-01
SSE,20240319,false,tushare,LOCAL_USER_PROVIDED,data/research_db/market_data/processed/trading_calendar.csv,6a8fa077e9b7167a9881e46b1f1f2d44aec53828132fc047aa82af373cb306a5,2026-06-01
SSE,20240320,false,tushare,LOCAL_USER_PROVIDED,data/research_db/market_data/processed/trading_calendar.csv,6a8fa077e9b7167a9881e46b1f1f2d44aec53828132fc047aa82af373cb306a5,2026-06-01
SSE,20240321,false,tushare,LOCAL_USER_PROVIDED,data/research_db/market_data/processed/trading_calendar.csv,6a8fa077e9b7167a9881e46b1f1f2d44aec53828132fc047aa82af373cb306a5,2026-06-01
SSE,20240322,false,tushare,LOCAL_USER_PROVIDED,data/research_db/market_data/processed/trading_calendar.csv,6a8fa077e9b7167a9881e46b1f1f2d44aec53828132fc047aa82af373cb306a5,2026-06-01
SSE,20240323,false,tushare,LOCAL_USER_PROVIDED,data/research_db/market_data/processed/trading_calendar.csv,6a8fa077e9b7167a9881e46b1f1f2d44aec53828132fc047aa82af373cb306a5,2026-06-01
SSE,20240324,false,tushare,LOCAL_USER_PROVIDED,data/research_db/market_data/processed/trading_calendar.csv,6a8fa077e9b7167a9881e46b1f1f2d44aec53828132fc047aa82af373cb306a5,2026-06-01
SSE,20240325,false,tushare,LOCAL_USER_PROVIDED,data/research_db/market_data/processed/trading_calendar.csv,6a8fa077e9b7167a9881e46b1f1f2d44aec53828132fc047aa82af373cb306a5,2026-06-01
SSE,20240326,false,tushare,LOCAL_USER_PROVIDED,data/research_db/market_data/processed/trading_calendar.csv,6a8fa077e9b7167a9881e46b1f1f2d44aec53828132fc047aa82af373cb306a5,2026-06-01
SSE,20240327,false,tushare,LOCAL_USER_PROVIDED,data/research_db/market_data/processed/trading_calendar.csv,6a8fa077e9b7167a9881e46b1f1f2d44aec53828132fc047aa82af373cb306a5,2026-06-01
SSE,20240328,false,tushare,LOCAL_USER_PROVIDED,data/research_db/market_data/processed/trading_calendar.csv,6a8fa077e9b7167a9881e46b1f1f2d44aec53828132fc047aa82af373cb306a5,2026-06-01
SSE,20240329,false,tushare,LOCAL_USER_PROVIDED,data/research_db/market_data/processed/trading_calendar.csv,6a8fa077e9b7167a9881e46b1f1f2d44aec53828132fc047aa82af373cb306a5,2026-06-01
SSE,20240330,false,tushare,LOCAL_USER_PROVIDED,data/research_db/market_data/processed/trading_calendar.csv,6a8fa077e9b7167a9881e46b1f1f2d44aec53828132fc047aa82af373cb306a5,2026-06-01
SSE,20240331,false,tushare,LOCAL_USER_PROVIDED,data/research_db/market_data/processed/trading_calendar.csv,6a8fa077e9b7167a9881e46b1f1f2d44aec53828132fc047aa82af373cb306a5,2026-06-01
SSE,20240401,false,tushare,LOCAL_USER_PROVIDED,data/research_db/market_data/processed/trading_calendar.csv,6a8fa077e9b7167a9881e46b1f1f2d44aec53828132fc047aa82af373cb306a5,2026-06-01
SSE,20240402,false,tushare,LOCAL_USER_PROVIDED,data/research_db/market_data/processed/trading_calendar.csv,6a8fa077e9b7167a9881e46b1f1f2d44aec53828132fc047aa82af373cb306a5,2026-06-01
SSE,20240403,false,tushare,LOCAL_USER_PROVIDED,data/research_db/market_data/processed/trading_calendar.csv,6a8fa077e9b7167a9881e46b1f1f2d44aec53828132fc047aa82af373cb306a5,2026-06-01
SSE,20240404,false,tushare,LOCAL_USER_PROVIDED,data/research_db/market_data/processed/trading_calendar.csv,6a8fa077e9b7167a9881e46b1f1f2d44aec53828132fc047aa82af373cb306a5,2026-06-01
SSE,20240405,false,tushare,LOCAL_USER_PROVIDED,data/research_db/market_data/processed/trading_calendar.csv,6a8fa077e9b7167a9881e46b1f1f2d44aec53828132fc047aa82af373cb306a5,2026-06-01
SSE,20240406,false,tushare,LOCAL_USER_PROVIDED,data/research_db/market_data/processed/trading_calendar.csv,6a8fa077e9b7167a9881e46b1f1f2d44aec53828132fc047aa82af373cb306a5,2026-06-01
SSE,20240407,false,tushare,LOCAL_USER_PROVIDED,data/research_db/market_data/processed/trading_calendar.csv,6a8fa077e9b7167a9881e46b1f1f2d44aec53828132fc047aa82af373cb306a5,2026-06-01
SSE,20240408,false,tushare,LOCAL_USER_PROVIDED,data/research_db/market_data/processed/trading_calendar.csv,6a8fa077e9b7167a9881e46b1f1f2d44aec53828132fc047aa82af373cb306a5,2026-06-01
SSE,20240409,false,tushare,LOCAL_USER_PROVIDED,data/research_db/market_data/processed/trading_calendar.csv,6a8fa077e9b7167a9881e46b1f1f2d44aec53828132fc047aa82af373cb306a5,2026-06-01
SSE,20240410,false,tushare,LOCAL_USER_PROVIDED,data/research_db/market_data/processed/trading_calendar.csv,6a8fa077e9b7167a9881e46b1f1f2d44aec53828132fc047aa82af373cb306a5,2026-06-01
SSE,20240411,false,tushare,LOCAL_USER_PROVIDED,data/research_db/market_data/processed/trading_calendar.csv,6a8fa077e9b7167a9881e46b1f1f2d44aec53828132fc047aa82af373cb306a5,2026-06-01
SSE,20240412,false,tushare,LOCAL_USER_PROVIDED,data/research_db/market_data/processed/trading_calendar.csv,6a8fa077e9b7167a9881e46b1f1f2d44aec53828132fc047aa82af373cb306a5,2026-06-01
SSE,20240413,false,tushare,LOCAL_USER_PROVIDED,data/research_db/market_data/processed/trading_calendar.csv,6a8fa077e9b7167a9881e46b1f1f2d44aec53828132fc047aa82af373cb306a5,2026-06-01
SSE,20240414,false,tushare,LOCAL_USER_PROVIDED,data/research_db/market_data/processed/trading_calendar.csv,6a8fa077e9b7167a9881e46b1f1f2d44aec53828132fc047aa82af373cb306a5,2026-06-01
SSE,20240415,false,tushare,LOCAL_USER_PROVIDED,data/research_db/market_data/processed/trading_calendar.csv,6a8fa077e9b7167a9881e46b1f1f2d44aec53828132fc047aa82af373cb306a5,2026-06-01
SSE,20240416,false,tushare,LOCAL_USER_PROVIDED,data/research_db/market_data/processed/trading_calendar.csv,6a8fa077e9b7167a9881e46b1f1f2d44aec53828132fc047aa82af373cb306a5,2026-06-01
SSE,20240417,false,tushare,LOCAL_USER_PROVIDED,data/research_db/market_data/processed/trading_calendar.csv,6a8fa077e9b7167a9881e46b1f1f2d44aec53828132fc047aa82af373cb306a5,2026-06-01
SSE,20240418,false,tushare,LOCAL_USER_PROVIDED,data/research_db/market_data/processed/trading_calendar.csv,6a8fa077e9b7167a9881e46b1f1f2d44aec53828132fc047aa82af373cb306a5,2026-06-01
SSE,20240419,false,tushare,LOCAL_USER_PROVIDED,data/research_db/market_data/processed/trading_calendar.csv,6a8fa077e9b7167a9881e46b1f1f2d44aec53828132fc047aa82af373cb306a5,2026-06-01
SSE,20240420,false,tushare,LOCAL_USER_PROVIDED,data/research_db/market_data/processed/trading_calendar.csv,6a8fa077e9b7167a9881e46b1f1f2d44aec53828132fc047aa82af373cb306a5,2026-06-01
SSE,20240421,false,tushare,LOCAL_USER_PROVIDED,data/research_db/market_data/processed/trading_calendar.csv,6a8fa077e9b7167a9881e46b1f1f2d44aec53828132fc047aa82af373cb306a5,2026-06-01
SSE,20240422,false,tushare,LOCAL_USER_PROVIDED,data/research_db/market_data/processed/trading_calendar.csv,6a8fa077e9b7167a9881e46b1f1f2d44aec53828132fc047aa82af373cb306a5,2026-06-01
SSE,20240423,false,tushare,LOCAL_USER_PROVIDED,data/research_db/market_data/processed/trading_calendar.csv,6a8fa077e9b7167a9881e46b1f1f2d44aec53828132fc047aa82af373cb306a5,2026-06-01
SSE,20240424,false,tushare,LOCAL_USER_PROVIDED,data/research_db/market_data/processed/trading_calendar.csv,6a8fa077e9b7167a9881e46b1f1f2d44aec53828132fc047aa82af373cb306a5,2026-06-01
SSE,20240425,false,tushare,LOCAL_USER_PROVIDED,data/research_db/market_data/processed/trading_calendar.csv,6a8fa077e9b7167a9881e46b1f1f2d44aec53828132fc047aa82af373cb306a5,2026-06-01
SSE,20240426,false,tushare,LOCAL_USER_PROVIDED,data/research_db/market_data/processed/trading_calendar.csv,6a8fa077e9b7167a9881e46b1f1f2d44aec53828132fc047aa82af373cb306a5,2026-06-01
SSE,20240427,false,tushare,LOCAL_USER_PROVIDED,data/research_db/market_data/processed/trading_calendar.csv,6a8fa077e9b7167a9881e46b1f1f2d44aec53828132fc047aa82af373cb306a5,2026-06-01
SSE,20240428,false,tushare,LOCAL_USER_PROVIDED,data/research_db/market_data/processed/trading_calendar.csv,6a8fa077e9b7167a9881e46b1f1f2d44aec53828132fc047aa82af373cb306a5,2026-06-01
SSE,20240429,false,tushare,LOCAL_USER_PROVIDED,data/research_db/market_data/processed/trading_calendar.csv,6a8fa077e9b7167a9881e46b1f1f2d44aec53828132fc047aa82af373cb306a5,2026-06-01
SSE,20240430,false,tushare,LOCAL_USER_PROVIDED,data/research_db/market_data/processed/trading_calendar.csv,6a8fa077e9b7167a9881e46b1f1f2d44aec53828132fc047aa82af373cb306a5,2026-06-01
SSE,20240501,false,tushare,LOCAL_USER_PROVIDED,data/research_db/market_data/processed/trading_calendar.csv,6a8fa077e9b7167a9881e46b1f1f2d44aec53828132fc047aa82af373cb306a5,2026-06-01
SSE,20240502,false,tushare,LOCAL_USER_PROVIDED,data/research_db/market_data/processed/trading_calendar.csv,6a8fa077e9b7167a9881e46b1f1f2d44aec53828132fc047aa82af373cb306a5,2026-06-01
SSE,20240503,false,tushare,LOCAL_USER_PROVIDED,data/research_db/market_data/processed/trading_calendar.csv,6a8fa077e9b7167a9881e46b1f1f2d44aec53828132fc047aa82af373cb306a5,2026-06-01
SSE,20240504,false,tushare,LOCAL_USER_PROVIDED,data/research_db/market_data/processed/trading_calendar.csv,6a8fa077e9b7167a9881e46b1f1f2d44aec53828132fc047aa82af373cb306a5,2026-06-01
SSE,20240505,false,tushare,LOCAL_USER_PROVIDED,data/research_db/market_data/processed/trading_calendar.csv,6a8fa077e9b7167a9881e46b1f1f2d44aec53828132fc047aa82af373cb306a5,2026-06-01
SSE,20240506,false,tushare,LOCAL_USER_PROVIDED,data/research_db/market_data/processed/trading_calendar.csv,6a8fa077e9b7167a9881e46b1f1f2d44aec53828132fc047aa82af373cb306a5,2026-06-01
SSE,20240507,false,tushare,LOCAL_USER_PROVIDED,data/research_db/market_data/processed/trading_calendar.csv,6a8fa077e9b7167a9881e46b1f1f2d44aec53828132fc047aa82af373cb306a5,2026-06-01
SSE,20240508,false,tushare,LOCAL_USER_PROVIDED,data/research_db/market_data/processed/trading_calendar.csv,6a8fa077e9b7167a9881e46b1f1f2d44aec53828132fc047aa82af373cb306a5,2026-06-01
SSE,20240509,false,tushare,LOCAL_USER_PROVIDED,data/research_db/market_data/processed/trading_calendar.csv,6a8fa077e9b7167a9881e46b1f1f2d44aec53828132fc047aa82af373cb306a5,2026-06-01
SSE,20240510,false,tushare,LOCAL_USER_PROVIDED,data/research_db/market_data/processed/trading_calendar.csv,6a8fa077e9b7167a9881e46b1f1f2d44aec53828132fc047aa82af373cb306a5,2026-06-01
SSE,20240511,false,tushare,LOCAL_USER_PROVIDED,data/research_db/market_data/processed/trading_calendar.csv,6a8fa077e9b7167a9881e46b1f1f2d44aec53828132fc047aa82af373cb306a5,2026-06-01
SSE,20240512,false,tushare,LOCAL_USER_PROVIDED,data/research_db/market_data/processed/trading_calendar.csv,6a8fa077e9b7167a9881e46b1f1f2d44aec53828132fc047aa82af373cb306a5,2026-06-01
SSE,20240513,false,tushare,LOCAL_USER_PROVIDED,data/research_db/market_data/processed/trading_calendar.csv,6a8fa077e9b7167a9881e46b1f1f2d44aec53828132fc047aa82af373cb306a5,2026-06-01
SSE,20240514,false,tushare,LOCAL_USER_PROVIDED,data/research_db/market_data/processed/trading_calendar.csv,6a8fa077e9b7167a9881e46b1f1f2d44aec53828132fc047aa82af373cb306a5,2026-06-01
SSE,20240515,false,tushare,LOCAL_USER_PROVIDED,data/research_db/market_data/processed/trading_calendar.csv,6a8fa077e9b7167a9881e46b1f1f2d44aec53828132fc047aa82af373cb306a5,2026-06-01
SSE,20240516,false,tushare,LOCAL_USER_PROVIDED,data/research_db/market_data/processed/trading_calendar.csv,6a8fa077e9b7167a9881e46b1f1f2d44aec53828132fc047aa82af373cb306a5,2026-06-01
SSE,20240517,false,tushare,LOCAL_USER_PROVIDED,data/research_db/market_data/processed/trading_calendar.csv,6a8fa077e9b7167a9881e46b1f1f2d44aec53828132fc047aa82af373cb306a5,2026-06-01
SSE,20240518,false,tushare,LOCAL_USER_PROVIDED,data/research_db/market_data/processed/trading_calendar.csv,6a8fa077e9b7167a9881e46b1f1f2d44aec53828132fc047aa82af373cb306a5,2026-06-01
SSE,20240519,false,tushare,LOCAL_USER_PROVIDED,data/research_db/market_data/processed/trading_calendar.csv,6a8fa077e9b7167a9881e46b1f1f2d44aec53828132fc047aa82af373cb306a5,2026-06-01
SSE,20240520,false,tushare,LOCAL_USER_PROVIDED,data/research_db/market_data/processed/trading_calendar.csv,6a8fa077e9b7167a9881e46b1f1f2d44aec53828132fc047aa82af373cb306a5,2026-06-01
SSE,20240521,false,tushare,LOCAL_USER_PROVIDED,data/research_db/market_data/processed/trading_calendar.csv,6a8fa077e9b7167a9881e46b1f1f2d44aec53828132fc047aa82af373cb306a5,2026-06-01
SSE,20240522,false,tushare,LOCAL_USER_PROVIDED,data/research_db/market_data/processed/trading_calendar.csv,6a8fa077e9b7167a9881e46b1f1f2d44aec53828132fc047aa82af373cb306a5,2026-06-01
SSE,20240523,false,tushare,LOCAL_USER_PROVIDED,data/research_db/market_data/processed/trading_calendar.csv,6a8fa077e9b7167a9881e46b1f1f2d44aec53828132fc047aa82af373cb306a5,2026-06-01
SSE,20240524,false,tushare,LOCAL_USER_PROVIDED,data/research_db/market_data/processed/trading_calendar.csv,6a8fa077e9b7167a9881e46b1f1f2d44aec53828132fc047aa82af373cb306a5,2026-06-01
SSE,20240525,false,tushare,LOCAL_USER_PROVIDED,data/research_db/market_data/processed/trading_calendar.csv,6a8fa077e9b7167a9881e46b1f1f2d44aec53828132fc047aa82af373cb306a5,2026-06-01
SSE,20240526,false,tushare,LOCAL_USER_PROVIDED,data/research_db/market_data/processed/trading_calendar.csv,6a8fa077e9b7167a9881e46b1f1f2d44aec53828132fc047aa82af373cb306a5,2026-06-01
SSE,20240527,false,tushare,LOCAL_USER_PROVIDED,data/research_db/market_data/processed/trading_calendar.csv,6a8fa077e9b7167a9881e46b1f1f2d44aec53828132fc047aa82af373cb306a5,2026-06-01
SSE,20240528,false,tushare,LOCAL_USER_PROVIDED,data/research_db/market_data/processed/trading_calendar.csv,6a8fa077e9b7167a9881e46b1f1f2d44aec53828132fc047aa82af373cb306a5,2026-06-01
SSE,20240529,false,tushare,LOCAL_USER_PROVIDED,data/research_db/market_data/processed/trading_calendar.csv,6a8fa077e9b7167a9881e46b1f1f2d44aec53828132fc047aa82af373cb306a5,2026-06-01
SSE,20240530,false,tushare,LOCAL_USER_PROVIDED,data/research_db/market_data/processed/trading_calendar.csv,6a8fa077e9b7167a9881e46b1f1f2d44aec53828132fc047aa82af373cb306a5,2026-06-01
SSE,20240531,false,tushare,LOCAL_USER_PROVIDED,data/research_db/market_data/processed/trading_calendar.csv,6a8fa077e9b7167a9881e46b1f1f2d44aec53828132fc047aa82af373cb306a5,2026-06-01
SSE,20240601,false,tushare,LOCAL_USER_PROVIDED,data/research_db/market_data/processed/trading_calendar.csv,6a8fa077e9b7167a9881e46b1f1f2d44aec53828132fc047aa82af373cb306a5,2026-06-01
SSE,20240602,false,tushare,LOCAL_USER_PROVIDED,data/research_db/market_data/processed/trading_calendar.csv,6a8fa077e9b7167a9881e46b1f1f2d44aec53828132fc047aa82af373cb306a5,2026-06-01
SSE,20240603,false,tushare,LOCAL_USER_PROVIDED,data/research_db/market_data/processed/trading_calendar.csv,6a8fa077e9b7167a9881e46b1f1f2d44aec53828132fc047aa82af373cb306a5,2026-06-01
SSE,20240604,false,tushare,LOCAL_USER_PROVIDED,data/research_db/market_data/processed/trading_calendar.csv,6a8fa077e9b7167a9881e46b1f1f2d44aec53828132fc047aa82af373cb306a5,2026-06-01
SSE,20240605,false,tushare,LOCAL_USER_PROVIDED,data/research_db/market_data/processed/trading_calendar.csv,6a8fa077e9b7167a9881e46b1f1f2d44aec53828132fc047aa82af373cb306a5,2026-06-01
SSE,20240606,false,tushare,LOCAL_USER_PROVIDED,data/research_db/market_data/processed/trading_calendar.csv,6a8fa077e9b7167a9881e46b1f1f2d44aec53828132fc047aa82af373cb306a5,2026-06-01
SSE,20240607,false,tushare,LOCAL_USER_PROVIDED,data/research_db/market_data/processed/trading_calendar.csv,6a8fa077e9b7167a9881e46b1f1f2d44aec53828132fc047aa82af373cb306a5,2026-06-01
SSE,20240608,false,tushare,LOCAL_USER_PROVIDED,data/research_db/market_data/processed/trading_calendar.csv,6a8fa077e9b7167a9881e46b1f1f2d44aec53828132fc047aa82af373cb306a5,2026-06-01
SSE,20240609,false,tushare,LOCAL_USER_PROVIDED,data/research_db/market_data/processed/trading_calendar.csv,6a8fa077e9b7167a9881e46b1f1f2d44aec53828132fc047aa82af373cb306a5,2026-06-01
SSE,20240610,false,tushare,LOCAL_USER_PROVIDED,data/research_db/market_data/processed/trading_calendar.csv,6a8fa077e9b7167a9881e46b1f1f2d44aec53828132fc047aa82af373cb306a5,2026-06-01
SSE,20240611,false,tushare,LOCAL_USER_PROVIDED,data/research_db/market_data/processed/trading_calendar.csv,6a8fa077e9b7167a9881e46b1f1f2d44aec53828132fc047aa82af373cb306a5,2026-06-01
SSE,20240612,false,tushare,LOCAL_USER_PROVIDED,data/research_db/market_data/processed/trading_calendar.csv,6a8fa077e9b7167a9881e46b1f1f2d44aec53828132fc047aa82af373cb306a5,2026-06-01
SSE,20240613,false,tushare,LOCAL_USER_PROVIDED,data/research_db/market_data/processed/trading_calendar.csv,6a8fa077e9b7167a9881e46b1f1f2d44aec53828132fc047aa82af373cb306a5,2026-06-01
SSE,20240614,false,tushare,LOCAL_USER_PROVIDED,data/research_db/market_data/processed/trading_calendar.csv,6a8fa077e9b7167a9881e46b1f1f2d44aec53828132fc047aa82af373cb306a5,2026-06-01
SSE,20240615,false,tushare,LOCAL_USER_PROVIDED,data/research_db/market_data/processed/trading_calendar.csv,6a8fa077e9b7167a9881e46b1f1f2d44aec53828132fc047aa82af373cb306a5,2026-06-01
SSE,20240616,false,tushare,LOCAL_USER_PROVIDED,data/research_db/market_data/processed/trading_calendar.csv,6a8fa077e9b7167a9881e46b1f1f2d44aec53828132fc047aa82af373cb306a5,2026-06-01
SSE,20240617,false,tushare,LOCAL_USER_PROVIDED,data/research_db/market_data/processed/trading_calendar.csv,6a8fa077e9b7167a9881e46b1f1f2d44aec53828132fc047aa82af373cb306a5,2026-06-01
SSE,20240618,false,tushare,LOCAL_USER_PROVIDED,data/research_db/market_data/processed/trading_calendar.csv,6a8fa077e9b7167a9881e46b1f1f2d44aec53828132fc047aa82af373cb306a5,2026-06-01
SSE,20240619,false,tushare,LOCAL_USER_PROVIDED,data/research_db/market_data/processed/trading_calendar.csv,6a8fa077e9b7167a9881e46b1f1f2d44aec53828132fc047aa82af373cb306a5,2026-06-01
SSE,20240620,false,tushare,LOCAL_USER_PROVIDED,data/research_db/market_data/processed/trading_calendar.csv,6a8fa077e9b7167a9881e46b1f1f2d44aec53828132fc047aa82af373cb306a5,2026-06-01
SSE,20240621,false,tushare,LOCAL_USER_PROVIDED,data/research_db/market_data/processed/trading_calendar.csv,6a8fa077e9b7167a9881e46b1f1f2d44aec53828132fc047aa82af373cb306a5,2026-06-01
SSE,20240622,false,tushare,LOCAL_USER_PROVIDED,data/research_db/market_data/processed/trading_calendar.csv,6a8fa077e9b7167a9881e46b1f1f2d44aec53828132fc047aa82af373cb306a5,2026-06-01
SSE,20240623,false,tushare,LOCAL_USER_PROVIDED,data/research_db/market_data/processed/trading_calendar.csv,6a8fa077e9b7167a9881e46b1f1f2d44aec53828132fc047aa82af373cb306a5,2026-06-01
SSE,20240624,false,tushare,LOCAL_USER_PROVIDED,data/research_db/market_data/processed/trading_calendar.csv,6a8fa077e9b7167a9881e46b1f1f2d44aec53828132fc047aa82af373cb306a5,2026-06-01
SSE,20240625,false,tushare,LOCAL_USER_PROVIDED,data/research_db/market_data/processed/trading_calendar.csv,6a8fa077e9b7167a9881e46b1f1f2d44aec53828132fc047aa82af373cb306a5,2026-06-01
SSE,20240626,false,tushare,LOCAL_USER_PROVIDED,data/research_db/market_data/processed/trading_calendar.csv,6a8fa077e9b7167a9881e46b1f1f2d44aec53828132fc047aa82af373cb306a5,2026-06-01
SSE,20240627,false,tushare,LOCAL_USER_PROVIDED,data/research_db/market_data/processed/trading_calendar.csv,6a8fa077e9b7167a9881e46b1f1f2d44aec53828132fc047aa82af373cb306a5,2026-06-01
SSE,20240628,false,tushare,LOCAL_USER_PROVIDED,data/research_db/market_data/processed/trading_calendar.csv,6a8fa077e9b7167a9881e46b1f1f2d44aec53828132fc047aa82af373cb306a5,2026-06-01
STAR,20240102,false,tushare,LOCAL_USER_PROVIDED,data/research_db/market_data/processed/trading_calendar.csv,6a8fa077e9b7167a9881e46b1f1f2d44aec53828132fc047aa82af373cb306a5,2026-06-01
STAR,20240103,false,tushare,LOCAL_USER_PROVIDED,data/research_db/market_data/processed/trading_calendar.csv,6a8fa077e9b7167a9881e46b1f1f2d44aec53828132fc047aa82af373cb306a5,2026-06-01
STAR,20240104,false,tushare,LOCAL_USER_PROVIDED,data/research_db/market_data/processed/trading_calendar.csv,6a8fa077e9b7167a9881e46b1f1f2d44aec53828132fc047aa82af373cb306a5,2026-06-01
STAR,20240105,false,tushare,LOCAL_USER_PROVIDED,data/research_db/market_data/processed/trading_calendar.csv,6a8fa077e9b7167a9881e46b1f1f2d44aec53828132fc047aa82af373cb306a5,2026-06-01
STAR,20240106,false,tushare,LOCAL_USER_PROVIDED,data/research_db/market_data/processed/trading_calendar.csv,6a8fa077e9b7167a9881e46b1f1f2d44aec53828132fc047aa82af373cb306a5,2026-06-01
STAR,20240107,false,tushare,LOCAL_USER_PROVIDED,data/research_db/market_data/processed/trading_calendar.csv,6a8fa077e9b7167a9881e46b1f1f2d44aec53828132fc047aa82af373cb306a5,2026-06-01
STAR,20240108,false,tushare,LOCAL_USER_PROVIDED,data/research_db/market_data/processed/trading_calendar.csv,6a8fa077e9b7167a9881e46b1f1f2d44aec53828132fc047aa82af373cb306a5,2026-06-01
STAR,20240109,false,tushare,LOCAL_USER_PROVIDED,data/research_db/market_data/processed/trading_calendar.csv,6a8fa077e9b7167a9881e46b1f1f2d44aec53828132fc047aa82af373cb306a5,2026-06-01
STAR,20240110,false,tushare,LOCAL_USER_PROVIDED,data/research_db/market_data/processed/trading_calendar.csv,6a8fa077e9b7167a9881e46b1f1f2d44aec53828132fc047aa82af373cb306a5,2026-06-01
STAR,20240111,false,tushare,LOCAL_USER_PROVIDED,data/research_db/market_data/processed/trading_calendar.csv,6a8fa077e9b7167a9881e46b1f1f2d44aec53828132fc047aa82af373cb306a5,2026-06-01
STAR,20240112,false,tushare,LOCAL_USER_PROVIDED,data/research_db/market_data/processed/trading_calendar.csv,6a8fa077e9b7167a9881e46b1f1f2d44aec53828132fc047aa82af373cb306a5,2026-06-01
STAR,20240113,false,tushare,LOCAL_USER_PROVIDED,data/research_db/market_data/processed/trading_calendar.csv,6a8fa077e9b7167a9881e46b1f1f2d44aec53828132fc047aa82af373cb306a5,2026-06-01
STAR,20240114,false,tushare,LOCAL_USER_PROVIDED,data/research_db/market_data/processed/trading_calendar.csv,6a8fa077e9b7167a9881e46b1f1f2d44aec53828132fc047aa82af373cb306a5,2026-06-01
STAR,20240115,false,tushare,LOCAL_USER_PROVIDED,data/research_db/market_data/processed/trading_calendar.csv,6a8fa077e9b7167a9881e46b1f1f2d44aec53828132fc047aa82af373cb306a5,2026-06-01
STAR,20240116,false,tushare,LOCAL_USER_PROVIDED,data/research_db/market_data/processed/trading_calendar.csv,6a8fa077e9b7167a9881e46b1f1f2d44aec53828132fc047aa82af373cb306a5,2026-06-01
STAR,20240117,false,tushare,LOCAL_USER_PROVIDED,data/research_db/market_data/processed/trading_calendar.csv,6a8fa077e9b7167a9881e46b1f1f2d44aec53828132fc047aa82af373cb306a5,2026-06-01
STAR,20240118,false,tushare,LOCAL_USER_PROVIDED,data/research_db/market_data/processed/trading_calendar.csv,6a8fa077e9b7167a9881e46b1f1f2d44aec53828132fc047aa82af373cb306a5,2026-06-01
STAR,20240119,false,tushare,LOCAL_USER_PROVIDED,data/research_db/market_data/processed/trading_calendar.csv,6a8fa077e9b7167a9881e46b1f1f2d44aec53828132fc047aa82af373cb306a5,2026-06-01
STAR,20240120,false,tushare,LOCAL_USER_PROVIDED,data/research_db/market_data/processed/trading_calendar.csv,6a8fa077e9b7167a9881e46b1f1f2d44aec53828132fc047aa82af373cb306a5,2026-06-01
STAR,20240121,false,tushare,LOCAL_USER_PROVIDED,data/research_db/market_data/processed/trading_calendar.csv,6a8fa077e9b7167a9881e46b1f1f2d44aec53828132fc047aa82af373cb306a5,2026-06-01
STAR,20240122,false,tushare,LOCAL_USER_PROVIDED,data/research_db/market_data/processed/trading_calendar.csv,6a8fa077e9b7167a9881e46b1f1f2d44aec53828132fc047aa82af373cb306a5,2026-06-01
STAR,20240123,false,tushare,LOCAL_USER_PROVIDED,data/research_db/market_data/processed/trading_calendar.csv,6a8fa077e9b7167a9881e46b1f1f2d44aec53828132fc047aa82af373cb306a5,2026-06-01
STAR,20240124,false,tushare,LOCAL_USER_PROVIDED,data/research_db/market_data/processed/trading_calendar.csv,6a8fa077e9b7167a9881e46b1f1f2d44aec53828132fc047aa82af373cb306a5,2026-06-01
STAR,20240125,false,tushare,LOCAL_USER_PROVIDED,data/research_db/market_data/processed/trading_calendar.csv,6a8fa077e9b7167a9881e46b1f1f2d44aec53828132fc047aa82af373cb306a5,2026-06-01
STAR,20240126,false,tushare,LOCAL_USER_PROVIDED,data/research_db/market_data/processed/trading_calendar.csv,6a8fa077e9b7167a9881e46b1f1f2d44aec53828132fc047aa82af373cb306a5,2026-06-01
STAR,20240127,false,tushare,LOCAL_USER_PROVIDED,data/research_db/market_data/processed/trading_calendar.csv,6a8fa077e9b7167a9881e46b1f1f2d44aec53828132fc047aa82af373cb306a5,2026-06-01
STAR,20240128,false,tushare,LOCAL_USER_PROVIDED,data/research_db/market_data/processed/trading_calendar.csv,6a8fa077e9b7167a9881e46b1f1f2d44aec53828132fc047aa82af373cb306a5,2026-06-01
STAR,20240129,false,tushare,LOCAL_USER_PROVIDED,data/research_db/market_data/processed/trading_calendar.csv,6a8fa077e9b7167a9881e46b1f1f2d44aec53828132fc047aa82af373cb306a5,2026-06-01
STAR,20240130,false,tushare,LOCAL_USER_PROVIDED,data/research_db/market_data/processed/trading_calendar.csv,6a8fa077e9b7167a9881e46b1f1f2d44aec53828132fc047aa82af373cb306a5,2026-06-01
STAR,20240131,false,tushare,LOCAL_USER_PROVIDED,data/research_db/market_data/processed/trading_calendar.csv,6a8fa077e9b7167a9881e46b1f1f2d44aec53828132fc047aa82af373cb306a5,2026-06-01
STAR,20240201,false,tushare,LOCAL_USER_PROVIDED,data/research_db/market_data/processed/trading_calendar.csv,6a8fa077e9b7167a9881e46b1f1f2d44aec53828132fc047aa82af373cb306a5,2026-06-01
STAR,20240202,false,tushare,LOCAL_USER_PROVIDED,data/research_db/market_data/processed/trading_calendar.csv,6a8fa077e9b7167a9881e46b1f1f2d44aec53828132fc047aa82af373cb306a5,2026-06-01
STAR,20240203,false,tushare,LOCAL_USER_PROVIDED,data/research_db/market_data/processed/trading_calendar.csv,6a8fa077e9b7167a9881e46b1f1f2d44aec53828132fc047aa82af373cb306a5,2026-06-01
STAR,20240204,false,tushare,LOCAL_USER_PROVIDED,data/research_db/market_data/processed/trading_calendar.csv,6a8fa077e9b7167a9881e46b1f1f2d44aec53828132fc047aa82af373cb306a5,2026-06-01
STAR,20240205,false,tushare,LOCAL_USER_PROVIDED,data/research_db/market_data/processed/trading_calendar.csv,6a8fa077e9b7167a9881e46b1f1f2d44aec53828132fc047aa82af373cb306a5,2026-06-01
STAR,20240206,false,tushare,LOCAL_USER_PROVIDED,data/research_db/market_data/processed/trading_calendar.csv,6a8fa077e9b7167a9881e46b1f1f2d44aec53828132fc047aa82af373cb306a5,2026-06-01
STAR,20240207,false,tushare,LOCAL_USER_PROVIDED,data/research_db/market_data/processed/trading_calendar.csv,6a8fa077e9b7167a9881e46b1f1f2d44aec53828132fc047aa82af373cb306a5,2026-06-01
STAR,20240208,false,tushare,LOCAL_USER_PROVIDED,data/research_db/market_data/processed/trading_calendar.csv,6a8fa077e9b7167a9881e46b1f1f2d44aec53828132fc047aa82af373cb306a5,2026-06-01
STAR,20240209,false,tushare,LOCAL_USER_PROVIDED,data/research_db/market_data/processed/trading_calendar.csv,6a8fa077e9b7167a9881e46b1f1f2d44aec53828132fc047aa82af373cb306a5,2026-06-01
STAR,20240210,false,tushare,LOCAL_USER_PROVIDED,data/research_db/market_data/processed/trading_calendar.csv,6a8fa077e9b7167a9881e46b1f1f2d44aec53828132fc047aa82af373cb306a5,2026-06-01
STAR,20240211,false,tushare,LOCAL_USER_PROVIDED,data/research_db/market_data/processed/trading_calendar.csv,6a8fa077e9b7167a9881e46b1f1f2d44aec53828132fc047aa82af373cb306a5,2026-06-01
STAR,20240212,false,tushare,LOCAL_USER_PROVIDED,data/research_db/market_data/processed/trading_calendar.csv,6a8fa077e9b7167a9881e46b1f1f2d44aec53828132fc047aa82af373cb306a5,2026-06-01
STAR,20240213,false,tushare,LOCAL_USER_PROVIDED,data/research_db/market_data/processed/trading_calendar.csv,6a8fa077e9b7167a9881e46b1f1f2d44aec53828132fc047aa82af373cb306a5,2026-06-01
STAR,20240214,false,tushare,LOCAL_USER_PROVIDED,data/research_db/market_data/processed/trading_calendar.csv,6a8fa077e9b7167a9881e46b1f1f2d44aec53828132fc047aa82af373cb306a5,2026-06-01
STAR,20240215,false,tushare,LOCAL_USER_PROVIDED,data/research_db/market_data/processed/trading_calendar.csv,6a8fa077e9b7167a9881e46b1f1f2d44aec53828132fc047aa82af373cb306a5,2026-06-01
STAR,20240216,false,tushare,LOCAL_USER_PROVIDED,data/research_db/market_data/processed/trading_calendar.csv,6a8fa077e9b7167a9881e46b1f1f2d44aec53828132fc047aa82af373cb306a5,2026-06-01
STAR,20240217,false,tushare,LOCAL_USER_PROVIDED,data/research_db/market_data/processed/trading_calendar.csv,6a8fa077e9b7167a9881e46b1f1f2d44aec53828132fc047aa82af373cb306a5,2026-06-01
STAR,20240218,false,tushare,LOCAL_USER_PROVIDED,data/research_db/market_data/processed/trading_calendar.csv,6a8fa077e9b7167a9881e46b1f1f2d44aec53828132fc047aa82af373cb306a5,2026-06-01
STAR,20240219,false,tushare,LOCAL_USER_PROVIDED,data/research_db/market_data/processed/trading_calendar.csv,6a8fa077e9b7167a9881e46b1f1f2d44aec53828132fc047aa82af373cb306a5,2026-06-01
STAR,20240220,false,tushare,LOCAL_USER_PROVIDED,data/research_db/market_data/processed/trading_calendar.csv,6a8fa077e9b7167a9881e46b1f1f2d44aec53828132fc047aa82af373cb306a5,2026-06-01
STAR,20240221,false,tushare,LOCAL_USER_PROVIDED,data/research_db/market_data/processed/trading_calendar.csv,6a8fa077e9b7167a9881e46b1f1f2d44aec53828132fc047aa82af373cb306a5,2026-06-01
STAR,20240222,false,tushare,LOCAL_USER_PROVIDED,data/research_db/market_data/processed/trading_calendar.csv,6a8fa077e9b7167a9881e46b1f1f2d44aec53828132fc047aa82af373cb306a5,2026-06-01
STAR,20240223,false,tushare,LOCAL_USER_PROVIDED,data/research_db/market_data/processed/trading_calendar.csv,6a8fa077e9b7167a9881e46b1f1f2d44aec53828132fc047aa82af373cb306a5,2026-06-01
STAR,20240224,false,tushare,LOCAL_USER_PROVIDED,data/research_db/market_data/processed/trading_calendar.csv,6a8fa077e9b7167a9881e46b1f1f2d44aec53828132fc047aa82af373cb306a5,2026-06-01
STAR,20240225,false,tushare,LOCAL_USER_PROVIDED,data/research_db/market_data/processed/trading_calendar.csv,6a8fa077e9b7167a9881e46b1f1f2d44aec53828132fc047aa82af373cb306a5,2026-06-01
STAR,20240226,false,tushare,LOCAL_USER_PROVIDED,data/research_db/market_data/processed/trading_calendar.csv,6a8fa077e9b7167a9881e46b1f1f2d44aec53828132fc047aa82af373cb306a5,2026-06-01
STAR,20240227,false,tushare,LOCAL_USER_PROVIDED,data/research_db/market_data/processed/trading_calendar.csv,6a8fa077e9b7167a9881e46b1f1f2d44aec53828132fc047aa82af373cb306a5,2026-06-01
STAR,20240228,false,tushare,LOCAL_USER_PROVIDED,data/research_db/market_data/processed/trading_calendar.csv,6a8fa077e9b7167a9881e46b1f1f2d44aec53828132fc047aa82af373cb306a5,2026-06-01
STAR,20240229,false,tushare,LOCAL_USER_PROVIDED,data/research_db/market_data/processed/trading_calendar.csv,6a8fa077e9b7167a9881e46b1f1f2d44aec53828132fc047aa82af373cb306a5,2026-06-01
STAR,20240301,false,tushare,LOCAL_USER_PROVIDED,data/research_db/market_data/processed/trading_calendar.csv,6a8fa077e9b7167a9881e46b1f1f2d44aec53828132fc047aa82af373cb306a5,2026-06-01
STAR,20240302,false,tushare,LOCAL_USER_PROVIDED,data/research_db/market_data/processed/trading_calendar.csv,6a8fa077e9b7167a9881e46b1f1f2d44aec53828132fc047aa82af373cb306a5,2026-06-01
STAR,20240303,false,tushare,LOCAL_USER_PROVIDED,data/research_db/market_data/processed/trading_calendar.csv,6a8fa077e9b7167a9881e46b1f1f2d44aec53828132fc047aa82af373cb306a5,2026-06-01
STAR,20240304,false,tushare,LOCAL_USER_PROVIDED,data/research_db/market_data/processed/trading_calendar.csv,6a8fa077e9b7167a9881e46b1f1f2d44aec53828132fc047aa82af373cb306a5,2026-06-01
STAR,20240305,false,tushare,LOCAL_USER_PROVIDED,data/research_db/market_data/processed/trading_calendar.csv,6a8fa077e9b7167a9881e46b1f1f2d44aec53828132fc047aa82af373cb306a5,2026-06-01
STAR,20240306,false,tushare,LOCAL_USER_PROVIDED,data/research_db/market_data/processed/trading_calendar.csv,6a8fa077e9b7167a9881e46b1f1f2d44aec53828132fc047aa82af373cb306a5,2026-06-01
STAR,20240307,false,tushare,LOCAL_USER_PROVIDED,data/research_db/market_data/processed/trading_calendar.csv,6a8fa077e9b7167a9881e46b1f1f2d44aec53828132fc047aa82af373cb306a5,2026-06-01
STAR,20240308,false,tushare,LOCAL_USER_PROVIDED,data/research_db/market_data/processed/trading_calendar.csv,6a8fa077e9b7167a9881e46b1f1f2d44aec53828132fc047aa82af373cb306a5,2026-06-01
STAR,20240309,false,tushare,LOCAL_USER_PROVIDED,data/research_db/market_data/processed/trading_calendar.csv,6a8fa077e9b7167a9881e46b1f1f2d44aec53828132fc047aa82af373cb306a5,2026-06-01
STAR,20240310,false,tushare,LOCAL_USER_PROVIDED,data/research_db/market_data/processed/trading_calendar.csv,6a8fa077e9b7167a9881e46b1f1f2d44aec53828132fc047aa82af373cb306a5,2026-06-01
STAR,20240311,false,tushare,LOCAL_USER_PROVIDED,data/research_db/market_data/processed/trading_calendar.csv,6a8fa077e9b7167a9881e46b1f1f2d44aec53828132fc047aa82af373cb306a5,2026-06-01
STAR,20240312,false,tushare,LOCAL_USER_PROVIDED,data/research_db/market_data/processed/trading_calendar.csv,6a8fa077e9b7167a9881e46b1f1f2d44aec53828132fc047aa82af373cb306a5,2026-06-01
STAR,20240313,false,tushare,LOCAL_USER_PROVIDED,data/research_db/market_data/processed/trading_calendar.csv,6a8fa077e9b7167a9881e46b1f1f2d44aec53828132fc047aa82af373cb306a5,2026-06-01
STAR,20240314,false,tushare,LOCAL_USER_PROVIDED,data/research_db/market_data/processed/trading_calendar.csv,6a8fa077e9b7167a9881e46b1f1f2d44aec53828132fc047aa82af373cb306a5,2026-06-01
STAR,20240315,false,tushare,LOCAL_USER_PROVIDED,data/research_db/market_data/processed/trading_calendar.csv,6a8fa077e9b7167a9881e46b1f1f2d44aec53828132fc047aa82af373cb306a5,2026-06-01
STAR,20240316,false,tushare,LOCAL_USER_PROVIDED,data/research_db/market_data/processed/trading_calendar.csv,6a8fa077e9b7167a9881e46b1f1f2d44aec53828132fc047aa82af373cb306a5,2026-06-01
STAR,20240317,false,tushare,LOCAL_USER_PROVIDED,data/research_db/market_data/processed/trading_calendar.csv,6a8fa077e9b7167a9881e46b1f1f2d44aec53828132fc047aa82af373cb306a5,2026-06-01
STAR,20240318,false,tushare,LOCAL_USER_PROVIDED,data/research_db/market_data/processed/trading_calendar.csv,6a8fa077e9b7167a9881e46b1f1f2d44aec53828132fc047aa82af373cb306a5,2026-06-01
STAR,20240319,false,tushare,LOCAL_USER_PROVIDED,data/research_db/market_data/processed/trading_calendar.csv,6a8fa077e9b7167a9881e46b1f1f2d44aec53828132fc047aa82af373cb306a5,2026-06-01
STAR,20240320,false,tushare,LOCAL_USER_PROVIDED,data/research_db/market_data/processed/trading_calendar.csv,6a8fa077e9b7167a9881e46b1f1f2d44aec53828132fc047aa82af373cb306a5,2026-06-01
STAR,20240321,false,tushare,LOCAL_USER_PROVIDED,data/research_db/market_data/processed/trading_calendar.csv,6a8fa077e9b7167a9881e46b1f1f2d44aec53828132fc047aa82af373cb306a5,2026-06-01
STAR,20240322,false,tushare,LOCAL_USER_PROVIDED,data/research_db/market_data/processed/trading_calendar.csv,6a8fa077e9b7167a9881e46b1f1f2d44aec53828132fc047aa82af373cb306a5,2026-06-01
STAR,20240323,false,tushare,LOCAL_USER_PROVIDED,data/research_db/market_data/processed/trading_calendar.csv,6a8fa077e9b7167a9881e46b1f1f2d44aec53828132fc047aa82af373cb306a5,2026-06-01
STAR,20240324,false,tushare,LOCAL_USER_PROVIDED,data/research_db/market_data/processed/trading_calendar.csv,6a8fa077e9b7167a9881e46b1f1f2d44aec53828132fc047aa82af373cb306a5,2026-06-01
STAR,20240325,false,tushare,LOCAL_USER_PROVIDED,data/research_db/market_data/processed/trading_calendar.csv,6a8fa077e9b7167a9881e46b1f1f2d44aec53828132fc047aa82af373cb306a5,2026-06-01
STAR,20240326,false,tushare,LOCAL_USER_PROVIDED,data/research_db/market_data/processed/trading_calendar.csv,6a8fa077e9b7167a9881e46b1f1f2d44aec53828132fc047aa82af373cb306a5,2026-06-01
STAR,20240327,false,tushare,LOCAL_USER_PROVIDED,data/research_db/market_data/processed/trading_calendar.csv,6a8fa077e9b7167a9881e46b1f1f2d44aec53828132fc047aa82af373cb306a5,2026-06-01
STAR,20240328,false,tushare,LOCAL_USER_PROVIDED,data/research_db/market_data/processed/trading_calendar.csv,6a8fa077e9b7167a9881e46b1f1f2d44aec53828132fc047aa82af373cb306a5,2026-06-01
STAR,20240329,false,tushare,LOCAL_USER_PROVIDED,data/research_db/market_data/processed/trading_calendar.csv,6a8fa077e9b7167a9881e46b1f1f2d44aec53828132fc047aa82af373cb306a5,2026-06-01
STAR,20240330,false,tushare,LOCAL_USER_PROVIDED,data/research_db/market_data/processed/trading_calendar.csv,6a8fa077e9b7167a9881e46b1f1f2d44aec53828132fc047aa82af373cb306a5,2026-06-01
STAR,20240331,false,tushare,LOCAL_USER_PROVIDED,data/research_db/market_data/processed/trading_calendar.csv,6a8fa077e9b7167a9881e46b1f1f2d44aec53828132fc047aa82af373cb306a5,2026-06-01
STAR,20240401,false,tushare,LOCAL_USER_PROVIDED,data/research_db/market_data/processed/trading_calendar.csv,6a8fa077e9b7167a9881e46b1f1f2d44aec53828132fc047aa82af373cb306a5,2026-06-01
STAR,20240402,false,tushare,LOCAL_USER_PROVIDED,data/research_db/market_data/processed/trading_calendar.csv,6a8fa077e9b7167a9881e46b1f1f2d44aec53828132fc047aa82af373cb306a5,2026-06-01
STAR,20240403,false,tushare,LOCAL_USER_PROVIDED,data/research_db/market_data/processed/trading_calendar.csv,6a8fa077e9b7167a9881e46b1f1f2d44aec53828132fc047aa82af373cb306a5,2026-06-01
STAR,20240404,false,tushare,LOCAL_USER_PROVIDED,data/research_db/market_data/processed/trading_calendar.csv,6a8fa077e9b7167a9881e46b1f1f2d44aec53828132fc047aa82af373cb306a5,2026-06-01
STAR,20240405,false,tushare,LOCAL_USER_PROVIDED,data/research_db/market_data/processed/trading_calendar.csv,6a8fa077e9b7167a9881e46b1f1f2d44aec53828132fc047aa82af373cb306a5,2026-06-01
STAR,20240406,false,tushare,LOCAL_USER_PROVIDED,data/research_db/market_data/processed/trading_calendar.csv,6a8fa077e9b7167a9881e46b1f1f2d44aec53828132fc047aa82af373cb306a5,2026-06-01
STAR,20240407,false,tushare,LOCAL_USER_PROVIDED,data/research_db/market_data/processed/trading_calendar.csv,6a8fa077e9b7167a9881e46b1f1f2d44aec53828132fc047aa82af373cb306a5,2026-06-01
STAR,20240408,false,tushare,LOCAL_USER_PROVIDED,data/research_db/market_data/processed/trading_calendar.csv,6a8fa077e9b7167a9881e46b1f1f2d44aec53828132fc047aa82af373cb306a5,2026-06-01
STAR,20240409,false,tushare,LOCAL_USER_PROVIDED,data/research_db/market_data/processed/trading_calendar.csv,6a8fa077e9b7167a9881e46b1f1f2d44aec53828132fc047aa82af373cb306a5,2026-06-01
STAR,20240410,false,tushare,LOCAL_USER_PROVIDED,data/research_db/market_data/processed/trading_calendar.csv,6a8fa077e9b7167a9881e46b1f1f2d44aec53828132fc047aa82af373cb306a5,2026-06-01
STAR,20240411,false,tushare,LOCAL_USER_PROVIDED,data/research_db/market_data/processed/trading_calendar.csv,6a8fa077e9b7167a9881e46b1f1f2d44aec53828132fc047aa82af373cb306a5,2026-06-01
STAR,20240412,false,tushare,LOCAL_USER_PROVIDED,data/research_db/market_data/processed/trading_calendar.csv,6a8fa077e9b7167a9881e46b1f1f2d44aec53828132fc047aa82af373cb306a5,2026-06-01
STAR,20240413,false,tushare,LOCAL_USER_PROVIDED,data/research_db/market_data/processed/trading_calendar.csv,6a8fa077e9b7167a9881e46b1f1f2d44aec53828132fc047aa82af373cb306a5,2026-06-01
STAR,20240414,false,tushare,LOCAL_USER_PROVIDED,data/research_db/market_data/processed/trading_calendar.csv,6a8fa077e9b7167a9881e46b1f1f2d44aec53828132fc047aa82af373cb306a5,2026-06-01
STAR,20240415,false,tushare,LOCAL_USER_PROVIDED,data/research_db/market_data/processed/trading_calendar.csv,6a8fa077e9b7167a9881e46b1f1f2d44aec53828132fc047aa82af373cb306a5,2026-06-01
STAR,20240416,false,tushare,LOCAL_USER_PROVIDED,data/research_db/market_data/processed/trading_calendar.csv,6a8fa077e9b7167a9881e46b1f1f2d44aec53828132fc047aa82af373cb306a5,2026-06-01
STAR,20240417,false,tushare,LOCAL_USER_PROVIDED,data/research_db/market_data/processed/trading_calendar.csv,6a8fa077e9b7167a9881e46b1f1f2d44aec53828132fc047aa82af373cb306a5,2026-06-01
STAR,20240418,false,tushare,LOCAL_USER_PROVIDED,data/research_db/market_data/processed/trading_calendar.csv,6a8fa077e9b7167a9881e46b1f1f2d44aec53828132fc047aa82af373cb306a5,2026-06-01
STAR,20240419,false,tushare,LOCAL_USER_PROVIDED,data/research_db/market_data/processed/trading_calendar.csv,6a8fa077e9b7167a9881e46b1f1f2d44aec53828132fc047aa82af373cb306a5,2026-06-01
STAR,20240420,false,tushare,LOCAL_USER_PROVIDED,data/research_db/market_data/processed/trading_calendar.csv,6a8fa077e9b7167a9881e46b1f1f2d44aec53828132fc047aa82af373cb306a5,2026-06-01
STAR,20240421,false,tushare,LOCAL_USER_PROVIDED,data/research_db/market_data/processed/trading_calendar.csv,6a8fa077e9b7167a9881e46b1f1f2d44aec53828132fc047aa82af373cb306a5,2026-06-01
STAR,20240422,false,tushare,LOCAL_USER_PROVIDED,data/research_db/market_data/processed/trading_calendar.csv,6a8fa077e9b7167a9881e46b1f1f2d44aec53828132fc047aa82af373cb306a5,2026-06-01
STAR,20240423,false,tushare,LOCAL_USER_PROVIDED,data/research_db/market_data/processed/trading_calendar.csv,6a8fa077e9b7167a9881e46b1f1f2d44aec53828132fc047aa82af373cb306a5,2026-06-01
STAR,20240424,false,tushare,LOCAL_USER_PROVIDED,data/research_db/market_data/processed/trading_calendar.csv,6a8fa077e9b7167a9881e46b1f1f2d44aec53828132fc047aa82af373cb306a5,2026-06-01
STAR,20240425,false,tushare,LOCAL_USER_PROVIDED,data/research_db/market_data/processed/trading_calendar.csv,6a8fa077e9b7167a9881e46b1f1f2d44aec53828132fc047aa82af373cb306a5,2026-06-01
STAR,20240426,false,tushare,LOCAL_USER_PROVIDED,data/research_db/market_data/processed/trading_calendar.csv,6a8fa077e9b7167a9881e46b1f1f2d44aec53828132fc047aa82af373cb306a5,2026-06-01
STAR,20240427,false,tushare,LOCAL_USER_PROVIDED,data/research_db/market_data/processed/trading_calendar.csv,6a8fa077e9b7167a9881e46b1f1f2d44aec53828132fc047aa82af373cb306a5,2026-06-01
STAR,20240428,false,tushare,LOCAL_USER_PROVIDED,data/research_db/market_data/processed/trading_calendar.csv,6a8fa077e9b7167a9881e46b1f1f2d44aec53828132fc047aa82af373cb306a5,2026-06-01
STAR,20240429,false,tushare,LOCAL_USER_PROVIDED,data/research_db/market_data/processed/trading_calendar.csv,6a8fa077e9b7167a9881e46b1f1f2d44aec53828132fc047aa82af373cb306a5,2026-06-01
STAR,20240430,false,tushare,LOCAL_USER_PROVIDED,data/research_db/market_data/processed/trading_calendar.csv,6a8fa077e9b7167a9881e46b1f1f2d44aec53828132fc047aa82af373cb306a5,2026-06-01
STAR,20240501,false,tushare,LOCAL_USER_PROVIDED,data/research_db/market_data/processed/trading_calendar.csv,6a8fa077e9b7167a9881e46b1f1f2d44aec53828132fc047aa82af373cb306a5,2026-06-01
STAR,20240502,false,tushare,LOCAL_USER_PROVIDED,data/research_db/market_data/processed/trading_calendar.csv,6a8fa077e9b7167a9881e46b1f1f2d44aec53828132fc047aa82af373cb306a5,2026-06-01
STAR,20240503,false,tushare,LOCAL_USER_PROVIDED,data/research_db/market_data/processed/trading_calendar.csv,6a8fa077e9b7167a9881e46b1f1f2d44aec53828132fc047aa82af373cb306a5,2026-06-01
STAR,20240504,false,tushare,LOCAL_USER_PROVIDED,data/research_db/market_data/processed/trading_calendar.csv,6a8fa077e9b7167a9881e46b1f1f2d44aec53828132fc047aa82af373cb306a5,2026-06-01
STAR,20240505,false,tushare,LOCAL_USER_PROVIDED,data/research_db/market_data/processed/trading_calendar.csv,6a8fa077e9b7167a9881e46b1f1f2d44aec53828132fc047aa82af373cb306a5,2026-06-01
STAR,20240506,false,tushare,LOCAL_USER_PROVIDED,data/research_db/market_data/processed/trading_calendar.csv,6a8fa077e9b7167a9881e46b1f1f2d44aec53828132fc047aa82af373cb306a5,2026-06-01
STAR,20240507,false,tushare,LOCAL_USER_PROVIDED,data/research_db/market_data/processed/trading_calendar.csv,6a8fa077e9b7167a9881e46b1f1f2d44aec53828132fc047aa82af373cb306a5,2026-06-01
STAR,20240508,false,tushare,LOCAL_USER_PROVIDED,data/research_db/market_data/processed/trading_calendar.csv,6a8fa077e9b7167a9881e46b1f1f2d44aec53828132fc047aa82af373cb306a5,2026-06-01
STAR,20240509,false,tushare,LOCAL_USER_PROVIDED,data/research_db/market_data/processed/trading_calendar.csv,6a8fa077e9b7167a9881e46b1f1f2d44aec53828132fc047aa82af373cb306a5,2026-06-01
STAR,20240510,false,tushare,LOCAL_USER_PROVIDED,data/research_db/market_data/processed/trading_calendar.csv,6a8fa077e9b7167a9881e46b1f1f2d44aec53828132fc047aa82af373cb306a5,2026-06-01
STAR,20240511,false,tushare,LOCAL_USER_PROVIDED,data/research_db/market_data/processed/trading_calendar.csv,6a8fa077e9b7167a9881e46b1f1f2d44aec53828132fc047aa82af373cb306a5,2026-06-01
STAR,20240512,false,tushare,LOCAL_USER_PROVIDED,data/research_db/market_data/processed/trading_calendar.csv,6a8fa077e9b7167a9881e46b1f1f2d44aec53828132fc047aa82af373cb306a5,2026-06-01
STAR,20240513,false,tushare,LOCAL_USER_PROVIDED,data/research_db/market_data/processed/trading_calendar.csv,6a8fa077e9b7167a9881e46b1f1f2d44aec53828132fc047aa82af373cb306a5,2026-06-01
STAR,20240514,false,tushare,LOCAL_USER_PROVIDED,data/research_db/market_data/processed/trading_calendar.csv,6a8fa077e9b7167a9881e46b1f1f2d44aec53828132fc047aa82af373cb306a5,2026-06-01
STAR,20240515,false,tushare,LOCAL_USER_PROVIDED,data/research_db/market_data/processed/trading_calendar.csv,6a8fa077e9b7167a9881e46b1f1f2d44aec53828132fc047aa82af373cb306a5,2026-06-01
STAR,20240516,false,tushare,LOCAL_USER_PROVIDED,data/research_db/market_data/processed/trading_calendar.csv,6a8fa077e9b7167a9881e46b1f1f2d44aec53828132fc047aa82af373cb306a5,2026-06-01
STAR,20240517,false,tushare,LOCAL_USER_PROVIDED,data/research_db/market_data/processed/trading_calendar.csv,6a8fa077e9b7167a9881e46b1f1f2d44aec53828132fc047aa82af373cb306a5,2026-06-01
STAR,20240518,false,tushare,LOCAL_USER_PROVIDED,data/research_db/market_data/processed/trading_calendar.csv,6a8fa077e9b7167a9881e46b1f1f2d44aec53828132fc047aa82af373cb306a5,2026-06-01
STAR,20240519,false,tushare,LOCAL_USER_PROVIDED,data/research_db/market_data/processed/trading_calendar.csv,6a8fa077e9b7167a9881e46b1f1f2d44aec53828132fc047aa82af373cb306a5,2026-06-01
STAR,20240520,false,tushare,LOCAL_USER_PROVIDED,data/research_db/market_data/processed/trading_calendar.csv,6a8fa077e9b7167a9881e46b1f1f2d44aec53828132fc047aa82af373cb306a5,2026-06-01
STAR,20240521,false,tushare,LOCAL_USER_PROVIDED,data/research_db/market_data/processed/trading_calendar.csv,6a8fa077e9b7167a9881e46b1f1f2d44aec53828132fc047aa82af373cb306a5,2026-06-01
STAR,20240522,false,tushare,LOCAL_USER_PROVIDED,data/research_db/market_data/processed/trading_calendar.csv,6a8fa077e9b7167a9881e46b1f1f2d44aec53828132fc047aa82af373cb306a5,2026-06-01
STAR,20240523,false,tushare,LOCAL_USER_PROVIDED,data/research_db/market_data/processed/trading_calendar.csv,6a8fa077e9b7167a9881e46b1f1f2d44aec53828132fc047aa82af373cb306a5,2026-06-01
STAR,20240524,false,tushare,LOCAL_USER_PROVIDED,data/research_db/market_data/processed/trading_calendar.csv,6a8fa077e9b7167a9881e46b1f1f2d44aec53828132fc047aa82af373cb306a5,2026-06-01
STAR,20240525,false,tushare,LOCAL_USER_PROVIDED,data/research_db/market_data/processed/trading_calendar.csv,6a8fa077e9b7167a9881e46b1f1f2d44aec53828132fc047aa82af373cb306a5,2026-06-01
STAR,20240526,false,tushare,LOCAL_USER_PROVIDED,data/research_db/market_data/processed/trading_calendar.csv,6a8fa077e9b7167a9881e46b1f1f2d44aec53828132fc047aa82af373cb306a5,2026-06-01
STAR,20240527,false,tushare,LOCAL_USER_PROVIDED,data/research_db/market_data/processed/trading_calendar.csv,6a8fa077e9b7167a9881e46b1f1f2d44aec53828132fc047aa82af373cb306a5,2026-06-01
STAR,20240528,false,tushare,LOCAL_USER_PROVIDED,data/research_db/market_data/processed/trading_calendar.csv,6a8fa077e9b7167a9881e46b1f1f2d44aec53828132fc047aa82af373cb306a5,2026-06-01
STAR,20240529,false,tushare,LOCAL_USER_PROVIDED,data/research_db/market_data/processed/trading_calendar.csv,6a8fa077e9b7167a9881e46b1f1f2d44aec53828132fc047aa82af373cb306a5,2026-06-01
STAR,20240530,false,tushare,LOCAL_USER_PROVIDED,data/research_db/market_data/processed/trading_calendar.csv,6a8fa077e9b7167a9881e46b1f1f2d44aec53828132fc047aa82af373cb306a5,2026-06-01
STAR,20240531,false,tushare,LOCAL_USER_PROVIDED,data/research_db/market_data/processed/trading_calendar.csv,6a8fa077e9b7167a9881e46b1f1f2d44aec53828132fc047aa82af373cb306a5,2026-06-01
STAR,20240601,false,tushare,LOCAL_USER_PROVIDED,data/research_db/market_data/processed/trading_calendar.csv,6a8fa077e9b7167a9881e46b1f1f2d44aec53828132fc047aa82af373cb306a5,2026-06-01
STAR,20240602,false,tushare,LOCAL_USER_PROVIDED,data/research_db/market_data/processed/trading_calendar.csv,6a8fa077e9b7167a9881e46b1f1f2d44aec53828132fc047aa82af373cb306a5,2026-06-01
STAR,20240603,false,tushare,LOCAL_USER_PROVIDED,data/research_db/market_data/processed/trading_calendar.csv,6a8fa077e9b7167a9881e46b1f1f2d44aec53828132fc047aa82af373cb306a5,2026-06-01
STAR,20240604,false,tushare,LOCAL_USER_PROVIDED,data/research_db/market_data/processed/trading_calendar.csv,6a8fa077e9b7167a9881e46b1f1f2d44aec53828132fc047aa82af373cb306a5,2026-06-01
STAR,20240605,false,tushare,LOCAL_USER_PROVIDED,data/research_db/market_data/processed/trading_calendar.csv,6a8fa077e9b7167a9881e46b1f1f2d44aec53828132fc047aa82af373cb306a5,2026-06-01
STAR,20240606,false,tushare,LOCAL_USER_PROVIDED,data/research_db/market_data/processed/trading_calendar.csv,6a8fa077e9b7167a9881e46b1f1f2d44aec53828132fc047aa82af373cb306a5,2026-06-01
STAR,20240607,false,tushare,LOCAL_USER_PROVIDED,data/research_db/market_data/processed/trading_calendar.csv,6a8fa077e9b7167a9881e46b1f1f2d44aec53828132fc047aa82af373cb306a5,2026-06-01
STAR,20240608,false,tushare,LOCAL_USER_PROVIDED,data/research_db/market_data/processed/trading_calendar.csv,6a8fa077e9b7167a9881e46b1f1f2d44aec53828132fc047aa82af373cb306a5,2026-06-01
STAR,20240609,false,tushare,LOCAL_USER_PROVIDED,data/research_db/market_data/processed/trading_calendar.csv,6a8fa077e9b7167a9881e46b1f1f2d44aec53828132fc047aa82af373cb306a5,2026-06-01
STAR,20240610,false,tushare,LOCAL_USER_PROVIDED,data/research_db/market_data/processed/trading_calendar.csv,6a8fa077e9b7167a9881e46b1f1f2d44aec53828132fc047aa82af373cb306a5,2026-06-01
STAR,20240611,false,tushare,LOCAL_USER_PROVIDED,data/research_db/market_data/processed/trading_calendar.csv,6a8fa077e9b7167a9881e46b1f1f2d44aec53828132fc047aa82af373cb306a5,2026-06-01
STAR,20240612,false,tushare,LOCAL_USER_PROVIDED,data/research_db/market_data/processed/trading_calendar.csv,6a8fa077e9b7167a9881e46b1f1f2d44aec53828132fc047aa82af373cb306a5,2026-06-01
STAR,20240613,false,tushare,LOCAL_USER_PROVIDED,data/research_db/market_data/processed/trading_calendar.csv,6a8fa077e9b7167a9881e46b1f1f2d44aec53828132fc047aa82af373cb306a5,2026-06-01
STAR,20240614,false,tushare,LOCAL_USER_PROVIDED,data/research_db/market_data/processed/trading_calendar.csv,6a8fa077e9b7167a9881e46b1f1f2d44aec53828132fc047aa82af373cb306a5,2026-06-01
STAR,20240615,false,tushare,LOCAL_USER_PROVIDED,data/research_db/market_data/processed/trading_calendar.csv,6a8fa077e9b7167a9881e46b1f1f2d44aec53828132fc047aa82af373cb306a5,2026-06-01
STAR,20240616,false,tushare,LOCAL_USER_PROVIDED,data/research_db/market_data/processed/trading_calendar.csv,6a8fa077e9b7167a9881e46b1f1f2d44aec53828132fc047aa82af373cb306a5,2026-06-01
STAR,20240617,false,tushare,LOCAL_USER_PROVIDED,data/research_db/market_data/processed/trading_calendar.csv,6a8fa077e9b7167a9881e46b1f1f2d44aec53828132fc047aa82af373cb306a5,2026-06-01
STAR,20240618,false,tushare,LOCAL_USER_PROVIDED,data/research_db/market_data/processed/trading_calendar.csv,6a8fa077e9b7167a9881e46b1f1f2d44aec53828132fc047aa82af373cb306a5,2026-06-01
STAR,20240619,false,tushare,LOCAL_USER_PROVIDED,data/research_db/market_data/processed/trading_calendar.csv,6a8fa077e9b7167a9881e46b1f1f2d44aec53828132fc047aa82af373cb306a5,2026-06-01
STAR,20240620,false,tushare,LOCAL_USER_PROVIDED,data/research_db/market_data/processed/trading_calendar.csv,6a8fa077e9b7167a9881e46b1f1f2d44aec53828132fc047aa82af373cb306a5,2026-06-01
STAR,20240621,false,tushare,LOCAL_USER_PROVIDED,data/research_db/market_data/processed/trading_calendar.csv,6a8fa077e9b7167a9881e46b1f1f2d44aec53828132fc047aa82af373cb306a5,2026-06-01
STAR,20240622,false,tushare,LOCAL_USER_PROVIDED,data/research_db/market_data/processed/trading_calendar.csv,6a8fa077e9b7167a9881e46b1f1f2d44aec53828132fc047aa82af373cb306a5,2026-06-01
STAR,20240623,false,tushare,LOCAL_USER_PROVIDED,data/research_db/market_data/processed/trading_calendar.csv,6a8fa077e9b7167a9881e46b1f1f2d44aec53828132fc047aa82af373cb306a5,2026-06-01
STAR,20240624,false,tushare,LOCAL_USER_PROVIDED,data/research_db/market_data/processed/trading_calendar.csv,6a8fa077e9b7167a9881e46b1f1f2d44aec53828132fc047aa82af373cb306a5,2026-06-01
STAR,20240625,false,tushare,LOCAL_USER_PROVIDED,data/research_db/market_data/processed/trading_calendar.csv,6a8fa077e9b7167a9881e46b1f1f2d44aec53828132fc047aa82af373cb306a5,2026-06-01
STAR,20240626,false,tushare,LOCAL_USER_PROVIDED,data/research_db/market_data/processed/trading_calendar.csv,6a8fa077e9b7167a9881e46b1f1f2d44aec53828132fc047aa82af373cb306a5,2026-06-01
STAR,20240627,false,tushare,LOCAL_USER_PROVIDED,data/research_db/market_data/processed/trading_calendar.csv,6a8fa077e9b7167a9881e46b1f1f2d44aec53828132fc047aa82af373cb306a5,2026-06-01
STAR,20240628,false,tushare,LOCAL_USER_PROVIDED,data/research_db/market_data/processed/trading_calendar.csv,6a8fa077e9b7167a9881e46b1f1f2d44aec53828132fc047aa82af373cb306a5,2026-06-01
SZSE,20240102,false,tushare,LOCAL_USER_PROVIDED,data/research_db/market_data/processed/trading_calendar.csv,6a8fa077e9b7167a9881e46b1f1f2d44aec53828132fc047aa82af373cb306a5,2026-06-01
SZSE,20240103,false,tushare,LOCAL_USER_PROVIDED,data/research_db/market_data/processed/trading_calendar.csv,6a8fa077e9b7167a9881e46b1f1f2d44aec53828132fc047aa82af373cb306a5,2026-06-01
SZSE,20240104,false,tushare,LOCAL_USER_PROVIDED,data/research_db/market_data/processed/trading_calendar.csv,6a8fa077e9b7167a9881e46b1f1f2d44aec53828132fc047aa82af373cb306a5,2026-06-01
SZSE,20240105,false,tushare,LOCAL_USER_PROVIDED,data/research_db/market_data/processed/trading_calendar.csv,6a8fa077e9b7167a9881e46b1f1f2d44aec53828132fc047aa82af373cb306a5,2026-06-01
SZSE,20240106,false,tushare,LOCAL_USER_PROVIDED,data/research_db/market_data/processed/trading_calendar.csv,6a8fa077e9b7167a9881e46b1f1f2d44aec53828132fc047aa82af373cb306a5,2026-06-01
SZSE,20240107,false,tushare,LOCAL_USER_PROVIDED,data/research_db/market_data/processed/trading_calendar.csv,6a8fa077e9b7167a9881e46b1f1f2d44aec53828132fc047aa82af373cb306a5,2026-06-01
SZSE,20240108,false,tushare,LOCAL_USER_PROVIDED,data/research_db/market_data/processed/trading_calendar.csv,6a8fa077e9b7167a9881e46b1f1f2d44aec53828132fc047aa82af373cb306a5,2026-06-01
SZSE,20240109,false,tushare,LOCAL_USER_PROVIDED,data/research_db/market_data/processed/trading_calendar.csv,6a8fa077e9b7167a9881e46b1f1f2d44aec53828132fc047aa82af373cb306a5,2026-06-01
SZSE,20240110,false,tushare,LOCAL_USER_PROVIDED,data/research_db/market_data/processed/trading_calendar.csv,6a8fa077e9b7167a9881e46b1f1f2d44aec53828132fc047aa82af373cb306a5,2026-06-01
SZSE,20240111,false,tushare,LOCAL_USER_PROVIDED,data/research_db/market_data/processed/trading_calendar.csv,6a8fa077e9b7167a9881e46b1f1f2d44aec53828132fc047aa82af373cb306a5,2026-06-01
SZSE,20240112,false,tushare,LOCAL_USER_PROVIDED,data/research_db/market_data/processed/trading_calendar.csv,6a8fa077e9b7167a9881e46b1f1f2d44aec53828132fc047aa82af373cb306a5,2026-06-01
SZSE,20240113,false,tushare,LOCAL_USER_PROVIDED,data/research_db/market_data/processed/trading_calendar.csv,6a8fa077e9b7167a9881e46b1f1f2d44aec53828132fc047aa82af373cb306a5,2026-06-01
SZSE,20240114,false,tushare,LOCAL_USER_PROVIDED,data/research_db/market_data/processed/trading_calendar.csv,6a8fa077e9b7167a9881e46b1f1f2d44aec53828132fc047aa82af373cb306a5,2026-06-01
SZSE,20240115,false,tushare,LOCAL_USER_PROVIDED,data/research_db/market_data/processed/trading_calendar.csv,6a8fa077e9b7167a9881e46b1f1f2d44aec53828132fc047aa82af373cb306a5,2026-06-01
SZSE,20240116,false,tushare,LOCAL_USER_PROVIDED,data/research_db/market_data/processed/trading_calendar.csv,6a8fa077e9b7167a9881e46b1f1f2d44aec53828132fc047aa82af373cb306a5,2026-06-01
SZSE,20240117,false,tushare,LOCAL_USER_PROVIDED,data/research_db/market_data/processed/trading_calendar.csv,6a8fa077e9b7167a9881e46b1f1f2d44aec53828132fc047aa82af373cb306a5,2026-06-01
SZSE,20240118,false,tushare,LOCAL_USER_PROVIDED,data/research_db/market_data/processed/trading_calendar.csv,6a8fa077e9b7167a9881e46b1f1f2d44aec53828132fc047aa82af373cb306a5,2026-06-01
SZSE,20240119,false,tushare,LOCAL_USER_PROVIDED,data/research_db/market_data/processed/trading_calendar.csv,6a8fa077e9b7167a9881e46b1f1f2d44aec53828132fc047aa82af373cb306a5,2026-06-01
SZSE,20240120,false,tushare,LOCAL_USER_PROVIDED,data/research_db/market_data/processed/trading_calendar.csv,6a8fa077e9b7167a9881e46b1f1f2d44aec53828132fc047aa82af373cb306a5,2026-06-01
SZSE,20240121,false,tushare,LOCAL_USER_PROVIDED,data/research_db/market_data/processed/trading_calendar.csv,6a8fa077e9b7167a9881e46b1f1f2d44aec53828132fc047aa82af373cb306a5,2026-06-01
SZSE,20240122,false,tushare,LOCAL_USER_PROVIDED,data/research_db/market_data/processed/trading_calendar.csv,6a8fa077e9b7167a9881e46b1f1f2d44aec53828132fc047aa82af373cb306a5,2026-06-01
SZSE,20240123,false,tushare,LOCAL_USER_PROVIDED,data/research_db/market_data/processed/trading_calendar.csv,6a8fa077e9b7167a9881e46b1f1f2d44aec53828132fc047aa82af373cb306a5,2026-06-01
SZSE,20240124,false,tushare,LOCAL_USER_PROVIDED,data/research_db/market_data/processed/trading_calendar.csv,6a8fa077e9b7167a9881e46b1f1f2d44aec53828132fc047aa82af373cb306a5,2026-06-01
SZSE,20240125,false,tushare,LOCAL_USER_PROVIDED,data/research_db/market_data/processed/trading_calendar.csv,6a8fa077e9b7167a9881e46b1f1f2d44aec53828132fc047aa82af373cb306a5,2026-06-01
SZSE,20240126,false,tushare,LOCAL_USER_PROVIDED,data/research_db/market_data/processed/trading_calendar.csv,6a8fa077e9b7167a9881e46b1f1f2d44aec53828132fc047aa82af373cb306a5,2026-06-01
SZSE,20240127,false,tushare,LOCAL_USER_PROVIDED,data/research_db/market_data/processed/trading_calendar.csv,6a8fa077e9b7167a9881e46b1f1f2d44aec53828132fc047aa82af373cb306a5,2026-06-01
SZSE,20240128,false,tushare,LOCAL_USER_PROVIDED,data/research_db/market_data/processed/trading_calendar.csv,6a8fa077e9b7167a9881e46b1f1f2d44aec53828132fc047aa82af373cb306a5,2026-06-01
SZSE,20240129,false,tushare,LOCAL_USER_PROVIDED,data/research_db/market_data/processed/trading_calendar.csv,6a8fa077e9b7167a9881e46b1f1f2d44aec53828132fc047aa82af373cb306a5,2026-06-01
SZSE,20240130,false,tushare,LOCAL_USER_PROVIDED,data/research_db/market_data/processed/trading_calendar.csv,6a8fa077e9b7167a9881e46b1f1f2d44aec53828132fc047aa82af373cb306a5,2026-06-01
SZSE,20240131,false,tushare,LOCAL_USER_PROVIDED,data/research_db/market_data/processed/trading_calendar.csv,6a8fa077e9b7167a9881e46b1f1f2d44aec53828132fc047aa82af373cb306a5,2026-06-01
SZSE,20240201,false,tushare,LOCAL_USER_PROVIDED,data/research_db/market_data/processed/trading_calendar.csv,6a8fa077e9b7167a9881e46b1f1f2d44aec53828132fc047aa82af373cb306a5,2026-06-01
SZSE,20240202,false,tushare,LOCAL_USER_PROVIDED,data/research_db/market_data/processed/trading_calendar.csv,6a8fa077e9b7167a9881e46b1f1f2d44aec53828132fc047aa82af373cb306a5,2026-06-01
SZSE,20240203,false,tushare,LOCAL_USER_PROVIDED,data/research_db/market_data/processed/trading_calendar.csv,6a8fa077e9b7167a9881e46b1f1f2d44aec53828132fc047aa82af373cb306a5,2026-06-01
SZSE,20240204,false,tushare,LOCAL_USER_PROVIDED,data/research_db/market_data/processed/trading_calendar.csv,6a8fa077e9b7167a9881e46b1f1f2d44aec53828132fc047aa82af373cb306a5,2026-06-01
SZSE,20240205,false,tushare,LOCAL_USER_PROVIDED,data/research_db/market_data/processed/trading_calendar.csv,6a8fa077e9b7167a9881e46b1f1f2d44aec53828132fc047aa82af373cb306a5,2026-06-01
SZSE,20240206,false,tushare,LOCAL_USER_PROVIDED,data/research_db/market_data/processed/trading_calendar.csv,6a8fa077e9b7167a9881e46b1f1f2d44aec53828132fc047aa82af373cb306a5,2026-06-01
SZSE,20240207,false,tushare,LOCAL_USER_PROVIDED,data/research_db/market_data/processed/trading_calendar.csv,6a8fa077e9b7167a9881e46b1f1f2d44aec53828132fc047aa82af373cb306a5,2026-06-01
SZSE,20240208,false,tushare,LOCAL_USER_PROVIDED,data/research_db/market_data/processed/trading_calendar.csv,6a8fa077e9b7167a9881e46b1f1f2d44aec53828132fc047aa82af373cb306a5,2026-06-01
SZSE,20240209,false,tushare,LOCAL_USER_PROVIDED,data/research_db/market_data/processed/trading_calendar.csv,6a8fa077e9b7167a9881e46b1f1f2d44aec53828132fc047aa82af373cb306a5,2026-06-01
SZSE,20240210,false,tushare,LOCAL_USER_PROVIDED,data/research_db/market_data/processed/trading_calendar.csv,6a8fa077e9b7167a9881e46b1f1f2d44aec53828132fc047aa82af373cb306a5,2026-06-01
SZSE,20240211,false,tushare,LOCAL_USER_PROVIDED,data/research_db/market_data/processed/trading_calendar.csv,6a8fa077e9b7167a9881e46b1f1f2d44aec53828132fc047aa82af373cb306a5,2026-06-01
SZSE,20240212,false,tushare,LOCAL_USER_PROVIDED,data/research_db/market_data/processed/trading_calendar.csv,6a8fa077e9b7167a9881e46b1f1f2d44aec53828132fc047aa82af373cb306a5,2026-06-01
SZSE,20240213,false,tushare,LOCAL_USER_PROVIDED,data/research_db/market_data/processed/trading_calendar.csv,6a8fa077e9b7167a9881e46b1f1f2d44aec53828132fc047aa82af373cb306a5,2026-06-01
SZSE,20240214,false,tushare,LOCAL_USER_PROVIDED,data/research_db/market_data/processed/trading_calendar.csv,6a8fa077e9b7167a9881e46b1f1f2d44aec53828132fc047aa82af373cb306a5,2026-06-01
SZSE,20240215,false,tushare,LOCAL_USER_PROVIDED,data/research_db/market_data/processed/trading_calendar.csv,6a8fa077e9b7167a9881e46b1f1f2d44aec53828132fc047aa82af373cb306a5,2026-06-01
SZSE,20240216,false,tushare,LOCAL_USER_PROVIDED,data/research_db/market_data/processed/trading_calendar.csv,6a8fa077e9b7167a9881e46b1f1f2d44aec53828132fc047aa82af373cb306a5,2026-06-01
SZSE,20240217,false,tushare,LOCAL_USER_PROVIDED,data/research_db/market_data/processed/trading_calendar.csv,6a8fa077e9b7167a9881e46b1f1f2d44aec53828132fc047aa82af373cb306a5,2026-06-01
SZSE,20240218,false,tushare,LOCAL_USER_PROVIDED,data/research_db/market_data/processed/trading_calendar.csv,6a8fa077e9b7167a9881e46b1f1f2d44aec53828132fc047aa82af373cb306a5,2026-06-01
SZSE,20240219,false,tushare,LOCAL_USER_PROVIDED,data/research_db/market_data/processed/trading_calendar.csv,6a8fa077e9b7167a9881e46b1f1f2d44aec53828132fc047aa82af373cb306a5,2026-06-01
SZSE,20240220,false,tushare,LOCAL_USER_PROVIDED,data/research_db/market_data/processed/trading_calendar.csv,6a8fa077e9b7167a9881e46b1f1f2d44aec53828132fc047aa82af373cb306a5,2026-06-01
SZSE,20240221,false,tushare,LOCAL_USER_PROVIDED,data/research_db/market_data/processed/trading_calendar.csv,6a8fa077e9b7167a9881e46b1f1f2d44aec53828132fc047aa82af373cb306a5,2026-06-01
SZSE,20240222,false,tushare,LOCAL_USER_PROVIDED,data/research_db/market_data/processed/trading_calendar.csv,6a8fa077e9b7167a9881e46b1f1f2d44aec53828132fc047aa82af373cb306a5,2026-06-01
SZSE,20240223,false,tushare,LOCAL_USER_PROVIDED,data/research_db/market_data/processed/trading_calendar.csv,6a8fa077e9b7167a9881e46b1f1f2d44aec53828132fc047aa82af373cb306a5,2026-06-01
SZSE,20240224,false,tushare,LOCAL_USER_PROVIDED,data/research_db/market_data/processed/trading_calendar.csv,6a8fa077e9b7167a9881e46b1f1f2d44aec53828132fc047aa82af373cb306a5,2026-06-01
SZSE,20240225,false,tushare,LOCAL_USER_PROVIDED,data/research_db/market_data/processed/trading_calendar.csv,6a8fa077e9b7167a9881e46b1f1f2d44aec53828132fc047aa82af373cb306a5,2026-06-01
SZSE,20240226,false,tushare,LOCAL_USER_PROVIDED,data/research_db/market_data/processed/trading_calendar.csv,6a8fa077e9b7167a9881e46b1f1f2d44aec53828132fc047aa82af373cb306a5,2026-06-01
SZSE,20240227,false,tushare,LOCAL_USER_PROVIDED,data/research_db/market_data/processed/trading_calendar.csv,6a8fa077e9b7167a9881e46b1f1f2d44aec53828132fc047aa82af373cb306a5,2026-06-01
SZSE,20240228,false,tushare,LOCAL_USER_PROVIDED,data/research_db/market_data/processed/trading_calendar.csv,6a8fa077e9b7167a9881e46b1f1f2d44aec53828132fc047aa82af373cb306a5,2026-06-01
SZSE,20240229,false,tushare,LOCAL_USER_PROVIDED,data/research_db/market_data/processed/trading_calendar.csv,6a8fa077e9b7167a9881e46b1f1f2d44aec53828132fc047aa82af373cb306a5,2026-06-01
SZSE,20240301,false,tushare,LOCAL_USER_PROVIDED,data/research_db/market_data/processed/trading_calendar.csv,6a8fa077e9b7167a9881e46b1f1f2d44aec53828132fc047aa82af373cb306a5,2026-06-01
SZSE,20240302,false,tushare,LOCAL_USER_PROVIDED,data/research_db/market_data/processed/trading_calendar.csv,6a8fa077e9b7167a9881e46b1f1f2d44aec53828132fc047aa82af373cb306a5,2026-06-01
SZSE,20240303,false,tushare,LOCAL_USER_PROVIDED,data/research_db/market_data/processed/trading_calendar.csv,6a8fa077e9b7167a9881e46b1f1f2d44aec53828132fc047aa82af373cb306a5,2026-06-01
SZSE,20240304,false,tushare,LOCAL_USER_PROVIDED,data/research_db/market_data/processed/trading_calendar.csv,6a8fa077e9b7167a9881e46b1f1f2d44aec53828132fc047aa82af373cb306a5,2026-06-01
SZSE,20240305,false,tushare,LOCAL_USER_PROVIDED,data/research_db/market_data/processed/trading_calendar.csv,6a8fa077e9b7167a9881e46b1f1f2d44aec53828132fc047aa82af373cb306a5,2026-06-01
SZSE,20240306,false,tushare,LOCAL_USER_PROVIDED,data/research_db/market_data/processed/trading_calendar.csv,6a8fa077e9b7167a9881e46b1f1f2d44aec53828132fc047aa82af373cb306a5,2026-06-01
SZSE,20240307,false,tushare,LOCAL_USER_PROVIDED,data/research_db/market_data/processed/trading_calendar.csv,6a8fa077e9b7167a9881e46b1f1f2d44aec53828132fc047aa82af373cb306a5,2026-06-01
SZSE,20240308,false,tushare,LOCAL_USER_PROVIDED,data/research_db/market_data/processed/trading_calendar.csv,6a8fa077e9b7167a9881e46b1f1f2d44aec53828132fc047aa82af373cb306a5,2026-06-01
SZSE,20240309,false,tushare,LOCAL_USER_PROVIDED,data/research_db/market_data/processed/trading_calendar.csv,6a8fa077e9b7167a9881e46b1f1f2d44aec53828132fc047aa82af373cb306a5,2026-06-01
SZSE,20240310,false,tushare,LOCAL_USER_PROVIDED,data/research_db/market_data/processed/trading_calendar.csv,6a8fa077e9b7167a9881e46b1f1f2d44aec53828132fc047aa82af373cb306a5,2026-06-01
SZSE,20240311,false,tushare,LOCAL_USER_PROVIDED,data/research_db/market_data/processed/trading_calendar.csv,6a8fa077e9b7167a9881e46b1f1f2d44aec53828132fc047aa82af373cb306a5,2026-06-01
SZSE,20240312,false,tushare,LOCAL_USER_PROVIDED,data/research_db/market_data/processed/trading_calendar.csv,6a8fa077e9b7167a9881e46b1f1f2d44aec53828132fc047aa82af373cb306a5,2026-06-01
SZSE,20240313,false,tushare,LOCAL_USER_PROVIDED,data/research_db/market_data/processed/trading_calendar.csv,6a8fa077e9b7167a9881e46b1f1f2d44aec53828132fc047aa82af373cb306a5,2026-06-01
SZSE,20240314,false,tushare,LOCAL_USER_PROVIDED,data/research_db/market_data/processed/trading_calendar.csv,6a8fa077e9b7167a9881e46b1f1f2d44aec53828132fc047aa82af373cb306a5,2026-06-01
SZSE,20240315,false,tushare,LOCAL_USER_PROVIDED,data/research_db/market_data/processed/trading_calendar.csv,6a8fa077e9b7167a9881e46b1f1f2d44aec53828132fc047aa82af373cb306a5,2026-06-01
SZSE,20240316,false,tushare,LOCAL_USER_PROVIDED,data/research_db/market_data/processed/trading_calendar.csv,6a8fa077e9b7167a9881e46b1f1f2d44aec53828132fc047aa82af373cb306a5,2026-06-01
SZSE,20240317,false,tushare,LOCAL_USER_PROVIDED,data/research_db/market_data/processed/trading_calendar.csv,6a8fa077e9b7167a9881e46b1f1f2d44aec53828132fc047aa82af373cb306a5,2026-06-01
SZSE,20240318,false,tushare,LOCAL_USER_PROVIDED,data/research_db/market_data/processed/trading_calendar.csv,6a8fa077e9b7167a9881e46b1f1f2d44aec53828132fc047aa82af373cb306a5,2026-06-01
SZSE,20240319,false,tushare,LOCAL_USER_PROVIDED,data/research_db/market_data/processed/trading_calendar.csv,6a8fa077e9b7167a9881e46b1f1f2d44aec53828132fc047aa82af373cb306a5,2026-06-01
SZSE,20240320,false,tushare,LOCAL_USER_PROVIDED,data/research_db/market_data/processed/trading_calendar.csv,6a8fa077e9b7167a9881e46b1f1f2d44aec53828132fc047aa82af373cb306a5,2026-06-01
SZSE,20240321,false,tushare,LOCAL_USER_PROVIDED,data/research_db/market_data/processed/trading_calendar.csv,6a8fa077e9b7167a9881e46b1f1f2d44aec53828132fc047aa82af373cb306a5,2026-06-01
SZSE,20240322,false,tushare,LOCAL_USER_PROVIDED,data/research_db/market_data/processed/trading_calendar.csv,6a8fa077e9b7167a9881e46b1f1f2d44aec53828132fc047aa82af373cb306a5,2026-06-01
SZSE,20240323,false,tushare,LOCAL_USER_PROVIDED,data/research_db/market_data/processed/trading_calendar.csv,6a8fa077e9b7167a9881e46b1f1f2d44aec53828132fc047aa82af373cb306a5,2026-06-01
SZSE,20240324,false,tushare,LOCAL_USER_PROVIDED,data/research_db/market_data/processed/trading_calendar.csv,6a8fa077e9b7167a9881e46b1f1f2d44aec53828132fc047aa82af373cb306a5,2026-06-01
SZSE,20240325,false,tushare,LOCAL_USER_PROVIDED,data/research_db/market_data/processed/trading_calendar.csv,6a8fa077e9b7167a9881e46b1f1f2d44aec53828132fc047aa82af373cb306a5,2026-06-01
SZSE,20240326,false,tushare,LOCAL_USER_PROVIDED,data/research_db/market_data/processed/trading_calendar.csv,6a8fa077e9b7167a9881e46b1f1f2d44aec53828132fc047aa82af373cb306a5,2026-06-01
SZSE,20240327,false,tushare,LOCAL_USER_PROVIDED,data/research_db/market_data/processed/trading_calendar.csv,6a8fa077e9b7167a9881e46b1f1f2d44aec53828132fc047aa82af373cb306a5,2026-06-01
SZSE,20240328,false,tushare,LOCAL_USER_PROVIDED,data/research_db/market_data/processed/trading_calendar.csv,6a8fa077e9b7167a9881e46b1f1f2d44aec53828132fc047aa82af373cb306a5,2026-06-01
SZSE,20240329,false,tushare,LOCAL_USER_PROVIDED,data/research_db/market_data/processed/trading_calendar.csv,6a8fa077e9b7167a9881e46b1f1f2d44aec53828132fc047aa82af373cb306a5,2026-06-01
SZSE,20240330,false,tushare,LOCAL_USER_PROVIDED,data/research_db/market_data/processed/trading_calendar.csv,6a8fa077e9b7167a9881e46b1f1f2d44aec53828132fc047aa82af373cb306a5,2026-06-01
SZSE,20240331,false,tushare,LOCAL_USER_PROVIDED,data/research_db/market_data/processed/trading_calendar.csv,6a8fa077e9b7167a9881e46b1f1f2d44aec53828132fc047aa82af373cb306a5,2026-06-01
SZSE,20240401,false,tushare,LOCAL_USER_PROVIDED,data/research_db/market_data/processed/trading_calendar.csv,6a8fa077e9b7167a9881e46b1f1f2d44aec53828132fc047aa82af373cb306a5,2026-06-01
SZSE,20240402,false,tushare,LOCAL_USER_PROVIDED,data/research_db/market_data/processed/trading_calendar.csv,6a8fa077e9b7167a9881e46b1f1f2d44aec53828132fc047aa82af373cb306a5,2026-06-01
SZSE,20240403,false,tushare,LOCAL_USER_PROVIDED,data/research_db/market_data/processed/trading_calendar.csv,6a8fa077e9b7167a9881e46b1f1f2d44aec53828132fc047aa82af373cb306a5,2026-06-01
SZSE,20240404,false,tushare,LOCAL_USER_PROVIDED,data/research_db/market_data/processed/trading_calendar.csv,6a8fa077e9b7167a9881e46b1f1f2d44aec53828132fc047aa82af373cb306a5,2026-06-01
SZSE,20240405,false,tushare,LOCAL_USER_PROVIDED,data/research_db/market_data/processed/trading_calendar.csv,6a8fa077e9b7167a9881e46b1f1f2d44aec53828132fc047aa82af373cb306a5,2026-06-01
SZSE,20240406,false,tushare,LOCAL_USER_PROVIDED,data/research_db/market_data/processed/trading_calendar.csv,6a8fa077e9b7167a9881e46b1f1f2d44aec53828132fc047aa82af373cb306a5,2026-06-01
SZSE,20240407,false,tushare,LOCAL_USER_PROVIDED,data/research_db/market_data/processed/trading_calendar.csv,6a8fa077e9b7167a9881e46b1f1f2d44aec53828132fc047aa82af373cb306a5,2026-06-01
SZSE,20240408,false,tushare,LOCAL_USER_PROVIDED,data/research_db/market_data/processed/trading_calendar.csv,6a8fa077e9b7167a9881e46b1f1f2d44aec53828132fc047aa82af373cb306a5,2026-06-01
SZSE,20240409,false,tushare,LOCAL_USER_PROVIDED,data/research_db/market_data/processed/trading_calendar.csv,6a8fa077e9b7167a9881e46b1f1f2d44aec53828132fc047aa82af373cb306a5,2026-06-01
SZSE,20240410,false,tushare,LOCAL_USER_PROVIDED,data/research_db/market_data/processed/trading_calendar.csv,6a8fa077e9b7167a9881e46b1f1f2d44aec53828132fc047aa82af373cb306a5,2026-06-01
SZSE,20240411,false,tushare,LOCAL_USER_PROVIDED,data/research_db/market_data/processed/trading_calendar.csv,6a8fa077e9b7167a9881e46b1f1f2d44aec53828132fc047aa82af373cb306a5,2026-06-01
SZSE,20240412,false,tushare,LOCAL_USER_PROVIDED,data/research_db/market_data/processed/trading_calendar.csv,6a8fa077e9b7167a9881e46b1f1f2d44aec53828132fc047aa82af373cb306a5,2026-06-01
SZSE,20240413,false,tushare,LOCAL_USER_PROVIDED,data/research_db/market_data/processed/trading_calendar.csv,6a8fa077e9b7167a9881e46b1f1f2d44aec53828132fc047aa82af373cb306a5,2026-06-01
SZSE,20240414,false,tushare,LOCAL_USER_PROVIDED,data/research_db/market_data/processed/trading_calendar.csv,6a8fa077e9b7167a9881e46b1f1f2d44aec53828132fc047aa82af373cb306a5,2026-06-01
SZSE,20240415,false,tushare,LOCAL_USER_PROVIDED,data/research_db/market_data/processed/trading_calendar.csv,6a8fa077e9b7167a9881e46b1f1f2d44aec53828132fc047aa82af373cb306a5,2026-06-01
SZSE,20240416,false,tushare,LOCAL_USER_PROVIDED,data/research_db/market_data/processed/trading_calendar.csv,6a8fa077e9b7167a9881e46b1f1f2d44aec53828132fc047aa82af373cb306a5,2026-06-01
SZSE,20240417,false,tushare,LOCAL_USER_PROVIDED,data/research_db/market_data/processed/trading_calendar.csv,6a8fa077e9b7167a9881e46b1f1f2d44aec53828132fc047aa82af373cb306a5,2026-06-01
SZSE,20240418,false,tushare,LOCAL_USER_PROVIDED,data/research_db/market_data/processed/trading_calendar.csv,6a8fa077e9b7167a9881e46b1f1f2d44aec53828132fc047aa82af373cb306a5,2026-06-01
SZSE,20240419,false,tushare,LOCAL_USER_PROVIDED,data/research_db/market_data/processed/trading_calendar.csv,6a8fa077e9b7167a9881e46b1f1f2d44aec53828132fc047aa82af373cb306a5,2026-06-01
SZSE,20240420,false,tushare,LOCAL_USER_PROVIDED,data/research_db/market_data/processed/trading_calendar.csv,6a8fa077e9b7167a9881e46b1f1f2d44aec53828132fc047aa82af373cb306a5,2026-06-01
SZSE,20240421,false,tushare,LOCAL_USER_PROVIDED,data/research_db/market_data/processed/trading_calendar.csv,6a8fa077e9b7167a9881e46b1f1f2d44aec53828132fc047aa82af373cb306a5,2026-06-01
SZSE,20240422,false,tushare,LOCAL_USER_PROVIDED,data/research_db/market_data/processed/trading_calendar.csv,6a8fa077e9b7167a9881e46b1f1f2d44aec53828132fc047aa82af373cb306a5,2026-06-01
SZSE,20240423,false,tushare,LOCAL_USER_PROVIDED,data/research_db/market_data/processed/trading_calendar.csv,6a8fa077e9b7167a9881e46b1f1f2d44aec53828132fc047aa82af373cb306a5,2026-06-01
SZSE,20240424,false,tushare,LOCAL_USER_PROVIDED,data/research_db/market_data/processed/trading_calendar.csv,6a8fa077e9b7167a9881e46b1f1f2d44aec53828132fc047aa82af373cb306a5,2026-06-01
SZSE,20240425,false,tushare,LOCAL_USER_PROVIDED,data/research_db/market_data/processed/trading_calendar.csv,6a8fa077e9b7167a9881e46b1f1f2d44aec53828132fc047aa82af373cb306a5,2026-06-01
SZSE,20240426,false,tushare,LOCAL_USER_PROVIDED,data/research_db/market_data/processed/trading_calendar.csv,6a8fa077e9b7167a9881e46b1f1f2d44aec53828132fc047aa82af373cb306a5,2026-06-01
SZSE,20240427,false,tushare,LOCAL_USER_PROVIDED,data/research_db/market_data/processed/trading_calendar.csv,6a8fa077e9b7167a9881e46b1f1f2d44aec53828132fc047aa82af373cb306a5,2026-06-01
SZSE,20240428,false,tushare,LOCAL_USER_PROVIDED,data/research_db/market_data/processed/trading_calendar.csv,6a8fa077e9b7167a9881e46b1f1f2d44aec53828132fc047aa82af373cb306a5,2026-06-01
SZSE,20240429,false,tushare,LOCAL_USER_PROVIDED,data/research_db/market_data/processed/trading_calendar.csv,6a8fa077e9b7167a9881e46b1f1f2d44aec53828132fc047aa82af373cb306a5,2026-06-01
SZSE,20240430,false,tushare,LOCAL_USER_PROVIDED,data/research_db/market_data/processed/trading_calendar.csv,6a8fa077e9b7167a9881e46b1f1f2d44aec53828132fc047aa82af373cb306a5,2026-06-01
SZSE,20240501,false,tushare,LOCAL_USER_PROVIDED,data/research_db/market_data/processed/trading_calendar.csv,6a8fa077e9b7167a9881e46b1f1f2d44aec53828132fc047aa82af373cb306a5,2026-06-01
SZSE,20240502,false,tushare,LOCAL_USER_PROVIDED,data/research_db/market_data/processed/trading_calendar.csv,6a8fa077e9b7167a9881e46b1f1f2d44aec53828132fc047aa82af373cb306a5,2026-06-01
SZSE,20240503,false,tushare,LOCAL_USER_PROVIDED,data/research_db/market_data/processed/trading_calendar.csv,6a8fa077e9b7167a9881e46b1f1f2d44aec53828132fc047aa82af373cb306a5,2026-06-01
SZSE,20240504,false,tushare,LOCAL_USER_PROVIDED,data/research_db/market_data/processed/trading_calendar.csv,6a8fa077e9b7167a9881e46b1f1f2d44aec53828132fc047aa82af373cb306a5,2026-06-01
SZSE,20240505,false,tushare,LOCAL_USER_PROVIDED,data/research_db/market_data/processed/trading_calendar.csv,6a8fa077e9b7167a9881e46b1f1f2d44aec53828132fc047aa82af373cb306a5,2026-06-01
SZSE,20240506,false,tushare,LOCAL_USER_PROVIDED,data/research_db/market_data/processed/trading_calendar.csv,6a8fa077e9b7167a9881e46b1f1f2d44aec53828132fc047aa82af373cb306a5,2026-06-01
SZSE,20240507,false,tushare,LOCAL_USER_PROVIDED,data/research_db/market_data/processed/trading_calendar.csv,6a8fa077e9b7167a9881e46b1f1f2d44aec53828132fc047aa82af373cb306a5,2026-06-01
SZSE,20240508,false,tushare,LOCAL_USER_PROVIDED,data/research_db/market_data/processed/trading_calendar.csv,6a8fa077e9b7167a9881e46b1f1f2d44aec53828132fc047aa82af373cb306a5,2026-06-01
SZSE,20240509,false,tushare,LOCAL_USER_PROVIDED,data/research_db/market_data/processed/trading_calendar.csv,6a8fa077e9b7167a9881e46b1f1f2d44aec53828132fc047aa82af373cb306a5,2026-06-01
SZSE,20240510,false,tushare,LOCAL_USER_PROVIDED,data/research_db/market_data/processed/trading_calendar.csv,6a8fa077e9b7167a9881e46b1f1f2d44aec53828132fc047aa82af373cb306a5,2026-06-01
SZSE,20240511,false,tushare,LOCAL_USER_PROVIDED,data/research_db/market_data/processed/trading_calendar.csv,6a8fa077e9b7167a9881e46b1f1f2d44aec53828132fc047aa82af373cb306a5,2026-06-01
SZSE,20240512,false,tushare,LOCAL_USER_PROVIDED,data/research_db/market_data/processed/trading_calendar.csv,6a8fa077e9b7167a9881e46b1f1f2d44aec53828132fc047aa82af373cb306a5,2026-06-01
SZSE,20240513,false,tushare,LOCAL_USER_PROVIDED,data/research_db/market_data/processed/trading_calendar.csv,6a8fa077e9b7167a9881e46b1f1f2d44aec53828132fc047aa82af373cb306a5,2026-06-01
SZSE,20240514,false,tushare,LOCAL_USER_PROVIDED,data/research_db/market_data/processed/trading_calendar.csv,6a8fa077e9b7167a9881e46b1f1f2d44aec53828132fc047aa82af373cb306a5,2026-06-01
SZSE,20240515,false,tushare,LOCAL_USER_PROVIDED,data/research_db/market_data/processed/trading_calendar.csv,6a8fa077e9b7167a9881e46b1f1f2d44aec53828132fc047aa82af373cb306a5,2026-06-01
SZSE,20240516,false,tushare,LOCAL_USER_PROVIDED,data/research_db/market_data/processed/trading_calendar.csv,6a8fa077e9b7167a9881e46b1f1f2d44aec53828132fc047aa82af373cb306a5,2026-06-01
SZSE,20240517,false,tushare,LOCAL_USER_PROVIDED,data/research_db/market_data/processed/trading_calendar.csv,6a8fa077e9b7167a9881e46b1f1f2d44aec53828132fc047aa82af373cb306a5,2026-06-01
SZSE,20240518,false,tushare,LOCAL_USER_PROVIDED,data/research_db/market_data/processed/trading_calendar.csv,6a8fa077e9b7167a9881e46b1f1f2d44aec53828132fc047aa82af373cb306a5,2026-06-01
SZSE,20240519,false,tushare,LOCAL_USER_PROVIDED,data/research_db/market_data/processed/trading_calendar.csv,6a8fa077e9b7167a9881e46b1f1f2d44aec53828132fc047aa82af373cb306a5,2026-06-01
SZSE,20240520,false,tushare,LOCAL_USER_PROVIDED,data/research_db/market_data/processed/trading_calendar.csv,6a8fa077e9b7167a9881e46b1f1f2d44aec53828132fc047aa82af373cb306a5,2026-06-01
SZSE,20240521,false,tushare,LOCAL_USER_PROVIDED,data/research_db/market_data/processed/trading_calendar.csv,6a8fa077e9b7167a9881e46b1f1f2d44aec53828132fc047aa82af373cb306a5,2026-06-01
SZSE,20240522,false,tushare,LOCAL_USER_PROVIDED,data/research_db/market_data/processed/trading_calendar.csv,6a8fa077e9b7167a9881e46b1f1f2d44aec53828132fc047aa82af373cb306a5,2026-06-01
SZSE,20240523,false,tushare,LOCAL_USER_PROVIDED,data/research_db/market_data/processed/trading_calendar.csv,6a8fa077e9b7167a9881e46b1f1f2d44aec53828132fc047aa82af373cb306a5,2026-06-01
SZSE,20240524,false,tushare,LOCAL_USER_PROVIDED,data/research_db/market_data/processed/trading_calendar.csv,6a8fa077e9b7167a9881e46b1f1f2d44aec53828132fc047aa82af373cb306a5,2026-06-01
SZSE,20240525,false,tushare,LOCAL_USER_PROVIDED,data/research_db/market_data/processed/trading_calendar.csv,6a8fa077e9b7167a9881e46b1f1f2d44aec53828132fc047aa82af373cb306a5,2026-06-01
SZSE,20240526,false,tushare,LOCAL_USER_PROVIDED,data/research_db/market_data/processed/trading_calendar.csv,6a8fa077e9b7167a9881e46b1f1f2d44aec53828132fc047aa82af373cb306a5,2026-06-01
SZSE,20240527,false,tushare,LOCAL_USER_PROVIDED,data/research_db/market_data/processed/trading_calendar.csv,6a8fa077e9b7167a9881e46b1f1f2d44aec53828132fc047aa82af373cb306a5,2026-06-01
SZSE,20240528,false,tushare,LOCAL_USER_PROVIDED,data/research_db/market_data/processed/trading_calendar.csv,6a8fa077e9b7167a9881e46b1f1f2d44aec53828132fc047aa82af373cb306a5,2026-06-01
SZSE,20240529,false,tushare,LOCAL_USER_PROVIDED,data/research_db/market_data/processed/trading_calendar.csv,6a8fa077e9b7167a9881e46b1f1f2d44aec53828132fc047aa82af373cb306a5,2026-06-01
SZSE,20240530,false,tushare,LOCAL_USER_PROVIDED,data/research_db/market_data/processed/trading_calendar.csv,6a8fa077e9b7167a9881e46b1f1f2d44aec53828132fc047aa82af373cb306a5,2026-06-01
SZSE,20240531,false,tushare,LOCAL_USER_PROVIDED,data/research_db/market_data/processed/trading_calendar.csv,6a8fa077e9b7167a9881e46b1f1f2d44aec53828132fc047aa82af373cb306a5,2026-06-01
SZSE,20240601,false,tushare,LOCAL_USER_PROVIDED,data/research_db/market_data/processed/trading_calendar.csv,6a8fa077e9b7167a9881e46b1f1f2d44aec53828132fc047aa82af373cb306a5,2026-06-01
SZSE,20240602,false,tushare,LOCAL_USER_PROVIDED,data/research_db/market_data/processed/trading_calendar.csv,6a8fa077e9b7167a9881e46b1f1f2d44aec53828132fc047aa82af373cb306a5,2026-06-01
SZSE,20240603,false,tushare,LOCAL_USER_PROVIDED,data/research_db/market_data/processed/trading_calendar.csv,6a8fa077e9b7167a9881e46b1f1f2d44aec53828132fc047aa82af373cb306a5,2026-06-01
SZSE,20240604,false,tushare,LOCAL_USER_PROVIDED,data/research_db/market_data/processed/trading_calendar.csv,6a8fa077e9b7167a9881e46b1f1f2d44aec53828132fc047aa82af373cb306a5,2026-06-01
SZSE,20240605,false,tushare,LOCAL_USER_PROVIDED,data/research_db/market_data/processed/trading_calendar.csv,6a8fa077e9b7167a9881e46b1f1f2d44aec53828132fc047aa82af373cb306a5,2026-06-01
SZSE,20240606,false,tushare,LOCAL_USER_PROVIDED,data/research_db/market_data/processed/trading_calendar.csv,6a8fa077e9b7167a9881e46b1f1f2d44aec53828132fc047aa82af373cb306a5,2026-06-01
SZSE,20240607,false,tushare,LOCAL_USER_PROVIDED,data/research_db/market_data/processed/trading_calendar.csv,6a8fa077e9b7167a9881e46b1f1f2d44aec53828132fc047aa82af373cb306a5,2026-06-01
SZSE,20240608,false,tushare,LOCAL_USER_PROVIDED,data/research_db/market_data/processed/trading_calendar.csv,6a8fa077e9b7167a9881e46b1f1f2d44aec53828132fc047aa82af373cb306a5,2026-06-01
SZSE,20240609,false,tushare,LOCAL_USER_PROVIDED,data/research_db/market_data/processed/trading_calendar.csv,6a8fa077e9b7167a9881e46b1f1f2d44aec53828132fc047aa82af373cb306a5,2026-06-01
SZSE,20240610,false,tushare,LOCAL_USER_PROVIDED,data/research_db/market_data/processed/trading_calendar.csv,6a8fa077e9b7167a9881e46b1f1f2d44aec53828132fc047aa82af373cb306a5,2026-06-01
SZSE,20240611,false,tushare,LOCAL_USER_PROVIDED,data/research_db/market_data/processed/trading_calendar.csv,6a8fa077e9b7167a9881e46b1f1f2d44aec53828132fc047aa82af373cb306a5,2026-06-01
SZSE,20240612,false,tushare,LOCAL_USER_PROVIDED,data/research_db/market_data/processed/trading_calendar.csv,6a8fa077e9b7167a9881e46b1f1f2d44aec53828132fc047aa82af373cb306a5,2026-06-01
SZSE,20240613,false,tushare,LOCAL_USER_PROVIDED,data/research_db/market_data/processed/trading_calendar.csv,6a8fa077e9b7167a9881e46b1f1f2d44aec53828132fc047aa82af373cb306a5,2026-06-01
SZSE,20240614,false,tushare,LOCAL_USER_PROVIDED,data/research_db/market_data/processed/trading_calendar.csv,6a8fa077e9b7167a9881e46b1f1f2d44aec53828132fc047aa82af373cb306a5,2026-06-01
SZSE,20240615,false,tushare,LOCAL_USER_PROVIDED,data/research_db/market_data/processed/trading_calendar.csv,6a8fa077e9b7167a9881e46b1f1f2d44aec53828132fc047aa82af373cb306a5,2026-06-01
SZSE,20240616,false,tushare,LOCAL_USER_PROVIDED,data/research_db/market_data/processed/trading_calendar.csv,6a8fa077e9b7167a9881e46b1f1f2d44aec53828132fc047aa82af373cb306a5,2026-06-01
SZSE,20240617,false,tushare,LOCAL_USER_PROVIDED,data/research_db/market_data/processed/trading_calendar.csv,6a8fa077e9b7167a9881e46b1f1f2d44aec53828132fc047aa82af373cb306a5,2026-06-01
SZSE,20240618,false,tushare,LOCAL_USER_PROVIDED,data/research_db/market_data/processed/trading_calendar.csv,6a8fa077e9b7167a9881e46b1f1f2d44aec53828132fc047aa82af373cb306a5,2026-06-01
SZSE,20240619,false,tushare,LOCAL_USER_PROVIDED,data/research_db/market_data/processed/trading_calendar.csv,6a8fa077e9b7167a9881e46b1f1f2d44aec53828132fc047aa82af373cb306a5,2026-06-01
SZSE,20240620,false,tushare,LOCAL_USER_PROVIDED,data/research_db/market_data/processed/trading_calendar.csv,6a8fa077e9b7167a9881e46b1f1f2d44aec53828132fc047aa82af373cb306a5,2026-06-01
SZSE,20240621,false,tushare,LOCAL_USER_PROVIDED,data/research_db/market_data/processed/trading_calendar.csv,6a8fa077e9b7167a9881e46b1f1f2d44aec53828132fc047aa82af373cb306a5,2026-06-01
SZSE,20240622,false,tushare,LOCAL_USER_PROVIDED,data/research_db/market_data/processed/trading_calendar.csv,6a8fa077e9b7167a9881e46b1f1f2d44aec53828132fc047aa82af373cb306a5,2026-06-01
SZSE,20240623,false,tushare,LOCAL_USER_PROVIDED,data/research_db/market_data/processed/trading_calendar.csv,6a8fa077e9b7167a9881e46b1f1f2d44aec53828132fc047aa82af373cb306a5,2026-06-01
SZSE,20240624,false,tushare,LOCAL_USER_PROVIDED,data/research_db/market_data/processed/trading_calendar.csv,6a8fa077e9b7167a9881e46b1f1f2d44aec53828132fc047aa82af373cb306a5,2026-06-01
SZSE,20240625,false,tushare,LOCAL_USER_PROVIDED,data/research_db/market_data/processed/trading_calendar.csv,6a8fa077e9b7167a9881e46b1f1f2d44aec53828132fc047aa82af373cb306a5,2026-06-01
SZSE,20240626,false,tushare,LOCAL_USER_PROVIDED,data/research_db/market_data/processed/trading_calendar.csv,6a8fa077e9b7167a9881e46b1f1f2d44aec53828132fc047aa82af373cb306a5,2026-06-01
SZSE,20240627,false,tushare,LOCAL_USER_PROVIDED,data/research_db/market_data/processed/trading_calendar.csv,6a8fa077e9b7167a9881e46b1f1f2d44aec53828132fc047aa82af373cb306a5,2026-06-01
SZSE,20240628,false,tushare,LOCAL_USER_PROVIDED,data/research_db/market_data/processed/trading_calendar.csv,6a8fa077e9b7167a9881e46b1f1f2d44aec53828132fc047aa82af373cb306a5,2026-06-01
