rebalance_date,ticker,factor_value,factor_id,factor_name,source
20210501,000001,0.47,F16,F16,research_simulation
20210501,000002,0.13,F16,F16,research_simulation
20210501,000004,0.612,F16,F16,research_simulation
20210501,000006,0.881,F16,F16,research_simulation
20210501,000007,0.057,F16,F16,research_simulation
20210501,000008,0.06,F16,F16,research_simulation
20210501,000009,0.53,F16,F16,research_simulation
20210501,000010,0.262,F16,F16,research_simulation
20210501,000011,0.768,F16,F16,research_simulation
20210501,000012,0.092,F16,F16,research_simulation
20210501,000014,0.975,F16,F16,research_simulation
20210501,000016,0.351,F16,F16,research_simulation
20210501,000017,0.259,F16,F16,research_simulation
20210501,000019,0.71,F16,F16,research_simulation
20210501,000020,0.85,F16,F16,research_simulation
20210501,000021,0.243,F16,F16,research_simulation
20210501,000025,0.978,F16,F16,research_simulation
20210501,000026,0.556,F16,F16,research_simulation
20210501,000027,0.444,F16,F16,research_simulation
20210501,000028,0.712,F16,F16,research_simulation
20210501,000029,0.659,F16,F16,research_simulation
20210501,000030,0.59,F16,F16,research_simulation
20210501,000031,0.617,F16,F16,research_simulation
20210501,000032,0.04,F16,F16,research_simulation
20210501,000034,0.393,F16,F16,research_simulation
20210501,000035,0.573,F16,F16,research_simulation
20210501,000036,0.911,F16,F16,research_simulation
20210501,000037,0.128,F16,F16,research_simulation
20210501,000039,0.946,F16,F16,research_simulation
20210501,000042,0.432,F16,F16,research_simulation
20210501,000045,0.129,F16,F16,research_simulation
20210501,000048,0.233,F16,F16,research_simulation
20210501,000049,0.547,F16,F16,research_simulation
20210501,000050,0.023,F16,F16,research_simulation
20210501,000055,0.754,F16,F16,research_simulation
20210501,000056,0.198,F16,F16,research_simulation
20210501,000058,0.085,F16,F16,research_simulation
20210501,000059,0.131,F16,F16,research_simulation
20210501,000060,0.562,F16,F16,research_simulation
20210501,000061,0.87,F16,F16,research_simulation
20210501,000062,0.858,F16,F16,research_simulation
20210501,000063,0.375,F16,F16,research_simulation
20210501,000065,0.303,F16,F16,research_simulation
20210501,000066,0.388,F16,F16,research_simulation
20210501,000068,0.676,F16,F16,research_simulation
20210501,000069,0.018,F16,F16,research_simulation
20210501,000070,0.181,F16,F16,research_simulation
20210501,000078,0.105,F16,F16,research_simulation
20210501,000088,0.252,F16,F16,research_simulation
20210501,000089,0.926,F16,F16,research_simulation
20210501,000090,0.278,F16,F16,research_simulation
20210501,000096,0.37,F16,F16,research_simulation
20210501,000099,0.379,F16,F16,research_simulation
20210501,000100,0.943,F16,F16,research_simulation
20210501,000151,0.631,F16,F16,research_simulation
20210501,000153,0.298,F16,F16,research_simulation
20210501,000155,0.246,F16,F16,research_simulation
20210501,000156,0.392,F16,F16,research_simulation
20210501,000157,0.163,F16,F16,research_simulation
20210501,000158,0.97,F16,F16,research_simulation
20210501,000159,0.824,F16,F16,research_simulation
20210501,000166,0.568,F16,F16,research_simulation
20210501,000301,0.52,F16,F16,research_simulation
20210501,000333,0.858,F16,F16,research_simulation
20210501,000338,0.437,F16,F16,research_simulation
20210501,000400,0.753,F16,F16,research_simulation
20210501,000401,0.502,F16,F16,research_simulation
20210501,000402,0.089,F16,F16,research_simulation
20210501,000403,0.007,F16,F16,research_simulation
20210501,000404,0.794,F16,F16,research_simulation
20210501,000407,0.474,F16,F16,research_simulation
20210501,000408,0.691,F16,F16,research_simulation
20210501,000409,0.72,F16,F16,research_simulation
20210501,000410,0.861,F16,F16,research_simulation
20210501,000411,0.952,F16,F16,research_simulation
20210501,000415,0.498,F16,F16,research_simulation
20210501,000417,0.075,F16,F16,research_simulation
20210501,000419,0.369,F16,F16,research_simulation
20210501,000420,0.804,F16,F16,research_simulation
20210501,000421,0.483,F16,F16,research_simulation
20210501,000422,0.123,F16,F16,research_simulation
20210501,000423,0.13,F16,F16,research_simulation
20210501,000425,0.373,F16,F16,research_simulation
20210501,000426,0.971,F16,F16,research_simulation
20210501,000428,0.187,F16,F16,research_simulation
20210501,000429,0.097,F16,F16,research_simulation
20210501,000430,0.336,F16,F16,research_simulation
20210501,000488,0.897,F16,F16,research_simulation
20210501,000498,0.559,F16,F16,research_simulation
20210501,000501,0.956,F16,F16,research_simulation
20210501,000503,0.84,F16,F16,research_simulation
20210501,000504,0.53,F16,F16,research_simulation
20210501,000505,0.681,F16,F16,research_simulation
20210501,000506,0.058,F16,F16,research_simulation
20210501,000507,0.59,F16,F16,research_simulation
20210501,000509,0.306,F16,F16,research_simulation
20210501,000510,0.223,F16,F16,research_simulation
20210501,000513,0.865,F16,F16,research_simulation
20210501,000514,0.517,F16,F16,research_simulation
20210501,000516,0.496,F16,F16,research_simulation
20210701,000001,0.168,F16,F16,research_simulation
20210701,000002,0.784,F16,F16,research_simulation
20210701,000004,0.018,F16,F16,research_simulation
20210701,000006,0.361,F16,F16,research_simulation
20210701,000007,0.754,F16,F16,research_simulation
20210701,000008,0.845,F16,F16,research_simulation
20210701,000009,0.575,F16,F16,research_simulation
20210701,000010,0.294,F16,F16,research_simulation
20210701,000011,0.848,F16,F16,research_simulation
20210701,000012,0.583,F16,F16,research_simulation
20210701,000014,0.72,F16,F16,research_simulation
20210701,000016,0.385,F16,F16,research_simulation
20210701,000017,0.406,F16,F16,research_simulation
20210701,000019,0.293,F16,F16,research_simulation
20210701,000020,0.396,F16,F16,research_simulation
20210701,000021,0.911,F16,F16,research_simulation
20210701,000025,0.577,F16,F16,research_simulation
20210701,000026,0.246,F16,F16,research_simulation
20210701,000027,0.418,F16,F16,research_simulation
20210701,000028,0.053,F16,F16,research_simulation
20210701,000029,0.034,F16,F16,research_simulation
20210701,000030,0.724,F16,F16,research_simulation
20210701,000031,0.705,F16,F16,research_simulation
20210701,000032,0.081,F16,F16,research_simulation
20210701,000034,0.693,F16,F16,research_simulation
20210701,000035,0.798,F16,F16,research_simulation
20210701,000036,0.208,F16,F16,research_simulation
20210701,000037,0.23,F16,F16,research_simulation
20210701,000039,0.202,F16,F16,research_simulation
20210701,000042,0.585,F16,F16,research_simulation
20210701,000045,0.405,F16,F16,research_simulation
20210701,000048,0.734,F16,F16,research_simulation
20210701,000049,0.757,F16,F16,research_simulation
20210701,000050,0.535,F16,F16,research_simulation
20210701,000055,0.769,F16,F16,research_simulation
20210701,000056,0.422,F16,F16,research_simulation
20210701,000058,0.891,F16,F16,research_simulation
20210701,000059,0.78,F16,F16,research_simulation
20210701,000060,0.485,F16,F16,research_simulation
20210701,000061,0.117,F16,F16,research_simulation
20210701,000062,0.122,F16,F16,research_simulation
20210701,000063,0.39,F16,F16,research_simulation
20210701,000065,0.88,F16,F16,research_simulation
20210701,000066,0.402,F16,F16,research_simulation
20210701,000068,0.546,F16,F16,research_simulation
20210701,000069,0.959,F16,F16,research_simulation
20210701,000070,0.256,F16,F16,research_simulation
20210701,000078,0.155,F16,F16,research_simulation
20210701,000088,0.164,F16,F16,research_simulation
20210701,000089,0.49,F16,F16,research_simulation
20210701,000090,0.08,F16,F16,research_simulation
20210701,000096,0.308,F16,F16,research_simulation
20210701,000099,0.217,F16,F16,research_simulation
20210701,000100,0.471,F16,F16,research_simulation
20210701,000151,0.187,F16,F16,research_simulation
20210701,000153,0.078,F16,F16,research_simulation
20210701,000155,0.261,F16,F16,research_simulation
20210701,000156,0.736,F16,F16,research_simulation
20210701,000157,0.061,F16,F16,research_simulation
20210701,000158,0.684,F16,F16,research_simulation
20210701,000159,0.49,F16,F16,research_simulation
20210701,000166,0.079,F16,F16,research_simulation
20210701,000301,0.448,F16,F16,research_simulation
20210701,000333,0.678,F16,F16,research_simulation
20210701,000338,0.61,F16,F16,research_simulation
20210701,000400,0.587,F16,F16,research_simulation
20210701,000401,0.164,F16,F16,research_simulation
20210701,000402,0.125,F16,F16,research_simulation
20210701,000403,0.039,F16,F16,research_simulation
20210701,000404,0.565,F16,F16,research_simulation
20210701,000407,0.175,F16,F16,research_simulation
20210701,000408,0.383,F16,F16,research_simulation
20210701,000409,0.385,F16,F16,research_simulation
20210701,000410,0.935,F16,F16,research_simulation
20210701,000411,0.964,F16,F16,research_simulation
20210701,000415,0.786,F16,F16,research_simulation
20210701,000417,0.321,F16,F16,research_simulation
20210701,000419,0.728,F16,F16,research_simulation
20210701,000420,0.081,F16,F16,research_simulation
20210701,000421,0.982,F16,F16,research_simulation
20210701,000422,0.089,F16,F16,research_simulation
20210701,000423,0.751,F16,F16,research_simulation
20210701,000425,0.467,F16,F16,research_simulation
20210701,000426,0.556,F16,F16,research_simulation
20210701,000428,0.968,F16,F16,research_simulation
20210701,000429,0.938,F16,F16,research_simulation
20210701,000430,0.053,F16,F16,research_simulation
20210701,000488,0.393,F16,F16,research_simulation
20210701,000498,0.003,F16,F16,research_simulation
20210701,000501,0.37,F16,F16,research_simulation
20210701,000503,0.261,F16,F16,research_simulation
20210701,000504,0.41,F16,F16,research_simulation
20210701,000505,0.466,F16,F16,research_simulation
20210701,000506,0.602,F16,F16,research_simulation
20210701,000507,0.842,F16,F16,research_simulation
20210701,000509,0.331,F16,F16,research_simulation
20210701,000510,0.842,F16,F16,research_simulation
20210701,000513,0.319,F16,F16,research_simulation
20210701,000514,0.407,F16,F16,research_simulation
20210701,000516,0.45,F16,F16,research_simulation
20210901,000001,0.986,F16,F16,research_simulation
20210901,000002,0.237,F16,F16,research_simulation
20210901,000004,0.447,F16,F16,research_simulation
20210901,000006,0.269,F16,F16,research_simulation
20210901,000007,0.986,F16,F16,research_simulation
20210901,000008,0.681,F16,F16,research_simulation
20210901,000009,0.937,F16,F16,research_simulation
20210901,000010,0.721,F16,F16,research_simulation
20210901,000011,0.58,F16,F16,research_simulation
20210901,000012,0.09,F16,F16,research_simulation
20210901,000014,0.977,F16,F16,research_simulation
20210901,000016,0.91,F16,F16,research_simulation
20210901,000017,0.871,F16,F16,research_simulation
20210901,000019,0.235,F16,F16,research_simulation
20210901,000020,0.327,F16,F16,research_simulation
20210901,000021,0.277,F16,F16,research_simulation
20210901,000025,0.134,F16,F16,research_simulation
20210901,000026,0.229,F16,F16,research_simulation
20210901,000027,0.151,F16,F16,research_simulation
20210901,000028,0.121,F16,F16,research_simulation
20210901,000029,0.175,F16,F16,research_simulation
20210901,000030,0.846,F16,F16,research_simulation
20210901,000031,0.243,F16,F16,research_simulation
20210901,000032,0.97,F16,F16,research_simulation
20210901,000034,0.19,F16,F16,research_simulation
20210901,000035,0.939,F16,F16,research_simulation
20210901,000036,0.856,F16,F16,research_simulation
20210901,000037,0.974,F16,F16,research_simulation
20210901,000039,0.1,F16,F16,research_simulation
20210901,000042,0.909,F16,F16,research_simulation
20210901,000045,0.117,F16,F16,research_simulation
20210901,000048,0.393,F16,F16,research_simulation
20210901,000049,0.416,F16,F16,research_simulation
20210901,000050,0.325,F16,F16,research_simulation
20210901,000055,0.656,F16,F16,research_simulation
20210901,000056,0.452,F16,F16,research_simulation
20210901,000058,0.78,F16,F16,research_simulation
20210901,000059,0.628,F16,F16,research_simulation
20210901,000060,0.737,F16,F16,research_simulation
20210901,000061,0.561,F16,F16,research_simulation
20210901,000062,0.086,F16,F16,research_simulation
20210901,000063,0.358,F16,F16,research_simulation
20210901,000065,0.587,F16,F16,research_simulation
20210901,000066,0.942,F16,F16,research_simulation
20210901,000068,0.92,F16,F16,research_simulation
20210901,000069,0.971,F16,F16,research_simulation
20210901,000070,0.39,F16,F16,research_simulation
20210901,000078,0.424,F16,F16,research_simulation
20210901,000088,0.731,F16,F16,research_simulation
20210901,000089,0.936,F16,F16,research_simulation
20210901,000090,0.951,F16,F16,research_simulation
20210901,000096,0.103,F16,F16,research_simulation
20210901,000099,0.62,F16,F16,research_simulation
20210901,000100,0.823,F16,F16,research_simulation
20210901,000151,0.09,F16,F16,research_simulation
20210901,000153,0.326,F16,F16,research_simulation
20210901,000155,0.768,F16,F16,research_simulation
20210901,000156,0.825,F16,F16,research_simulation
20210901,000157,0.035,F16,F16,research_simulation
20210901,000158,0.861,F16,F16,research_simulation
20210901,000159,0.206,F16,F16,research_simulation
20210901,000166,0.476,F16,F16,research_simulation
20210901,000301,0.712,F16,F16,research_simulation
20210901,000333,0.761,F16,F16,research_simulation
20210901,000338,0.68,F16,F16,research_simulation
20210901,000400,0.461,F16,F16,research_simulation
20210901,000401,0.909,F16,F16,research_simulation
20210901,000402,0.651,F16,F16,research_simulation
20210901,000403,0.155,F16,F16,research_simulation
20210901,000404,0.245,F16,F16,research_simulation
20210901,000407,0.166,F16,F16,research_simulation
20210901,000408,0.185,F16,F16,research_simulation
20210901,000409,0.899,F16,F16,research_simulation
20210901,000410,0.031,F16,F16,research_simulation
20210901,000411,0.423,F16,F16,research_simulation
20210901,000415,0.998,F16,F16,research_simulation
20210901,000417,0.689,F16,F16,research_simulation
20210901,000419,0.307,F16,F16,research_simulation
20210901,000420,0.833,F16,F16,research_simulation
20210901,000421,0.59,F16,F16,research_simulation
20210901,000422,0.59,F16,F16,research_simulation
20210901,000423,0.114,F16,F16,research_simulation
20210901,000425,0.775,F16,F16,research_simulation
20210901,000426,0.468,F16,F16,research_simulation
20210901,000428,0.617,F16,F16,research_simulation
20210901,000429,0.928,F16,F16,research_simulation
20210901,000430,0.877,F16,F16,research_simulation
20210901,000488,0.048,F16,F16,research_simulation
20210901,000498,0.06,F16,F16,research_simulation
20210901,000501,0.412,F16,F16,research_simulation
20210901,000503,0.849,F16,F16,research_simulation
20210901,000504,0.608,F16,F16,research_simulation
20210901,000505,0.177,F16,F16,research_simulation
20210901,000506,0.514,F16,F16,research_simulation
20210901,000507,0.64,F16,F16,research_simulation
20210901,000509,0.905,F16,F16,research_simulation
20210901,000510,0.662,F16,F16,research_simulation
20210901,000513,0.324,F16,F16,research_simulation
20210901,000514,0.735,F16,F16,research_simulation
20210901,000516,0.904,F16,F16,research_simulation
20220201,000001,0.916,F16,F16,research_simulation
20220201,000002,0.951,F16,F16,research_simulation
20220201,000004,0.671,F16,F16,research_simulation
20220201,000006,0.405,F16,F16,research_simulation
20220201,000007,0.631,F16,F16,research_simulation
20220201,000008,0.703,F16,F16,research_simulation
20220201,000009,0.175,F16,F16,research_simulation
20220201,000010,0.809,F16,F16,research_simulation
20220201,000011,0.049,F16,F16,research_simulation
20220201,000012,0.898,F16,F16,research_simulation
20220201,000014,0.805,F16,F16,research_simulation
20220201,000016,0.861,F16,F16,research_simulation
20220201,000017,0.861,F16,F16,research_simulation
20220201,000019,0.391,F16,F16,research_simulation
20220201,000020,0.118,F16,F16,research_simulation
20220201,000021,0.489,F16,F16,research_simulation
20220201,000025,0.565,F16,F16,research_simulation
20220201,000026,0.649,F16,F16,research_simulation
20220201,000027,0.781,F16,F16,research_simulation
20220201,000028,0.279,F16,F16,research_simulation
20220201,000029,0.074,F16,F16,research_simulation
20220201,000030,0.953,F16,F16,research_simulation
20220201,000031,0.494,F16,F16,research_simulation
20220201,000032,0.885,F16,F16,research_simulation
20220201,000034,0.257,F16,F16,research_simulation
20220201,000035,0.476,F16,F16,research_simulation
20220201,000036,0.699,F16,F16,research_simulation
20220201,000037,0.692,F16,F16,research_simulation
20220201,000039,0.263,F16,F16,research_simulation
20220201,000042,0.742,F16,F16,research_simulation
20220201,000045,0.278,F16,F16,research_simulation
20220201,000048,0.648,F16,F16,research_simulation
20220201,000049,0.169,F16,F16,research_simulation
20220201,000050,0.668,F16,F16,research_simulation
20220201,000055,0.863,F16,F16,research_simulation
20220201,000056,0.548,F16,F16,research_simulation
20220201,000058,0.556,F16,F16,research_simulation
20220201,000059,0.214,F16,F16,research_simulation
20220201,000060,0.603,F16,F16,research_simulation
20220201,000061,0.255,F16,F16,research_simulation
20220201,000062,0.76,F16,F16,research_simulation
20220201,000063,0.044,F16,F16,research_simulation
20220201,000065,0.023,F16,F16,research_simulation
20220201,000066,0.137,F16,F16,research_simulation
20220201,000068,0.321,F16,F16,research_simulation
20220201,000069,0.592,F16,F16,research_simulation
20220201,000070,0.678,F16,F16,research_simulation
20220201,000078,0.12,F16,F16,research_simulation
20220201,000088,0.04,F16,F16,research_simulation
20220201,000089,0.405,F16,F16,research_simulation
20220201,000090,0.79,F16,F16,research_simulation
20220201,000096,0.123,F16,F16,research_simulation
20220201,000099,0.241,F16,F16,research_simulation
20220201,000100,0.737,F16,F16,research_simulation
20220201,000151,0.302,F16,F16,research_simulation
20220201,000153,0.732,F16,F16,research_simulation
20220201,000155,0.672,F16,F16,research_simulation
20220201,000156,0.171,F16,F16,research_simulation
20220201,000157,0.1,F16,F16,research_simulation
20220201,000158,0.265,F16,F16,research_simulation
20220201,000159,0.021,F16,F16,research_simulation
20220201,000166,0.148,F16,F16,research_simulation
20220201,000301,0.069,F16,F16,research_simulation
20220201,000333,0.973,F16,F16,research_simulation
20220201,000338,0.595,F16,F16,research_simulation
20220201,000400,0.764,F16,F16,research_simulation
20220201,000401,0.451,F16,F16,research_simulation
20220201,000402,0.034,F16,F16,research_simulation
20220201,000403,0.593,F16,F16,research_simulation
20220201,000404,0.109,F16,F16,research_simulation
20220201,000407,0.303,F16,F16,research_simulation
20220201,000408,0.345,F16,F16,research_simulation
20220201,000409,0.582,F16,F16,research_simulation
20220201,000410,0.621,F16,F16,research_simulation
20220201,000411,0.622,F16,F16,research_simulation
20220201,000415,0.151,F16,F16,research_simulation
20220201,000417,0.952,F16,F16,research_simulation
20220201,000419,0.566,F16,F16,research_simulation
20220201,000420,0.268,F16,F16,research_simulation
20220201,000421,0.04,F16,F16,research_simulation
20220201,000422,0.369,F16,F16,research_simulation
20220201,000423,0.496,F16,F16,research_simulation
20220201,000425,0.401,F16,F16,research_simulation
20220201,000426,0.761,F16,F16,research_simulation
20220201,000428,0.173,F16,F16,research_simulation
20220201,000429,0.715,F16,F16,research_simulation
20220201,000430,0.933,F16,F16,research_simulation
20220201,000488,0.271,F16,F16,research_simulation
20220201,000498,0.596,F16,F16,research_simulation
20220201,000501,0.411,F16,F16,research_simulation
20220201,000503,0.843,F16,F16,research_simulation
20220201,000504,0.301,F16,F16,research_simulation
20220201,000505,0.125,F16,F16,research_simulation
20220201,000506,0.628,F16,F16,research_simulation
20220201,000507,0.32,F16,F16,research_simulation
20220201,000509,0.971,F16,F16,research_simulation
20220201,000510,0.332,F16,F16,research_simulation
20220201,000513,0.553,F16,F16,research_simulation
20220201,000514,0.575,F16,F16,research_simulation
20220201,000516,0.386,F16,F16,research_simulation
20220301,000001,0.079,F16,F16,research_simulation
20220301,000002,0.67,F16,F16,research_simulation
20220301,000004,0.926,F16,F16,research_simulation
20220301,000006,0.357,F16,F16,research_simulation
20220301,000007,0.892,F16,F16,research_simulation
20220301,000008,0.089,F16,F16,research_simulation
20220301,000009,0.482,F16,F16,research_simulation
20220301,000010,0.867,F16,F16,research_simulation
20220301,000011,0.589,F16,F16,research_simulation
20220301,000012,0.898,F16,F16,research_simulation
20220301,000014,0.134,F16,F16,research_simulation
20220301,000016,0.516,F16,F16,research_simulation
20220301,000017,0.365,F16,F16,research_simulation
20220301,000019,0.764,F16,F16,research_simulation
20220301,000020,0.745,F16,F16,research_simulation
20220301,000021,0.439,F16,F16,research_simulation
20220301,000025,0.666,F16,F16,research_simulation
20220301,000026,0.753,F16,F16,research_simulation
20220301,000027,0.373,F16,F16,research_simulation
20220301,000028,0.37,F16,F16,research_simulation
20220301,000029,0.602,F16,F16,research_simulation
20220301,000030,0.254,F16,F16,research_simulation
20220301,000031,0.293,F16,F16,research_simulation
20220301,000032,0.574,F16,F16,research_simulation
20220301,000034,0.063,F16,F16,research_simulation
20220301,000035,0.896,F16,F16,research_simulation
20220301,000036,0.436,F16,F16,research_simulation
20220301,000037,0.035,F16,F16,research_simulation
20220301,000039,0.989,F16,F16,research_simulation
20220301,000042,0.736,F16,F16,research_simulation
20220301,000045,0.043,F16,F16,research_simulation
20220301,000048,0.067,F16,F16,research_simulation
20220301,000049,0.665,F16,F16,research_simulation
20220301,000050,0.32,F16,F16,research_simulation
20220301,000055,0.471,F16,F16,research_simulation
20220301,000056,0.458,F16,F16,research_simulation
20220301,000058,0.982,F16,F16,research_simulation
20220301,000059,0.718,F16,F16,research_simulation
20220301,000060,0.301,F16,F16,research_simulation
20220301,000061,0.754,F16,F16,research_simulation
20220301,000062,0.768,F16,F16,research_simulation
20220301,000063,0.919,F16,F16,research_simulation
20220301,000065,0.834,F16,F16,research_simulation
20220301,000066,0.566,F16,F16,research_simulation
20220301,000068,0.804,F16,F16,research_simulation
20220301,000069,0.377,F16,F16,research_simulation
20220301,000070,0.264,F16,F16,research_simulation
20220301,000078,0.689,F16,F16,research_simulation
20220301,000088,0.732,F16,F16,research_simulation
20220301,000089,0.224,F16,F16,research_simulation
20220301,000090,0.21,F16,F16,research_simulation
20220301,000096,0.088,F16,F16,research_simulation
20220301,000099,0.456,F16,F16,research_simulation
20220301,000100,0.244,F16,F16,research_simulation
20220301,000151,0.963,F16,F16,research_simulation
20220301,000153,0.526,F16,F16,research_simulation
20220301,000155,0.821,F16,F16,research_simulation
20220301,000156,0.837,F16,F16,research_simulation
20220301,000157,0.02,F16,F16,research_simulation
20220301,000158,0.173,F16,F16,research_simulation
20220301,000159,0.331,F16,F16,research_simulation
20220301,000166,0.102,F16,F16,research_simulation
20220301,000301,0.933,F16,F16,research_simulation
20220301,000333,0.055,F16,F16,research_simulation
20220301,000338,0.659,F16,F16,research_simulation
20220301,000400,0.287,F16,F16,research_simulation
20220301,000401,0.204,F16,F16,research_simulation
20220301,000402,0.406,F16,F16,research_simulation
20220301,000403,0.179,F16,F16,research_simulation
20220301,000404,0.353,F16,F16,research_simulation
20220301,000407,0.971,F16,F16,research_simulation
20220301,000408,0.989,F16,F16,research_simulation
20220301,000409,0.399,F16,F16,research_simulation
20220301,000410,0.261,F16,F16,research_simulation
20220301,000411,0.139,F16,F16,research_simulation
20220301,000415,0.681,F16,F16,research_simulation
20220301,000417,0.486,F16,F16,research_simulation
20220301,000419,0.146,F16,F16,research_simulation
20220301,000420,0.798,F16,F16,research_simulation
20220301,000421,0.97,F16,F16,research_simulation
20220301,000422,0.279,F16,F16,research_simulation
20220301,000423,0.277,F16,F16,research_simulation
20220301,000425,0.013,F16,F16,research_simulation
20220301,000426,0.44,F16,F16,research_simulation
20220301,000428,0.629,F16,F16,research_simulation
20220301,000429,0.67,F16,F16,research_simulation
20220301,000430,0.813,F16,F16,research_simulation
20220301,000488,0.53,F16,F16,research_simulation
20220301,000498,0.245,F16,F16,research_simulation
20220301,000501,0.308,F16,F16,research_simulation
20220301,000503,0.975,F16,F16,research_simulation
20220301,000504,0.014,F16,F16,research_simulation
20220301,000505,0.642,F16,F16,research_simulation
20220301,000506,0.299,F16,F16,research_simulation
20220301,000507,0.568,F16,F16,research_simulation
20220301,000509,0.72,F16,F16,research_simulation
20220301,000510,0.566,F16,F16,research_simulation
20220301,000513,0.025,F16,F16,research_simulation
20220301,000514,0.085,F16,F16,research_simulation
20220301,000516,0.28,F16,F16,research_simulation
20220401,000001,0.628,F16,F16,research_simulation
20220401,000002,0.906,F16,F16,research_simulation
20220401,000004,0.331,F16,F16,research_simulation
20220401,000006,0.35,F16,F16,research_simulation
20220401,000007,0.936,F16,F16,research_simulation
20220401,000008,0.913,F16,F16,research_simulation
20220401,000009,0.534,F16,F16,research_simulation
20220401,000010,0.094,F16,F16,research_simulation
20220401,000011,0.287,F16,F16,research_simulation
20220401,000012,0.01,F16,F16,research_simulation
20220401,000014,0.622,F16,F16,research_simulation
20220401,000016,0.383,F16,F16,research_simulation
20220401,000017,0.749,F16,F16,research_simulation
20220401,000019,0.319,F16,F16,research_simulation
20220401,000020,0.437,F16,F16,research_simulation
20220401,000021,0.878,F16,F16,research_simulation
20220401,000025,0.225,F16,F16,research_simulation
20220401,000026,0.816,F16,F16,research_simulation
20220401,000027,0.772,F16,F16,research_simulation
20220401,000028,0.953,F16,F16,research_simulation
20220401,000029,0.297,F16,F16,research_simulation
20220401,000030,0.735,F16,F16,research_simulation
20220401,000031,0.275,F16,F16,research_simulation
20220401,000032,0.798,F16,F16,research_simulation
20220401,000034,0.965,F16,F16,research_simulation
20220401,000035,0.961,F16,F16,research_simulation
20220401,000036,0.916,F16,F16,research_simulation
20220401,000037,0.61,F16,F16,research_simulation
20220401,000039,0.627,F16,F16,research_simulation
20220401,000042,0.828,F16,F16,research_simulation
20220401,000045,0.843,F16,F16,research_simulation
20220401,000048,0.677,F16,F16,research_simulation
20220401,000049,0.856,F16,F16,research_simulation
20220401,000050,0.42,F16,F16,research_simulation
20220401,000055,0.661,F16,F16,research_simulation
20220401,000056,0.953,F16,F16,research_simulation
20220401,000058,0.997,F16,F16,research_simulation
20220401,000059,0.072,F16,F16,research_simulation
20220401,000060,0.824,F16,F16,research_simulation
20220401,000061,0.731,F16,F16,research_simulation
20220401,000062,0.565,F16,F16,research_simulation
20220401,000063,0.485,F16,F16,research_simulation
20220401,000065,0.0,F16,F16,research_simulation
20220401,000066,0.983,F16,F16,research_simulation
20220401,000068,0.706,F16,F16,research_simulation
20220401,000069,0.598,F16,F16,research_simulation
20220401,000070,0.027,F16,F16,research_simulation
20220401,000078,0.236,F16,F16,research_simulation
20220401,000088,0.097,F16,F16,research_simulation
20220401,000089,0.768,F16,F16,research_simulation
20220401,000090,0.674,F16,F16,research_simulation
20220401,000096,0.414,F16,F16,research_simulation
20220401,000099,0.846,F16,F16,research_simulation
20220401,000100,0.666,F16,F16,research_simulation
20220401,000151,0.429,F16,F16,research_simulation
20220401,000153,0.133,F16,F16,research_simulation
20220401,000155,0.824,F16,F16,research_simulation
20220401,000156,0.785,F16,F16,research_simulation
20220401,000157,0.969,F16,F16,research_simulation
20220401,000158,0.512,F16,F16,research_simulation
20220401,000159,0.557,F16,F16,research_simulation
20220401,000166,0.915,F16,F16,research_simulation
20220401,000301,0.384,F16,F16,research_simulation
20220401,000333,0.138,F16,F16,research_simulation
20220401,000338,0.216,F16,F16,research_simulation
20220401,000400,0.221,F16,F16,research_simulation
20220401,000401,0.999,F16,F16,research_simulation
20220401,000402,0.305,F16,F16,research_simulation
20220401,000403,0.493,F16,F16,research_simulation
20220401,000404,0.194,F16,F16,research_simulation
20220401,000407,0.351,F16,F16,research_simulation
20220401,000408,0.426,F16,F16,research_simulation
20220401,000409,0.231,F16,F16,research_simulation
20220401,000410,0.018,F16,F16,research_simulation
20220401,000411,0.939,F16,F16,research_simulation
20220401,000415,0.058,F16,F16,research_simulation
20220401,000417,0.342,F16,F16,research_simulation
20220401,000419,0.673,F16,F16,research_simulation
20220401,000420,0.853,F16,F16,research_simulation
20220401,000421,0.381,F16,F16,research_simulation
20220401,000422,0.667,F16,F16,research_simulation
20220401,000423,0.937,F16,F16,research_simulation
20220401,000425,0.092,F16,F16,research_simulation
20220401,000426,0.057,F16,F16,research_simulation
20220401,000428,0.726,F16,F16,research_simulation
20220401,000429,0.461,F16,F16,research_simulation
20220401,000430,0.129,F16,F16,research_simulation
20220401,000488,0.151,F16,F16,research_simulation
20220401,000498,0.63,F16,F16,research_simulation
20220401,000501,0.34,F16,F16,research_simulation
20220401,000503,0.2,F16,F16,research_simulation
20220401,000504,0.194,F16,F16,research_simulation
20220401,000505,0.774,F16,F16,research_simulation
20220401,000506,0.44,F16,F16,research_simulation
20220401,000507,0.901,F16,F16,research_simulation
20220401,000509,0.468,F16,F16,research_simulation
20220401,000510,0.547,F16,F16,research_simulation
20220401,000513,0.205,F16,F16,research_simulation
20220401,000514,0.539,F16,F16,research_simulation
20220401,000516,0.409,F16,F16,research_simulation
20220501,000001,0.724,F16,F16,research_simulation
20220501,000002,0.278,F16,F16,research_simulation
20220501,000004,0.72,F16,F16,research_simulation
20220501,000006,0.912,F16,F16,research_simulation
20220501,000007,0.984,F16,F16,research_simulation
20220501,000008,0.307,F16,F16,research_simulation
20220501,000009,0.246,F16,F16,research_simulation
20220501,000010,0.73,F16,F16,research_simulation
20220501,000011,0.565,F16,F16,research_simulation
20220501,000012,0.209,F16,F16,research_simulation
20220501,000014,0.675,F16,F16,research_simulation
20220501,000016,0.826,F16,F16,research_simulation
20220501,000017,0.807,F16,F16,research_simulation
20220501,000019,0.753,F16,F16,research_simulation
20220501,000020,0.347,F16,F16,research_simulation
20220501,000021,0.878,F16,F16,research_simulation
20220501,000025,0.039,F16,F16,research_simulation
20220501,000026,0.893,F16,F16,research_simulation
20220501,000027,0.804,F16,F16,research_simulation
20220501,000028,0.8,F16,F16,research_simulation
20220501,000029,0.24,F16,F16,research_simulation
20220501,000030,0.996,F16,F16,research_simulation
20220501,000031,0.49,F16,F16,research_simulation
20220501,000032,0.791,F16,F16,research_simulation
20220501,000034,0.322,F16,F16,research_simulation
20220501,000035,0.773,F16,F16,research_simulation
20220501,000036,0.799,F16,F16,research_simulation
20220501,000037,0.045,F16,F16,research_simulation
20220501,000039,0.061,F16,F16,research_simulation
20220501,000042,0.215,F16,F16,research_simulation
20220501,000045,0.073,F16,F16,research_simulation
20220501,000048,0.333,F16,F16,research_simulation
20220501,000049,0.923,F16,F16,research_simulation
20220501,000050,0.631,F16,F16,research_simulation
20220501,000055,0.873,F16,F16,research_simulation
20220501,000056,0.146,F16,F16,research_simulation
20220501,000058,0.909,F16,F16,research_simulation
20220501,000059,0.358,F16,F16,research_simulation
20220501,000060,0.965,F16,F16,research_simulation
20220501,000061,0.507,F16,F16,research_simulation
20220501,000062,0.348,F16,F16,research_simulation
20220501,000063,0.802,F16,F16,research_simulation
20220501,000065,0.047,F16,F16,research_simulation
20220501,000066,0.217,F16,F16,research_simulation
20220501,000068,0.61,F16,F16,research_simulation
20220501,000069,0.475,F16,F16,research_simulation
20220501,000070,0.086,F16,F16,research_simulation
20220501,000078,0.84,F16,F16,research_simulation
20220501,000088,0.153,F16,F16,research_simulation
20220501,000089,0.329,F16,F16,research_simulation
20220501,000090,0.375,F16,F16,research_simulation
20220501,000096,0.612,F16,F16,research_simulation
20220501,000099,0.799,F16,F16,research_simulation
20220501,000100,0.73,F16,F16,research_simulation
20220501,000151,0.501,F16,F16,research_simulation
20220501,000153,0.296,F16,F16,research_simulation
20220501,000155,0.553,F16,F16,research_simulation
20220501,000156,0.795,F16,F16,research_simulation
20220501,000157,0.891,F16,F16,research_simulation
20220501,000158,0.494,F16,F16,research_simulation
20220501,000159,0.136,F16,F16,research_simulation
20220501,000166,0.449,F16,F16,research_simulation
20220501,000301,0.449,F16,F16,research_simulation
20220501,000333,0.06,F16,F16,research_simulation
20220501,000338,0.499,F16,F16,research_simulation
20220501,000400,0.636,F16,F16,research_simulation
20220501,000401,0.452,F16,F16,research_simulation
20220501,000402,0.677,F16,F16,research_simulation
20220501,000403,0.33,F16,F16,research_simulation
20220501,000404,0.445,F16,F16,research_simulation
20220501,000407,0.104,F16,F16,research_simulation
20220501,000408,0.837,F16,F16,research_simulation
20220501,000409,0.036,F16,F16,research_simulation
20220501,000410,0.135,F16,F16,research_simulation
20220501,000411,0.545,F16,F16,research_simulation
20220501,000415,0.048,F16,F16,research_simulation
20220501,000417,0.787,F16,F16,research_simulation
20220501,000419,0.308,F16,F16,research_simulation
20220501,000420,0.945,F16,F16,research_simulation
20220501,000421,0.806,F16,F16,research_simulation
20220501,000422,0.731,F16,F16,research_simulation
20220501,000423,0.086,F16,F16,research_simulation
20220501,000425,0.26,F16,F16,research_simulation
20220501,000426,0.688,F16,F16,research_simulation
20220501,000428,0.211,F16,F16,research_simulation
20220501,000429,0.563,F16,F16,research_simulation
20220501,000430,0.425,F16,F16,research_simulation
20220501,000488,0.926,F16,F16,research_simulation
20220501,000498,0.208,F16,F16,research_simulation
20220501,000501,0.731,F16,F16,research_simulation
20220501,000503,0.507,F16,F16,research_simulation
20220501,000504,0.71,F16,F16,research_simulation
20220501,000505,0.565,F16,F16,research_simulation
20220501,000506,0.137,F16,F16,research_simulation
20220501,000507,0.753,F16,F16,research_simulation
20220501,000509,0.814,F16,F16,research_simulation
20220501,000510,0.814,F16,F16,research_simulation
20220501,000513,0.367,F16,F16,research_simulation
20220501,000514,0.098,F16,F16,research_simulation
20220501,000516,0.152,F16,F16,research_simulation
20220901,000001,0.229,F16,F16,research_simulation
20220901,000002,0.486,F16,F16,research_simulation
20220901,000004,0.589,F16,F16,research_simulation
20220901,000006,0.206,F16,F16,research_simulation
20220901,000007,0.642,F16,F16,research_simulation
20220901,000008,0.804,F16,F16,research_simulation
20220901,000009,0.793,F16,F16,research_simulation
20220901,000010,0.156,F16,F16,research_simulation
20220901,000011,0.101,F16,F16,research_simulation
20220901,000012,0.894,F16,F16,research_simulation
20220901,000014,0.382,F16,F16,research_simulation
20220901,000016,0.506,F16,F16,research_simulation
20220901,000017,0.519,F16,F16,research_simulation
20220901,000019,0.881,F16,F16,research_simulation
20220901,000020,0.702,F16,F16,research_simulation
20220901,000021,0.671,F16,F16,research_simulation
20220901,000025,0.394,F16,F16,research_simulation
20220901,000026,0.875,F16,F16,research_simulation
20220901,000027,0.156,F16,F16,research_simulation
20220901,000028,0.12,F16,F16,research_simulation
20220901,000029,0.861,F16,F16,research_simulation
20220901,000030,0.944,F16,F16,research_simulation
20220901,000031,0.197,F16,F16,research_simulation
20220901,000032,0.829,F16,F16,research_simulation
20220901,000034,0.404,F16,F16,research_simulation
20220901,000035,0.418,F16,F16,research_simulation
20220901,000036,0.378,F16,F16,research_simulation
20220901,000037,0.575,F16,F16,research_simulation
20220901,000039,0.502,F16,F16,research_simulation
20220901,000042,0.038,F16,F16,research_simulation
20220901,000045,0.569,F16,F16,research_simulation
20220901,000048,0.051,F16,F16,research_simulation
20220901,000049,0.077,F16,F16,research_simulation
20220901,000050,0.183,F16,F16,research_simulation
20220901,000055,0.818,F16,F16,research_simulation
20220901,000056,0.29,F16,F16,research_simulation
20220901,000058,0.935,F16,F16,research_simulation
20220901,000059,0.017,F16,F16,research_simulation
20220901,000060,0.982,F16,F16,research_simulation
20220901,000061,0.369,F16,F16,research_simulation
20220901,000062,0.239,F16,F16,research_simulation
20220901,000063,0.011,F16,F16,research_simulation
20220901,000065,0.753,F16,F16,research_simulation
20220901,000066,0.239,F16,F16,research_simulation
20220901,000068,0.101,F16,F16,research_simulation
20220901,000069,0.803,F16,F16,research_simulation
20220901,000070,0.205,F16,F16,research_simulation
20220901,000078,0.699,F16,F16,research_simulation
20220901,000088,0.975,F16,F16,research_simulation
20220901,000089,0.423,F16,F16,research_simulation
20220901,000090,0.139,F16,F16,research_simulation
20220901,000096,0.966,F16,F16,research_simulation
20220901,000099,0.847,F16,F16,research_simulation
20220901,000100,0.431,F16,F16,research_simulation
20220901,000151,0.511,F16,F16,research_simulation
20220901,000153,0.852,F16,F16,research_simulation
20220901,000155,0.85,F16,F16,research_simulation
20220901,000156,0.028,F16,F16,research_simulation
20220901,000157,0.422,F16,F16,research_simulation
20220901,000158,0.579,F16,F16,research_simulation
20220901,000159,0.714,F16,F16,research_simulation
20220901,000166,0.972,F16,F16,research_simulation
20220901,000301,0.177,F16,F16,research_simulation
20220901,000333,0.071,F16,F16,research_simulation
20220901,000338,0.163,F16,F16,research_simulation
20220901,000400,0.587,F16,F16,research_simulation
20220901,000401,0.376,F16,F16,research_simulation
20220901,000402,0.425,F16,F16,research_simulation
20220901,000403,0.05,F16,F16,research_simulation
20220901,000404,0.661,F16,F16,research_simulation
20220901,000407,0.012,F16,F16,research_simulation
20220901,000408,0.597,F16,F16,research_simulation
20220901,000409,0.262,F16,F16,research_simulation
20220901,000410,0.839,F16,F16,research_simulation
20220901,000411,0.346,F16,F16,research_simulation
20220901,000415,0.792,F16,F16,research_simulation
20220901,000417,0.684,F16,F16,research_simulation
20220901,000419,0.498,F16,F16,research_simulation
20220901,000420,0.258,F16,F16,research_simulation
20220901,000421,0.302,F16,F16,research_simulation
20220901,000422,0.292,F16,F16,research_simulation
20220901,000423,0.746,F16,F16,research_simulation
20220901,000425,0.974,F16,F16,research_simulation
20220901,000426,0.754,F16,F16,research_simulation
20220901,000428,0.604,F16,F16,research_simulation
20220901,000429,0.643,F16,F16,research_simulation
20220901,000430,0.87,F16,F16,research_simulation
20220901,000488,0.764,F16,F16,research_simulation
20220901,000498,0.727,F16,F16,research_simulation
20220901,000501,0.834,F16,F16,research_simulation
20220901,000503,0.318,F16,F16,research_simulation
20220901,000504,0.229,F16,F16,research_simulation
20220901,000505,0.369,F16,F16,research_simulation
20220901,000506,0.448,F16,F16,research_simulation
20220901,000507,0.453,F16,F16,research_simulation
20220901,000509,0.713,F16,F16,research_simulation
20220901,000510,0.197,F16,F16,research_simulation
20220901,000513,0.733,F16,F16,research_simulation
20220901,000514,0.908,F16,F16,research_simulation
20220901,000516,0.675,F16,F16,research_simulation
20221101,000001,0.674,F16,F16,research_simulation
20221101,000002,0.266,F16,F16,research_simulation
20221101,000004,0.157,F16,F16,research_simulation
20221101,000006,0.583,F16,F16,research_simulation
20221101,000007,0.548,F16,F16,research_simulation
20221101,000008,0.704,F16,F16,research_simulation
20221101,000009,0.83,F16,F16,research_simulation
20221101,000010,0.759,F16,F16,research_simulation
20221101,000011,0.667,F16,F16,research_simulation
20221101,000012,0.676,F16,F16,research_simulation
20221101,000014,0.336,F16,F16,research_simulation
20221101,000016,0.658,F16,F16,research_simulation
20221101,000017,0.39,F16,F16,research_simulation
20221101,000019,0.847,F16,F16,research_simulation
20221101,000020,0.246,F16,F16,research_simulation
20221101,000021,0.458,F16,F16,research_simulation
20221101,000025,0.118,F16,F16,research_simulation
20221101,000026,0.81,F16,F16,research_simulation
20221101,000027,0.693,F16,F16,research_simulation
20221101,000028,0.386,F16,F16,research_simulation
20221101,000029,0.478,F16,F16,research_simulation
20221101,000030,0.22,F16,F16,research_simulation
20221101,000031,0.974,F16,F16,research_simulation
20221101,000032,0.54,F16,F16,research_simulation
20221101,000034,0.84,F16,F16,research_simulation
20221101,000035,0.007,F16,F16,research_simulation
20221101,000036,0.059,F16,F16,research_simulation
20221101,000037,0.801,F16,F16,research_simulation
20221101,000039,0.997,F16,F16,research_simulation
20221101,000042,0.776,F16,F16,research_simulation
20221101,000045,0.913,F16,F16,research_simulation
20221101,000048,0.777,F16,F16,research_simulation
20221101,000049,0.77,F16,F16,research_simulation
20221101,000050,0.812,F16,F16,research_simulation
20221101,000055,0.18,F16,F16,research_simulation
20221101,000056,0.58,F16,F16,research_simulation
20221101,000058,0.321,F16,F16,research_simulation
20221101,000059,0.195,F16,F16,research_simulation
20221101,000060,0.057,F16,F16,research_simulation
20221101,000061,0.396,F16,F16,research_simulation
20221101,000062,0.812,F16,F16,research_simulation
20221101,000063,0.273,F16,F16,research_simulation
20221101,000065,0.562,F16,F16,research_simulation
20221101,000066,0.07,F16,F16,research_simulation
20221101,000068,0.797,F16,F16,research_simulation
20221101,000069,0.865,F16,F16,research_simulation
20221101,000070,0.862,F16,F16,research_simulation
20221101,000078,0.464,F16,F16,research_simulation
20221101,000088,0.893,F16,F16,research_simulation
20221101,000089,0.744,F16,F16,research_simulation
20221101,000090,0.181,F16,F16,research_simulation
20221101,000096,0.421,F16,F16,research_simulation
20221101,000099,0.546,F16,F16,research_simulation
20221101,000100,0.637,F16,F16,research_simulation
20221101,000151,0.605,F16,F16,research_simulation
20221101,000153,0.296,F16,F16,research_simulation
20221101,000155,0.943,F16,F16,research_simulation
20221101,000156,0.098,F16,F16,research_simulation
20221101,000157,0.126,F16,F16,research_simulation
20221101,000158,0.394,F16,F16,research_simulation
20221101,000159,0.067,F16,F16,research_simulation
20221101,000166,0.79,F16,F16,research_simulation
20221101,000301,0.602,F16,F16,research_simulation
20221101,000333,0.233,F16,F16,research_simulation
20221101,000338,0.963,F16,F16,research_simulation
20221101,000400,0.299,F16,F16,research_simulation
20221101,000401,0.925,F16,F16,research_simulation
20221101,000402,0.524,F16,F16,research_simulation
20221101,000403,0.124,F16,F16,research_simulation
20221101,000404,0.653,F16,F16,research_simulation
20221101,000407,0.468,F16,F16,research_simulation
20221101,000408,0.321,F16,F16,research_simulation
20221101,000409,0.948,F16,F16,research_simulation
20221101,000410,0.788,F16,F16,research_simulation
20221101,000411,0.706,F16,F16,research_simulation
20221101,000415,0.715,F16,F16,research_simulation
20221101,000417,0.918,F16,F16,research_simulation
20221101,000419,0.866,F16,F16,research_simulation
20221101,000420,0.895,F16,F16,research_simulation
20221101,000421,0.316,F16,F16,research_simulation
20221101,000422,0.614,F16,F16,research_simulation
20221101,000423,0.003,F16,F16,research_simulation
20221101,000425,0.636,F16,F16,research_simulation
20221101,000426,0.504,F16,F16,research_simulation
20221101,000428,0.949,F16,F16,research_simulation
20221101,000429,0.283,F16,F16,research_simulation
20221101,000430,0.845,F16,F16,research_simulation
20221101,000488,0.42,F16,F16,research_simulation
20221101,000498,0.515,F16,F16,research_simulation
20221101,000501,0.27,F16,F16,research_simulation
20221101,000503,0.987,F16,F16,research_simulation
20221101,000504,0.752,F16,F16,research_simulation
20221101,000505,0.247,F16,F16,research_simulation
20221101,000506,0.889,F16,F16,research_simulation
20221101,000507,0.012,F16,F16,research_simulation
20221101,000509,0.992,F16,F16,research_simulation
20221101,000510,0.163,F16,F16,research_simulation
20221101,000513,0.406,F16,F16,research_simulation
20221101,000514,0.024,F16,F16,research_simulation
20221101,000516,0.86,F16,F16,research_simulation
20230101,000001,0.704,F16,F16,research_simulation
20230101,000002,0.166,F16,F16,research_simulation
20230101,000004,0.703,F16,F16,research_simulation
20230101,000006,0.179,F16,F16,research_simulation
20230101,000007,0.307,F16,F16,research_simulation
20230101,000008,0.866,F16,F16,research_simulation
20230101,000009,0.149,F16,F16,research_simulation
20230101,000010,0.042,F16,F16,research_simulation
20230101,000011,0.179,F16,F16,research_simulation
20230101,000012,0.427,F16,F16,research_simulation
20230101,000014,0.876,F16,F16,research_simulation
20230101,000016,0.951,F16,F16,research_simulation
20230101,000017,0.205,F16,F16,research_simulation
20230101,000019,0.552,F16,F16,research_simulation
20230101,000020,0.425,F16,F16,research_simulation
20230101,000021,0.037,F16,F16,research_simulation
20230101,000025,0.325,F16,F16,research_simulation
20230101,000026,0.463,F16,F16,research_simulation
20230101,000027,0.438,F16,F16,research_simulation
20230101,000028,0.045,F16,F16,research_simulation
20230101,000029,0.305,F16,F16,research_simulation
20230101,000030,0.651,F16,F16,research_simulation
20230101,000031,0.913,F16,F16,research_simulation
20230101,000032,0.85,F16,F16,research_simulation
20230101,000034,0.375,F16,F16,research_simulation
20230101,000035,0.699,F16,F16,research_simulation
20230101,000036,0.209,F16,F16,research_simulation
20230101,000037,0.694,F16,F16,research_simulation
20230101,000039,0.744,F16,F16,research_simulation
20230101,000042,0.716,F16,F16,research_simulation
20230101,000045,0.602,F16,F16,research_simulation
20230101,000048,0.034,F16,F16,research_simulation
20230101,000049,0.076,F16,F16,research_simulation
20230101,000050,0.657,F16,F16,research_simulation
20230101,000055,0.502,F16,F16,research_simulation
20230101,000056,0.187,F16,F16,research_simulation
20230101,000058,0.404,F16,F16,research_simulation
20230101,000059,0.587,F16,F16,research_simulation
20230101,000060,0.199,F16,F16,research_simulation
20230101,000061,0.937,F16,F16,research_simulation
20230101,000062,0.121,F16,F16,research_simulation
20230101,000063,0.546,F16,F16,research_simulation
20230101,000065,0.844,F16,F16,research_simulation
20230101,000066,0.278,F16,F16,research_simulation
20230101,000068,0.513,F16,F16,research_simulation
20230101,000069,0.43,F16,F16,research_simulation
20230101,000070,0.588,F16,F16,research_simulation
20230101,000078,0.298,F16,F16,research_simulation
20230101,000088,0.109,F16,F16,research_simulation
20230101,000089,0.322,F16,F16,research_simulation
20230101,000090,0.152,F16,F16,research_simulation
20230101,000096,0.085,F16,F16,research_simulation
20230101,000099,0.419,F16,F16,research_simulation
20230101,000100,0.849,F16,F16,research_simulation
20230101,000151,0.771,F16,F16,research_simulation
20230101,000153,0.116,F16,F16,research_simulation
20230101,000155,0.477,F16,F16,research_simulation
20230101,000156,0.648,F16,F16,research_simulation
20230101,000157,0.14,F16,F16,research_simulation
20230101,000158,0.207,F16,F16,research_simulation
20230101,000159,0.303,F16,F16,research_simulation
20230101,000166,0.296,F16,F16,research_simulation
20230101,000301,0.445,F16,F16,research_simulation
20230101,000333,0.571,F16,F16,research_simulation
20230101,000338,0.29,F16,F16,research_simulation
20230101,000400,0.279,F16,F16,research_simulation
20230101,000401,0.393,F16,F16,research_simulation
20230101,000402,0.191,F16,F16,research_simulation
20230101,000403,0.557,F16,F16,research_simulation
20230101,000404,0.282,F16,F16,research_simulation
20230101,000407,0.196,F16,F16,research_simulation
20230101,000408,0.068,F16,F16,research_simulation
20230101,000409,0.036,F16,F16,research_simulation
20230101,000410,0.222,F16,F16,research_simulation
20230101,000411,0.07,F16,F16,research_simulation
20230101,000415,0.248,F16,F16,research_simulation
20230101,000417,0.145,F16,F16,research_simulation
20230101,000419,0.751,F16,F16,research_simulation
20230101,000420,0.855,F16,F16,research_simulation
20230101,000421,0.856,F16,F16,research_simulation
20230101,000422,0.409,F16,F16,research_simulation
20230101,000423,0.289,F16,F16,research_simulation
20230101,000425,0.679,F16,F16,research_simulation
20230101,000426,0.042,F16,F16,research_simulation
20230101,000428,0.326,F16,F16,research_simulation
20230101,000429,0.268,F16,F16,research_simulation
20230101,000430,0.352,F16,F16,research_simulation
20230101,000488,0.354,F16,F16,research_simulation
20230101,000498,0.921,F16,F16,research_simulation
20230101,000501,0.891,F16,F16,research_simulation
20230101,000503,0.339,F16,F16,research_simulation
20230101,000504,0.994,F16,F16,research_simulation
20230101,000505,0.667,F16,F16,research_simulation
20230101,000506,0.204,F16,F16,research_simulation
20230101,000507,0.666,F16,F16,research_simulation
20230101,000509,0.173,F16,F16,research_simulation
20230101,000510,0.687,F16,F16,research_simulation
20230101,000513,0.048,F16,F16,research_simulation
20230101,000514,0.885,F16,F16,research_simulation
20230101,000516,0.67,F16,F16,research_simulation
20230301,000001,0.961,F16,F16,research_simulation
20230301,000002,0.475,F16,F16,research_simulation
20230301,000004,0.607,F16,F16,research_simulation
20230301,000006,0.999,F16,F16,research_simulation
20230301,000007,0.395,F16,F16,research_simulation
20230301,000008,0.77,F16,F16,research_simulation
20230301,000009,0.989,F16,F16,research_simulation
20230301,000010,0.494,F16,F16,research_simulation
20230301,000011,0.322,F16,F16,research_simulation
20230301,000012,0.695,F16,F16,research_simulation
20230301,000014,0.989,F16,F16,research_simulation
20230301,000016,0.929,F16,F16,research_simulation
20230301,000017,0.364,F16,F16,research_simulation
20230301,000019,0.697,F16,F16,research_simulation
20230301,000020,0.062,F16,F16,research_simulation
20230301,000021,0.411,F16,F16,research_simulation
20230301,000025,0.617,F16,F16,research_simulation
20230301,000026,0.758,F16,F16,research_simulation
20230301,000027,0.973,F16,F16,research_simulation
20230301,000028,0.881,F16,F16,research_simulation
20230301,000029,0.298,F16,F16,research_simulation
20230301,000030,0.601,F16,F16,research_simulation
20230301,000031,0.77,F16,F16,research_simulation
20230301,000032,0.809,F16,F16,research_simulation
20230301,000034,0.484,F16,F16,research_simulation
20230301,000035,0.68,F16,F16,research_simulation
20230301,000036,0.705,F16,F16,research_simulation
20230301,000037,0.99,F16,F16,research_simulation
20230301,000039,0.422,F16,F16,research_simulation
20230301,000042,0.074,F16,F16,research_simulation
20230301,000045,0.817,F16,F16,research_simulation
20230301,000048,0.524,F16,F16,research_simulation
20230301,000049,0.997,F16,F16,research_simulation
20230301,000050,0.611,F16,F16,research_simulation
20230301,000055,0.538,F16,F16,research_simulation
20230301,000056,0.295,F16,F16,research_simulation
20230301,000058,0.037,F16,F16,research_simulation
20230301,000059,0.522,F16,F16,research_simulation
20230301,000060,0.032,F16,F16,research_simulation
20230301,000061,0.055,F16,F16,research_simulation
20230301,000062,0.139,F16,F16,research_simulation
20230301,000063,0.282,F16,F16,research_simulation
20230301,000065,0.634,F16,F16,research_simulation
20230301,000066,0.998,F16,F16,research_simulation
20230301,000068,0.349,F16,F16,research_simulation
20230301,000069,0.518,F16,F16,research_simulation
20230301,000070,0.651,F16,F16,research_simulation
20230301,000078,0.426,F16,F16,research_simulation
20230301,000088,0.502,F16,F16,research_simulation
20230301,000089,0.766,F16,F16,research_simulation
20230301,000090,0.798,F16,F16,research_simulation
20230301,000096,0.359,F16,F16,research_simulation
20230301,000099,0.336,F16,F16,research_simulation
20230301,000100,0.408,F16,F16,research_simulation
20230301,000151,0.669,F16,F16,research_simulation
20230301,000153,0.032,F16,F16,research_simulation
20230301,000155,0.462,F16,F16,research_simulation
20230301,000156,0.297,F16,F16,research_simulation
20230301,000157,0.476,F16,F16,research_simulation
20230301,000158,0.846,F16,F16,research_simulation
20230301,000159,0.006,F16,F16,research_simulation
20230301,000166,0.864,F16,F16,research_simulation
20230301,000301,0.265,F16,F16,research_simulation
20230301,000333,0.017,F16,F16,research_simulation
20230301,000338,0.323,F16,F16,research_simulation
20230301,000400,0.761,F16,F16,research_simulation
20230301,000401,0.38,F16,F16,research_simulation
20230301,000402,0.122,F16,F16,research_simulation
20230301,000403,0.505,F16,F16,research_simulation
20230301,000404,0.965,F16,F16,research_simulation
20230301,000407,0.194,F16,F16,research_simulation
20230301,000408,0.571,F16,F16,research_simulation
20230301,000409,0.936,F16,F16,research_simulation
20230301,000410,0.476,F16,F16,research_simulation
20230301,000411,0.507,F16,F16,research_simulation
20230301,000415,0.144,F16,F16,research_simulation
20230301,000417,0.745,F16,F16,research_simulation
20230301,000419,0.259,F16,F16,research_simulation
20230301,000420,0.74,F16,F16,research_simulation
20230301,000421,0.242,F16,F16,research_simulation
20230301,000422,0.576,F16,F16,research_simulation
20230301,000423,0.406,F16,F16,research_simulation
20230301,000425,0.54,F16,F16,research_simulation
20230301,000426,0.372,F16,F16,research_simulation
20230301,000428,0.765,F16,F16,research_simulation
20230301,000429,0.664,F16,F16,research_simulation
20230301,000430,0.823,F16,F16,research_simulation
20230301,000488,0.05,F16,F16,research_simulation
20230301,000498,0.68,F16,F16,research_simulation
20230301,000501,0.959,F16,F16,research_simulation
20230301,000503,0.117,F16,F16,research_simulation
20230301,000504,0.113,F16,F16,research_simulation
20230301,000505,0.84,F16,F16,research_simulation
20230301,000506,0.779,F16,F16,research_simulation
20230301,000507,0.288,F16,F16,research_simulation
20230301,000509,0.718,F16,F16,research_simulation
20230301,000510,0.236,F16,F16,research_simulation
20230301,000513,0.669,F16,F16,research_simulation
20230301,000514,0.212,F16,F16,research_simulation
20230301,000516,0.599,F16,F16,research_simulation
20230401,000001,0.786,F16,F16,research_simulation
20230401,000002,0.093,F16,F16,research_simulation
20230401,000004,0.668,F16,F16,research_simulation
20230401,000006,0.121,F16,F16,research_simulation
20230401,000007,0.437,F16,F16,research_simulation
20230401,000008,0.214,F16,F16,research_simulation
20230401,000009,0.716,F16,F16,research_simulation
20230401,000010,0.863,F16,F16,research_simulation
20230401,000011,0.671,F16,F16,research_simulation
20230401,000012,0.683,F16,F16,research_simulation
20230401,000014,0.629,F16,F16,research_simulation
20230401,000016,0.458,F16,F16,research_simulation
20230401,000017,0.671,F16,F16,research_simulation
20230401,000019,0.755,F16,F16,research_simulation
20230401,000020,0.675,F16,F16,research_simulation
20230401,000021,0.074,F16,F16,research_simulation
20230401,000025,0.746,F16,F16,research_simulation
20230401,000026,0.097,F16,F16,research_simulation
20230401,000027,0.178,F16,F16,research_simulation
20230401,000028,0.196,F16,F16,research_simulation
20230401,000029,0.38,F16,F16,research_simulation
20230401,000030,0.459,F16,F16,research_simulation
20230401,000031,0.563,F16,F16,research_simulation
20230401,000032,0.36,F16,F16,research_simulation
20230401,000034,0.857,F16,F16,research_simulation
20230401,000035,0.598,F16,F16,research_simulation
20230401,000036,0.885,F16,F16,research_simulation
20230401,000037,0.977,F16,F16,research_simulation
20230401,000039,0.189,F16,F16,research_simulation
20230401,000042,0.548,F16,F16,research_simulation
20230401,000045,0.545,F16,F16,research_simulation
20230401,000048,0.326,F16,F16,research_simulation
20230401,000049,0.617,F16,F16,research_simulation
20230401,000050,0.95,F16,F16,research_simulation
20230401,000055,0.243,F16,F16,research_simulation
20230401,000056,0.41,F16,F16,research_simulation
20230401,000058,0.838,F16,F16,research_simulation
20230401,000059,0.884,F16,F16,research_simulation
20230401,000060,0.84,F16,F16,research_simulation
20230401,000061,0.04,F16,F16,research_simulation
20230401,000062,0.458,F16,F16,research_simulation
20230401,000063,0.944,F16,F16,research_simulation
20230401,000065,0.406,F16,F16,research_simulation
20230401,000066,0.927,F16,F16,research_simulation
20230401,000068,0.924,F16,F16,research_simulation
20230401,000069,0.45,F16,F16,research_simulation
20230401,000070,0.349,F16,F16,research_simulation
20230401,000078,0.319,F16,F16,research_simulation
20230401,000088,0.946,F16,F16,research_simulation
20230401,000089,0.059,F16,F16,research_simulation
20230401,000090,0.835,F16,F16,research_simulation
20230401,000096,0.514,F16,F16,research_simulation
20230401,000099,0.409,F16,F16,research_simulation
20230401,000100,0.873,F16,F16,research_simulation
20230401,000151,0.875,F16,F16,research_simulation
20230401,000153,0.425,F16,F16,research_simulation
20230401,000155,0.707,F16,F16,research_simulation
20230401,000156,0.053,F16,F16,research_simulation
20230401,000157,0.005,F16,F16,research_simulation
20230401,000158,0.699,F16,F16,research_simulation
20230401,000159,0.229,F16,F16,research_simulation
20230401,000166,0.084,F16,F16,research_simulation
20230401,000301,0.547,F16,F16,research_simulation
20230401,000333,0.557,F16,F16,research_simulation
20230401,000338,0.834,F16,F16,research_simulation
20230401,000400,0.653,F16,F16,research_simulation
20230401,000401,0.943,F16,F16,research_simulation
20230401,000402,0.155,F16,F16,research_simulation
20230401,000403,0.425,F16,F16,research_simulation
20230401,000404,0.575,F16,F16,research_simulation
20230401,000407,0.423,F16,F16,research_simulation
20230401,000408,0.255,F16,F16,research_simulation
20230401,000409,0.316,F16,F16,research_simulation
20230401,000410,0.205,F16,F16,research_simulation
20230401,000411,0.025,F16,F16,research_simulation
20230401,000415,0.433,F16,F16,research_simulation
20230401,000417,0.995,F16,F16,research_simulation
20230401,000419,0.91,F16,F16,research_simulation
20230401,000420,0.885,F16,F16,research_simulation
20230401,000421,0.308,F16,F16,research_simulation
20230401,000422,0.916,F16,F16,research_simulation
20230401,000423,0.024,F16,F16,research_simulation
20230401,000425,0.915,F16,F16,research_simulation
20230401,000426,0.192,F16,F16,research_simulation
20230401,000428,0.753,F16,F16,research_simulation
20230401,000429,0.209,F16,F16,research_simulation
20230401,000430,0.098,F16,F16,research_simulation
20230401,000488,0.255,F16,F16,research_simulation
20230401,000498,0.292,F16,F16,research_simulation
20230401,000501,0.501,F16,F16,research_simulation
20230401,000503,0.384,F16,F16,research_simulation
20230401,000504,0.303,F16,F16,research_simulation
20230401,000505,0.347,F16,F16,research_simulation
20230401,000506,0.705,F16,F16,research_simulation
20230401,000507,0.356,F16,F16,research_simulation
20230401,000509,0.776,F16,F16,research_simulation
20230401,000510,0.921,F16,F16,research_simulation
20230401,000513,0.554,F16,F16,research_simulation
20230401,000514,0.075,F16,F16,research_simulation
20230401,000516,0.87,F16,F16,research_simulation
20230501,000001,0.47,F16,F16,research_simulation
20230501,000002,0.425,F16,F16,research_simulation
20230501,000004,0.035,F16,F16,research_simulation
20230501,000006,0.843,F16,F16,research_simulation
20230501,000007,0.273,F16,F16,research_simulation
20230501,000008,0.705,F16,F16,research_simulation
20230501,000009,0.833,F16,F16,research_simulation
20230501,000010,0.557,F16,F16,research_simulation
20230501,000011,0.66,F16,F16,research_simulation
20230501,000012,0.953,F16,F16,research_simulation
20230501,000014,0.139,F16,F16,research_simulation
20230501,000016,0.85,F16,F16,research_simulation
20230501,000017,0.281,F16,F16,research_simulation
20230501,000019,0.1,F16,F16,research_simulation
20230501,000020,0.113,F16,F16,research_simulation
20230501,000021,0.434,F16,F16,research_simulation
20230501,000025,0.714,F16,F16,research_simulation
20230501,000026,0.74,F16,F16,research_simulation
20230501,000027,0.177,F16,F16,research_simulation
20230501,000028,0.922,F16,F16,research_simulation
20230501,000029,0.563,F16,F16,research_simulation
20230501,000030,0.293,F16,F16,research_simulation
20230501,000031,0.066,F16,F16,research_simulation
20230501,000032,0.719,F16,F16,research_simulation
20230501,000034,0.658,F16,F16,research_simulation
20230501,000035,0.452,F16,F16,research_simulation
20230501,000036,0.069,F16,F16,research_simulation
20230501,000037,0.754,F16,F16,research_simulation
20230501,000039,0.214,F16,F16,research_simulation
20230501,000042,0.646,F16,F16,research_simulation
20230501,000045,0.777,F16,F16,research_simulation
20230501,000048,0.794,F16,F16,research_simulation
20230501,000049,0.661,F16,F16,research_simulation
20230501,000050,0.059,F16,F16,research_simulation
20230501,000055,0.653,F16,F16,research_simulation
20230501,000056,0.989,F16,F16,research_simulation
20230501,000058,0.637,F16,F16,research_simulation
20230501,000059,0.0,F16,F16,research_simulation
20230501,000060,0.21,F16,F16,research_simulation
20230501,000061,0.802,F16,F16,research_simulation
20230501,000062,0.76,F16,F16,research_simulation
20230501,000063,0.015,F16,F16,research_simulation
20230501,000065,0.774,F16,F16,research_simulation
20230501,000066,0.035,F16,F16,research_simulation
20230501,000068,0.158,F16,F16,research_simulation
20230501,000069,0.996,F16,F16,research_simulation
20230501,000070,0.137,F16,F16,research_simulation
20230501,000078,0.008,F16,F16,research_simulation
20230501,000088,0.278,F16,F16,research_simulation
20230501,000089,0.37,F16,F16,research_simulation
20230501,000090,0.805,F16,F16,research_simulation
20230501,000096,0.589,F16,F16,research_simulation
20230501,000099,0.416,F16,F16,research_simulation
20230501,000100,0.44,F16,F16,research_simulation
20230501,000151,0.576,F16,F16,research_simulation
20230501,000153,0.14,F16,F16,research_simulation
20230501,000155,0.809,F16,F16,research_simulation
20230501,000156,0.345,F16,F16,research_simulation
20230501,000157,0.822,F16,F16,research_simulation
20230501,000158,0.601,F16,F16,research_simulation
20230501,000159,0.215,F16,F16,research_simulation
20230501,000166,0.653,F16,F16,research_simulation
20230501,000301,0.088,F16,F16,research_simulation
20230501,000333,0.808,F16,F16,research_simulation
20230501,000338,0.239,F16,F16,research_simulation
20230501,000400,0.925,F16,F16,research_simulation
20230501,000401,0.48,F16,F16,research_simulation
20230501,000402,0.377,F16,F16,research_simulation
20230501,000403,0.706,F16,F16,research_simulation
20230501,000404,0.604,F16,F16,research_simulation
20230501,000407,0.582,F16,F16,research_simulation
20230501,000408,0.372,F16,F16,research_simulation
20230501,000409,0.187,F16,F16,research_simulation
20230501,000410,0.049,F16,F16,research_simulation
20230501,000411,0.083,F16,F16,research_simulation
20230501,000415,0.036,F16,F16,research_simulation
20230501,000417,0.834,F16,F16,research_simulation
20230501,000419,0.581,F16,F16,research_simulation
20230501,000420,0.047,F16,F16,research_simulation
20230501,000421,0.856,F16,F16,research_simulation
20230501,000422,0.647,F16,F16,research_simulation
20230501,000423,0.411,F16,F16,research_simulation
20230501,000425,0.744,F16,F16,research_simulation
20230501,000426,0.365,F16,F16,research_simulation
20230501,000428,0.688,F16,F16,research_simulation
20230501,000429,0.352,F16,F16,research_simulation
20230501,000430,0.644,F16,F16,research_simulation
20230501,000488,0.323,F16,F16,research_simulation
20230501,000498,0.754,F16,F16,research_simulation
20230501,000501,0.07,F16,F16,research_simulation
20230501,000503,0.829,F16,F16,research_simulation
20230501,000504,0.555,F16,F16,research_simulation
20230501,000505,0.155,F16,F16,research_simulation
20230501,000506,0.252,F16,F16,research_simulation
20230501,000507,0.351,F16,F16,research_simulation
20230501,000509,0.793,F16,F16,research_simulation
20230501,000510,0.815,F16,F16,research_simulation
20230501,000513,0.164,F16,F16,research_simulation
20230501,000514,0.682,F16,F16,research_simulation
20230501,000516,0.875,F16,F16,research_simulation
20231001,000001,0.047,F16,F16,research_simulation
20231001,000002,0.816,F16,F16,research_simulation
20231001,000004,0.005,F16,F16,research_simulation
20231001,000006,0.98,F16,F16,research_simulation
20231001,000007,0.674,F16,F16,research_simulation
20231001,000008,0.608,F16,F16,research_simulation
20231001,000009,0.387,F16,F16,research_simulation
20231001,000010,0.097,F16,F16,research_simulation
20231001,000011,0.479,F16,F16,research_simulation
20231001,000012,0.544,F16,F16,research_simulation
20231001,000014,0.391,F16,F16,research_simulation
20231001,000016,0.454,F16,F16,research_simulation
20231001,000017,0.654,F16,F16,research_simulation
20231001,000019,0.126,F16,F16,research_simulation
20231001,000020,0.443,F16,F16,research_simulation
20231001,000021,0.205,F16,F16,research_simulation
20231001,000025,0.188,F16,F16,research_simulation
20231001,000026,0.226,F16,F16,research_simulation
20231001,000027,0.275,F16,F16,research_simulation
20231001,000028,0.38,F16,F16,research_simulation
20231001,000029,0.96,F16,F16,research_simulation
20231001,000030,0.458,F16,F16,research_simulation
20231001,000031,0.953,F16,F16,research_simulation
20231001,000032,0.843,F16,F16,research_simulation
20231001,000034,0.229,F16,F16,research_simulation
20231001,000035,0.693,F16,F16,research_simulation
20231001,000036,0.035,F16,F16,research_simulation
20231001,000037,0.824,F16,F16,research_simulation
20231001,000039,0.3,F16,F16,research_simulation
20231001,000042,0.722,F16,F16,research_simulation
20231001,000045,0.01,F16,F16,research_simulation
20231001,000048,0.989,F16,F16,research_simulation
20231001,000049,0.591,F16,F16,research_simulation
20231001,000050,0.097,F16,F16,research_simulation
20231001,000055,0.037,F16,F16,research_simulation
20231001,000056,0.186,F16,F16,research_simulation
20231001,000058,0.319,F16,F16,research_simulation
20231001,000059,0.318,F16,F16,research_simulation
20231001,000060,0.533,F16,F16,research_simulation
20231001,000061,0.822,F16,F16,research_simulation
20231001,000062,0.682,F16,F16,research_simulation
20231001,000063,0.584,F16,F16,research_simulation
20231001,000065,0.585,F16,F16,research_simulation
20231001,000066,0.94,F16,F16,research_simulation
20231001,000068,0.692,F16,F16,research_simulation
20231001,000069,0.459,F16,F16,research_simulation
20231001,000070,0.139,F16,F16,research_simulation
20231001,000078,0.394,F16,F16,research_simulation
20231001,000088,0.125,F16,F16,research_simulation
20231001,000089,0.333,F16,F16,research_simulation
20231001,000090,0.119,F16,F16,research_simulation
20231001,000096,0.704,F16,F16,research_simulation
20231001,000099,0.289,F16,F16,research_simulation
20231001,000100,0.976,F16,F16,research_simulation
20231001,000151,0.947,F16,F16,research_simulation
20231001,000153,0.553,F16,F16,research_simulation
20231001,000155,0.554,F16,F16,research_simulation
20231001,000156,0.632,F16,F16,research_simulation
20231001,000157,0.169,F16,F16,research_simulation
20231001,000158,0.218,F16,F16,research_simulation
20231001,000159,0.95,F16,F16,research_simulation
20231001,000166,0.899,F16,F16,research_simulation
20231001,000301,0.71,F16,F16,research_simulation
20231001,000333,0.362,F16,F16,research_simulation
20231001,000338,0.548,F16,F16,research_simulation
20231001,000400,0.647,F16,F16,research_simulation
20231001,000401,0.639,F16,F16,research_simulation
20231001,000402,0.113,F16,F16,research_simulation
20231001,000403,0.864,F16,F16,research_simulation
20231001,000404,0.782,F16,F16,research_simulation
20231001,000407,0.373,F16,F16,research_simulation
20231001,000408,0.411,F16,F16,research_simulation
20231001,000409,0.341,F16,F16,research_simulation
20231001,000410,0.977,F16,F16,research_simulation
20231001,000411,0.482,F16,F16,research_simulation
20231001,000415,0.186,F16,F16,research_simulation
20231001,000417,0.272,F16,F16,research_simulation
20231001,000419,0.329,F16,F16,research_simulation
20231001,000420,0.534,F16,F16,research_simulation
20231001,000421,0.012,F16,F16,research_simulation
20231001,000422,0.093,F16,F16,research_simulation
20231001,000423,0.766,F16,F16,research_simulation
20231001,000425,0.236,F16,F16,research_simulation
20231001,000426,0.141,F16,F16,research_simulation
20231001,000428,0.276,F16,F16,research_simulation
20231001,000429,0.997,F16,F16,research_simulation
20231001,000430,0.045,F16,F16,research_simulation
20231001,000488,0.846,F16,F16,research_simulation
20231001,000498,0.075,F16,F16,research_simulation
20231001,000501,0.418,F16,F16,research_simulation
20231001,000503,0.731,F16,F16,research_simulation
20231001,000504,0.166,F16,F16,research_simulation
20231001,000505,0.745,F16,F16,research_simulation
20231001,000506,0.467,F16,F16,research_simulation
20231001,000507,0.421,F16,F16,research_simulation
20231001,000509,0.087,F16,F16,research_simulation
20231001,000510,0.867,F16,F16,research_simulation
20231001,000513,0.278,F16,F16,research_simulation
20231001,000514,0.349,F16,F16,research_simulation
20231001,000516,0.016,F16,F16,research_simulation
20231101,000001,0.359,F16,F16,research_simulation
20231101,000002,0.63,F16,F16,research_simulation
20231101,000004,0.803,F16,F16,research_simulation
20231101,000006,0.304,F16,F16,research_simulation
20231101,000007,0.901,F16,F16,research_simulation
20231101,000008,0.18,F16,F16,research_simulation
20231101,000009,0.487,F16,F16,research_simulation
20231101,000010,0.38,F16,F16,research_simulation
20231101,000011,0.506,F16,F16,research_simulation
20231101,000012,0.295,F16,F16,research_simulation
20231101,000014,0.893,F16,F16,research_simulation
20231101,000016,0.361,F16,F16,research_simulation
20231101,000017,0.888,F16,F16,research_simulation
20231101,000019,0.32,F16,F16,research_simulation
20231101,000020,0.254,F16,F16,research_simulation
20231101,000021,0.676,F16,F16,research_simulation
20231101,000025,0.833,F16,F16,research_simulation
20231101,000026,0.367,F16,F16,research_simulation
20231101,000027,0.066,F16,F16,research_simulation
20231101,000028,0.541,F16,F16,research_simulation
20231101,000029,0.749,F16,F16,research_simulation
20231101,000030,0.261,F16,F16,research_simulation
20231101,000031,0.292,F16,F16,research_simulation
20231101,000032,0.009,F16,F16,research_simulation
20231101,000034,0.748,F16,F16,research_simulation
20231101,000035,0.586,F16,F16,research_simulation
20231101,000036,0.095,F16,F16,research_simulation
20231101,000037,0.502,F16,F16,research_simulation
20231101,000039,0.391,F16,F16,research_simulation
20231101,000042,0.243,F16,F16,research_simulation
20231101,000045,0.087,F16,F16,research_simulation
20231101,000048,0.418,F16,F16,research_simulation
20231101,000049,0.117,F16,F16,research_simulation
20231101,000050,0.032,F16,F16,research_simulation
20231101,000055,0.0,F16,F16,research_simulation
20231101,000056,0.587,F16,F16,research_simulation
20231101,000058,0.022,F16,F16,research_simulation
20231101,000059,0.473,F16,F16,research_simulation
20231101,000060,0.318,F16,F16,research_simulation
20231101,000061,0.283,F16,F16,research_simulation
20231101,000062,0.972,F16,F16,research_simulation
20231101,000063,0.967,F16,F16,research_simulation
20231101,000065,0.827,F16,F16,research_simulation
20231101,000066,0.22,F16,F16,research_simulation
20231101,000068,0.241,F16,F16,research_simulation
20231101,000069,0.431,F16,F16,research_simulation
20231101,000070,0.824,F16,F16,research_simulation
20231101,000078,0.616,F16,F16,research_simulation
20231101,000088,0.404,F16,F16,research_simulation
20231101,000089,0.68,F16,F16,research_simulation
20231101,000090,0.551,F16,F16,research_simulation
20231101,000096,0.367,F16,F16,research_simulation
20231101,000099,0.381,F16,F16,research_simulation
20231101,000100,0.091,F16,F16,research_simulation
20231101,000151,0.814,F16,F16,research_simulation
20231101,000153,0.699,F16,F16,research_simulation
20231101,000155,0.762,F16,F16,research_simulation
20231101,000156,0.062,F16,F16,research_simulation
20231101,000157,0.068,F16,F16,research_simulation
20231101,000158,0.029,F16,F16,research_simulation
20231101,000159,0.633,F16,F16,research_simulation
20231101,000166,0.379,F16,F16,research_simulation
20231101,000301,0.125,F16,F16,research_simulation
20231101,000333,0.372,F16,F16,research_simulation
20231101,000338,0.161,F16,F16,research_simulation
20231101,000400,0.239,F16,F16,research_simulation
20231101,000401,0.171,F16,F16,research_simulation
20231101,000402,0.789,F16,F16,research_simulation
20231101,000403,0.409,F16,F16,research_simulation
20231101,000404,0.969,F16,F16,research_simulation
20231101,000407,0.83,F16,F16,research_simulation
20231101,000408,0.784,F16,F16,research_simulation
20231101,000409,0.859,F16,F16,research_simulation
20231101,000410,0.449,F16,F16,research_simulation
20231101,000411,0.319,F16,F16,research_simulation
20231101,000415,0.796,F16,F16,research_simulation
20231101,000417,0.228,F16,F16,research_simulation
20231101,000419,0.773,F16,F16,research_simulation
20231101,000420,0.57,F16,F16,research_simulation
20231101,000421,0.904,F16,F16,research_simulation
20231101,000422,0.689,F16,F16,research_simulation
20231101,000423,0.258,F16,F16,research_simulation
20231101,000425,0.279,F16,F16,research_simulation
20231101,000426,0.566,F16,F16,research_simulation
20231101,000428,0.159,F16,F16,research_simulation
20231101,000429,0.522,F16,F16,research_simulation
20231101,000430,0.58,F16,F16,research_simulation
20231101,000488,0.602,F16,F16,research_simulation
20231101,000498,0.522,F16,F16,research_simulation
20231101,000501,0.615,F16,F16,research_simulation
20231101,000503,0.406,F16,F16,research_simulation
20231101,000504,0.507,F16,F16,research_simulation
20231101,000505,0.223,F16,F16,research_simulation
20231101,000506,0.629,F16,F16,research_simulation
20231101,000507,0.188,F16,F16,research_simulation
20231101,000509,0.252,F16,F16,research_simulation
20231101,000510,0.547,F16,F16,research_simulation
20231101,000513,0.581,F16,F16,research_simulation
20231101,000514,0.621,F16,F16,research_simulation
20231101,000516,0.706,F16,F16,research_simulation
20231201,000001,0.16,F16,F16,research_simulation
20231201,000002,0.755,F16,F16,research_simulation
20231201,000004,0.007,F16,F16,research_simulation
20231201,000006,0.531,F16,F16,research_simulation
20231201,000007,0.426,F16,F16,research_simulation
20231201,000008,0.827,F16,F16,research_simulation
20231201,000009,0.477,F16,F16,research_simulation
20231201,000010,0.854,F16,F16,research_simulation
20231201,000011,0.113,F16,F16,research_simulation
20231201,000012,0.753,F16,F16,research_simulation
20231201,000014,0.572,F16,F16,research_simulation
20231201,000016,0.871,F16,F16,research_simulation
20231201,000017,0.252,F16,F16,research_simulation
20231201,000019,0.667,F16,F16,research_simulation
20231201,000020,0.65,F16,F16,research_simulation
20231201,000021,0.64,F16,F16,research_simulation
20231201,000025,0.415,F16,F16,research_simulation
20231201,000026,0.494,F16,F16,research_simulation
20231201,000027,0.965,F16,F16,research_simulation
20231201,000028,0.398,F16,F16,research_simulation
20231201,000029,0.438,F16,F16,research_simulation
20231201,000030,0.696,F16,F16,research_simulation
20231201,000031,0.425,F16,F16,research_simulation
20231201,000032,0.02,F16,F16,research_simulation
20231201,000034,0.824,F16,F16,research_simulation
20231201,000035,0.525,F16,F16,research_simulation
20231201,000036,0.475,F16,F16,research_simulation
20231201,000037,0.418,F16,F16,research_simulation
20231201,000039,0.789,F16,F16,research_simulation
20231201,000042,0.741,F16,F16,research_simulation
20231201,000045,0.426,F16,F16,research_simulation
20231201,000048,0.051,F16,F16,research_simulation
20231201,000049,0.552,F16,F16,research_simulation
20231201,000050,0.074,F16,F16,research_simulation
20231201,000055,0.772,F16,F16,research_simulation
20231201,000056,0.609,F16,F16,research_simulation
20231201,000058,0.836,F16,F16,research_simulation
20231201,000059,0.553,F16,F16,research_simulation
20231201,000060,0.106,F16,F16,research_simulation
20231201,000061,0.902,F16,F16,research_simulation
20231201,000062,0.795,F16,F16,research_simulation
20231201,000063,0.006,F16,F16,research_simulation
20231201,000065,0.696,F16,F16,research_simulation
20231201,000066,0.884,F16,F16,research_simulation
20231201,000068,0.611,F16,F16,research_simulation
20231201,000069,0.255,F16,F16,research_simulation
20231201,000070,0.768,F16,F16,research_simulation
20231201,000078,0.451,F16,F16,research_simulation
20231201,000088,0.694,F16,F16,research_simulation
20231201,000089,0.855,F16,F16,research_simulation
20231201,000090,0.257,F16,F16,research_simulation
20231201,000096,0.227,F16,F16,research_simulation
20231201,000099,0.396,F16,F16,research_simulation
20231201,000100,0.185,F16,F16,research_simulation
20231201,000151,0.205,F16,F16,research_simulation
20231201,000153,0.58,F16,F16,research_simulation
20231201,000155,0.116,F16,F16,research_simulation
20231201,000156,0.598,F16,F16,research_simulation
20231201,000157,0.921,F16,F16,research_simulation
20231201,000158,0.782,F16,F16,research_simulation
20231201,000159,0.376,F16,F16,research_simulation
20231201,000166,0.15,F16,F16,research_simulation
20231201,000301,0.505,F16,F16,research_simulation
20231201,000333,0.413,F16,F16,research_simulation
20231201,000338,0.36,F16,F16,research_simulation
20231201,000400,0.028,F16,F16,research_simulation
20231201,000401,0.16,F16,F16,research_simulation
20231201,000402,0.125,F16,F16,research_simulation
20231201,000403,0.915,F16,F16,research_simulation
20231201,000404,0.891,F16,F16,research_simulation
20231201,000407,0.128,F16,F16,research_simulation
20231201,000408,0.268,F16,F16,research_simulation
20231201,000409,0.428,F16,F16,research_simulation
20231201,000410,0.861,F16,F16,research_simulation
20231201,000411,0.418,F16,F16,research_simulation
20231201,000415,0.875,F16,F16,research_simulation
20231201,000417,0.397,F16,F16,research_simulation
20231201,000419,0.614,F16,F16,research_simulation
20231201,000420,0.931,F16,F16,research_simulation
20231201,000421,0.394,F16,F16,research_simulation
20231201,000422,0.271,F16,F16,research_simulation
20231201,000423,0.142,F16,F16,research_simulation
20231201,000425,0.647,F16,F16,research_simulation
20231201,000426,0.119,F16,F16,research_simulation
20231201,000428,0.992,F16,F16,research_simulation
20231201,000429,0.074,F16,F16,research_simulation
20231201,000430,0.271,F16,F16,research_simulation
20231201,000488,0.485,F16,F16,research_simulation
20231201,000498,0.041,F16,F16,research_simulation
20231201,000501,0.772,F16,F16,research_simulation
20231201,000503,0.458,F16,F16,research_simulation
20231201,000504,0.295,F16,F16,research_simulation
20231201,000505,0.602,F16,F16,research_simulation
20231201,000506,0.93,F16,F16,research_simulation
20231201,000507,0.783,F16,F16,research_simulation
20231201,000509,0.529,F16,F16,research_simulation
20231201,000510,0.973,F16,F16,research_simulation
20231201,000513,0.444,F16,F16,research_simulation
20231201,000514,0.848,F16,F16,research_simulation
20231201,000516,0.54,F16,F16,research_simulation
20240601,000001,0.61,F16,F16,research_simulation
20240601,000002,0.4,F16,F16,research_simulation
20240601,000004,0.377,F16,F16,research_simulation
20240601,000006,0.081,F16,F16,research_simulation
20240601,000007,0.016,F16,F16,research_simulation
20240601,000008,0.737,F16,F16,research_simulation
20240601,000009,0.234,F16,F16,research_simulation
20240601,000010,0.086,F16,F16,research_simulation
20240601,000011,0.256,F16,F16,research_simulation
20240601,000012,0.623,F16,F16,research_simulation
20240601,000014,0.518,F16,F16,research_simulation
20240601,000016,0.357,F16,F16,research_simulation
20240601,000017,0.34,F16,F16,research_simulation
20240601,000019,0.687,F16,F16,research_simulation
20240601,000020,0.879,F16,F16,research_simulation
20240601,000021,0.366,F16,F16,research_simulation
20240601,000025,0.941,F16,F16,research_simulation
20240601,000026,0.327,F16,F16,research_simulation
20240601,000027,0.844,F16,F16,research_simulation
20240601,000028,0.329,F16,F16,research_simulation
20240601,000029,0.888,F16,F16,research_simulation
20240601,000030,0.065,F16,F16,research_simulation
20240601,000031,0.214,F16,F16,research_simulation
20240601,000032,0.148,F16,F16,research_simulation
20240601,000034,0.493,F16,F16,research_simulation
20240601,000035,0.306,F16,F16,research_simulation
20240601,000036,0.398,F16,F16,research_simulation
20240601,000037,0.187,F16,F16,research_simulation
20240601,000039,0.834,F16,F16,research_simulation
20240601,000042,0.441,F16,F16,research_simulation
20240601,000045,0.898,F16,F16,research_simulation
20240601,000048,0.793,F16,F16,research_simulation
20240601,000049,0.273,F16,F16,research_simulation
20240601,000050,0.432,F16,F16,research_simulation
20240601,000055,0.711,F16,F16,research_simulation
20240601,000056,0.509,F16,F16,research_simulation
20240601,000058,0.738,F16,F16,research_simulation
20240601,000059,0.223,F16,F16,research_simulation
20240601,000060,0.864,F16,F16,research_simulation
20240601,000061,0.132,F16,F16,research_simulation
20240601,000062,0.128,F16,F16,research_simulation
20240601,000063,0.651,F16,F16,research_simulation
20240601,000065,0.015,F16,F16,research_simulation
20240601,000066,0.405,F16,F16,research_simulation
20240601,000068,0.246,F16,F16,research_simulation
20240601,000069,0.708,F16,F16,research_simulation
20240601,000070,0.117,F16,F16,research_simulation
20240601,000078,0.111,F16,F16,research_simulation
20240601,000088,0.078,F16,F16,research_simulation
20240601,000089,0.449,F16,F16,research_simulation
20240601,000090,0.985,F16,F16,research_simulation
20240601,000096,0.692,F16,F16,research_simulation
20240601,000099,0.801,F16,F16,research_simulation
20240601,000100,0.405,F16,F16,research_simulation
20240601,000151,0.286,F16,F16,research_simulation
20240601,000153,0.565,F16,F16,research_simulation
20240601,000155,0.309,F16,F16,research_simulation
20240601,000156,0.697,F16,F16,research_simulation
20240601,000157,0.646,F16,F16,research_simulation
20240601,000158,0.227,F16,F16,research_simulation
20240601,000159,0.295,F16,F16,research_simulation
20240601,000166,0.073,F16,F16,research_simulation
20240601,000301,0.11,F16,F16,research_simulation
20240601,000333,0.561,F16,F16,research_simulation
20240601,000338,0.72,F16,F16,research_simulation
20240601,000400,0.844,F16,F16,research_simulation
20240601,000401,0.927,F16,F16,research_simulation
20240601,000402,0.467,F16,F16,research_simulation
20240601,000403,0.714,F16,F16,research_simulation
20240601,000404,0.784,F16,F16,research_simulation
20240601,000407,0.129,F16,F16,research_simulation
20240601,000408,0.167,F16,F16,research_simulation
20240601,000409,0.073,F16,F16,research_simulation
20240601,000410,0.307,F16,F16,research_simulation
20240601,000411,0.93,F16,F16,research_simulation
20240601,000415,0.41,F16,F16,research_simulation
20240601,000417,0.61,F16,F16,research_simulation
20240601,000419,0.183,F16,F16,research_simulation
20240601,000420,0.536,F16,F16,research_simulation
20240601,000421,0.427,F16,F16,research_simulation
20240601,000422,0.126,F16,F16,research_simulation
20240601,000423,0.197,F16,F16,research_simulation
20240601,000425,0.51,F16,F16,research_simulation
20240601,000426,0.267,F16,F16,research_simulation
20240601,000428,0.024,F16,F16,research_simulation
20240601,000429,0.562,F16,F16,research_simulation
20240601,000430,0.106,F16,F16,research_simulation
20240601,000488,0.458,F16,F16,research_simulation
20240601,000498,0.268,F16,F16,research_simulation
20240601,000501,0.795,F16,F16,research_simulation
20240601,000503,0.156,F16,F16,research_simulation
20240601,000504,0.704,F16,F16,research_simulation
20240601,000505,0.918,F16,F16,research_simulation
20240601,000506,0.088,F16,F16,research_simulation
20240601,000507,0.741,F16,F16,research_simulation
20240601,000509,0.113,F16,F16,research_simulation
20240601,000510,0.249,F16,F16,research_simulation
20240601,000513,0.29,F16,F16,research_simulation
20240601,000514,0.893,F16,F16,research_simulation
20240601,000516,0.686,F16,F16,research_simulation
20240701,000001,0.478,F16,F16,research_simulation
20240701,000002,0.517,F16,F16,research_simulation
20240701,000004,0.801,F16,F16,research_simulation
20240701,000006,0.578,F16,F16,research_simulation
20240701,000007,0.917,F16,F16,research_simulation
20240701,000008,0.361,F16,F16,research_simulation
20240701,000009,0.696,F16,F16,research_simulation
20240701,000010,0.771,F16,F16,research_simulation
20240701,000011,0.653,F16,F16,research_simulation
20240701,000012,0.156,F16,F16,research_simulation
20240701,000014,0.432,F16,F16,research_simulation
20240701,000016,0.271,F16,F16,research_simulation
20240701,000017,0.369,F16,F16,research_simulation
20240701,000019,0.295,F16,F16,research_simulation
20240701,000020,0.169,F16,F16,research_simulation
20240701,000021,0.042,F16,F16,research_simulation
20240701,000025,0.355,F16,F16,research_simulation
20240701,000026,0.798,F16,F16,research_simulation
20240701,000027,0.867,F16,F16,research_simulation
20240701,000028,0.698,F16,F16,research_simulation
20240701,000029,0.702,F16,F16,research_simulation
20240701,000030,0.861,F16,F16,research_simulation
20240701,000031,0.168,F16,F16,research_simulation
20240701,000032,0.783,F16,F16,research_simulation
20240701,000034,0.784,F16,F16,research_simulation
20240701,000035,0.601,F16,F16,research_simulation
20240701,000036,0.77,F16,F16,research_simulation
20240701,000037,0.3,F16,F16,research_simulation
20240701,000039,0.964,F16,F16,research_simulation
20240701,000042,0.762,F16,F16,research_simulation
20240701,000045,0.125,F16,F16,research_simulation
20240701,000048,0.891,F16,F16,research_simulation
20240701,000049,0.932,F16,F16,research_simulation
20240701,000050,0.566,F16,F16,research_simulation
20240701,000055,0.061,F16,F16,research_simulation
20240701,000056,0.511,F16,F16,research_simulation
20240701,000058,0.321,F16,F16,research_simulation
20240701,000059,0.07,F16,F16,research_simulation
20240701,000060,0.549,F16,F16,research_simulation
20240701,000061,0.317,F16,F16,research_simulation
20240701,000062,0.155,F16,F16,research_simulation
20240701,000063,0.895,F16,F16,research_simulation
20240701,000065,0.537,F16,F16,research_simulation
20240701,000066,0.188,F16,F16,research_simulation
20240701,000068,0.178,F16,F16,research_simulation
20240701,000069,0.388,F16,F16,research_simulation
20240701,000070,0.646,F16,F16,research_simulation
20240701,000078,0.571,F16,F16,research_simulation
20240701,000088,0.664,F16,F16,research_simulation
20240701,000089,0.111,F16,F16,research_simulation
20240701,000090,0.143,F16,F16,research_simulation
20240701,000096,0.694,F16,F16,research_simulation
20240701,000099,0.772,F16,F16,research_simulation
20240701,000100,0.673,F16,F16,research_simulation
20240701,000151,0.688,F16,F16,research_simulation
20240701,000153,0.539,F16,F16,research_simulation
20240701,000155,0.238,F16,F16,research_simulation
20240701,000156,0.395,F16,F16,research_simulation
20240701,000157,0.637,F16,F16,research_simulation
20240701,000158,0.014,F16,F16,research_simulation
20240701,000159,0.703,F16,F16,research_simulation
20240701,000166,0.95,F16,F16,research_simulation
20240701,000301,0.293,F16,F16,research_simulation
20240701,000333,0.91,F16,F16,research_simulation
20240701,000338,0.532,F16,F16,research_simulation
20240701,000400,0.663,F16,F16,research_simulation
20240701,000401,0.892,F16,F16,research_simulation
20240701,000402,0.969,F16,F16,research_simulation
20240701,000403,0.918,F16,F16,research_simulation
20240701,000404,0.498,F16,F16,research_simulation
20240701,000407,0.967,F16,F16,research_simulation
20240701,000408,0.834,F16,F16,research_simulation
20240701,000409,0.107,F16,F16,research_simulation
20240701,000410,0.236,F16,F16,research_simulation
20240701,000411,0.707,F16,F16,research_simulation
20240701,000415,0.995,F16,F16,research_simulation
20240701,000417,0.86,F16,F16,research_simulation
20240701,000419,0.585,F16,F16,research_simulation
20240701,000420,0.854,F16,F16,research_simulation
20240701,000421,0.101,F16,F16,research_simulation
20240701,000422,0.218,F16,F16,research_simulation
20240701,000423,0.412,F16,F16,research_simulation
20240701,000425,0.139,F16,F16,research_simulation
20240701,000426,0.744,F16,F16,research_simulation
20240701,000428,0.362,F16,F16,research_simulation
20240701,000429,0.203,F16,F16,research_simulation
20240701,000430,0.086,F16,F16,research_simulation
20240701,000488,0.441,F16,F16,research_simulation
20240701,000498,0.587,F16,F16,research_simulation
20240701,000501,0.345,F16,F16,research_simulation
20240701,000503,0.244,F16,F16,research_simulation
20240701,000504,0.566,F16,F16,research_simulation
20240701,000505,0.179,F16,F16,research_simulation
20240701,000506,0.063,F16,F16,research_simulation
20240701,000507,0.527,F16,F16,research_simulation
20240701,000509,0.172,F16,F16,research_simulation
20240701,000510,0.655,F16,F16,research_simulation
20240701,000513,0.083,F16,F16,research_simulation
20240701,000514,0.533,F16,F16,research_simulation
20240701,000516,0.984,F16,F16,research_simulation
20240801,000001,0.565,F16,F16,research_simulation
20240801,000002,0.78,F16,F16,research_simulation
20240801,000004,0.405,F16,F16,research_simulation
20240801,000006,0.373,F16,F16,research_simulation
20240801,000007,0.248,F16,F16,research_simulation
20240801,000008,0.293,F16,F16,research_simulation
20240801,000009,0.676,F16,F16,research_simulation
20240801,000010,0.096,F16,F16,research_simulation
20240801,000011,0.92,F16,F16,research_simulation
20240801,000012,0.909,F16,F16,research_simulation
20240801,000014,0.588,F16,F16,research_simulation
20240801,000016,0.876,F16,F16,research_simulation
20240801,000017,0.731,F16,F16,research_simulation
20240801,000019,0.339,F16,F16,research_simulation
20240801,000020,0.983,F16,F16,research_simulation
20240801,000021,0.872,F16,F16,research_simulation
20240801,000025,0.143,F16,F16,research_simulation
20240801,000026,0.11,F16,F16,research_simulation
20240801,000027,0.317,F16,F16,research_simulation
20240801,000028,0.625,F16,F16,research_simulation
20240801,000029,0.136,F16,F16,research_simulation
20240801,000030,0.31,F16,F16,research_simulation
20240801,000031,0.836,F16,F16,research_simulation
20240801,000032,0.09,F16,F16,research_simulation
20240801,000034,0.37,F16,F16,research_simulation
20240801,000035,0.91,F16,F16,research_simulation
20240801,000036,0.078,F16,F16,research_simulation
20240801,000037,0.143,F16,F16,research_simulation
20240801,000039,0.914,F16,F16,research_simulation
20240801,000042,0.888,F16,F16,research_simulation
20240801,000045,0.505,F16,F16,research_simulation
20240801,000048,0.208,F16,F16,research_simulation
20240801,000049,0.285,F16,F16,research_simulation
20240801,000050,0.927,F16,F16,research_simulation
20240801,000055,0.214,F16,F16,research_simulation
20240801,000056,0.416,F16,F16,research_simulation
20240801,000058,0.363,F16,F16,research_simulation
20240801,000059,0.293,F16,F16,research_simulation
20240801,000060,0.315,F16,F16,research_simulation
20240801,000061,0.435,F16,F16,research_simulation
20240801,000062,0.448,F16,F16,research_simulation
20240801,000063,0.141,F16,F16,research_simulation
20240801,000065,0.569,F16,F16,research_simulation
20240801,000066,0.359,F16,F16,research_simulation
20240801,000068,0.082,F16,F16,research_simulation
20240801,000069,0.818,F16,F16,research_simulation
20240801,000070,0.787,F16,F16,research_simulation
20240801,000078,0.594,F16,F16,research_simulation
20240801,000088,0.724,F16,F16,research_simulation
20240801,000089,0.533,F16,F16,research_simulation
20240801,000090,0.896,F16,F16,research_simulation
20240801,000096,0.937,F16,F16,research_simulation
20240801,000099,0.45,F16,F16,research_simulation
20240801,000100,0.871,F16,F16,research_simulation
20240801,000151,0.859,F16,F16,research_simulation
20240801,000153,0.988,F16,F16,research_simulation
20240801,000155,0.686,F16,F16,research_simulation
20240801,000156,0.042,F16,F16,research_simulation
20240801,000157,0.626,F16,F16,research_simulation
20240801,000158,0.746,F16,F16,research_simulation
20240801,000159,0.891,F16,F16,research_simulation
20240801,000166,0.257,F16,F16,research_simulation
20240801,000301,0.801,F16,F16,research_simulation
20240801,000333,0.1,F16,F16,research_simulation
20240801,000338,0.375,F16,F16,research_simulation
20240801,000400,0.845,F16,F16,research_simulation
20240801,000401,0.372,F16,F16,research_simulation
20240801,000402,0.449,F16,F16,research_simulation
20240801,000403,0.498,F16,F16,research_simulation
20240801,000404,0.633,F16,F16,research_simulation
20240801,000407,0.641,F16,F16,research_simulation
20240801,000408,0.254,F16,F16,research_simulation
20240801,000409,0.537,F16,F16,research_simulation
20240801,000410,0.018,F16,F16,research_simulation
20240801,000411,0.753,F16,F16,research_simulation
20240801,000415,0.131,F16,F16,research_simulation
20240801,000417,0.219,F16,F16,research_simulation
20240801,000419,0.076,F16,F16,research_simulation
20240801,000420,0.018,F16,F16,research_simulation
20240801,000421,0.528,F16,F16,research_simulation
20240801,000422,0.531,F16,F16,research_simulation
20240801,000423,0.772,F16,F16,research_simulation
20240801,000425,0.827,F16,F16,research_simulation
20240801,000426,0.487,F16,F16,research_simulation
20240801,000428,0.948,F16,F16,research_simulation
20240801,000429,0.311,F16,F16,research_simulation
20240801,000430,0.325,F16,F16,research_simulation
20240801,000488,0.401,F16,F16,research_simulation
20240801,000498,0.903,F16,F16,research_simulation
20240801,000501,0.851,F16,F16,research_simulation
20240801,000503,0.018,F16,F16,research_simulation
20240801,000504,0.327,F16,F16,research_simulation
20240801,000505,0.884,F16,F16,research_simulation
20240801,000506,0.481,F16,F16,research_simulation
20240801,000507,0.883,F16,F16,research_simulation
20240801,000509,0.154,F16,F16,research_simulation
20240801,000510,0.699,F16,F16,research_simulation
20240801,000513,0.628,F16,F16,research_simulation
20240801,000514,0.376,F16,F16,research_simulation
20240801,000516,0.423,F16,F16,research_simulation
20241001,000001,0.878,F16,F16,research_simulation
20241001,000002,0.907,F16,F16,research_simulation
20241001,000004,0.978,F16,F16,research_simulation
20241001,000006,0.888,F16,F16,research_simulation
20241001,000007,0.042,F16,F16,research_simulation
20241001,000008,0.331,F16,F16,research_simulation
20241001,000009,0.326,F16,F16,research_simulation
20241001,000010,0.486,F16,F16,research_simulation
20241001,000011,0.844,F16,F16,research_simulation
20241001,000012,0.813,F16,F16,research_simulation
20241001,000014,0.261,F16,F16,research_simulation
20241001,000016,0.662,F16,F16,research_simulation
20241001,000017,0.456,F16,F16,research_simulation
20241001,000019,0.521,F16,F16,research_simulation
20241001,000020,0.892,F16,F16,research_simulation
20241001,000021,0.401,F16,F16,research_simulation
20241001,000025,0.077,F16,F16,research_simulation
20241001,000026,0.56,F16,F16,research_simulation
20241001,000027,0.807,F16,F16,research_simulation
20241001,000028,0.789,F16,F16,research_simulation
20241001,000029,0.409,F16,F16,research_simulation
20241001,000030,0.127,F16,F16,research_simulation
20241001,000031,0.367,F16,F16,research_simulation
20241001,000032,0.228,F16,F16,research_simulation
20241001,000034,0.786,F16,F16,research_simulation
20241001,000035,0.465,F16,F16,research_simulation
20241001,000036,0.805,F16,F16,research_simulation
20241001,000037,0.527,F16,F16,research_simulation
20241001,000039,0.334,F16,F16,research_simulation
20241001,000042,0.352,F16,F16,research_simulation
20241001,000045,0.106,F16,F16,research_simulation
20241001,000048,0.524,F16,F16,research_simulation
20241001,000049,0.969,F16,F16,research_simulation
20241001,000050,0.615,F16,F16,research_simulation
20241001,000055,0.054,F16,F16,research_simulation
20241001,000056,0.137,F16,F16,research_simulation
20241001,000058,0.783,F16,F16,research_simulation
20241001,000059,0.269,F16,F16,research_simulation
20241001,000060,0.662,F16,F16,research_simulation
20241001,000061,0.267,F16,F16,research_simulation
20241001,000062,0.858,F16,F16,research_simulation
20241001,000063,0.488,F16,F16,research_simulation
20241001,000065,0.067,F16,F16,research_simulation
20241001,000066,0.318,F16,F16,research_simulation
20241001,000068,0.127,F16,F16,research_simulation
20241001,000069,0.624,F16,F16,research_simulation
20241001,000070,0.652,F16,F16,research_simulation
20241001,000078,0.928,F16,F16,research_simulation
20241001,000088,0.139,F16,F16,research_simulation
20241001,000089,0.961,F16,F16,research_simulation
20241001,000090,0.536,F16,F16,research_simulation
20241001,000096,0.591,F16,F16,research_simulation
20241001,000099,0.038,F16,F16,research_simulation
20241001,000100,0.312,F16,F16,research_simulation
20241001,000151,0.613,F16,F16,research_simulation
20241001,000153,0.259,F16,F16,research_simulation
20241001,000155,0.482,F16,F16,research_simulation
20241001,000156,0.739,F16,F16,research_simulation
20241001,000157,0.093,F16,F16,research_simulation
20241001,000158,0.892,F16,F16,research_simulation
20241001,000159,0.506,F16,F16,research_simulation
20241001,000166,0.954,F16,F16,research_simulation
20241001,000301,0.689,F16,F16,research_simulation
20241001,000333,0.933,F16,F16,research_simulation
20241001,000338,0.706,F16,F16,research_simulation
20241001,000400,0.443,F16,F16,research_simulation
20241001,000401,0.7,F16,F16,research_simulation
20241001,000402,0.655,F16,F16,research_simulation
20241001,000403,0.612,F16,F16,research_simulation
20241001,000404,0.736,F16,F16,research_simulation
20241001,000407,0.391,F16,F16,research_simulation
20241001,000408,0.13,F16,F16,research_simulation
20241001,000409,0.286,F16,F16,research_simulation
20241001,000410,0.966,F16,F16,research_simulation
20241001,000411,0.23,F16,F16,research_simulation
20241001,000415,0.119,F16,F16,research_simulation
20241001,000417,0.176,F16,F16,research_simulation
20241001,000419,0.137,F16,F16,research_simulation
20241001,000420,0.312,F16,F16,research_simulation
20241001,000421,0.058,F16,F16,research_simulation
20241001,000422,0.5,F16,F16,research_simulation
20241001,000423,0.815,F16,F16,research_simulation
20241001,000425,0.24,F16,F16,research_simulation
20241001,000426,0.609,F16,F16,research_simulation
20241001,000428,0.586,F16,F16,research_simulation
20241001,000429,0.927,F16,F16,research_simulation
20241001,000430,0.959,F16,F16,research_simulation
20241001,000488,0.307,F16,F16,research_simulation
20241001,000498,0.101,F16,F16,research_simulation
20241001,000501,0.657,F16,F16,research_simulation
20241001,000503,0.774,F16,F16,research_simulation
20241001,000504,0.935,F16,F16,research_simulation
20241001,000505,0.352,F16,F16,research_simulation
20241001,000506,0.323,F16,F16,research_simulation
20241001,000507,0.661,F16,F16,research_simulation
20241001,000509,0.32,F16,F16,research_simulation
20241001,000510,0.333,F16,F16,research_simulation
20241001,000513,0.331,F16,F16,research_simulation
20241001,000514,0.864,F16,F16,research_simulation
20241001,000516,0.234,F16,F16,research_simulation
20241201,000001,0.735,F16,F16,research_simulation
20241201,000002,0.659,F16,F16,research_simulation
20241201,000004,0.424,F16,F16,research_simulation
20241201,000006,0.183,F16,F16,research_simulation
20241201,000007,0.549,F16,F16,research_simulation
20241201,000008,0.106,F16,F16,research_simulation
20241201,000009,0.928,F16,F16,research_simulation
20241201,000010,0.317,F16,F16,research_simulation
20241201,000011,0.567,F16,F16,research_simulation
20241201,000012,0.384,F16,F16,research_simulation
20241201,000014,0.031,F16,F16,research_simulation
20241201,000016,0.196,F16,F16,research_simulation
20241201,000017,0.511,F16,F16,research_simulation
20241201,000019,0.002,F16,F16,research_simulation
20241201,000020,0.983,F16,F16,research_simulation
20241201,000021,0.732,F16,F16,research_simulation
20241201,000025,0.357,F16,F16,research_simulation
20241201,000026,0.076,F16,F16,research_simulation
20241201,000027,0.606,F16,F16,research_simulation
20241201,000028,0.108,F16,F16,research_simulation
20241201,000029,0.706,F16,F16,research_simulation
20241201,000030,0.83,F16,F16,research_simulation
20241201,000031,0.715,F16,F16,research_simulation
20241201,000032,0.186,F16,F16,research_simulation
20241201,000034,0.946,F16,F16,research_simulation
20241201,000035,0.685,F16,F16,research_simulation
20241201,000036,0.274,F16,F16,research_simulation
20241201,000037,0.361,F16,F16,research_simulation
20241201,000039,0.483,F16,F16,research_simulation
20241201,000042,0.813,F16,F16,research_simulation
20241201,000045,0.916,F16,F16,research_simulation
20241201,000048,0.282,F16,F16,research_simulation
20241201,000049,0.106,F16,F16,research_simulation
20241201,000050,0.916,F16,F16,research_simulation
20241201,000055,0.356,F16,F16,research_simulation
20241201,000056,0.431,F16,F16,research_simulation
20241201,000058,0.097,F16,F16,research_simulation
20241201,000059,0.967,F16,F16,research_simulation
20241201,000060,0.108,F16,F16,research_simulation
20241201,000061,0.215,F16,F16,research_simulation
20241201,000062,0.127,F16,F16,research_simulation
20241201,000063,0.53,F16,F16,research_simulation
20241201,000065,0.909,F16,F16,research_simulation
20241201,000066,0.151,F16,F16,research_simulation
20241201,000068,0.245,F16,F16,research_simulation
20241201,000069,0.713,F16,F16,research_simulation
20241201,000070,0.04,F16,F16,research_simulation
20241201,000078,0.857,F16,F16,research_simulation
20241201,000088,0.383,F16,F16,research_simulation
20241201,000089,0.561,F16,F16,research_simulation
20241201,000090,0.454,F16,F16,research_simulation
20241201,000096,0.749,F16,F16,research_simulation
20241201,000099,0.471,F16,F16,research_simulation
20241201,000100,0.516,F16,F16,research_simulation
20241201,000151,0.961,F16,F16,research_simulation
20241201,000153,0.909,F16,F16,research_simulation
20241201,000155,0.677,F16,F16,research_simulation
20241201,000156,0.419,F16,F16,research_simulation
20241201,000157,0.159,F16,F16,research_simulation
20241201,000158,0.528,F16,F16,research_simulation
20241201,000159,0.582,F16,F16,research_simulation
20241201,000166,0.664,F16,F16,research_simulation
20241201,000301,0.493,F16,F16,research_simulation
20241201,000333,0.485,F16,F16,research_simulation
20241201,000338,0.391,F16,F16,research_simulation
20241201,000400,0.141,F16,F16,research_simulation
20241201,000401,0.52,F16,F16,research_simulation
20241201,000402,0.531,F16,F16,research_simulation
20241201,000403,0.932,F16,F16,research_simulation
20241201,000404,0.038,F16,F16,research_simulation
20241201,000407,0.016,F16,F16,research_simulation
20241201,000408,0.58,F16,F16,research_simulation
20241201,000409,0.481,F16,F16,research_simulation
20241201,000410,0.093,F16,F16,research_simulation
20241201,000411,0.701,F16,F16,research_simulation
20241201,000415,0.011,F16,F16,research_simulation
20241201,000417,0.693,F16,F16,research_simulation
20241201,000419,0.969,F16,F16,research_simulation
20241201,000420,0.464,F16,F16,research_simulation
20241201,000421,0.347,F16,F16,research_simulation
20241201,000422,0.802,F16,F16,research_simulation
20241201,000423,0.021,F16,F16,research_simulation
20241201,000425,0.25,F16,F16,research_simulation
20241201,000426,0.286,F16,F16,research_simulation
20241201,000428,0.914,F16,F16,research_simulation
20241201,000429,0.498,F16,F16,research_simulation
20241201,000430,0.565,F16,F16,research_simulation
20241201,000488,0.374,F16,F16,research_simulation
20241201,000498,0.683,F16,F16,research_simulation
20241201,000501,0.422,F16,F16,research_simulation
20241201,000503,0.935,F16,F16,research_simulation
20241201,000504,0.453,F16,F16,research_simulation
20241201,000505,0.57,F16,F16,research_simulation
20241201,000506,0.015,F16,F16,research_simulation
20241201,000507,0.718,F16,F16,research_simulation
20241201,000509,0.38,F16,F16,research_simulation
20241201,000510,0.047,F16,F16,research_simulation
20241201,000513,0.927,F16,F16,research_simulation
20241201,000514,0.845,F16,F16,research_simulation
20241201,000516,0.643,F16,F16,research_simulation
20250201,000001,0.984,F16,F16,research_simulation
20250201,000002,0.325,F16,F16,research_simulation
20250201,000004,0.03,F16,F16,research_simulation
20250201,000006,0.931,F16,F16,research_simulation
20250201,000007,0.54,F16,F16,research_simulation
20250201,000008,0.052,F16,F16,research_simulation
20250201,000009,0.905,F16,F16,research_simulation
20250201,000010,0.305,F16,F16,research_simulation
20250201,000011,0.543,F16,F16,research_simulation
20250201,000012,0.934,F16,F16,research_simulation
20250201,000014,0.873,F16,F16,research_simulation
20250201,000016,0.477,F16,F16,research_simulation
20250201,000017,0.884,F16,F16,research_simulation
20250201,000019,0.047,F16,F16,research_simulation
20250201,000020,0.038,F16,F16,research_simulation
20250201,000021,0.665,F16,F16,research_simulation
20250201,000025,0.644,F16,F16,research_simulation
20250201,000026,0.727,F16,F16,research_simulation
20250201,000027,0.409,F16,F16,research_simulation
20250201,000028,0.036,F16,F16,research_simulation
20250201,000029,0.988,F16,F16,research_simulation
20250201,000030,0.866,F16,F16,research_simulation
20250201,000031,0.665,F16,F16,research_simulation
20250201,000032,0.013,F16,F16,research_simulation
20250201,000034,0.568,F16,F16,research_simulation
20250201,000035,0.261,F16,F16,research_simulation
20250201,000036,0.104,F16,F16,research_simulation
20250201,000037,0.824,F16,F16,research_simulation
20250201,000039,0.422,F16,F16,research_simulation
20250201,000042,0.44,F16,F16,research_simulation
20250201,000045,0.514,F16,F16,research_simulation
20250201,000048,0.949,F16,F16,research_simulation
20250201,000049,0.471,F16,F16,research_simulation
20250201,000050,0.772,F16,F16,research_simulation
20250201,000055,0.198,F16,F16,research_simulation
20250201,000056,0.973,F16,F16,research_simulation
20250201,000058,0.193,F16,F16,research_simulation
20250201,000059,0.328,F16,F16,research_simulation
20250201,000060,0.954,F16,F16,research_simulation
20250201,000061,0.807,F16,F16,research_simulation
20250201,000062,0.433,F16,F16,research_simulation
20250201,000063,0.831,F16,F16,research_simulation
20250201,000065,0.355,F16,F16,research_simulation
20250201,000066,0.5,F16,F16,research_simulation
20250201,000068,0.105,F16,F16,research_simulation
20250201,000069,0.039,F16,F16,research_simulation
20250201,000070,0.122,F16,F16,research_simulation
20250201,000078,0.035,F16,F16,research_simulation
20250201,000088,0.31,F16,F16,research_simulation
20250201,000089,0.486,F16,F16,research_simulation
20250201,000090,0.299,F16,F16,research_simulation
20250201,000096,0.519,F16,F16,research_simulation
20250201,000099,0.559,F16,F16,research_simulation
20250201,000100,0.214,F16,F16,research_simulation
20250201,000151,0.772,F16,F16,research_simulation
20250201,000153,0.753,F16,F16,research_simulation
20250201,000155,0.843,F16,F16,research_simulation
20250201,000156,0.695,F16,F16,research_simulation
20250201,000157,0.297,F16,F16,research_simulation
20250201,000158,0.866,F16,F16,research_simulation
20250201,000159,0.242,F16,F16,research_simulation
20250201,000166,0.134,F16,F16,research_simulation
20250201,000301,0.774,F16,F16,research_simulation
20250201,000333,0.053,F16,F16,research_simulation
20250201,000338,0.29,F16,F16,research_simulation
20250201,000400,0.385,F16,F16,research_simulation
20250201,000401,0.022,F16,F16,research_simulation
20250201,000402,0.816,F16,F16,research_simulation
20250201,000403,0.244,F16,F16,research_simulation
20250201,000404,0.048,F16,F16,research_simulation
20250201,000407,0.101,F16,F16,research_simulation
20250201,000408,0.295,F16,F16,research_simulation
20250201,000409,0.545,F16,F16,research_simulation
20250201,000410,0.911,F16,F16,research_simulation
20250201,000411,0.566,F16,F16,research_simulation
20250201,000415,0.13,F16,F16,research_simulation
20250201,000417,0.896,F16,F16,research_simulation
20250201,000419,0.689,F16,F16,research_simulation
20250201,000420,0.389,F16,F16,research_simulation
20250201,000421,0.257,F16,F16,research_simulation
20250201,000422,0.416,F16,F16,research_simulation
20250201,000423,0.058,F16,F16,research_simulation
20250201,000425,0.46,F16,F16,research_simulation
20250201,000426,0.032,F16,F16,research_simulation
20250201,000428,0.422,F16,F16,research_simulation
20250201,000429,0.47,F16,F16,research_simulation
20250201,000430,0.57,F16,F16,research_simulation
20250201,000488,0.272,F16,F16,research_simulation
20250201,000498,0.743,F16,F16,research_simulation
20250201,000501,0.404,F16,F16,research_simulation
20250201,000503,0.762,F16,F16,research_simulation
20250201,000504,0.227,F16,F16,research_simulation
20250201,000505,0.724,F16,F16,research_simulation
20250201,000506,0.242,F16,F16,research_simulation
20250201,000507,0.684,F16,F16,research_simulation
20250201,000509,0.197,F16,F16,research_simulation
20250201,000510,0.881,F16,F16,research_simulation
20250201,000513,0.517,F16,F16,research_simulation
20250201,000514,0.219,F16,F16,research_simulation
20250201,000516,0.504,F16,F16,research_simulation
20250501,000001,0.474,F16,F16,research_simulation
20250501,000002,0.412,F16,F16,research_simulation
20250501,000004,0.158,F16,F16,research_simulation
20250501,000006,0.877,F16,F16,research_simulation
20250501,000007,0.453,F16,F16,research_simulation
20250501,000008,0.831,F16,F16,research_simulation
20250501,000009,0.889,F16,F16,research_simulation
20250501,000010,0.081,F16,F16,research_simulation
20250501,000011,0.482,F16,F16,research_simulation
20250501,000012,0.589,F16,F16,research_simulation
20250501,000014,0.618,F16,F16,research_simulation
20250501,000016,0.914,F16,F16,research_simulation
20250501,000017,0.15,F16,F16,research_simulation
20250501,000019,0.402,F16,F16,research_simulation
20250501,000020,0.889,F16,F16,research_simulation
20250501,000021,0.368,F16,F16,research_simulation
20250501,000025,0.133,F16,F16,research_simulation
20250501,000026,0.163,F16,F16,research_simulation
20250501,000027,0.555,F16,F16,research_simulation
20250501,000028,0.168,F16,F16,research_simulation
20250501,000029,0.319,F16,F16,research_simulation
20250501,000030,0.416,F16,F16,research_simulation
20250501,000031,0.263,F16,F16,research_simulation
20250501,000032,0.657,F16,F16,research_simulation
20250501,000034,0.821,F16,F16,research_simulation
20250501,000035,0.581,F16,F16,research_simulation
20250501,000036,0.367,F16,F16,research_simulation
20250501,000037,0.045,F16,F16,research_simulation
20250501,000039,0.68,F16,F16,research_simulation
20250501,000042,0.116,F16,F16,research_simulation
20250501,000045,0.864,F16,F16,research_simulation
20250501,000048,0.679,F16,F16,research_simulation
20250501,000049,0.547,F16,F16,research_simulation
20250501,000050,0.42,F16,F16,research_simulation
20250501,000055,0.932,F16,F16,research_simulation
20250501,000056,0.773,F16,F16,research_simulation
20250501,000058,0.926,F16,F16,research_simulation
20250501,000059,0.134,F16,F16,research_simulation
20250501,000060,0.755,F16,F16,research_simulation
20250501,000061,0.9,F16,F16,research_simulation
20250501,000062,0.23,F16,F16,research_simulation
20250501,000063,0.499,F16,F16,research_simulation
20250501,000065,0.426,F16,F16,research_simulation
20250501,000066,0.905,F16,F16,research_simulation
20250501,000068,0.422,F16,F16,research_simulation
20250501,000069,0.002,F16,F16,research_simulation
20250501,000070,0.259,F16,F16,research_simulation
20250501,000078,0.547,F16,F16,research_simulation
20250501,000088,0.267,F16,F16,research_simulation
20250501,000089,0.974,F16,F16,research_simulation
20250501,000090,0.757,F16,F16,research_simulation
20250501,000096,0.016,F16,F16,research_simulation
20250501,000099,0.644,F16,F16,research_simulation
20250501,000100,0.311,F16,F16,research_simulation
20250501,000151,0.539,F16,F16,research_simulation
20250501,000153,0.53,F16,F16,research_simulation
20250501,000155,0.38,F16,F16,research_simulation
20250501,000156,0.242,F16,F16,research_simulation
20250501,000157,0.544,F16,F16,research_simulation
20250501,000158,0.71,F16,F16,research_simulation
20250501,000159,0.126,F16,F16,research_simulation
20250501,000166,0.377,F16,F16,research_simulation
20250501,000301,0.43,F16,F16,research_simulation
20250501,000333,0.274,F16,F16,research_simulation
20250501,000338,0.321,F16,F16,research_simulation
20250501,000400,0.599,F16,F16,research_simulation
20250501,000401,0.003,F16,F16,research_simulation
20250501,000402,0.955,F16,F16,research_simulation
20250501,000403,0.141,F16,F16,research_simulation
20250501,000404,0.629,F16,F16,research_simulation
20250501,000407,0.605,F16,F16,research_simulation
20250501,000408,0.519,F16,F16,research_simulation
20250501,000409,0.649,F16,F16,research_simulation
20250501,000410,0.288,F16,F16,research_simulation
20250501,000411,0.627,F16,F16,research_simulation
20250501,000415,0.724,F16,F16,research_simulation
20250501,000417,0.814,F16,F16,research_simulation
20250501,000419,0.006,F16,F16,research_simulation
20250501,000420,0.523,F16,F16,research_simulation
20250501,000421,0.013,F16,F16,research_simulation
20250501,000422,0.868,F16,F16,research_simulation
20250501,000423,0.885,F16,F16,research_simulation
20250501,000425,0.872,F16,F16,research_simulation
20250501,000426,0.74,F16,F16,research_simulation
20250501,000428,0.788,F16,F16,research_simulation
20250501,000429,0.436,F16,F16,research_simulation
20250501,000430,0.185,F16,F16,research_simulation
20250501,000488,0.575,F16,F16,research_simulation
20250501,000498,0.465,F16,F16,research_simulation
20250501,000501,0.936,F16,F16,research_simulation
20250501,000503,0.928,F16,F16,research_simulation
20250501,000504,0.173,F16,F16,research_simulation
20250501,000505,0.687,F16,F16,research_simulation
20250501,000506,0.48,F16,F16,research_simulation
20250501,000507,0.952,F16,F16,research_simulation
20250501,000509,0.143,F16,F16,research_simulation
20250501,000510,0.946,F16,F16,research_simulation
20250501,000513,0.184,F16,F16,research_simulation
20250501,000514,0.245,F16,F16,research_simulation
20250501,000516,0.453,F16,F16,research_simulation
20250601,000001,0.736,F16,F16,research_simulation
20250601,000002,0.255,F16,F16,research_simulation
20250601,000004,0.759,F16,F16,research_simulation
20250601,000006,0.807,F16,F16,research_simulation
20250601,000007,0.721,F16,F16,research_simulation
20250601,000008,0.371,F16,F16,research_simulation
20250601,000009,0.388,F16,F16,research_simulation
20250601,000010,0.547,F16,F16,research_simulation
20250601,000011,0.914,F16,F16,research_simulation
20250601,000012,0.289,F16,F16,research_simulation
20250601,000014,0.158,F16,F16,research_simulation
20250601,000016,0.168,F16,F16,research_simulation
20250601,000017,0.937,F16,F16,research_simulation
20250601,000019,0.537,F16,F16,research_simulation
20250601,000020,0.578,F16,F16,research_simulation
20250601,000021,0.731,F16,F16,research_simulation
20250601,000025,0.216,F16,F16,research_simulation
20250601,000026,0.679,F16,F16,research_simulation
20250601,000027,0.832,F16,F16,research_simulation
20250601,000028,0.645,F16,F16,research_simulation
20250601,000029,0.582,F16,F16,research_simulation
20250601,000030,0.239,F16,F16,research_simulation
20250601,000031,0.967,F16,F16,research_simulation
20250601,000032,0.204,F16,F16,research_simulation
20250601,000034,0.021,F16,F16,research_simulation
20250601,000035,0.758,F16,F16,research_simulation
20250601,000036,0.281,F16,F16,research_simulation
20250601,000037,0.641,F16,F16,research_simulation
20250601,000039,0.356,F16,F16,research_simulation
20250601,000042,0.888,F16,F16,research_simulation
20250601,000045,0.874,F16,F16,research_simulation
20250601,000048,0.065,F16,F16,research_simulation
20250601,000049,0.913,F16,F16,research_simulation
20250601,000050,0.199,F16,F16,research_simulation
20250601,000055,0.929,F16,F16,research_simulation
20250601,000056,0.411,F16,F16,research_simulation
20250601,000058,0.461,F16,F16,research_simulation
20250601,000059,0.01,F16,F16,research_simulation
20250601,000060,0.905,F16,F16,research_simulation
20250601,000061,0.648,F16,F16,research_simulation
20250601,000062,0.576,F16,F16,research_simulation
20250601,000063,0.106,F16,F16,research_simulation
20250601,000065,0.903,F16,F16,research_simulation
20250601,000066,0.371,F16,F16,research_simulation
20250601,000068,0.276,F16,F16,research_simulation
20250601,000069,0.702,F16,F16,research_simulation
20250601,000070,0.286,F16,F16,research_simulation
20250601,000078,0.785,F16,F16,research_simulation
20250601,000088,0.859,F16,F16,research_simulation
20250601,000089,0.114,F16,F16,research_simulation
20250601,000090,0.13,F16,F16,research_simulation
20250601,000096,0.326,F16,F16,research_simulation
20250601,000099,0.559,F16,F16,research_simulation
20250601,000100,0.304,F16,F16,research_simulation
20250601,000151,0.441,F16,F16,research_simulation
20250601,000153,0.338,F16,F16,research_simulation
20250601,000155,0.938,F16,F16,research_simulation
20250601,000156,0.399,F16,F16,research_simulation
20250601,000157,0.599,F16,F16,research_simulation
20250601,000158,0.786,F16,F16,research_simulation
20250601,000159,0.299,F16,F16,research_simulation
20250601,000166,0.105,F16,F16,research_simulation
20250601,000301,0.234,F16,F16,research_simulation
20250601,000333,0.932,F16,F16,research_simulation
20250601,000338,0.618,F16,F16,research_simulation
20250601,000400,0.34,F16,F16,research_simulation
20250601,000401,0.386,F16,F16,research_simulation
20250601,000402,0.525,F16,F16,research_simulation
20250601,000403,0.599,F16,F16,research_simulation
20250601,000404,0.367,F16,F16,research_simulation
20250601,000407,0.28,F16,F16,research_simulation
20250601,000408,0.741,F16,F16,research_simulation
20250601,000409,0.226,F16,F16,research_simulation
20250601,000410,0.319,F16,F16,research_simulation
20250601,000411,0.62,F16,F16,research_simulation
20250601,000415,0.78,F16,F16,research_simulation
20250601,000417,0.766,F16,F16,research_simulation
20250601,000419,0.376,F16,F16,research_simulation
20250601,000420,0.946,F16,F16,research_simulation
20250601,000421,0.106,F16,F16,research_simulation
20250601,000422,0.513,F16,F16,research_simulation
20250601,000423,0.695,F16,F16,research_simulation
20250601,000425,0.318,F16,F16,research_simulation
20250601,000426,0.717,F16,F16,research_simulation
20250601,000428,0.863,F16,F16,research_simulation
20250601,000429,0.793,F16,F16,research_simulation
20250601,000430,0.712,F16,F16,research_simulation
20250601,000488,0.673,F16,F16,research_simulation
20250601,000498,0.36,F16,F16,research_simulation
20250601,000501,0.782,F16,F16,research_simulation
20250601,000503,0.085,F16,F16,research_simulation
20250601,000504,0.232,F16,F16,research_simulation
20250601,000505,0.894,F16,F16,research_simulation
20250601,000506,0.703,F16,F16,research_simulation
20250601,000507,0.717,F16,F16,research_simulation
20250601,000509,0.031,F16,F16,research_simulation
20250601,000510,0.8,F16,F16,research_simulation
20250601,000513,0.768,F16,F16,research_simulation
20250601,000514,0.411,F16,F16,research_simulation
20250601,000516,0.779,F16,F16,research_simulation
20250701,000001,0.945,F16,F16,research_simulation
20250701,000002,0.454,F16,F16,research_simulation
20250701,000004,0.38,F16,F16,research_simulation
20250701,000006,0.831,F16,F16,research_simulation
20250701,000007,0.18,F16,F16,research_simulation
20250701,000008,0.414,F16,F16,research_simulation
20250701,000009,0.332,F16,F16,research_simulation
20250701,000010,0.287,F16,F16,research_simulation
20250701,000011,0.618,F16,F16,research_simulation
20250701,000012,0.578,F16,F16,research_simulation
20250701,000014,0.732,F16,F16,research_simulation
20250701,000016,0.308,F16,F16,research_simulation
20250701,000017,0.579,F16,F16,research_simulation
20250701,000019,0.754,F16,F16,research_simulation
20250701,000020,0.752,F16,F16,research_simulation
20250701,000021,0.312,F16,F16,research_simulation
20250701,000025,0.852,F16,F16,research_simulation
20250701,000026,0.566,F16,F16,research_simulation
20250701,000027,0.911,F16,F16,research_simulation
20250701,000028,0.699,F16,F16,research_simulation
20250701,000029,0.179,F16,F16,research_simulation
20250701,000030,0.145,F16,F16,research_simulation
20250701,000031,0.957,F16,F16,research_simulation
20250701,000032,0.937,F16,F16,research_simulation
20250701,000034,0.551,F16,F16,research_simulation
20250701,000035,0.312,F16,F16,research_simulation
20250701,000036,0.622,F16,F16,research_simulation
20250701,000037,0.214,F16,F16,research_simulation
20250701,000039,0.176,F16,F16,research_simulation
20250701,000042,0.484,F16,F16,research_simulation
20250701,000045,0.634,F16,F16,research_simulation
20250701,000048,0.44,F16,F16,research_simulation
20250701,000049,0.674,F16,F16,research_simulation
20250701,000050,0.749,F16,F16,research_simulation
20250701,000055,0.444,F16,F16,research_simulation
20250701,000056,0.221,F16,F16,research_simulation
20250701,000058,0.154,F16,F16,research_simulation
20250701,000059,0.203,F16,F16,research_simulation
20250701,000060,0.168,F16,F16,research_simulation
20250701,000061,0.622,F16,F16,research_simulation
20250701,000062,0.171,F16,F16,research_simulation
20250701,000063,0.428,F16,F16,research_simulation
20250701,000065,0.042,F16,F16,research_simulation
20250701,000066,0.166,F16,F16,research_simulation
20250701,000068,0.83,F16,F16,research_simulation
20250701,000069,0.983,F16,F16,research_simulation
20250701,000070,0.609,F16,F16,research_simulation
20250701,000078,0.434,F16,F16,research_simulation
20250701,000088,0.252,F16,F16,research_simulation
20250701,000089,0.913,F16,F16,research_simulation
20250701,000090,0.89,F16,F16,research_simulation
20250701,000096,0.587,F16,F16,research_simulation
20250701,000099,0.993,F16,F16,research_simulation
20250701,000100,0.736,F16,F16,research_simulation
20250701,000151,0.748,F16,F16,research_simulation
20250701,000153,0.773,F16,F16,research_simulation
20250701,000155,0.609,F16,F16,research_simulation
20250701,000156,0.605,F16,F16,research_simulation
20250701,000157,0.866,F16,F16,research_simulation
20250701,000158,0.016,F16,F16,research_simulation
20250701,000159,0.711,F16,F16,research_simulation
20250701,000166,0.408,F16,F16,research_simulation
20250701,000301,0.026,F16,F16,research_simulation
20250701,000333,0.397,F16,F16,research_simulation
20250701,000338,0.867,F16,F16,research_simulation
20250701,000400,0.06,F16,F16,research_simulation
20250701,000401,0.022,F16,F16,research_simulation
20250701,000402,0.892,F16,F16,research_simulation
20250701,000403,0.536,F16,F16,research_simulation
20250701,000404,0.999,F16,F16,research_simulation
20250701,000407,0.951,F16,F16,research_simulation
20250701,000408,0.319,F16,F16,research_simulation
20250701,000409,0.019,F16,F16,research_simulation
20250701,000410,0.537,F16,F16,research_simulation
20250701,000411,0.781,F16,F16,research_simulation
20250701,000415,0.872,F16,F16,research_simulation
20250701,000417,0.595,F16,F16,research_simulation
20250701,000419,0.315,F16,F16,research_simulation
20250701,000420,0.543,F16,F16,research_simulation
20250701,000421,0.067,F16,F16,research_simulation
20250701,000422,0.17,F16,F16,research_simulation
20250701,000423,0.653,F16,F16,research_simulation
20250701,000425,0.188,F16,F16,research_simulation
20250701,000426,0.341,F16,F16,research_simulation
20250701,000428,0.882,F16,F16,research_simulation
20250701,000429,0.894,F16,F16,research_simulation
20250701,000430,0.322,F16,F16,research_simulation
20250701,000488,0.522,F16,F16,research_simulation
20250701,000498,0.534,F16,F16,research_simulation
20250701,000501,0.123,F16,F16,research_simulation
20250701,000503,0.484,F16,F16,research_simulation
20250701,000504,0.058,F16,F16,research_simulation
20250701,000505,0.782,F16,F16,research_simulation
20250701,000506,0.023,F16,F16,research_simulation
20250701,000507,0.984,F16,F16,research_simulation
20250701,000509,0.366,F16,F16,research_simulation
20250701,000510,0.336,F16,F16,research_simulation
20250701,000513,0.001,F16,F16,research_simulation
20250701,000514,0.451,F16,F16,research_simulation
20250701,000516,0.506,F16,F16,research_simulation
20251001,000001,0.286,F16,F16,research_simulation
20251001,000002,0.479,F16,F16,research_simulation
20251001,000004,0.667,F16,F16,research_simulation
20251001,000006,0.759,F16,F16,research_simulation
20251001,000007,0.136,F16,F16,research_simulation
20251001,000008,0.174,F16,F16,research_simulation
20251001,000009,0.118,F16,F16,research_simulation
20251001,000010,0.421,F16,F16,research_simulation
20251001,000011,0.187,F16,F16,research_simulation
20251001,000012,0.123,F16,F16,research_simulation
20251001,000014,0.578,F16,F16,research_simulation
20251001,000016,0.299,F16,F16,research_simulation
20251001,000017,0.25,F16,F16,research_simulation
20251001,000019,0.599,F16,F16,research_simulation
20251001,000020,0.504,F16,F16,research_simulation
20251001,000021,0.11,F16,F16,research_simulation
20251001,000025,0.652,F16,F16,research_simulation
20251001,000026,0.855,F16,F16,research_simulation
20251001,000027,0.978,F16,F16,research_simulation
20251001,000028,0.794,F16,F16,research_simulation
20251001,000029,0.382,F16,F16,research_simulation
20251001,000030,0.286,F16,F16,research_simulation
20251001,000031,0.015,F16,F16,research_simulation
20251001,000032,0.051,F16,F16,research_simulation
20251001,000034,0.535,F16,F16,research_simulation
20251001,000035,0.574,F16,F16,research_simulation
20251001,000036,0.351,F16,F16,research_simulation
20251001,000037,0.678,F16,F16,research_simulation
20251001,000039,0.291,F16,F16,research_simulation
20251001,000042,0.512,F16,F16,research_simulation
20251001,000045,0.513,F16,F16,research_simulation
20251001,000048,0.72,F16,F16,research_simulation
20251001,000049,0.615,F16,F16,research_simulation
20251001,000050,0.06,F16,F16,research_simulation
20251001,000055,0.222,F16,F16,research_simulation
20251001,000056,0.504,F16,F16,research_simulation
20251001,000058,0.521,F16,F16,research_simulation
20251001,000059,0.763,F16,F16,research_simulation
20251001,000060,0.937,F16,F16,research_simulation
20251001,000061,0.96,F16,F16,research_simulation
20251001,000062,0.065,F16,F16,research_simulation
20251001,000063,0.625,F16,F16,research_simulation
20251001,000065,0.251,F16,F16,research_simulation
20251001,000066,0.962,F16,F16,research_simulation
20251001,000068,0.184,F16,F16,research_simulation
20251001,000069,0.737,F16,F16,research_simulation
20251001,000070,0.121,F16,F16,research_simulation
20251001,000078,0.234,F16,F16,research_simulation
20251001,000088,0.922,F16,F16,research_simulation
20251001,000089,0.87,F16,F16,research_simulation
20251001,000090,0.739,F16,F16,research_simulation
20251001,000096,0.459,F16,F16,research_simulation
20251001,000099,0.141,F16,F16,research_simulation
20251001,000100,0.208,F16,F16,research_simulation
20251001,000151,0.335,F16,F16,research_simulation
20251001,000153,0.221,F16,F16,research_simulation
20251001,000155,0.114,F16,F16,research_simulation
20251001,000156,0.525,F16,F16,research_simulation
20251001,000157,0.885,F16,F16,research_simulation
20251001,000158,0.095,F16,F16,research_simulation
20251001,000159,0.547,F16,F16,research_simulation
20251001,000166,0.739,F16,F16,research_simulation
20251001,000301,0.145,F16,F16,research_simulation
20251001,000333,0.497,F16,F16,research_simulation
20251001,000338,0.064,F16,F16,research_simulation
20251001,000400,0.792,F16,F16,research_simulation
20251001,000401,0.225,F16,F16,research_simulation
20251001,000402,0.635,F16,F16,research_simulation
20251001,000403,0.318,F16,F16,research_simulation
20251001,000404,0.961,F16,F16,research_simulation
20251001,000407,0.703,F16,F16,research_simulation
20251001,000408,0.3,F16,F16,research_simulation
20251001,000409,0.43,F16,F16,research_simulation
20251001,000410,0.192,F16,F16,research_simulation
20251001,000411,0.841,F16,F16,research_simulation
20251001,000415,0.797,F16,F16,research_simulation
20251001,000417,0.645,F16,F16,research_simulation
20251001,000419,0.278,F16,F16,research_simulation
20251001,000420,0.474,F16,F16,research_simulation
20251001,000421,0.366,F16,F16,research_simulation
20251001,000422,0.456,F16,F16,research_simulation
20251001,000423,0.914,F16,F16,research_simulation
20251001,000425,0.217,F16,F16,research_simulation
20251001,000426,0.113,F16,F16,research_simulation
20251001,000428,0.191,F16,F16,research_simulation
20251001,000429,0.899,F16,F16,research_simulation
20251001,000430,0.163,F16,F16,research_simulation
20251001,000488,0.971,F16,F16,research_simulation
20251001,000498,0.682,F16,F16,research_simulation
20251001,000501,0.282,F16,F16,research_simulation
20251001,000503,0.386,F16,F16,research_simulation
20251001,000504,0.19,F16,F16,research_simulation
20251001,000505,0.779,F16,F16,research_simulation
20251001,000506,0.685,F16,F16,research_simulation
20251001,000507,0.97,F16,F16,research_simulation
20251001,000509,0.18,F16,F16,research_simulation
20251001,000510,0.374,F16,F16,research_simulation
20251001,000513,0.833,F16,F16,research_simulation
20251001,000514,0.041,F16,F16,research_simulation
20251001,000516,0.943,F16,F16,research_simulation
20251101,000001,0.196,F16,F16,research_simulation
20251101,000002,0.176,F16,F16,research_simulation
20251101,000004,0.667,F16,F16,research_simulation
20251101,000006,0.114,F16,F16,research_simulation
20251101,000007,0.933,F16,F16,research_simulation
20251101,000008,0.245,F16,F16,research_simulation
20251101,000009,0.987,F16,F16,research_simulation
20251101,000010,0.36,F16,F16,research_simulation
20251101,000011,0.798,F16,F16,research_simulation
20251101,000012,0.399,F16,F16,research_simulation
20251101,000014,0.142,F16,F16,research_simulation
20251101,000016,0.882,F16,F16,research_simulation
20251101,000017,0.694,F16,F16,research_simulation
20251101,000019,0.642,F16,F16,research_simulation
20251101,000020,0.349,F16,F16,research_simulation
20251101,000021,0.593,F16,F16,research_simulation
20251101,000025,0.008,F16,F16,research_simulation
20251101,000026,0.416,F16,F16,research_simulation
20251101,000027,0.994,F16,F16,research_simulation
20251101,000028,0.908,F16,F16,research_simulation
20251101,000029,0.987,F16,F16,research_simulation
20251101,000030,0.952,F16,F16,research_simulation
20251101,000031,0.676,F16,F16,research_simulation
20251101,000032,0.289,F16,F16,research_simulation
20251101,000034,0.349,F16,F16,research_simulation
20251101,000035,0.237,F16,F16,research_simulation
20251101,000036,0.982,F16,F16,research_simulation
20251101,000037,0.874,F16,F16,research_simulation
20251101,000039,0.094,F16,F16,research_simulation
20251101,000042,0.611,F16,F16,research_simulation
20251101,000045,0.172,F16,F16,research_simulation
20251101,000048,0.808,F16,F16,research_simulation
20251101,000049,0.645,F16,F16,research_simulation
20251101,000050,0.648,F16,F16,research_simulation
20251101,000055,0.519,F16,F16,research_simulation
20251101,000056,0.457,F16,F16,research_simulation
20251101,000058,0.346,F16,F16,research_simulation
20251101,000059,0.194,F16,F16,research_simulation
20251101,000060,0.252,F16,F16,research_simulation
20251101,000061,0.218,F16,F16,research_simulation
20251101,000062,0.25,F16,F16,research_simulation
20251101,000063,0.841,F16,F16,research_simulation
20251101,000065,0.901,F16,F16,research_simulation
20251101,000066,0.218,F16,F16,research_simulation
20251101,000068,0.268,F16,F16,research_simulation
20251101,000069,0.043,F16,F16,research_simulation
20251101,000070,0.241,F16,F16,research_simulation
20251101,000078,0.543,F16,F16,research_simulation
20251101,000088,0.38,F16,F16,research_simulation
20251101,000089,0.872,F16,F16,research_simulation
20251101,000090,0.98,F16,F16,research_simulation
20251101,000096,0.057,F16,F16,research_simulation
20251101,000099,0.409,F16,F16,research_simulation
20251101,000100,0.391,F16,F16,research_simulation
20251101,000151,0.025,F16,F16,research_simulation
20251101,000153,0.649,F16,F16,research_simulation
20251101,000155,0.594,F16,F16,research_simulation
20251101,000156,0.462,F16,F16,research_simulation
20251101,000157,0.562,F16,F16,research_simulation
20251101,000158,0.073,F16,F16,research_simulation
20251101,000159,0.454,F16,F16,research_simulation
20251101,000166,0.387,F16,F16,research_simulation
20251101,000301,0.466,F16,F16,research_simulation
20251101,000333,0.086,F16,F16,research_simulation
20251101,000338,0.127,F16,F16,research_simulation
20251101,000400,0.214,F16,F16,research_simulation
20251101,000401,0.893,F16,F16,research_simulation
20251101,000402,0.771,F16,F16,research_simulation
20251101,000403,0.8,F16,F16,research_simulation
20251101,000404,0.033,F16,F16,research_simulation
20251101,000407,0.156,F16,F16,research_simulation
20251101,000408,0.274,F16,F16,research_simulation
20251101,000409,0.379,F16,F16,research_simulation
20251101,000410,0.726,F16,F16,research_simulation
20251101,000411,0.493,F16,F16,research_simulation
20251101,000415,0.155,F16,F16,research_simulation
20251101,000417,0.821,F16,F16,research_simulation
20251101,000419,0.25,F16,F16,research_simulation
20251101,000420,0.208,F16,F16,research_simulation
20251101,000421,0.846,F16,F16,research_simulation
20251101,000422,0.291,F16,F16,research_simulation
20251101,000423,0.575,F16,F16,research_simulation
20251101,000425,0.729,F16,F16,research_simulation
20251101,000426,0.172,F16,F16,research_simulation
20251101,000428,0.557,F16,F16,research_simulation
20251101,000429,0.974,F16,F16,research_simulation
20251101,000430,0.583,F16,F16,research_simulation
20251101,000488,0.665,F16,F16,research_simulation
20251101,000498,0.4,F16,F16,research_simulation
20251101,000501,0.135,F16,F16,research_simulation
20251101,000503,0.135,F16,F16,research_simulation
20251101,000504,0.045,F16,F16,research_simulation
20251101,000505,0.702,F16,F16,research_simulation
20251101,000506,0.031,F16,F16,research_simulation
20251101,000507,0.383,F16,F16,research_simulation
20251101,000509,0.57,F16,F16,research_simulation
20251101,000510,0.585,F16,F16,research_simulation
20251101,000513,0.517,F16,F16,research_simulation
20251101,000514,0.947,F16,F16,research_simulation
20251101,000516,0.57,F16,F16,research_simulation
20251201,000001,0.595,F16,F16,research_simulation
20251201,000002,0.951,F16,F16,research_simulation
20251201,000004,0.956,F16,F16,research_simulation
20251201,000006,0.574,F16,F16,research_simulation
20251201,000007,0.312,F16,F16,research_simulation
20251201,000008,0.484,F16,F16,research_simulation
20251201,000009,0.984,F16,F16,research_simulation
20251201,000010,0.214,F16,F16,research_simulation
20251201,000011,0.367,F16,F16,research_simulation
20251201,000012,0.46,F16,F16,research_simulation
20251201,000014,0.859,F16,F16,research_simulation
20251201,000016,0.92,F16,F16,research_simulation
20251201,000017,0.224,F16,F16,research_simulation
20251201,000019,0.507,F16,F16,research_simulation
20251201,000020,0.851,F16,F16,research_simulation
20251201,000021,0.059,F16,F16,research_simulation
20251201,000025,0.292,F16,F16,research_simulation
20251201,000026,0.121,F16,F16,research_simulation
20251201,000027,0.688,F16,F16,research_simulation
20251201,000028,0.907,F16,F16,research_simulation
20251201,000029,0.46,F16,F16,research_simulation
20251201,000030,0.665,F16,F16,research_simulation
20251201,000031,0.465,F16,F16,research_simulation
20251201,000032,0.952,F16,F16,research_simulation
20251201,000034,0.825,F16,F16,research_simulation
20251201,000035,0.361,F16,F16,research_simulation
20251201,000036,0.543,F16,F16,research_simulation
20251201,000037,0.369,F16,F16,research_simulation
20251201,000039,0.104,F16,F16,research_simulation
20251201,000042,0.52,F16,F16,research_simulation
20251201,000045,0.877,F16,F16,research_simulation
20251201,000048,0.035,F16,F16,research_simulation
20251201,000049,0.991,F16,F16,research_simulation
20251201,000050,0.979,F16,F16,research_simulation
20251201,000055,0.795,F16,F16,research_simulation
20251201,000056,0.284,F16,F16,research_simulation
20251201,000058,0.953,F16,F16,research_simulation
20251201,000059,0.898,F16,F16,research_simulation
20251201,000060,0.286,F16,F16,research_simulation
20251201,000061,0.411,F16,F16,research_simulation
20251201,000062,0.562,F16,F16,research_simulation
20251201,000063,0.038,F16,F16,research_simulation
20251201,000065,0.731,F16,F16,research_simulation
20251201,000066,0.739,F16,F16,research_simulation
20251201,000068,0.82,F16,F16,research_simulation
20251201,000069,0.642,F16,F16,research_simulation
20251201,000070,0.499,F16,F16,research_simulation
20251201,000078,0.894,F16,F16,research_simulation
20251201,000088,0.964,F16,F16,research_simulation
20251201,000089,0.301,F16,F16,research_simulation
20251201,000090,0.874,F16,F16,research_simulation
20251201,000096,0.48,F16,F16,research_simulation
20251201,000099,0.924,F16,F16,research_simulation
20251201,000100,0.218,F16,F16,research_simulation
20251201,000151,0.664,F16,F16,research_simulation
20251201,000153,0.01,F16,F16,research_simulation
20251201,000155,0.385,F16,F16,research_simulation
20251201,000156,0.561,F16,F16,research_simulation
20251201,000157,0.857,F16,F16,research_simulation
20251201,000158,0.355,F16,F16,research_simulation
20251201,000159,0.4,F16,F16,research_simulation
20251201,000166,0.371,F16,F16,research_simulation
20251201,000301,0.434,F16,F16,research_simulation
20251201,000333,0.399,F16,F16,research_simulation
20251201,000338,0.71,F16,F16,research_simulation
20251201,000400,0.017,F16,F16,research_simulation
20251201,000401,0.857,F16,F16,research_simulation
20251201,000402,0.664,F16,F16,research_simulation
20251201,000403,0.504,F16,F16,research_simulation
20251201,000404,0.865,F16,F16,research_simulation
20251201,000407,0.547,F16,F16,research_simulation
20251201,000408,0.732,F16,F16,research_simulation
20251201,000409,0.07,F16,F16,research_simulation
20251201,000410,0.996,F16,F16,research_simulation
20251201,000411,0.093,F16,F16,research_simulation
20251201,000415,0.73,F16,F16,research_simulation
20251201,000417,0.117,F16,F16,research_simulation
20251201,000419,0.119,F16,F16,research_simulation
20251201,000420,0.951,F16,F16,research_simulation
20251201,000421,0.423,F16,F16,research_simulation
20251201,000422,0.295,F16,F16,research_simulation
20251201,000423,0.805,F16,F16,research_simulation
20251201,000425,0.029,F16,F16,research_simulation
20251201,000426,0.832,F16,F16,research_simulation
20251201,000428,0.475,F16,F16,research_simulation
20251201,000429,0.61,F16,F16,research_simulation
20251201,000430,0.039,F16,F16,research_simulation
20251201,000488,0.499,F16,F16,research_simulation
20251201,000498,0.28,F16,F16,research_simulation
20251201,000501,0.419,F16,F16,research_simulation
20251201,000503,0.801,F16,F16,research_simulation
20251201,000504,0.714,F16,F16,research_simulation
20251201,000505,0.533,F16,F16,research_simulation
20251201,000506,0.858,F16,F16,research_simulation
20251201,000507,0.816,F16,F16,research_simulation
20251201,000509,0.123,F16,F16,research_simulation
20251201,000510,0.667,F16,F16,research_simulation
20251201,000513,0.026,F16,F16,research_simulation
20251201,000514,0.806,F16,F16,research_simulation
20251201,000516,0.788,F16,F16,research_simulation
20260401,000001,0.427,F16,F16,research_simulation
20260401,000002,0.183,F16,F16,research_simulation
20260401,000004,0.567,F16,F16,research_simulation
20260401,000006,0.57,F16,F16,research_simulation
20260401,000007,0.755,F16,F16,research_simulation
20260401,000008,0.878,F16,F16,research_simulation
20260401,000009,0.456,F16,F16,research_simulation
20260401,000010,0.031,F16,F16,research_simulation
20260401,000011,0.309,F16,F16,research_simulation
20260401,000012,0.96,F16,F16,research_simulation
20260401,000014,0.35,F16,F16,research_simulation
20260401,000016,0.931,F16,F16,research_simulation
20260401,000017,0.896,F16,F16,research_simulation
20260401,000019,0.57,F16,F16,research_simulation
20260401,000020,0.867,F16,F16,research_simulation
20260401,000021,0.007,F16,F16,research_simulation
20260401,000025,0.279,F16,F16,research_simulation
20260401,000026,0.906,F16,F16,research_simulation
20260401,000027,0.221,F16,F16,research_simulation
20260401,000028,0.934,F16,F16,research_simulation
20260401,000029,0.359,F16,F16,research_simulation
20260401,000030,0.633,F16,F16,research_simulation
20260401,000031,0.346,F16,F16,research_simulation
20260401,000032,0.683,F16,F16,research_simulation
20260401,000034,0.133,F16,F16,research_simulation
20260401,000035,0.891,F16,F16,research_simulation
20260401,000036,0.835,F16,F16,research_simulation
20260401,000037,0.829,F16,F16,research_simulation
20260401,000039,0.049,F16,F16,research_simulation
20260401,000042,0.196,F16,F16,research_simulation
20260401,000045,0.794,F16,F16,research_simulation
20260401,000048,0.375,F16,F16,research_simulation
20260401,000049,0.988,F16,F16,research_simulation
20260401,000050,0.574,F16,F16,research_simulation
20260401,000055,0.4,F16,F16,research_simulation
20260401,000056,0.799,F16,F16,research_simulation
20260401,000058,0.147,F16,F16,research_simulation
20260401,000059,0.209,F16,F16,research_simulation
20260401,000060,0.314,F16,F16,research_simulation
20260401,000061,0.316,F16,F16,research_simulation
20260401,000062,0.439,F16,F16,research_simulation
20260401,000063,0.983,F16,F16,research_simulation
20260401,000065,0.526,F16,F16,research_simulation
20260401,000066,0.262,F16,F16,research_simulation
20260401,000068,0.147,F16,F16,research_simulation
20260401,000069,0.36,F16,F16,research_simulation
20260401,000070,0.127,F16,F16,research_simulation
20260401,000078,0.902,F16,F16,research_simulation
20260401,000088,0.053,F16,F16,research_simulation
20260401,000089,0.005,F16,F16,research_simulation
20260401,000090,0.676,F16,F16,research_simulation
20260401,000096,0.138,F16,F16,research_simulation
20260401,000099,0.022,F16,F16,research_simulation
20260401,000100,0.614,F16,F16,research_simulation
20260401,000151,0.505,F16,F16,research_simulation
20260401,000153,0.934,F16,F16,research_simulation
20260401,000155,0.447,F16,F16,research_simulation
20260401,000156,0.278,F16,F16,research_simulation
20260401,000157,0.15,F16,F16,research_simulation
20260401,000158,0.371,F16,F16,research_simulation
20260401,000159,0.347,F16,F16,research_simulation
20260401,000166,0.866,F16,F16,research_simulation
20260401,000301,0.338,F16,F16,research_simulation
20260401,000333,0.497,F16,F16,research_simulation
20260401,000338,0.276,F16,F16,research_simulation
20260401,000400,0.279,F16,F16,research_simulation
20260401,000401,0.234,F16,F16,research_simulation
20260401,000402,0.178,F16,F16,research_simulation
20260401,000403,0.011,F16,F16,research_simulation
20260401,000404,0.853,F16,F16,research_simulation
20260401,000407,0.147,F16,F16,research_simulation
20260401,000408,0.168,F16,F16,research_simulation
20260401,000409,0.831,F16,F16,research_simulation
20260401,000410,0.28,F16,F16,research_simulation
20260401,000411,0.118,F16,F16,research_simulation
20260401,000415,0.575,F16,F16,research_simulation
20260401,000417,0.091,F16,F16,research_simulation
20260401,000419,0.515,F16,F16,research_simulation
20260401,000420,0.719,F16,F16,research_simulation
20260401,000421,0.302,F16,F16,research_simulation
20260401,000422,0.488,F16,F16,research_simulation
20260401,000423,0.413,F16,F16,research_simulation
20260401,000425,0.325,F16,F16,research_simulation
20260401,000426,0.788,F16,F16,research_simulation
20260401,000428,0.652,F16,F16,research_simulation
20260401,000429,0.153,F16,F16,research_simulation
20260401,000430,0.174,F16,F16,research_simulation
20260401,000488,0.508,F16,F16,research_simulation
20260401,000498,0.889,F16,F16,research_simulation
20260401,000501,0.429,F16,F16,research_simulation
20260401,000503,0.964,F16,F16,research_simulation
20260401,000504,0.298,F16,F16,research_simulation
20260401,000505,0.031,F16,F16,research_simulation
20260401,000506,0.124,F16,F16,research_simulation
20260401,000507,0.862,F16,F16,research_simulation
20260401,000509,0.43,F16,F16,research_simulation
20260401,000510,0.532,F16,F16,research_simulation
20260401,000513,0.891,F16,F16,research_simulation
20260401,000514,0.596,F16,F16,research_simulation
20260401,000516,0.166,F16,F16,research_simulation
20260501,000001,0.675,F16,F16,research_simulation
20260501,000002,0.862,F16,F16,research_simulation
20260501,000004,0.582,F16,F16,research_simulation
20260501,000006,0.787,F16,F16,research_simulation
20260501,000007,0.449,F16,F16,research_simulation
20260501,000008,0.433,F16,F16,research_simulation
20260501,000009,0.093,F16,F16,research_simulation
20260501,000010,0.241,F16,F16,research_simulation
20260501,000011,0.653,F16,F16,research_simulation
20260501,000012,0.833,F16,F16,research_simulation
20260501,000014,0.88,F16,F16,research_simulation
20260501,000016,0.19,F16,F16,research_simulation
20260501,000017,0.936,F16,F16,research_simulation
20260501,000019,0.835,F16,F16,research_simulation
20260501,000020,0.011,F16,F16,research_simulation
20260501,000021,0.26,F16,F16,research_simulation
20260501,000025,0.343,F16,F16,research_simulation
20260501,000026,0.776,F16,F16,research_simulation
20260501,000027,0.772,F16,F16,research_simulation
20260501,000028,0.799,F16,F16,research_simulation
20260501,000029,0.955,F16,F16,research_simulation
20260501,000030,0.619,F16,F16,research_simulation
20260501,000031,0.324,F16,F16,research_simulation
20260501,000032,0.61,F16,F16,research_simulation
20260501,000034,0.104,F16,F16,research_simulation
20260501,000035,0.103,F16,F16,research_simulation
20260501,000036,0.776,F16,F16,research_simulation
20260501,000037,0.337,F16,F16,research_simulation
20260501,000039,0.493,F16,F16,research_simulation
20260501,000042,0.247,F16,F16,research_simulation
20260501,000045,0.209,F16,F16,research_simulation
20260501,000048,0.39,F16,F16,research_simulation
20260501,000049,0.312,F16,F16,research_simulation
20260501,000050,0.974,F16,F16,research_simulation
20260501,000055,0.633,F16,F16,research_simulation
20260501,000056,0.116,F16,F16,research_simulation
20260501,000058,0.273,F16,F16,research_simulation
20260501,000059,0.003,F16,F16,research_simulation
20260501,000060,0.697,F16,F16,research_simulation
20260501,000061,0.97,F16,F16,research_simulation
20260501,000062,0.427,F16,F16,research_simulation
20260501,000063,0.033,F16,F16,research_simulation
20260501,000065,0.237,F16,F16,research_simulation
20260501,000066,0.671,F16,F16,research_simulation
20260501,000068,0.215,F16,F16,research_simulation
20260501,000069,0.795,F16,F16,research_simulation
20260501,000070,0.075,F16,F16,research_simulation
20260501,000078,0.351,F16,F16,research_simulation
20260501,000088,0.686,F16,F16,research_simulation
20260501,000089,0.945,F16,F16,research_simulation
20260501,000090,0.264,F16,F16,research_simulation
20260501,000096,0.804,F16,F16,research_simulation
20260501,000099,0.5,F16,F16,research_simulation
20260501,000100,0.01,F16,F16,research_simulation
20260501,000151,0.805,F16,F16,research_simulation
20260501,000153,0.121,F16,F16,research_simulation
20260501,000155,0.582,F16,F16,research_simulation
20260501,000156,0.323,F16,F16,research_simulation
20260501,000157,0.193,F16,F16,research_simulation
20260501,000158,0.27,F16,F16,research_simulation
20260501,000159,0.973,F16,F16,research_simulation
20260501,000166,0.36,F16,F16,research_simulation
20260501,000301,0.077,F16,F16,research_simulation
20260501,000333,0.508,F16,F16,research_simulation
20260501,000338,0.301,F16,F16,research_simulation
20260501,000400,0.852,F16,F16,research_simulation
20260501,000401,0.955,F16,F16,research_simulation
20260501,000402,0.431,F16,F16,research_simulation
20260501,000403,0.27,F16,F16,research_simulation
20260501,000404,0.6,F16,F16,research_simulation
20260501,000407,0.482,F16,F16,research_simulation
20260501,000408,0.235,F16,F16,research_simulation
20260501,000409,0.481,F16,F16,research_simulation
20260501,000410,0.733,F16,F16,research_simulation
20260501,000411,0.412,F16,F16,research_simulation
20260501,000415,0.818,F16,F16,research_simulation
20260501,000417,0.596,F16,F16,research_simulation
20260501,000419,0.78,F16,F16,research_simulation
20260501,000420,0.395,F16,F16,research_simulation
20260501,000421,0.159,F16,F16,research_simulation
20260501,000422,0.034,F16,F16,research_simulation
20260501,000423,0.263,F16,F16,research_simulation
20260501,000425,0.836,F16,F16,research_simulation
20260501,000426,0.409,F16,F16,research_simulation
20260501,000428,0.98,F16,F16,research_simulation
20260501,000429,0.559,F16,F16,research_simulation
20260501,000430,0.57,F16,F16,research_simulation
20260501,000488,0.957,F16,F16,research_simulation
20260501,000498,0.536,F16,F16,research_simulation
20260501,000501,0.994,F16,F16,research_simulation
20260501,000503,0.106,F16,F16,research_simulation
20260501,000504,0.245,F16,F16,research_simulation
20260501,000505,0.336,F16,F16,research_simulation
20260501,000506,0.503,F16,F16,research_simulation
20260501,000507,0.993,F16,F16,research_simulation
20260501,000509,0.904,F16,F16,research_simulation
20260501,000510,0.475,F16,F16,research_simulation
20260501,000513,0.361,F16,F16,research_simulation
20260501,000514,0.953,F16,F16,research_simulation
20260501,000516,0.305,F16,F16,research_simulation
